placar_casa,placar_visitante,data,round,stage,ano,equipe_casa,equipe_visitante,resultado,Pts_casa,3P_casa,2P_casa,LL_casa,RT_casa,RO_casa,RD_casa,AS_casa,ER_casa,IA%_casa,3PC_casa,3PT_casa,3P%_casa,2PC_casa,2PT_casa,2P%_casa,LLC_casa,LLT_casa,LL%_casa,EN_casa,BR_casa,B/E_casa,TO_casa,FC_casa,T/FC_casa,ET_casa,VI_casa,EF_casa,Pts_visitante,3P_visitante,2P_visitante,LL_visitante,RT_visitante,RO_visitante,RD_visitante,AS_visitante,ER_visitante,IA%_visitante,3PC_visitante,3PT_visitante,3P%_visitante,2PC_visitante,2PT_visitante,2P%_visitante,LLC_visitante,LLT_visitante,LL%_visitante,EN_visitante,BR_visitante,B/E_visitante,TO_visitante,FC_visitante,T/FC_visitante,ET_visitante,VI_visitante,EF_visitante
92,95,2001-10-31,1,1,2001-02,Boston Celtics,New Jersey Nets,0,0.0,0.0,0.0,0.0,0.0,0.0,0.0,0.0,0.0,0.0,0.0,0.0,0.0,0.0,0.0,0.0,0.0,0.0,0.0,0.0,0.0,0.0,0.0,0.0,0.0,0.0,0.0,0.0,0.0,0.0,0.0,0.0,0.0,0.0,0.0,0.0,0.0,0.0,0.0,0.0,0.0,0.0,0.0,0.0,0.0,0.0,0.0,0.0,0.0,0.0,0.0,0.0,0.0,0.0,0.0,0.0
98,92,2001-11-01,1,1,2001-02,Houston Rockets,Los Angeles Clippers,1,0.0,0.0,0.0,0.0,0.0,0.0,0.0,0.0,0.0,0.0,0.0,0.0,0.0,0.0,0.0,0.0,0.0,0.0,0.0,0.0,0.0,0.0,0.0,0.0,0.0,0.0,0.0,0.0,0.0,0.0,0.0,0.0,0.0,0.0,0.0,0.0,0.0,0.0,0.0,0.0,0.0,0.0,0.0,0.0,0.0,0.0,0.0,0.0,0.0,0.0,0.0,0.0,0.0,0.0,0.0,0.0
88,98,2001-11-01,1,1,2001-02,Atlanta Hawks,Washington Wizards,0,0.0,0.0,0.0,0.0,0.0,0.0,0.0,0.0,0.0,0.0,0.0,0.0,0.0,0.0,0.0,0.0,0.0,0.0,0.0,0.0,0.0,0.0,0.0,0.0,0.0,0.0,0.0,0.0,0.0,0.0,0.0,0.0,0.0,0.0,0.0,0.0,0.0,0.0,0.0,0.0,0.0,0.0,0.0,0.0,0.0,0.0,0.0,0.0,0.0,0.0,0.0,0.0,0.0,0.0,0.0,0.0
92,99,2001-11-01,1,1,2001-02,Philadelphia 76ers,Dallas Mavericks,0,0.0,0.0,0.0,0.0,0.0,0.0,0.0,0.0,0.0,0.0,0.0,0.0,0.0,0.0,0.0,0.0,0.0,0.0,0.0,0.0,0.0,0.0,0.0,0.0,0.0,0.0,0.0,0.0,0.0,0.0,0.0,0.0,0.0,0.0,0.0,0.0,0.0,0.0,0.0,0.0,0.0,0.0,0.0,0.0,0.0,0.0,0.0,0.0,0.0,0.0,0.0,0.0,0.0,0.0,0.0,0.0
101,102,2001-11-01,1,1,2001-02,Denver Nuggets,Milwaukee Bucks,0,0.0,0.0,0.0,0.0,0.0,0.0,0.0,0.0,0.0,0.0,0.0,0.0,0.0,0.0,0.0,0.0,0.0,0.0,0.0,0.0,0.0,0.0,0.0,0.0,0.0,0.0,0.0,0.0,0.0,0.0,0.0,0.0,0.0,0.0,0.0,0.0,0.0,0.0,0.0,0.0,0.0,0.0,0.0,0.0,0.0,0.0,0.0,0.0,0.0,0.0,0.0,0.0,0.0,0.0,0.0,0.0
101,107,2001-11-01,1,1,2001-02,Golden State Warriors,Phoenix Suns,0,0.0,0.0,0.0,0.0,0.0,0.0,0.0,0.0,0.0,0.0,0.0,0.0,0.0,0.0,0.0,0.0,0.0,0.0,0.0,0.0,0.0,0.0,0.0,0.0,0.0,0.0,0.0,0.0,0.0,0.0,0.0,0.0,0.0,0.0,0.0,0.0,0.0,0.0,0.0,0.0,0.0,0.0,0.0,0.0,0.0,0.0,0.0,0.0,0.0,0.0,0.0,0.0,0.0,0.0,0.0,0.0
101,105,2001-11-01,1,1,2001-02,Utah Jazz,Los Angeles Lakers,0,0.0,0.0,0.0,0.0,0.0,0.0,0.0,0.0,0.0,0.0,0.0,0.0,0.0,0.0,0.0,0.0,0.0,0.0,0.0,0.0,0.0,0.0,0.0,0.0,0.0,0.0,0.0,0.0,0.0,0.0,0.0,0.0,0.0,0.0,0.0,0.0,0.0,0.0,0.0,0.0,0.0,0.0,0.0,0.0,0.0,0.0,0.0,0.0,0.0,0.0,0.0,0.0,0.0,0.0,0.0,0.0
114,108,2001-11-01,1,1,2001-02,Seattle SuperSonics,San Antonio Spurs,1,0.0,0.0,0.0,0.0,0.0,0.0,0.0,0.0,0.0,0.0,0.0,0.0,0.0,0.0,0.0,0.0,0.0,0.0,0.0,0.0,0.0,0.0,0.0,0.0,0.0,0.0,0.0,0.0,0.0,0.0,0.0,0.0,0.0,0.0,0.0,0.0,0.0,0.0,0.0,0.0,0.0,0.0,0.0,0.0,0.0,0.0,0.0,0.0,0.0,0.0,0.0,0.0,0.0,0.0,0.0,0.0
102,88,2001-11-02,1,1,2001-02,Detroit Pistons,New Jersey Nets,1,0.0,0.0,0.0,0.0,0.0,0.0,0.0,0.0,0.0,0.0,0.0,0.0,0.0,0.0,0.0,0.0,0.0,0.0,0.0,0.0,0.0,0.0,0.0,0.0,0.0,0.0,0.0,0.0,0.515,0.09,0.31,0.115,0.235,0.09,0.145,0.12,0.055,2.18,0.03,0.08,37.5,0.155,0.395,39.24,0.115,0.155,74.2,0.0,0.04,0.73,0.035,0.115,0.3,0.055,0.0,0.56
97,93,2001-11-02,1,1,2001-02,Charlotte Hornets,New York Knicks,1,0.0,0.0,0.0,0.0,0.0,0.0,0.0,0.0,0.0,0.0,0.0,0.0,0.0,0.0,0.0,0.0,0.0,0.0,0.0,0.0,0.0,0.0,0.0,0.0,0.0,0.0,0.0,0.0,0.0,0.0,0.0,0.0,0.0,0.0,0.0,0.0,0.0,0.0,0.0,0.0,0.0,0.0,0.0,0.0,0.0,0.0,0.0,0.0,0.0,0.0,0.0,0.0,0.0,0.0,0.0,0.0
117,107,2001-11-02,1,1,2001-02,Indiana Pacers,Orlando Magic,1,0.0,0.0,0.0,0.0,0.0,0.0,0.0,0.0,0.0,0.0,0.0,0.0,0.0,0.0,0.0,0.0,0.0,0.0,0.0,0.0,0.0,0.0,0.0,0.0,0.0,0.0,0.0,0.0,0.0,0.0,0.0,0.0,0.0,0.0,0.0,0.0,0.0,0.0,0.0,0.0,0.0,0.0,0.0,0.0,0.0,0.0,0.0,0.0,0.0,0.0,0.0,0.0,0.0,0.0,0.0,0.0
117,94,2001-11-02,1,1,2001-02,Los Angeles Lakers,Phoenix Suns,1,0.49,0.105,0.3,0.085,0.225,0.055,0.17,0.11,0.08,1.38,0.035,0.08,43.8,0.15,0.315,47.62,0.085,0.145,58.6,0.0,0.04,0.5,0.035,0.105,0.33,0.08,0.0,0.55,0.48,0.09,0.31,0.08,0.235,0.045,0.19,0.135,0.11,1.23,0.03,0.07,42.9,0.155,0.32,48.44,0.08,0.095,84.2,0.0,0.045,0.41,0.02,0.13,0.15,0.11,0.0,0.585
83,90,2001-11-02,1,1,2001-02,Miami Heat,Cleveland Cavaliers,0,0.0,0.0,0.0,0.0,0.0,0.0,0.0,0.0,0.0,0.0,0.0,0.0,0.0,0.0,0.0,0.0,0.0,0.0,0.0,0.0,0.0,0.0,0.0,0.0,0.0,0.0,0.0,0.0,0.0,0.0,0.0,0.0,0.0,0.0,0.0,0.0,0.0,0.0,0.0,0.0,0.0,0.0,0.0,0.0,0.0,0.0,0.0,0.0,0.0,0.0,0.0,0.0,0.0,0.0,0.0,0.0
96,82,2001-11-02,1,1,2001-02,Boston Celtics,Chicago Bulls,1,0.54,0.12,0.28,0.14,0.24,0.05,0.19,0.12,0.075,1.6,0.04,0.09,44.4,0.14,0.315,44.44,0.14,0.155,90.3,0.0,0.03,0.4,0.01,0.07,0.14,0.075,0.0,0.625,0.0,0.0,0.0,0.0,0.0,0.0,0.0,0.0,0.0,0.0,0.0,0.0,0.0,0.0,0.0,0.0,0.0,0.0,0.0,0.0,0.0,0.0,0.0,0.0,0.0,0.0,0.0,0.0
109,92,2001-11-02,1,1,2001-02,Toronto Raptors,Dallas Mavericks,1,0.0,0.0,0.0,0.0,0.0,0.0,0.0,0.0,0.0,0.0,0.0,0.0,0.0,0.0,0.0,0.0,0.0,0.0,0.0,0.0,0.0,0.0,0.0,0.0,0.0,0.0,0.0,0.0,0.47,0.12,0.26,0.09,0.21,0.06,0.15,0.12,0.065,1.85,0.04,0.095,42.1,0.13,0.315,41.27,0.09,0.1,90.0,0.0,0.045,0.69,0.02,0.1,0.2,0.065,0.0,0.55
111,102,2001-11-02,1,1,2001-02,Minnesota Timberwolves,Memphis Grizzlies,1,0.0,0.0,0.0,0.0,0.0,0.0,0.0,0.0,0.0,0.0,0.0,0.0,0.0,0.0,0.0,0.0,0.0,0.0,0.0,0.0,0.0,0.0,0.0,0.0,0.0,0.0,0.0,0.0,0.0,0.0,0.0,0.0,0.0,0.0,0.0,0.0,0.0,0.0,0.0,0.0,0.0,0.0,0.0,0.0,0.0,0.0,0.0,0.0,0.0,0.0,0.0,0.0,0.0,0.0,0.0,0.0
105,99,2001-11-03,1,1,2001-02,Milwaukee Bucks,Boston Celtics,1,0.595,0.15,0.33,0.115,0.155,0.05,0.105,0.125,0.065,1.92,0.05,0.125,40.0,0.165,0.29,56.9,0.115,0.135,85.2,0.0,0.055,0.85,0.015,0.14,0.11,0.065,0.0,0.66,0.52,0.13124999999999998,0.265,0.12375,0.24375,0.060000000000000005,0.18375,0.11499999999999999,0.075,1.5350000000000001,0.04375,0.09875,44.3,0.1325,0.315,42.06,0.12375,0.155,79.82499999999999,0.0,0.035,0.465,0.0125,0.07875,0.15500000000000003,0.075,0.0,0.5825
95,85,2001-11-03,1,1,2001-02,New Jersey Nets,Charlotte Hornets,1,0.505,0.0975,0.2925,0.115,0.235,0.0775,0.1575,0.11624999999999999,0.065,1.9100000000000001,0.0325,0.08,40.625,0.14625,0.37,39.6,0.115,0.15,76.95,0.0,0.036250000000000004,0.615,0.035,0.12,0.29000000000000004,0.065,0.0,0.55625,0.5,0.12,0.25,0.13,0.205,0.05,0.155,0.08,0.065,1.23,0.04,0.08,50.0,0.125,0.295,42.37,0.13,0.175,74.3,0.0,0.03,0.46,0.025,0.11,0.23,0.065,0.0,0.52
74,91,2001-11-03,1,1,2001-02,Seattle SuperSonics,Utah Jazz,0,0.475,0.075,0.32,0.08,0.255,0.055,0.2,0.13,0.075,1.73,0.025,0.065,38.5,0.16,0.365,43.84,0.08,0.105,76.2,0.0,0.04,0.53,0.015,0.14,0.11,0.075,0.0,0.57,0.56,0.075,0.38,0.105,0.205,0.055,0.15,0.18,0.105,1.71,0.025,0.08,31.3,0.19,0.325,58.46,0.105,0.125,84.0,0.0,0.04,0.38,0.02,0.12,0.17,0.105,0.0,0.69
108,110,2001-11-03,1,1,2001-02,Los Angeles Clippers,Golden State Warriors,0,0.49,0.015,0.34,0.135,0.21,0.055,0.155,0.045,0.09,0.5,0.005,0.04,12.5,0.17,0.35,48.57,0.135,0.165,81.8,0.0,0.055,0.61,0.015,0.155,0.1,0.09,0.0,0.48,0.435,0.03,0.32,0.085,0.205,0.06,0.145,0.085,0.075,1.13,0.01,0.035,28.6,0.16,0.37,43.24,0.085,0.11,77.3,0.0,0.045,0.6,0.04,0.1,0.4,0.075,0.0,0.475
94,106,2001-11-03,1,1,2001-02,Denver Nuggets,Sacramento Kings,0,0.495,0.075,0.3,0.12,0.24,0.095,0.145,0.08,0.075,1.07,0.025,0.08,31.3,0.15,0.365,41.1,0.12,0.175,68.6,0.0,0.055,0.73,0.025,0.08,0.31,0.075,0.0,0.495,0.0,0.0,0.0,0.0,0.0,0.0,0.0,0.0,0.0,0.0,0.0,0.0,0.0,0.0,0.0,0.0,0.0,0.0,0.0,0.0,0.0,0.0,0.0,0.0,0.0,0.0,0.0,0.0
90,106,2001-11-03,1,1,2001-02,Portland Trail Blazers,San Antonio Spurs,0,0.0,0.0,0.0,0.0,0.0,0.0,0.0,0.0,0.0,0.0,0.0,0.0,0.0,0.0,0.0,0.0,0.0,0.0,0.0,0.0,0.0,0.0,0.0,0.0,0.0,0.0,0.0,0.0,0.545,0.165,0.26,0.12,0.21,0.07,0.14,0.105,0.08,1.31,0.055,0.12,45.8,0.13,0.28,46.43,0.12,0.18,66.7,0.0,0.035,0.44,0.04,0.12,0.33,0.08,0.0,0.58
69,99,2001-11-03,1,1,2001-02,Cleveland Cavaliers,Orlando Magic,0,0.4575,0.0375,0.33,0.09,0.2075,0.0525,0.155,0.1125,0.0675,1.65,0.0125,0.0575,25.45,0.165,0.375,44.14,0.09,0.1025,85.15,0.0,0.03,0.45,0.03,0.11,0.28,0.0675,0.0,0.5025,0.57,0.06,0.4,0.11,0.185,0.05,0.135,0.115,0.095,1.21,0.02,0.04,50.0,0.2,0.32,62.5,0.11,0.155,71.0,0.0,0.06,0.63,0.035,0.155,0.23,0.095,0.0,0.685
84,79,2001-11-03,1,1,2001-02,Chicago Bulls,New York Knicks,1,0.365,0.0,0.28,0.085,0.21,0.065,0.145,0.095,0.07,1.36,0.0,0.035,0.0,0.14,0.36,38.89,0.085,0.135,63.0,0.0,0.015,0.21,0.015,0.1,0.15,0.07,0.0,0.325,0.465,0.09,0.26,0.115,0.23,0.065,0.165,0.08,0.085,0.94,0.03,0.1,30.0,0.13,0.275,47.27,0.115,0.165,69.7,0.0,0.035,0.41,0.01,0.105,0.1,0.085,0.0,0.47
88,90,2001-11-03,1,1,2001-02,Houston Rockets,Minnesota Timberwolves,0,0.445,0.06,0.29,0.095,0.26,0.07,0.19,0.085,0.09,0.94,0.02,0.09,22.2,0.145,0.33,43.94,0.095,0.14,67.9,0.0,0.05,0.56,0.025,0.105,0.24,0.09,0.0,0.475,0.415,0.045,0.31,0.06,0.185,0.065,0.12,0.12,0.055,2.18,0.015,0.045,33.3,0.155,0.36,43.06,0.06,0.075,80.0,0.0,0.045,0.82,0.045,0.105,0.43,0.055,0.0,0.505
90,83,2001-11-03,1,1,2001-02,Atlanta Hawks,Miami Heat,1,0.42,0.045,0.27,0.105,0.235,0.05,0.185,0.075,0.085,0.88,0.015,0.07,21.4,0.135,0.345,39.13,0.105,0.135,77.8,0.0,0.05,0.59,0.04,0.13,0.31,0.085,0.0,0.44,0.485,0.045,0.29,0.15,0.23,0.075,0.155,0.09,0.09,1.0,0.015,0.015,100.0,0.145,0.34,42.65,0.15,0.21,71.4,0.0,0.02,0.22,0.045,0.175,0.26,0.09,0.0,0.525
90,76,2001-11-03,1,1,2001-02,Washington Wizards,Philadelphia 76ers,1,0.455,0.09,0.3,0.065,0.195,0.045,0.15,0.115,0.075,1.53,0.03,0.065,46.2,0.15,0.345,43.48,0.065,0.09,72.2,0.0,0.055,0.73,0.02,0.135,0.15,0.075,0.0,0.51,0.37,0.075,0.22,0.075,0.205,0.075,0.13,0.08,0.105,0.76,0.025,0.05,50.0,0.11,0.31,35.48,0.075,0.115,65.2,0.0,0.02,0.19,0.03,0.1,0.3,0.105,0.0,0.335
85,94,2001-11-04,1,1,2001-02,Memphis Grizzlies,Dallas Mavericks,0,0.4,0.06,0.24,0.1,0.265,0.09,0.175,0.09,0.125,0.72,0.02,0.09,22.2,0.12,0.3,40.0,0.1,0.145,69.0,0.0,0.04,0.32,0.02,0.115,0.17,0.125,0.0,0.395,0.47624999999999995,0.12375,0.26,0.0925,0.20500000000000002,0.055,0.15,0.11624999999999999,0.06125,1.9100000000000001,0.04125,0.10250000000000001,40.575,0.13,0.30374999999999996,42.99,0.0925,0.11,85.35,0.0,0.045,0.745,0.018750000000000003,0.0975,0.19,0.06125,0.0,0.5475000000000001
113,100,2001-11-04,1,1,2001-02,Toronto Raptors,Indiana Pacers,1,0.4425,0.0525,0.26,0.13,0.2,0.095,0.105,0.08,0.0925,0.87,0.0175,0.06,29.15,0.13,0.32,40.59,0.13,0.2125,61.1,0.0,0.0475,0.5,0.0125,0.1475,0.09,0.0925,0.0,0.375,0.4875,0.0825,0.315,0.09,0.2325,0.055,0.1775,0.135,0.08,2.1,0.0275,0.07,39.25,0.1575,0.345,45.71,0.09,0.1075,83.8,0.0,0.045,0.68,0.025,0.1175,0.21,0.08,0.0,0.5975
96,86,2001-11-04,1,1,2001-02,Golden State Warriors,Portland Trail Blazers,1,0.4525,0.03375,0.3225,0.09625,0.21375,0.065,0.14875,0.09375,0.08499999999999999,1.1099999999999999,0.01125,0.03375,33.95,0.16125,0.36124999999999996,44.745000000000005,0.09625,0.135,73.44999999999999,0.0,0.04375,0.5349999999999999,0.04375,0.09875,0.445,0.08499999999999999,0.0,0.50125,0.4475,0.0825,0.275,0.09,0.2075,0.0475,0.16,0.11,0.0775,1.41,0.0275,0.0575,48.45,0.1375,0.33,41.85,0.09,0.115,78.35,0.0,0.0375,0.49,0.0425,0.12,0.38,0.0775,0.0,0.52
103,83,2001-11-04,1,1,2001-02,Sacramento Kings,San Antonio Spurs,1,0.505,0.06,0.35,0.095,0.23,0.06,0.17,0.13,0.065,2.0,0.02,0.1,20.0,0.175,0.33,53.03,0.095,0.135,70.4,0.0,0.045,0.69,0.025,0.095,0.26,0.065,0.0,0.595,0.54375,0.15000000000000002,0.2575,0.13624999999999998,0.20375,0.0675,0.13625,0.1,0.07375000000000001,1.37,0.05,0.10875,46.025,0.12875,0.2825,45.6,0.13624999999999998,0.1925,70.125,0.0,0.0325,0.445,0.03375,0.11624999999999999,0.28500000000000003,0.07375000000000001,0.0,0.57125
100,103,2001-11-04,1,1,2001-02,Phoenix Suns,Houston Rockets,0,0.49374999999999997,0.08625,0.32,0.0875,0.22749999999999998,0.055,0.1725,0.1275,0.09625,1.4,0.028749999999999998,0.0675,42.599999999999994,0.16,0.34375,46.87,0.0875,0.10125,86.075,0.0,0.05,0.605,0.0225,0.12875,0.175,0.09625,0.0,0.58875,0.45625000000000004,0.06,0.3,0.09625,0.27,0.07375000000000001,0.19625,0.09,0.08,1.23,0.02,0.0925,21.65,0.15,0.34750000000000003,43.265,0.09625,0.13375,72.67500000000001,0.0,0.05,0.67,0.0225,0.11124999999999999,0.21,0.08,0.0,0.50125
100,96,2001-11-04,1,1,2001-02,Los Angeles Lakers,Utah Jazz,1,0.49874999999999997,0.10125,0.2925,0.10500000000000001,0.22,0.05625,0.16375,0.11,0.0775,1.4249999999999998,0.03375,0.08,42.224999999999994,0.14625,0.3125,46.78,0.10500000000000001,0.16249999999999998,63.125,0.0,0.04,0.52,0.036250000000000004,0.12,0.31,0.0775,0.0,0.5575,0.54625,0.06375,0.3675,0.11499999999999999,0.21375,0.057499999999999996,0.15625,0.16499999999999998,0.09875,1.6600000000000001,0.02125,0.06875,30.625,0.18375,0.33499999999999996,55.144999999999996,0.11499999999999999,0.14375,81.125,0.0,0.04125,0.425,0.026250000000000002,0.1275,0.2,0.09875,0.0,0.66625
100,78,2001-11-04,1,1,2001-02,Detroit Pistons,Washington Wizards,1,0.4425,0.09,0.265,0.0875,0.2175,0.055,0.1625,0.1025,0.0975,1.05,0.03,0.09,33.45,0.1325,0.3,44.25,0.0875,0.095,93.75,0.0,0.0425,0.43,0.0325,0.1125,0.28,0.0975,0.0,0.505,0.46375,0.08249999999999999,0.3125,0.06875,0.2025,0.05375,0.14875,0.11125,0.075,1.48,0.0275,0.06125,44.650000000000006,0.15625,0.35624999999999996,43.83,0.06875,0.0975,70.825,0.0,0.04875,0.6499999999999999,0.0175,0.1275,0.135,0.075,0.0,0.50625
109,86,2001-11-05,1,1,2001-02,Los Angeles Clippers,Atlanta Hawks,1,0.4825,0.0225,0.325,0.135,0.22875,0.06,0.16875,0.0475,0.08625,0.56,0.0075,0.04625,15.15,0.1625,0.355,45.885000000000005,0.135,0.1675,80.625,0.0,0.045,0.51,0.02,0.14375,0.155,0.08625,0.0,0.47375,0.425,0.045,0.28500000000000003,0.095,0.23625,0.05625,0.18,0.06625,0.08125,0.8049999999999999,0.015,0.0675,22.299999999999997,0.14250000000000002,0.35124999999999995,40.495000000000005,0.095,0.12625,74.6,0.0,0.04625,0.565,0.03375,0.125,0.265,0.08125,0.0,0.43374999999999997
119,123,2001-11-05,1,1,2001-02,Orlando Magic,Seattle SuperSonics,0,0.56125,0.07125000000000001,0.3775,0.1125,0.1875,0.05625,0.13125,0.1175,0.08625,1.43,0.02375,0.053750000000000006,46.7,0.18875,0.32,58.985,0.1125,0.15375,73.25,0.0,0.055,0.64,0.02875,0.14500000000000002,0.195,0.08625,0.0,0.66125,0.49874999999999997,0.0975,0.3125,0.08875,0.23875000000000002,0.05625,0.1825,0.13,0.07,1.89,0.0325,0.07375000000000001,42.625,0.15625,0.34375,45.825,0.08875,0.12,74.575,0.0,0.04,0.5800000000000001,0.01875,0.14125,0.135,0.07,0.0,0.59625
113,101,2001-11-06,1,1,2001-02,Phoenix Suns,Memphis Grizzlies,1,0.49416666666666664,0.0825,0.32221666666666665,0.08944999999999999,0.22278333333333333,0.05833333333333333,0.16444999999999999,0.12278333333333334,0.09305000000000001,1.3999999999999997,0.027499999999999997,0.06778333333333333,40.76666666666666,0.16111666666666666,0.3497166666666667,46.39333333333334,0.08944999999999999,0.10416666666666667,85.62666666666667,0.0,0.05111666666666667,0.64,0.021116666666666662,0.13138333333333332,0.16333333333333333,0.09305000000000001,0.0,0.5752833333333333,0.4275,0.07875,0.255,0.09375,0.255,0.08374999999999999,0.17125,0.09625,0.11125,0.95,0.026250000000000002,0.10250000000000001,24.674999999999997,0.1275,0.30374999999999996,41.905,0.09375,0.14125,66.175,0.0,0.037500000000000006,0.345,0.02375,0.11875,0.195,0.11125,0.0,0.42875
101,83,2001-11-06,1,1,2001-02,Portland Trail Blazers,Utah Jazz,1,0.447925,0.08375,0.274175,0.09,0.20375,0.045425,0.158325,0.10500000000000001,0.07292499999999999,1.44,0.027925,0.06457500000000001,45.375,0.137075,0.32667500000000005,42.135000000000005,0.09,0.115,78.34,0.0,0.032075,0.425,0.037925,0.119175,0.33499999999999996,0.07292499999999999,0.0,0.5025,0.53305,0.059166666666666666,0.35833333333333334,0.11554999999999999,0.21695,0.06054999999999999,0.15638333333333332,0.15721666666666664,0.09749999999999999,1.6033333333333335,0.01971666666666667,0.0625,31.840000000000003,0.17916666666666667,0.33721666666666666,53.423333333333325,0.11554999999999999,0.14971666666666664,78.41666666666667,0.0,0.043616666666666665,0.4533333333333333,0.02695,0.12555,0.21,0.09749999999999999,0.0,0.6452833333333333
110,92,2001-11-06,1,1,2001-02,Dallas Mavericks,Charlotte Hornets,1,0.4758333333333333,0.1225,0.26,0.09333333333333334,0.20278333333333334,0.051666666666666666,0.15111666666666668,0.11304999999999998,0.0625,1.8433333333333335,0.04083333333333333,0.10278333333333334,40.050000000000004,0.13,0.3013833333333333,43.330000000000005,0.09333333333333334,0.11333333333333333,83.63333333333333,0.0,0.041666666666666664,0.6933333333333334,0.018616666666666667,0.09444999999999999,0.19666666666666666,0.0625,0.0,0.5361166666666667,0.49624999999999997,0.10875,0.255,0.1325,0.20625,0.05,0.15625,0.0875,0.0675,1.29,0.036250000000000004,0.07375000000000001,48.875,0.1275,0.29625,43.03,0.1325,0.1725,76.925,0.0,0.03125,0.46,0.0275,0.11374999999999999,0.24,0.0675,0.0,0.535
87,85,2001-11-06,1,1,2001-02,Miami Heat,Seattle SuperSonics,1,0.4675,0.0525,0.2875,0.1275,0.21125,0.06875,0.14250000000000002,0.09,0.08499999999999999,1.0699999999999998,0.0175,0.0275,84.625,0.14375,0.33875,42.435,0.1275,0.17375000000000002,76.625,0.0,0.026250000000000002,0.325,0.045,0.15999999999999998,0.29000000000000004,0.08499999999999999,0.0,0.50375,0.48971666666666663,0.09833333333333334,0.30278333333333335,0.08861666666666668,0.22471666666666668,0.05583333333333334,0.16888333333333336,0.12721666666666667,0.07221666666666667,1.8333333333333333,0.03278333333333333,0.07528333333333334,41.983333333333334,0.15138333333333334,0.33305,45.77333333333333,0.08861666666666668,0.12054999999999999,74.11666666666667,0.0,0.041666666666666664,0.5866666666666668,0.020283333333333334,0.1425,0.14333333333333334,0.07221666666666667,0.0,0.5752833333333333
99,93,2001-11-06,1,1,2001-02,Houston Rockets,Denver Nuggets,1,0.45695,0.06666666666666667,0.29555,0.09471666666666667,0.2677833333333333,0.07416666666666667,0.1936166666666667,0.09278333333333333,0.07666666666666667,1.3233333333333333,0.022216666666666666,0.09166666666666667,24.676666666666666,0.14778333333333335,0.34945000000000004,42.35,0.09471666666666667,0.13028333333333333,73.39333333333333,0.0,0.047216666666666664,0.66,0.01945,0.10694999999999999,0.18000000000000002,0.07666666666666667,0.0,0.5008333333333334,0.4975,0.08625,0.295,0.11624999999999999,0.22999999999999998,0.08374999999999999,0.14625,0.0875,0.075,1.17,0.02875,0.08125,35.25,0.1475,0.35,42.3,0.11624999999999999,0.16125,73.32499999999999,0.0,0.04875,0.6499999999999999,0.02125,0.0875,0.255,0.075,0.0,0.51
99,115,2001-11-06,1,1,2001-02,Cleveland Cavaliers,Sacramento Kings,0,0.45625000000000004,0.04375,0.32167500000000004,0.09082499999999999,0.207075,0.050425,0.156675,0.107075,0.072925,1.51,0.014575000000000001,0.054575,31.625,0.160825,0.36,44.97,0.09082499999999999,0.10957499999999999,81.875,0.0,0.03,0.42500000000000004,0.029175,0.109175,0.27,0.072925,0.0,0.49874999999999997,0.51125,0.06375,0.3425,0.10500000000000001,0.2275,0.06,0.1675,0.125,0.06375,1.96,0.021249999999999998,0.09125,24.625,0.17125,0.32875,52.08,0.10500000000000001,0.15125,69.67500000000001,0.0,0.042499999999999996,0.665,0.025,0.09875,0.255,0.06375,0.0,0.59375
77,87,2001-11-06,1,1,2001-02,Philadelphia 76ers,Indiana Pacers,0,0.39249999999999996,0.07125000000000001,0.24,0.08124999999999999,0.2075,0.07,0.1375,0.08625,0.10250000000000001,0.845,0.02375,0.04875,48.6,0.12,0.315,37.974999999999994,0.08124999999999999,0.1175,68.9,0.0,0.021249999999999998,0.21000000000000002,0.03,0.10250000000000001,0.295,0.10250000000000001,0.0,0.37875000000000003,0.50375,0.08375,0.3225,0.0975,0.22875,0.056675,0.17207499999999998,0.140825,0.079175,2.13,0.027925,0.07,39.86,0.16125,0.343325,47.045,0.0975,0.11707499999999998,83.465,0.0,0.045825,0.68,0.026675,0.11875,0.22,0.079175,0.0,0.622925
104,89,2001-11-06,1,1,2001-02,San Antonio Spurs,Orlando Magic,1,0.5419499999999999,0.15333333333333335,0.25278333333333336,0.13583333333333333,0.2058333333333333,0.06555000000000001,0.14028333333333334,0.10000000000000002,0.06971666666666668,1.4766666666666666,0.05111666666666667,0.10805,47.18333333333334,0.12638333333333332,0.2816666666666667,44.873333333333335,0.13583333333333333,0.18888333333333332,71.32666666666667,0.0,0.030550000000000004,0.44,0.03416666666666667,0.11249999999999999,0.3033333333333334,0.06971666666666668,0.0,0.5775,0.55195,0.07250000000000001,0.36945,0.11,0.19999999999999998,0.060283333333333335,0.13971666666666668,0.11833333333333333,0.08028333333333333,1.5866666666666667,0.02416666666666667,0.05916666666666667,43.74333333333334,0.18471666666666667,0.32721666666666666,56.699999999999996,0.11,0.14971666666666666,73.47666666666667,0.0,0.051666666666666666,0.65,0.030833333333333334,0.14111666666666667,0.21666666666666667,0.08028333333333333,0.0,0.6552833333333333
104,94,2001-11-06,1,1,2001-02,Minnesota Timberwolves,New York Knicks,1,0.44999999999999996,0.045,0.325,0.08,0.19874999999999998,0.0575,0.14125,0.13,0.05625,2.3,0.015,0.045,33.3,0.1625,0.365,44.465,0.08,0.10125,79.45,0.0,0.041249999999999995,0.74,0.04,0.10375,0.385,0.05625,0.0,0.55,0.465,0.0975,0.255,0.1125,0.2175,0.06625,0.15125,0.0825,0.07875,1.08,0.0325,0.09875,33.025,0.1275,0.2875,44.685,0.1125,0.1575,71.725,0.0,0.03875000000000001,0.515,0.0125,0.10875,0.115,0.07875,0.0,0.46625
73,97,2001-11-07,1,1,2001-02,Chicago Bulls,Detroit Pistons,0,0.37625,0.01125,0.2825,0.0825,0.21,0.06125,0.14875,0.09625,0.07625000000000001,1.28,0.00375,0.0425,5.775,0.14125,0.3425,41.665,0.0825,0.12875,64.3,0.0,0.021249999999999998,0.265,0.01875,0.1,0.185,0.07625000000000001,0.0,0.36,0.45375,0.0875,0.270825,0.09542500000000001,0.20875,0.05,0.15875,0.102925,0.09542500000000001,1.08,0.029175,0.08499999999999999,34.825,0.13542500000000002,0.295825,45.965,0.09542500000000001,0.1075,91.36,0.0,0.047075000000000006,0.495,0.034575,0.109575,0.31000000000000005,0.09542500000000001,0.0,0.523325
108,92,2001-11-07,1,1,2001-02,Los Angeles Clippers,Memphis Grizzlies,1,0.48721666666666663,0.02666666666666667,0.32445,0.13611666666666666,0.23195000000000002,0.065,0.16695000000000002,0.051116666666666664,0.08361666666666667,0.63,0.008883333333333333,0.050833333333333335,16.276666666666667,0.16221666666666668,0.35945,45.24000000000001,0.13611666666666666,0.17166666666666666,79.46,0.0,0.04,0.4633333333333334,0.02555,0.14083333333333334,0.19666666666666668,0.08361666666666667,0.0,0.47750000000000004,0.43333333333333335,0.08083333333333333,0.25445,0.09805000000000001,0.25333333333333335,0.08028333333333333,0.17305,0.09528333333333333,0.10695,0.98,0.02695,0.105,24.706666666666663,0.12721666666666667,0.30195,42.03666666666667,0.09805000000000001,0.14528333333333332,66.90666666666667,0.0,0.03833333333333334,0.36999999999999994,0.024716666666666665,0.11861666666666666,0.20333333333333334,0.10695,0.0,0.43805000000000005
109,92,2001-11-07,1,1,2001-02,Toronto Raptors,Golden State Warriors,1,0.459575,0.056249999999999994,0.288325,0.115,0.2,0.089175,0.11082499999999999,0.09417500000000001,0.082925,1.51,0.018750000000000003,0.07,27.759999999999998,0.144175,0.325,44.06,0.115,0.18625,63.035,0.0,0.04875,0.6799999999999999,0.01625,0.14125,0.125,0.082925,0.0,0.4325,0.46721666666666667,0.035833333333333335,0.33055,0.10083333333333333,0.21916666666666665,0.07055,0.14861666666666665,0.09805000000000001,0.08666666666666667,1.14,0.01195,0.034716666666666667,35.06666666666667,0.16528333333333334,0.36861666666666665,44.97666666666667,0.10083333333333333,0.14278333333333335,72.67666666666666,0.0,0.041949999999999994,0.5033333333333333,0.043616666666666665,0.10471666666666667,0.43,0.08666666666666667,0.0,0.5152833333333333
104,95,2001-11-07,1,1,2001-02,Boston Celtics,Washington Wizards,1,0.5111166666666667,0.13583333333333333,0.25888333333333335,0.11638333333333332,0.23916666666666667,0.06111666666666667,0.17805,0.11445,0.07333333333333333,1.57,0.045283333333333335,0.10138333333333334,44.64333333333334,0.12945,0.31221666666666664,41.45666666666667,0.11638333333333332,0.15111666666666668,76.96,0.0,0.039450000000000006,0.5499999999999999,0.01445,0.08361666666666667,0.16666666666666666,0.07333333333333333,0.0,0.5716666666666667,0.46416666666666667,0.07666666666666666,0.31055,0.07695,0.20388333333333333,0.055833333333333325,0.14805,0.1075,0.07166666666666667,1.5166666666666666,0.02555,0.05695,44.900000000000006,0.15528333333333333,0.35694999999999993,43.449999999999996,0.07695,0.10721666666666667,71.47333333333334,0.0,0.04805,0.6966666666666667,0.018333333333333337,0.12221666666666665,0.15333333333333335,0.07166666666666667,0.0,0.5069499999999999
96,89,2001-11-07,1,1,2001-02,Utah Jazz,Atlanta Hawks,1,0.5247875,0.0565625,0.3525,0.115725,0.216775,0.061662499999999995,0.1551,0.151975,0.0975,1.5525000000000002,0.018850000000000002,0.059375,32.18000000000001,0.17625,0.3366625,52.6125,0.115725,0.15416249999999998,76.3875,0.0,0.044274999999999995,0.45999999999999996,0.0274,0.1276,0.21,0.0975,0.0,0.6283375,0.4288833333333333,0.043333333333333335,0.2866666666666667,0.09888333333333332,0.23695,0.05861666666666667,0.17833333333333332,0.06695,0.08028333333333333,0.8233333333333333,0.01445,0.06278333333333334,23.72333333333333,0.14333333333333334,0.3491666666666666,40.98666666666667,0.09888333333333332,0.1336166666666667,73.53333333333333,0.0,0.04416666666666667,0.5466666666666666,0.030833333333333334,0.12221666666666665,0.24666666666666667,0.08028333333333333,0.0,0.43861666666666665
116,104,2001-11-07,1,1,2001-02,Indiana Pacers,Sacramento Kings,1,0.5075,0.08583333333333333,0.32,0.10166666666666667,0.22666666666666668,0.059033333333333333,0.1676333333333333,0.13971666666666668,0.07986666666666666,2.06,0.028616666666666665,0.07291666666666667,39.46333333333333,0.16,0.34263333333333335,46.76666666666667,0.10166666666666667,0.12304999999999999,82.93666666666667,0.0,0.04596666666666666,0.6633333333333334,0.026533333333333336,0.12291666666666667,0.21666666666666667,0.07986666666666666,0.0,0.6182,0.5130499999999999,0.06416666666666666,0.34500000000000003,0.10388333333333333,0.23221666666666665,0.06166666666666667,0.17055,0.12445,0.06638333333333334,1.8933333333333333,0.021383333333333334,0.08416666666666667,27.849999999999998,0.17250000000000001,0.3363833333333333,51.35999999999999,0.10388333333333333,0.14916666666666667,70.10666666666667,0.0,0.04278333333333333,0.6466666666666666,0.026116666666666667,0.10083333333333333,0.26,0.06638333333333334,0.0,0.6002833333333334
82,64,2001-11-07,1,1,2001-02,New York Knicks,Cleveland Cavaliers,1,0.45721666666666666,0.09333333333333334,0.25111666666666665,0.11278333333333335,0.215,0.06471666666666667,0.15028333333333332,0.08388333333333332,0.07861666666666667,1.1033333333333333,0.031116666666666667,0.09749999999999999,31.883333333333336,0.12555,0.29,43.63,0.11278333333333335,0.15555,72.80666666666666,0.0,0.03805000000000001,0.5133333333333333,0.013883333333333336,0.10916666666666668,0.12666666666666668,0.07861666666666667,0.0,0.4558333333333333,0.4466666666666667,0.04541666666666666,0.30695000000000006,0.0943,0.21055000000000001,0.051949999999999996,0.15861666666666666,0.10263333333333334,0.07528333333333333,1.4166666666666667,0.015133333333333334,0.05388333333333333,32.806666666666665,0.15346666666666667,0.3545833333333333,43.51333333333333,0.0943,0.11596666666666666,80.8,0.0,0.028749999999999998,0.4000000000000001,0.028616666666666665,0.10903333333333333,0.26666666666666666,0.07528333333333333,0.0,0.48041666666666666
119,101,2001-11-08,1,1,2001-02,Portland Trail Blazers,Los Angeles Clippers,1,0.4465333333333333,0.08208333333333334,0.2752833333333333,0.08916666666666666,0.20125,0.044866666666666666,0.15638333333333332,0.10625000000000001,0.07236666666666665,1.47,0.027366666666666664,0.06763333333333334,42.91,0.13763333333333336,0.32445000000000007,42.593333333333334,0.08916666666666666,0.115,77.61,0.0,0.032633333333333334,0.43,0.037783333333333335,0.12069999999999999,0.32666666666666666,0.07236666666666665,0.0,0.4991666666666666,0.4926,0.03125,0.32396250000000004,0.1374,0.23521250000000002,0.068125,0.1670875,0.0570875,0.08271250000000001,0.7075,0.0104125,0.0534375,18.0875,0.161975,0.3602125,45.07000000000001,0.1374,0.17375000000000002,79.2625,0.0,0.0371875,0.43500000000000005,0.030725,0.1384375,0.24000000000000002,0.08271250000000001,0.0,0.49250000000000005
86,82,2001-11-08,1,1,2001-02,Milwaukee Bucks,Miami Heat,1,0.57375,0.16125,0.3075,0.10500000000000001,0.15125,0.04375,0.1075,0.12625,0.0625,2.0300000000000002,0.053750000000000006,0.11875,46.25,0.15375,0.28500000000000003,53.785,0.10500000000000001,0.12625,82.65,0.0,0.05875,0.9550000000000001,0.0175,0.13375,0.135,0.0625,0.0,0.6475,0.4577833333333334,0.05499999999999999,0.28833333333333333,0.11445000000000001,0.20528333333333335,0.06638333333333334,0.13888333333333333,0.08944999999999999,0.08388333333333332,1.0799999999999998,0.018333333333333337,0.03278333333333333,76.25,0.14416666666666667,0.3402833333333333,42.36666666666667,0.11445000000000001,0.15695,75.70666666666666,0.0,0.0275,0.3466666666666667,0.04388333333333333,0.15444999999999998,0.2933333333333334,0.08388333333333332,0.0,0.48695000000000005
77,72,2001-11-08,1,1,2001-02,Houston Rockets,Philadelphia 76ers,1,0.4608375,0.074375,0.2947875,0.09166250000000001,0.2614625,0.07187500000000001,0.18958750000000002,0.095525,0.07375000000000001,1.4275,0.0247875,0.09062500000000001,28.175,0.1474,0.34740000000000004,42.535000000000004,0.09166250000000001,0.126775,72.695,0.0,0.0441625,0.6325000000000001,0.0189625,0.10364999999999999,0.18,0.07375000000000001,0.0,0.50625,0.3961166666666666,0.06416666666666666,0.25,0.08195,0.21,0.06778333333333335,0.14221666666666666,0.08361666666666667,0.10221666666666666,0.8233333333333333,0.021383333333333334,0.04750000000000001,44.27666666666667,0.125,0.31611666666666666,39.423333333333325,0.08195,0.11554999999999999,70.83333333333333,0.0,0.021949999999999997,0.21666666666666667,0.028333333333333332,0.10554999999999999,0.2733333333333333,0.10221666666666666,0.0,0.38694999999999996
95,105,2001-11-08,1,1,2001-02,Charlotte Hornets,San Antonio Spurs,0,0.4875,0.10083333333333333,0.26,0.12666666666666668,0.20861666666666667,0.048883333333333334,0.15971666666666665,0.08833333333333333,0.07166666666666667,1.25,0.03361666666666667,0.07361666666666668,45.80666666666667,0.13,0.29916666666666664,43.43,0.12666666666666668,0.16221666666666665,78.76,0.0,0.0325,0.45333333333333337,0.03,0.11361666666666666,0.26333333333333336,0.07166666666666667,0.0,0.53055,0.5333374999999999,0.1478125,0.2520875,0.1334375,0.20812499999999998,0.065725,0.14240000000000003,0.09812500000000002,0.0685375,1.4825,0.049275,0.104475,46.375,0.1260375,0.28812499999999996,43.96,0.1334375,0.184475,71.7825,0.0,0.0316625,0.46,0.0340625,0.1103125,0.31000000000000005,0.0685375,0.0,0.5684374999999999
108,80,2001-11-08,1,1,2001-02,Phoenix Suns,Atlanta Hawks,1,0.4946875,0.076875,0.3279125,0.0899,0.22115,0.0596875,0.16146249999999998,0.1189625,0.0891625,1.4249999999999998,0.025625,0.0658375,38.425,0.1639625,0.353225,46.6925,0.0899,0.1065625,84.3575,0.0,0.04958750000000001,0.6375,0.020212499999999998,0.130725,0.1575,0.0891625,0.0,0.569275,0.4304125,0.0409375,0.29000000000000004,0.099475,0.2352125,0.06115,0.17406249999999998,0.0702125,0.0783375,0.9099999999999999,0.013649999999999999,0.0595875,23.554999999999996,0.14500000000000002,0.3528125,41.065,0.099475,0.13646250000000001,72.475,0.0,0.0428125,0.5449999999999999,0.0296875,0.12134999999999999,0.24,0.0783375,0.0,0.43927499999999997
127,74,2001-11-08,1,1,2001-02,Minnesota Timberwolves,Chicago Bulls,1,0.45778333333333326,0.043333333333333335,0.3333333333333333,0.08111666666666667,0.20304999999999998,0.05555000000000001,0.1475,0.13055,0.05471666666666667,2.39,0.01445,0.04278333333333333,34.04333333333333,0.16666666666666666,0.37221666666666664,44.73,0.08111666666666667,0.1025,79.75666666666667,0.0,0.03916666666666666,0.7233333333333333,0.03666666666666667,0.1025,0.3566666666666667,0.05471666666666667,0.0,0.5572166666666667,0.38361666666666666,0.01916666666666667,0.2816666666666667,0.08278333333333333,0.20945,0.055833333333333325,0.15361666666666665,0.09971666666666668,0.07638333333333334,1.3333333333333333,0.006383333333333334,0.04666666666666667,9.84,0.14083333333333334,0.335,42.49333333333333,0.08278333333333333,0.12638333333333332,65.77666666666666,0.0,0.028050000000000002,0.3666666666666667,0.020283333333333334,0.10388333333333333,0.19333333333333333,0.07638333333333334,0.0,0.38666666666666666
105,91,2001-11-08,1,1,2001-02,Dallas Mavericks,Denver Nuggets,1,0.4753124999999999,0.11624999999999999,0.265625,0.0934375,0.20240000000000002,0.04875,0.15365,0.11228749999999998,0.06375,1.8025,0.03875,0.1020875,38.042500000000004,0.1328125,0.30041249999999997,44.395,0.0934375,0.1171875,81.3925,0.0,0.04125,0.6775,0.0189625,0.095525,0.19999999999999998,0.06375,0.0,0.5317750000000001,0.49499999999999994,0.08583333333333333,0.2933333333333333,0.11583333333333333,0.22721666666666665,0.08028333333333333,0.14695,0.08778333333333332,0.07278333333333332,1.2133333333333332,0.02861666666666667,0.08195000000000001,34.82333333333333,0.14666666666666664,0.34778333333333333,42.343333333333334,0.11583333333333333,0.15638333333333335,75.42666666666666,0.0,0.04305,0.58,0.020283333333333334,0.09554999999999998,0.22999999999999998,0.07278333333333332,0.0,0.50555
106,94,2001-11-08,1,1,2001-02,New Jersey Nets,Seattle SuperSonics,1,0.49555,0.09500000000000001,0.28945,0.11111666666666668,0.23055,0.07333333333333333,0.15721666666666667,0.11361666666666666,0.07111666666666668,1.75,0.03166666666666667,0.07778333333333333,40.50666666666667,0.14471666666666666,0.3622166666666667,40.04333333333333,0.11111666666666668,0.14333333333333334,77.89999999999999,0.0,0.03528333333333333,0.5599999999999999,0.03278333333333334,0.12166666666666666,0.27,0.07111666666666668,0.0,0.5408333333333334,0.49416249999999995,0.10093750000000001,0.3045875,0.08865,0.2210375,0.0584375,0.16260000000000002,0.128225,0.0735375,1.8225,0.03365,0.0777125,41.8,0.1522875,0.33385,45.864999999999995,0.08865,0.12103749999999999,73.8125,0.0,0.0421875,0.5850000000000001,0.021150000000000002,0.141875,0.15000000000000002,0.0735375,0.0,0.5752124999999999
104,94,2001-11-09,1,1,2001-02,Boston Celtics,Seattle SuperSonics,1,0.506775,0.1403125,0.2541625,0.11228749999999998,0.2353125,0.0627125,0.1726,0.1145875,0.070625,1.6724999999999999,0.046775,0.1047875,44.6625,0.12708750000000002,0.31072500000000003,40.8925,0.11228749999999998,0.14771250000000002,76.025,0.0,0.040212500000000005,0.585,0.015525,0.0877125,0.16999999999999998,0.070625,0.0,0.5646875,0.49352999999999997,0.10355,0.30127000000000004,0.08872000000000001,0.22103,0.06055000000000001,0.16048,0.12698,0.07483000000000001,1.782,0.03452,0.08057,41.54,0.15063,0.33428,45.267999999999994,0.08872000000000001,0.12122999999999999,73.714,0.0,0.042749999999999996,0.5820000000000001,0.02152,0.1407,0.15400000000000003,0.07483000000000001,0.0,0.56877
110,86,2001-11-09,1,1,2001-02,Los Angeles Lakers,Memphis Grizzlies,1,0.5102833333333333,0.09583333333333334,0.29945,0.115,0.21833333333333335,0.05471666666666667,0.16361666666666666,0.11055,0.07721666666666667,1.4366666666666665,0.03195,0.07778333333333333,40.88333333333333,0.14971666666666664,0.31111666666666665,48.13666666666666,0.115,0.17166666666666663,65.31666666666666,0.0,0.04221666666666666,0.5499999999999999,0.03861666666666667,0.12111666666666666,0.3333333333333333,0.07721666666666667,0.0,0.5788833333333333,0.44,0.0859375,0.25458749999999997,0.09947500000000001,0.246875,0.076775,0.1701,0.0970875,0.10146250000000001,1.1099999999999999,0.028650000000000002,0.1071875,25.674999999999997,0.1272875,0.30146249999999997,42.1225,0.09947500000000001,0.1464625,67.2425,0.0,0.038437500000000006,0.40499999999999997,0.024787499999999997,0.1158375,0.21,0.10146250000000001,0.0,0.44603750000000003
108,81,2001-11-09,1,1,2001-02,Denver Nuggets,Houston Rockets,1,0.4921875,0.0821875,0.29874999999999996,0.11124999999999999,0.22291249999999999,0.07771249999999999,0.1452125,0.0889625,0.07114999999999999,1.2625,0.0274,0.0808375,33.53,0.14937499999999998,0.34802500000000003,43.05,0.11124999999999999,0.1485375,76.1875,0.0,0.039787499999999996,0.5425,0.0199,0.099475,0.21749999999999997,0.07114999999999999,0.0,0.503225,0.46407,0.07869999999999999,0.29542999999999997,0.08993000000000001,0.25717,0.0709,0.18627000000000002,0.09622,0.07220000000000001,1.466,0.026229999999999996,0.0907,29.872000000000003,0.14772000000000002,0.34492,42.988,0.08993000000000001,0.12462,72.40799999999999,0.0,0.04213,0.6120000000000001,0.01897,0.10071999999999999,0.188,0.07220000000000001,0.0,0.51
115,105,2001-11-09,1,1,2001-02,Orlando Magic,Sacramento Kings,1,0.55115,0.0759375,0.36646249999999997,0.10875,0.206875,0.0633375,0.1435375,0.118125,0.078025,1.6324999999999998,0.0253125,0.06531250000000001,41.9025,0.183225,0.3326,55.425,0.10875,0.146975,74.02000000000001,0.0,0.04875,0.6325000000000001,0.03125,0.13771250000000002,0.225,0.078025,0.0,0.650525,0.5176,0.0734375,0.34375000000000006,0.10041249999999999,0.23385,0.0628125,0.1710375,0.1258375,0.0660375,1.9575,0.024475,0.0840625,30.82,0.17187500000000003,0.33947499999999997,50.73,0.10041249999999999,0.1440625,70.185,0.0,0.0424,0.6475,0.0264625,0.10062499999999999,0.265,0.0660375,0.0,0.609275
100,109,2001-11-09,1,1,2001-02,Washington Wizards,Golden State Warriors,0,0.4596875,0.0715625,0.3104125,0.0777125,0.205725,0.055624999999999994,0.1501,0.104375,0.06937499999999999,1.525,0.02385,0.0539625,43.97500000000001,0.1552125,0.360525,43.03,0.0777125,0.106975,72.805,0.0,0.0460375,0.6925,0.018437500000000002,0.11853749999999999,0.16,0.06937499999999999,0.0,0.5002125,0.4735375,0.038125000000000006,0.3322875,0.103125,0.22781249999999997,0.076975,0.15083749999999999,0.1004125,0.08812500000000001,1.15,0.0127125,0.0360375,35.795,0.16615000000000002,0.37365,44.645,0.103125,0.1477125,71.77749999999999,0.0,0.0408375,0.48249999999999993,0.041775,0.105725,0.41000000000000003,0.08812500000000001,0.0,0.5208375
103,95,2001-11-09,1,1,2001-02,Indiana Pacers,New York Knicks,1,0.505375,0.084625,0.3185,0.10225000000000001,0.2235,0.060275,0.16322499999999998,0.1377875,0.07965,2.0075,0.0282125,0.0736875,38.4875,0.15925,0.34047499999999997,46.8575,0.10225000000000001,0.1245375,82.3875,0.0,0.045975,0.655,0.0259,0.1234375,0.21000000000000002,0.07965,0.0,0.6099,0.4551,0.0934375,0.2495875,0.1120875,0.211875,0.063225,0.14865,0.08603749999999999,0.078025,1.1400000000000001,0.03115,0.09687499999999999,32.095,0.1247875,0.28843749999999996,43.63250000000001,0.1120875,0.155725,72.335,0.0,0.0372875,0.5075000000000001,0.013537500000000001,0.1078125,0.1225,0.078025,0.0,0.45281249999999995
85,89,2001-11-10,1,1,2001-02,Chicago Bulls,Charlotte Hornets,0,0.38521249999999996,0.02375,0.27875,0.08271250000000001,0.2052125,0.0528125,0.15239999999999998,0.1004125,0.07853750000000001,1.3225,0.0079125,0.0478125,13.092500000000001,0.139375,0.33062500000000006,42.567499999999995,0.08271250000000001,0.1247875,66.57,0.0,0.032600000000000004,0.41500000000000004,0.020837500000000002,0.106975,0.195,0.07853750000000001,0.0,0.39249999999999996,0.4825,0.09812499999999999,0.264375,0.12,0.2095875,0.0485375,0.1610375,0.08750000000000001,0.07375000000000001,1.21,0.032712500000000005,0.07271250000000001,45.4375,0.1321875,0.30374999999999996,43.504999999999995,0.12,0.153225,78.8275,0.0,0.0328125,0.4475,0.0296875,0.114275,0.26,0.07375000000000001,0.0,0.5235375
96,117,2001-11-10,1,1,2001-02,Utah Jazz,Toronto Raptors,0,0.51643,0.054849999999999996,0.346,0.11557999999999999,0.21261999999999998,0.06093,0.15167999999999998,0.14758,0.0974,1.5100000000000002,0.01828,0.0573,32.388000000000005,0.173,0.33413,51.976,0.11557999999999999,0.15592999999999999,75.394,0.0,0.04401999999999999,0.458,0.02712,0.12747999999999998,0.20800000000000002,0.0974,0.0,0.60987,0.4726333333333333,0.06,0.2972166666666667,0.11541666666666667,0.2020833333333333,0.08611666666666667,0.11596666666666666,0.10070000000000001,0.08278333333333333,1.6433333333333333,0.02,0.07291666666666667,28.433333333333334,0.14861666666666665,0.32458333333333333,45.49333333333334,0.11541666666666667,0.18083333333333332,65.14,0.0,0.048749999999999995,0.6999999999999998,0.020416666666666666,0.13875,0.16,0.08278333333333333,0.0,0.46749999999999997
71,90,2001-11-10,1,1,2001-02,New York Knicks,Golden State Warriors,0,0.45228,0.09455,0.24767,0.11007,0.2101,0.06078,0.14932,0.08802999999999998,0.07802,1.1640000000000001,0.031520000000000006,0.09569999999999998,33.044,0.12383,0.28635,43.614000000000004,0.11007,0.15378,71.88399999999999,0.0,0.03663,0.49800000000000005,0.01303,0.10645,0.118,0.07802,0.0,0.45165,0.47603,0.040100000000000004,0.32983,0.1061,0.23324999999999996,0.08098,0.15227,0.10133,0.0879,1.168,0.013369999999999998,0.03723,36.312,0.16492,0.37712,43.95,0.1061,0.15237,71.402,0.0,0.04027,0.4779999999999999,0.04022,0.10558000000000001,0.394,0.0879,0.0,0.5208699999999999
110,88,2001-11-10,1,1,2001-02,San Antonio Spurs,Atlanta Hawks,1,0.52867,0.14285,0.25407,0.13174999999999998,0.20869999999999997,0.06558,0.14312000000000002,0.09790000000000001,0.06903000000000001,1.4739999999999998,0.047619999999999996,0.10138,45.848,0.12703,0.2905,44.06,0.13174999999999998,0.18318,71.47,0.0,0.03273,0.47000000000000003,0.03465,0.10945,0.31800000000000006,0.06903000000000001,0.0,0.56495,0.43172999999999995,0.03995,0.29080000000000006,0.10098,0.23337,0.06251999999999999,0.17085,0.07197,0.07787000000000001,0.9480000000000001,0.013319999999999999,0.05727,24.031999999999996,0.14540000000000003,0.35305,41.174,0.10098,0.13917000000000002,72.128,0.0,0.041850000000000005,0.5379999999999999,0.02955,0.12067999999999998,0.24,0.07787000000000001,0.0,0.44082
87,84,2001-11-10,1,1,2001-02,New Jersey Nets,Cleveland Cavaliers,1,0.490725,0.09468750000000001,0.2864625,0.1095875,0.2291625,0.0728125,0.15635,0.111775,0.0727125,1.685,0.0315625,0.0770875,40.667500000000004,0.143225,0.360725,39.817499999999995,0.1095875,0.14125,77.9675,0.0,0.035525,0.55,0.032712500000000005,0.1209375,0.2725,0.0727125,0.0,0.5325,0.44525000000000003,0.0445625,0.30571250000000005,0.09497499999999999,0.2109125,0.051712499999999995,0.1592125,0.10272500000000001,0.0759625,1.4075,0.01485,0.0526625,32.355000000000004,0.15285,0.3524375,43.5725,0.09497499999999999,0.118725,79.665,0.0,0.027562499999999997,0.38000000000000006,0.0299625,0.10752500000000001,0.2875,0.0759625,0.0,0.4793125
105,96,2001-11-10,1,1,2001-02,Indiana Pacers,Portland Trail Blazers,1,0.5067999999999999,0.08370000000000001,0.32080000000000003,0.10230000000000002,0.22080000000000002,0.06022000000000001,0.16058,0.13756,0.07888999999999999,2.004,0.0279,0.07345,38.233999999999995,0.16040000000000001,0.34087999999999996,47.116,0.10230000000000002,0.12445999999999999,82.534,0.0,0.04611,0.658,0.02622,0.12408000000000001,0.21200000000000002,0.07888999999999999,0.0,0.6104200000000001,0.44889999999999997,0.08181250000000001,0.2784625,0.08862499999999998,0.19868750000000002,0.045149999999999996,0.1535375,0.1081875,0.073525,1.475,0.027275,0.06972500000000001,41.5425,0.13922500000000002,0.3205875,43.76,0.08862499999999998,0.1145,77.48750000000001,0.0,0.033975,0.4375,0.0368375,0.121025,0.315,0.073525,0.0,0.5033749999999999
111,102,2001-11-10,1,1,2001-02,Los Angeles Clippers,Phoenix Suns,1,0.49707999999999997,0.033999999999999996,0.32557,0.13752,0.23776999999999998,0.07070000000000001,0.16707,0.06207,0.08217,0.772,0.01133,0.05515,19.157999999999998,0.16278,0.36097,45.18600000000001,0.13752,0.1734,79.57000000000001,0.0,0.03535,0.41600000000000004,0.03338,0.13635,0.262,0.08217,0.0,0.5056,0.49775,0.07289999999999999,0.33392999999999995,0.09092,0.22152000000000002,0.05994999999999999,0.16157,0.11837,0.08613000000000001,1.48,0.0243,0.06447,36.855999999999995,0.16697,0.35438000000000003,47.38,0.09092,0.10885,83.634,0.0,0.048670000000000005,0.6399999999999999,0.01977,0.12998,0.156,0.08613000000000001,0.0,0.5744199999999999
91,98,2001-11-10,1,1,2001-02,Dallas Mavericks,Philadelphia 76ers,0,0.4780499999999999,0.11279999999999998,0.2701,0.09515,0.20252000000000003,0.0466,0.15592,0.11182999999999998,0.064,1.7920000000000003,0.0376,0.10146999999999999,37.03,0.13505,0.29993,45.198,0.09515,0.12075,80.438,0.0,0.0412,0.6759999999999999,0.019370000000000002,0.09522,0.20600000000000002,0.064,0.0,0.5346200000000001,0.39677499999999993,0.060312500000000005,0.255,0.0814625,0.209375,0.06740000000000002,0.141975,0.084275,0.10135,0.84,0.0201,0.049375,40.987500000000004,0.1275,0.31396250000000003,40.5725,0.0814625,0.11353749999999999,71.7375,0.0,0.021775,0.215,0.027499999999999997,0.106975,0.2625,0.10135,0.0,0.390525
82,98,2001-11-10,1,1,2001-02,Milwaukee Bucks,Minnesota Timberwolves,0,0.5636166666666667,0.15583333333333335,0.29945,0.10833333333333334,0.15916666666666665,0.0425,0.11666666666666665,0.12583333333333332,0.06166666666666667,2.0533333333333332,0.05195,0.11361666666666666,46.42333333333334,0.14971666666666666,0.28445000000000004,52.48,0.10833333333333334,0.12916666666666668,83.03333333333335,0.0,0.05695,0.9366666666666666,0.018883333333333335,0.12805,0.15666666666666668,0.06166666666666667,0.0,0.64555,0.46458749999999993,0.0465625,0.336875,0.08115,0.20478749999999998,0.055725000000000004,0.1490625,0.131975,0.05385,2.4625,0.015525,0.0427125,36.17,0.1684375,0.3747875,44.905,0.08115,0.1021875,80.0925,0.0,0.03875,0.7275,0.035,0.1028125,0.34,0.05385,0.0,0.5666625000000001
75,90,2001-11-10,1,1,2001-02,Miami Heat,Sacramento Kings,0,0.4527125,0.058124999999999996,0.289375,0.10521250000000001,0.20365,0.06291250000000001,0.140725,0.09271249999999999,0.0851,1.0975,0.019375000000000003,0.036775,71.23,0.1446875,0.340525,42.4925,0.10521250000000001,0.1458375,74.14750000000001,0.0,0.028125,0.35,0.0416625,0.1489625,0.28500000000000003,0.0851,0.0,0.47990000000000005,0.5198799999999999,0.07855000000000001,0.34220000000000006,0.09912999999999998,0.23508,0.06405,0.17103000000000002,0.12586999999999998,0.06743,1.952,0.026180000000000002,0.08345,32.727999999999994,0.17110000000000003,0.34077999999999997,50.308,0.09912999999999998,0.14225000000000002,70.168,0.0,0.04172,0.634,0.02617,0.10049999999999999,0.262,0.06743,0.0,0.61122
96,85,2001-11-11,1,1,2001-02,Denver Nuggets,Toronto Raptors,1,0.48934999999999995,0.07894999999999999,0.30219999999999997,0.10819999999999999,0.22033,0.07616999999999999,0.14417,0.08977,0.06952,1.3119999999999998,0.02632,0.07867,33.068,0.15109999999999998,0.34942,43.352,0.10819999999999999,0.14303,76.934,0.0,0.03763,0.524,0.02032,0.10358,0.21199999999999997,0.06952,0.0,0.50238,0.481475,0.066,0.3014125,0.1140625,0.20781249999999998,0.08533750000000001,0.122475,0.10652500000000001,0.08208750000000001,1.7325,0.022,0.0756875,29.66,0.1507125,0.3266875,45.885000000000005,0.1140625,0.175625,66.265,0.0,0.048562499999999995,0.7049999999999998,0.0260625,0.1380625,0.2,0.08208750000000001,0.0,0.49712499999999993
108,95,2001-11-11,1,1,2001-02,Los Angeles Lakers,Orlando Magic,1,0.5139625,0.0896875,0.3039625,0.12031250000000002,0.2134375,0.0522875,0.16115000000000002,0.110725,0.078225,1.4249999999999998,0.029900000000000003,0.07552500000000001,38.9625,0.15197499999999997,0.30896250000000003,49.254999999999995,0.12031250000000002,0.1775,66.225,0.0,0.044787499999999994,0.5725,0.039587500000000005,0.1233375,0.3375,0.078225,0.0,0.584475,0.54652,0.07575000000000001,0.36197,0.10880000000000001,0.2109,0.06647,0.14443,0.11610000000000001,0.07702,1.6239999999999999,0.02525,0.06765000000000002,40.142,0.18098,0.33768000000000004,54.064,0.10880000000000001,0.14598,74.54400000000001,0.0,0.0472,0.62,0.0312,0.13597,0.22800000000000004,0.07702,0.0,0.6386200000000001
98,100,2001-11-11,1,1,2001-02,Detroit Pistons,Portland Trail Blazers,0,0.4604166666666667,0.09083333333333332,0.27305,0.09653333333333335,0.20833333333333334,0.04541666666666667,0.16291666666666668,0.10528333333333334,0.09028333333333334,1.27,0.030283333333333332,0.08625,35.52333333333333,0.13653333333333337,0.29388333333333333,46.656666666666666,0.09653333333333335,0.10958333333333332,90.60666666666667,0.0,0.04638333333333333,0.5233333333333333,0.03555,0.10805,0.3266666666666667,0.09028333333333334,0.0,0.5393,0.45495,0.08245000000000001,0.2831,0.0894,0.19662000000000002,0.045619999999999994,0.151,0.11105000000000001,0.07332,1.538,0.027490000000000004,0.07145000000000001,40.769999999999996,0.14155,0.31930000000000003,44.698,0.0894,0.11543,77.51000000000002,0.0,0.03518,0.45999999999999996,0.03597,0.12065,0.306,0.07332,0.0,0.5126999999999999
84,99,2001-11-11,1,1,2001-02,Washington Wizards,Seattle SuperSonics,0,0.45815,0.06805,0.31153,0.07857,0.20598,0.055099999999999996,0.15088000000000001,0.10229999999999999,0.0677,1.534,0.02268,0.05277,42.772000000000006,0.15577000000000002,0.36102,43.168,0.07857,0.10658000000000001,74.132,0.0,0.044230000000000005,0.6799999999999999,0.018150000000000003,0.11603,0.16,0.0677,0.0,0.49776999999999993,0.49252499999999994,0.10629166666666667,0.29883333333333334,0.08740833333333335,0.22196666666666667,0.06295833333333334,0.15900833333333333,0.12498333333333334,0.07541666666666667,1.7416666666666665,0.03543333333333334,0.08339166666666668,41.35333333333333,0.14941666666666667,0.33565,44.71666666666666,0.08740833333333335,0.11935833333333333,73.83333333333333,0.0,0.04270833333333333,0.5766666666666667,0.021541666666666667,0.13933333333333334,0.15500000000000003,0.07541666666666667,0.0,0.5621666666666666
79,86,2001-11-12,1,1,2001-02,Memphis Grizzlies,Golden State Warriors,0,0.44400000000000006,0.08735000000000001,0.25727,0.09938,0.2411,0.07442,0.16668,0.09927,0.09717,1.214,0.02912,0.10755,26.0,0.12863,0.30216999999999994,42.448,0.09938,0.14557,67.622,0.0,0.03855000000000001,0.43200000000000005,0.025229999999999995,0.11487,0.21600000000000003,0.09717,0.0,0.45282999999999995,0.47933333333333333,0.04175,0.329025,0.10855833333333333,0.23604166666666662,0.082625,0.15341666666666667,0.10208333333333335,0.088525,1.1716666666666666,0.013916666666666666,0.03783333333333334,37.17666666666667,0.16451666666666667,0.37801666666666667,43.77166666666667,0.10855833333333333,0.15545,71.415,0.0,0.04008333333333333,0.47333333333333333,0.03865833333333333,0.10673333333333335,0.3766666666666667,0.088525,0.0,0.5233666666666666
105,98,2001-11-12,1,1,2001-02,Utah Jazz,Orlando Magic,1,0.510775,0.05320833333333333,0.3425,0.11506666666666666,0.21009999999999998,0.0605,0.14959166666666665,0.14506666666666668,0.096725,1.4983333333333333,0.017733333333333334,0.05566666666666666,32.29833333333334,0.17125,0.334,51.458333333333336,0.11506666666666666,0.15605,74.97000000000001,0.0,0.044041666666666666,0.46166666666666667,0.027741666666666664,0.12734166666666666,0.21333333333333335,0.096725,0.0,0.5993333333333334,0.5447416666666667,0.07520833333333334,0.35941666666666666,0.11010833333333335,0.2145,0.06858333333333334,0.14591666666666667,0.11508333333333333,0.07585,1.6349999999999998,0.025066666666666668,0.06970833333333334,38.635,0.17970833333333336,0.34223333333333333,53.056666666666665,0.11010833333333335,0.14679166666666668,74.97333333333334,0.0,0.046558333333333334,0.625,0.031558333333333334,0.13455833333333334,0.23333333333333336,0.07585,0.0,0.6327416666666666
82,91,2001-11-13,1,1,2001-02,Indiana Pacers,New Jersey Nets,0,0.5078083333333333,0.08296666666666667,0.322575,0.102275,0.21935833333333335,0.059591666666666675,0.15976666666666664,0.13725,0.07812499999999999,2.0016666666666665,0.027658333333333337,0.07251666666666667,38.666666666666664,0.16128333333333333,0.34120833333333334,47.315,0.102275,0.12407499999999999,82.81666666666668,0.0,0.04580833333333333,0.655,0.02660833333333333,0.12375833333333335,0.21666666666666667,0.07812499999999999,0.0,0.6121333333333334,0.48997999999999997,0.09255000000000001,0.28877,0.10867,0.22912999999999997,0.07265,0.15648,0.11082,0.07297000000000001,1.6600000000000001,0.03085,0.07567,40.318000000000005,0.14438,0.36118,40.064,0.10867,0.13979999999999998,78.114,0.0,0.035820000000000005,0.55,0.033170000000000005,0.11915,0.28400000000000003,0.07297000000000001,0.0,0.5332
76,82,2001-11-13,1,1,2001-02,Miami Heat,Philadelphia 76ers,0,0.44857,0.0591,0.2907,0.09877000000000001,0.20312000000000002,0.06053000000000001,0.14257999999999998,0.09577,0.08488,1.142,0.019700000000000002,0.03962,66.97200000000001,0.14535,0.34102,42.624,0.09877000000000001,0.13767000000000001,73.36600000000001,0.0,0.029500000000000005,0.372,0.04053,0.14517,0.28400000000000003,0.08488,0.0,0.47812,0.39561999999999997,0.05785,0.258,0.07977,0.20950000000000002,0.06672000000000002,0.14278,0.08502000000000001,0.10028,0.86,0.01928,0.0497,39.486000000000004,0.129,0.31337000000000004,41.162,0.07977,0.11062999999999998,72.07000000000001,0.0,0.02182,0.21800000000000003,0.025999999999999995,0.10718000000000001,0.246,0.10028,0.0,0.39202
91,92,2001-11-13,1,1,2001-02,Seattle SuperSonics,Phoenix Suns,0,0.49144999999999994,0.10794285714285715,0.2975714285714286,0.08594285714285717,0.22209285714285715,0.06406428571428571,0.15802857142857143,0.12315,0.07566428571428571,1.7085714285714284,0.03598571428571429,0.08535714285714287,41.145714285714284,0.14878571428571427,0.33627142857142855,44.43999999999999,0.08594285714285717,0.11740714285714285,73.80428571428571,0.0,0.042628571428571425,0.5728571428571428,0.02162857142857143,0.13759285714285716,0.15857142857142859,0.07566428571428571,0.0,0.5569571428571428,0.500625,0.07158333333333333,0.33854999999999996,0.09049166666666668,0.22154166666666666,0.05995833333333333,0.16158333333333333,0.11864166666666666,0.08371666666666668,1.5333333333333332,0.023858333333333332,0.06399999999999999,36.25833333333333,0.16928333333333334,0.35531666666666667,47.89166666666667,0.09049166666666668,0.10918333333333334,82.94500000000001,0.0,0.048475,0.6516666666666666,0.020224999999999996,0.12915000000000001,0.16166666666666665,0.08371666666666668,0.0,0.5809083333333332
89,82,2001-11-13,1,1,2001-02,New York Knicks,Portland Trail Blazers,1,0.4513416666666667,0.09420833333333334,0.24889166666666665,0.10825,0.208975,0.059125000000000004,0.14985,0.08988333333333332,0.077375,1.2033333333333334,0.03140833333333334,0.09433333333333332,33.44833333333333,0.12444166666666667,0.287375,43.64666666666667,0.10825,0.15120833333333333,71.99833333333332,0.0,0.036775,0.5066666666666667,0.012525,0.10579166666666667,0.11333333333333333,0.077375,0.0,0.45331666666666665,0.4590083333333333,0.08228333333333333,0.28734166666666666,0.08938333333333333,0.19551666666666667,0.04599166666666666,0.149525,0.1129,0.07348333333333333,1.5716666666666665,0.027433333333333337,0.07251666666666667,39.99333333333333,0.14367500000000002,0.3181083333333333,45.55833333333334,0.08938333333333333,0.11571666666666668,77.26500000000001,0.0,0.0361,0.4749999999999999,0.03473333333333333,0.1203,0.295,0.07348333333333333,0.0,0.5189166666666666
103,107,2001-11-13,1,1,2001-02,Minnesota Timberwolves,Cleveland Cavaliers,0,0.47467,0.04925,0.3439,0.08152000000000001,0.20522999999999997,0.05498000000000001,0.15025,0.13518000000000002,0.05328000000000001,2.554,0.01642,0.04317,37.564,0.17195,0.37503000000000003,45.88,0.08152000000000001,0.10235000000000001,80.322,0.0,0.039,0.74,0.0342,0.10364999999999999,0.33,0.05328000000000001,0.0,0.5843300000000001,0.44037000000000004,0.04415,0.30190000000000006,0.09430999999999999,0.21190000000000003,0.052539999999999996,0.15937,0.10151000000000002,0.07677,1.3800000000000001,0.01471,0.0523,31.884000000000004,0.15095,0.35045000000000004,43.226,0.09430999999999999,0.11947999999999999,78.608,0.0,0.027549999999999998,0.374,0.030469999999999997,0.10619,0.298,0.07677,0.0,0.47278000000000003
101,93,2001-11-13,1,1,2001-02,Denver Nuggets,Chicago Bulls,1,0.4891833333333333,0.07620833333333334,0.3079416666666666,0.10502499999999998,0.21985833333333335,0.07555833333333332,0.14430833333333334,0.09216666666666667,0.06835,1.3766666666666667,0.025408333333333335,0.07666666666666667,32.72666666666667,0.153975,0.3510416666666667,43.923333333333325,0.10502499999999998,0.13877499999999998,76.74,0.0,0.03635833333333333,0.515,0.020958333333333332,0.10659166666666668,0.20999999999999996,0.06835,0.0,0.5080916666666667,0.38537,0.0256,0.2774,0.08237000000000001,0.20076999999999998,0.05105,0.14972,0.10053000000000001,0.08063000000000001,1.3,0.00853,0.047850000000000004,14.702000000000002,0.1387,0.32850000000000007,42.596,0.08237000000000001,0.12383,66.78799999999998,0.0,0.03488000000000001,0.43600000000000005,0.021670000000000002,0.10838,0.2,0.08063000000000001,0.0,0.392
90,86,2001-11-13,1,1,2001-02,San Antonio Spurs,Houston Rockets,1,0.525975,0.13945833333333335,0.257,0.12951666666666664,0.20919166666666666,0.06450833333333333,0.14468333333333336,0.09880833333333335,0.06863333333333334,1.5116666666666665,0.04649166666666666,0.09879166666666667,45.86833333333334,0.1285,0.29235833333333333,44.324999999999996,0.12951666666666664,0.18125833333333333,70.99666666666667,0.0,0.03269166666666667,0.4683333333333333,0.034708333333333334,0.10870833333333334,0.3216666666666667,0.06863333333333334,0.0,0.5648166666666666,0.46366666666666667,0.081,0.29396666666666665,0.08869166666666667,0.25305833333333333,0.069775,0.18328333333333335,0.09657500000000001,0.071275,1.4833333333333334,0.026999999999999996,0.090725,30.75666666666667,0.14699166666666666,0.3411833333333334,43.27333333333333,0.08869166666666667,0.12274166666666668,72.46,0.0,0.04108333333333333,0.6016666666666667,0.019,0.09879166666666665,0.19333333333333333,0.071275,0.0,0.5101416666666666
95,86,2001-11-13,1,1,2001-02,Sacramento Kings,Toronto Raptors,1,0.5212916666666666,0.08045833333333334,0.34127500000000005,0.09954999999999999,0.23631666666666665,0.06476666666666665,0.17155,0.12503333333333333,0.06896666666666666,1.9233333333333331,0.02681666666666667,0.0826,33.519999999999996,0.1706416666666667,0.3424583333333333,49.935,0.09954999999999999,0.141875,70.56500000000001,0.0,0.04101666666666667,0.6183333333333333,0.025833333333333333,0.10152499999999999,0.25666666666666665,0.06896666666666666,0.0,0.6105999999999999,0.48934999999999995,0.0743,0.3018,0.11325,0.20957999999999996,0.08410000000000001,0.12547999999999998,0.11055000000000001,0.0815,1.782,0.024769999999999997,0.07888,31.208,0.15089999999999998,0.32652000000000003,45.98800000000001,0.11325,0.172,67.148,0.0,0.049179999999999995,0.7159999999999999,0.029349999999999998,0.13728,0.22400000000000003,0.0815,0.0,0.5180299999999999
98,107,2001-11-14,1,1,2001-02,Washington Wizards,Milwaukee Bucks,0,0.45845833333333336,0.064625,0.31266666666666665,0.08116666666666668,0.20415000000000003,0.05424999999999999,0.1499,0.10094166666666665,0.06669166666666666,1.5366666666666668,0.021541666666666667,0.05189166666666666,41.223333333333336,0.15633333333333335,0.36099166666666666,43.355,0.08116666666666668,0.10881666666666667,75.01833333333333,0.0,0.043250000000000004,0.6733333333333333,0.017625000000000002,0.11502499999999999,0.15666666666666668,0.06669166666666666,0.0,0.4950833333333333,0.5514625,0.146875,0.2952125,0.109375,0.166875,0.043125,0.12375,0.124375,0.0628125,2.01,0.048962500000000006,0.1095875,44.760000000000005,0.1476,0.28490000000000004,51.6775,0.109375,0.1309375,82.67500000000001,0.0,0.0552125,0.9,0.019162500000000002,0.124475,0.1625,0.0628125,0.0,0.6347875000000001
92,93,2001-11-14,1,1,2001-02,Phoenix Suns,Orlando Magic,0,0.5025785714285714,0.07115,0.3412071428571428,0.09021428571428572,0.2208142857142857,0.059964285714285706,0.16085,0.11914285714285713,0.08226428571428572,1.567142857142857,0.023714285714285716,0.06404285714285714,35.917142857142856,0.17060714285714287,0.3554785714285714,48.23285714285714,0.09021428571428572,0.10940000000000001,82.5,0.0,0.04838571428571429,0.6571428571428571,0.020399999999999998,0.12876428571428572,0.16428571428571428,0.08226428571428572,0.0,0.5846571428571429,0.5422285714285715,0.07548571428571428,0.3550071428571428,0.11172857142857143,0.21702142857142856,0.07000714285714287,0.14700714285714286,0.11415,0.07470714285714286,1.6457142857142857,0.025157142857142857,0.07179285714285714,37.57285714285714,0.17750714285714286,0.3444642857142857,52.06999999999999,0.11172857142857143,0.14827142857142858,75.2757142857143,0.0,0.04582857142857143,0.6257142857142857,0.03164285714285714,0.1341142857142857,0.23571428571428574,0.07470714285714286,0.0,0.6260214285714286
101,93,2001-11-14,1,1,2001-02,Boston Celtics,Indiana Pacers,1,0.50522,0.14105,0.25533,0.10882999999999998,0.23285,0.06357,0.16928,0.11467000000000001,0.0687,1.738,0.04701999999999999,0.10523,44.754000000000005,0.12767,0.31138000000000005,40.958,0.10882999999999998,0.14357000000000003,76.06400000000001,0.0,0.04037,0.604,0.016220000000000002,0.09036999999999999,0.174,0.0687,0.0,0.56395,0.5087499999999999,0.08343571428571428,0.32310000000000005,0.10222142857142857,0.2180214285714286,0.05947142857142857,0.15854999999999997,0.13665714285714287,0.07740714285714285,1.9957142857142856,0.027814285714285715,0.07242857142857143,39.050000000000004,0.16154285714285715,0.34095,47.41714285714285,0.10222142857142857,0.12384999999999999,82.94285714285715,0.0,0.045421428571428564,0.6514285714285715,0.026735714285714283,0.12277857142857143,0.22,0.07740714285714285,0.0,0.6125428571428573
106,102,2001-11-14,1,1,2001-02,Los Angeles Clippers,Chicago Bulls,1,0.49979166666666663,0.03625,0.3268666666666667,0.13668333333333335,0.23730833333333332,0.07085833333333334,0.16645000000000001,0.06714166666666667,0.08166666666666668,0.84,0.012083333333333333,0.05595833333333333,20.331666666666667,0.16342500000000001,0.3605333333333334,45.42666666666668,0.13668333333333335,0.17185833333333334,79.86333333333333,0.0,0.0339,0.40166666666666667,0.03475833333333333,0.13501666666666667,0.2733333333333334,0.08166666666666668,0.0,0.5150833333333333,0.38655833333333334,0.026333333333333334,0.27616666666666667,0.08405833333333335,0.19897499999999999,0.050316666666666655,0.1486583333333333,0.10058333333333334,0.08094166666666668,1.3066666666666666,0.008775,0.0471,15.881666666666668,0.13808333333333334,0.3291666666666667,42.343333333333334,0.08405833333333335,0.12541666666666665,67.13666666666666,0.0,0.03656666666666667,0.4633333333333334,0.02195,0.10906666666666669,0.20166666666666666,0.08094166666666668,0.0,0.39291666666666664
94,107,2001-11-14,1,1,2001-02,Cleveland Cavaliers,Dallas Mavericks,0,0.4370916666666667,0.04393333333333333,0.2996750000000001,0.09347499999999999,0.21265833333333337,0.052833333333333336,0.15983333333333336,0.10078333333333334,0.07706666666666667,1.366666666666667,0.01464166666666667,0.052274999999999995,31.451666666666668,0.14984166666666668,0.34895000000000004,43.065,0.09347499999999999,0.119325,78.01166666666667,0.0,0.027599999999999996,0.37166666666666665,0.030633333333333332,0.10491666666666667,0.30333333333333334,0.07706666666666667,0.0,0.4691,0.48087499999999994,0.10941666666666666,0.273975,0.09748333333333332,0.20376666666666668,0.04633333333333334,0.15743333333333334,0.11152499999999999,0.064025,1.7866666666666668,0.036475,0.09983333333333333,36.449999999999996,0.13698333333333335,0.30077499999999996,45.695,0.09748333333333332,0.124375,79.91166666666668,0.0,0.04058333333333334,0.6649999999999999,0.02086666666666667,0.095325,0.22166666666666668,0.064025,0.0,0.5395416666666668
82,89,2001-11-14,1,1,2001-02,Golden State Warriors,Toronto Raptors,0,0.4807571428571428,0.043742857142857146,0.32712142857142856,0.10988571428571428,0.2383428571428571,0.08317142857142858,0.15517142857142857,0.10260000000000001,0.08883571428571428,1.1757142857142855,0.014578571428571427,0.03855000000000001,38.06,0.16356428571428575,0.3773785714285714,43.598571428571425,0.10988571428571428,0.15681428571428574,71.53571428571429,0.0,0.039664285714285714,0.4657142857142857,0.03742142857142857,0.10730000000000002,0.3642857142857143,0.08883571428571428,0.0,0.5252357142857143,0.4923166666666667,0.079775,0.30055000000000004,0.11199166666666667,0.21048333333333333,0.0833,0.12718333333333334,0.11295833333333334,0.08065833333333333,1.8133333333333335,0.026591666666666663,0.08120833333333334,32.18333333333333,0.150275,0.32650833333333334,45.818333333333335,0.11199166666666667,0.16869166666666668,67.64166666666667,0.0,0.049199999999999994,0.7183333333333332,0.032075,0.13559166666666667,0.25,0.08065833333333333,0.0,0.5288333333333333
111,79,2001-11-14,1,1,2001-02,Atlanta Hawks,Utah Jazz,1,0.43158333333333326,0.039125,0.2909416666666667,0.10150833333333333,0.23239166666666666,0.06349166666666667,0.16889999999999997,0.07316666666666667,0.07836666666666668,0.9633333333333334,0.013041666666666665,0.055499999999999994,24.323333333333334,0.14547500000000002,0.3535166666666667,41.156666666666666,0.10150833333333333,0.1401416666666667,72.015,0.0,0.041125,0.5283333333333332,0.029066666666666668,0.11917499999999999,0.2383333333333333,0.07836666666666668,0.0,0.43985,0.5066857142857143,0.05172857142857142,0.33969285714285713,0.11526428571428572,0.20865714285714285,0.06012142857142857,0.1485285714285714,0.14291428571428572,0.09688571428571428,1.48,0.017242857142857143,0.05414285714285714,32.26428571428572,0.16985000000000003,0.3335285714285714,51.09571428571429,0.11526428571428572,0.15630714285714284,74.91142857142859,0.0,0.04387142857142857,0.4614285714285714,0.028064285714285712,0.12762142857142855,0.21571428571428572,0.09688571428571428,0.0,0.5916714285714286
100,86,2001-11-14,1,1,2001-02,Philadelphia 76ers,Charlotte Hornets,1,0.39759999999999995,0.056125,0.26305833333333334,0.07841666666666666,0.21125000000000002,0.06685,0.1444,0.08640833333333335,0.09884166666666666,0.895,0.018708333333333334,0.04989166666666667,38.388333333333335,0.131525,0.31530833333333336,41.681666666666665,0.07841666666666666,0.1083,72.37833333333334,0.0,0.022625000000000003,0.23333333333333336,0.02485833333333333,0.106675,0.235,0.09884166666666666,0.0,0.3990416666666667,0.4798,0.0953,0.26830000000000004,0.1162,0.20987,0.048429999999999994,0.16143000000000002,0.08760000000000001,0.07320000000000002,1.258,0.03177000000000001,0.07097,45.442,0.13415000000000002,0.30839999999999995,43.49999999999999,0.1162,0.14778,79.066,0.0,0.03245,0.44800000000000006,0.02955,0.11402000000000001,0.26,0.07320000000000002,0.0,0.52103
115,89,2001-11-15,1,1,2001-02,Detroit Pistons,Dallas Mavericks,1,0.4643125,0.09437499999999999,0.2732875,0.09665,0.2085,0.043312500000000004,0.1651875,0.1072125,0.08871250000000001,1.345,0.031462500000000004,0.0874375,36.2775,0.13665000000000002,0.2911625,47.15,0.09665,0.1109375,89.525,0.0,0.046287499999999995,0.5325,0.0359125,0.10803750000000001,0.3325,0.08871250000000001,0.0,0.548725,0.4820785714285714,0.10725714285714284,0.27545000000000003,0.09937142857142857,0.20425000000000001,0.046142857142857145,0.15810714285714286,0.11120714285714284,0.06406428571428571,1.78,0.035757142857142855,0.09893571428571428,36.029999999999994,0.13772142857142858,0.30107142857142855,45.87571428571429,0.09937142857142857,0.12670714285714285,79.84285714285716,0.0,0.040292857142857144,0.6585714285714285,0.021864285714285718,0.09497142857142857,0.23285714285714287,0.06406428571428571,0.0,0.5417500000000002
85,101,2001-11-15,1,1,2001-02,Memphis Grizzlies,Portland Trail Blazers,0,0.44583333333333336,0.087375,0.2605,0.09795833333333333,0.2378583333333333,0.07368333333333334,0.164175,0.10078333333333334,0.094725,1.2699999999999998,0.029125,0.10698333333333333,26.153333333333336,0.13025,0.3055583333333333,42.53333333333334,0.09795833333333333,0.142975,67.93833333333333,0.0,0.03935,0.45333333333333337,0.02560833333333333,0.11364166666666668,0.22333333333333336,0.094725,0.0,0.456525,0.4622785714285714,0.08231428571428571,0.2907571428571429,0.08920000000000002,0.19571428571428573,0.04674285714285714,0.14896428571428572,0.114,0.07414285714285714,1.582857142857143,0.027442857142857147,0.07305000000000002,39.62,0.14537857142857144,0.31775000000000003,46.15,0.08920000000000002,0.11552857142857142,77.2357142857143,0.0,0.03647857142857143,0.4799999999999999,0.03352142857142857,0.11945714285714286,0.2857142857142857,0.07414285714285714,0.0,0.5235357142857142
82,101,2001-11-15,1,1,2001-02,Denver Nuggets,Orlando Magic,0,0.48889285714285713,0.07450714285714286,0.3119071428571428,0.10247142857142855,0.22038571428571427,0.07537857142857142,0.14502142857142858,0.09420714285714286,0.06746428571428571,1.4285714285714286,0.024842857142857142,0.07530714285714286,32.57857142857143,0.15595714285714285,0.3531357142857143,44.208571428571425,0.10247142857142855,0.13507142857142856,76.85428571428572,0.0,0.03535,0.5071428571428571,0.021635714285714286,0.1082,0.21285714285714283,0.06746428571428571,0.0,0.5127499999999999,0.5397625,0.07683124999999999,0.35031874999999996,0.11260625,0.21871875,0.07118125,0.1475375,0.11355625,0.07373125,1.65625,0.02560625,0.0736,37.07,0.1751625,0.34625,51.122499999999995,0.11260625,0.14880000000000002,75.59875000000001,0.0,0.04517499999999999,0.62625,0.031987499999999995,0.13446249999999998,0.23750000000000002,0.07373125,0.0,0.62019375
83,74,2001-11-15,1,1,2001-02,New York Knicks,Miami Heat,1,0.4488,0.09299285714285714,0.24905,0.10676428571428571,0.2077928571428571,0.057921428571428575,0.14987142857142857,0.0907142857142857,0.07632142857142857,1.237142857142857,0.031,0.09249285714285714,33.69285714285714,0.12452142857142857,0.28948571428571424,43.4,0.10676428571428571,0.14889285714285716,72.19714285714285,0.0,0.03692857142857143,0.52,0.012471428571428569,0.10567857142857143,0.11285714285714285,0.07632142857142857,0.0,0.45182142857142854,0.44422500000000004,0.057999999999999996,0.29280833333333334,0.09341666666666669,0.20245833333333332,0.058775,0.143675,0.09703333333333335,0.08448333333333334,1.165,0.019333333333333338,0.04065833333333333,62.74666666666667,0.1464,0.3421,42.79,0.09341666666666669,0.1311166666666667,72.38833333333334,0.0,0.03041666666666667,0.38666666666666666,0.03975,0.14264166666666667,0.2833333333333334,0.08448333333333334,0.0,0.47468333333333335
97,98,2001-11-15,1,1,2001-02,Houston Rockets,Los Angeles Lakers,0,0.46222142857142856,0.08228571428571428,0.2913571428571428,0.08857142857142856,0.24854285714285712,0.06868571428571428,0.17985714285714288,0.09685714285714286,0.07068571428571428,1.492857142857143,0.027428571428571424,0.09072142857142858,31.23857142857143,0.14568571428571428,0.33713571428571437,43.40571428571428,0.08857142857142856,0.12296428571428572,72.30285714285715,0.0,0.04011428571428571,0.5900000000000001,0.019242857142857145,0.09732857142857142,0.19999999999999998,0.07068571428571428,0.0,0.5071642857142857,0.5171699999999999,0.08735000000000001,0.30917000000000006,0.12065000000000001,0.21195,0.05143,0.16052000000000002,0.11238000000000001,0.07958000000000001,1.422,0.02912,0.07462,38.233999999999995,0.15458,0.30997,49.931999999999995,0.12065000000000001,0.177,66.748,0.0,0.04662999999999999,0.584,0.040470000000000006,0.12307000000000001,0.34800000000000003,0.07958000000000001,0.0,0.59178
95,83,2001-11-16,1,1,2001-02,Phoenix Suns,Los Angeles Lakers,1,0.50319375,0.070225,0.3430875,0.08987500000000001,0.22008750000000002,0.05981249999999999,0.160275,0.1194875,0.08111875000000002,1.5924999999999998,0.02340625,0.06377499999999998,35.47875,0.17154375,0.35580625,48.442499999999995,0.08987500000000001,0.10955000000000001,82.055,0.0,0.04835,0.6625,0.020425,0.12821875000000002,0.16499999999999998,0.08111875000000002,0.0,0.58610625,0.5195833333333333,0.08529166666666667,0.3126416666666667,0.12165,0.212875,0.05188333333333334,0.16099166666666667,0.113375,0.08034166666666667,1.42,0.028433333333333335,0.07440833333333334,37.419999999999995,0.15631666666666666,0.31095,50.331666666666656,0.12165,0.17833333333333334,66.95666666666666,0.0,0.04746666666666666,0.5883333333333333,0.04108333333333334,0.12353333333333334,0.35333333333333333,0.08034166666666667,0.0,0.5967583333333333
113,120,2001-11-16,1,1,2001-02,Indiana Pacers,Minnesota Timberwolves,0,0.5082812499999999,0.08285,0.323025,0.1024125,0.2174875,0.0596125,0.15786874999999997,0.135825,0.07632499999999999,1.99375,0.02761875,0.07205,38.99625,0.16150625000000002,0.34153125,47.334999999999994,0.1024125,0.12399374999999999,83.01125,0.0,0.04505624999999999,0.65,0.026831249999999997,0.12180625,0.2225,0.07632499999999999,0.0,0.6111312500000001,0.48069999999999996,0.050625,0.34825,0.081825,0.20685833333333334,0.05512500000000001,0.15173333333333333,0.13570833333333335,0.053291666666666675,2.5733333333333333,0.016875,0.043616666666666665,38.12833333333333,0.174125,0.37474999999999997,46.535000000000004,0.081825,0.10265,80.365,0.0,0.038891666666666665,0.7400000000000001,0.033225000000000005,0.10360000000000001,0.32,0.053291666666666675,0.0,0.5938833333333334
109,83,2001-11-16,1,1,2001-02,New Jersey Nets,New York Knicks,1,0.48804166666666665,0.09045833333333335,0.29036666666666666,0.107225,0.22941666666666663,0.07220833333333333,0.15720833333333334,0.11012500000000001,0.07275,1.6483333333333334,0.03015,0.07445,39.928333333333335,0.145175,0.3618166666666667,40.199999999999996,0.107225,0.13747499999999999,78.47500000000001,0.0,0.035958333333333335,0.5516666666666666,0.033891666666666674,0.11679166666666667,0.3033333333333334,0.07275,0.0,0.5335,0.447075,0.0912125,0.24979374999999998,0.106075,0.20744374999999998,0.057087500000000006,0.15035625,0.09117499999999999,0.07529374999999999,1.26375,0.03040625,0.09093124999999999,33.55,0.12489375,0.29103749999999995,43.315,0.106075,0.14754375000000003,72.41874999999999,0.0,0.03684375,0.5275,0.012549999999999999,0.10598125,0.11249999999999999,0.07529374999999999,0.0,0.45166875
98,78,2001-11-16,1,1,2001-02,Philadelphia 76ers,Atlanta Hawks,1,0.39906428571428565,0.054535714285714285,0.2665,0.07802857142857143,0.2128071428571429,0.06730000000000001,0.14550714285714283,0.08702142857142858,0.09778571428571428,0.9142857142857144,0.01817857142857143,0.0495,37.74857142857143,0.13324285714285716,0.31740714285714283,41.94285714285714,0.07802857142857143,0.10742142857142856,72.60142857142857,0.0,0.023985714285714284,0.25285714285714284,0.023957142857142854,0.10612857142857143,0.22714285714285712,0.09778571428571428,0.0,0.40417857142857144,0.43166428571428567,0.03904285714285714,0.2908071428571429,0.1018,0.2304142857142857,0.06370714285714286,0.16670714285714286,0.0738357142857143,0.07910714285714286,0.9671428571428572,0.013014285714285713,0.05461428571428571,24.634285714285713,0.14540714285714287,0.3530142857142858,41.212857142857146,0.1018,0.1401214285714286,72.33142857142857,0.0,0.04055714285714286,0.5185714285714285,0.02827857142857143,0.11837142857142857,0.23428571428571426,0.07910714285714286,0.0,0.43813571428571424
105,91,2001-11-16,1,1,2001-02,San Antonio Spurs,Cleveland Cavaliers,1,0.5248142857142858,0.1379,0.2590642857142857,0.12785,0.2088,0.06345714285714285,0.14534285714285716,0.1,0.06872857142857143,1.5357142857142854,0.045971428571428566,0.09743571428571429,45.96428571428572,0.12952857142857144,0.2929428571428571,44.62285714285714,0.12785,0.17924285714285712,70.93428571428572,0.0,0.03302142857142858,0.47000000000000003,0.03475,0.10827857142857143,0.3228571428571429,0.06872857142857143,0.0,0.5663714285714285,0.4367928571428572,0.044621428571428576,0.29847142857142867,0.09369285714285713,0.21335,0.053228571428571424,0.16012857142857143,0.10013571428571429,0.07677142857142857,1.3657142857142859,0.014871428571428574,0.052578571428571426,31.38571428571429,0.1492357142857143,0.3482071428571429,42.964285714285715,0.09369285714285713,0.12004999999999999,77.70714285714287,0.0,0.02758571428571428,0.37285714285714283,0.030271428571428567,0.10465714285714287,0.3028571428571429,0.07677142857142857,0.0,0.4683357142857143
105,71,2001-11-16,1,1,2001-02,Sacramento Kings,Chicago Bulls,1,0.5206999999999999,0.08151428571428572,0.33905,0.10012142857142857,0.23663571428571428,0.06500714285714285,0.1716357142857143,0.1236,0.07013571428571429,1.887142857142857,0.027171428571428572,0.08151428571428572,34.24999999999999,0.16952857142857145,0.3431285714285714,49.50428571428572,0.10012142857142857,0.1414,71.17428571428572,0.0,0.04056428571428572,0.6057142857142858,0.025507142857142857,0.10151428571428571,0.2542857142857143,0.07013571428571429,0.0,0.6076571428571428,0.3888857142857143,0.02655,0.27671428571428575,0.08562142857142858,0.19748571428571426,0.04986428571428571,0.14762857142857141,0.10090714285714286,0.08019285714285716,1.3514285714285716,0.00885,0.04618571428571429,16.68857142857143,0.13835714285714287,0.3305071428571429,42.25,0.08562142857142858,0.12709285714285715,67.38428571428571,0.0,0.03746428571428572,0.4885714285714286,0.02207857142857143,0.10970714285714288,0.20142857142857143,0.08019285714285716,0.0,0.3956642857142857
100,91,2001-11-16,1,1,2001-02,Seattle SuperSonics,Golden State Warriors,1,0.49079999999999996,0.10991875000000001,0.29631250000000003,0.08457500000000001,0.22183125,0.06456875000000001,0.1572625,0.121975,0.07604999999999999,1.6824999999999999,0.03664375,0.08695,41.184999999999995,0.14815625,0.3361125,44.26624999999999,0.08457500000000001,0.1157,73.67375,0.0,0.0426125,0.57,0.0216625,0.13617500000000002,0.16125,0.07604999999999999,0.0,0.55343125,0.4809,0.045306250000000006,0.32545,0.1101375,0.23995624999999995,0.08347500000000001,0.156475,0.10258750000000001,0.08953125,1.17,0.015099999999999999,0.03904375,38.82625,0.16273125000000002,0.37653125,43.47375,0.1101375,0.15697500000000003,71.49,0.0,0.03955,0.45999999999999996,0.03673125,0.10833750000000002,0.35500000000000004,0.08953125,0.0,0.52559375
85,94,2001-11-16,1,1,2001-02,Los Angeles Clippers,Toronto Raptors,0,0.5025785714285714,0.038721428571428566,0.3283357142857143,0.13552142857142857,0.23575714285714283,0.07012142857142857,0.16562857142857143,0.0717357142857143,0.08173571428571429,0.8928571428571429,0.012907142857142855,0.05643571428571429,21.747142857142855,0.16415714285714286,0.3591285714285715,45.85142857142858,0.13552142857142857,0.17057142857142857,79.7957142857143,0.0,0.03334285714285714,0.3942857142857143,0.03540714285714285,0.13358571428571428,0.28,0.08173571428571429,0.0,0.5235428571428572,0.49305714285714286,0.08284285714285715,0.2997571428571429,0.11045714285714288,0.21049999999999996,0.08229285714285715,0.1282142857142857,0.1142357142857143,0.08020714285714285,1.8214285714285714,0.02761428571428571,0.08219285714285715,32.86857142857143,0.14987857142857144,0.3269214285714286,45.65857142857143,0.11045714285714288,0.16512857142857146,68.21428571428571,0.0,0.04949285714285714,0.7214285714285713,0.03356428571428572,0.13354285714285713,0.2671428571428572,0.08020714285714285,0.0,0.5343571428571428
92,101,2001-11-16,1,1,2001-02,Washington Wizards,Utah Jazz,0,0.4578642857142857,0.06212857142857142,0.3122857142857143,0.08345000000000001,0.20335,0.054049999999999994,0.14930000000000002,0.09958571428571428,0.06645,1.5257142857142856,0.020707142857142858,0.05111428571428571,40.2,0.15614285714285714,0.36075,43.34285714285714,0.08345000000000001,0.11102857142857143,75.5957142857143,0.0,0.04237857142857143,0.6628571428571428,0.01765714285714286,0.1141,0.15857142857142859,0.06645,0.0,0.49180714285714283,0.5042875,0.050187499999999996,0.33816875,0.11593125000000001,0.20882499999999998,0.06010625,0.14871249999999997,0.141375,0.09680625000000001,1.46875,0.016725,0.05261249999999999,32.128750000000004,0.16908750000000003,0.33371249999999997,50.83,0.11593125000000001,0.15708125,74.90375000000002,0.0,0.043625,0.46,0.02924375,0.12729374999999998,0.22875,0.09680625000000001,0.0,0.5888875
87,96,2001-11-16,1,1,2001-02,Miami Heat,Charlotte Hornets,0,0.4402571428571429,0.05675714285714285,0.29383571428571426,0.08966428571428574,0.20200714285714286,0.057421428571428575,0.14457857142857142,0.09766428571428573,0.08435000000000001,1.1757142857142857,0.01892142857142857,0.04158571428571429,59.25,0.14691428571428572,0.3419,42.970000000000006,0.08966428571428574,0.12636428571428573,71.81714285714285,0.0,0.030971428571428573,0.39428571428571424,0.03897142857142857,0.14052857142857142,0.2814285714285715,0.08435000000000001,0.0,0.4711571428571429,0.47733333333333333,0.09316666666666666,0.2708083333333334,0.11335833333333332,0.21030833333333332,0.04841666666666666,0.16188333333333335,0.08841666666666669,0.072525,1.3016666666666667,0.031058333333333337,0.07066666666666667,44.913333333333334,0.1354,0.3106083333333333,43.60666666666666,0.11335833333333332,0.14509166666666665,78.56666666666666,0.0,0.031766666666666665,0.44333333333333336,0.0299,0.11432500000000001,0.26333333333333336,0.072525,0.0,0.5186333333333334
104,93,2001-11-17,1,1,2001-02,Milwaukee Bucks,Utah Jazz,1,0.53997,0.1409,0.29257,0.1065,0.17109999999999997,0.043699999999999996,0.1274,0.12210000000000001,0.06305,1.97,0.046970000000000005,0.10747,43.504000000000005,0.14628000000000002,0.28532,51.156,0.1065,0.12995,80.372,0.0,0.05397,0.8800000000000001,0.019330000000000003,0.12198,0.166,0.06305,0.0,0.62043,0.5001333333333333,0.04856666666666667,0.3353166666666667,0.11624444444444444,0.20805555555555555,0.06002777777777778,0.1480222222222222,0.13893333333333333,0.09681666666666668,1.4477777777777776,0.016188888888888888,0.05114444444444444,31.935555555555556,0.16766111111111115,0.33371666666666666,50.38444444444444,0.11624444444444444,0.15747222222222224,74.8677777777778,0.0,0.043916666666666666,0.4633333333333333,0.030161111111111107,0.1267611111111111,0.23888888888888887,0.09681666666666668,0.0,0.5821333333333334
93,103,2001-11-17,1,1,2001-02,Seattle SuperSonics,Denver Nuggets,0,0.49001666666666666,0.11145555555555557,0.2951944444444445,0.08337222222222224,0.22093333333333331,0.06482777777777778,0.15611111111111112,0.12043333333333334,0.07655555555555554,1.651111111111111,0.03715555555555556,0.08867777777777779,41.02777777777777,0.14759444444444444,0.3350888888888888,44.239999999999995,0.08337222222222224,0.11423333333333334,73.53777777777778,0.0,0.04273888888888889,0.5677777777777777,0.021755555555555556,0.1345888888888889,0.16444444444444445,0.07655555555555554,0.0,0.5494388888888889,0.48895625,0.07316249999999999,0.31479375,0.10098749999999998,0.22064999999999999,0.07501875,0.14564375,0.09579375000000001,0.06676874999999999,1.47,0.02439375,0.07440625000000001,32.38875,0.15739999999999998,0.35368125,44.565,0.10098749999999998,0.13271875,77.01125,0.0,0.03429375,0.49624999999999997,0.02236875,0.10967500000000001,0.21624999999999997,0.06676874999999999,0.0,0.51725
124,87,2001-11-17,1,1,2001-02,Houston Rockets,Dallas Mavericks,1,0.46076875,0.08301249999999999,0.28915625,0.08859375,0.24489999999999998,0.0676,0.1773,0.0962375,0.0703625,1.485,0.027674999999999998,0.09024375,31.71875,0.1445875,0.33413125000000005,43.458749999999995,0.08859375,0.1230625,72.3075,0.0,0.0397125,0.5850000000000001,0.01949375,0.09633749999999999,0.205,0.0703625,0.0,0.50415625,0.48369375,0.10533749999999999,0.27851875,0.0998375,0.20418750000000002,0.046075,0.15810625,0.11136874999999999,0.06394375,1.7862500000000001,0.0351125,0.09781875,35.793749999999996,0.13925625,0.30203125,46.19375,0.0998375,0.12735624999999998,79.665,0.0,0.03986875,0.6512499999999999,0.022568750000000002,0.09458749999999999,0.24125000000000002,0.06394375,0.0,0.5447312500000001
93,88,2001-11-17,1,1,2001-02,Golden State Warriors,Chicago Bulls,1,0.4806611111111111,0.04610555555555556,0.3238722222222223,0.11067777777777778,0.24246111111111107,0.08426666666666667,0.15818888888888888,0.1025777777777778,0.09020555555555557,1.163333333333333,0.015366666666666664,0.03956666666666667,39.02444444444445,0.1619388888888889,0.37573888888888884,43.35444444444445,0.11067777777777778,0.1578666666666667,71.30777777777777,0.0,0.03925555555555556,0.45222222222222214,0.03632777777777778,0.10914444444444446,0.3488888888888889,0.09020555555555557,0.0,0.5258722222222222,0.39230624999999997,0.026743750000000004,0.279,0.08655625,0.1969375,0.049806249999999996,0.14714375,0.10134375000000001,0.07985625000000002,1.3800000000000001,0.00891875,0.0453375,17.4775,0.1395,0.33270625000000004,42.28125,0.08655625,0.1276125,67.88374999999999,0.0,0.03809375,0.50375,0.022056250000000003,0.10974375000000001,0.20124999999999998,0.07985625000000002,0.0,0.40019375
98,93,2001-11-17,1,1,2001-02,Memphis Grizzlies,Cleveland Cavaliers,1,0.44592142857142864,0.08622142857142857,0.2628785714285714,0.09682142857142857,0.23489999999999997,0.07285,0.16205,0.10179285714285714,0.0932357142857143,1.3014285714285714,0.028742857142857146,0.10537142857142857,26.16571428571429,0.1314357142857143,0.3082357142857143,42.57142857142857,0.09682142857142857,0.14122142857142858,68.03142857142858,0.0,0.04005714285714286,0.4685714285714286,0.026335714285714285,0.11312142857142858,0.23142857142857146,0.0932357142857143,0.0,0.45794285714285715,0.43695625000000005,0.04536875,0.29663125000000007,0.09494999999999999,0.21371250000000003,0.05391875,0.1598,0.09941875,0.076625,1.36,0.015125000000000001,0.05225625,31.68625,0.14831875,0.34718125,42.8175,0.09494999999999999,0.1217625,77.60375,0.0,0.027731249999999995,0.375,0.029612499999999996,0.10415,0.29875,0.076625,0.0,0.46799375
87,97,2001-11-17,1,1,2001-02,Charlotte Hornets,Portland Trail Blazers,0,0.4748571428571428,0.09057142857142855,0.27252857142857145,0.11175714285714285,0.21057142857142858,0.04864285714285714,0.16192142857142858,0.08854285714285716,0.07257142857142858,1.3171428571428572,0.030192857142857143,0.06985714285714287,44.182857142857145,0.1362642857142857,0.31215714285714286,43.675714285714285,0.11175714285714285,0.14355,78.28999999999999,0.0,0.031721428571428574,0.4428571428571429,0.029814285714285713,0.1151357142857143,0.26142857142857145,0.07257142857142858,0.0,0.5155642857142857,0.46433749999999996,0.0816375,0.29394375000000006,0.08875000000000001,0.19671875,0.048475,0.14823125,0.11428125,0.07432499999999999,1.5875,0.027212500000000004,0.07430625000000002,38.88625,0.14696875000000004,0.31795625,46.625,0.08875000000000001,0.11530625,77.02000000000001,0.0,0.036762500000000004,0.48749999999999993,0.03221875,0.1186625,0.275,0.07432499999999999,0.0,0.52535625
82,94,2001-11-17,1,1,2001-02,New Jersey Nets,Philadelphia 76ers,0,0.4861785714285714,0.08825000000000001,0.29235714285714287,0.10557857142857142,0.22990714285714284,0.07138571428571429,0.15852857142857144,0.10990000000000001,0.07286428571428571,1.635714285714286,0.029414285714285716,0.073,39.64,0.1461714285714286,0.3622714285714285,40.41285714285714,0.10557857142857142,0.1359,78.19285714285715,0.0,0.03572142857142857,0.5457142857142857,0.03445714285714286,0.1149,0.31714285714285717,0.07286428571428571,0.0,0.5333071428571429,0.40160624999999994,0.053343749999999995,0.26928124999999997,0.078975,0.21355000000000002,0.06748125,0.14606874999999997,0.08731875000000001,0.0967375,0.93,0.01778125,0.049487500000000004,37.1,0.13463750000000002,0.31874375,42.20375,0.078975,0.10805624999999999,72.9225,0.0,0.025599999999999998,0.27625,0.0233875,0.10575,0.22249999999999998,0.0967375,0.0,0.40983125
104,98,2001-11-17,1,1,2001-02,Detroit Pistons,Indiana Pacers,1,0.46712,0.09949999999999999,0.27296,0.09465,0.20629999999999998,0.04132,0.16498,0.1091,0.08780000000000002,1.3900000000000001,0.033170000000000005,0.08928,37.178000000000004,0.13649000000000003,0.2886,47.524,0.09465,0.10957999999999998,88.334,0.0,0.046029999999999995,0.5359999999999999,0.03606,0.1081,0.334,0.08780000000000002,0.0,0.55365,0.5075722222222221,0.08259999999999999,0.32255,0.10242222222222223,0.21742222222222224,0.060144444444444445,0.1572722222222222,0.13406666666666667,0.07576111111111111,1.9633333333333332,0.02753888888888889,0.07175555555555556,39.06222222222223,0.16127222222222223,0.3422611111111111,47.18444444444444,0.10242222222222223,0.12424444444444444,82.86111111111111,0.0,0.0445611111111111,0.6422222222222222,0.026905555555555554,0.12083888888888888,0.2255555555555556,0.07576111111111111,0.0,0.607738888888889
103,95,2001-11-17,1,1,2001-02,Minnesota Timberwolves,Orlando Magic,1,0.4850928571428571,0.05227142857142857,0.3499285714285714,0.08289285714285713,0.20730714285714286,0.054700000000000006,0.15260714285714286,0.13601428571428573,0.053328571428571434,2.5828571428571427,0.01742142857142857,0.04473571428571428,38.41571428571428,0.1749642857142857,0.37315,46.99000000000001,0.08289285714285713,0.10410714285714286,80.29857142857144,0.0,0.03823571428571428,0.7285714285714286,0.03276428571428572,0.10420714285714286,0.3128571428571429,0.053328571428571434,0.0,0.5993500000000002,0.5363888888888889,0.07787777777777777,0.3454222222222222,0.11308333333333333,0.2204611111111111,0.0721611111111111,0.1483,0.11309444444444444,0.07282777777777777,1.6666666666666667,0.025955555555555555,0.07542222222222222,36.382222222222225,0.17271111111111112,0.3476388888888889,50.19,0.11308333333333333,0.1485888888888889,76.06444444444445,0.0,0.04425555555555555,0.6222222222222222,0.032044444444444445,0.1339,0.23888888888888893,0.07282777777777777,0.0,0.6135055555555555
112,103,2001-11-17,1,1,2001-02,Atlanta Hawks,Boston Celtics,1,0.43364375,0.040025,0.2918,0.1018125,0.2290375,0.0637125,0.16531875,0.07515625000000001,0.08023125,0.9725,0.013337499999999999,0.05419375,25.29375,0.14590625000000002,0.35201250000000006,41.51375,0.1018125,0.13948125,72.815,0.0,0.040412500000000004,0.51125,0.02755625,0.1174,0.22999999999999998,0.08023125,0.0,0.44094374999999997,0.5047666666666667,0.14254166666666668,0.25666666666666665,0.10554999999999998,0.23056666666666667,0.06366666666666666,0.16690000000000002,0.115,0.06766666666666667,1.7766666666666666,0.04751666666666666,0.10658333333333332,44.711666666666666,0.12833333333333333,0.3103166666666667,41.35166666666667,0.10554999999999998,0.1396416666666667,75.93333333333334,0.0,0.03989166666666667,0.6066666666666667,0.01685,0.09225,0.17666666666666664,0.06766666666666667,0.0,0.5642666666666667
99,86,2001-11-18,1,1,2001-02,Los Angeles Clippers,New York Knicks,1,0.50483125,0.041618749999999996,0.32901250000000004,0.13420625,0.233475,0.06916875,0.1643,0.07542500000000002,0.0819875,0.9325,0.01386875,0.05680625,23.378749999999997,0.1645,0.35798750000000007,46.115,0.13420625,0.16878125,79.92500000000001,0.0,0.03308125,0.39,0.03566875,0.1318875,0.28500000000000003,0.0819875,0.0,0.5295062500000001,0.4450388888888889,0.08899444444444445,0.25065,0.1054,0.2069611111111111,0.056233333333333343,0.15073333333333333,0.09159999999999999,0.07449444444444445,1.2855555555555556,0.029666666666666668,0.08881666666666665,33.419999999999995,0.12532222222222222,0.2926555555555555,43.23,0.1054,0.14615000000000003,72.66555555555554,0.0,0.03677777777777778,0.5333333333333333,0.01261111111111111,0.10580555555555556,0.11333333333333334,0.07449444444444445,0.0,0.4512722222222222
93,85,2001-11-18,1,1,2001-02,Los Angeles Lakers,Sacramento Kings,1,0.5204571428571428,0.08351428571428572,0.3159357142857143,0.12100714285714285,0.2133857142857143,0.05253571428571429,0.16085,0.11350714285714285,0.0799857142857143,1.4357142857142855,0.027842857142857145,0.07428571428571429,36.702857142857134,0.15796428571428572,0.31305714285714287,50.52999999999999,0.12100714285714285,0.17734999999999998,67.07857142857144,0.0,0.047928571428571425,0.6014285714285714,0.04113571428571429,0.1234357142857143,0.35428571428571426,0.0799857142857143,0.0,0.59855,0.5196,0.0814,0.338075,0.10010625,0.23666874999999998,0.06531875,0.17135625000000002,0.12236875,0.07129375,1.8512499999999998,0.027137500000000002,0.0803125,34.506249999999994,0.1690375,0.3439875,49.230000000000004,0.10010625,0.1403625,71.69500000000001,0.0,0.040337500000000005,0.595,0.02520625,0.10085625000000001,0.25375000000000003,0.07129375,0.0,0.6045125
81,87,2001-11-18,1,1,2001-02,Phoenix Suns,Toronto Raptors,0,0.5033944444444445,0.06950555555555554,0.3444111111111111,0.08947222222222223,0.21903333333333333,0.05989999999999999,0.15913333333333332,0.1192,0.07981666666666669,1.611111111111111,0.023166666666666665,0.06384444444444443,35.00444444444444,0.17220555555555556,0.3560611111111111,48.58333333333333,0.08947222222222223,0.10981111111111112,81.46555555555557,0.0,0.04839444444444444,0.6688888888888889,0.02031111111111111,0.1272388888888889,0.16555555555555554,0.07981666666666669,0.0,0.5856388888888889,0.493925,0.085375,0.2997875,0.10876250000000001,0.21051249999999996,0.08068125000000001,0.12984374999999998,0.11526875,0.07893125000000001,1.84625,0.028462499999999995,0.08324375,33.3825,0.14989375,0.32761875,45.587500000000006,0.10876250000000001,0.16112500000000002,68.84375,0.0,0.049631249999999995,0.7349999999999999,0.03506875,0.1316125,0.28375,0.07893125000000001,0.0,0.5406124999999999
113,77,2001-11-19,1,1,2001-02,Sacramento Kings,Houston Rockets,1,0.5190222222222222,0.08152222222222222,0.33745555555555556,0.10002777777777777,0.23641666666666664,0.06542222222222221,0.17099444444444445,0.12127222222222223,0.07219444444444445,1.8211111111111111,0.02717777777777778,0.07882222222222221,35.00666666666666,0.16872777777777778,0.3447222222222222,49.025555555555556,0.10002777777777777,0.13990555555555556,71.90444444444445,0.0,0.04064444444444445,0.5944444444444444,0.024905555555555556,0.10027222222222223,0.25333333333333335,0.07219444444444445,0.0,0.6025555555555555,0.46019444444444446,0.08337222222222221,0.2878611111111111,0.0889611111111111,0.24206666666666665,0.06703333333333333,0.17503333333333335,0.09533333333333334,0.06990555555555555,1.4766666666666668,0.02779444444444444,0.08987222222222221,32.01555555555555,0.1439388888888889,0.3321444444444445,43.51555555555555,0.0889611111111111,0.12293333333333334,72.70111111111112,0.0,0.03912222222222222,0.578888888888889,0.019616666666666668,0.09514444444444443,0.20888888888888887,0.06990555555555555,0.0,0.5021666666666667
99,96,2001-11-19,1,1,2001-02,Denver Nuggets,New Jersey Nets,1,0.48782222222222216,0.07211666666666666,0.31648333333333334,0.09921111111111108,0.22071666666666664,0.07473888888888888,0.14598888888888886,0.09723333333333334,0.06580555555555555,1.5166666666666666,0.02404444444444444,0.07385000000000001,32.19222222222223,0.15824444444444444,0.35438333333333333,44.739999999999995,0.09921111111111108,0.12998333333333334,77.1277777777778,0.0,0.03312222222222222,0.48777777777777775,0.022872222222222224,0.11103333333333334,0.21666666666666665,0.06580555555555555,0.0,0.5192222222222223,0.485875,0.08635625,0.29503124999999997,0.10449375,0.22976249999999998,0.0705125,0.15926250000000003,0.11022500000000002,0.07289375000000001,1.63375,0.0287875,0.0717625,39.401250000000005,0.14751250000000002,0.36229999999999996,40.78125,0.10449375,0.13485,78.00125,0.0,0.0357875,0.545,0.034681250000000004,0.113425,0.325,0.07289375000000001,0.0,0.5353187500000001
84,88,2001-11-20,1,1,2001-02,Toronto Raptors,Detroit Pistons,0,0.4947388888888889,0.0883888888888889,0.2995333333333333,0.10681666666666668,0.21087222222222218,0.07928333333333334,0.13159444444444443,0.11676666666666666,0.07766111111111113,1.8811111111111112,0.02946666666666666,0.08476111111111112,33.88666666666667,0.14976666666666666,0.32795,45.51666666666667,0.10681666666666668,0.1564888888888889,69.65666666666667,0.0,0.04988333333333333,0.7488888888888888,0.03686666666666667,0.12976666666666667,0.3011111111111111,0.07766111111111113,0.0,0.5483222222222222,0.47129166666666666,0.10363333333333331,0.27508333333333335,0.09256666666666667,0.2060833333333333,0.040508333333333334,0.165575,0.111275,0.08625833333333334,1.465,0.034550000000000004,0.09130833333333334,37.725,0.13755000000000003,0.288,47.961666666666666,0.09256666666666667,0.10762499999999998,87.73333333333333,0.0,0.045266666666666656,0.535,0.03635833333333333,0.1077,0.3383333333333334,0.08625833333333334,0.0,0.5617333333333333
97,105,2001-11-20,1,1,2001-02,Dallas Mavericks,Seattle SuperSonics,0,0.4846055555555555,0.10301111111111111,0.28159999999999996,0.09999444444444444,0.20400000000000004,0.046022222222222214,0.15797222222222224,0.11044999999999999,0.06357222222222221,1.778888888888889,0.034333333333333334,0.09653333333333333,35.45333333333333,0.14079444444444444,0.3034722222222222,46.45777777777778,0.09999444444444444,0.1275833333333333,79.58,0.0,0.03891111111111111,0.6355555555555554,0.022905555555555557,0.09421666666666667,0.24555555555555555,0.06357222222222221,0.0,0.5448277777777779,0.4885149999999999,0.11137000000000001,0.2953,0.08184500000000001,0.21978,0.064845,0.15494000000000002,0.11889000000000001,0.07715,1.6149999999999998,0.03713,0.089685,40.57299999999999,0.14764499999999997,0.33488999999999997,44.272999999999996,0.08184500000000001,0.11225,73.433,0.0,0.042964999999999996,0.566,0.02152,0.13294,0.16499999999999998,0.07715,0.0,0.544305
87,94,2001-11-20,1,1,2001-02,Portland Trail Blazers,Houston Rockets,0,0.46656666666666663,0.0809,0.29683888888888893,0.08882222222222223,0.19749999999999998,0.05031111111111111,0.14717777777777777,0.11457222222222223,0.07384444444444443,1.6233333333333333,0.02696666666666667,0.07563333333333334,37.95333333333333,0.1484166666666667,0.3179722222222222,47.07,0.08882222222222223,0.11568888888888888,76.83777777777779,0.0,0.037333333333333336,0.5088888888888888,0.030649999999999997,0.1179111111111111,0.26222222222222225,0.07384444444444443,0.0,0.5276777777777777,0.46136499999999997,0.08422499999999998,0.287575,0.08956499999999999,0.23916999999999997,0.06627,0.17290500000000003,0.09461000000000001,0.06954,1.4700000000000002,0.028075,0.08957499999999999,32.44,0.143795,0.32930500000000007,43.858,0.08956499999999999,0.123515,72.84700000000001,0.0,0.03852,0.5710000000000001,0.019715000000000003,0.09337999999999999,0.21399999999999997,0.06954,0.0,0.5028900000000001
88,95,2001-11-20,1,1,2001-02,Washington Wizards,Charlotte Hornets,0,0.457975,0.05975,0.3129375,0.08528125,0.20246250000000002,0.053856249999999994,0.14860625000000002,0.09877499999999999,0.066425,1.5162499999999999,0.01991875,0.050193749999999995,39.212500000000006,0.15646875,0.36058125,43.459999999999994,0.08528125,0.11261875,76.16000000000001,0.0,0.041531250000000006,0.65125,0.0175625,0.113825,0.15875,0.066425,0.0,0.490175,0.47331249999999997,0.08838749999999998,0.2747125,0.11021249999999999,0.21057499999999998,0.04865625,0.16191875,0.08817500000000002,0.072175,1.3275000000000001,0.029468750000000002,0.0690125,43.63875,0.13735624999999999,0.31399999999999995,43.76625,0.11021249999999999,0.14185625000000002,78.13499999999999,0.0,0.03158125,0.44375000000000003,0.029525,0.11574375,0.25875000000000004,0.072175,0.0,0.51315
70,94,2001-11-20,1,1,2001-02,Golden State Warriors,New York Knicks,0,0.47984499999999997,0.046935000000000004,0.32223500000000005,0.11067,0.24440499999999998,0.08515,0.159245,0.10207000000000002,0.090745,1.154,0.015639999999999998,0.04061,38.871,0.16112,0.37503999999999993,43.212,0.11067,0.15739000000000003,71.421,0.0,0.038955000000000004,0.4459999999999999,0.035570000000000004,0.10967000000000002,0.34,0.090745,0.0,0.524475,0.44278500000000004,0.086285,0.251835,0.10467,0.20620500000000003,0.05517000000000001,0.151035,0.09187999999999999,0.074295,1.295,0.02876,0.08674499999999999,33.077999999999996,0.125915,0.29364,43.284,0.10467,0.14484500000000003,72.82799999999999,0.0,0.036660000000000005,0.534,0.01266,0.10566500000000001,0.11400000000000002,0.074295,0.0,0.45002
73,80,2001-11-20,1,1,2001-02,Miami Heat,Minnesota Timberwolves,0,0.43655000000000005,0.05575625,0.29445,0.08634375000000002,0.2012875,0.05625625,0.14501874999999997,0.09795625000000001,0.08419375000000001,1.1812500000000001,0.0185875,0.0424,56.45625,0.147225,0.3416625,43.09375,0.08634375000000002,0.12213125000000001,71.31375,0.0,0.031318750000000006,0.39875,0.03800625,0.1385125,0.2775,0.08419375000000001,0.0,0.46687500000000004,0.48976875,0.0532375,0.3518125,0.08471875,0.20834375,0.0546625,0.15368749999999998,0.1358125,0.053925,2.5675,0.01774375,0.0452375,38.786249999999995,0.17590625,0.37268124999999996,47.31625000000001,0.08471875,0.10633125,80.31,0.0,0.03775625,0.71625,0.032343750000000004,0.10540000000000001,0.30625,0.053925,0.0,0.6041937500000001
93,98,2001-11-20,1,1,2001-02,Los Angeles Clippers,Los Angeles Lakers,0,0.5056833333333333,0.04449444444444444,0.3287055555555556,0.13248888888888888,0.23169999999999996,0.06836111111111111,0.16333333333333333,0.07905555555555557,0.08183333333333334,0.9777777777777779,0.014827777777777777,0.057300000000000004,24.979999999999997,0.16434444444444446,0.3570333333333334,46.208888888888886,0.13248888888888888,0.16655555555555554,80.01444444444445,0.0,0.03239444444444444,0.38222222222222224,0.03608333333333333,0.12973333333333334,0.2911111111111111,0.08183333333333334,0.0,0.5338666666666667,0.5193875,0.08245,0.31691250000000004,0.12001875,0.2132,0.05315625,0.16004374999999998,0.1129125,0.07967500000000001,1.4387499999999998,0.0274875,0.07476250000000001,36.084999999999994,0.15845625,0.3136125,50.59124999999999,0.12001875,0.176275,66.99625,0.0,0.04803125,0.60875,0.040918750000000004,0.12293125,0.3525,0.07967500000000001,0.0,0.596075
106,102,2001-11-20,1,1,2001-02,Indiana Pacers,Atlanta Hawks,1,0.5067549999999998,0.082215,0.321795,0.10274000000000001,0.21718,0.06057,0.156605,0.13235,0.07524499999999999,1.9369999999999998,0.02741,0.07177,38.926,0.160895,0.343225,46.956999999999994,0.10274000000000001,0.12481999999999997,82.745,0.0,0.04410499999999999,0.635,0.027154999999999995,0.120505,0.22800000000000004,0.07524499999999999,0.0,0.6035250000000001,0.4347666666666667,0.04078888888888889,0.2924333333333333,0.10154444444444444,0.22754444444444444,0.0637888888888889,0.16375555555555554,0.07618333333333334,0.08117777777777778,0.9755555555555557,0.013588888888888888,0.05393888888888889,25.787777777777777,0.14622222222222223,0.35053888888888896,41.81555555555556,0.10154444444444444,0.13863888888888887,73.18444444444444,0.0,0.03987777777777778,0.5011111111111111,0.026716666666666666,0.11636666666666667,0.22555555555555554,0.08117777777777778,0.0,0.4421611111111111
110,93,2001-11-21,1,1,2001-02,San Antonio Spurs,Seattle SuperSonics,1,0.5228875000000001,0.1363625,0.26043125,0.1260875,0.2085625,0.06286875,0.14568750000000003,0.10023750000000001,0.06873125,1.5424999999999998,0.045462499999999996,0.09635,45.95375000000001,0.1302125,0.29366875,44.76625,0.1260875,0.1767625,71.05,0.0,0.033343750000000005,0.47375,0.03470625,0.1077125,0.32375000000000004,0.06873125,0.0,0.5659625,0.4883681818181818,0.1119818181818182,0.2956136363636364,0.08076818181818184,0.2192909090909091,0.06491363636363635,0.15437727272727272,0.11762727272727273,0.0774090909090909,1.5881818181818181,0.03733636363636364,0.09090454545454546,40.308181818181815,0.14780454545454544,0.33439090909090907,44.39818181818181,0.08076818181818184,0.11056818181818183,73.58181818181819,0.0,0.04286818181818181,0.5627272727272726,0.021381818181818182,0.13125454545454548,0.16636363636363635,0.0774090909090909,0.0,0.54215
78,89,2001-11-21,1,1,2001-02,Charlotte Hornets,Dallas Mavericks,0,0.4712111111111111,0.08606666666666665,0.2769666666666667,0.10817777777777776,0.21009444444444444,0.04894444444444444,0.16115000000000002,0.08831111111111113,0.07235,1.3344444444444445,0.02869444444444445,0.06794444444444445,43.215555555555554,0.13848333333333332,0.31571111111111105,43.88777777777778,0.10817777777777776,0.13970555555555558,77.82888888888888,0.0,0.031544444444444444,0.44333333333333336,0.0293,0.11615,0.2566666666666667,0.07235,0.0,0.5100888888888888,0.48458499999999993,0.10021,0.28493999999999997,0.09943500000000001,0.20329000000000003,0.045919999999999996,0.157365,0.109405,0.06340499999999999,1.764,0.0334,0.094755,35.116,0.142465,0.305685,46.648,0.09943500000000001,0.12688499999999997,79.423,0.0,0.03808,0.6209999999999999,0.023175000000000005,0.09441999999999999,0.24900000000000003,0.06340499999999999,0.0,0.5430950000000001
94,89,2001-11-21,1,1,2001-02,Philadelphia 76ers,Detroit Pistons,1,0.40524999999999994,0.05179444444444444,0.27338888888888885,0.08006111111111111,0.2141277777777778,0.06734444444444446,0.14678333333333332,0.08810555555555558,0.09515555555555556,0.9644444444444444,0.01726111111111111,0.049405555555555564,36.21,0.13668888888888892,0.32055,42.59777777777778,0.08006111111111111,0.10876111111111111,73.33555555555556,0.0,0.0272,0.30444444444444446,0.0228,0.10532222222222222,0.21777777777777774,0.09515555555555556,0.0,0.41762777777777776,0.4747642857142857,0.10650714285714284,0.27685714285714286,0.09140000000000001,0.20548571428571427,0.0399,0.1655785714285714,0.11234285714285715,0.0851857142857143,1.5071428571428573,0.03550714285714286,0.09255000000000001,38.18571428571429,0.1384357142857143,0.28801428571428567,48.24285714285714,0.09140000000000001,0.10707142857142857,87.02285714285713,0.0,0.044785714285714276,0.5357142857142857,0.03616428571428571,0.10775714285714286,0.3371428571428572,0.0851857142857143,0.0,0.5660428571428572
101,94,2001-11-21,1,1,2001-02,Cleveland Cavaliers,Memphis Grizzlies,1,0.43687777777777786,0.04761666666666667,0.2946444444444445,0.0946111111111111,0.21336666666666668,0.05438333333333333,0.1589888888888889,0.09941666666666665,0.07658333333333334,1.3622222222222224,0.01587777777777778,0.05262777777777777,32.38333333333333,0.14732777777777778,0.3458277777777778,42.68555555555556,0.0946111111111111,0.12170555555555557,77.40444444444445,0.0,0.027705555555555553,0.37444444444444447,0.02896111111111111,0.10410555555555556,0.2944444444444445,0.07658333333333334,0.0,0.4673833333333334,0.44565000000000005,0.0852875,0.26501874999999997,0.09534374999999999,0.2329625,0.07265,0.16030624999999998,0.10274375,0.09236250000000001,1.3199999999999998,0.02843125,0.10391875,26.255000000000003,0.13250625,0.30994374999999996,42.698750000000004,0.09534374999999999,0.13895625,68.14500000000001,0.0,0.040287500000000004,0.47500000000000003,0.026868749999999997,0.11265625000000001,0.23750000000000002,0.09236250000000001,0.0,0.45960625
96,92,2001-11-21,1,1,2001-02,Milwaukee Bucks,Chicago Bulls,1,0.5334499999999999,0.13783333333333334,0.28991666666666666,0.10569166666666667,0.17285833333333334,0.04349999999999999,0.12935833333333333,0.12091666666666667,0.0631,1.9516666666666664,0.04595000000000001,0.106225,42.919999999999995,0.14495833333333333,0.284575,50.835,0.10569166666666667,0.13037500000000002,79.13166666666667,0.0,0.05303333333333333,0.8650000000000001,0.01944166666666667,0.12054166666666666,0.16833333333333333,0.0631,0.0,0.6120249999999999,0.3948277777777778,0.02689444444444445,0.28119444444444447,0.08672777777777779,0.19644444444444442,0.04941111111111111,0.14704444444444442,0.10175000000000001,0.08042777777777779,1.3933333333333335,0.008972222222222222,0.0444,18.09111111111111,0.1406,0.3342111111111111,42.39,0.08672777777777779,0.12738888888888888,68.0911111111111,0.0,0.03865,0.5144444444444445,0.02196666666666667,0.11011666666666668,0.19999999999999998,0.08042777777777779,0.0,0.40350555555555556
95,83,2001-11-21,1,1,2001-02,Sacramento Kings,Portland Trail Blazers,1,0.517245,0.08087,0.336835,0.099525,0.2364,0.06550500000000001,0.170895,0.120335,0.07291500000000001,1.796,0.02696,0.07799999999999999,34.992,0.168415,0.345375,48.834,0.099525,0.138855,72.09,0.0,0.040955000000000005,0.595,0.024725,0.099805,0.253,0.07291500000000001,0.0,0.599425,0.4687849999999999,0.07975,0.29990500000000003,0.08913000000000001,0.197625,0.05178000000000001,0.145835,0.11524000000000001,0.07376999999999997,1.6509999999999998,0.026580000000000003,0.07607,37.207,0.14995000000000003,0.31798499999999996,47.547000000000004,0.08913000000000001,0.11612,76.81300000000002,0.0,0.038475,0.5349999999999999,0.029525000000000003,0.117245,0.253,0.07376999999999997,0.0,0.53135
85,92,2001-11-21,1,1,2001-02,Boston Celtics,Atlanta Hawks,0,0.5044928571428572,0.14299285714285714,0.2583642857142857,0.10312142857142856,0.2294642857142857,0.06375714285714286,0.16570714285714286,0.11561428571428571,0.06677857142857142,1.8142857142857143,0.04766428571428571,0.10747857142857142,44.51571428571429,0.1291857142857143,0.31006428571428574,41.67714285714286,0.10312142857142856,0.1369357142857143,75.69142857142857,0.0,0.03960000000000001,0.6100000000000001,0.017300000000000003,0.09335714285714285,0.17999999999999997,0.06677857142857142,0.0,0.5651857142857143,0.43716499999999997,0.04215,0.293315,0.10169999999999998,0.22623,0.06341000000000001,0.16281999999999996,0.07806500000000001,0.082185,0.9880000000000001,0.01404,0.053735,26.599,0.14666,0.34861000000000003,42.226000000000006,0.10169999999999998,0.13827499999999998,73.61699999999999,0.0,0.039330000000000004,0.48999999999999994,0.02617,0.11498000000000001,0.225,0.082185,0.0,0.44657
96,72,2001-11-21,1,1,2001-02,Phoenix Suns,New York Knicks,1,0.502805,0.06892999999999999,0.34521999999999997,0.08865,0.21844000000000002,0.059719999999999995,0.15872,0.118905,0.07908500000000002,1.6179999999999999,0.022975,0.06395999999999999,34.584999999999994,0.17260999999999999,0.35545499999999997,48.75899999999999,0.08865,0.10952000000000002,80.94200000000001,0.0,0.047994999999999996,0.6639999999999999,0.019905,0.12651500000000002,0.16299999999999998,0.07908500000000002,0.0,0.584265,0.4413409090909091,0.08423636363636364,0.2536,0.10350909090909091,0.20552727272727275,0.05430000000000001,0.1512227272727273,0.09233636363636365,0.07418636363636363,1.3045454545454545,0.02807727272727273,0.08465454545454544,33.021818181818176,0.12679545454545454,0.29507272727272726,43.37090909090909,0.10350909090909091,0.14292727272727276,73.07545454545453,0.0,0.036509090909090915,0.5336363636363637,0.01275909090909091,0.10588636363636365,0.11454545454545456,0.07418636363636363,0.0,0.4500181818181818
89,90,2001-11-21,1,1,2001-02,Utah Jazz,New Jersey Nets,0,0.49681,0.04727,0.33366,0.11587,0.20705999999999997,0.059775,0.14728,0.13748,0.096695,1.441,0.01576,0.04990499999999999,31.840000000000003,0.166835,0.333595,50.132,0.11587,0.156725,74.96500000000002,0.0,0.0439,0.46299999999999997,0.03102,0.125895,0.25,0.096695,0.0,0.5777950000000001,0.48417777777777776,0.08363888888888887,0.29738888888888887,0.1031611111111111,0.22985555555555554,0.06996666666666668,0.15990000000000004,0.1103388888888889,0.0733388888888889,1.62,0.02787777777777778,0.07052222222222222,38.69444444444445,0.1486888888888889,0.36211111111111105,41.126666666666665,0.1031611111111111,0.13361666666666666,77.71111111111111,0.0,0.035977777777777775,0.5422222222222223,0.035411111111111115,0.11242222222222223,0.33555555555555555,0.0733388888888889,0.0,0.5359055555555555
117,106,2001-11-21,1,1,2001-02,Orlando Magic,Minnesota Timberwolves,1,0.5333100000000001,0.07814999999999998,0.34187999999999996,0.11327499999999999,0.22228999999999996,0.072695,0.14959499999999998,0.11240999999999998,0.071855,1.6800000000000002,0.02605,0.07644,35.788,0.17094,0.349125,49.446,0.11327499999999999,0.14810500000000001,76.487,0.0,0.04320499999999999,0.615,0.032279999999999996,0.13331999999999997,0.24200000000000005,0.071855,0.0,0.608215,0.4947944444444444,0.0542,0.35425,0.08635,0.21040555555555557,0.054561111111111116,0.15584444444444442,0.13593333333333335,0.055016666666666665,2.5444444444444443,0.01806111111111111,0.04590555555555556,39.038888888888884,0.17712777777777777,0.3721055555555555,47.73777777777779,0.08635,0.10819444444444444,80.43222222222222,0.0,0.03731111111111111,0.7000000000000001,0.03180555555555556,0.10632777777777778,0.2988888888888889,0.055016666666666665,0.0,0.6105333333333334
