placar_casa,placar_visitante,data,round,stage,ano,equipe_casa,equipe_visitante,resultado,Pts_casa,3P_casa,2P_casa,LL_casa,RT_casa,RO_casa,RD_casa,AS_casa,ER_casa,IA%_casa,3PC_casa,3PT_casa,3P%_casa,2PC_casa,2PT_casa,2P%_casa,LLC_casa,LLT_casa,LL%_casa,EN_casa,BR_casa,B/E_casa,TO_casa,FC_casa,T/FC_casa,ET_casa,VI_casa,EF_casa,Pts_visitante,3P_visitante,2P_visitante,LL_visitante,RT_visitante,RO_visitante,RD_visitante,AS_visitante,ER_visitante,IA%_visitante,3PC_visitante,3PT_visitante,3P%_visitante,2PC_visitante,2PT_visitante,2P%_visitante,LLC_visitante,LLT_visitante,LL%_visitante,EN_visitante,BR_visitante,B/E_visitante,TO_visitante,FC_visitante,T/FC_visitante,ET_visitante,VI_visitante,EF_visitante
77,56,2009-01-28,1,1,2008-2009,Espírito Santo,Araraquara,1,0.0,0.0,0.0,0.0,0.0,0.0,0.0,0.0,0.0,0.0,0.0,0.0,0.0,0.0,0.0,0.0,0.0,0.0,0.0,0.0,0.0,0.0,0.0,0.0,0.0,0.0,0.0,0.0,0.0,0.0,0.0,0.0,0.0,0.0,0.0,0.0,0.0,0.0,0.0,0.0,0.0,0.0,0.0,0.0,0.0,0.0,0.0,0.0,0.0,0.0,0.0,0.0,0.0,0.0,0.0,0.0
88,75,2009-01-28,1,1,2008-2009,Brasília,Assis,1,0.0,0.0,0.0,0.0,0.0,0.0,0.0,0.0,0.0,0.0,0.0,0.0,0.0,0.0,0.0,0.0,0.0,0.0,0.0,0.0,0.0,0.0,0.0,0.0,0.0,0.0,0.0,0.0,0.0,0.0,0.0,0.0,0.0,0.0,0.0,0.0,0.0,0.0,0.0,0.0,0.0,0.0,0.0,0.0,0.0,0.0,0.0,0.0,0.0,0.0,0.0,0.0,0.0,0.0,0.0,0.0
89,90,2009-01-28,1,1,2008-2009,Pinheiros,Flamengo,0,0.0,0.0,0.0,0.0,0.0,0.0,0.0,0.0,0.0,0.0,0.0,0.0,0.0,0.0,0.0,0.0,0.0,0.0,0.0,0.0,0.0,0.0,0.0,0.0,0.0,0.0,0.0,0.0,0.0,0.0,0.0,0.0,0.0,0.0,0.0,0.0,0.0,0.0,0.0,0.0,0.0,0.0,0.0,0.0,0.0,0.0,0.0,0.0,0.0,0.0,0.0,0.0,0.0,0.0,0.0,0.0
82,76,2009-01-28,1,1,2008-2009,Paulistano,Minas,1,0.0,0.0,0.0,0.0,0.0,0.0,0.0,0.0,0.0,0.0,0.0,0.0,0.0,0.0,0.0,0.0,0.0,0.0,0.0,0.0,0.0,0.0,0.0,0.0,0.0,0.0,0.0,0.0,0.0,0.0,0.0,0.0,0.0,0.0,0.0,0.0,0.0,0.0,0.0,0.0,0.0,0.0,0.0,0.0,0.0,0.0,0.0,0.0,0.0,0.0,0.0,0.0,0.0,0.0,0.0,0.0
73,68,2009-01-28,1,1,2008-2009,Coop/São José Basketball,Lajeado,1,0.0,0.0,0.0,0.0,0.0,0.0,0.0,0.0,0.0,0.0,0.0,0.0,0.0,0.0,0.0,0.0,0.0,0.0,0.0,0.0,0.0,0.0,0.0,0.0,0.0,0.0,0.0,0.0,0.0,0.0,0.0,0.0,0.0,0.0,0.0,0.0,0.0,0.0,0.0,0.0,0.0,0.0,0.0,0.0,0.0,0.0,0.0,0.0,0.0,0.0,0.0,0.0,0.0,0.0,0.0,0.0
93,88,2009-01-28,1,1,2008-2009,Limeira,Joinville,1,0.0,0.0,0.0,0.0,0.0,0.0,0.0,0.0,0.0,0.0,0.0,0.0,0.0,0.0,0.0,0.0,0.0,0.0,0.0,0.0,0.0,0.0,0.0,0.0,0.0,0.0,0.0,0.0,0.0,0.0,0.0,0.0,0.0,0.0,0.0,0.0,0.0,0.0,0.0,0.0,0.0,0.0,0.0,0.0,0.0,0.0,0.0,0.0,0.0,0.0,0.0,0.0,0.0,0.0,0.0,0.0
79,80,2009-01-28,1,1,2008-2009,Saldanha,Sesi Franca,0,0.0,0.0,0.0,0.0,0.0,0.0,0.0,0.0,0.0,0.0,0.0,0.0,0.0,0.0,0.0,0.0,0.0,0.0,0.0,0.0,0.0,0.0,0.0,0.0,0.0,0.0,0.0,0.0,0.0,0.0,0.0,0.0,0.0,0.0,0.0,0.0,0.0,0.0,0.0,0.0,0.0,0.0,0.0,0.0,0.0,0.0,0.0,0.0,0.0,0.0,0.0,0.0,0.0,0.0,0.0,0.0
76,65,2009-01-30,2,1,2008-2009,Brasília,Bauru Basket,1,0.44,0.12,0.25,0.07,0.145,0.065,0.08,0.07,0.065,1.08,0.04,0.095,42.11,0.125,0.205,60.98,0.07,0.095,73.68,0.015,0.045,0.69,0.02,0.11,0.18,0.065,0.0,0.495,0.0,0.0,0.0,0.0,0.0,0.0,0.0,0.0,0.0,0.0,0.0,0.0,0.0,0.0,0.0,0.0,0.0,0.0,0.0,0.0,0.0,0.0,0.0,0.0,0.0,0.0,0.0,0.0
80,81,2009-01-30,2,1,2008-2009,Pinheiros,Minas,0,0.445,0.09,0.25,0.105,0.195,0.06,0.135,0.08,0.09,0.89,0.03,0.11,27.27,0.125,0.205,60.98,0.105,0.12,87.5,0.01,0.025,0.28,0.015,0.09,0.17,0.09,0.0,0.495,0.38,0.09,0.21,0.08,0.14,0.04,0.1,0.09,0.075,1.2,0.03,0.105,28.57,0.105,0.195,53.85,0.08,0.135,59.26,0.0,0.045,0.6,0.0,0.105,0.0,0.075,0.0,0.36
87,96,2009-01-30,2,1,2008-2009,Paulistano,Flamengo,0,0.41,0.105,0.24,0.065,0.185,0.07,0.115,0.11,0.1,1.1,0.035,0.105,33.33,0.12,0.21,57.14,0.065,0.11,59.09,0.01,0.03,0.3,0.02,0.105,0.19,0.1,0.0,0.45,0.45,0.18,0.22,0.05,0.13,0.05,0.08,0.065,0.045,1.44,0.06,0.155,38.71,0.11,0.215,51.16,0.05,0.075,66.67,0.015,0.045,1.0,0.0,0.1,0.0,0.045,0.0,0.42
91,109,2009-01-30,2,1,2008-2009,Coop/São José Basketball,Joinville,0,0.365,0.105,0.16,0.1,0.175,0.035,0.14,0.06,0.06,1.0,0.035,0.13,26.92,0.08,0.17,47.06,0.1,0.135,74.07,0.0,0.03,0.5,0.02,0.095,0.21,0.06,0.0,0.37,0.44,0.15,0.21,0.08,0.125,0.035,0.09,0.105,0.075,1.4,0.05,0.13,38.46,0.105,0.215,48.84,0.08,0.115,69.57,0.005,0.045,0.6,0.01,0.13,0.08,0.075,0.0,0.425
75,72,2009-01-30,2,1,2008-2009,Limeira,Lajeado,1,0.465,0.21,0.18,0.075,0.16,0.035,0.125,0.095,0.12,0.79,0.07,0.195,35.9,0.09,0.145,62.07,0.075,0.09,83.33,0.005,0.025,0.21,0.025,0.115,0.22,0.12,0.0,0.455,0.34,0.105,0.16,0.075,0.17,0.045,0.125,0.05,0.125,0.4,0.035,0.16,21.88,0.08,0.185,43.24,0.075,0.095,78.95,0.005,0.055,0.44,0.01,0.115,0.09,0.125,0.0,0.25
84,72,2009-01-30,2,1,2008-2009,Saldanha,Araraquara,1,0.395,0.12,0.22,0.055,0.16,0.04,0.12,0.01,0.085,0.12,0.04,0.11,36.36,0.11,0.185,59.46,0.055,0.075,73.33,0.02,0.03,0.35,0.015,0.085,0.18,0.085,0.0,0.36,0.28,0.03,0.21,0.04,0.125,0.025,0.1,0.045,0.095,0.47,0.01,0.115,8.7,0.105,0.22,47.73,0.04,0.075,53.33,0.0,0.065,0.68,0.01,0.105,0.1,0.095,0.0,0.175
74,83,2009-01-31,2,1,2008-2009,Espírito Santo,Sesi Franca,0,0.385,0.06,0.29,0.035,0.155,0.035,0.12,0.095,0.055,1.73,0.02,0.085,23.53,0.145,0.235,61.7,0.035,0.09,38.89,0.0,0.06,1.09,0.01,0.09,0.11,0.055,0.0,0.44,0.4,0.12,0.2,0.08,0.105,0.015,0.09,0.025,0.06,0.42,0.04,0.13,30.77,0.1,0.165,60.61,0.08,0.14,57.14,0.01,0.045,0.75,0.02,0.05,0.4,0.06,0.0,0.32
82,65,2009-02-03,3,1,2008-2009,Pinheiros,Paulistano,1,0.4225,0.12,0.195,0.1075,0.175,0.0475,0.1275,0.08,0.08,1.015,0.04,0.1175,33.635,0.0975,0.18,53.06999999999999,0.1075,0.1325,81.68,0.015,0.030000000000000002,0.39,0.0125,0.09,0.14,0.08,0.0,0.45499999999999996,0.4225,0.1275,0.21,0.08499999999999999,0.14250000000000002,0.052500000000000005,0.09,0.10500000000000001,0.095,1.105,0.0425,0.105,40.474999999999994,0.105,0.1775,59.605000000000004,0.08499999999999999,0.1225,68.435,0.0075,0.0325,0.345,0.0125,0.11,0.115,0.095,0.0,0.4475
83,73,2009-02-03,3,1,2008-2009,Coop/São José Basketball,Limeira,1,0.41000000000000003,0.1275,0.16999999999999998,0.1125,0.15,0.0425,0.10750000000000001,0.0675,0.06,1.125,0.0425,0.14750000000000002,28.61,0.08499999999999999,0.1675,50.805,0.1125,0.15000000000000002,74.91499999999999,0.0,0.0325,0.54,0.02,0.1125,0.18,0.06,0.0,0.395,0.42000000000000004,0.16499999999999998,0.16499999999999998,0.09,0.14750000000000002,0.030000000000000002,0.1175,0.08,0.1075,0.7350000000000001,0.05500000000000001,0.16,33.95,0.08249999999999999,0.14250000000000002,57.82,0.09,0.105,85.41499999999999,0.005,0.0225,0.21,0.0225,0.1125,0.2,0.1075,0.0,0.405
63,74,2009-02-03,3,1,2008-2009,Saldanha,Espírito Santo,0,0.4075,0.1275,0.19,0.09,0.155,0.0325,0.1225,0.0325,0.09,0.35,0.042499999999999996,0.1075,39.61,0.095,0.16499999999999998,57.315,0.09,0.1275,71.38499999999999,0.0225,0.045,0.49,0.02,0.0975,0.20500000000000002,0.09,0.0,0.39749999999999996,0.3775,0.08249999999999999,0.255,0.04,0.1575,0.035,0.1225,0.07250000000000001,0.052500000000000005,1.365,0.027500000000000004,0.10750000000000001,25.225,0.1275,0.22249999999999998,57.040000000000006,0.04,0.08249999999999999,49.445,0.0025,0.0475,0.895,0.01,0.11,0.095,0.052500000000000005,0.0,0.395
82,87,2009-02-03,3,1,2008-2009,Araraquara,Sesi Franca,0,0.32,0.09,0.16999999999999998,0.06,0.1275,0.030000000000000002,0.0975,0.035,0.095,0.365,0.030000000000000002,0.13,21.589999999999996,0.08499999999999999,0.1775,47.94,0.06,0.10750000000000001,55.235,0.0025,0.0575,0.605,0.0125,0.1175,0.11,0.095,0.0,0.2175,0.4075,0.0975,0.21500000000000002,0.095,0.145,0.0325,0.1125,0.05500000000000001,0.06,0.9199999999999999,0.0325,0.10750000000000001,30.09,0.10750000000000001,0.185,58.355000000000004,0.095,0.14,67.85499999999999,0.005,0.04,0.665,0.01,0.055,0.2,0.06,0.0,0.4
78,56,2009-02-03,3,1,2008-2009,Joinville,Lajeado,1,0.49250000000000005,0.1875,0.215,0.09,0.1375,0.0425,0.095,0.1075,0.08499999999999999,1.2799999999999998,0.0625,0.1375,45.09,0.1075,0.1925,56.775,0.09,0.12,74.785,0.0025,0.03,0.38,0.0125,0.13,0.1,0.08499999999999999,0.0,0.505,0.35,0.075,0.175,0.1,0.18,0.0575,0.1225,0.0625,0.10500000000000001,0.64,0.025,0.1325,18.085,0.0875,0.1975,44.24,0.1,0.14,73.25999999999999,0.0025,0.042499999999999996,0.395,0.0075,0.12,0.065,0.10500000000000001,0.0,0.28
85,102,2009-02-03,3,1,2008-2009,Minas,Flamengo,0,0.3925,0.0975,0.22999999999999998,0.065,0.15250000000000002,0.042499999999999996,0.11,0.1,0.07,1.4449999999999998,0.0325,0.0975,33.730000000000004,0.11499999999999999,0.2175,52.965,0.065,0.10750000000000001,60.879999999999995,0.0025,0.035,0.49,0.0025,0.11499999999999999,0.02,0.07,0.0,0.40249999999999997,0.46499999999999997,0.195,0.2,0.07,0.1375,0.065,0.07250000000000001,0.08,0.0675,1.25,0.065,0.14250000000000002,46.28,0.1,0.2,49.905,0.07,0.09,76.19,0.0125,0.042499999999999996,0.72,0.0075,0.11,0.065,0.0675,0.0,0.4675
78,77,2009-02-03,3,1,2008-2009,Assis,Bauru Basket,1,0.375,0.09,0.18,0.105,0.14,0.04,0.1,0.03,0.08,0.38,0.03,0.11,27.27,0.09,0.165,54.55,0.105,0.13,80.77,0.005,0.035,0.44,0.015,0.075,0.2,0.08,0.0,0.335,0.325,0.075,0.19,0.06,0.145,0.03,0.115,0.025,0.06,0.42,0.025,0.1,25.0,0.095,0.2,47.5,0.06,0.105,57.14,0.005,0.02,0.33,0.01,0.095,0.11,0.06,0.0,0.24
70,65,2009-02-11,4,1,2008-2009,Joinville,Espírito Santo,1,0.4583333333333333,0.17500000000000002,0.21333333333333335,0.06999999999999999,0.155,0.045000000000000005,0.11,0.10166666666666667,0.08833333333333333,1.17,0.05833333333333333,0.1366666666666667,42.406666666666666,0.10666666666666667,0.18833333333333332,57.29333333333333,0.06999999999999999,0.09499999999999999,72.08,0.0033333333333333335,0.03166666666666667,0.37666666666666665,0.008333333333333333,0.11333333333333334,0.06666666666666667,0.08833333333333333,0.0,0.4816666666666667,0.375,0.085,0.2333333333333333,0.056666666666666664,0.14166666666666666,0.036666666666666674,0.105,0.05666666666666667,0.06333333333333334,1.0066666666666666,0.028333333333333335,0.10333333333333335,27.343333333333334,0.11666666666666665,0.19666666666666666,59.866666666666674,0.056666666666666664,0.08833333333333333,62.96333333333333,0.0016666666666666668,0.055,0.87,0.006666666666666667,0.10666666666666667,0.06333333333333334,0.06333333333333334,0.0,0.385
77,80,2009-02-11,4,1,2008-2009,Lajeado,Saldanha,0,0.32666666666666666,0.065,0.18000000000000002,0.08166666666666667,0.165,0.05833333333333333,0.10666666666666667,0.055,0.09666666666666668,0.5933333333333334,0.021666666666666667,0.11833333333333333,17.613333333333333,0.09000000000000001,0.205,43.88666666666666,0.08166666666666667,0.11833333333333335,68.83999999999999,0.0033333333333333335,0.04666666666666666,0.49333333333333335,0.005,0.09833333333333333,0.043333333333333335,0.09666666666666668,0.0,0.25333333333333335,0.37666666666666665,0.11,0.18666666666666668,0.08,0.15666666666666665,0.05000000000000001,0.10666666666666667,0.03,0.09499999999999999,0.3133333333333333,0.03666666666666666,0.10833333333333334,33.983333333333334,0.09333333333333334,0.17,54.876666666666665,0.08,0.11166666666666668,72.58999999999999,0.018333333333333333,0.04666666666666667,0.48666666666666664,0.013333333333333334,0.09833333333333334,0.1366666666666667,0.09499999999999999,0.0,0.34833333333333333
79,85,2009-02-11,4,1,2008-2009,Limeira,Minas,0,0.40166666666666667,0.155,0.15666666666666665,0.09000000000000001,0.14333333333333334,0.03166666666666667,0.11166666666666665,0.07333333333333333,0.12833333333333333,0.6066666666666668,0.05166666666666667,0.14166666666666666,36.92,0.07833333333333332,0.14500000000000002,54.10333333333333,0.09000000000000001,0.10666666666666667,84.21666666666665,0.008333333333333333,0.02666666666666667,0.21,0.015,0.10666666666666667,0.13333333333333333,0.12833333333333333,0.0,0.3583333333333334,0.4033333333333333,0.09999999999999999,0.2333333333333333,0.07,0.1566666666666667,0.043333333333333335,0.11333333333333333,0.09500000000000001,0.07333333333333335,1.3166666666666667,0.03333333333333333,0.10666666666666667,31.820000000000004,0.11666666666666665,0.21166666666666667,55.31,0.07,0.10500000000000002,67.25333333333333,0.005,0.02666666666666667,0.36999999999999994,0.006666666666666667,0.10833333333333332,0.06666666666666667,0.07333333333333335,0.0,0.4116666666666666
72,90,2009-02-11,4,1,2008-2009,Coop/São José Basketball,Flamengo,0,0.4116666666666667,0.13,0.19333333333333333,0.08833333333333333,0.13833333333333334,0.036666666666666674,0.10166666666666668,0.07166666666666667,0.06999999999999999,1.0466666666666666,0.043333333333333335,0.1416666666666667,30.613333333333333,0.09666666666666666,0.17333333333333334,55.49,0.08833333333333333,0.11833333333333335,74.18666666666667,0.0,0.03833333333333334,0.5466666666666667,0.015,0.11833333333333333,0.13333333333333333,0.06999999999999999,0.0,0.39999999999999997,0.48,0.18500000000000003,0.22666666666666668,0.06833333333333334,0.15,0.06333333333333334,0.08666666666666667,0.085,0.06,1.5366666666666664,0.06166666666666667,0.14333333333333334,43.49666666666667,0.11333333333333334,0.21,53.56,0.06833333333333334,0.09499999999999999,71.42666666666666,0.01,0.03833333333333333,0.7033333333333333,0.006666666666666667,0.10333333333333333,0.06333333333333334,0.06,0.0,0.49500000000000005
68,73,2009-02-11,4,1,2008-2009,Assis,Paulistano,0,0.3825,0.105,0.18,0.0975,0.14250000000000002,0.042499999999999996,0.1,0.0525,0.0575,1.26,0.035,0.12,29.02,0.09,0.1675,53.745,0.0975,0.1325,73.72,0.005,0.0325,0.65,0.0175,0.08249999999999999,0.21000000000000002,0.0575,0.0,0.3725,0.38999999999999996,0.11499999999999999,0.20666666666666667,0.06833333333333333,0.14333333333333334,0.05166666666666667,0.09166666666666667,0.10666666666666667,0.07833333333333332,1.55,0.03833333333333334,0.12,33.65,0.10333333333333333,0.18333333333333335,56.830000000000005,0.06833333333333333,0.10333333333333333,63.57333333333333,0.006666666666666667,0.03,0.4166666666666667,0.02,0.11166666666666668,0.17666666666666667,0.07833333333333332,0.0,0.41500000000000004
88,82,2009-02-11,4,1,2008-2009,Bauru Basket,Pinheiros,1,0.355,0.0675,0.22,0.0675,0.1375,0.0275,0.11,0.0325,0.057499999999999996,0.575,0.0225,0.0825,27.884999999999998,0.11,0.20750000000000002,52.82,0.0675,0.095,72.69,0.0025,0.0175,0.30000000000000004,0.01,0.10500000000000001,0.1,0.057499999999999996,0.0,0.31,0.4183333333333333,0.135,0.18333333333333335,0.09999999999999999,0.18499999999999997,0.051666666666666666,0.13333333333333333,0.08,0.075,1.0866666666666667,0.045000000000000005,0.11833333333333333,37.699999999999996,0.09166666666666667,0.18166666666666664,49.79333333333333,0.09999999999999999,0.12833333333333333,78.06333333333333,0.015,0.028333333333333335,0.3866666666666667,0.011666666666666667,0.085,0.1366666666666667,0.075,0.0,0.4566666666666666
77,64,2009-02-12,4,1,2008-2009,Araraquara,Brasília,1,0.35000000000000003,0.11499999999999999,0.18333333333333332,0.051666666666666666,0.14333333333333334,0.03333333333333333,0.11,0.05166666666666667,0.08,0.8099999999999999,0.03833333333333334,0.15166666666666667,23.796666666666663,0.09166666666666666,0.17500000000000002,52.54666666666666,0.051666666666666666,0.09166666666666667,56.26666666666667,0.0033333333333333335,0.045000000000000005,0.5366666666666666,0.018333333333333333,0.11166666666666665,0.17333333333333334,0.08,0.0,0.2916666666666667,0.41000000000000003,0.0975,0.245,0.0675,0.16749999999999998,0.055,0.11249999999999999,0.0675,0.07,0.9750000000000001,0.0325,0.1,32.96,0.1225,0.205,59.76,0.0675,0.1,67.79,0.0075,0.04,0.58,0.025,0.1,0.255,0.07,0.0,0.4575
59,66,2009-02-13,5,1,2008-2009,Sesi Franca,Brasília,0,0.4166666666666667,0.09999999999999999,0.22666666666666668,0.09000000000000001,0.15166666666666664,0.03,0.12166666666666666,0.06833333333333334,0.06,1.14,0.03333333333333333,0.11333333333333334,29.393333333333334,0.11333333333333334,0.20833333333333334,55.24333333333334,0.09000000000000001,0.13,69.48,0.0033333333333333335,0.04,0.6666666666666666,0.008333333333333333,0.06333333333333334,0.15333333333333335,0.06,0.0,0.41,0.38000000000000006,0.105,0.21,0.065,0.17166666666666663,0.04833333333333334,0.12333333333333334,0.07,0.07833333333333334,0.9133333333333334,0.035,0.10666666666666667,33.083333333333336,0.105,0.18999999999999997,54.423333333333325,0.065,0.10000000000000002,65.19333333333334,0.008333333333333333,0.04,0.5266666666666666,0.018333333333333333,0.10833333333333334,0.18333333333333335,0.07833333333333334,0.0,0.41
93,50,2009-02-13,5,1,2008-2009,Joinville,Saldanha,1,0.43125,0.16875,0.1925,0.07,0.16375,0.03875,0.125,0.095,0.085,1.1275,0.056249999999999994,0.1375,40.7325,0.09625,0.1775,54.177499999999995,0.07,0.0925,74.64750000000001,0.0025,0.0325,0.39999999999999997,0.01,0.11375,0.0825,0.085,0.0,0.4625,0.38249999999999995,0.10500000000000001,0.2,0.0775,0.15,0.04000000000000001,0.11,0.0325,0.0925,0.3525,0.034999999999999996,0.10625000000000001,32.9875,0.1,0.17125,58.3,0.0775,0.11375,69.02499999999999,0.02,0.04875,0.5275,0.01125,0.10250000000000001,0.1125,0.0925,0.0,0.35375
84,93,2009-02-13,5,1,2008-2009,Lajeado,Espírito Santo,0,0.34125,0.05625,0.20500000000000002,0.08,0.16125,0.06,0.10125,0.055,0.095,0.5975,0.01875,0.09874999999999999,19.46,0.10250000000000001,0.22125,45.8775,0.08,0.12250000000000001,65.52,0.0025,0.048749999999999995,0.5225,0.00375,0.09999999999999999,0.0325,0.095,0.0,0.27375,0.3625,0.07875,0.22249999999999998,0.06125,0.14625,0.04125,0.105,0.05,0.06375,0.87,0.026250000000000002,0.10625000000000001,24.855,0.11124999999999999,0.1925,58.095000000000006,0.06125,0.10375000000000001,59.7225,0.0025,0.058750000000000004,0.9225,0.005,0.1075,0.0475,0.06375,0.0,0.355
108,101,2009-02-13,5,1,2008-2009,Limeira,Flamengo,1,0.4,0.15,0.16,0.09,0.15250000000000002,0.04125,0.11124999999999999,0.07625,0.11,0.8425,0.05,0.1425,35.447500000000005,0.08,0.15750000000000003,51.475,0.09,0.11,81.9125,0.00625,0.0275,0.29500000000000004,0.0225,0.11125,0.19,0.11,0.0,0.37875000000000003,0.4725,0.17625000000000002,0.23,0.06625,0.15625,0.0575,0.09875,0.075,0.07125,1.2599999999999998,0.05875,0.1325,45.1225,0.115,0.21,54.455,0.06625,0.095,69.36,0.007500000000000001,0.03625,0.6,0.005,0.0975,0.0475,0.07125,0.0,0.47625
88,89,2009-02-13,5,1,2008-2009,Coop/São José Basketball,Minas,0,0.39875000000000005,0.13125,0.19,0.0775,0.13624999999999998,0.037500000000000006,0.09875,0.06875,0.075,0.9525,0.04375,0.14375000000000002,30.46,0.095,0.175,54.1175,0.0775,0.10750000000000001,70.64,0.00125,0.037500000000000006,0.5075000000000001,0.015,0.11499999999999999,0.135,0.075,0.0,0.37124999999999997,0.40875,0.11249999999999999,0.21999999999999997,0.07625000000000001,0.17500000000000002,0.051250000000000004,0.12375,0.09625,0.07125000000000001,1.3725,0.037500000000000006,0.11125,33.865,0.10999999999999999,0.20875,52.7325,0.07625000000000001,0.11500000000000002,66.82,0.00375,0.0275,0.39249999999999996,0.005,0.10999999999999999,0.05,0.07125000000000001,0.0,0.42999999999999994
87,77,2009-02-13,5,1,2008-2009,Assis,Pinheiros,1,0.36833333333333335,0.09499999999999999,0.16666666666666666,0.10666666666666667,0.1516666666666667,0.051666666666666666,0.10000000000000002,0.06,0.05666666666666667,1.2933333333333332,0.03166666666666667,0.10833333333333334,29.150000000000002,0.08333333333333333,0.16333333333333333,50.883333333333326,0.10666666666666667,0.15166666666666667,71.07666666666667,0.006666666666666667,0.03333333333333333,0.6466666666666666,0.018333333333333337,0.09333333333333332,0.19666666666666668,0.05666666666666667,0.0,0.37333333333333335,0.41624999999999995,0.13875,0.18000000000000002,0.0975,0.1725,0.04625,0.12625,0.07875,0.07,1.155,0.04625,0.11875,38.692499999999995,0.09000000000000001,0.16874999999999998,53.69,0.0975,0.13,75.215,0.012499999999999999,0.025,0.35750000000000004,0.00875,0.0875,0.10250000000000001,0.07,0.0,0.44749999999999995
88,72,2009-02-13,5,1,2008-2009,Bauru Basket,Paulistano,1,0.3833333333333333,0.085,0.22333333333333336,0.075,0.1366666666666667,0.024999999999999998,0.11166666666666668,0.041666666666666664,0.05333333333333332,0.8266666666666667,0.028333333333333332,0.08333333333333333,34.276666666666664,0.11166666666666668,0.21,53.04333333333333,0.075,0.09666666666666668,78.46,0.005,0.02,0.3866666666666667,0.013333333333333334,0.10666666666666667,0.12666666666666668,0.05333333333333332,0.0,0.3666666666666667,0.38375,0.12375,0.1875,0.0725,0.15375,0.05750000000000001,0.09625,0.09375,0.07875,1.335,0.04125,0.1175,36.599999999999994,0.09375,0.17500000000000002,53.455,0.0725,0.105,66.9975,0.00625,0.03125,0.4225,0.0175,0.11875000000000001,0.15000000000000002,0.07875,0.0,0.41125
70,57,2009-02-18,6,1,2008-2009,Minas,Bauru Basket,1,0.41600000000000004,0.11699999999999999,0.22599999999999998,0.07300000000000001,0.18000000000000002,0.054000000000000006,0.126,0.097,0.075,1.32,0.039,0.11400000000000002,34.292,0.11299999999999999,0.20800000000000002,54.382000000000005,0.07300000000000001,0.10700000000000001,69.45599999999999,0.005,0.028000000000000004,0.38,0.007000000000000001,0.10599999999999998,0.074,0.075,0.0,0.44899999999999995,0.39749999999999996,0.10500000000000001,0.21750000000000003,0.075,0.135,0.03375,0.10125,0.05375,0.05124999999999999,1.12,0.034999999999999996,0.09,38.207499999999996,0.10875000000000001,0.21,51.6875,0.075,0.09875,76.7025,0.00375,0.0225,0.4575,0.01375,0.0975,0.1475,0.05124999999999999,0.0,0.39125000000000004
104,72,2009-02-18,6,1,2008-2009,Brasília,Saldanha,1,0.36750000000000005,0.09375,0.22,0.05375,0.18499999999999997,0.053750000000000006,0.13125,0.0675,0.08625000000000001,0.8225,0.03125,0.10125,30.695,0.11,0.20124999999999998,54.114999999999995,0.05375,0.08000000000000002,73.89500000000001,0.01125,0.03875,0.475,0.01625,0.10250000000000001,0.1675,0.08625000000000001,0.0,0.40125,0.356,0.099,0.188,0.06899999999999999,0.153,0.044000000000000004,0.10900000000000001,0.028000000000000004,0.095,0.302,0.032999999999999995,0.10700000000000001,30.935999999999996,0.094,0.183,52.726,0.06899999999999999,0.10400000000000001,65.99,0.017,0.052000000000000005,0.546,0.012,0.099,0.126,0.095,0.0,0.308
90,85,2009-02-18,6,1,2008-2009,Araraquara,Limeira,1,0.35875,0.11249999999999999,0.1775,0.06875,0.15,0.036250000000000004,0.11375,0.05750000000000001,0.07875,0.8574999999999999,0.037500000000000006,0.14250000000000002,25.455,0.08875,0.17125,51.91,0.06875,0.10750000000000001,61.55500000000001,0.0025,0.045,0.5525,0.02375,0.10749999999999998,0.235,0.07875,0.0,0.33,0.42800000000000005,0.16199999999999998,0.166,0.1,0.15100000000000002,0.043000000000000003,0.10799999999999998,0.08199999999999999,0.1,1.024,0.054000000000000006,0.141,38.728,0.083,0.15800000000000003,53.056000000000004,0.1,0.123,81.53,0.011,0.029000000000000005,0.35200000000000004,0.023,0.11299999999999999,0.194,0.1,0.0,0.42800000000000005
91,84,2009-02-18,6,1,2008-2009,Sesi Franca,Coop/São José Basketball,1,0.38875,0.0975,0.21250000000000002,0.07875,0.155,0.04,0.11499999999999999,0.065,0.06,1.085,0.0325,0.115,28.295,0.10625000000000001,0.2175,50.105000000000004,0.07875,0.11375,69.4175,0.005,0.05375,0.895,0.0125,0.0675,0.1925,0.06,0.0,0.38625,0.40700000000000003,0.14100000000000001,0.186,0.08,0.13299999999999998,0.036000000000000004,0.097,0.069,0.072,0.9960000000000001,0.047,0.138,34.802,0.093,0.18,51.794000000000004,0.08,0.10800000000000001,72.876,0.001,0.036000000000000004,0.506,0.012,0.10799999999999998,0.10800000000000001,0.072,0.0,0.37899999999999995
67,48,2009-02-18,6,1,2008-2009,Joinville,Paulistano,1,0.438,0.156,0.21000000000000002,0.07200000000000001,0.177,0.041,0.13599999999999998,0.097,0.084,1.1640000000000001,0.052000000000000005,0.129,39.954,0.10500000000000001,0.188,55.516,0.07200000000000001,0.097,73.632,0.004,0.041,0.508,0.015000000000000003,0.10500000000000001,0.166,0.084,0.0,0.499,0.379,0.123,0.192,0.06399999999999999,0.149,0.05700000000000001,0.092,0.089,0.077,1.268,0.041,0.11599999999999999,36.552,0.096,0.17300000000000001,55.492,0.06399999999999999,0.093,66.932,0.007000000000000001,0.031,0.42400000000000004,0.016,0.11700000000000002,0.138,0.077,0.0,0.406
86,85,2009-02-18,6,1,2008-2009,Lajeado,Pinheiros,1,0.357,0.066,0.20400000000000001,0.087,0.153,0.059,0.094,0.048,0.08499999999999999,0.5660000000000001,0.022,0.099,22.568,0.10200000000000001,0.211,48.465999999999994,0.087,0.131,66.356,0.002,0.043,0.506,0.005,0.10800000000000001,0.04,0.08499999999999999,0.0,0.29100000000000004,0.41,0.135,0.18400000000000002,0.091,0.15399999999999997,0.040999999999999995,0.11299999999999999,0.077,0.064,1.274,0.045,0.11599999999999999,38.574,0.09200000000000001,0.16799999999999998,55.074,0.091,0.122,74.61600000000001,0.012,0.024,0.386,0.008,0.089,0.092,0.064,0.0,0.43099999999999994
86,84,2009-02-20,7,1,2008-2009,Sesi Franca,Limeira,1,0.409,0.099,0.22200000000000003,0.088,0.158,0.046,0.11199999999999999,0.079,0.059,1.358,0.033,0.11000000000000001,30.413999999999998,0.11100000000000002,0.223,50.696000000000005,0.088,0.11800000000000002,74.05199999999999,0.004,0.05500000000000001,0.9339999999999999,0.012,0.076,0.172,0.059,0.0,0.43499999999999994,0.4275,0.16,0.17166666666666666,0.09583333333333333,0.15000000000000002,0.03916666666666667,0.11083333333333333,0.0825,0.09250000000000001,1.1116666666666666,0.05333333333333334,0.13749999999999998,39.218333333333334,0.08583333333333333,0.16833333333333336,51.788333333333334,0.09583333333333333,0.12166666666666666,78.81166666666667,0.011666666666666667,0.03833333333333334,0.5516666666666667,0.022499999999999996,0.11166666666666665,0.19333333333333333,0.09250000000000001,0.0,0.43583333333333335
103,78,2009-02-20,7,1,2008-2009,Brasília,Espírito Santo,1,0.398,0.087,0.238,0.073,0.177,0.053000000000000005,0.124,0.07100000000000001,0.077,1.084,0.028999999999999998,0.097,29.556,0.119,0.207,56.769999999999996,0.073,0.1,75.78200000000001,0.009,0.037,0.53,0.02,0.10600000000000001,0.192,0.077,0.0,0.44299999999999995,0.383,0.096,0.21599999999999997,0.071,0.141,0.035,0.10600000000000001,0.047,0.064,0.8039999999999999,0.032,0.10600000000000001,30.360000000000003,0.10799999999999998,0.181,60.55,0.071,0.11700000000000002,60.71999999999999,0.004,0.054000000000000006,0.8460000000000001,0.005,0.11499999999999999,0.044,0.064,0.0,0.373
72,71,2009-02-20,7,1,2008-2009,Araraquara,Coop/São José Basketball,1,0.377,0.11699999999999999,0.186,0.074,0.151,0.03200000000000001,0.119,0.068,0.075,1.052,0.039,0.14100000000000001,27.029999999999994,0.093,0.171,54.46999999999999,0.074,0.10600000000000001,68.244,0.003,0.046,0.608,0.025,0.10799999999999998,0.242,0.075,0.0,0.38,0.4091666666666667,0.135,0.19499999999999998,0.07916666666666668,0.13249999999999998,0.037500000000000006,0.09499999999999999,0.0675,0.06999999999999999,0.9966666666666667,0.045000000000000005,0.13166666666666668,34.835,0.09749999999999999,0.18499999999999997,52.685,0.07916666666666668,0.1075,72.635,0.0016666666666666668,0.03333333333333333,0.47666666666666674,0.011666666666666665,0.10833333333333332,0.105,0.06999999999999999,0.0,0.38166666666666665
90,72,2009-02-20,7,1,2008-2009,Lajeado,Paulistano,1,0.36916666666666664,0.07,0.20666666666666667,0.09249999999999999,0.15083333333333335,0.055833333333333325,0.09500000000000001,0.04416666666666667,0.07833333333333332,0.5650000000000001,0.023333333333333334,0.09916666666666667,23.80666666666667,0.10333333333333333,0.2075,50.03666666666666,0.09249999999999999,0.1375,67.06166666666667,0.0016666666666666668,0.04833333333333333,0.6999999999999998,0.004166666666666667,0.11,0.03333333333333333,0.07833333333333332,0.0,0.31333333333333335,0.3558333333333333,0.1125,0.18000000000000002,0.06333333333333332,0.15,0.05250000000000001,0.09749999999999999,0.0775,0.08333333333333333,1.085,0.0375,0.11249999999999999,33.968333333333334,0.09000000000000001,0.1691666666666667,52.91,0.06333333333333332,0.09083333333333332,68.27666666666667,0.006666666666666667,0.03,0.39000000000000007,0.015,0.11333333333333334,0.13333333333333333,0.08333333333333333,0.0,0.36333333333333334
94,84,2009-02-20,7,1,2008-2009,Minas,Assis,1,0.405,0.11249999999999999,0.2183333333333333,0.07416666666666667,0.18333333333333335,0.05083333333333334,0.1325,0.08666666666666667,0.07583333333333334,1.1733333333333336,0.0375,0.11583333333333334,32.57666666666667,0.10916666666666665,0.20083333333333334,54.410000000000004,0.07416666666666667,0.10583333333333333,71.21333333333332,0.004166666666666667,0.030833333333333334,0.41,0.009166666666666668,0.09916666666666667,0.11333333333333333,0.07583333333333334,0.0,0.43749999999999994,0.385,0.12,0.1625,0.10250000000000001,0.15875,0.051250000000000004,0.10750000000000001,0.06375,0.05,1.595,0.04,0.11375,34.3625,0.08125,0.155,52.584999999999994,0.10250000000000001,0.13875,75.8075,0.00625,0.0275,0.5675,0.01625,0.08875,0.18000000000000002,0.05,0.0,0.41750000000000004
89,72,2009-02-21,7,1,2008-2009,Joinville,Pinheiros,1,0.42083333333333334,0.15,0.19833333333333333,0.07250000000000001,0.17666666666666667,0.04583333333333334,0.13083333333333333,0.09416666666666666,0.0775,1.2666666666666668,0.049999999999999996,0.13,38.233333333333334,0.09916666666666667,0.18416666666666667,53.333333333333336,0.07250000000000001,0.1025,70.97500000000001,0.005833333333333334,0.0425,0.6083333333333334,0.014166666666666668,0.10166666666666667,0.15833333333333335,0.0775,0.0,0.47583333333333333,0.4124999999999999,0.14500000000000002,0.17500000000000004,0.09250000000000001,0.15166666666666664,0.04083333333333333,0.11083333333333333,0.06666666666666667,0.06166666666666667,1.1116666666666666,0.04833333333333334,0.12,39.88333333333333,0.08750000000000002,0.16166666666666665,54.22833333333333,0.09250000000000001,0.13,71.98333333333333,0.01,0.025000000000000005,0.4216666666666667,0.0075,0.09333333333333332,0.08333333333333333,0.06166666666666667,0.0,0.4183333333333333
76,65,2009-02-23,8,1,2008-2009,Paulistano,Saldanha,1,0.3564285714285714,0.10714285714285714,0.17857142857142858,0.0707142857142857,0.14928571428571427,0.05214285714285715,0.09714285714285713,0.07285714285714286,0.08071428571428571,1.0285714285714285,0.03571428571428571,0.11142857142857142,32.51714285714286,0.08928571428571429,0.16714285714285718,53.185714285714276,0.0707142857142857,0.09857142857142856,69.85285714285715,0.005714285714285714,0.03142857142857143,0.42285714285714293,0.014285714285714285,0.11071428571428572,0.13,0.08071428571428571,0.0,0.36214285714285716,0.35666666666666663,0.09750000000000002,0.18833333333333335,0.07083333333333333,0.15,0.05083333333333334,0.09916666666666668,0.03166666666666667,0.08916666666666666,0.38999999999999996,0.032499999999999994,0.10333333333333333,31.66166666666666,0.09416666666666668,0.19666666666666668,49.913333333333334,0.07083333333333333,0.11,64.515,0.015833333333333335,0.04916666666666667,0.5516666666666666,0.010833333333333334,0.1075,0.11,0.08916666666666666,0.0,0.2966666666666667
72,80,2009-02-24,8,1,2008-2009,Bauru Basket,Araraquara,0,0.37499999999999994,0.096,0.20800000000000002,0.071,0.136,0.033,0.10300000000000001,0.05,0.05899999999999998,0.974,0.031999999999999994,0.093,34.376,0.10400000000000001,0.209,49.642,0.071,0.09,81.362,0.004,0.027000000000000003,0.466,0.011,0.095,0.118,0.05899999999999998,0.0,0.35500000000000004,0.3741666666666667,0.125,0.17666666666666667,0.0725,0.15083333333333335,0.030833333333333338,0.12,0.07666666666666667,0.07583333333333334,1.1266666666666667,0.041666666666666664,0.14,29.314999999999998,0.08833333333333333,0.16583333333333336,53.129999999999995,0.0725,0.105,67.70333333333333,0.0075,0.043333333333333335,0.57,0.028333333333333332,0.10499999999999998,0.285,0.07583333333333334,0.0,0.38916666666666666
84,91,2009-02-25,8,1,2008-2009,Coop/São José Basketball,Brasília,0,0.4014285714285714,0.13285714285714287,0.19142857142857142,0.07714285714285715,0.13357142857142856,0.037142857142857144,0.09642857142857142,0.07214285714285715,0.07142857142857142,1.032857142857143,0.04428571428571428,0.12714285714285714,35.57285714285714,0.09571428571428571,0.1857142857142857,51.550000000000004,0.07714285714285715,0.10714285714285714,71.10142857142857,0.0014285714285714286,0.03571428571428571,0.4985714285714286,0.012857142857142857,0.10714285714285712,0.11857142857142858,0.07142857142857142,0.0,0.3814285714285714,0.41750000000000004,0.09249999999999999,0.245,0.08,0.1825,0.055,0.1275,0.07,0.07666666666666667,1.0483333333333333,0.030833333333333334,0.09833333333333334,30.98,0.1225,0.2133333333333333,56.831666666666656,0.08,0.1075,76.37,0.01,0.03833333333333333,0.5416666666666666,0.020833333333333332,0.11,0.19166666666666665,0.07666666666666667,0.0,0.4666666666666666
101,84,2009-02-25,8,1,2008-2009,Pinheiros,Espírito Santo,1,0.4049999999999999,0.1435714285714286,0.17285714285714288,0.08857142857142859,0.1514285714285714,0.04071428571428571,0.1107142857142857,0.06571428571428571,0.060714285714285714,1.1085714285714285,0.04785714285714286,0.125,38.332857142857144,0.08642857142857144,0.16428571428571428,52.83,0.08857142857142859,0.125,71.47428571428573,0.009999999999999998,0.027142857142857146,0.46571428571428575,0.007857142857142858,0.09285714285714285,0.08714285714285715,0.060714285714285714,0.0,0.40499999999999997,0.3841666666666667,0.09499999999999999,0.2083333333333333,0.08083333333333333,0.13666666666666666,0.035833333333333335,0.10083333333333333,0.04583333333333334,0.06166666666666667,0.8033333333333332,0.03166666666666667,0.1075,29.648333333333337,0.10416666666666664,0.18333333333333335,57.723333333333336,0.08083333333333333,0.1325,60.91666666666666,0.0033333333333333335,0.05416666666666667,0.8883333333333333,0.005,0.11666666666666665,0.043333333333333335,0.06166666666666667,0.0,0.3575
83,80,2009-02-25,8,1,2008-2009,Assis,Sesi Franca,1,0.392,0.12,0.164,0.10800000000000001,0.149,0.048,0.101,0.059,0.053000000000000005,1.4,0.04,0.11100000000000002,35.489999999999995,0.082,0.162,51.016,0.10800000000000001,0.14400000000000002,76.40400000000001,0.005,0.033999999999999996,0.638,0.014000000000000002,0.091,0.15400000000000003,0.053000000000000005,0.0,0.40800000000000003,0.4141666666666666,0.1075,0.21666666666666667,0.09000000000000001,0.16166666666666665,0.04750000000000001,0.11416666666666665,0.07666666666666667,0.06083333333333333,1.2866666666666666,0.035833333333333335,0.11416666666666668,31.51833333333333,0.10833333333333334,0.21916666666666665,50.163333333333334,0.09000000000000001,0.12333333333333335,72.82166666666667,0.004166666666666667,0.04750000000000001,0.8016666666666666,0.013333333333333334,0.08916666666666667,0.165,0.06083333333333333,0.0,0.43
105,83,2009-02-25,8,1,2008-2009,Flamengo,Joinville,1,0.479,0.177,0.22000000000000003,0.082,0.148,0.053000000000000005,0.095,0.08199999999999999,0.06799999999999999,1.408,0.059,0.128,47.008,0.11000000000000001,0.20400000000000001,53.564,0.082,0.10700000000000001,74.19800000000001,0.008,0.036,0.608,0.007000000000000001,0.10500000000000001,0.06,0.06799999999999999,0.0,0.496,0.4228571428571429,0.15,0.20428571428571426,0.06857142857142857,0.17785714285714288,0.04357142857142858,0.13428571428571429,0.09285714285714285,0.07642857142857143,1.2585714285714287,0.049999999999999996,0.12714285714285714,39.26428571428572,0.10214285714285713,0.18357142857142855,55.23857142857143,0.06857142857142857,0.09785714285714286,70.02000000000001,0.0071428571428571435,0.04142857142857143,0.5928571428571429,0.015714285714285715,0.09999999999999999,0.1757142857142857,0.07642857142857143,0.0,0.4864285714285715
88,85,2009-02-27,9,1,2008-2009,Limeira,Brasília,1,0.42642857142857143,0.15,0.17142857142857143,0.105,0.14857142857142858,0.03785714285714286,0.1107142857142857,0.07928571428571428,0.08642857142857144,1.1242857142857143,0.049999999999999996,0.1357142857142857,37.044285714285714,0.08571428571428572,0.1685714285714286,51.53285714285715,0.105,0.12928571428571428,80.61428571428571,0.012857142857142859,0.03571428571428572,0.53,0.022857142857142854,0.11285714285714285,0.1957142857142857,0.08642857142857144,0.0,0.4335714285714286,0.42142857142857143,0.09428571428571428,0.2414285714285714,0.08571428571428572,0.18571428571428572,0.052142857142857144,0.1335714285714286,0.07642857142857143,0.07857142857142858,1.0814285714285714,0.03142857142857143,0.09571428571428572,32.80428571428571,0.1207142857142857,0.2064285714285714,58.23714285714285,0.08571428571428572,0.1142857142857143,76.52,0.009285714285714286,0.034999999999999996,0.48857142857142855,0.02142857142857143,0.10857142857142857,0.19999999999999998,0.07857142857142858,0.0,0.4828571428571428
78,67,2009-02-27,9,1,2008-2009,Paulistano,Espírito Santo,1,0.35937499999999994,0.105,0.1825,0.071875,0.15187499999999998,0.052500000000000005,0.09937499999999999,0.07250000000000001,0.08625,0.97,0.035,0.11187499999999999,31.71375,0.09125,0.16812500000000002,54.037499999999994,0.071875,0.104375,68.0175,0.005,0.036250000000000004,0.44000000000000006,0.014374999999999999,0.108125,0.135,0.08625,0.0,0.361875,0.3892857142857143,0.10285714285714286,0.20857142857142855,0.07785714285714285,0.13428571428571429,0.03785714285714286,0.09642857142857143,0.047142857142857146,0.058571428571428566,0.8857142857142856,0.03428571428571429,0.11214285714285714,30.514285714285716,0.10428571428571427,0.18857142857142858,56.29571428571429,0.07785714285714285,0.12357142857142857,64.45857142857142,0.002857142857142857,0.05071428571428571,0.8685714285714285,0.005,0.1157142857142857,0.04428571428571428,0.058571428571428566,0.0,0.36
83,75,2009-02-27,9,1,2008-2009,Pinheiros,Saldanha,1,0.4174999999999999,0.15000000000000002,0.17875000000000002,0.08875000000000001,0.15312499999999998,0.039999999999999994,0.11312499999999999,0.07250000000000001,0.0625,1.17,0.05,0.12625,39.559999999999995,0.08937500000000001,0.164375,54.56,0.08875000000000001,0.123125,72.76750000000001,0.010624999999999999,0.026250000000000002,0.44125000000000003,0.008125,0.09374999999999999,0.08875,0.0625,0.0,0.429375,0.35214285714285715,0.09000000000000001,0.19285714285714287,0.06928571428571428,0.14785714285714288,0.05,0.09785714285714286,0.03357142857142857,0.09357142857142856,0.3885714285714285,0.029999999999999995,0.09999999999999999,29.81714285714285,0.09642857142857143,0.19714285714285715,50.64,0.06928571428571428,0.11,63.09142857142857,0.017857142857142856,0.05428571428571429,0.5742857142857142,0.01,0.10785714285714286,0.10142857142857144,0.09357142857142856,0.0,0.2928571428571428
92,74,2009-02-27,9,1,2008-2009,Bauru Basket,Sesi Franca,1,0.3725,0.1025,0.20166666666666666,0.06833333333333333,0.14583333333333334,0.04,0.10583333333333333,0.051666666666666666,0.05749999999999999,1.0116666666666667,0.03416666666666666,0.09999999999999999,34.20166666666666,0.10083333333333333,0.20416666666666664,49.23833333333334,0.06833333333333333,0.09083333333333334,77.45,0.0033333333333333335,0.03166666666666667,0.5716666666666667,0.011666666666666667,0.09000000000000001,0.13666666666666666,0.05749999999999999,0.0,0.3641666666666667,0.415,0.10928571428571429,0.22,0.08571428571428573,0.16428571428571428,0.04785714285714286,0.11642857142857142,0.07571428571428572,0.06,1.2842857142857143,0.03642857142857143,0.115,31.777142857142856,0.11,0.2207142857142857,50.45,0.08571428571428573,0.12214285714285715,69.87142857142858,0.005,0.04571428571428572,0.7785714285714285,0.013571428571428571,0.095,0.15857142857142856,0.06,0.0,0.42857142857142855
81,79,2009-02-27,9,1,2008-2009,Assis,Araraquara,1,0.3958333333333333,0.12,0.17166666666666666,0.10416666666666667,0.15416666666666667,0.045000000000000005,0.10916666666666668,0.057499999999999996,0.05333333333333334,1.3183333333333334,0.04,0.11083333333333334,35.635,0.08583333333333333,0.16416666666666668,52.51333333333333,0.10416666666666667,0.1441666666666667,73.44000000000001,0.005,0.03333333333333333,0.6233333333333334,0.014166666666666668,0.09166666666666666,0.15500000000000003,0.05333333333333334,0.0,0.41250000000000003,0.37785714285714284,0.1285714285714286,0.18,0.06928571428571428,0.1542857142857143,0.03071428571428572,0.12357142857142857,0.07714285714285715,0.07714285714285715,1.0999999999999999,0.04285714285714286,0.135,31.93,0.09,0.17071428571428574,52.68285714285714,0.06928571428571428,0.10214285714285713,66.43428571428572,0.007142857142857143,0.04,0.5228571428571429,0.027857142857142855,0.10214285714285712,0.2857142857142857,0.07714285714285715,0.0,0.39428571428571424
110,69,2009-02-27,9,1,2008-2009,Flamengo,Lajeado,1,0.48666666666666664,0.17500000000000002,0.23333333333333336,0.07833333333333334,0.15666666666666665,0.05000000000000001,0.10666666666666667,0.08750000000000001,0.06833333333333333,1.4466666666666665,0.05833333333333333,0.12583333333333332,47.145,0.11666666666666668,0.21,55.053333333333335,0.07833333333333334,0.10083333333333333,76.11666666666666,0.0075,0.03916666666666666,0.6383333333333333,0.008333333333333333,0.10166666666666667,0.08,0.06833333333333333,0.0,0.5266666666666667,0.3807142857142857,0.07714285714285715,0.21142857142857144,0.09214285714285712,0.15214285714285714,0.05285714285714286,0.0992857142857143,0.04928571428571429,0.07785714285714285,0.6371428571428571,0.025714285714285717,0.09785714285714285,26.754285714285714,0.10571428571428572,0.2064285714285714,51.459999999999994,0.09214285714285712,0.13285714285714287,69.72571428571429,0.0014285714285714286,0.045,0.647142857142857,0.005,0.10857142857142857,0.042857142857142864,0.07785714285714285,0.0,0.34071428571428575
103,97,2009-03-01,7,1,2008-2009,Flamengo,Bauru Basket,1,0.49571428571428566,0.1692857142857143,0.24571428571428575,0.08071428571428572,0.16285714285714284,0.051428571428571435,0.11142857142857143,0.09,0.06785714285714285,1.4714285714285715,0.056428571428571425,0.12357142857142857,46.25428571428571,0.12285714285714287,0.21428571428571427,56.712857142857146,0.08071428571428572,0.10285714285714286,77.0442857142857,0.01,0.04071428571428571,0.6571428571428571,0.008571428571428572,0.09857142857142856,0.08714285714285715,0.06785714285714285,0.0,0.5492857142857143,0.38499999999999995,0.10285714285714286,0.21,0.07214285714285715,0.14785714285714285,0.03785714285714286,0.11,0.05928571428571428,0.053571428571428555,1.3671428571428572,0.03428571428571428,0.09999999999999999,34.315714285714286,0.105,0.20285714285714285,51.728571428571435,0.07214285714285715,0.09642857142857143,76.82571428571428,0.0064285714285714285,0.03214285714285715,0.6571428571428571,0.012142857142857144,0.09285714285714286,0.13714285714285715,0.053571428571428555,0.0,0.395
96,94,2009-03-04,10,1,2008-2009,Brasília,Pinheiros,1,0.421875,0.09937499999999999,0.24125,0.08125,0.19187500000000002,0.0525,0.139375,0.075625,0.0825,1.02625,0.033125,0.10125,32.72125,0.120625,0.2075,57.933749999999996,0.08125,0.110625,74.3075,0.00875,0.03375,0.45625,0.02,0.113125,0.18375,0.0825,0.0,0.47625,0.41722222222222216,0.1466666666666667,0.17555555555555558,0.09500000000000001,0.15666666666666665,0.040555555555555546,0.11611111111111111,0.07222222222222224,0.065,1.1311111111111112,0.04888888888888889,0.12555555555555553,38.867777777777775,0.08777777777777779,0.16388888888888886,53.70666666666667,0.09500000000000001,0.1311111111111111,72.94444444444446,0.009444444444444443,0.026111111111111113,0.42444444444444446,0.008333333333333333,0.09277777777777776,0.09222222222222222,0.065,0.0,0.42666666666666664
73,84,2009-03-04,10,1,2008-2009,Coop/São José Basketball,Bauru Basket,0,0.40375,0.13875,0.185,0.08,0.130625,0.036875000000000005,0.09374999999999999,0.073125,0.06875,1.10375,0.04625,0.131875,35.67125,0.0925,0.18437499999999998,50.10625,0.08,0.110625,71.4725,0.00125,0.035,0.51125,0.013125,0.11187499999999999,0.11625,0.06875,0.0,0.37875,0.39749999999999996,0.121875,0.20625,0.069375,0.143125,0.037500000000000006,0.105625,0.060625,0.053124999999999985,1.37125,0.040624999999999994,0.106875,36.881249999999994,0.103125,0.195625,53.02125,0.069375,0.09312500000000001,76.15125,0.0062499999999999995,0.03125,0.6375,0.011875,0.090625,0.13624999999999998,0.053124999999999985,0.0,0.40875
80,78,2009-03-04,10,1,2008-2009,Limeira,Assis,1,0.428125,0.14625,0.17375,0.108125,0.15375,0.03875,0.11499999999999999,0.07625,0.084375,1.0825,0.048749999999999995,0.135625,36.1175,0.086875,0.17562500000000003,50.368750000000006,0.108125,0.135,79.82374999999999,0.011875000000000002,0.04125000000000001,0.6062500000000001,0.022499999999999996,0.11124999999999999,0.19624999999999998,0.084375,0.0,0.435,0.3971428571428572,0.1157142857142857,0.18142857142857144,0.09999999999999999,0.15142857142857144,0.04642857142857143,0.105,0.05785714285714285,0.05357142857142857,1.2857142857142858,0.038571428571428576,0.10500000000000001,36.667142857142856,0.09071428571428572,0.16785714285714287,54.034285714285716,0.09999999999999999,0.14285714285714285,70.88571428571429,0.0064285714285714285,0.03642857142857143,0.6771428571428572,0.015000000000000001,0.08999999999999998,0.1685714285714286,0.05357142857142857,0.0,0.41785714285714287
81,104,2009-03-04,10,1,2008-2009,Saldanha,Flamengo,0,0.355,0.09187500000000001,0.19625,0.066875,0.14500000000000002,0.04687500000000001,0.098125,0.039375,0.09124999999999998,0.47375,0.030624999999999996,0.09999999999999999,30.464999999999996,0.098125,0.2,50.56,0.066875,0.104375,64.82,0.016875,0.05437500000000001,0.59375,0.011250000000000001,0.11125,0.10750000000000001,0.09124999999999998,0.0,0.305,0.498125,0.17625000000000002,0.24375000000000002,0.078125,0.15625,0.04875,0.1075,0.09375,0.06625,1.56,0.05875,0.1225,48.625,0.12187500000000001,0.210625,57.39375,0.078125,0.09937499999999999,77.41375,0.009375000000000001,0.03875,0.63125,0.007500000000000001,0.095,0.07625,0.06625,0.0,0.5543750000000001
69,99,2009-03-04,10,1,2008-2009,Espírito Santo,Minas,0,0.3825,0.095625,0.20749999999999996,0.07937499999999999,0.136875,0.037500000000000006,0.099375,0.049375,0.059375,0.8999999999999999,0.031875,0.11,28.673750000000002,0.10374999999999998,0.18937500000000002,55.66875,0.07937499999999999,0.126875,63.90124999999999,0.003125,0.049374999999999995,0.8375,0.005625000000000001,0.11374999999999999,0.051250000000000004,0.059375,0.0,0.353125,0.4142857142857143,0.10928571428571428,0.22857142857142856,0.07642857142857143,0.1842857142857143,0.05357142857142858,0.13071428571428573,0.08571428571428572,0.07785714285714286,1.132857142857143,0.03642857142857143,0.10785714285714287,35.065714285714286,0.11428571428571428,0.20785714285714288,54.92285714285715,0.07642857142857143,0.10785714285714286,71.75428571428571,0.005714285714285714,0.03142857142857143,0.40714285714285714,0.008571428571428572,0.09999999999999999,0.10428571428571429,0.07785714285714286,0.0,0.4499999999999999
61,66,2009-03-04,10,1,2008-2009,Araraquara,Lajeado,0,0.38,0.13875,0.17625,0.065,0.15125,0.0325,0.11875,0.07625000000000001,0.07625000000000001,1.0875,0.04625,0.135625,34.18875,0.088125,0.166875,52.793749999999996,0.065,0.095625,66.88,0.006874999999999999,0.03875000000000001,0.51125,0.026249999999999996,0.10312499999999998,0.2675,0.07625000000000001,0.0,0.39749999999999996,0.37625,0.084375,0.20375,0.08812499999999998,0.14875,0.05125,0.0975,0.051250000000000004,0.07812499999999999,0.65875,0.028125000000000004,0.103125,27.427500000000002,0.101875,0.20437499999999997,49.96124999999999,0.08812499999999998,0.12875,68.50999999999999,0.00125,0.04375,0.62125,0.005,0.109375,0.0425,0.07812499999999999,0.0,0.32875000000000004
71,72,2009-03-04,10,1,2008-2009,Sesi Franca,Joinville,0,0.41062499999999996,0.103125,0.22375,0.08375000000000002,0.16249999999999998,0.0475,0.11499999999999999,0.07062500000000001,0.05875,1.21125,0.034375,0.11,31.13875,0.111875,0.22375,50.52125,0.08375000000000002,0.11812500000000001,70.86,0.004375,0.04250000000000001,0.73125,0.011875,0.098125,0.13874999999999998,0.05875,0.0,0.4175,0.421875,0.15375,0.19874999999999998,0.069375,0.175625,0.043750000000000004,0.131875,0.09124999999999998,0.076875,1.22625,0.05125,0.135,38.30375,0.09937499999999999,0.18125,54.393750000000004,0.069375,0.096875,71.68375,0.006875,0.04062500000000001,0.5737500000000001,0.015000000000000001,0.09562499999999999,0.1725,0.076875,0.0,0.47437500000000005
105,84,2009-03-06,11,1,2008-2009,Brasília,Paulistano,1,0.42833333333333334,0.09999999999999999,0.24555555555555555,0.08277777777777778,0.18833333333333335,0.049999999999999996,0.13833333333333334,0.0761111111111111,0.08055555555555556,1.048888888888889,0.03333333333333334,0.10055555555555556,33.17888888888889,0.12277777777777778,0.20722222222222222,59.08444444444444,0.08277777777777778,0.11388888888888887,73.59111111111112,0.008888888888888889,0.03333333333333334,0.4566666666666667,0.02,0.11333333333333334,0.1822222222222222,0.08055555555555556,0.0,0.48277777777777775,0.36277777777777775,0.10333333333333333,0.18777777777777777,0.07166666666666667,0.1561111111111111,0.052222222222222225,0.10388888888888888,0.07388888888888889,0.08388888888888887,1.0077777777777779,0.03444444444444445,0.11055555555555555,31.523333333333337,0.09388888888888888,0.17222222222222225,54.266666666666666,0.07166666666666667,0.1061111111111111,66.94111111111111,0.005,0.035,0.43333333333333335,0.015555555555555553,0.11166666666666665,0.14,0.08388888888888887,0.0,0.3705555555555555
68,69,2009-03-06,11,1,2008-2009,Coop/São José Basketball,Assis,0,0.39944444444444444,0.1416666666666667,0.1822222222222222,0.07555555555555556,0.12833333333333333,0.03777777777777778,0.09055555555555556,0.07111111111111111,0.07,1.0577777777777777,0.04722222222222222,0.13277777777777777,36.07333333333334,0.0911111111111111,0.18499999999999997,49.21777777777778,0.07555555555555556,0.10333333333333333,73.40777777777777,0.0011111111111111111,0.035555555555555556,0.51,0.012777777777777777,0.11055555555555555,0.11444444444444445,0.07,0.0,0.36999999999999994,0.39625000000000005,0.11437499999999999,0.1825,0.09937499999999999,0.151875,0.0425,0.109375,0.058124999999999996,0.0575,1.21375,0.038125000000000006,0.10312500000000001,36.945,0.09125,0.17125,53.370000000000005,0.09937499999999999,0.14,71.92125,0.005625,0.035625000000000004,0.63625,0.016875,0.09624999999999999,0.17375000000000002,0.0575,0.0,0.415625
89,66,2009-03-06,11,1,2008-2009,Limeira,Bauru Basket,1,0.425,0.14,0.1733333333333333,0.11166666666666665,0.15222222222222223,0.036111111111111115,0.11611111111111111,0.07722222222222222,0.08277777777777778,1.0966666666666667,0.04666666666666666,0.12944444444444445,36.27111111111111,0.08666666666666666,0.17555555555555558,50.168888888888894,0.11166666666666665,0.14277777777777778,78.54222222222221,0.012222222222222225,0.04166666666666667,0.61,0.024444444444444442,0.11055555555555555,0.21666666666666665,0.08277777777777778,0.0,0.435,0.39999999999999997,0.13166666666666668,0.2011111111111111,0.06722222222222224,0.14,0.03555555555555556,0.10444444444444444,0.06333333333333332,0.053888888888888875,1.3766666666666667,0.04388888888888889,0.10888888888888888,39.00555555555555,0.10055555555555555,0.19,53.260000000000005,0.06722222222222224,0.09111111111111111,75.09777777777778,0.005555555555555555,0.029444444444444447,0.5944444444444444,0.010555555555555556,0.08777777777777779,0.1211111111111111,0.053888888888888875,0.0,0.41111111111111115
76,87,2009-03-06,11,1,2008-2009,Saldanha,Minas,0,0.3605555555555556,0.09666666666666668,0.19777777777777777,0.0661111111111111,0.14833333333333334,0.0488888888888889,0.09944444444444445,0.042777777777777776,0.08888888888888886,0.5322222222222223,0.03222222222222222,0.10055555555555555,31.84222222222222,0.09888888888888889,0.2038888888888889,49.906666666666666,0.0661111111111111,0.10444444444444444,63.96666666666666,0.017222222222222222,0.05166666666666667,0.5755555555555555,0.010555555555555558,0.10944444444444444,0.10111111111111112,0.08888888888888886,0.0,0.3133333333333333,0.42437500000000006,0.12187499999999998,0.22749999999999998,0.07500000000000001,0.181875,0.051875000000000004,0.13,0.08875,0.076875,1.1875,0.040625,0.10687500000000001,39.432500000000005,0.11374999999999999,0.20375000000000001,55.915000000000006,0.07500000000000001,0.10625,71.33749999999999,0.006875,0.03125,0.41000000000000003,0.009375000000000001,0.09999999999999999,0.11,0.076875,0.0,0.47124999999999995
76,78,2009-03-06,11,1,2008-2009,Araraquara,Joinville,0,0.3716666666666667,0.13666666666666666,0.16999999999999998,0.065,0.15111111111111108,0.03333333333333333,0.11777777777777779,0.07500000000000001,0.0788888888888889,1.0388888888888888,0.04555555555555555,0.13555555555555554,33.68222222222222,0.08499999999999999,0.16333333333333333,51.86555555555555,0.065,0.095,67.47333333333333,0.007222222222222221,0.03944444444444445,0.5044444444444445,0.02555555555555555,0.1022222222222222,0.2611111111111111,0.0788888888888889,0.0,0.38555555555555554,0.415,0.145,0.2033333333333333,0.06666666666666668,0.17777777777777778,0.04666666666666667,0.1311111111111111,0.08666666666666666,0.07500000000000001,1.1822222222222223,0.04833333333333333,0.13166666666666668,36.693333333333335,0.10166666666666666,0.18611111111111112,54.275555555555556,0.06666666666666668,0.09777777777777778,68.48111111111112,0.007222222222222223,0.04000000000000001,0.5744444444444445,0.017222222222222226,0.09388888888888887,0.2022222222222222,0.07500000000000001,0.0,0.4627777777777778
97,65,2009-03-06,11,1,2008-2009,Sesi Franca,Lajeado,1,0.4044444444444444,0.10333333333333333,0.22,0.08111111111111113,0.1633333333333333,0.05,0.11333333333333334,0.07166666666666667,0.05777777777777778,1.2544444444444443,0.03444444444444445,0.11,31.214444444444446,0.11,0.22611111111111112,49.21666666666667,0.08111111111111113,0.11500000000000002,70.39444444444445,0.005000000000000001,0.04333333333333334,0.7611111111111111,0.012777777777777779,0.09888888888888889,0.14444444444444443,0.05777777777777778,0.0,0.4122222222222222,0.3711111111111111,0.08166666666666668,0.2022222222222222,0.0872222222222222,0.15388888888888888,0.05444444444444444,0.09944444444444445,0.052222222222222225,0.0772222222222222,0.6811111111111111,0.027222222222222224,0.10222222222222221,26.71888888888889,0.1011111111111111,0.20888888888888887,48.71888888888888,0.0872222222222222,0.12722222222222224,68.62777777777777,0.0011111111111111111,0.04555555555555555,0.6477777777777778,0.007222222222222223,0.1061111111111111,0.07222222222222223,0.0772222222222222,0.0,0.33
63,74,2009-03-06,11,1,2008-2009,Espírito Santo,Flamengo,0,0.37833333333333335,0.09166666666666666,0.20777777777777773,0.07888888888888887,0.1311111111111111,0.03888888888888889,0.09222222222222223,0.049444444444444444,0.05666666666666667,0.9588888888888888,0.030555555555555558,0.10777777777777778,27.956666666666667,0.10388888888888886,0.19166666666666668,55.03888888888889,0.07888888888888887,0.125,64.37666666666665,0.0033333333333333335,0.048888888888888885,0.8877777777777778,0.006111111111111112,0.11055555555555555,0.05888888888888889,0.05666666666666667,0.0,0.34611111111111115,0.5005555555555555,0.17666666666666667,0.24555555555555555,0.07833333333333332,0.1527777777777778,0.045000000000000005,0.10777777777777778,0.09055555555555556,0.06555555555555556,1.5066666666666668,0.05888888888888889,0.12277777777777778,48.55555555555556,0.12277777777777778,0.2088888888888889,58.42444444444444,0.07833333333333332,0.09888888888888887,78.16888888888889,0.010000000000000002,0.03833333333333333,0.6255555555555555,0.006666666666666667,0.09388888888888888,0.06777777777777777,0.06555555555555556,0.0,0.5527777777777778
72,83,2009-03-11,12,1,2008-2009,Lajeado,Assis,0,0.3665,0.07950000000000002,0.19899999999999998,0.08799999999999998,0.149,0.05450000000000001,0.0945,0.051500000000000004,0.07999999999999999,0.6559999999999999,0.026500000000000003,0.101,26.269000000000005,0.09949999999999999,0.20299999999999999,49.513999999999996,0.08799999999999998,0.1265,69.68199999999999,0.001,0.044,0.612,0.007000000000000001,0.10600000000000001,0.07,0.07999999999999999,0.0,0.3215,0.3905555555555556,0.11833333333333333,0.17444444444444446,0.09777777777777777,0.14833333333333332,0.042222222222222223,0.1061111111111111,0.05444444444444444,0.061666666666666675,1.1077777777777778,0.03944444444444445,0.10666666666666667,36.955555555555556,0.08722222222222223,0.165,52.754444444444445,0.09777777777777777,0.13722222222222225,72.14222222222222,0.005,0.035,0.6011111111111112,0.016111111111111114,0.09833333333333333,0.16444444444444448,0.061666666666666675,0.0,0.3983333333333333
68,57,2009-03-11,12,1,2008-2009,Joinville,Bauru Basket,1,0.4125,0.1455,0.19899999999999998,0.068,0.17950000000000002,0.0465,0.13299999999999998,0.088,0.075,1.197,0.0485,0.132,36.728,0.09949999999999999,0.1845,53.553999999999995,0.068,0.101,67.787,0.008,0.04000000000000001,0.5700000000000001,0.016500000000000004,0.09249999999999999,0.19499999999999998,0.075,0.0,0.45999999999999996,0.39299999999999996,0.129,0.19699999999999998,0.06700000000000002,0.1405,0.03450000000000001,0.10600000000000001,0.06399999999999999,0.05749999999999998,1.317,0.043,0.1075,38.789,0.09849999999999999,0.1875,52.782000000000004,0.06700000000000002,0.094,73.005,0.004999999999999999,0.028000000000000004,0.5519999999999999,0.010499999999999999,0.088,0.12,0.05749999999999998,0.0,0.398
107,83,2009-03-11,12,1,2008-2009,Sesi Franca,Pinheiros,1,0.4185,0.1065,0.22999999999999998,0.08200000000000002,0.15949999999999998,0.049,0.1105,0.0785,0.05750000000000001,1.384,0.035500000000000004,0.10800000000000001,33.093,0.11499999999999999,0.2265,51.251999999999995,0.08200000000000002,0.11700000000000002,70.02199999999999,0.005,0.044000000000000004,0.776,0.012,0.10200000000000001,0.13399999999999998,0.05750000000000001,0.0,0.43600000000000005,0.4225,0.14250000000000002,0.186,0.094,0.15799999999999997,0.045,0.11299999999999999,0.07100000000000002,0.0625,1.168,0.0475,0.12249999999999998,38.665,0.093,0.1775,53.003,0.094,0.1275,74.59700000000001,0.009999999999999998,0.027500000000000004,0.48200000000000004,0.008,0.09499999999999999,0.087,0.0625,0.0,0.43149999999999994
77,82,2009-03-11,12,1,2008-2009,Araraquara,Paulistano,0,0.3725,0.135,0.172,0.0655,0.1535,0.033999999999999996,0.11950000000000001,0.07450000000000001,0.077,1.052,0.045,0.13399999999999998,33.647,0.086,0.16599999999999998,51.678999999999995,0.0655,0.097,66.813,0.007499999999999998,0.0395,0.521,0.026999999999999996,0.10399999999999998,0.268,0.077,0.0,0.38949999999999996,0.36849999999999994,0.10049999999999999,0.193,0.075,0.15499999999999997,0.05500000000000001,0.1,0.073,0.08449999999999999,0.9790000000000001,0.03350000000000001,0.10999999999999999,30.752000000000002,0.0965,0.17950000000000005,53.738,0.075,0.10800000000000001,68.647,0.004999999999999999,0.038500000000000006,0.4680000000000001,0.015,0.1115,0.135,0.08449999999999999,0.0,0.373
93,89,2009-03-11,12,1,2008-2009,Espírito Santo,Coop/São José Basketball,1,0.372,0.09,0.205,0.07699999999999999,0.1325,0.037500000000000006,0.095,0.0485,0.05700000000000001,0.9299999999999999,0.030000000000000006,0.1075,27.542,0.1025,0.187,55.742000000000004,0.07699999999999999,0.119,67.16999999999999,0.003,0.0445,0.807,0.006,0.11299999999999999,0.05700000000000001,0.05700000000000001,0.0,0.3425,0.39349999999999996,0.138,0.177,0.0785,0.13,0.039,0.091,0.06999999999999999,0.0705,1.032,0.046,0.13399999999999998,34.88,0.0885,0.18,49.111000000000004,0.0785,0.10550000000000001,74.467,0.0015,0.0355,0.506,0.012,0.11299999999999999,0.10700000000000001,0.0705,0.0,0.364
76,86,2009-03-11,12,1,2008-2009,Saldanha,Limeira,0,0.3625,0.099,0.198,0.0655,0.14800000000000002,0.0495,0.0985,0.043,0.08749999999999998,0.5389999999999999,0.032999999999999995,0.09999999999999999,32.869,0.099,0.20350000000000001,49.916000000000004,0.0655,0.10600000000000001,62.56999999999999,0.0165,0.05100000000000001,0.578,0.0105,0.1105,0.099,0.08749999999999998,0.0,0.3155,0.42699999999999994,0.141,0.18,0.10599999999999998,0.153,0.036,0.11699999999999999,0.08049999999999999,0.08050000000000002,1.1700000000000002,0.04699999999999999,0.1285,36.811,0.09,0.17900000000000002,50.866,0.10599999999999998,0.135,79.14999999999999,0.0125,0.042,0.624,0.023999999999999997,0.1095,0.215,0.08050000000000002,0.0,0.4465
81,89,2009-03-13,12,1,2008-2009,Minas,Brasília,0,0.42555555555555563,0.11499999999999999,0.23444444444444443,0.07611111111111112,0.17777777777777778,0.052777777777777785,0.125,0.08444444444444445,0.07500000000000001,1.1477777777777778,0.03833333333333334,0.10611111111111111,37.27333333333334,0.11722222222222221,0.2038888888888889,57.56111111111112,0.07611111111111112,0.10888888888888888,70.67555555555555,0.007222222222222223,0.03333333333333333,0.4566666666666667,0.010555555555555558,0.09833333333333333,0.12444444444444445,0.07500000000000001,0.0,0.4694444444444444,0.438,0.11099999999999999,0.24100000000000002,0.086,0.1855,0.0485,0.137,0.08149999999999999,0.0855,1.044,0.037000000000000005,0.10400000000000001,35.04600000000001,0.12050000000000001,0.2,60.58299999999999,0.086,0.118,73.651,0.0105,0.035,0.449,0.022,0.11200000000000002,0.20400000000000001,0.0855,0.0,0.49799999999999994
72,80,2009-03-13,13,1,2008-2009,Lajeado,Bauru Basket,0,0.3640909090909091,0.0790909090909091,0.19818181818181815,0.0868181818181818,0.14727272727272728,0.05318181818181819,0.0940909090909091,0.05090909090909091,0.07818181818181817,0.6645454545454546,0.026363636363636367,0.09863636363636363,26.910909090909094,0.09909090909090908,0.20227272727272724,49.44181818181817,0.0868181818181818,0.12500000000000003,69.54545454545452,0.0009090909090909091,0.04409090909090908,0.6245454545454545,0.006363636363636364,0.10545454545454547,0.06363636363636364,0.07818181818181817,0.0,0.3209090909090909,0.3831818181818182,0.12409090909090909,0.19545454545454544,0.06363636363636366,0.14136363636363636,0.035,0.10636363636363638,0.06272727272727273,0.060454545454545434,1.2481818181818183,0.04136363636363636,0.11136363636363635,36.77818181818182,0.09772727272727272,0.18500000000000003,53.09727272727273,0.06363636363636366,0.08863636363636364,74.16,0.004545454545454545,0.02863636363636364,0.5372727272727272,0.010454545454545454,0.08727272727272727,0.12090909090909091,0.060454545454545434,0.0,0.3836363636363637
87,70,2009-03-13,13,1,2008-2009,Sesi Franca,Paulistano,1,0.42999999999999994,0.11318181818181818,0.23545454545454544,0.08136363636363637,0.1636363636363636,0.05,0.11363636363636363,0.08227272727272728,0.05636363636363637,1.5009090909090907,0.03772727272727273,0.10909090909090911,34.63,0.11772727272727272,0.23181818181818184,51.21818181818182,0.08136363636363637,0.115,70.83363636363636,0.005909090909090909,0.04363636363636364,0.7863636363636364,0.011818181818181818,0.10681818181818183,0.12727272727272726,0.05636363636363637,0.0,0.455909090909091,0.37227272727272726,0.10772727272727271,0.19272727272727275,0.07181818181818182,0.15545454545454543,0.05590909090909091,0.09954545454545455,0.07454545454545454,0.08363636363636362,0.9990909090909091,0.03590909090909092,0.11318181818181818,31.718181818181822,0.09636363636363637,0.17954545454545456,53.65090909090909,0.07181818181818182,0.10545454545454547,66.95181818181818,0.004545454545454545,0.04000000000000001,0.4918181818181818,0.014999999999999998,0.11227272727272726,0.13454545454545455,0.08363636363636362,0.0,0.3795454545454545
75,84,2009-03-13,13,1,2008-2009,Araraquara,Pinheiros,0,0.37363636363636366,0.1322727272727273,0.1718181818181818,0.06954545454545455,0.15318181818181817,0.03454545454545454,0.11863636363636365,0.07772727272727274,0.07772727272727273,1.0736363636363635,0.04409090909090909,0.13318181818181818,33.13363636363636,0.0859090909090909,0.16227272727272726,53.16272727272727,0.06954545454545455,0.10136363636363636,67.63545454545455,0.00818181818181818,0.03772727272727273,0.4954545454545455,0.025909090909090906,0.10318181818181817,0.25818181818181823,0.07772727272727273,0.0,0.39318181818181813,0.4218181818181818,0.1431818181818182,0.18272727272727274,0.09590909090909093,0.15863636363636363,0.045909090909090906,0.11272727272727273,0.06863636363636366,0.06181818181818182,1.1363636363636365,0.04772727272727273,0.12454545454545453,38.28454545454545,0.09136363636363637,0.17545454545454545,52.58363636363636,0.09590909090909093,0.13227272727272726,73.62363636363638,0.009545454545454544,0.02727272727272728,0.4790909090909091,0.008636363636363636,0.09272727272727271,0.09818181818181819,0.06181818181818182,0.0,0.42590909090909085
69,71,2009-03-13,13,1,2008-2009,Espírito Santo,Limeira,0,0.3804545454545455,0.09818181818181816,0.20545454545454545,0.0768181818181818,0.13545454545454547,0.03590909090909092,0.09954545454545455,0.05818181818181818,0.05727272727272728,1.0799999999999998,0.03272727272727273,0.11,29.078181818181818,0.10272727272727272,0.1859090909090909,56.12909090909091,0.0768181818181818,0.11772727272727272,67.55727272727272,0.0027272727272727275,0.04318181818181818,0.7790909090909092,0.006363636363636364,0.11454545454545452,0.05909090909090909,0.05727272727272728,0.0,0.36500000000000005,0.4272727272727272,0.13909090909090907,0.18636363636363634,0.10181818181818181,0.15045454545454545,0.03681818181818181,0.11363636363636363,0.08045454545454545,0.08363636363636365,1.1272727272727272,0.04636363636363636,0.12454545454545456,37.74272727272727,0.09318181818181817,0.1790909090909091,52.554545454545455,0.10181818181818181,0.13090909090909092,78.01545454545453,0.013636363636363636,0.045909090909090906,0.6345454545454546,0.02454545454545454,0.105,0.2409090909090909,0.08363636363636365,0.0,0.4518181818181818
82,75,2009-03-13,13,1,2008-2009,Saldanha,Coop/São José Basketball,1,0.3640909090909091,0.105,0.19727272727272727,0.06181818181818182,0.14590909090909093,0.04863636363636364,0.09727272727272727,0.04318181818181818,0.09136363636363636,0.5218181818181817,0.034999999999999996,0.10272727272727272,33.72727272727273,0.09863636363636363,0.2,50.61272727272728,0.06181818181818182,0.1,62.563636363636355,0.015454545454545455,0.05227272727272729,0.5709090909090908,0.009545454545454546,0.10863636363636364,0.09000000000000001,0.09136363636363636,0.0,0.31636363636363635,0.3981818181818182,0.1390909090909091,0.1781818181818182,0.08090909090909092,0.1281818181818182,0.03863636363636364,0.08954545454545454,0.07181818181818181,0.06909090909090909,1.0872727272727274,0.046363636363636364,0.13409090909090907,35.07636363636364,0.0890909090909091,0.17863636363636362,49.88090909090909,0.08090909090909092,0.11000000000000001,73.85545454545455,0.0013636363636363635,0.03727272727272727,0.5509090909090909,0.010909090909090908,0.11272727272727273,0.09727272727272727,0.06909090909090909,0.0,0.3709090909090909
82,64,2009-03-14,13,1,2008-2009,Joinville,Assis,1,0.4059090909090909,0.14318181818181816,0.19636363636363632,0.06636363636363637,0.18090909090909094,0.04681818181818182,0.13409090909090907,0.08545454545454545,0.07636363636363636,1.1490909090909092,0.04772727272727273,0.13136363636363638,36.298181818181824,0.09818181818181816,0.18409090909090908,52.97818181818182,0.06636363636363637,0.0990909090909091,67.30636363636364,0.007727272727272728,0.04272727272727273,0.5890909090909092,0.015909090909090914,0.09136363636363636,0.18909090909090906,0.07636363636363636,0.0,0.4522727272727272,0.39300000000000007,0.123,0.165,0.10499999999999998,0.143,0.0395,0.1035,0.054000000000000006,0.06200000000000001,1.074,0.041,0.11000000000000001,37.18900000000001,0.0825,0.15550000000000003,53.193000000000005,0.10499999999999998,0.14400000000000002,73.221,0.0045,0.035500000000000004,0.603,0.015500000000000003,0.09849999999999999,0.15800000000000003,0.06200000000000001,0.0,0.398
78,82,2009-03-15,13,1,2008-2009,Flamengo,Brasília,0,0.4875,0.165,0.24,0.08249999999999999,0.1525,0.0455,0.10700000000000001,0.089,0.06250000000000001,1.57,0.05500000000000001,0.12150000000000001,45.518,0.12,0.20400000000000001,58.519999999999996,0.08249999999999999,0.1055,77.625,0.011500000000000002,0.039999999999999994,0.72,0.006,0.0945,0.061,0.06250000000000001,0.0,0.539,0.43863636363636366,0.11318181818181818,0.2381818181818182,0.08727272727272727,0.18545454545454546,0.049090909090909095,0.13636363636363635,0.08136363636363636,0.085,1.04,0.03772727272727273,0.10636363636363635,35.00727272727273,0.1190909090909091,0.20227272727272727,59.318181818181806,0.08727272727272727,0.11863636363636364,74.22818181818182,0.010454545454545454,0.03636363636363637,0.46545454545454545,0.021363636363636362,0.11181818181818183,0.1981818181818182,0.085,0.0,0.49499999999999994
100,83,2009-03-18,14,1,2008-2009,Flamengo,Araraquara,1,0.4786363636363636,0.16363636363636364,0.23090909090909092,0.08409090909090909,0.15318181818181817,0.046363636363636364,0.10681818181818183,0.08772727272727271,0.06590909090909092,1.4954545454545458,0.05454545454545456,0.12272727272727274,44.74727272727273,0.11545454545454546,0.2009090909090909,56.94363636363635,0.08409090909090909,0.10863636363636363,77.06181818181818,0.010909090909090912,0.039090909090909086,0.6818181818181818,0.006363636363636364,0.09818181818181819,0.061818181818181814,0.06590909090909092,0.0,0.520909090909091,0.37375,0.13,0.17666666666666664,0.06708333333333334,0.15083333333333332,0.03458333333333333,0.11625000000000002,0.08083333333333334,0.07583333333333334,1.1583333333333332,0.043333333333333335,0.13041666666666665,33.28916666666667,0.08833333333333332,0.165,53.64666666666667,0.06708333333333334,0.09749999999999999,68.06,0.009999999999999998,0.037500000000000006,0.5075,0.024166666666666666,0.10208333333333332,0.2416666666666667,0.07583333333333334,0.0,0.3970833333333333
79,88,2009-03-18,14,1,2008-2009,Brasília,Joinville,0,0.43625,0.11125,0.2325,0.09249999999999999,0.1825,0.04833333333333334,0.13416666666666668,0.07958333333333333,0.08375,1.0250000000000001,0.037083333333333336,0.1075,34.17333333333334,0.11625,0.19999999999999998,58.42249999999999,0.09249999999999999,0.12374999999999999,74.98666666666666,0.009583333333333334,0.03833333333333334,0.49833333333333335,0.022083333333333333,0.11333333333333336,0.20083333333333334,0.08375,0.0,0.48958333333333326,0.40625,0.1425,0.1958333333333333,0.06791666666666667,0.17958333333333334,0.04708333333333334,0.13249999999999998,0.08583333333333333,0.075,1.1783333333333335,0.04750000000000001,0.12875,37.02333333333333,0.09791666666666665,0.18541666666666667,52.52166666666667,0.06791666666666667,0.10000000000000002,68.13666666666667,0.008333333333333333,0.04375000000000001,0.6166666666666668,0.016250000000000004,0.09291666666666666,0.18833333333333332,0.075,0.0,0.4558333333333333
95,79,2009-03-18,14,1,2008-2009,Minas,Sesi Franca,1,0.42350000000000004,0.1095,0.233,0.081,0.17650000000000002,0.052000000000000005,0.12450000000000001,0.0795,0.076,1.074,0.036500000000000005,0.10350000000000001,36.04600000000001,0.1165,0.20650000000000004,56.58800000000001,0.081,0.1145,71.184,0.007000000000000001,0.033999999999999996,0.458,0.0125,0.09949999999999999,0.139,0.076,0.0,0.45949999999999996,0.43166666666666664,0.11374999999999998,0.23416666666666666,0.08375,0.16166666666666665,0.04791666666666667,0.11375,0.085,0.058750000000000004,1.4883333333333333,0.03791666666666667,0.11041666666666668,34.410833333333336,0.11708333333333333,0.22583333333333336,52.67916666666667,0.08375,0.11708333333333336,71.47833333333334,0.005833333333333334,0.043750000000000004,0.765,0.011250000000000001,0.10708333333333335,0.12083333333333333,0.058750000000000004,0.0,0.46
63,68,2009-03-18,14,1,2008-2009,Assis,Espírito Santo,0,0.38636363636363646,0.12000000000000001,0.16545454545454547,0.10090909090909089,0.14181818181818182,0.03909090909090909,0.10272727272727272,0.052272727272727276,0.06454545454545456,1.011818181818182,0.04000000000000001,0.11045454545454546,36.18,0.08272727272727273,0.15454545454545457,53.686363636363645,0.10090909090909089,0.1422727272727273,70.92818181818183,0.005,0.03681818181818182,0.5990909090909091,0.014545454545454549,0.09727272727272726,0.14909090909090914,0.06454545454545456,0.0,0.3836363636363636,0.3775,0.09874999999999999,0.20333333333333334,0.07541666666666665,0.13749999999999998,0.037500000000000006,0.09999999999999999,0.05791666666666667,0.055000000000000014,1.1424999999999998,0.03291666666666667,0.11083333333333334,29.085833333333337,0.10166666666666667,0.18666666666666665,55.29750000000001,0.07541666666666665,0.11499999999999999,67.80999999999999,0.0025,0.04041666666666666,0.7416666666666667,0.007500000000000001,0.11291666666666665,0.07166666666666667,0.055000000000000014,0.0,0.36333333333333334
92,76,2009-03-18,14,1,2008-2009,Bauru Basket,Saldanha,1,0.38458333333333333,0.12374999999999999,0.19499999999999998,0.06583333333333334,0.13999999999999999,0.035,0.10500000000000002,0.06125,0.05874999999999999,1.2383333333333333,0.041249999999999995,0.11166666666666665,36.61166666666667,0.09749999999999999,0.1825,53.78,0.06583333333333334,0.08875000000000001,76.31333333333333,0.0045833333333333325,0.027500000000000007,0.5241666666666666,0.011249999999999998,0.08750000000000001,0.12916666666666668,0.05874999999999999,0.0,0.3875,0.36791666666666667,0.10625,0.20083333333333334,0.06083333333333334,0.14708333333333334,0.04833333333333334,0.09875,0.04624999999999999,0.08916666666666666,0.5808333333333332,0.03541666666666666,0.10375,33.815,0.10041666666666667,0.19833333333333336,51.95083333333333,0.06083333333333334,0.10041666666666667,61.31833333333333,0.016666666666666666,0.04958333333333335,0.5491666666666666,0.009166666666666668,0.11083333333333334,0.08583333333333333,0.08916666666666666,0.0,0.325
96,81,2009-03-18,14,1,2008-2009,Pinheiros,Limeira,1,0.42166666666666663,0.14750000000000002,0.18250000000000002,0.09166666666666667,0.15833333333333333,0.046250000000000006,0.11208333333333333,0.07208333333333335,0.06291666666666666,1.1641666666666668,0.04916666666666667,0.12749999999999997,38.48,0.09125000000000001,0.1725,53.55916666666666,0.09166666666666667,0.12708333333333333,72.84583333333335,0.01,0.02916666666666667,0.49500000000000005,0.009166666666666667,0.09041666666666665,0.10916666666666668,0.06291666666666666,0.0,0.43249999999999994,0.42124999999999996,0.13749999999999998,0.18666666666666665,0.09708333333333331,0.15041666666666667,0.03708333333333333,0.11333333333333334,0.08041666666666665,0.08000000000000002,1.2,0.04583333333333333,0.12333333333333335,37.627500000000005,0.09333333333333332,0.18041666666666667,52.23500000000001,0.09708333333333331,0.12583333333333335,76.87166666666666,0.012499999999999999,0.0425,0.5925,0.024999999999999994,0.105,0.245,0.08000000000000002,0.0,0.44625
82,63,2009-03-18,14,1,2008-2009,Paulistano,Coop/São José Basketball,1,0.3704166666666666,0.10749999999999998,0.1925,0.07041666666666667,0.15624999999999997,0.05583333333333334,0.10041666666666667,0.07333333333333332,0.08291666666666665,0.9825,0.035833333333333335,0.11541666666666665,31.158333333333335,0.09625,0.17958333333333334,53.578333333333326,0.07041666666666667,0.10208333333333335,68.42416666666666,0.0045833333333333325,0.04083333333333334,0.5066666666666667,0.014166666666666666,0.11416666666666665,0.12666666666666668,0.08291666666666665,0.0,0.37749999999999995,0.39625,0.13625,0.18000000000000002,0.08,0.12750000000000003,0.03916666666666667,0.08833333333333332,0.07083333333333332,0.06708333333333334,1.1075000000000002,0.04541666666666667,0.13333333333333333,34.48666666666667,0.09000000000000001,0.1775,50.775000000000006,0.08,0.1125,71.86749999999999,0.0016666666666666668,0.03666666666666666,0.5608333333333333,0.011250000000000001,0.11291666666666667,0.10000000000000002,0.06708333333333334,0.0,0.3675
93,75,2009-03-20,15,1,2008-2009,Flamengo,Sesi Franca,1,0.48041666666666666,0.16125,0.23083333333333333,0.08833333333333333,0.15708333333333332,0.04708333333333334,0.11,0.08666666666666666,0.06708333333333334,1.449166666666667,0.05375000000000001,0.12291666666666667,44.01833333333334,0.11541666666666667,0.20125,56.87333333333333,0.08833333333333333,0.11374999999999998,77.25750000000001,0.010000000000000002,0.04249999999999999,0.7083333333333334,0.007083333333333334,0.10000000000000002,0.06749999999999999,0.06708333333333334,0.0,0.52625,0.4296153846153846,0.11307692307692306,0.2330769230769231,0.08346153846153848,0.16115384615384615,0.04846153846153847,0.1126923076923077,0.08423076923076923,0.058846153846153854,1.47,0.03769230769230769,0.10923076923076924,34.597692307692306,0.11653846153846155,0.2257692307692308,52.387692307692305,0.08346153846153848,0.11615384615384618,71.84076923076924,0.006153846153846154,0.04307692307692308,0.7507692307692307,0.012307692307692308,0.1053846153846154,0.13384615384615384,0.058846153846153854,0.0,0.4580769230769231
85,64,2009-03-20,15,1,2008-2009,Brasília,Lajeado,1,0.43307692307692314,0.11192307692307693,0.2276923076923077,0.09346153846153846,0.17807692307692308,0.04576923076923078,0.13230769230769232,0.07846153846153844,0.08153846153846155,1.036923076923077,0.03730769230769231,0.10807692307692308,34.22,0.11384615384615385,0.19769230769230767,57.77461538461538,0.09346153846153846,0.125,74.98769230769231,0.010384615384615384,0.03730769230769231,0.4946153846153847,0.021923076923076927,0.11346153846153849,0.19846153846153847,0.08153846153846155,0.0,0.4811538461538461,0.36375,0.07875,0.19916666666666663,0.08583333333333332,0.14375000000000002,0.05208333333333334,0.09166666666666667,0.04875000000000001,0.07458333333333332,0.6683333333333333,0.026250000000000006,0.09749999999999999,27.119166666666672,0.09958333333333332,0.20333333333333328,49.39166666666666,0.08583333333333332,0.12208333333333336,70.69416666666665,0.00125,0.04291666666666666,0.6441666666666667,0.005833333333333334,0.10375000000000001,0.05833333333333334,0.07458333333333332,0.0,0.31916666666666665
86,74,2009-03-20,15,1,2008-2009,Minas,Araraquara,1,0.42818181818181816,0.11045454545454544,0.2381818181818182,0.07954545454545454,0.1781818181818182,0.054090909090909085,0.12409090909090911,0.08181818181818182,0.0740909090909091,1.1500000000000001,0.03681818181818182,0.10318181818181821,36.405454545454546,0.1190909090909091,0.2113636363636364,56.51363636363637,0.07954545454545454,0.11181818181818182,71.66454545454545,0.007272727272727273,0.03363636363636364,0.46636363636363637,0.014090909090909091,0.09818181818181816,0.1581818181818182,0.0740909090909091,0.0,0.4709090909090909,0.37692307692307697,0.13038461538461538,0.17769230769230765,0.06884615384615385,0.14999999999999997,0.034230769230769224,0.11576923076923079,0.08230769230769232,0.0776923076923077,1.146153846153846,0.04346153846153847,0.13038461538461538,33.39153846153846,0.08884615384615382,0.16692307692307692,53.36615384615384,0.06884615384615385,0.10115384615384615,67.59923076923077,0.010384615384615383,0.0376923076923077,0.49923076923076926,0.022692307692307692,0.10538461538461538,0.2253846153846154,0.0776923076923077,0.0,0.3946153846153846
93,73,2009-03-20,15,1,2008-2009,Assis,Saldanha,1,0.3804166666666668,0.11625,0.16333333333333333,0.10083333333333333,0.1425,0.03833333333333334,0.10416666666666667,0.05291666666666667,0.06291666666666668,1.0383333333333333,0.03875000000000001,0.1125,34.708333333333336,0.08166666666666667,0.15375000000000003,53.23583333333334,0.10083333333333333,0.14125000000000001,71.4275,0.004583333333333333,0.0375,0.6325,0.015000000000000001,0.09749999999999999,0.15333333333333335,0.06291666666666668,0.0,0.37916666666666665,0.3688461538461538,0.10730769230769231,0.2,0.06153846153846154,0.1473076923076923,0.04923076923076924,0.09807692307692309,0.04730769230769231,0.08884615384615382,0.5907692307692307,0.03576923076923076,0.10576923076923077,33.58076923076923,0.1,0.19730769230769235,51.90461538461538,0.06153846153846154,0.10038461538461539,61.98615384615384,0.016923076923076923,0.05000000000000002,0.5569230769230769,0.008846153846153847,0.11076923076923079,0.08307692307692308,0.08884615384615382,0.0,0.3273076923076923
77,74,2009-03-20,15,1,2008-2009,Bauru Basket,Espírito Santo,1,0.3903846153846154,0.1223076923076923,0.1992307692307692,0.06884615384615386,0.14307692307692307,0.036153846153846154,0.10692307692307693,0.06269230769230769,0.06038461538461537,1.22,0.040769230769230766,0.11153846153846153,36.24307692307693,0.0996153846153846,0.1823076923076923,54.98461538461538,0.06884615384615386,0.09192307692307694,76.65615384615384,0.005384615384615384,0.029230769230769234,0.5323076923076923,0.011538461538461536,0.08769230769230771,0.1323076923076923,0.06038461538461537,0.0,0.4,0.37461538461538463,0.09923076923076922,0.20153846153846156,0.07384615384615384,0.1373076923076923,0.03692307692307693,0.10038461538461538,0.0576923076923077,0.05576923076923078,1.1199999999999999,0.03307692307692308,0.10846153846153847,30.213846153846156,0.10076923076923078,0.18576923076923074,55.0,0.07384615384615384,0.11346153846153845,67.04692307692306,0.002307692307692308,0.03884615384615385,0.7084615384615385,0.006923076923076924,0.11230769230769229,0.06615384615384615,0.05576923076923078,0.0,0.35961538461538467
92,86,2009-03-20,15,1,2008-2009,Pinheiros,Coop/São José Basketball,1,0.4261538461538461,0.14884615384615388,0.18538461538461543,0.09192307692307693,0.1596153846153846,0.04615384615384616,0.11346153846153847,0.07346153846153848,0.06346153846153846,1.173846153846154,0.049615384615384624,0.12653846153846152,39.199230769230766,0.09269230769230771,0.17307692307692307,54.13999999999999,0.09192307692307693,0.12653846153846154,73.3323076923077,0.010769230769230769,0.031153846153846157,0.5176923076923077,0.008846153846153847,0.09076923076923074,0.10461538461538462,0.06346153846153846,0.0,0.44384615384615383,0.39,0.1326923076923077,0.18076923076923077,0.07653846153846154,0.13384615384615386,0.041923076923076924,0.09192307692307691,0.06999999999999999,0.06923076923076923,1.070769230769231,0.04423076923076923,0.13076923076923078,34.14153846153847,0.09038461538461538,0.18153846153846154,50.04615384615385,0.07653846153846154,0.10923076923076924,70.1853846153846,0.0015384615384615385,0.037692307692307685,0.5584615384615385,0.012692307692307694,0.10961538461538461,0.1253846153846154,0.06923076923076923,0.0,0.3646153846153846
78,99,2009-03-20,15,1,2008-2009,Paulistano,Limeira,0,0.3734615384615384,0.10615384615384614,0.19846153846153847,0.06884615384615386,0.16076923076923075,0.058076923076923075,0.1026923076923077,0.07499999999999998,0.08153846153846153,1.0192307692307692,0.03538461538461539,0.11653846153846151,30.536923076923078,0.09923076923076923,0.18500000000000003,53.61076923076923,0.06884615384615386,0.10038461538461539,67.96846153846154,0.004615384615384615,0.041923076923076924,0.533076923076923,0.01423076923076923,0.11076923076923076,0.13307692307692306,0.08153846153846153,0.0,0.3853846153846154,0.42,0.13846153846153844,0.18615384615384614,0.09538461538461537,0.14807692307692305,0.036538461538461534,0.11153846153846156,0.07999999999999999,0.08076923076923079,1.1715384615384616,0.04615384615384615,0.12423076923076924,37.582307692307694,0.09307692307692307,0.17923076923076925,52.41307692307692,0.09538461538461537,0.12346153846153848,77.03153846153845,0.011923076923076923,0.04153846153846154,0.5723076923076923,0.024615384615384612,0.10653846153846154,0.23846153846153847,0.08076923076923079,0.0,0.4411538461538461
88,67,2009-03-23,2,2,2008-2009,Sesi Franca,Espírito Santo,1,0.42642857142857143,0.10928571428571428,0.23500000000000001,0.08214285714285716,0.1625,0.05000000000000001,0.11250000000000002,0.08499999999999999,0.06250000000000001,1.4264285714285714,0.03642857142857143,0.10892857142857144,33.48714285714286,0.11750000000000001,0.22642857142857145,52.597142857142856,0.08214285714285716,0.11357142857142859,72.51285714285714,0.005714285714285714,0.044642857142857144,0.7392857142857142,0.011785714285714287,0.10535714285714286,0.12785714285714286,0.06250000000000001,0.0,0.455,0.3742857142857143,0.10071428571428569,0.20142857142857146,0.07214285714285713,0.13499999999999998,0.035357142857142865,0.09964285714285714,0.05535714285714287,0.05642857142857143,1.0671428571428572,0.03357142857142857,0.10678571428571429,31.41714285714286,0.10071428571428573,0.18285714285714283,55.99785714285714,0.07214285714285713,0.11142857142857142,66.45928571428571,0.002142857142857143,0.03678571428571429,0.6685714285714287,0.006428571428571429,0.1107142857142857,0.06142857142857143,0.05642857142857143,0.0,0.3567857142857144
86,81,2009-03-25,1,2,2008-2009,Flamengo,Pinheiros,1,0.4792307692307692,0.16153846153846155,0.23153846153846153,0.08615384615384616,0.15615384615384614,0.04615384615384616,0.11000000000000001,0.09,0.06923076923076923,1.4430769230769234,0.05384615384615386,0.12230769230769231,44.31153846153847,0.11576923076923076,0.20076923076923076,57.232307692307685,0.08615384615384616,0.11192307692307692,76.44307692307692,0.011153846153846155,0.045769230769230757,0.7223076923076923,0.006538461538461539,0.09884615384615386,0.0623076923076923,0.06923076923076923,0.0,0.5292307692307693,0.4285714285714285,0.14571428571428574,0.18785714285714292,0.095,0.16142857142857142,0.04607142857142858,0.11535714285714287,0.0735714285714286,0.06357142857142857,1.1721428571428572,0.048571428571428585,0.12428571428571426,39.03071428571428,0.09392857142857146,0.17464285714285713,54.30214285714285,0.095,0.13142857142857142,73.03928571428573,0.011428571428571427,0.031071428571428576,0.5135714285714286,0.009285714285714286,0.09035714285714283,0.11,0.06357142857142857,0.0,0.44749999999999995
83,76,2009-03-25,1,2,2008-2009,Lajeado,Coop/São José Basketball,1,0.3603846153846154,0.07846153846153846,0.19846153846153844,0.08346153846153845,0.1426923076923077,0.05153846153846155,0.09115384615384615,0.04923076923076924,0.07461538461538461,0.6730769230769231,0.02615384615384616,0.0973076923076923,27.057692307692314,0.09923076923076922,0.20615384615384613,48.636923076923075,0.08346153846153845,0.11769230769230771,71.7653846153846,0.0011538461538461537,0.04384615384615384,0.6507692307692309,0.00576923076923077,0.10500000000000001,0.05692307692307693,0.07461538461538461,0.0,0.315,0.39285714285714285,0.1317857142857143,0.18642857142857144,0.07464285714285714,0.13535714285714287,0.0425,0.09285714285714285,0.06999999999999999,0.06892857142857144,1.0714285714285716,0.043928571428571435,0.12999999999999998,34.08357142857143,0.09321428571428572,0.1839285714285714,50.79071428571429,0.07464285714285714,0.10678571428571429,69.9342857142857,0.0017857142857142859,0.03785714285714285,0.5628571428571428,0.011785714285714287,0.1125,0.11642857142857144,0.06892857142857144,0.0,0.37000000000000005
80,86,2009-03-25,1,2,2008-2009,Assis,Brasília,0,0.38692307692307704,0.1176923076923077,0.16846153846153847,0.10076923076923078,0.14615384615384613,0.03961538461538462,0.10653846153846154,0.05538461538461538,0.06384615384615386,1.0453846153846154,0.03923076923076924,0.11076923076923079,35.88461538461539,0.08423076923076923,0.1553846153846154,54.19538461538462,0.10076923076923078,0.1426923076923077,70.74076923076923,0.005384615384615385,0.036153846153846154,0.6046153846153846,0.016153846153846154,0.0973076923076923,0.16615384615384615,0.06384615384615386,0.0,0.3923076923076923,0.43250000000000005,0.11035714285714286,0.2285714285714286,0.09357142857142856,0.1775,0.04571428571428572,0.1317857142857143,0.07642857142857142,0.08142857142857143,1.007857142857143,0.03678571428571429,0.10785714285714286,33.816428571428574,0.1142857142857143,0.19535714285714284,58.84285714285714,0.09357142857142856,0.12571428571428572,74.65785714285714,0.010714285714285716,0.03892857142857143,0.5128571428571429,0.022500000000000003,0.1110714285714286,0.21142857142857144,0.08142857142857143,0.0,0.4821428571428571
96,83,2009-03-25,1,2,2008-2009,Minas,Paulistano,1,0.4283333333333333,0.10749999999999998,0.24250000000000002,0.07833333333333332,0.1791666666666667,0.05416666666666667,0.12500000000000003,0.08125,0.075,1.1275000000000002,0.035833333333333335,0.10083333333333334,36.149166666666666,0.12125000000000001,0.21541666666666667,56.451666666666675,0.07833333333333332,0.11041666666666666,71.39416666666666,0.0075,0.034999999999999996,0.4766666666666666,0.014583333333333332,0.09749999999999999,0.16333333333333336,0.075,0.0,0.47208333333333335,0.3746428571428571,0.10928571428571428,0.195,0.07035714285714287,0.15642857142857142,0.05535714285714286,0.10107142857142858,0.07392857142857143,0.08107142857142856,1.0035714285714286,0.036428571428571435,0.11607142857142856,31.60214285714286,0.0975,0.18392857142857144,52.93285714285714,0.07035714285714287,0.1017857142857143,68.4707142857143,0.004642857142857142,0.04,0.5092857142857142,0.013571428571428571,0.10964285714285714,0.12714285714285714,0.08107142857142856,0.0,0.37999999999999995
98,107,2009-03-25,1,2,2008-2009,Joinville,Limeira,0,0.40884615384615386,0.13961538461538459,0.1992307692307692,0.07,0.1780769230769231,0.04538461538461539,0.1326923076923077,0.08384615384615385,0.07307692307692307,1.18,0.04653846153846154,0.1257692307692308,37.16692307692308,0.0996153846153846,0.18576923076923077,53.339999999999996,0.07,0.10384615384615385,67.76692307692308,0.008461538461538461,0.04307692307692309,0.6230769230769232,0.015384615384615387,0.09384615384615384,0.17769230769230765,0.07307692307692307,0.0,0.4569230769230769,0.4253571428571429,0.14464285714285713,0.18714285714285714,0.09357142857142856,0.14607142857142857,0.03535714285714286,0.11071428571428574,0.08214285714285714,0.08071428571428574,1.1864285714285714,0.04821428571428571,0.1242857142857143,39.18357142857143,0.09357142857142857,0.17785714285714288,53.13357142857143,0.09357142857142856,0.12071428571428573,77.41142857142856,0.011785714285714287,0.04142857142857143,0.5671428571428572,0.02464285714285714,0.1075,0.23642857142857143,0.08071428571428574,0.0,0.4514285714285714
92,73,2009-03-25,1,2,2008-2009,Sesi Franca,Saldanha,1,0.42999999999999994,0.106,0.23666666666666666,0.08733333333333333,0.16299999999999998,0.05066666666666668,0.11233333333333335,0.08566666666666665,0.064,1.406,0.035333333333333335,0.10366666666666667,35.699333333333335,0.11833333333333333,0.22733333333333333,52.702,0.08733333333333333,0.11833333333333336,73.44466666666668,0.005666666666666667,0.04533333333333334,0.7333333333333333,0.011333333333333334,0.10633333333333335,0.12200000000000001,0.064,0.0,0.463,0.3685714285714286,0.10821428571428572,0.19714285714285715,0.06321428571428571,0.14714285714285716,0.049642857142857155,0.09750000000000002,0.0475,0.08678571428571427,0.6078571428571428,0.03607142857142857,0.105,34.19,0.09857142857142857,0.1967857142857143,51.205,0.06321428571428571,0.10321428571428573,61.894999999999996,0.017142857142857144,0.050000000000000024,0.5764285714285713,0.008571428571428574,0.11214285714285717,0.08,0.08678571428571427,0.0,0.32785714285714285
97,91,2009-03-25,1,2,2008-2009,Araraquara,Espírito Santo,1,0.37642857142857145,0.13071428571428573,0.17857142857142855,0.06714285714285714,0.14785714285714285,0.033928571428571426,0.11392857142857146,0.08071428571428572,0.07714285714285715,1.1257142857142857,0.04357142857142858,0.13035714285714284,33.479285714285716,0.08928571428571427,0.1692857142857143,52.94714285714286,0.06714285714285714,0.09964285714285714,66.78857142857143,0.009642857142857142,0.03678571428571429,0.4892857142857143,0.02214285714285714,0.10428571428571429,0.22142857142857145,0.07714285714285715,0.0,0.3875,0.3716666666666667,0.09999999999999999,0.198,0.07366666666666664,0.13266666666666665,0.03600000000000001,0.09666666666666666,0.054666666666666676,0.05733333333333334,1.0386666666666666,0.03333333333333333,0.10500000000000001,31.82266666666667,0.099,0.1833333333333333,54.896,0.07366666666666664,0.11199999999999997,67.30666666666666,0.0023333333333333335,0.037333333333333336,0.6666666666666667,0.006666666666666667,0.11066666666666666,0.06333333333333332,0.05733333333333334,0.0,0.35133333333333344
105,71,2009-03-27,2,2,2008-2009,Flamengo,Paulistano,1,0.47571428571428565,0.15964285714285717,0.2307142857142857,0.08535714285714287,0.15749999999999997,0.04607142857142858,0.11142857142857143,0.08892857142857143,0.07071428571428572,1.3992857142857145,0.05321428571428573,0.12250000000000001,43.71785714285715,0.11535714285714285,0.20035714285714284,57.173571428571414,0.08535714285714287,0.10999999999999999,77.28571428571429,0.011071428571428574,0.04499999999999999,0.6985714285714286,0.006428571428571429,0.09857142857142857,0.06142857142857143,0.07071428571428572,0.0,0.5239285714285715,0.3773333333333333,0.10699999999999998,0.19933333333333333,0.07100000000000001,0.157,0.05600000000000001,0.101,0.07233333333333333,0.08299999999999999,0.9666666666666667,0.03566666666666667,0.11499999999999999,31.162,0.09966666666666667,0.1876666666666667,53.015333333333324,0.07100000000000001,0.10266666666666668,68.54400000000001,0.004666666666666666,0.04100000000000001,0.5086666666666667,0.014333333333333333,0.11066666666666666,0.132,0.08299999999999999,0.0,0.37999999999999995
100,97,2009-03-27,2,2,2008-2009,Bauru Basket,Brasília,1,0.39,0.11892857142857141,0.20142857142857143,0.06964285714285715,0.1425,0.03678571428571429,0.10571428571428573,0.06357142857142857,0.05892857142857142,1.2671428571428571,0.03964285714285714,0.11035714285714285,35.534285714285716,0.10071428571428571,0.18321428571428572,55.269285714285715,0.06964285714285715,0.09250000000000003,76.895,0.0060714285714285705,0.03035714285714286,0.575,0.01214285714285714,0.08857142857142859,0.13714285714285715,0.05892857142857142,0.0,0.4035714285714286,0.43233333333333335,0.11200000000000002,0.22333333333333333,0.09699999999999999,0.17733333333333332,0.04433333333333334,0.133,0.076,0.08066666666666668,1.0073333333333334,0.037333333333333336,0.107,34.72,0.11166666666666666,0.192,58.368,0.09699999999999999,0.13133333333333333,74.284,0.010666666666666668,0.03833333333333334,0.5073333333333333,0.022666666666666672,0.11266666666666669,0.21,0.08066666666666668,0.0,0.4816666666666666
91,70,2009-03-27,2,2,2008-2009,Minas,Pinheiros,1,0.4323076923076922,0.1096153846153846,0.24230769230769234,0.08038461538461537,0.17423076923076927,0.053076923076923084,0.12115384615384617,0.08115384615384615,0.07692307692307693,1.1023076923076924,0.03653846153846154,0.10230769230769231,36.253076923076925,0.12115384615384617,0.21423076923076925,56.72461538461539,0.08038461538461537,0.11423076923076922,70.95076923076923,0.006923076923076922,0.03807692307692308,0.49769230769230766,0.015384615384615384,0.09653846153846153,0.17307692307692307,0.07692307692307693,0.0,0.4715384615384615,0.42699999999999994,0.14600000000000002,0.18800000000000006,0.093,0.16099999999999998,0.04700000000000001,0.11400000000000002,0.07433333333333335,0.064,1.1746666666666667,0.04866666666666668,0.12666666666666665,38.51199999999999,0.09400000000000003,0.17466666666666664,54.301333333333325,0.093,0.12833333333333333,73.268,0.010666666666666665,0.03333333333333333,0.5413333333333334,0.008666666666666666,0.08899999999999998,0.10266666666666667,0.064,0.0,0.4463333333333333
83,79,2009-03-27,2,2,2008-2009,Joinville,Coop/São José Basketball,1,0.4146428571428572,0.14035714285714282,0.19999999999999998,0.07428571428571429,0.1785714285714286,0.046785714285714285,0.13178571428571426,0.08107142857142857,0.07642857142857142,1.122857142857143,0.0467857142857143,0.12642857142857145,37.15785714285715,0.09999999999999999,0.18642857142857142,53.37642857142857,0.07428571428571429,0.10785714285714286,68.73,0.008928571428571428,0.043214285714285726,0.6057142857142859,0.015000000000000003,0.09999999999999999,0.16928571428571426,0.07642857142857142,0.0,0.4564285714285714,0.392,0.136,0.18200000000000002,0.074,0.13266666666666668,0.04066666666666667,0.092,0.06833333333333333,0.067,1.0753333333333335,0.045333333333333344,0.13099999999999998,34.8,0.09100000000000001,0.17866666666666664,51.214000000000006,0.074,0.10566666666666667,70.08666666666666,0.0016666666666666668,0.03766666666666666,0.584,0.011666666666666667,0.112,0.11533333333333334,0.067,0.0,0.37033333333333335
82,87,2009-03-27,2,2,2008-2009,Lajeado,Limeira,0,0.3642857142857143,0.08678571428571429,0.19428571428571426,0.0832142857142857,0.1442857142857143,0.05000000000000001,0.09428571428571429,0.050357142857142864,0.0732142857142857,0.7092857142857143,0.028928571428571435,0.09964285714285714,28.696428571428577,0.09714285714285713,0.20249999999999996,48.388571428571424,0.0832142857142857,0.11892857142857145,70.87214285714285,0.0010714285714285715,0.04285714285714286,0.6435714285714287,0.005357142857142858,0.1042857142857143,0.052857142857142866,0.0732142857142857,0.0,0.3221428571428571,0.4326666666666667,0.142,0.19333333333333336,0.09733333333333331,0.147,0.03666666666666667,0.11033333333333335,0.08233333333333333,0.08000000000000003,1.188,0.04733333333333333,0.12300000000000001,38.79333333333334,0.09666666666666668,0.18133333333333335,53.64933333333333,0.09733333333333331,0.12666666666666668,77.01266666666666,0.012333333333333333,0.04466666666666667,0.6153333333333334,0.02333333333333333,0.10866666666666666,0.22333333333333333,0.08000000000000003,0.0,0.4603333333333333
77,63,2009-03-27,2,2,2008-2009,Araraquara,Saldanha,1,0.3836666666666667,0.13499999999999998,0.18133333333333332,0.06733333333333333,0.149,0.034333333333333334,0.1146666666666667,0.08200000000000002,0.08166666666666668,1.0966666666666667,0.045000000000000005,0.13133333333333333,34.236,0.09066666666666666,0.169,53.861999999999995,0.06733333333333333,0.1,66.78066666666668,0.009666666666666665,0.03933333333333333,0.4913333333333334,0.021333333333333333,0.10766666666666666,0.21066666666666667,0.08166666666666668,0.0,0.39633333333333337,0.36833333333333335,0.10700000000000001,0.2,0.06133333333333334,0.14833333333333334,0.05133333333333334,0.09700000000000002,0.04900000000000001,0.08933333333333332,0.6046666666666666,0.03566666666666666,0.10466666666666667,33.910666666666664,0.1,0.19700000000000004,51.791333333333334,0.06133333333333334,0.10033333333333336,61.657333333333334,0.018000000000000002,0.049333333333333354,0.5593333333333332,0.008666666666666668,0.11133333333333335,0.08133333333333334,0.08933333333333332,0.0,0.3293333333333333
76,65,2009-03-30,4,2,2008-2009,Flamengo,Limeira,1,0.479,0.159,0.232,0.08800000000000001,0.15866666666666662,0.04766666666666667,0.111,0.09233333333333332,0.07033333333333333,1.4493333333333334,0.05300000000000002,0.12433333333333334,43.02533333333334,0.116,0.1993333333333333,57.86666666666665,0.08800000000000001,0.11299999999999999,77.51,0.010666666666666668,0.046333333333333324,0.7186666666666668,0.006333333333333334,0.09766666666666667,0.06133333333333333,0.07033333333333333,0.0,0.5326666666666667,0.43066666666666664,0.132,0.20000000000000007,0.09866666666666667,0.14633333333333332,0.037000000000000005,0.10933333333333335,0.08033333333333333,0.07566666666666667,1.214,0.044,0.11633333333333333,37.803333333333335,0.10000000000000003,0.18566666666666667,53.955999999999996,0.09866666666666667,0.129,76.52399999999999,0.012666666666666668,0.045000000000000005,0.638,0.022000000000000006,0.10700000000000001,0.21266666666666667,0.07566666666666667,0.0,0.4603333333333333
63,70,2009-04-01,3,2,2008-2009,Espírito Santo,Joinville,0,0.3763333333333333,0.10000000000000002,0.19666666666666668,0.07966666666666668,0.13066666666666668,0.036666666666666674,0.09400000000000001,0.053333333333333344,0.06199999999999999,0.9633333333333333,0.03333333333333334,0.10700000000000001,31.413333333333338,0.09833333333333334,0.18233333333333332,54.873333333333335,0.07966666666666668,0.11833333333333333,69.21866666666666,0.0030000000000000005,0.04000000000000001,0.6473333333333335,0.006666666666666666,0.11166666666666666,0.06266666666666666,0.06199999999999999,0.0,0.34866666666666674,0.4146666666666667,0.13899999999999996,0.2,0.07566666666666667,0.1776666666666667,0.04633333333333334,0.13133333333333333,0.082,0.07533333333333332,1.1533333333333333,0.046333333333333344,0.12700000000000003,36.656,0.1,0.18533333333333332,53.739333333333335,0.07566666666666667,0.11033333333333334,68.516,0.009333333333333334,0.04333333333333335,0.6153333333333335,0.01466666666666667,0.09933333333333333,0.1653333333333333,0.07533333333333332,0.0,0.4563333333333333
91,80,2009-04-01,3,2,2008-2009,Flamengo,Coop/São José Basketball,1,0.4743333333333333,0.153,0.23133333333333334,0.09,0.16299999999999995,0.04733333333333334,0.11566666666666665,0.092,0.072,1.4106666666666665,0.05100000000000002,0.12333333333333334,41.873333333333335,0.11566666666666667,0.19666666666666663,58.455999999999996,0.09,0.11400000000000002,78.99133333333334,0.010000000000000002,0.045333333333333344,0.6806666666666668,0.007000000000000001,0.09899999999999999,0.06666666666666667,0.072,0.0,0.5323333333333333,0.394,0.134,0.18800000000000003,0.07200000000000002,0.13466666666666666,0.04200000000000001,0.09266666666666666,0.06666666666666668,0.069,1.0346666666666668,0.04466666666666667,0.12733333333333333,35.227333333333334,0.09400000000000001,0.184,51.41,0.07200000000000002,0.105,68.882,0.002,0.038,0.5766666666666667,0.011000000000000003,0.11333333333333334,0.10733333333333335,0.069,0.0,0.36966666666666664
94,85,2009-04-01,3,2,2008-2009,Brasília,Araraquara,1,0.4353333333333333,0.111,0.22333333333333333,0.101,0.1753333333333333,0.04166666666666667,0.13366666666666666,0.075,0.08,1.002,0.037000000000000005,0.10533333333333332,35.246,0.11166666666666666,0.19033333333333333,58.932,0.101,0.13499999999999998,75.15000000000002,0.010333333333333335,0.037000000000000005,0.49133333333333334,0.022333333333333337,0.11466666666666668,0.2053333333333333,0.08,0.0,0.484,0.39,0.138,0.18266666666666664,0.06933333333333333,0.15133333333333335,0.037,0.11433333333333336,0.08533333333333333,0.08066666666666668,1.1446666666666665,0.046000000000000006,0.13066666666666665,35.24333333333333,0.09133333333333332,0.1676666666666667,54.51333333333333,0.06933333333333333,0.10133333333333332,68.13733333333333,0.01,0.03966666666666666,0.5046666666666667,0.023,0.10533333333333335,0.23733333333333334,0.08066666666666668,0.0,0.41566666666666663
96,91,2009-04-01,3,2,2008-2009,Minas,Limeira,1,0.4339285714285714,0.11249999999999998,0.2421428571428572,0.07928571428571428,0.17607142857142863,0.052500000000000005,0.12357142857142858,0.0825,0.07821428571428571,1.0985714285714288,0.0375,0.10285714285714287,36.910000000000004,0.1210714285714286,0.2125,57.184285714285714,0.07928571428571428,0.11285714285714285,70.77,0.0064285714285714285,0.03678571428571429,0.47714285714285715,0.014642857142857141,0.09678571428571428,0.16428571428571428,0.07821428571428571,0.0,0.47535714285714287,0.42733333333333334,0.13099999999999998,0.20000000000000004,0.09633333333333335,0.14833333333333334,0.038000000000000006,0.11033333333333337,0.08166666666666665,0.075,1.2353333333333334,0.043666666666666666,0.11600000000000002,37.61466666666667,0.10000000000000002,0.187,53.51,0.09633333333333335,0.12866666666666668,74.74866666666665,0.012666666666666668,0.04566666666666667,0.6473333333333333,0.021000000000000005,0.10633333333333334,0.20400000000000001,0.075,0.0,0.4573333333333333
87,83,2009-04-01,3,2,2008-2009,Paulistano,Assis,1,0.3736666666666667,0.106,0.19666666666666668,0.07100000000000001,0.15433333333333332,0.05366666666666667,0.1006666666666667,0.07066666666666667,0.084,0.9426666666666669,0.035333333333333335,0.11333333333333333,31.439999999999998,0.09833333333333334,0.18666666666666662,52.62466666666666,0.07100000000000001,0.10200000000000001,68.938,0.004333333333333332,0.04000000000000001,0.4973333333333333,0.014333333333333335,0.11166666666666665,0.13066666666666665,0.084,0.0,0.3716666666666667,0.38785714285714296,0.11785714285714285,0.16785714285714287,0.10214285714285716,0.145,0.03964285714285715,0.10535714285714286,0.05678571428571428,0.06285714285714286,1.0778571428571428,0.0392857142857143,0.11285714285714286,35.36214285714286,0.08392857142857144,0.15714285714285717,53.49857142857143,0.10214285714285716,0.1435714285714286,71.21785714285714,0.005,0.03535714285714286,0.5971428571428571,0.015714285714285715,0.10071428571428571,0.15928571428571428,0.06285714285714286,0.0,0.3896428571428571
94,88,2009-04-01,3,2,2008-2009,Pinheiros,Bauru Basket,1,0.4206666666666666,0.146,0.18533333333333335,0.08933333333333333,0.15466666666666665,0.04533333333333334,0.10933333333333332,0.07300000000000001,0.060666666666666674,1.2153333333333334,0.04866666666666667,0.12699999999999997,38.43333333333333,0.09266666666666667,0.17466666666666666,53.650666666666666,0.08933333333333333,0.127,70.768,0.011333333333333332,0.034333333333333334,0.5893333333333334,0.007666666666666667,0.08766666666666666,0.09133333333333332,0.060666666666666674,0.0,0.43166666666666664,0.3973333333333333,0.12199999999999998,0.20066666666666666,0.07466666666666667,0.14166666666666666,0.038000000000000006,0.10366666666666667,0.06433333333333333,0.05766666666666666,1.3079999999999998,0.04066666666666666,0.112,35.88133333333334,0.10033333333333333,0.182,55.42333333333333,0.07466666666666667,0.09800000000000003,77.29266666666666,0.006,0.02966666666666667,0.57,0.01233333333333333,0.09133333333333334,0.136,0.05766666666666666,0.0,0.41133333333333333
78,68,2009-04-01,3,2,2008-2009,Saldanha,Lajeado,1,0.3630000000000001,0.10700000000000003,0.19666666666666663,0.05933333333333334,0.14666666666666667,0.05100000000000001,0.09566666666666669,0.05333333333333334,0.09100000000000001,0.6419999999999999,0.03566666666666666,0.10500000000000001,33.80533333333334,0.09833333333333331,0.19666666666666668,50.97533333333333,0.05933333333333334,0.09933333333333334,59.54666666666667,0.01733333333333333,0.05133333333333335,0.5726666666666667,0.009000000000000001,0.1116666666666667,0.08400000000000002,0.09100000000000001,0.0,0.32466666666666666,0.3673333333333334,0.09000000000000001,0.1953333333333333,0.08199999999999999,0.147,0.04966666666666668,0.09733333333333333,0.05166666666666667,0.074,0.7166666666666667,0.030000000000000006,0.10166666666666666,29.09133333333334,0.09766666666666665,0.19899999999999995,49.82933333333333,0.08199999999999999,0.11800000000000002,70.27399999999999,0.0013333333333333333,0.041666666666666664,0.62,0.005333333333333334,0.10466666666666669,0.052666666666666674,0.074,0.0,0.33
93,80,2009-04-03,4,2,2008-2009,Espírito Santo,Lajeado,1,0.3726666666666667,0.101,0.19133333333333333,0.08033333333333334,0.13166666666666668,0.036000000000000004,0.09566666666666666,0.05533333333333334,0.06266666666666668,0.9853333333333333,0.033666666666666664,0.10633333333333335,31.840666666666664,0.09566666666666666,0.17833333333333334,54.492666666666665,0.08033333333333334,0.11999999999999998,68.88533333333334,0.0026666666666666666,0.03966666666666667,0.6340000000000001,0.006333333333333333,0.11133333333333334,0.060000000000000005,0.06266666666666668,0.0,0.34800000000000003,0.3673333333333334,0.088,0.2,0.07933333333333331,0.14333333333333337,0.04900000000000001,0.09433333333333334,0.05233333333333334,0.07133333333333333,0.7373333333333333,0.029333333333333336,0.09766666666666665,29.299333333333337,0.1,0.1986666666666666,51.206,0.07933333333333331,0.116,68.60066666666667,0.001,0.04000000000000001,0.6140000000000001,0.005000000000000001,0.10600000000000001,0.04933333333333335,0.07133333333333333,0.0,0.333
83,78,2009-04-03,4,2,2008-2009,Minas,Coop/São José Basketball,1,0.437,0.11799999999999998,0.23800000000000004,0.08099999999999999,0.1763333333333334,0.05300000000000001,0.12333333333333334,0.08499999999999999,0.077,1.1586666666666667,0.03933333333333334,0.10533333333333333,37.544666666666664,0.11900000000000002,0.21266666666666667,56.162666666666674,0.08099999999999999,0.11599999999999998,70.42733333333332,0.006333333333333333,0.037000000000000005,0.49,0.014,0.096,0.15733333333333333,0.077,0.0,0.4776666666666667,0.39033333333333325,0.13,0.1906666666666667,0.0696666666666667,0.13799999999999998,0.04266666666666667,0.09533333333333333,0.067,0.07,1.0226666666666668,0.043333333333333335,0.12633333333333333,34.54066666666667,0.09533333333333335,0.18699999999999997,51.26533333333334,0.0696666666666667,0.10166666666666667,69.04866666666666,0.002,0.03766666666666667,0.5646666666666668,0.010666666666666668,0.115,0.10400000000000002,0.07,0.0,0.367
89,71,2009-04-03,4,2,2008-2009,Pinheiros,Assis,1,0.42533333333333334,0.145,0.19,0.09033333333333333,0.15466666666666665,0.04766666666666667,0.10700000000000001,0.07366666666666667,0.05933333333333334,1.2593333333333334,0.048333333333333346,0.12566666666666665,38.624,0.095,0.177,54.324,0.09033333333333333,0.12733333333333333,71.266,0.012,0.034333333333333334,0.6026666666666666,0.008333333333333333,0.08766666666666666,0.09866666666666667,0.05933333333333334,0.0,0.4406666666666667,0.38966666666666677,0.123,0.16466666666666668,0.10200000000000002,0.14266666666666664,0.039666666666666676,0.10300000000000001,0.05799999999999999,0.06466666666666668,1.0613333333333332,0.041000000000000016,0.11333333333333334,36.616,0.08233333333333334,0.15633333333333335,52.690666666666665,0.10200000000000002,0.14200000000000002,72.02533333333332,0.005000000000000001,0.034333333333333334,0.572,0.01566666666666667,0.102,0.15733333333333333,0.06466666666666668,0.0,0.3893333333333333
93,92,2009-04-03,4,2,2008-2009,Paulistano,Bauru Basket,1,0.37366666666666665,0.10099999999999999,0.20133333333333336,0.07133333333333335,0.15433333333333335,0.053333333333333344,0.10100000000000003,0.07033333333333333,0.08133333333333333,0.9953333333333335,0.033666666666666664,0.11066666666666666,30.82933333333333,0.10066666666666668,0.19066666666666665,52.552,0.07133333333333335,0.10300000000000001,68.64133333333332,0.004666666666666666,0.04100000000000001,0.538,0.01533333333333333,0.113,0.13799999999999998,0.08133333333333333,0.0,0.37466666666666665,0.405,0.125,0.204,0.076,0.143,0.041666666666666664,0.10133333333333333,0.06699999999999999,0.05633333333333334,1.3886666666666665,0.04166666666666667,0.11266666666666668,36.63866666666667,0.102,0.18533333333333332,55.45666666666667,0.076,0.098,78.56266666666666,0.006333333333333333,0.030666666666666672,0.6066666666666667,0.012,0.09266666666666666,0.13133333333333336,0.05633333333333334,0.0,0.425
77,72,2009-04-03,4,2,2008-2009,Brasília,Sesi Franca,1,0.44133333333333336,0.112,0.22133333333333333,0.10800000000000001,0.16966666666666666,0.03933333333333334,0.13033333333333333,0.07733333333333334,0.08033333333333334,1.0273333333333334,0.03733333333333333,0.10466666666666667,35.764,0.11066666666666666,0.18733333333333338,59.40466666666667,0.10800000000000001,0.1413333333333333,76.69000000000001,0.011333333333333336,0.038000000000000006,0.502,0.02066666666666667,0.11866666666666668,0.1853333333333333,0.08033333333333334,0.0,0.48933333333333334,0.43400000000000005,0.10300000000000001,0.24133333333333337,0.08966666666666666,0.16366666666666668,0.05200000000000001,0.11166666666666668,0.09033333333333333,0.06366666666666668,1.4933333333333332,0.034333333333333334,0.10066666666666665,35.608666666666664,0.12066666666666669,0.23066666666666666,52.84733333333333,0.08966666666666666,0.11866666666666666,74.92266666666666,0.006,0.04700000000000001,0.768,0.010333333333333335,0.109,0.09933333333333334,0.06366666666666668,0.0,0.47633333333333333
61,84,2009-04-03,4,2,2008-2009,Saldanha,Joinville,0,0.36100000000000004,0.10900000000000001,0.19533333333333333,0.05666666666666667,0.14433333333333334,0.051000000000000004,0.09333333333333334,0.054333333333333345,0.08866666666666667,0.6813333333333332,0.03633333333333333,0.10700000000000001,33.664,0.09766666666666667,0.19433333333333333,51.54,0.05666666666666667,0.097,58.82533333333334,0.01633333333333333,0.05100000000000002,0.5920000000000001,0.008,0.11100000000000002,0.07533333333333334,0.08866666666666667,0.0,0.3223333333333333,0.40866666666666673,0.13599999999999998,0.198,0.07466666666666666,0.18033333333333337,0.04766666666666668,0.13266666666666665,0.07966666666666665,0.073,1.1766666666666665,0.045333333333333344,0.12866666666666668,35.59733333333334,0.099,0.18233333333333332,54.01266666666667,0.07466666666666666,0.11199999999999997,66.97333333333333,0.009333333333333334,0.045000000000000005,0.692,0.01466666666666667,0.098,0.16599999999999995,0.073,0.0,0.45133333333333336
110,89,2009-04-05,9,1,2008-2009,Minas,Joinville,1,0.4393333333333334,0.11800000000000001,0.24000000000000005,0.08133333333333331,0.17766666666666672,0.052666666666666674,0.125,0.084,0.07600000000000001,1.1620000000000001,0.03933333333333334,0.10499999999999998,37.63999999999999,0.12000000000000002,0.2113333333333333,57.14399999999999,0.08133333333333331,0.11433333333333333,71.62799999999999,0.006666666666666667,0.036000000000000004,0.48333333333333334,0.017,0.095,0.19066666666666665,0.07600000000000001,0.0,0.48799999999999993,0.4003333333333333,0.12599999999999997,0.198,0.07633333333333334,0.1796666666666667,0.047333333333333345,0.13233333333333336,0.07600000000000001,0.07066666666666667,1.160666666666667,0.04200000000000001,0.12766666666666668,33.431333333333335,0.099,0.18399999999999997,53.45933333333333,0.07633333333333334,0.11599999999999998,66.14466666666665,0.010333333333333335,0.04933333333333334,0.7699999999999999,0.014666666666666668,0.097,0.16666666666666663,0.07066666666666667,0.0,0.43900000000000006
75,85,2009-04-08,5,2,2008-2009,Saldanha,Brasília,0,0.36033333333333334,0.11000000000000001,0.19133333333333338,0.059000000000000004,0.147,0.05,0.097,0.05633333333333334,0.09000000000000001,0.6946666666666665,0.03666666666666666,0.10933333333333334,33.528,0.09566666666666669,0.19133333333333333,51.169333333333334,0.059000000000000004,0.10233333333333333,57.784,0.016,0.05100000000000002,0.5866666666666667,0.008666666666666666,0.11366666666666667,0.08000000000000002,0.09000000000000001,0.0,0.32166666666666666,0.44566666666666666,0.11000000000000003,0.22533333333333336,0.11033333333333334,0.16799999999999998,0.03766666666666667,0.13033333333333333,0.07633333333333334,0.078,1.0413333333333332,0.03666666666666666,0.10433333333333335,35.281333333333336,0.11266666666666668,0.1873333333333334,60.65466666666667,0.11033333333333334,0.14366666666666664,77.38133333333332,0.011000000000000003,0.036333333333333336,0.49066666666666664,0.022000000000000006,0.11566666666666668,0.20333333333333328,0.078,0.0,0.49466666666666664
91,80,2009-04-08,5,2,2008-2009,Limeira,Araraquara,1,0.43333333333333335,0.132,0.20666666666666664,0.09466666666666666,0.15099999999999997,0.03866666666666667,0.11233333333333334,0.08433333333333333,0.06699999999999999,1.3453333333333333,0.044000000000000004,0.11766666666666664,37.321333333333335,0.10333333333333332,0.19233333333333336,53.87666666666666,0.09466666666666666,0.12733333333333335,74.10866666666666,0.011666666666666667,0.045000000000000005,0.6666666666666666,0.023000000000000007,0.10466666666666669,0.2326666666666667,0.06699999999999999,0.0,0.4743333333333332,0.3943333333333333,0.13399999999999998,0.186,0.07433333333333335,0.15033333333333335,0.036333333333333336,0.11400000000000003,0.08600000000000001,0.08100000000000002,1.1506666666666667,0.04466666666666667,0.12633333333333333,35.44466666666667,0.093,0.1696666666666667,54.93999999999999,0.07433333333333335,0.10466666666666667,69.76666666666667,0.010000000000000002,0.039,0.49600000000000016,0.022666666666666672,0.10766666666666667,0.23333333333333334,0.08100000000000002,0.0,0.42266666666666663
78,73,2009-04-08,5,2,2008-2009,Coop/São José Basketball,Sesi Franca,1,0.3886666666666666,0.132,0.186,0.07066666666666668,0.14,0.04566666666666667,0.09433333333333332,0.06600000000000002,0.067,1.0593333333333332,0.04400000000000001,0.12699999999999997,34.852,0.093,0.19066666666666668,49.30266666666667,0.07066666666666668,0.10266666666666668,69.438,0.002,0.03600000000000001,0.5646666666666668,0.011000000000000003,0.11366666666666667,0.10733333333333335,0.067,0.0,0.362,0.43166666666666664,0.10400000000000001,0.2406666666666667,0.087,0.16,0.05000000000000001,0.11000000000000003,0.08800000000000001,0.06333333333333334,1.4593333333333334,0.03466666666666667,0.10266666666666666,35.38733333333334,0.12033333333333335,0.23166666666666666,52.440666666666665,0.087,0.11533333333333334,74.87000000000002,0.006,0.048666666666666664,0.8019999999999999,0.011333333333333336,0.114,0.10666666666666669,0.06333333333333334,0.0,0.4686666666666666
78,84,2009-04-08,5,2,2008-2009,Bauru Basket,Minas,0,0.41000000000000003,0.132,0.1973333333333333,0.08066666666666666,0.14433333333333334,0.044333333333333336,0.1,0.06933333333333332,0.057,1.4166666666666665,0.04400000000000001,0.11666666666666668,37.52066666666667,0.09866666666666665,0.18166666666666667,54.70600000000001,0.08066666666666666,0.10633333333333334,77.28333333333333,0.006666666666666667,0.03200000000000001,0.6246666666666667,0.011333333333333332,0.09133333333333334,0.12533333333333332,0.057,0.0,0.4286666666666667,0.44900000000000007,0.121,0.24466666666666664,0.08333333333333333,0.17800000000000002,0.054333333333333345,0.12366666666666666,0.08433333333333334,0.07733333333333332,1.1393333333333335,0.04033333333333334,0.10666666666666666,37.946000000000005,0.12233333333333332,0.20900000000000002,58.87533333333332,0.08333333333333333,0.11666666666666667,72.09933333333332,0.007,0.037000000000000005,0.48933333333333334,0.018666666666666668,0.093,0.20933333333333332,0.07733333333333332,0.0,0.5033333333333333
88,106,2009-04-08,5,2,2008-2009,Assis,Flamengo,0,0.3883333333333334,0.12400000000000001,0.16533333333333333,0.09900000000000002,0.14033333333333334,0.03966666666666667,0.10066666666666667,0.060999999999999985,0.06433333333333333,1.1026666666666667,0.04133333333333333,0.11300000000000002,37.02,0.08266666666666667,0.158,52.38733333333332,0.09900000000000002,0.13733333333333336,73.30733333333335,0.005333333333333333,0.033666666666666664,0.5646666666666668,0.014666666666666668,0.10433333333333335,0.14400000000000002,0.06433333333333333,0.0,0.3883333333333333,0.4726666666666667,0.148,0.23200000000000004,0.09266666666666667,0.1663333333333333,0.046,0.12033333333333333,0.09033333333333332,0.07033333333333333,1.412,0.04933333333333335,0.12366666666666665,40.50533333333333,0.11600000000000002,0.19633333333333333,58.73133333333333,0.09266666666666667,0.12066666666666669,77.50466666666667,0.009666666666666667,0.04600000000000001,0.7026666666666667,0.008,0.09799999999999999,0.07733333333333332,0.07033333333333333,0.0,0.5303333333333334
66,71,2009-04-09,5,2,2008-2009,Paulistano,Joinville,0,0.383,0.10499999999999998,0.20333333333333334,0.07466666666666667,0.15300000000000002,0.05300000000000001,0.10000000000000003,0.06933333333333333,0.08266666666666667,0.9299999999999999,0.03500000000000001,0.10666666666666667,33.199999999999996,0.10166666666666667,0.19166666666666662,52.784,0.07466666666666667,0.10600000000000001,70.20266666666667,0.004333333333333332,0.04166666666666667,0.5366666666666667,0.014333333333333332,0.11266666666666666,0.12999999999999998,0.08266666666666667,0.0,0.3856666666666666,0.40399999999999997,0.129,0.198,0.077,0.17633333333333337,0.04966666666666667,0.12666666666666668,0.07533333333333332,0.06933333333333333,1.1686666666666667,0.043000000000000003,0.12933333333333336,33.67066666666666,0.099,0.18499999999999997,53.16066666666667,0.077,0.11766666666666666,65.50933333333333,0.010000000000000002,0.049,0.7720000000000001,0.01566666666666667,0.09766666666666667,0.17799999999999996,0.06933333333333333,0.0,0.438
96,79,2009-04-09,5,2,2008-2009,Pinheiros,Lajeado,1,0.4276666666666667,0.14400000000000002,0.19333333333333333,0.09033333333333333,0.14933333333333335,0.04566666666666667,0.10366666666666664,0.07333333333333332,0.060666666666666674,1.236,0.048000000000000015,0.12299999999999998,39.73533333333333,0.09666666666666666,0.17666666666666667,55.330000000000005,0.09033333333333333,0.12666666666666665,71.69533333333334,0.012666666666666666,0.036000000000000004,0.6166666666666667,0.008,0.089,0.09333333333333334,0.060666666666666674,0.0,0.4423333333333333,0.37,0.09,0.20199999999999999,0.07799999999999999,0.13633333333333336,0.046666666666666676,0.08966666666666666,0.05100000000000002,0.07033333333333333,0.7313333333333333,0.030000000000000002,0.09733333333333333,30.013333333333335,0.10099999999999999,0.19866666666666666,51.682,0.07799999999999999,0.112,69.696,0.001,0.042333333333333334,0.6526666666666666,0.005000000000000001,0.11066666666666668,0.04866666666666668,0.07033333333333333,0.0,0.33533333333333337
76,80,2009-04-10,6,2,2008-2009,Espírito Santo,Brasília,0,0.37900000000000006,0.102,0.19266666666666665,0.08433333333333333,0.13633333333333333,0.03833333333333334,0.098,0.058666666666666666,0.062333333333333345,1.0286666666666666,0.033999999999999996,0.105,32.846666666666664,0.09633333333333333,0.18133333333333335,53.80866666666667,0.08433333333333333,0.129,67.14066666666666,0.0036666666666666666,0.03600000000000001,0.592,0.007666666666666667,0.11333333333333334,0.07,0.062333333333333345,0.0,0.3546666666666667,0.45199999999999996,0.11200000000000003,0.22466666666666668,0.11533333333333333,0.16266666666666665,0.035666666666666666,0.12700000000000003,0.07766666666666669,0.07400000000000001,1.1113333333333335,0.037333333333333336,0.10433333333333333,36.065333333333335,0.11233333333333334,0.18700000000000003,60.586666666666666,0.11533333333333333,0.15066666666666664,75.78133333333334,0.011000000000000001,0.03766666666666667,0.5426666666666667,0.022333333333333334,0.11566666666666665,0.20733333333333331,0.07400000000000001,0.0,0.5013333333333333
83,62,2009-04-10,6,2,2008-2009,Limeira,Sesi Franca,1,0.43733333333333335,0.13399999999999998,0.21133333333333332,0.092,0.14833333333333334,0.035666666666666666,0.11266666666666668,0.08533333333333333,0.068,1.3373333333333333,0.044666666666666674,0.11599999999999998,38.30800000000001,0.10566666666666666,0.19133333333333333,55.41533333333333,0.092,0.12566666666666665,72.61733333333333,0.014333333333333335,0.04700000000000001,0.6873333333333334,0.02166666666666667,0.10200000000000002,0.228,0.068,0.0,0.4809999999999999,0.4293333333333333,0.10500000000000001,0.2366666666666667,0.08766666666666666,0.15733333333333335,0.05000000000000002,0.10733333333333336,0.08666666666666667,0.06533333333333333,1.4093333333333333,0.03500000000000001,0.10099999999999999,36.187333333333335,0.11833333333333335,0.229,52.11866666666666,0.08766666666666666,0.11666666666666667,74.63666666666668,0.006,0.04833333333333333,0.7833333333333333,0.011333333333333336,0.11833333333333333,0.1046666666666667,0.06533333333333333,0.0,0.46199999999999997
74,79,2009-04-10,6,2,2008-2009,Assis,Minas,0,0.3916666666666667,0.123,0.16999999999999998,0.0986666666666667,0.13966666666666666,0.03900000000000001,0.10066666666666667,0.06066666666666666,0.06533333333333334,1.0533333333333335,0.041,0.1116666666666667,37.09,0.08499999999999999,0.15866666666666668,53.48733333333333,0.0986666666666667,0.1366666666666667,73.396,0.006,0.03333333333333333,0.5406666666666666,0.014666666666666666,0.10466666666666666,0.14333333333333337,0.06533333333333334,0.0,0.39233333333333326,0.4486666666666667,0.125,0.23933333333333334,0.08433333333333333,0.1776666666666667,0.053000000000000005,0.12466666666666666,0.08299999999999999,0.07733333333333332,1.122666666666667,0.04166666666666667,0.10466666666666666,39.93866666666666,0.11966666666666667,0.20433333333333334,58.97799999999999,0.08433333333333333,0.11766666666666666,72.27333333333331,0.006333333333333333,0.037000000000000005,0.48933333333333334,0.018333333333333333,0.09366666666666665,0.2053333333333333,0.07733333333333332,0.0,0.5063333333333333
91,98,2009-04-10,6,2,2008-2009,Bauru Basket,Flamengo,0,0.4066666666666666,0.13099999999999998,0.19666666666666668,0.07899999999999999,0.14366666666666666,0.046000000000000006,0.09766666666666667,0.07033333333333333,0.05533333333333334,1.5779999999999996,0.04366666666666667,0.11900000000000001,36.327999999999996,0.09833333333333334,0.18166666666666667,54.55066666666667,0.07899999999999999,0.10733333333333334,75.05133333333333,0.007000000000000001,0.03400000000000001,0.7706666666666666,0.010000000000000002,0.09,0.11333333333333334,0.05533333333333334,0.0,0.42233333333333334,0.4740000000000001,0.14999999999999997,0.22933333333333336,0.09466666666666668,0.16466666666666666,0.044666666666666674,0.11999999999999998,0.09066666666666667,0.07200000000000001,1.3666666666666667,0.05000000000000002,0.12233333333333332,41.443333333333335,0.11466666666666668,0.19499999999999998,58.48266666666666,0.09466666666666668,0.12100000000000002,79.13533333333332,0.009666666666666665,0.04600000000000001,0.6866666666666666,0.008,0.09866666666666667,0.07666666666666666,0.07200000000000001,0.0,0.5323333333333333
76,73,2009-04-11,6,2,2008-2009,Coop/São José Basketball,Araraquara,1,0.3906666666666666,0.129,0.18800000000000003,0.07366666666666669,0.14333333333333337,0.04633333333333334,0.09699999999999998,0.06533333333333334,0.066,1.0593333333333335,0.04300000000000001,0.12366666666666666,34.852,0.09400000000000001,0.19033333333333335,49.96933333333333,0.07366666666666669,0.107,69.72399999999999,0.002,0.03433333333333334,0.5473333333333333,0.010333333333333333,0.11400000000000002,0.10133333333333336,0.066,0.0,0.3676666666666667,0.39299999999999996,0.13399999999999998,0.182,0.077,0.14766666666666667,0.036000000000000004,0.11166666666666668,0.08600000000000001,0.08433333333333336,1.0939999999999999,0.044666666666666674,0.12166666666666667,36.49733333333334,0.091,0.169,53.94799999999999,0.077,0.10633333333333334,71.76066666666667,0.01,0.039,0.4826666666666667,0.022000000000000006,0.10766666666666667,0.22666666666666668,0.08433333333333336,0.0,0.419
66,61,2009-04-11,6,2,2008-2009,Paulistano,Lajeado,1,0.38066666666666665,0.09999999999999999,0.20533333333333334,0.07533333333333334,0.15233333333333335,0.05133333333333335,0.10100000000000002,0.069,0.084,0.9173333333333334,0.03333333333333333,0.10633333333333335,31.75733333333333,0.10266666666666667,0.19399999999999998,52.778,0.07533333333333334,0.10766666666666666,69.74266666666668,0.004,0.04200000000000001,0.534,0.014333333333333333,0.11333333333333334,0.12999999999999998,0.084,0.0,0.37766666666666665,0.3776666666666666,0.091,0.2086666666666667,0.07799999999999999,0.13666666666666666,0.044000000000000004,0.09266666666666667,0.055333333333333345,0.06933333333333333,0.8059999999999999,0.030333333333333337,0.09600000000000002,30.80666666666667,0.10433333333333335,0.2006666666666667,52.669999999999995,0.07799999999999999,0.113,69.02933333333334,0.0006666666666666666,0.04033333333333334,0.632,0.005333333333333334,0.113,0.05266666666666668,0.06933333333333333,0.0,0.34900000000000003
94,92,2009-04-11,6,2,2008-2009,Pinheiros,Joinville,1,0.4323333333333333,0.14600000000000002,0.19799999999999998,0.08833333333333333,0.15000000000000002,0.044333333333333336,0.10566666666666664,0.075,0.06066666666666667,1.2666666666666666,0.04866666666666668,0.12399999999999999,39.919999999999995,0.09899999999999999,0.17933333333333332,55.67733333333334,0.08833333333333333,0.12300000000000001,72.25066666666666,0.013666666666666666,0.037000000000000005,0.6353333333333334,0.009666666666666667,0.08866666666666669,0.11200000000000002,0.06066666666666667,0.0,0.453,0.4043333333333333,0.12699999999999997,0.198,0.07933333333333333,0.17333333333333337,0.05133333333333334,0.12200000000000003,0.07533333333333332,0.07033333333333334,1.1573333333333333,0.042333333333333334,0.13033333333333333,33.010666666666665,0.099,0.18433333333333332,53.38199999999999,0.07933333333333333,0.12266666666666666,64.39466666666667,0.010333333333333335,0.05000000000000001,0.778,0.01566666666666667,0.0976666666666667,0.17799999999999996,0.07033333333333334,0.0,0.43166666666666664
90,100,2009-04-14,7,2,2008-2009,Joinville,Flamengo,0,0.40399999999999997,0.13900000000000004,0.18666666666666665,0.07833333333333334,0.16800000000000004,0.05133333333333334,0.11666666666666668,0.07566666666666667,0.07,1.168,0.04633333333333334,0.13733333333333334,33.721333333333334,0.09333333333333332,0.17799999999999994,52.04,0.07833333333333334,0.12100000000000001,64.57133333333333,0.009666666666666667,0.04666666666666666,0.7373333333333335,0.015000000000000005,0.10066666666666667,0.15933333333333335,0.07,0.0,0.42100000000000004,0.47666666666666674,0.15,0.23133333333333334,0.09533333333333334,0.16266666666666665,0.04433333333333334,0.11833333333333335,0.09400000000000001,0.06799999999999999,1.4786666666666666,0.05000000000000002,0.12433333333333335,40.674,0.11566666666666667,0.19233333333333333,59.967333333333336,0.09533333333333334,0.11966666666666669,81.14666666666666,0.010333333333333333,0.04500000000000001,0.6893333333333332,0.009000000000000001,0.10166666666666666,0.08466666666666667,0.06799999999999999,0.0,0.544
64,86,2009-04-15,7,2,2008-2009,Espírito Santo,Pinheiros,0,0.38266666666666665,0.10899999999999999,0.19066666666666665,0.08299999999999999,0.133,0.036,0.097,0.062333333333333324,0.06066666666666667,1.14,0.036333333333333336,0.10733333333333331,34.132,0.09533333333333333,0.18000000000000002,53.623333333333335,0.08299999999999999,0.12566666666666665,67.474,0.004333333333333333,0.03433333333333334,0.5953333333333333,0.007666666666666667,0.11200000000000003,0.07,0.06066666666666667,0.0,0.36099999999999993,0.43799999999999994,0.147,0.19866666666666663,0.09233333333333335,0.15533333333333338,0.04566666666666667,0.10966666666666666,0.07666666666666665,0.06166666666666668,1.2653333333333334,0.049000000000000016,0.125,39.88,0.09933333333333332,0.18100000000000002,55.32066666666667,0.09233333333333335,0.12633333333333335,73.38866666666668,0.014000000000000002,0.04000000000000001,0.6806666666666668,0.009666666666666667,0.08900000000000002,0.11200000000000002,0.06166666666666668,0.0,0.46633333333333327
94,72,2009-04-15,7,2,2008-2009,Brasília,Coop/São José Basketball,1,0.444,0.11400000000000003,0.22,0.10999999999999997,0.16533333333333333,0.037333333333333336,0.128,0.07766666666666669,0.07633333333333334,1.0446666666666669,0.038000000000000006,0.10666666666666667,36.138,0.11,0.1836666666666667,60.53866666666667,0.10999999999999997,0.14533333333333334,74.89266666666666,0.012333333333333333,0.03933333333333334,0.5413333333333333,0.021000000000000005,0.11333333333333331,0.2,0.07633333333333334,0.0,0.49333333333333335,0.38666666666666666,0.12200000000000003,0.18933333333333333,0.07533333333333335,0.147,0.049666666666666665,0.09733333333333331,0.06333333333333334,0.06833333333333333,1.0093333333333332,0.04066666666666668,0.12233333333333332,33.12866666666667,0.09466666666666666,0.19,50.384,0.07533333333333335,0.11000000000000001,69.21533333333333,0.0033333333333333335,0.03600000000000001,0.5526666666666666,0.010333333333333333,0.11633333333333334,0.10133333333333336,0.06833333333333333,0.0,0.36333333333333334
64,70,2009-04-15,7,2,2008-2009,Araraquara,Bauru Basket,0,0.3906666666666666,0.13300000000000003,0.184,0.07366666666666669,0.143,0.03533333333333334,0.10766666666666667,0.08433333333333333,0.08600000000000002,1.0606666666666664,0.044333333333333336,0.12200000000000001,36.13533333333333,0.092,0.16933333333333336,54.45333333333333,0.07366666666666669,0.10133333333333333,72.43266666666668,0.011,0.03966666666666667,0.47933333333333333,0.020333333333333335,0.11033333333333335,0.20600000000000002,0.08600000000000002,0.0,0.4093333333333333,0.4076666666666667,0.13499999999999998,0.19466666666666665,0.078,0.14466666666666667,0.047,0.09766666666666667,0.07033333333333333,0.054666666666666676,1.6159999999999997,0.045000000000000005,0.12166666666666667,36.328,0.09733333333333333,0.17833333333333334,54.918000000000006,0.078,0.10633333333333334,74.734,0.007000000000000001,0.033,0.7546666666666667,0.009000000000000001,0.09200000000000001,0.09933333333333332,0.054666666666666676,0.0,0.42400000000000004
76,68,2009-04-15,7,2,2008-2009,Sesi Franca,Assis,1,0.43066666666666664,0.10600000000000002,0.2346666666666667,0.09000000000000002,0.15366666666666667,0.049000000000000016,0.10466666666666669,0.08633333333333335,0.06633333333333333,1.3926666666666667,0.035333333333333335,0.101,36.465333333333334,0.11733333333333335,0.224,52.551333333333325,0.09000000000000002,0.11933333333333333,75.10066666666667,0.005333333333333333,0.044000000000000004,0.7046666666666667,0.010666666666666668,0.12200000000000003,0.09133333333333336,0.06633333333333333,0.0,0.45733333333333337,0.3936666666666667,0.12100000000000001,0.176,0.09666666666666666,0.14033333333333334,0.03866666666666667,0.10166666666666667,0.06066666666666666,0.064,1.1053333333333333,0.04033333333333334,0.11266666666666668,36.12933333333333,0.088,0.16233333333333336,54.127333333333326,0.09666666666666666,0.13166666666666665,74.51733333333333,0.006333333333333333,0.03333333333333334,0.5646666666666665,0.014666666666666665,0.10466666666666667,0.14333333333333334,0.064,0.0,0.39699999999999996
70,84,2009-04-15,7,2,2008-2009,Lajeado,Minas,0,0.3723333333333333,0.092,0.19933333333333333,0.08099999999999999,0.13866666666666666,0.04233333333333334,0.09633333333333335,0.054000000000000006,0.06899999999999999,0.7926666666666667,0.030666666666666672,0.09833333333333334,30.473333333333336,0.09966666666666667,0.19566666666666668,51.60666666666667,0.08099999999999999,0.11366666666666667,70.84266666666667,0.0006666666666666666,0.039,0.6186666666666666,0.006000000000000001,0.11333333333333334,0.05866666666666668,0.06899999999999999,0.0,0.3446666666666667,0.4466666666666666,0.12000000000000001,0.24266666666666664,0.084,0.1753333333333333,0.05133333333333334,0.12400000000000001,0.07966666666666665,0.07833333333333334,1.0620000000000003,0.04000000000000001,0.102,39.23266666666667,0.12133333333333332,0.20366666666666663,60.01333333333332,0.084,0.11533333333333333,73.35999999999999,0.007,0.035666666666666666,0.46733333333333327,0.01966666666666667,0.09166666666666665,0.2213333333333333,0.07833333333333334,0.0,0.5029999999999999
88,96,2009-04-15,7,2,2008-2009,Saldanha,Paulistano,0,0.35866666666666663,0.11400000000000002,0.186,0.05866666666666666,0.14666666666666667,0.051000000000000004,0.09566666666666666,0.05733333333333334,0.09133333333333334,0.698,0.038000000000000006,0.11233333333333334,33.82666666666667,0.093,0.18933333333333335,50.275999999999996,0.05866666666666666,0.10166666666666667,57.83466666666667,0.015000000000000001,0.04966666666666667,0.5653333333333334,0.008666666666666666,0.11266666666666669,0.08066666666666668,0.09133333333333334,0.0,0.316,0.3786666666666667,0.09699999999999999,0.20266666666666666,0.079,0.15633333333333335,0.05100000000000002,0.10533333333333333,0.06766666666666668,0.08266666666666665,0.9173333333333334,0.03233333333333334,0.10700000000000003,30.721999999999998,0.10133333333333333,0.19566666666666663,51.518,0.079,0.11266666666666666,70.02,0.0036666666666666666,0.04233333333333334,0.5519999999999999,0.014999999999999998,0.11433333333333333,0.13466666666666666,0.08266666666666665,0.0,0.37466666666666665
85,75,2009-04-17,8,2,2008-2009,Espírito Santo,Paulistano,1,0.37300000000000005,0.10400000000000002,0.19133333333333333,0.07766666666666668,0.133,0.03633333333333333,0.09666666666666666,0.06566666666666666,0.05966666666666667,1.2173333333333332,0.03466666666666666,0.10699999999999998,32.64,0.09566666666666666,0.1836666666666667,52.44066666666666,0.07766666666666668,0.11799999999999998,66.79666666666667,0.005,0.035333333333333335,0.626,0.007333333333333333,0.109,0.068,0.05966666666666667,0.0,0.354,0.39466666666666667,0.10499999999999998,0.20533333333333334,0.08433333333333334,0.1606666666666667,0.05433333333333335,0.10633333333333335,0.07,0.083,0.9366666666666668,0.035,0.11333333333333334,31.423999999999996,0.10266666666666667,0.19766666666666666,51.814,0.08433333333333334,0.12066666666666666,69.68666666666668,0.004,0.04333333333333334,0.5593333333333333,0.015000000000000001,0.117,0.132,0.083,0.0,0.391
116,88,2009-04-17,8,2,2008-2009,Brasília,Limeira,1,0.44099999999999995,0.11200000000000003,0.22000000000000006,0.109,0.16133333333333333,0.036000000000000004,0.12533333333333335,0.08033333333333335,0.07533333333333334,1.1033333333333333,0.037333333333333336,0.10766666666666667,35.26466666666667,0.11000000000000003,0.18133333333333332,61.17399999999999,0.109,0.14433333333333334,74.73333333333333,0.01233333333333333,0.03966666666666667,0.5566666666666668,0.021333333333333336,0.11033333333333332,0.21066666666666667,0.07533333333333334,0.0,0.4913333333333333,0.42900000000000005,0.13,0.20933333333333337,0.08966666666666669,0.14866666666666667,0.034666666666666665,0.114,0.084,0.06933333333333333,1.2913333333333334,0.04333333333333335,0.11366666666666667,38.18466666666667,0.10466666666666669,0.19200000000000003,54.59399999999999,0.08966666666666669,0.12233333333333332,72.88400000000001,0.014666666666666668,0.047000000000000014,0.678,0.022000000000000006,0.10066666666666668,0.234,0.06933333333333333,0.0,0.4709999999999999
83,80,2009-04-17,8,2,2008-2009,Sesi Franca,Bauru Basket,1,0.424,0.107,0.22933333333333333,0.08766666666666668,0.15333333333333332,0.04833333333333334,0.10500000000000001,0.08133333333333333,0.068,1.2793333333333332,0.035666666666666666,0.10066666666666665,37.010000000000005,0.11466666666666667,0.22233333333333333,51.74133333333332,0.08766666666666668,0.11733333333333332,74.64200000000001,0.005333333333333333,0.04233333333333334,0.6613333333333334,0.012000000000000002,0.12399999999999999,0.09933333333333336,0.068,0.0,0.44266666666666665,0.412,0.13899999999999998,0.194,0.079,0.14466666666666667,0.04766666666666666,0.09700000000000002,0.072,0.05433333333333334,1.637333333333333,0.04633333333333334,0.12200000000000003,37.482000000000006,0.097,0.17700000000000002,55.03666666666667,0.079,0.10933333333333334,72.73399999999998,0.006666666666666667,0.034666666666666665,0.776,0.009000000000000001,0.09333333333333334,0.09933333333333332,0.05433333333333334,0.0,0.4320000000000001
72,59,2009-04-17,8,2,2008-2009,Araraquara,Assis,1,0.3819999999999999,0.13,0.17733333333333334,0.07466666666666669,0.14033333333333337,0.03566666666666667,0.10466666666666667,0.082,0.08800000000000002,0.9939999999999999,0.04333333333333334,0.12100000000000002,35.580000000000005,0.08866666666666667,0.165,53.94866666666666,0.07466666666666669,0.10333333333333332,71.74066666666667,0.011333333333333336,0.03833333333333334,0.446,0.019333333333333338,0.11000000000000001,0.19733333333333336,0.08800000000000002,0.0,0.39133333333333326,0.38733333333333325,0.11499999999999999,0.17666666666666667,0.09566666666666666,0.1396666666666667,0.03966666666666666,0.1,0.05899999999999998,0.067,0.9833333333333333,0.03833333333333334,0.10900000000000001,35.90733333333333,0.08833333333333333,0.16766666666666669,52.821333333333335,0.09566666666666666,0.13199999999999998,73.27933333333334,0.006333333333333333,0.03500000000000001,0.5740000000000001,0.015333333333333334,0.10733333333333332,0.146,0.067,0.0,0.383
73,90,2009-04-17,8,2,2008-2009,Lajeado,Flamengo,0,0.3676666666666667,0.08999999999999998,0.20133333333333336,0.07633333333333334,0.134,0.04033333333333333,0.09366666666666665,0.05600000000000001,0.06866666666666665,0.8466666666666666,0.030000000000000006,0.097,30.223333333333333,0.10066666666666668,0.19833333333333333,51.336,0.07633333333333334,0.10733333333333334,70.482,0.0006666666666666666,0.038666666666666676,0.6146666666666667,0.005666666666666666,0.10866666666666669,0.05866666666666667,0.06866666666666665,0.0,0.33766666666666667,0.47633333333333344,0.15300000000000002,0.23066666666666663,0.09266666666666666,0.16766666666666669,0.043666666666666666,0.12400000000000001,0.091,0.06966666666666668,1.3993333333333333,0.051,0.12633333333333335,40.608666666666664,0.11533333333333332,0.18966666666666668,60.681333333333335,0.09266666666666666,0.11866666666666668,79.91,0.009666666666666667,0.04400000000000002,0.6633333333333333,0.009333333333333332,0.09966666666666667,0.09000000000000001,0.06966666666666668,0.0,0.543
74,91,2009-04-17,8,2,2008-2009,Saldanha,Pinheiros,0,0.37133333333333335,0.119,0.18866666666666668,0.06366666666666666,0.14966666666666667,0.052,0.09766666666666667,0.06266666666666668,0.08966666666666666,0.7666666666666667,0.03966666666666667,0.116,34.33133333333333,0.09433333333333334,0.18666666666666665,51.40533333333333,0.06366666666666666,0.11066666666666668,57.91133333333334,0.016333333333333335,0.05133333333333334,0.5993333333333335,0.008333333333333333,0.11800000000000004,0.07266666666666667,0.08966666666666666,0.0,0.338,0.43833333333333324,0.13899999999999998,0.20933333333333332,0.09000000000000001,0.15766666666666668,0.04533333333333334,0.11233333333333334,0.08199999999999999,0.06200000000000002,1.3606666666666667,0.04633333333333334,0.121,38.868,0.10466666666666666,0.18633333333333335,56.59066666666667,0.09000000000000001,0.12100000000000001,74.28200000000001,0.015000000000000003,0.03966666666666667,0.6706666666666666,0.009333333333333334,0.08700000000000001,0.10933333333333334,0.06200000000000002,0.0,0.47766666666666674
75,64,2009-04-17,8,2,2008-2009,Joinville,Minas,1,0.41166666666666674,0.142,0.18933333333333333,0.08033333333333333,0.16833333333333336,0.051333333333333335,0.11700000000000002,0.07533333333333334,0.06966666666666668,1.1746666666666667,0.04733333333333334,0.14033333333333334,33.78333333333333,0.09466666666666666,0.18066666666666661,52.13866666666666,0.08033333333333333,0.12133333333333335,65.91066666666666,0.009666666666666667,0.04500000000000001,0.7053333333333335,0.01566666666666667,0.10233333333333335,0.16333333333333336,0.06966666666666668,0.0,0.42633333333333334,0.44500000000000006,0.11900000000000001,0.242,0.084,0.173,0.048666666666666664,0.12433333333333332,0.07766666666666668,0.07566666666666669,1.0813333333333335,0.03966666666666666,0.10233333333333335,38.884,0.121,0.20166666666666663,60.519333333333314,0.084,0.116,72.73266666666665,0.007,0.035666666666666666,0.48533333333333323,0.01933333333333333,0.09033333333333333,0.21933333333333335,0.07566666666666669,0.0,0.49966666666666654
63,75,2009-04-21,9,2,2008-2009,Assis,Limeira,0,0.37900000000000006,0.11099999999999999,0.17333333333333334,0.09466666666666666,0.14,0.039,0.101,0.059666666666666666,0.06933333333333333,0.9753333333333334,0.037000000000000005,0.10933333333333334,34.510666666666665,0.08666666666666667,0.16466666666666668,52.59733333333334,0.09466666666666666,0.13133333333333336,72.97266666666668,0.006666666666666667,0.03400000000000001,0.5426666666666666,0.01566666666666667,0.10866666666666666,0.148,0.06933333333333333,0.0,0.37200000000000005,0.43000000000000005,0.12699999999999997,0.21000000000000002,0.093,0.14666666666666667,0.036333333333333336,0.11033333333333334,0.08166666666666665,0.07,1.2393333333333334,0.04233333333333334,0.114,37.273333333333326,0.10500000000000001,0.19033333333333333,55.154,0.093,0.12533333333333332,73.74466666666667,0.014000000000000002,0.04333333333333335,0.6053333333333334,0.021333333333333336,0.10133333333333334,0.2273333333333333,0.07,0.0,0.4636666666666666
86,58,2009-04-21,9,2,2008-2009,Bauru Basket,Coop/São José Basketball,1,0.41466666666666663,0.14200000000000002,0.194,0.07866666666666668,0.14133333333333334,0.04533333333333334,0.09600000000000002,0.07266666666666666,0.05466666666666667,1.6419999999999997,0.04733333333333333,0.121,38.59333333333334,0.097,0.17700000000000002,55.03666666666667,0.07866666666666668,0.10733333333333334,74.00266666666667,0.007000000000000001,0.03266666666666667,0.7326666666666666,0.008333333333333333,0.09500000000000001,0.08800000000000002,0.05466666666666667,0.0,0.4326666666666667,0.3826666666666666,0.12000000000000001,0.18800000000000003,0.07466666666666667,0.14933333333333332,0.050666666666666665,0.09866666666666665,0.06366666666666668,0.06966666666666667,0.9966666666666666,0.040000000000000015,0.12266666666666667,32.382666666666665,0.09400000000000001,0.19066666666666668,49.908,0.07466666666666667,0.10933333333333334,69.01466666666667,0.0036666666666666666,0.036666666666666674,0.5559999999999999,0.010333333333333335,0.11733333333333335,0.1006666666666667,0.06966666666666667,0.0,0.359
99,49,2009-04-22,9,2,2008-2009,Flamengo,Saldanha,1,0.47133333333333344,0.154,0.22266666666666665,0.09466666666666666,0.164,0.04266666666666667,0.12133333333333335,0.08933333333333333,0.06933333333333333,1.3820000000000001,0.051333333333333335,0.12833333333333335,40.178666666666665,0.11133333333333333,0.18233333333333335,61.13,0.09466666666666666,0.12166666666666669,79.41333333333333,0.009666666666666667,0.04300000000000001,0.6519999999999998,0.008333333333333333,0.10033333333333334,0.07800000000000001,0.06933333333333333,0.0,0.5316666666666666,0.372,0.117,0.19200000000000006,0.06299999999999999,0.15,0.04933333333333333,0.10066666666666668,0.064,0.091,0.7699999999999999,0.03900000000000001,0.11800000000000001,33.138000000000005,0.09600000000000003,0.18233333333333335,53.01533333333334,0.06299999999999999,0.10633333333333334,60.324,0.018666666666666668,0.05200000000000001,0.5980000000000001,0.009333333333333332,0.115,0.08333333333333333,0.091,0.0,0.3476666666666667
76,78,2009-04-22,9,2,2008-2009,Pinheiros,Brasília,0,0.4446666666666667,0.13899999999999998,0.2153333333333333,0.09033333333333333,0.15766666666666668,0.045000000000000005,0.11266666666666668,0.08166666666666664,0.06400000000000002,1.3313333333333333,0.04633333333333333,0.11866666666666668,39.43266666666667,0.10766666666666665,0.1876666666666667,57.79466666666667,0.09033333333333333,0.12033333333333336,75.21066666666665,0.016333333333333335,0.039333333333333324,0.6493333333333333,0.009333333333333334,0.08566666666666668,0.11133333333333333,0.06400000000000002,0.0,0.48633333333333345,0.45,0.11400000000000003,0.22533333333333333,0.11066666666666668,0.15733333333333333,0.035666666666666666,0.12166666666666666,0.07933333333333334,0.07400000000000001,1.1133333333333333,0.03800000000000001,0.10866666666666665,35.50599999999999,0.11266666666666666,0.1833333333333333,61.85733333333332,0.11066666666666668,0.14600000000000002,74.94266666666665,0.013333333333333332,0.04166666666666668,0.5880000000000002,0.02066666666666667,0.11299999999999999,0.20133333333333336,0.07400000000000001,0.0,0.4983333333333333
101,70,2009-04-22,9,2,2008-2009,Minas,Espírito Santo,1,0.44299999999999995,0.119,0.24000000000000002,0.08400000000000002,0.17066666666666663,0.05000000000000001,0.12066666666666669,0.07800000000000001,0.07566666666666667,1.0853333333333335,0.03966666666666667,0.101,39.18866666666667,0.12000000000000001,0.20199999999999999,59.823999999999984,0.08400000000000002,0.11633333333333334,72.47866666666667,0.007666666666666666,0.035333333333333335,0.4813333333333333,0.019000000000000003,0.09166666666666666,0.21066666666666667,0.07566666666666667,0.0,0.49466666666666653,0.37533333333333335,0.10400000000000001,0.19,0.08133333333333334,0.13600000000000004,0.038000000000000006,0.098,0.06766666666666667,0.06133333333333334,1.226,0.034666666666666665,0.10666666666666667,32.718666666666664,0.095,0.18066666666666667,52.868,0.08133333333333334,0.11933333333333332,68.032,0.005,0.03500000000000001,0.5973333333333333,0.007666666666666666,0.107,0.07266666666666667,0.06133333333333334,0.0,0.36466666666666664
75,80,2009-04-22,9,2,2008-2009,Lajeado,Araraquara,0,0.3633333333333333,0.09299999999999999,0.19666666666666668,0.07366666666666669,0.13233333333333333,0.04100000000000001,0.09133333333333334,0.05766666666666668,0.06899999999999999,0.876,0.031000000000000007,0.10000000000000002,30.291999999999998,0.09833333333333334,0.1953333333333333,50.92466666666667,0.07366666666666669,0.10366666666666667,70.41399999999999,0.0006666666666666666,0.03633333333333334,0.5566666666666666,0.006,0.10700000000000001,0.06200000000000001,0.06899999999999999,0.0,0.33066666666666666,0.382,0.12600000000000003,0.17866666666666664,0.07733333333333334,0.14,0.03600000000000001,0.10400000000000001,0.08066666666666666,0.08933333333333335,0.9606666666666666,0.04200000000000001,0.11766666666666667,35.60933333333333,0.08933333333333332,0.16599999999999998,54.07933333333334,0.07733333333333334,0.10500000000000001,73.00733333333332,0.009333333333333334,0.03900000000000001,0.4473333333333334,0.01766666666666667,0.114,0.17266666666666666,0.08933333333333335,0.0,0.38999999999999996
79,59,2009-04-22,9,2,2008-2009,Joinville,Sesi Franca,1,0.4076666666666667,0.13900000000000004,0.18800000000000003,0.08066666666666666,0.16766666666666669,0.054000000000000006,0.11366666666666668,0.07433333333333333,0.06966666666666667,1.1606666666666667,0.04633333333333334,0.13999999999999999,32.97533333333333,0.09400000000000001,0.1843333333333333,50.81466666666667,0.08066666666666666,0.12100000000000001,66.75266666666666,0.009666666666666667,0.04500000000000001,0.7053333333333335,0.016,0.10266666666666667,0.16599999999999998,0.06966666666666667,0.0,0.41666666666666674,0.4256666666666667,0.10600000000000001,0.2326666666666667,0.08700000000000002,0.15266666666666664,0.048333333333333346,0.10433333333333333,0.082,0.06666666666666667,1.3173333333333332,0.035333333333333335,0.09866666666666667,37.398,0.11633333333333334,0.22366666666666665,52.21133333333332,0.08700000000000002,0.11466666666666667,75.652,0.005,0.044666666666666674,0.7120000000000001,0.012,0.12033333333333335,0.10400000000000002,0.06666666666666667,0.0,0.452
63,60,2009-04-23,10,2,2008-2009,Assis,Coop/São José Basketball,1,0.3723333333333334,0.11,0.168,0.09433333333333334,0.13733333333333334,0.04,0.09733333333333334,0.060000000000000005,0.07033333333333333,0.9673333333333335,0.036666666666666674,0.10966666666666668,34.11533333333333,0.084,0.16266666666666665,51.586000000000006,0.09433333333333334,0.12966666666666668,73.50933333333336,0.006666666666666668,0.03433333333333334,0.5393333333333333,0.016,0.10866666666666668,0.15133333333333335,0.07033333333333333,0.0,0.3626666666666667,0.3783333333333333,0.11499999999999999,0.1886666666666667,0.07466666666666667,0.1476666666666667,0.05100000000000001,0.09666666666666665,0.060000000000000005,0.06799999999999999,0.968,0.03833333333333334,0.12266666666666667,30.716,0.09433333333333335,0.19099999999999998,50.001999999999995,0.07466666666666667,0.10766666666666667,70.30466666666668,0.0036666666666666666,0.035,0.544,0.009,0.11833333333333336,0.08733333333333335,0.06799999999999999,0.0,0.3479999999999999
89,77,2009-04-23,10,2,2008-2009,Bauru Basket,Limeira,1,0.4126666666666666,0.14300000000000004,0.19333333333333333,0.07633333333333335,0.14066666666666666,0.04466666666666667,0.096,0.07033333333333333,0.05500000000000001,1.542,0.04766666666666667,0.12066666666666666,39.06733333333334,0.09666666666666666,0.17633333333333337,55.09666666666667,0.07633333333333335,0.105,73.34133333333332,0.005333333333333333,0.03333333333333334,0.7406666666666666,0.008333333333333333,0.09366666666666669,0.09000000000000001,0.05500000000000001,0.0,0.42900000000000005,0.4270000000000001,0.129,0.2126666666666667,0.08533333333333332,0.14666666666666667,0.035666666666666666,0.111,0.08266666666666667,0.07133333333333333,1.2306666666666666,0.04300000000000001,0.111,39.00666666666666,0.10633333333333335,0.19066666666666665,55.82066666666667,0.08533333333333332,0.11833333333333333,71.93533333333335,0.014,0.04533333333333335,0.626,0.021333333333333336,0.101,0.228,0.07133333333333333,0.0,0.46633333333333327
68,73,2009-04-24,10,2,2008-2009,Paulistano,Brasília,0,0.3956666666666667,0.106,0.208,0.08166666666666665,0.16100000000000003,0.05533333333333334,0.10566666666666666,0.07166666666666668,0.08366666666666668,0.9526666666666667,0.03533333333333334,0.11366666666666665,31.654666666666664,0.104,0.19933333333333333,52.046666666666674,0.08166666666666665,0.11966666666666666,68.24533333333333,0.004333333333333333,0.04433333333333334,0.5666666666666667,0.015000000000000001,0.12033333333333333,0.12933333333333333,0.08366666666666668,0.0,0.3923333333333333,0.4476666666666666,0.11200000000000003,0.2246666666666667,0.111,0.15233333333333335,0.035333333333333335,0.117,0.08033333333333334,0.07400000000000002,1.1219999999999999,0.03733333333333334,0.10400000000000001,36.696666666666665,0.11233333333333335,0.1833333333333333,61.702666666666666,0.111,0.14500000000000002,76.25933333333333,0.013999999999999997,0.04166666666666668,0.5880000000000002,0.02066666666666667,0.11099999999999999,0.2026666666666667,0.07400000000000002,0.0,0.497
108,76,2009-04-24,10,2,2008-2009,Minas,Saldanha,1,0.44533333333333336,0.123,0.23933333333333331,0.08299999999999999,0.16999999999999998,0.04866666666666667,0.12133333333333335,0.082,0.07600000000000001,1.1239999999999999,0.04100000000000001,0.10266666666666667,39.77666666666667,0.11966666666666666,0.2013333333333333,59.84599999999999,0.08299999999999999,0.11466666666666668,72.742,0.006999999999999998,0.037,0.4973333333333333,0.02066666666666667,0.08966666666666664,0.234,0.07600000000000001,0.0,0.5039999999999999,0.36666666666666675,0.123,0.18333333333333332,0.060333333333333336,0.149,0.04933333333333334,0.09966666666666665,0.06366666666666668,0.08966666666666669,0.7713333333333333,0.041,0.12366666666666667,33.706,0.09166666666666666,0.18066666666666667,51.06266666666667,0.060333333333333336,0.10133333333333332,60.49666666666667,0.01666666666666667,0.04833333333333334,0.5706666666666667,0.009,0.11366666666666668,0.08,0.08966666666666669,0.0,0.33433333333333337
94,69,2009-04-24,10,2,2008-2009,Joinville,Araraquara,1,0.40633333333333327,0.13799999999999998,0.18866666666666668,0.07966666666666668,0.16833333333333333,0.053333333333333344,0.11500000000000002,0.07433333333333333,0.06933333333333332,1.1653333333333333,0.04600000000000001,0.13699999999999998,33.39866666666667,0.09433333333333334,0.183,51.49066666666667,0.07966666666666668,0.12033333333333335,66.19733333333333,0.010333333333333335,0.046333333333333344,0.7246666666666667,0.01566666666666667,0.10366666666666667,0.16,0.06933333333333332,0.0,0.42133333333333334,0.382,0.12700000000000003,0.17466666666666666,0.08033333333333334,0.13733333333333334,0.03600000000000001,0.10133333333333333,0.07733333333333334,0.08566666666666668,0.9646666666666665,0.04233333333333334,0.11766666666666667,35.92666666666666,0.08733333333333333,0.16299999999999995,53.75666666666667,0.08033333333333334,0.10733333333333332,74.364,0.009666666666666667,0.03933333333333334,0.4866666666666667,0.016,0.116,0.15333333333333332,0.08566666666666668,0.0,0.3883333333333333
82,89,2009-04-24,10,2,2008-2009,Lajeado,Sesi Franca,0,0.35833333333333334,0.091,0.1933333333333333,0.07400000000000001,0.12933333333333333,0.04133333333333334,0.08800000000000001,0.055333333333333345,0.06566666666666666,0.9246666666666667,0.030333333333333337,0.09933333333333334,29.829333333333338,0.09666666666666665,0.19299999999999998,50.763333333333335,0.07400000000000001,0.10433333333333335,70.20733333333332,0.0006666666666666666,0.03633333333333334,0.6013333333333333,0.006,0.10766666666666667,0.06133333333333332,0.06566666666666666,0.0,0.32400000000000007,0.4173333333333334,0.10400000000000001,0.226,0.08733333333333333,0.14833333333333337,0.045666666666666675,0.10266666666666667,0.08133333333333333,0.068,1.286,0.034666666666666665,0.09766666666666665,37.080666666666666,0.113,0.21900000000000003,51.65,0.08733333333333333,0.11300000000000002,76.98866666666666,0.004333333333333333,0.044666666666666674,0.7006666666666668,0.011000000000000001,0.11700000000000002,0.096,0.068,0.0,0.44000000000000006
89,68,2009-04-24,10,2,2008-2009,Flamengo,Espírito Santo,1,0.4676666666666668,0.15400000000000003,0.21933333333333335,0.09433333333333334,0.16533333333333336,0.04133333333333333,0.12400000000000001,0.09233333333333334,0.06966666666666668,1.4166666666666667,0.05133333333333333,0.12800000000000003,40.30866666666667,0.10966666666666668,0.18000000000000002,61.07533333333333,0.09433333333333334,0.12166666666666667,79.12333333333332,0.009666666666666667,0.04266666666666667,0.6433333333333332,0.008333333333333335,0.09899999999999999,0.08066666666666666,0.06966666666666668,0.0,0.5323333333333333,0.37066666666666664,0.10000000000000002,0.19,0.08066666666666668,0.13766666666666666,0.03966666666666666,0.098,0.06799999999999999,0.066,1.1706666666666665,0.03333333333333333,0.10366666666666666,32.443333333333335,0.095,0.18166666666666664,52.66466666666666,0.08066666666666668,0.12033333333333333,66.23933333333333,0.005333333333333333,0.037000000000000005,0.5840000000000001,0.008666666666666666,0.10633333333333335,0.08266666666666667,0.066,0.0,0.35933333333333334
82,77,2009-04-29,11,2,2008-2009,Brasília,Minas,1,0.44,0.115,0.21466666666666667,0.11033333333333334,0.151,0.03566666666666666,0.11533333333333333,0.07866666666666665,0.07733333333333334,1.0719999999999998,0.038333333333333344,0.10533333333333332,37.139333333333326,0.10733333333333334,0.17999999999999997,59.94599999999999,0.11033333333333334,0.143,76.88666666666667,0.013999999999999997,0.04333333333333334,0.5893333333333336,0.02166666666666667,0.11033333333333334,0.21333333333333335,0.07733333333333334,0.0,0.48500000000000004,0.4483333333333333,0.119,0.24333333333333335,0.08600000000000001,0.16966666666666666,0.04833333333333334,0.12133333333333335,0.08400000000000002,0.07633333333333334,1.144,0.03966666666666667,0.103,38.284666666666666,0.12166666666666667,0.20266666666666663,60.441333333333326,0.08600000000000001,0.11833333333333335,73.06933333333333,0.006333333333333333,0.037,0.4953333333333333,0.01966666666666667,0.088,0.22400000000000006,0.07633333333333334,0.0,0.5056666666666666
94,87,2009-04-29,11,2,2008-2009,Assis,Lajeado,1,0.36633333333333334,0.10899999999999999,0.16400000000000003,0.09333333333333332,0.13999999999999999,0.03900000000000001,0.101,0.05833333333333335,0.07,0.9413333333333334,0.03633333333333334,0.11066666666666668,33.21866666666667,0.08200000000000002,0.16099999999999998,51.01199999999999,0.09333333333333332,0.12566666666666668,75.13866666666668,0.006333333333333334,0.03166666666666667,0.49266666666666664,0.016666666666666666,0.10800000000000001,0.16333333333333336,0.07,0.0,0.35733333333333334,0.3626666666666667,0.09200000000000001,0.1953333333333333,0.07533333333333334,0.129,0.04033333333333334,0.08866666666666666,0.05700000000000001,0.06466666666666668,0.9626666666666668,0.03066666666666667,0.09800000000000002,30.464666666666666,0.09766666666666665,0.1913333333333333,51.76866666666667,0.07533333333333334,0.10400000000000001,71.82133333333333,0.0006666666666666666,0.036000000000000004,0.6026666666666666,0.006,0.10600000000000004,0.06266666666666665,0.06466666666666668,0.0,0.3363333333333333
89,86,2009-04-29,11,2,2008-2009,Bauru Basket,Joinville,1,0.41000000000000003,0.13899999999999996,0.1913333333333333,0.07966666666666669,0.14566666666666667,0.04733333333333333,0.09833333333333334,0.069,0.054000000000000006,1.544,0.04633333333333334,0.11900000000000001,38.744666666666674,0.09566666666666665,0.17866666666666667,53.73666666666667,0.07966666666666669,0.10900000000000001,73.70733333333332,0.005000000000000001,0.033,0.7453333333333333,0.008333333333333333,0.095,0.08866666666666667,0.054000000000000006,0.0,0.427,0.4136666666666666,0.142,0.18933333333333333,0.08233333333333334,0.16666666666666666,0.05000000000000001,0.11666666666666667,0.07833333333333334,0.06999999999999999,1.2146666666666668,0.047333333333333345,0.13666666666666666,34.81133333333334,0.09466666666666666,0.18133333333333335,52.102000000000004,0.08233333333333334,0.12066666666666669,68.49133333333333,0.010000000000000002,0.04833333333333334,0.748,0.014333333333333332,0.10500000000000001,0.1406666666666667,0.06999999999999999,0.0,0.4370000000000001
95,87,2009-04-29,11,2,2008-2009,Pinheiros,Sesi Franca,1,0.43633333333333335,0.132,0.21533333333333332,0.08900000000000001,0.15600000000000003,0.04566666666666667,0.11033333333333335,0.07899999999999999,0.063,1.313333333333333,0.044000000000000004,0.11933333333333336,37.602000000000004,0.10766666666666666,0.19133333333333338,56.68333333333333,0.08900000000000001,0.11833333333333335,75.58933333333333,0.01566666666666667,0.04133333333333334,0.6866666666666666,0.009000000000000003,0.08533333333333333,0.10800000000000003,0.063,0.0,0.4703333333333334,0.4216666666666667,0.11,0.22266666666666673,0.089,0.151,0.04633333333333335,0.10466666666666666,0.08466666666666667,0.068,1.3526666666666667,0.03666666666666667,0.10166666666666666,37.772000000000006,0.11133333333333337,0.21533333333333335,51.75733333333333,0.089,0.1146666666666667,77.31066666666666,0.004666666666666667,0.04600000000000001,0.7273333333333334,0.011000000000000001,0.11466666666666668,0.096,0.068,0.0,0.4516666666666667
78,62,2009-04-29,11,2,2008-2009,Paulistano,Araraquara,1,0.39299999999999996,0.10899999999999999,0.20333333333333334,0.08066666666666665,0.15933333333333335,0.055000000000000014,0.10433333333333335,0.07100000000000001,0.083,0.95,0.03633333333333334,0.113,32.77266666666666,0.10166666666666667,0.19966666666666671,50.63933333333334,0.08066666666666665,0.11533333333333336,69.984,0.004666666666666667,0.04200000000000001,0.5493333333333335,0.015333333333333334,0.12133333333333332,0.13066666666666665,0.083,0.0,0.38833333333333336,0.3786666666666667,0.12100000000000002,0.17666666666666667,0.081,0.13866666666666666,0.03633333333333334,0.10233333333333333,0.077,0.08700000000000001,0.946,0.04033333333333334,0.11766666666666667,34.498000000000005,0.08833333333333333,0.16699999999999998,53.18533333333333,0.081,0.109,73.69733333333333,0.009666666666666667,0.04033333333333334,0.4913333333333334,0.01633333333333333,0.115,0.158,0.08700000000000001,0.0,0.37999999999999995
69,64,2009-04-29,11,2,2008-2009,Coop/São José Basketball,Espírito Santo,1,0.3703333333333333,0.108,0.19066666666666668,0.07166666666666667,0.15,0.052000000000000005,0.098,0.059000000000000004,0.06833333333333333,0.94,0.03600000000000001,0.11633333333333334,30.672666666666665,0.09533333333333334,0.19133333333333333,50.48333333333334,0.07166666666666667,0.10433333333333333,69.68066666666665,0.0036666666666666666,0.03500000000000001,0.5406666666666666,0.008333333333333333,0.11466666666666668,0.08466666666666667,0.06833333333333333,0.0,0.3453333333333334,0.37099999999999994,0.10200000000000002,0.19,0.079,0.13733333333333334,0.03900000000000001,0.09833333333333334,0.06566666666666666,0.06833333333333334,1.1239999999999999,0.034,0.10233333333333333,33.61266666666666,0.095,0.181,52.849333333333334,0.079,0.11799999999999998,66.00733333333334,0.005333333333333334,0.036333333333333336,0.5626666666666668,0.008,0.10700000000000001,0.076,0.06833333333333334,0.0,0.35666666666666663
89,71,2009-04-29,11,2,2008-2009,Limeira,Saldanha,1,0.4233333333333334,0.132,0.20933333333333334,0.082,0.14266666666666664,0.03366666666666666,0.109,0.086,0.07000000000000002,1.3180000000000003,0.04400000000000002,0.11033333333333335,39.964666666666666,0.10466666666666667,0.18499999999999997,56.339333333333336,0.082,0.11266666666666668,72.90866666666668,0.014333333333333333,0.04233333333333334,0.5966666666666666,0.021000000000000005,0.10133333333333333,0.22400000000000003,0.07000000000000002,0.0,0.468,0.36700000000000005,0.126,0.17933333333333337,0.06166666666666667,0.15066666666666664,0.052666666666666674,0.09799999999999999,0.060000000000000005,0.08933333333333335,0.724,0.04200000000000001,0.12466666666666668,34.27133333333334,0.08966666666666669,0.17866666666666667,50.53666666666667,0.06166666666666667,0.10566666666666666,58.95866666666667,0.01666666666666667,0.04800000000000001,0.5693333333333334,0.008,0.11200000000000002,0.07333333333333333,0.08933333333333335,0.0,0.32866666666666666
92,100,2009-05-01,12,2,2008-2009,Brasília,Flamengo,0,0.4323333333333333,0.11,0.21600000000000003,0.10633333333333334,0.151,0.035666666666666666,0.11533333333333334,0.07466666666666666,0.07400000000000002,1.0639999999999998,0.036666666666666674,0.10500000000000001,35.99066666666667,0.10800000000000001,0.1853333333333333,58.41866666666666,0.10633333333333334,0.13833333333333336,76.25466666666667,0.012666666666666666,0.04266666666666667,0.5973333333333334,0.020000000000000004,0.10933333333333332,0.19866666666666666,0.07400000000000002,0.0,0.46900000000000003,0.4630000000000001,0.147,0.22,0.09600000000000002,0.1673333333333334,0.04100000000000001,0.12633333333333333,0.09000000000000001,0.06933333333333333,1.3846666666666667,0.049,0.128,38.27933333333333,0.11,0.18133333333333335,60.833999999999996,0.09600000000000002,0.12566666666666668,77.98733333333334,0.010000000000000002,0.045333333333333344,0.7,0.009000000000000003,0.10200000000000001,0.08666666666666667,0.06933333333333333,0.0,0.5253333333333334
73,63,2009-05-01,12,2,2008-2009,Bauru Basket,Lajeado,1,0.41166666666666674,0.132,0.19666666666666663,0.08300000000000002,0.15099999999999997,0.04900000000000001,0.102,0.06766666666666668,0.051333333333333335,1.666,0.044000000000000004,0.117,37.46733333333334,0.09833333333333331,0.18500000000000003,53.392,0.08300000000000002,0.11366666666666667,73.86066666666666,0.006000000000000001,0.033666666666666664,0.8119999999999999,0.008666666666666666,0.09766666666666667,0.09200000000000001,0.051333333333333335,0.0,0.431,0.36966666666666664,0.09400000000000001,0.19866666666666669,0.077,0.12566666666666668,0.03800000000000001,0.08766666666666668,0.05966666666666667,0.06300000000000001,1.0533333333333335,0.03133333333333333,0.098,31.166666666666668,0.09933333333333334,0.18866666666666668,53.086,0.077,0.10566666666666666,72.18333333333334,0.0013333333333333333,0.034666666666666665,0.6046666666666667,0.004666666666666667,0.10900000000000003,0.04466666666666666,0.06300000000000001,0.0,0.3466666666666667
76,87,2009-05-01,12,2,2008-2009,Assis,Joinville,0,0.37166666666666676,0.11199999999999997,0.164,0.09566666666666666,0.1396666666666667,0.04033333333333334,0.09933333333333333,0.05800000000000002,0.06833333333333334,0.9553333333333334,0.03733333333333335,0.11166666666666666,33.80066666666667,0.082,0.15966666666666665,51.38333333333333,0.09566666666666666,0.12933333333333333,74.81333333333332,0.006666666666666668,0.031000000000000007,0.49133333333333334,0.015999999999999997,0.107,0.16000000000000003,0.06833333333333334,0.0,0.3623333333333333,0.41633333333333333,0.14100000000000001,0.19266666666666668,0.08266666666666667,0.163,0.048333333333333346,0.11466666666666668,0.07699999999999999,0.06766666666666667,1.2593333333333334,0.047000000000000014,0.13566666666666669,34.842,0.09633333333333334,0.18300000000000002,52.55466666666666,0.08266666666666667,0.11933333333333335,69.53999999999999,0.009333333333333334,0.04666666666666667,0.7380000000000001,0.014333333333333335,0.10700000000000001,0.13799999999999998,0.06766666666666667,0.0,0.43766666666666676
101,69,2009-05-01,12,2,2008-2009,Pinheiros,Araraquara,1,0.4403333333333333,0.13299999999999998,0.22066666666666668,0.08666666666666668,0.15700000000000003,0.04800000000000001,0.10900000000000001,0.079,0.060666666666666674,1.352,0.04433333333333334,0.12033333333333336,37.602000000000004,0.11033333333333334,0.19333333333333336,57.59333333333333,0.08666666666666668,0.11566666666666668,75.36333333333333,0.016333333333333335,0.04066666666666666,0.6873333333333334,0.009333333333333334,0.08533333333333333,0.11200000000000002,0.060666666666666674,0.0,0.47766666666666674,0.37900000000000006,0.11999999999999998,0.18,0.07899999999999999,0.13433333333333333,0.03533333333333335,0.09899999999999999,0.07566666666666665,0.08433333333333334,0.9526666666666667,0.040000000000000015,0.11700000000000002,34.389333333333326,0.09,0.1683333333333333,53.87866666666667,0.07899999999999999,0.10666666666666667,73.12533333333334,0.009666666666666667,0.03966666666666666,0.5000000000000001,0.015666666666666666,0.11466666666666667,0.15133333333333335,0.08433333333333334,0.0,0.37699999999999995
85,88,2009-05-01,12,2,2008-2009,Limeira,Espírito Santo,0,0.42633333333333334,0.13199999999999998,0.21533333333333335,0.07899999999999999,0.14633333333333332,0.03633333333333333,0.11,0.08733333333333332,0.06966666666666668,1.3453333333333335,0.04400000000000002,0.11233333333333335,39.282666666666664,0.10766666666666667,0.18999999999999997,56.568000000000005,0.07899999999999999,0.107,73.634,0.01566666666666667,0.04333333333333334,0.6153333333333334,0.01966666666666667,0.09933333333333333,0.21666666666666667,0.06966666666666668,0.0,0.4746666666666667,0.3693333333333333,0.10400000000000001,0.18599999999999997,0.07933333333333334,0.13966666666666666,0.038000000000000006,0.10166666666666666,0.066,0.07366666666666667,1.0606666666666666,0.034666666666666665,0.10333333333333333,34.035999999999994,0.09299999999999999,0.1783333333333333,52.45733333333333,0.07933333333333334,0.11733333333333333,66.79533333333333,0.005000000000000001,0.037000000000000005,0.5086666666666666,0.008,0.10833333333333335,0.07466666666666667,0.07366666666666667,0.0,0.3543333333333333
88,77,2009-05-01,12,2,2008-2009,Coop/São José Basketball,Saldanha,1,0.369,0.10399999999999997,0.19200000000000003,0.073,0.153,0.05300000000000001,0.09999999999999999,0.05833333333333334,0.07066666666666667,0.92,0.03466666666666667,0.117,29.60866666666666,0.09600000000000002,0.18800000000000003,51.961999999999996,0.073,0.107,68.46066666666667,0.004,0.03566666666666667,0.5359999999999999,0.008666666666666666,0.11566666666666667,0.08666666666666666,0.07066666666666667,0.0,0.3456666666666666,0.3636666666666667,0.12899999999999998,0.1726666666666667,0.06200000000000001,0.15066666666666664,0.05133333333333334,0.09933333333333332,0.061333333333333344,0.09133333333333335,0.7173333333333333,0.043000000000000003,0.129,33.76666666666667,0.08633333333333335,0.17366666666666666,49.85,0.06200000000000001,0.10400000000000001,60.566,0.01566666666666667,0.04900000000000001,0.5706666666666665,0.008666666666666666,0.11300000000000002,0.07933333333333333,0.09133333333333335,0.0,0.3266666666666666
70,76,2009-05-01,12,2,2008-2009,Paulistano,Sesi Franca,0,0.3929999999999999,0.11,0.20400000000000004,0.07899999999999999,0.15666666666666668,0.053333333333333344,0.10333333333333333,0.07000000000000002,0.08433333333333333,0.9173333333333334,0.036666666666666674,0.111,34.106,0.10200000000000002,0.199,51.001999999999995,0.07899999999999999,0.11100000000000002,71.55,0.004666666666666667,0.04300000000000001,0.5553333333333333,0.014666666666666668,0.11699999999999999,0.132,0.08433333333333333,0.0,0.3896666666666667,0.42966666666666664,0.11,0.23066666666666671,0.089,0.14833333333333334,0.04433333333333334,0.104,0.087,0.06766666666666667,1.4166666666666667,0.03666666666666667,0.10066666666666665,38.10666666666667,0.11533333333333336,0.2176666666666667,52.86266666666666,0.089,0.11366666666666667,78.19933333333333,0.005333333333333333,0.04433333333333335,0.6980000000000002,0.01,0.11700000000000002,0.08600000000000001,0.06766666666666667,0.0,0.46066666666666667
84,72,2009-05-03,6,1,2008-2009,Flamengo,Assis,1,0.4616666666666667,0.142,0.21533333333333332,0.10433333333333335,0.17133333333333337,0.04366666666666667,0.12766666666666668,0.09100000000000001,0.07066666666666668,1.379333333333333,0.047333333333333345,0.12866666666666668,36.80799999999999,0.10766666666666666,0.17866666666666664,60.47533333333333,0.10433333333333335,0.13833333333333334,77.16866666666667,0.009666666666666669,0.04700000000000001,0.7113333333333334,0.010000000000000002,0.10633333333333332,0.09333333333333334,0.07066666666666668,0.0,0.5239999999999999,0.374,0.10899999999999999,0.16933333333333334,0.09566666666666666,0.142,0.03833333333333334,0.10366666666666666,0.06100000000000002,0.067,0.9999999999999999,0.03633333333333335,0.10899999999999999,33.787333333333336,0.08466666666666667,0.16166666666666663,52.562666666666665,0.09566666666666666,0.13166666666666668,73.66400000000002,0.007666666666666668,0.03133333333333333,0.5013333333333333,0.016666666666666666,0.10500000000000001,0.16999999999999998,0.067,0.0,0.3723333333333333
95,73,2009-05-03,8,1,2008-2009,Minas,Lajeado,1,0.44500000000000006,0.119,0.2406666666666667,0.08533333333333333,0.1753333333333333,0.048000000000000015,0.12733333333333335,0.08533333333333336,0.07833333333333334,1.140666666666667,0.03966666666666667,0.10266666666666666,38.35466666666666,0.12033333333333335,0.2053333333333333,59.127333333333326,0.08533333333333333,0.11666666666666667,73.47266666666668,0.005666666666666667,0.036000000000000004,0.46599999999999997,0.019333333333333334,0.087,0.22200000000000003,0.07833333333333334,0.0,0.5033333333333333,0.369,0.099,0.19866666666666669,0.07133333333333333,0.12566666666666668,0.035333333333333335,0.09033333333333335,0.060666666666666674,0.05966666666666668,1.0973333333333337,0.032999999999999995,0.09966666666666664,32.294,0.09933333333333334,0.18833333333333335,53.216,0.07133333333333333,0.09933333333333332,69.57199999999999,0.0013333333333333333,0.034,0.6093333333333333,0.004333333333333333,0.10600000000000002,0.04133333333333334,0.05966666666666668,0.0,0.35033333333333333
82,71,2009-05-05,13,2,2008-2009,Sesi Franca,Minas,1,0.42166666666666663,0.10699999999999998,0.22666666666666668,0.088,0.15133333333333335,0.04433333333333335,0.107,0.084,0.07,1.3173333333333332,0.03566666666666666,0.10133333333333333,36.77333333333333,0.11333333333333334,0.21700000000000003,52.164,0.088,0.111,79.018,0.005333333333333333,0.04300000000000002,0.6593333333333334,0.010333333333333333,0.11766666666666671,0.08800000000000001,0.07,0.0,0.448,0.4496666666666666,0.12299999999999998,0.24466666666666667,0.08199999999999999,0.17666666666666667,0.048666666666666684,0.12800000000000003,0.09000000000000002,0.07733333333333332,1.2133333333333336,0.04100000000000001,0.104,39.35466666666666,0.12233333333333334,0.20400000000000001,60.383333333333326,0.08199999999999999,0.11399999999999998,72.422,0.006333333333333334,0.036333333333333336,0.4773333333333333,0.019333333333333334,0.08633333333333333,0.224,0.07733333333333332,0.0,0.518
76,34,2009-05-06,13,2,2008-2009,Espírito Santo,Assis,1,0.37766666666666665,0.10800000000000001,0.19066666666666665,0.079,0.14166666666666664,0.03833333333333334,0.10333333333333333,0.07033333333333334,0.07400000000000001,1.1239999999999999,0.03600000000000001,0.10400000000000001,35.05733333333333,0.09533333333333333,0.18299999999999994,52.19533333333333,0.079,0.11833333333333335,65.22466666666666,0.005333333333333334,0.03900000000000001,0.5393333333333333,0.008333333333333333,0.10833333333333335,0.07666666666666667,0.07400000000000001,0.0,0.36799999999999994,0.37033333333333335,0.10299999999999998,0.17666666666666667,0.09066666666666665,0.146,0.03866666666666667,0.10733333333333332,0.06166666666666668,0.06566666666666666,1.0373333333333332,0.03433333333333334,0.10666666666666666,32.75533333333334,0.08833333333333333,0.17066666666666663,51.842666666666666,0.09066666666666665,0.125,74.16733333333333,0.008333333333333335,0.030000000000000006,0.4893333333333334,0.017333333333333333,0.10533333333333333,0.17600000000000002,0.06566666666666666,0.0,0.37066666666666664
85,81,2009-05-06,13,2,2008-2009,Joinville,Brasília,1,0.4226666666666665,0.148,0.19133333333333333,0.08333333333333333,0.15833333333333333,0.045666666666666675,0.11266666666666665,0.078,0.06633333333333334,1.2860000000000003,0.04933333333333334,0.13500000000000004,37.05666666666666,0.09566666666666666,0.1806666666666667,52.85466666666666,0.08333333333333333,0.11966666666666669,70.07933333333332,0.009333333333333334,0.045000000000000005,0.7286666666666668,0.014333333333333335,0.10866666666666669,0.136,0.06633333333333334,0.0,0.4450000000000001,0.43333333333333335,0.112,0.21333333333333335,0.108,0.14666666666666667,0.03266666666666666,0.11400000000000002,0.07366666666666667,0.07433333333333333,1.0479999999999998,0.037333333333333336,0.10699999999999998,35.974666666666664,0.10666666666666667,0.18066666666666664,58.96333333333334,0.108,0.14033333333333337,76.298,0.012666666666666666,0.04266666666666667,0.5946666666666667,0.01966666666666667,0.115,0.19266666666666665,0.07433333333333333,0.0,0.4656666666666667
69,76,2009-05-06,13,2,2008-2009,Araraquara,Flamengo,0,0.37666666666666665,0.12100000000000001,0.17866666666666664,0.07699999999999999,0.13166666666666668,0.03433333333333334,0.09733333333333334,0.07633333333333334,0.08733333333333333,0.9253333333333332,0.04033333333333334,0.11800000000000002,34.38933333333333,0.08933333333333332,0.16699999999999998,53.87866666666666,0.07699999999999999,0.10333333333333332,73.17,0.011666666666666667,0.04000000000000001,0.48400000000000004,0.013333333333333334,0.11333333333333333,0.13266666666666668,0.08733333333333333,0.0,0.36899999999999994,0.465,0.145,0.21733333333333338,0.10266666666666668,0.1716666666666667,0.04333333333333334,0.12833333333333333,0.09000000000000001,0.07166666666666668,1.3166666666666667,0.048333333333333346,0.12966666666666668,37.462666666666664,0.10866666666666669,0.18133333333333335,60.18333333333332,0.10266666666666668,0.13466666666666663,78.07733333333333,0.008666666666666666,0.046666666666666676,0.6733333333333333,0.011333333333333334,0.10566666666666666,0.10800000000000001,0.07166666666666668,0.0,0.527
80,72,2009-05-06,13,2,2008-2009,Limeira,Pinheiros,1,0.42500000000000004,0.13099999999999998,0.21200000000000002,0.082,0.145,0.037000000000000005,0.108,0.08600000000000001,0.07033333333333334,1.3093333333333335,0.04366666666666667,0.11533333333333334,38.32266666666666,0.10600000000000001,0.1863333333333333,56.84466666666666,0.082,0.11233333333333334,72.59066666666666,0.01633333333333333,0.04133333333333335,0.5793333333333336,0.018666666666666668,0.09933333333333333,0.20666666666666667,0.07033333333333334,0.0,0.4633333333333333,0.4426666666666666,0.13299999999999998,0.22133333333333335,0.08833333333333335,0.16,0.046000000000000006,0.11400000000000002,0.081,0.06233333333333334,1.344,0.04433333333333334,0.12066666666666669,37.47933333333334,0.11066666666666668,0.18933333333333333,58.50999999999999,0.08833333333333335,0.11833333333333335,74.83066666666667,0.017666666666666667,0.043333333333333335,0.7026666666666668,0.010000000000000002,0.08299999999999999,0.12200000000000001,0.06233333333333334,0.0,0.48966666666666664
82,79,2009-05-06,13,2,2008-2009,Coop/São José Basketball,Paulistano,1,0.37566666666666665,0.10399999999999997,0.198,0.07366666666666667,0.15499999999999997,0.052666666666666674,0.10233333333333332,0.058000000000000024,0.07066666666666667,0.9153333333333333,0.03466666666666667,0.11566666666666667,29.865999999999996,0.099,0.19033333333333333,53.066,0.07366666666666667,0.10766666666666666,68.54,0.004666666666666667,0.03466666666666667,0.5226666666666666,0.009333333333333334,0.11466666666666668,0.09266666666666667,0.07066666666666667,0.0,0.3556666666666667,0.3883333333333333,0.11,0.20000000000000004,0.07833333333333332,0.15633333333333332,0.05166666666666667,0.10466666666666667,0.06800000000000002,0.08266666666666667,0.9053333333333332,0.03666666666666667,0.11066666666666668,34.18533333333333,0.10000000000000002,0.1946666666666667,51.07,0.07833333333333332,0.11133333333333335,70.82199999999999,0.004333333333333333,0.04,0.5286666666666667,0.015333333333333334,0.11566666666666667,0.1406666666666667,0.08266666666666667,0.0,0.3836666666666666
75,95,2009-05-06,13,2,2008-2009,Saldanha,Bauru Basket,0,0.36399999999999993,0.13099999999999998,0.17,0.063,0.149,0.05000000000000001,0.09899999999999999,0.06533333333333333,0.09233333333333335,0.7553333333333333,0.043666666666666666,0.13233333333333333,33.258,0.085,0.17233333333333334,49.47933333333334,0.063,0.103,61.994666666666674,0.015666666666666666,0.049000000000000016,0.5640000000000001,0.008,0.11200000000000002,0.07400000000000002,0.09233333333333335,0.0,0.32699999999999996,0.41400000000000003,0.13299999999999998,0.19933333333333333,0.08166666666666669,0.15033333333333332,0.05066666666666667,0.09966666666666667,0.067,0.04866666666666667,1.694,0.04433333333333334,0.11833333333333333,37.330000000000005,0.09966666666666667,0.18633333333333335,53.76333333333333,0.08166666666666669,0.10933333333333332,75.70399999999998,0.006000000000000001,0.03433333333333334,0.8339999999999999,0.008,0.09533333333333333,0.08466666666666667,0.04866666666666667,0.0,0.4366666666666667
68,77,2009-05-08,14,2,2008-2009,Espírito Santo,Bauru Basket,0,0.372,0.1,0.192,0.08000000000000002,0.14299999999999996,0.03900000000000001,0.104,0.06500000000000002,0.07333333333333333,1.052,0.03333333333333334,0.099,34.31666666666667,0.096,0.18499999999999997,51.93533333333333,0.08000000000000002,0.12033333333333335,64.90733333333333,0.005666666666666668,0.04133333333333334,0.5926666666666667,0.008333333333333333,0.10533333333333333,0.07933333333333333,0.07333333333333333,0.0,0.3613333333333333,0.4266666666666667,0.14,0.20466666666666664,0.08200000000000002,0.1536666666666667,0.054000000000000006,0.09966666666666667,0.0676666666666667,0.04700000000000002,1.718,0.04666666666666666,0.119,38.718666666666664,0.10233333333333332,0.18966666666666668,54.13999999999999,0.08200000000000002,0.11099999999999999,73.87866666666666,0.007666666666666668,0.03666666666666667,0.8799999999999998,0.008333333333333333,0.09499999999999999,0.08933333333333333,0.04700000000000002,0.0,0.45733333333333337
78,81,2009-05-08,14,2,2008-2009,Araraquara,Minas,0,0.3739999999999999,0.12000000000000002,0.18066666666666667,0.07333333333333332,0.13266666666666665,0.03400000000000001,0.09866666666666667,0.07433333333333333,0.08466666666666667,0.958,0.04000000000000001,0.11733333333333332,34.26199999999999,0.09033333333333333,0.17466666666666666,52.12333333333333,0.07333333333333332,0.09999999999999999,71.972,0.012333333333333333,0.04166666666666667,0.5346666666666666,0.013666666666666666,0.115,0.13333333333333333,0.08466666666666667,0.0,0.3633333333333333,0.44166666666666665,0.11899999999999998,0.24133333333333334,0.08133333333333331,0.17466666666666666,0.047666666666666684,0.12700000000000003,0.09000000000000002,0.079,1.1733333333333331,0.03966666666666667,0.103,38.25666666666666,0.12066666666666667,0.20133333333333334,60.30199999999999,0.08133333333333331,0.11399999999999998,71.638,0.006333333333333333,0.03733333333333334,0.47799999999999987,0.018333333333333333,0.08766666666666666,0.21000000000000002,0.079,0.0,0.5063333333333333
67,94,2009-05-08,14,2,2008-2009,Lajeado,Brasília,0,0.3706666666666667,0.102,0.19933333333333333,0.06933333333333333,0.12533333333333332,0.035333333333333335,0.09000000000000001,0.06166666666666667,0.05800000000000002,1.1613333333333336,0.033999999999999996,0.10133333333333333,32.73866666666666,0.09966666666666667,0.19266666666666665,52.532,0.06933333333333333,0.09699999999999999,69.02666666666667,0.0013333333333333333,0.033666666666666664,0.6353333333333333,0.004666666666666667,0.10700000000000001,0.04400000000000001,0.05800000000000002,0.0,0.3499999999999999,0.433,0.11399999999999996,0.21466666666666664,0.10433333333333333,0.146,0.033666666666666664,0.11233333333333334,0.074,0.07566666666666667,1.0386666666666666,0.038000000000000006,0.107,36.53,0.10733333333333332,0.18099999999999997,59.24399999999999,0.10433333333333333,0.13600000000000004,76.25,0.013333333333333334,0.04266666666666667,0.5820000000000001,0.018000000000000002,0.11199999999999997,0.18133333333333332,0.07566666666666667,0.0,0.4636666666666667
81,86,2009-05-08,14,2,2008-2009,Sesi Franca,Flamengo,0,0.414,0.10400000000000001,0.21866666666666668,0.09133333333333332,0.148,0.04400000000000001,0.10400000000000001,0.08333333333333333,0.07100000000000001,1.2613333333333334,0.034666666666666665,0.10033333333333334,36.297333333333334,0.10933333333333334,0.20933333333333334,52.105333333333334,0.09133333333333332,0.11433333333333334,79.502,0.004333333333333333,0.04400000000000001,0.6613333333333334,0.010333333333333335,0.1146666666666667,0.09000000000000001,0.07100000000000001,0.0,0.44000000000000006,0.4643333333333334,0.14,0.21933333333333332,0.105,0.17466666666666666,0.04200000000000001,0.13266666666666665,0.09100000000000001,0.07066666666666668,1.3373333333333333,0.046666666666666676,0.128,36.50866666666668,0.10966666666666666,0.182,60.586,0.105,0.13666666666666666,78.60933333333334,0.008333333333333333,0.048000000000000015,0.6926666666666667,0.012,0.10266666666666668,0.11800000000000001,0.07066666666666668,0.0,0.534
94,97,2009-05-08,14,2,2008-2009,Coop/São José Basketball,Pinheiros,0,0.3733333333333333,0.10399999999999997,0.19600000000000004,0.07333333333333333,0.15833333333333333,0.05333333333333335,0.105,0.05800000000000002,0.07200000000000001,0.886,0.034666666666666686,0.115,30.06333333333333,0.09800000000000002,0.191,52.27466666666667,0.07333333333333333,0.10466666666666669,70.08466666666668,0.004666666666666667,0.033,0.4826666666666667,0.010000000000000002,0.11466666666666667,0.09866666666666668,0.07200000000000001,0.0,0.356,0.43899999999999995,0.132,0.22,0.08700000000000001,0.161,0.045333333333333344,0.11566666666666665,0.08066666666666668,0.06533333333333334,1.3159999999999998,0.04400000000000001,0.11766666666666668,38.18066666666667,0.11,0.19099999999999998,57.691333333333326,0.08700000000000001,0.115,75.44333333333333,0.017333333333333333,0.044333333333333336,0.6993333333333334,0.010333333333333333,0.086,0.11933333333333333,0.06533333333333334,0.0,0.48733333333333334
108,87,2009-05-08,14,2,2008-2009,Limeira,Paulistano,1,0.42300000000000004,0.13099999999999998,0.20733333333333334,0.08466666666666667,0.14833333333333332,0.037666666666666675,0.11066666666666665,0.08566666666666665,0.06600000000000002,1.3626666666666667,0.043666666666666666,0.12033333333333335,36.852000000000004,0.10366666666666667,0.18633333333333332,55.54866666666667,0.08466666666666667,0.11466666666666665,73.47933333333334,0.015000000000000001,0.04133333333333333,0.6433333333333333,0.019000000000000003,0.10266666666666667,0.19466666666666665,0.06600000000000002,0.0,0.462,0.38733333333333325,0.105,0.20133333333333334,0.08099999999999999,0.156,0.05066666666666668,0.10533333333333332,0.06533333333333335,0.08199999999999999,0.8766666666666666,0.035,0.10900000000000001,33.37133333333333,0.10066666666666667,0.19600000000000004,51.05133333333333,0.08099999999999999,0.11233333333333335,73.10266666666666,0.005333333333333333,0.03833333333333334,0.5106666666666667,0.014666666666666666,0.115,0.13533333333333333,0.08199999999999999,0.0,0.3789999999999999
76,79,2009-05-08,14,2,2008-2009,Saldanha,Assis,0,0.3636666666666667,0.12499999999999999,0.17533333333333337,0.06333333333333332,0.14866666666666667,0.05033333333333335,0.09833333333333333,0.06566666666666668,0.08833333333333335,0.7793333333333334,0.04166666666666667,0.13133333333333333,31.88666666666667,0.08766666666666668,0.17600000000000005,49.731333333333346,0.06333333333333332,0.105,60.68533333333334,0.01666666666666667,0.04700000000000001,0.5640000000000001,0.008666666666666666,0.111,0.08266666666666668,0.08833333333333335,0.0,0.3256666666666666,0.36033333333333334,0.10099999999999999,0.16999999999999998,0.08933333333333333,0.14533333333333331,0.03866666666666667,0.10666666666666666,0.061000000000000026,0.06566666666666668,1.0299999999999998,0.03366666666666667,0.10733333333333332,32.08266666666667,0.08499999999999999,0.16933333333333334,49.80133333333333,0.08933333333333333,0.12366666666666666,73.50733333333332,0.007666666666666667,0.028666666666666677,0.47400000000000003,0.018000000000000002,0.107,0.18133333333333332,0.06566666666666668,0.0,0.3553333333333333
84,80,2009-05-13,15,2,2008-2009,Flamengo,Minas,1,0.4596666666666667,0.14,0.21666666666666665,0.103,0.1743333333333333,0.04266666666666667,0.13166666666666668,0.09333333333333335,0.06833333333333334,1.4373333333333334,0.046666666666666676,0.12700000000000003,36.836000000000006,0.10833333333333332,0.181,60.179333333333325,0.103,0.13566666666666666,77.83133333333333,0.009,0.04500000000000001,0.678,0.011333333333333332,0.10200000000000001,0.11266666666666668,0.06833333333333334,0.0,0.5296666666666668,0.4399999999999999,0.12000000000000001,0.234,0.086,0.17466666666666666,0.047333333333333345,0.12733333333333335,0.09200000000000001,0.082,1.1686666666666665,0.04000000000000001,0.10333333333333333,38.534666666666666,0.117,0.19933333333333333,59.19266666666666,0.086,0.11966666666666664,72.07666666666667,0.005666666666666666,0.03766666666666667,0.4666666666666667,0.01733333333333333,0.088,0.19866666666666666,0.082,0.0,0.5003333333333333
93,96,2009-05-13,15,2,2008-2009,Paulistano,Pinheiros,0,0.3929999999999999,0.105,0.20133333333333336,0.08666666666666668,0.15499999999999994,0.05100000000000001,0.10400000000000001,0.0676666666666667,0.08466666666666665,0.8786666666666665,0.035,0.10500000000000001,34.62133333333333,0.10066666666666668,0.19666666666666668,50.866,0.08666666666666668,0.12100000000000002,72.24733333333333,0.005333333333333332,0.03666666666666667,0.4806666666666667,0.015000000000000001,0.11433333333333334,0.13799999999999998,0.08466666666666665,0.0,0.38233333333333336,0.4433333333333333,0.132,0.222,0.08933333333333335,0.16000000000000003,0.044666666666666674,0.11533333333333333,0.08033333333333334,0.06466666666666666,1.326,0.04400000000000001,0.11600000000000002,38.681999999999995,0.111,0.193,57.52266666666666,0.08933333333333335,0.11733333333333335,76.23666666666668,0.017,0.04333333333333334,0.6906666666666667,0.010333333333333335,0.08866666666666666,0.11333333333333331,0.06466666666666666,0.0,0.4906666666666667
82,74,2009-05-13,15,2,2008-2009,Limeira,Coop/São José Basketball,1,0.4353333333333334,0.13500000000000004,0.212,0.08833333333333336,0.14733333333333334,0.038000000000000006,0.10933333333333332,0.08700000000000001,0.06866666666666668,1.3126666666666664,0.045000000000000005,0.12133333333333333,37.62800000000001,0.106,0.18566666666666667,56.98533333333333,0.08833333333333336,0.119,74.13133333333333,0.015333333333333334,0.04533333333333333,0.6886666666666666,0.018666666666666668,0.10500000000000001,0.18733333333333332,0.06866666666666668,0.0,0.47833333333333333,0.3796666666666667,0.112,0.19466666666666668,0.073,0.1633333333333333,0.05566666666666667,0.10766666666666665,0.06000000000000001,0.07400000000000001,0.8773333333333333,0.03733333333333334,0.11800000000000001,31.137999999999998,0.09733333333333334,0.193,51.31066666666667,0.073,0.10099999999999999,71.84933333333333,0.005666666666666667,0.03200000000000001,0.45133333333333336,0.009000000000000001,0.11300000000000002,0.09,0.07400000000000001,0.0,0.36566666666666664
79,69,2009-05-13,15,2,2008-2009,Espírito Santo,Saldanha,1,0.3716666666666667,0.1,0.19266666666666665,0.079,0.14333333333333328,0.039000000000000014,0.10433333333333333,0.06566666666666668,0.07766666666666668,0.9753333333333335,0.03333333333333334,0.1,34.10066666666666,0.09633333333333333,0.1823333333333333,52.94466666666666,0.079,0.11933333333333335,64.48733333333332,0.006000000000000002,0.04233333333333334,0.588,0.007666666666666665,0.10466666666666666,0.07333333333333332,0.07766666666666668,0.0,0.36000000000000004,0.36166666666666664,0.12299999999999998,0.1726666666666667,0.066,0.147,0.05033333333333334,0.09666666666666665,0.06433333333333334,0.087,0.786,0.04100000000000001,0.13133333333333333,31.307333333333336,0.08633333333333335,0.17733333333333334,48.620000000000005,0.066,0.10833333333333334,61.38133333333335,0.015666666666666666,0.04666666666666667,0.5653333333333332,0.009333333333333334,0.10833333333333335,0.09066666666666667,0.087,0.0,0.3183333333333333
95,70,2009-05-13,15,2,2008-2009,Sesi Franca,Araraquara,1,0.4109999999999999,0.106,0.21600000000000005,0.089,0.14833333333333332,0.045333333333333344,0.10300000000000002,0.082,0.068,1.3299999999999998,0.035333333333333335,0.10300000000000001,36.184,0.10800000000000003,0.21066666666666667,50.855333333333334,0.089,0.111,79.81933333333333,0.003999999999999999,0.04366666666666668,0.6926666666666667,0.010000000000000002,0.11766666666666671,0.08666666666666667,0.068,0.0,0.43466666666666665,0.3749999999999999,0.11900000000000002,0.18066666666666667,0.07533333333333332,0.13533333333333333,0.03500000000000001,0.10033333333333334,0.074,0.08733333333333332,0.896,0.039666666666666676,0.11633333333333334,34.28133333333333,0.09033333333333333,0.178,51.32133333333333,0.07533333333333332,0.10199999999999997,72.61333333333332,0.012,0.04300000000000001,0.5306666666666667,0.015333333333333332,0.11733333333333335,0.14533333333333331,0.08733333333333332,0.0,0.3643333333333333
63,72,2009-05-13,15,2,2008-2009,Lajeado,Joinville,0,0.36900000000000005,0.10600000000000001,0.194,0.06899999999999999,0.12666666666666665,0.035333333333333335,0.09133333333333334,0.063,0.058000000000000024,1.2,0.03533333333333333,0.10500000000000001,32.92066666666666,0.097,0.18999999999999997,51.751999999999995,0.06899999999999999,0.09733333333333333,68.38333333333334,0.001,0.033,0.616,0.004666666666666667,0.10700000000000001,0.04400000000000001,0.058000000000000024,0.0,0.34733333333333327,0.4236666666666665,0.151,0.18866666666666665,0.084,0.15666666666666668,0.044666666666666674,0.112,0.07566666666666667,0.06966666666666668,1.2193333333333336,0.05033333333333334,0.13733333333333334,37.01933333333333,0.09433333333333332,0.17600000000000002,53.534,0.084,0.11900000000000002,71.26133333333333,0.009333333333333334,0.04500000000000001,0.7006666666666668,0.014000000000000002,0.10566666666666667,0.13933333333333336,0.06966666666666668,0.0,0.4416666666666667
88,68,2009-05-13,15,2,2008-2009,Bauru Basket,Assis,1,0.4256666666666667,0.13799999999999998,0.2066666666666666,0.08099999999999999,0.15466666666666667,0.05433333333333333,0.10033333333333334,0.06933333333333334,0.04633333333333335,1.7979999999999998,0.046,0.11833333333333332,38.30466666666667,0.1033333333333333,0.19266666666666668,53.720666666666666,0.08099999999999999,0.11233333333333334,71.75733333333332,0.009333333333333334,0.04000000000000001,0.9993333333333332,0.008333333333333333,0.09499999999999999,0.08933333333333333,0.04633333333333335,0.0,0.4586666666666667,0.36566666666666664,0.108,0.1713333333333333,0.08633333333333333,0.145,0.03966666666666667,0.10533333333333333,0.060000000000000026,0.06666666666666668,0.9913333333333333,0.036000000000000004,0.10533333333333332,34.65733333333334,0.08566666666666665,0.17066666666666666,49.81466666666667,0.08633333333333333,0.12199999999999998,71.87133333333333,0.008666666666666666,0.027666666666666676,0.4406666666666667,0.017666666666666664,0.10766666666666667,0.17733333333333334,0.06666666666666668,0.0,0.35933333333333334
87,77,2009-05-15,1,4,2008-2009,Limeira,Joinville,1,0.43566666666666676,0.134,0.214,0.08766666666666668,0.14966666666666664,0.03833333333333334,0.11133333333333333,0.08933333333333333,0.06666666666666667,1.379333333333333,0.04466666666666667,0.12466666666666668,36.78,0.107,0.18533333333333335,57.724000000000004,0.08766666666666668,0.11733333333333335,75.05866666666665,0.01566666666666667,0.046,0.7113333333333334,0.018666666666666668,0.10166666666666667,0.19466666666666665,0.06666666666666667,0.0,0.48466666666666663,0.4183333333333332,0.151,0.186,0.08133333333333333,0.15899999999999997,0.04600000000000001,0.11299999999999998,0.07733333333333332,0.07066666666666668,1.2266666666666666,0.050333333333333334,0.13866666666666666,36.54800000000001,0.093,0.17600000000000002,52.831999999999994,0.08133333333333333,0.11400000000000002,71.92799999999998,0.009000000000000001,0.046333333333333344,0.7106666666666667,0.015000000000000005,0.10266666666666668,0.15800000000000003,0.07066666666666668,0.0,0.44133333333333336
87,92,2009-05-16,1,4,2008-2009,Pinheiros,Flamengo,0,0.44333333333333336,0.13,0.22133333333333335,0.09200000000000001,0.16066666666666668,0.045333333333333344,0.11533333333333333,0.08133333333333331,0.06566666666666668,1.3226666666666667,0.043333333333333335,0.11466666666666667,38.65133333333333,0.11066666666666668,0.19499999999999995,56.782000000000004,0.09200000000000001,0.12033333333333335,76.41333333333334,0.017000000000000005,0.04233333333333334,0.6693333333333334,0.011000000000000003,0.09,0.11866666666666666,0.06566666666666668,0.0,0.489,0.4566666666666667,0.13899999999999998,0.214,0.10366666666666666,0.1753333333333333,0.04333333333333335,0.132,0.08933333333333335,0.067,1.408,0.046333333333333344,0.13033333333333336,35.66733333333333,0.107,0.17966666666666667,59.88599999999999,0.10366666666666666,0.13533333333333333,78.87666666666665,0.008666666666666665,0.04333333333333334,0.672,0.012,0.10066666666666667,0.12266666666666667,0.067,0.0,0.5213333333333335
79,83,2009-05-17,1,4,2008-2009,Bauru Basket,Minas,0,0.42433333333333334,0.141,0.2046666666666667,0.07866666666666666,0.15433333333333332,0.054000000000000006,0.10033333333333336,0.06966666666666668,0.04400000000000002,1.8573333333333333,0.04700000000000001,0.11899999999999998,38.961333333333336,0.10233333333333335,0.19233333333333336,53.282000000000004,0.07866666666666666,0.10900000000000001,72.20599999999999,0.009666666666666665,0.03766666666666667,0.9793333333333333,0.007666666666666667,0.09633333333333334,0.08133333333333333,0.04400000000000002,0.0,0.4573333333333334,0.4346666666666667,0.11899999999999998,0.23200000000000007,0.08366666666666665,0.17866666666666664,0.047333333333333345,0.13133333333333336,0.09266666666666667,0.08133333333333333,1.182,0.03966666666666667,0.10533333333333332,37.812666666666665,0.11600000000000003,0.19866666666666666,58.87666666666666,0.08366666666666665,0.11533333333333332,72.61333333333333,0.006333333333333332,0.035,0.44266666666666665,0.015666666666666666,0.08866666666666666,0.17933333333333332,0.08133333333333333,0.0,0.49533333333333335
76,78,2009-05-17,1,4,2008-2009,Sesi Franca,Brasília,0,0.418,0.108,0.21933333333333332,0.09066666666666666,0.14966666666666664,0.044666666666666674,0.10500000000000001,0.084,0.06833333333333334,1.3546666666666667,0.036000000000000004,0.10200000000000002,37.478,0.10966666666666666,0.20933333333333337,51.986000000000004,0.09066666666666666,0.11566666666666667,78.74,0.003333333333333333,0.04433333333333334,0.7,0.010666666666666665,0.11866666666666668,0.09066666666666669,0.06833333333333334,0.0,0.44766666666666666,0.43799999999999994,0.112,0.22266666666666665,0.10333333333333332,0.15166666666666667,0.03533333333333333,0.11633333333333334,0.07766666666666668,0.07433333333333333,1.1886666666666668,0.03733333333333333,0.10733333333333332,35.87800000000001,0.11133333333333333,0.18266666666666664,60.86800000000001,0.10333333333333332,0.13433333333333333,76.46733333333333,0.012000000000000004,0.043000000000000003,0.6093333333333333,0.016666666666666666,0.11133333333333333,0.17,0.07433333333333333,0.0,0.48033333333333333
92,85,2009-05-18,2,4,2008-2009,Flamengo,Pinheiros,1,0.45866666666666667,0.13799999999999998,0.2153333333333333,0.10533333333333333,0.17333333333333334,0.04133333333333334,0.13200000000000003,0.08933333333333333,0.06466666666666668,1.4433333333333331,0.04600000000000001,0.13,35.489333333333335,0.10766666666666665,0.17766666666666667,60.974,0.10533333333333333,0.13899999999999998,77.756,0.007999999999999998,0.043666666666666666,0.6946666666666668,0.012666666666666666,0.10166666666666667,0.12866666666666668,0.06466666666666668,0.0,0.5253333333333335,0.4416666666666667,0.13500000000000004,0.21866666666666668,0.08800000000000001,0.15766666666666668,0.044666666666666674,0.11299999999999999,0.08233333333333334,0.06533333333333334,1.3459999999999999,0.045000000000000005,0.11766666666666667,39.05266666666667,0.10933333333333334,0.19433333333333333,56.26466666666666,0.08800000000000001,0.11466666666666667,76.34333333333333,0.016666666666666666,0.04300000000000002,0.6833333333333333,0.010000000000000002,0.092,0.10666666666666667,0.06533333333333334,0.0,0.485
85,75,2009-05-18,2,4,2008-2009,Joinville,Limeira,1,0.4113333333333333,0.154,0.17866666666666667,0.07866666666666666,0.15666666666666668,0.045333333333333344,0.11133333333333333,0.07999999999999999,0.06800000000000002,1.2719999999999998,0.051333333333333335,0.13933333333333334,37.06733333333333,0.08933333333333333,0.1733333333333333,51.39266666666666,0.07866666666666666,0.11166666666666668,71.31133333333334,0.008666666666666668,0.04466666666666668,0.7020000000000001,0.015000000000000005,0.09833333333333334,0.16,0.06800000000000002,0.0,0.4346666666666667,0.4316666666666667,0.128,0.21466666666666664,0.08900000000000001,0.15066666666666664,0.03866666666666667,0.112,0.08833333333333335,0.06666666666666668,1.3666666666666665,0.04266666666666667,0.12266666666666667,35.937999999999995,0.10733333333333332,0.18666666666666668,57.446000000000005,0.08900000000000001,0.11933333333333335,74.78599999999999,0.015333333333333336,0.047000000000000014,0.724,0.018000000000000002,0.101,0.19000000000000003,0.06666666666666668,0.0,0.4793333333333333
87,84,2009-05-19,3,4,2008-2009,Flamengo,Pinheiros,1,0.4543333333333333,0.14,0.21333333333333337,0.101,0.1726666666666667,0.03833333333333333,0.13433333333333336,0.088,0.06466666666666666,1.4233333333333333,0.046666666666666676,0.12933333333333336,36.12466666666667,0.10666666666666669,0.17633333333333334,60.914,0.101,0.13433333333333333,77.08533333333334,0.009666666666666665,0.04133333333333334,0.6586666666666668,0.012666666666666666,0.10133333333333334,0.12866666666666668,0.06466666666666666,0.0,0.5186666666666667,0.44299999999999995,0.136,0.21866666666666668,0.08833333333333335,0.16033333333333333,0.04666666666666667,0.11366666666666667,0.08233333333333334,0.06366666666666668,1.3913333333333333,0.04533333333333334,0.11733333333333333,39.334666666666664,0.10933333333333334,0.1983333333333333,55.34066666666666,0.08833333333333335,0.11566666666666667,75.912,0.017666666666666667,0.04100000000000001,0.6733333333333333,0.010000000000000002,0.094,0.10666666666666667,0.06366666666666668,0.0,0.4846666666666666
96,105,2009-05-19,2,4,2008-2009,Brasília,Sesi Franca,0,0.4356666666666666,0.116,0.21733333333333335,0.10233333333333335,0.15099999999999997,0.034,0.11699999999999999,0.07899999999999999,0.076,1.1913333333333336,0.03866666666666667,0.108,36.87199999999999,0.10866666666666668,0.1833333333333333,59.06666666666668,0.10233333333333335,0.13166666666666668,77.39,0.012000000000000004,0.04133333333333333,0.5813333333333333,0.016,0.11433333333333333,0.15533333333333335,0.076,0.0,0.4736666666666667,0.4176666666666666,0.113,0.21200000000000002,0.09266666666666666,0.14666666666666667,0.04300000000000001,0.1036666666666667,0.083,0.06466666666666668,1.394,0.03766666666666667,0.10533333333333333,38.14333333333334,0.10600000000000001,0.20500000000000002,51.239333333333335,0.09266666666666666,0.12000000000000001,77.69133333333335,0.003666666666666666,0.04333333333333334,0.7213333333333334,0.011000000000000001,0.11800000000000002,0.09466666666666668,0.06466666666666668,0.0,0.443
74,47,2009-05-19,2,4,2008-2009,Minas,Bauru Basket,1,0.43200000000000005,0.12099999999999998,0.22600000000000003,0.08499999999999998,0.17399999999999996,0.045000000000000005,0.129,0.09200000000000001,0.077,1.312,0.04033333333333333,0.10733333333333332,37.64,0.11300000000000002,0.19499999999999998,58.36999999999998,0.08499999999999998,0.11599999999999998,73.44866666666668,0.006333333333333332,0.036333333333333336,0.5173333333333333,0.016,0.08866666666666667,0.18266666666666667,0.077,0.0,0.49333333333333323,0.425,0.146,0.20066666666666666,0.07833333333333334,0.15633333333333332,0.054666666666666676,0.10166666666666667,0.07000000000000002,0.04400000000000001,1.8653333333333335,0.04866666666666668,0.12000000000000001,40.23666666666667,0.10033333333333333,0.193,52.11466666666667,0.07833333333333334,0.10866666666666668,72.136,0.009333333333333334,0.03633333333333334,0.9460000000000001,0.006666666666666668,0.095,0.07200000000000001,0.04400000000000001,0.0,0.45600000000000007
77,63,2009-05-19,3,4,2008-2009,Joinville,Limeira,1,0.412,0.153,0.18066666666666667,0.07833333333333334,0.161,0.04700000000000001,0.114,0.07866666666666666,0.07,1.222,0.051000000000000004,0.13733333333333336,37.314,0.09033333333333333,0.177,50.87866666666667,0.07833333333333334,0.10966666666666666,72.16066666666667,0.008333333333333335,0.04400000000000001,0.678,0.015000000000000005,0.09966666666666667,0.15866666666666665,0.07,0.0,0.43633333333333335,0.42100000000000004,0.12700000000000003,0.20933333333333337,0.08466666666666667,0.14866666666666667,0.037,0.11166666666666666,0.08666666666666667,0.06666666666666667,1.3433333333333335,0.042333333333333334,0.12433333333333332,35.254666666666665,0.10466666666666669,0.18333333333333338,57.092000000000006,0.08466666666666667,0.113,74.95133333333335,0.014000000000000002,0.04333333333333334,0.6713333333333332,0.018666666666666668,0.09966666666666667,0.1966666666666667,0.06666666666666667,0.0,0.4626666666666666
75,74,2009-05-20,3,4,2008-2009,Minas,Bauru Basket,1,0.4246666666666667,0.11299999999999999,0.22933333333333333,0.08233333333333333,0.17633333333333331,0.044000000000000004,0.13233333333333333,0.08833333333333333,0.07733333333333332,1.2453333333333334,0.03766666666666667,0.10533333333333335,36.059999999999995,0.11466666666666667,0.19333333333333333,59.61466666666665,0.08233333333333333,0.11099999999999999,74.17133333333335,0.006,0.035,0.49333333333333323,0.016,0.08700000000000001,0.18400000000000002,0.07733333333333332,0.0,0.48800000000000004,0.4073333333333334,0.143,0.19466666666666668,0.06966666666666667,0.156,0.05400000000000001,0.10200000000000004,0.06866666666666668,0.04400000000000001,1.832,0.04766666666666668,0.11899999999999998,39.74266666666667,0.09733333333333334,0.196,49.86333333333334,0.06966666666666667,0.09833333333333334,71.61200000000001,0.009000000000000001,0.03600000000000001,0.9380000000000002,0.006000000000000001,0.09233333333333335,0.068,0.04400000000000001,0.0,0.4313333333333334
76,66,2009-05-20,3,4,2008-2009,Brasília,Sesi Franca,1,0.43899999999999995,0.115,0.22266666666666668,0.10133333333333333,0.15433333333333332,0.03766666666666667,0.11666666666666667,0.078,0.07666666666666667,1.170666666666667,0.03833333333333334,0.11200000000000002,35.434666666666665,0.11133333333333334,0.19033333333333333,58.68533333333334,0.10133333333333333,0.13066666666666668,77.23133333333334,0.011666666666666669,0.042666666666666665,0.5946666666666667,0.016,0.11666666666666667,0.1526666666666667,0.07666666666666667,0.0,0.47133333333333327,0.42066666666666663,0.116,0.20933333333333334,0.09533333333333333,0.14600000000000002,0.04033333333333333,0.10566666666666666,0.07966666666666668,0.06366666666666668,1.3620000000000003,0.038666666666666676,0.11066666666666668,35.820000000000014,0.10466666666666667,0.20433333333333334,50.81666666666668,0.09533333333333333,0.12366666666666666,77.48066666666666,0.003333333333333333,0.04333333333333334,0.7306666666666667,0.011333333333333336,0.11966666666666667,0.09666666666666668,0.06366666666666668,0.0,0.43733333333333335
89,95,2009-05-21,4,4,2008-2009,Limeira,Joinville,0,0.41300000000000003,0.13,0.20133333333333336,0.08166666666666665,0.14633333333333334,0.036000000000000004,0.11033333333333335,0.08766666666666668,0.06733333333333331,1.346666666666667,0.043333333333333335,0.126,35.796,0.10066666666666668,0.18000000000000005,55.98066666666667,0.08166666666666665,0.11000000000000001,74.05133333333333,0.013333333333333336,0.04400000000000001,0.6759999999999999,0.019333333333333334,0.09933333333333332,0.20466666666666672,0.06733333333333331,0.0,0.4526666666666666,0.41433333333333333,0.157,0.17933333333333332,0.07800000000000001,0.16500000000000004,0.04833333333333334,0.11666666666666665,0.08066666666666666,0.07333333333333333,1.1793333333333333,0.05233333333333334,0.13533333333333336,38.742,0.08966666666666666,0.178,50.232,0.07800000000000001,0.10600000000000001,73.77133333333333,0.008333333333333333,0.04200000000000001,0.5906666666666667,0.015333333333333336,0.09833333333333334,0.164,0.07333333333333333,0.0,0.44466666666666665
74,73,2009-05-22,4,4,2008-2009,Sesi Franca,Brasília,1,0.41333333333333333,0.117,0.20266666666666666,0.09366666666666665,0.14733333333333334,0.04133333333333334,0.106,0.076,0.06433333333333333,1.2880000000000003,0.03900000000000001,0.11266666666666668,35.59866666666667,0.10133333333333333,0.20433333333333334,49.266,0.09366666666666665,0.12200000000000001,77.19333333333334,0.0023333333333333335,0.04100000000000001,0.6819999999999998,0.011333333333333336,0.12300000000000001,0.09533333333333334,0.06433333333333333,0.0,0.4196666666666666,0.432,0.10999999999999997,0.22333333333333336,0.09866666666666668,0.1593333333333333,0.03866666666666667,0.12066666666666666,0.07833333333333332,0.07966666666666668,1.1440000000000003,0.03666666666666666,0.11033333333333335,33.58266666666667,0.11166666666666668,0.192,58.28333333333334,0.09866666666666668,0.13,75.73933333333335,0.011000000000000003,0.043666666666666666,0.5913333333333334,0.016666666666666666,0.11599999999999998,0.158,0.07966666666666668,0.0,0.46499999999999997
64,59,2009-05-24,5,4,2008-2009,Brasília,Sesi Franca,1,0.42499999999999993,0.11399999999999998,0.21800000000000003,0.09300000000000001,0.16399999999999998,0.04200000000000001,0.12199999999999998,0.07666666666666666,0.07933333333333333,1.1273333333333333,0.038,0.11066666666666668,34.81066666666666,0.10900000000000001,0.193,56.384,0.09300000000000001,0.12400000000000001,75.224,0.010333333333333335,0.04166666666666667,0.5673333333333334,0.018,0.11299999999999999,0.17200000000000001,0.07933333333333333,0.0,0.4583333333333333,0.41433333333333333,0.11899999999999998,0.202,0.09333333333333332,0.14666666666666667,0.042,0.10466666666666667,0.07766666666666665,0.06366666666666666,1.3386666666666671,0.03966666666666667,0.11266666666666668,36.178,0.101,0.204,49.18866666666667,0.09333333333333332,0.12099999999999998,77.78600000000002,0.0026666666666666666,0.04000000000000001,0.6759999999999998,0.012333333333333335,0.12066666666666667,0.10800000000000003,0.06366666666666666,0.0,0.42366666666666664
86,88,2009-05-26,1,5,2008-2009,Joinville,Flamengo,0,0.418,0.161,0.18,0.077,0.16500000000000004,0.04833333333333333,0.11666666666666665,0.08166666666666668,0.07233333333333333,1.2220000000000002,0.05366666666666668,0.13366666666666668,40.31733333333333,0.09,0.18066666666666667,49.734,0.077,0.10266666666666666,74.69866666666667,0.007666666666666667,0.03900000000000001,0.5539999999999999,0.015000000000000003,0.09766666666666667,0.162,0.07233333333333333,0.0,0.45,0.45799999999999996,0.14,0.21533333333333335,0.10266666666666667,0.17200000000000004,0.03866666666666667,0.13333333333333333,0.088,0.06533333333333334,1.416,0.046666666666666676,0.12600000000000003,36.918000000000006,0.10766666666666667,0.1796666666666667,60.46933333333334,0.10266666666666667,0.13633333333333333,76.99266666666666,0.010333333333333335,0.04266666666666667,0.6720000000000002,0.012,0.09900000000000002,0.12333333333333334,0.06533333333333334,0.0,0.5223333333333333
91,78,2009-05-27,1,5,2008-2009,Minas,Brasília,1,0.42200000000000004,0.115,0.22599999999999998,0.08099999999999999,0.17633333333333334,0.04366666666666667,0.13266666666666665,0.087,0.07766666666666665,1.2186666666666668,0.03833333333333334,0.10699999999999998,36.19333333333334,0.11299999999999999,0.19333333333333333,58.66266666666665,0.08099999999999999,0.10899999999999999,74.43666666666668,0.006,0.03433333333333333,0.48066666666666663,0.013333333333333334,0.08566666666666668,0.1553333333333333,0.07766666666666665,0.0,0.47833333333333333,0.42066666666666663,0.112,0.21599999999999994,0.09266666666666667,0.16733333333333336,0.045333333333333344,0.12199999999999998,0.07533333333333332,0.08033333333333333,1.096,0.037333333333333336,0.11100000000000003,34.18266666666666,0.10799999999999997,0.19466666666666665,55.28066666666667,0.09266666666666667,0.12200000000000003,76.24666666666667,0.010666666666666666,0.04566666666666667,0.6173333333333333,0.018333333333333333,0.11366666666666665,0.1733333333333333,0.08033333333333333,0.0,0.45733333333333337
92,86,2009-05-29,2,5,2008-2009,Flamengo,Joinville,1,0.45699999999999996,0.141,0.21600000000000003,0.10000000000000002,0.17033333333333334,0.036000000000000004,0.13433333333333333,0.08866666666666667,0.06566666666666666,1.4200000000000002,0.04700000000000001,0.12600000000000003,37.165333333333336,0.10800000000000001,0.17733333333333334,61.548666666666676,0.10000000000000002,0.12933333333333336,78.76533333333333,0.011000000000000003,0.04233333333333334,0.6633333333333336,0.010000000000000002,0.09766666666666667,0.10400000000000001,0.06566666666666666,0.0,0.525,0.4169999999999999,0.16,0.17933333333333337,0.07766666666666668,0.16599999999999998,0.04533333333333334,0.12066666666666666,0.084,0.07133333333333333,1.2786666666666666,0.05333333333333334,0.13466666666666666,39.894666666666666,0.08966666666666669,0.17899999999999996,50.06533333333334,0.07766666666666668,0.10333333333333333,75.05600000000001,0.008,0.03966666666666667,0.572,0.014000000000000002,0.09800000000000002,0.1506666666666667,0.07133333333333333,0.0,0.453
103,76,2009-05-30,2,5,2008-2009,Brasília,Minas,1,0.41833333333333333,0.115,0.21266666666666667,0.09066666666666666,0.16466666666666668,0.04333333333333334,0.12133333333333332,0.07333333333333332,0.08199999999999999,1.0339999999999998,0.03833333333333334,0.11366666666666667,34.230000000000004,0.10633333333333334,0.18966666666666665,55.88866666666667,0.09066666666666666,0.11900000000000002,76.59666666666665,0.009333333333333334,0.043000000000000003,0.5573333333333333,0.018333333333333333,0.11433333333333333,0.17200000000000001,0.08199999999999999,0.0,0.4486666666666667,0.41566666666666674,0.115,0.21866666666666668,0.08199999999999999,0.17400000000000002,0.04066666666666667,0.13333333333333333,0.0893333333333333,0.07433333333333333,1.4146666666666667,0.03833333333333334,0.107,36.193333333333335,0.10933333333333334,0.19166666666666668,57.34799999999999,0.08199999999999999,0.10933333333333334,75.07666666666668,0.005666666666666666,0.034333333333333334,0.5253333333333333,0.012000000000000004,0.08433333333333334,0.14266666666666666,0.07433333333333333,0.0,0.4726666666666666
109,94,2009-05-30,3,5,2008-2009,Flamengo,Joinville,1,0.4523333333333333,0.136,0.214,0.10233333333333335,0.172,0.03666666666666667,0.13533333333333336,0.08766666666666666,0.069,1.372,0.04533333333333334,0.12500000000000006,36.12266666666667,0.107,0.1753333333333333,61.628000000000014,0.10233333333333335,0.13233333333333333,78.59933333333332,0.011333333333333336,0.04366666666666667,0.6626666666666668,0.009666666666666667,0.09533333333333333,0.10066666666666665,0.069,0.0,0.5183333333333332,0.42199999999999993,0.16400000000000003,0.18666666666666665,0.07133333333333333,0.1653333333333333,0.045666666666666675,0.11966666666666664,0.08433333333333333,0.07066666666666667,1.29,0.05466666666666667,0.13533333333333336,40.59799999999999,0.09333333333333332,0.18366666666666667,50.758,0.07133333333333333,0.09433333333333334,73.34733333333334,0.007666666666666666,0.041666666666666664,0.6013333333333333,0.014333333333333333,0.09900000000000002,0.15200000000000002,0.07066666666666667,0.0,0.46299999999999997
89,79,2009-05-31,3,5,2008-2009,Brasília,Minas,1,0.426,0.11899999999999998,0.21266666666666664,0.09433333333333332,0.164,0.042,0.12200000000000001,0.07600000000000001,0.08099999999999999,1.097333333333333,0.03966666666666666,0.11400000000000003,35.268666666666675,0.10633333333333332,0.19099999999999998,55.443999999999996,0.09433333333333332,0.12266666666666669,77.30666666666666,0.008333333333333333,0.042333333333333334,0.5586666666666666,0.019,0.11699999999999999,0.17333333333333334,0.08099999999999999,0.0,0.45899999999999996,0.4130000000000001,0.10799999999999997,0.22333333333333333,0.08166666666666665,0.1696666666666667,0.04033333333333334,0.12933333333333333,0.08799999999999998,0.07366666666666667,1.4033333333333333,0.036000000000000004,0.10533333333333332,34.23866666666667,0.11166666666666666,0.19733333333333333,56.81133333333333,0.08166666666666665,0.11033333333333332,74.18466666666669,0.006333333333333332,0.035,0.5359999999999999,0.012333333333333337,0.08499999999999999,0.1446666666666667,0.07366666666666667,0.0,0.4606666666666666
90,101,2009-06-02,4,5,2008-2009,Minas,Brasília,0,0.41300000000000003,0.107,0.22400000000000003,0.082,0.16566666666666668,0.03833333333333334,0.12733333333333333,0.08866666666666666,0.074,1.4086666666666667,0.035666666666666666,0.10633333333333335,33.61133333333334,0.11200000000000002,0.1963333333333333,57.34733333333334,0.082,0.11299999999999999,72.952,0.006333333333333333,0.035666666666666666,0.5433333333333332,0.011666666666666669,0.08866666666666667,0.13333333333333333,0.074,0.0,0.4546666666666666,0.42433333333333334,0.11999999999999998,0.2073333333333333,0.097,0.16299999999999995,0.04166666666666667,0.12133333333333333,0.07433333333333335,0.081,1.0693333333333332,0.04,0.11266666666666669,35.93533333333334,0.10366666666666664,0.18833333333333335,54.92066666666667,0.097,0.12466666666666666,78.012,0.007333333333333334,0.04266666666666667,0.5646666666666668,0.018333333333333333,0.11999999999999998,0.16000000000000003,0.081,0.0,0.45666666666666667
74,81,2009-06-11,1,6,2008-2009,Brasília,Flamengo,0,0.41933333333333334,0.116,0.204,0.09933333333333333,0.164,0.04266666666666667,0.12133333333333332,0.07300000000000001,0.08133333333333333,1.0453333333333332,0.03866666666666667,0.11200000000000002,34.73800000000001,0.102,0.18833333333333332,54.066,0.09933333333333333,0.128,77.85866666666666,0.006333333333333334,0.04233333333333334,0.5573333333333335,0.018333333333333333,0.12033333333333335,0.15933333333333335,0.08133333333333333,0.0,0.44733333333333325,0.456,0.142,0.20933333333333337,0.10466666666666669,0.17466666666666664,0.03666666666666667,0.138,0.08933333333333332,0.06999999999999999,1.3646666666666667,0.04733333333333334,0.12633333333333335,37.114000000000004,0.10466666666666669,0.17566666666666667,60.14333333333334,0.10466666666666669,0.13833333333333334,76.62000000000002,0.011000000000000003,0.04500000000000001,0.6793333333333335,0.008666666666666666,0.09199999999999998,0.09266666666666665,0.06999999999999999,0.0,0.52
71,81,2009-06-13,2,6,2008-2009,Flamengo,Brasília,0,0.44966666666666666,0.13499999999999998,0.21133333333333332,0.10333333333333332,0.17233333333333334,0.036333333333333336,0.136,0.089,0.068,1.3906666666666667,0.045000000000000005,0.127,35.32066666666666,0.10566666666666666,0.17766666666666667,60.01733333333334,0.10333333333333332,0.137,76.34200000000001,0.012000000000000004,0.047333333333333345,0.7360000000000001,0.008666666666666666,0.09166666666666665,0.09333333333333334,0.068,0.0,0.5113333333333333,0.418,0.11699999999999999,0.19933333333333333,0.10166666666666666,0.16666666666666666,0.04166666666666667,0.125,0.07066666666666667,0.08,1.0313333333333332,0.03900000000000001,0.11833333333333336,33.02066666666667,0.09966666666666667,0.18400000000000002,54.05533333333334,0.10166666666666666,0.13099999999999998,77.838,0.005666666666666667,0.04233333333333334,0.5606666666666666,0.018000000000000002,0.12066666666666667,0.15600000000000003,0.08,0.0,0.4426666666666666
99,78,2009-06-14,3,6,2008-2009,Flamengo,Brasília,1,0.44333333333333336,0.12799999999999997,0.2126666666666667,0.10266666666666667,0.17099999999999996,0.03866666666666667,0.13233333333333333,0.08733333333333333,0.06766666666666667,1.3706666666666663,0.04266666666666666,0.12733333333333333,33.67333333333333,0.10633333333333335,0.1833333333333333,58.50266666666667,0.10266666666666667,0.137,75.76266666666668,0.012333333333333337,0.04666666666666667,0.728,0.009000000000000001,0.09266666666666666,0.09666666666666668,0.06766666666666667,0.0,0.49366666666666664,0.42066666666666663,0.11699999999999999,0.2026666666666667,0.10099999999999999,0.17133333333333337,0.04300000000000001,0.12833333333333333,0.07166666666666667,0.07933333333333333,1.044,0.03900000000000001,0.11866666666666668,32.900000000000006,0.10133333333333334,0.184,55.13,0.10099999999999999,0.13066666666666665,77.44866666666667,0.005333333333333334,0.03933333333333334,0.5353333333333334,0.017,0.12300000000000001,0.14333333333333334,0.07933333333333333,0.0,0.4486666666666666
82,78,2009-06-21,4,6,2008-2009,Brasília,Flamengo,1,0.41933333333333334,0.11299999999999998,0.20200000000000004,0.10433333333333332,0.17300000000000001,0.044666666666666674,0.12833333333333333,0.07300000000000001,0.07899999999999999,1.0653333333333332,0.03766666666666667,0.11733333333333336,32.10733333333334,0.10100000000000002,0.183,55.219333333333346,0.10433333333333332,0.13633333333333333,77.25200000000001,0.006333333333333334,0.03766666666666667,0.5153333333333333,0.017,0.12766666666666668,0.138,0.07899999999999999,0.0,0.44733333333333325,0.4433333333333334,0.13099999999999998,0.20533333333333337,0.10700000000000001,0.16666666666666663,0.03800000000000001,0.12866666666666665,0.08266666666666667,0.066,1.346666666666667,0.043666666666666666,0.12866666666666665,34.016000000000005,0.10266666666666668,0.182,56.995333333333335,0.10700000000000001,0.143,75.586,0.010666666666666668,0.04600000000000001,0.7373333333333333,0.009000000000000001,0.09966666666666665,0.08933333333333333,0.066,0.0,0.4813333333333334
76,68,2009-06-28,5,6,2008-2009,Flamengo,Brasília,1,0.4396666666666667,0.12999999999999998,0.2013333333333334,0.10833333333333334,0.16966666666666666,0.041000000000000016,0.12866666666666665,0.07833333333333334,0.06733333333333333,1.2526666666666666,0.043333333333333335,0.13299999999999998,32.99333333333333,0.1006666666666667,0.18033333333333335,56.42600000000001,0.10833333333333334,0.14266666666666664,76.77333333333333,0.010000000000000002,0.043666666666666666,0.6793333333333333,0.009000000000000003,0.10033333333333333,0.08866666666666669,0.06733333333333333,0.0,0.4693333333333334,0.41600000000000004,0.10499999999999997,0.21,0.10099999999999999,0.178,0.046333333333333344,0.13166666666666668,0.07466666666666667,0.07833333333333334,1.0946666666666667,0.035,0.11500000000000002,30.61533333333334,0.105,0.18766666666666668,55.85933333333334,0.10099999999999999,0.13366666666666666,76.22333333333333,0.006000000000000001,0.035666666666666666,0.494,0.017,0.12233333333333334,0.14066666666666666,0.07833333333333334,0.0,0.44766666666666666
92,98,2009-11-01,1,1,2009-2010,Pinheiros,Brasília,0,0.0,0.0,0.0,0.0,0.0,0.0,0.0,0.0,0.0,0.0,0.0,0.0,0.0,0.0,0.0,0.0,0.0,0.0,0.0,0.0,0.0,0.0,0.0,0.0,0.0,0.0,0.0,0.0,0.0,0.0,0.0,0.0,0.0,0.0,0.0,0.0,0.0,0.0,0.0,0.0,0.0,0.0,0.0,0.0,0.0,0.0,0.0,0.0,0.0,0.0,0.0,0.0,0.0,0.0,0.0,0.0
74,63,2009-11-01,1,1,2009-2010,Sesi Franca,Assis,1,0.0,0.0,0.0,0.0,0.0,0.0,0.0,0.0,0.0,0.0,0.0,0.0,0.0,0.0,0.0,0.0,0.0,0.0,0.0,0.0,0.0,0.0,0.0,0.0,0.0,0.0,0.0,0.0,0.0,0.0,0.0,0.0,0.0,0.0,0.0,0.0,0.0,0.0,0.0,0.0,0.0,0.0,0.0,0.0,0.0,0.0,0.0,0.0,0.0,0.0,0.0,0.0,0.0,0.0,0.0,0.0
85,88,2009-11-01,1,1,2009-2010,Paulistano,Minas,0,0.0,0.0,0.0,0.0,0.0,0.0,0.0,0.0,0.0,0.0,0.0,0.0,0.0,0.0,0.0,0.0,0.0,0.0,0.0,0.0,0.0,0.0,0.0,0.0,0.0,0.0,0.0,0.0,0.0,0.0,0.0,0.0,0.0,0.0,0.0,0.0,0.0,0.0,0.0,0.0,0.0,0.0,0.0,0.0,0.0,0.0,0.0,0.0,0.0,0.0,0.0,0.0,0.0,0.0,0.0,0.0
99,70,2009-11-01,1,1,2009-2010,Flamengo,Espírito Santo,1,0.0,0.0,0.0,0.0,0.0,0.0,0.0,0.0,0.0,0.0,0.0,0.0,0.0,0.0,0.0,0.0,0.0,0.0,0.0,0.0,0.0,0.0,0.0,0.0,0.0,0.0,0.0,0.0,0.0,0.0,0.0,0.0,0.0,0.0,0.0,0.0,0.0,0.0,0.0,0.0,0.0,0.0,0.0,0.0,0.0,0.0,0.0,0.0,0.0,0.0,0.0,0.0,0.0,0.0,0.0,0.0
108,76,2009-11-01,1,1,2009-2010,Joinville,Londrina,1,0.0,0.0,0.0,0.0,0.0,0.0,0.0,0.0,0.0,0.0,0.0,0.0,0.0,0.0,0.0,0.0,0.0,0.0,0.0,0.0,0.0,0.0,0.0,0.0,0.0,0.0,0.0,0.0,0.0,0.0,0.0,0.0,0.0,0.0,0.0,0.0,0.0,0.0,0.0,0.0,0.0,0.0,0.0,0.0,0.0,0.0,0.0,0.0,0.0,0.0,0.0,0.0,0.0,0.0,0.0,0.0
84,72,2009-11-01,1,1,2009-2010,Coop/São José Basketball,Saldanha,1,0.0,0.0,0.0,0.0,0.0,0.0,0.0,0.0,0.0,0.0,0.0,0.0,0.0,0.0,0.0,0.0,0.0,0.0,0.0,0.0,0.0,0.0,0.0,0.0,0.0,0.0,0.0,0.0,0.0,0.0,0.0,0.0,0.0,0.0,0.0,0.0,0.0,0.0,0.0,0.0,0.0,0.0,0.0,0.0,0.0,0.0,0.0,0.0,0.0,0.0,0.0,0.0,0.0,0.0,0.0,0.0
76,69,2009-11-01,1,1,2009-2010,Araraquara,Bauru Basket,1,0.0,0.0,0.0,0.0,0.0,0.0,0.0,0.0,0.0,0.0,0.0,0.0,0.0,0.0,0.0,0.0,0.0,0.0,0.0,0.0,0.0,0.0,0.0,0.0,0.0,0.0,0.0,0.0,0.0,0.0,0.0,0.0,0.0,0.0,0.0,0.0,0.0,0.0,0.0,0.0,0.0,0.0,0.0,0.0,0.0,0.0,0.0,0.0,0.0,0.0,0.0,0.0,0.0,0.0,0.0,0.0
72,69,2009-11-15,3,1,2009-2010,Joinville,Flamengo,1,0.54,0.15,0.32,0.07,0.165,0.075,0.09,0.095,0.06,1.58,0.05,0.115,43.48,0.16,0.25,64.0,0.07,0.09,77.78,0.025,0.05,0.83,0.015,0.105,0.14,0.06,0.02,0.63,0.495,0.195,0.2,0.1,0.15,0.035,0.115,0.065,0.055,1.18,0.065,0.12,54.17,0.1,0.165,60.61,0.1,0.13,76.92,0.005,0.06,1.09,0.005,0.08,0.06,0.055,0.01,0.57
88,64,2009-11-15,3,1,2009-2010,Bauru Basket,Assis,1,0.345,0.12,0.2,0.025,0.125,0.04,0.085,0.055,0.06,0.92,0.04,0.12,33.33,0.1,0.195,51.28,0.025,0.035,71.43,0.0,0.05,0.83,0.03,0.06,0.5,0.06,0.02,0.36,0.315,0.03,0.22,0.065,0.195,0.085,0.11,0.05,0.06,0.83,0.01,0.095,10.53,0.11,0.235,46.81,0.065,0.09,72.22,0.01,0.01,0.17,0.015,0.095,0.16,0.06,0.01,0.29
75,76,2009-11-15,3,1,2009-2010,Saldanha,Pinheiros,0,0.36,0.135,0.19,0.035,0.11,0.025,0.085,0.05,0.06,0.83,0.045,0.1,45.0,0.095,0.19,50.0,0.035,0.08,43.75,0.005,0.01,0.17,0.01,0.085,0.12,0.06,0.01,0.285,0.46,0.135,0.24,0.085,0.145,0.04,0.105,0.075,0.06,1.25,0.045,0.155,29.03,0.12,0.185,64.86,0.085,0.1,85.0,0.015,0.05,0.83,0.005,0.11,0.05,0.06,0.01,0.485
69,67,2009-11-15,3,1,2009-2010,Londrina,Coop/São José Basketball,1,0.38,0.045,0.26,0.075,0.105,0.045,0.06,0.07,0.075,0.93,0.015,0.07,21.43,0.13,0.23,56.52,0.075,0.115,65.22,0.0,0.015,0.2,0.03,0.075,0.4,0.075,0.015,0.33,0.42,0.15,0.21,0.06,0.155,0.075,0.08,0.125,0.05,2.5,0.05,0.165,30.3,0.105,0.145,72.41,0.06,0.095,63.16,0.01,0.025,0.5,0.005,0.095,0.05,0.05,0.0,0.49
88,80,2009-11-15,3,1,2009-2010,Brasília,Sesi Franca,1,0.49,0.165,0.24,0.085,0.145,0.04,0.105,0.11,0.09,1.22,0.055,0.105,52.38,0.12,0.22,54.55,0.085,0.11,77.27,0.03,0.035,0.39,0.005,0.095,0.05,0.09,0.025,0.52,0.37,0.06,0.26,0.05,0.16,0.05,0.11,0.1,0.015,6.67,0.02,0.095,21.05,0.13,0.23,56.52,0.05,0.085,58.82,0.0,0.015,1.0,0.02,0.085,0.24,0.015,0.0,0.44
54,52,2009-11-15,3,1,2009-2010,Espírito Santo,Paulistano,1,0.35,0.15,0.14,0.06,0.165,0.06,0.105,0.055,0.105,0.52,0.05,0.135,37.04,0.07,0.17,41.18,0.06,0.08,75.0,0.005,0.04,0.38,0.005,0.1,0.05,0.105,0.03,0.305,0.425,0.12,0.24,0.065,0.135,0.04,0.095,0.105,0.045,2.33,0.04,0.12,33.33,0.12,0.225,53.33,0.065,0.09,72.22,0.01,0.055,1.22,0.005,0.1,0.05,0.045,0.005,0.47
86,84,2009-11-20,4,1,2009-2010,Londrina,Flamengo,1,0.3625,0.0675,0.20500000000000002,0.09,0.1675,0.08,0.0875,0.07,0.08499999999999999,0.835,0.0225,0.0875,25.0,0.10250000000000001,0.22,46.115,0.09,0.12,74.61,0.0,0.025,0.28500000000000003,0.0225,0.08,0.29000000000000004,0.08499999999999999,0.0125,0.35,0.42,0.1575,0.16,0.10250000000000001,0.16,0.045,0.115,0.052500000000000005,0.0675,0.84,0.052500000000000005,0.125,42.47,0.08,0.155,50.995000000000005,0.10250000000000001,0.14750000000000002,70.28,0.01,0.06,0.92,0.0125,0.10250000000000001,0.11,0.0675,0.0125,0.44499999999999995
101,106,2009-11-22,4,1,2009-2010,Minas,Sesi Franca,0,0.44,0.18,0.2,0.06,0.195,0.085,0.11,0.105,0.09,1.17,0.06,0.115,52.17,0.1,0.215,46.51,0.06,0.095,63.16,0.005,0.015,0.17,0.0,0.08,0.0,0.09,0.02,0.46,0.385,0.135,0.20500000000000002,0.045,0.13,0.037500000000000006,0.0925,0.07250000000000001,0.04,3.6799999999999997,0.045000000000000005,0.115,36.45,0.10250000000000001,0.21000000000000002,47.995000000000005,0.045,0.07,65.775,0.0,0.035,0.925,0.0175,0.09,0.2,0.04,0.0075,0.39749999999999996
71,60,2009-11-22,4,1,2009-2010,Joinville,Coop/São José Basketball,1,0.45,0.12,0.235,0.095,0.18,0.08499999999999999,0.095,0.06,0.055,1.04,0.04,0.1375,31.115,0.1175,0.235,49.045,0.095,0.12,78.89,0.0125,0.037500000000000006,0.665,0.0075,0.11249999999999999,0.07,0.055,0.02,0.44,0.3775,0.0975,0.215,0.065,0.135,0.055,0.08,0.0975,0.060000000000000005,1.75,0.0325,0.1275,23.485,0.1075,0.15999999999999998,67.63499999999999,0.065,0.10500000000000001,62.015,0.0075,0.045,0.7150000000000001,0.005,0.10500000000000001,0.045,0.060000000000000005,0.0075,0.4125
74,71,2009-11-22,4,1,2009-2010,Saldanha,Paulistano,1,0.3675,0.1275,0.2,0.04,0.11499999999999999,0.037500000000000006,0.07750000000000001,0.0425,0.0625,0.685,0.042499999999999996,0.1,42.5,0.1,0.19,52.629999999999995,0.04,0.0875,45.56,0.0075,0.0275,0.43,0.01,0.08,0.125,0.0625,0.015,0.305,0.3425,0.0975,0.19,0.055,0.135,0.035,0.1,0.0775,0.0375,2.0,0.0325,0.11499999999999999,28.03,0.095,0.21250000000000002,44.165,0.055,0.08249999999999999,66.11,0.0075,0.0475,1.275,0.01,0.0975,0.10500000000000001,0.0375,0.0025,0.3475
96,75,2009-11-22,4,1,2009-2010,Brasília,Araraquara,1,0.46499999999999997,0.135,0.255,0.07500000000000001,0.16999999999999998,0.05500000000000001,0.11499999999999999,0.0975,0.08249999999999999,1.1749999999999998,0.045,0.11499999999999999,40.19,0.1275,0.215,59.42,0.07500000000000001,0.10250000000000001,72.845,0.0225,0.035,0.43,0.0225,0.08499999999999999,0.29000000000000004,0.08249999999999999,0.02,0.5225,0.38,0.135,0.2,0.045,0.125,0.035,0.09,0.075,0.06,1.25,0.045,0.125,36.0,0.1,0.155,64.52,0.045,0.055,81.82,0.01,0.05,0.83,0.015,0.055,0.27,0.06,0.01,0.44
81,76,2009-11-22,4,1,2009-2010,Espírito Santo,Pinheiros,1,0.31,0.075,0.15500000000000003,0.08,0.19,0.055,0.135,0.052500000000000005,0.11,0.475,0.025,0.10250000000000001,18.52,0.07750000000000001,0.1775,43.565,0.08,0.125,66.91,0.0075,0.035,0.32,0.015000000000000001,0.0975,0.155,0.11,0.0275,0.27,0.42000000000000004,0.165,0.19,0.065,0.135,0.04,0.095,0.057499999999999996,0.07,0.875,0.055,0.135,42.775000000000006,0.095,0.1775,53.019999999999996,0.065,0.085,74.64500000000001,0.0125,0.045,0.665,0.015000000000000001,0.095,0.18,0.07,0.02,0.42
62,60,2009-11-29,6,1,2009-2010,Paulistano,Londrina,1,0.3466666666666667,0.09999999999999999,0.19666666666666666,0.049999999999999996,0.1366666666666667,0.036666666666666674,0.10000000000000002,0.06666666666666667,0.03833333333333333,1.71,0.03333333333333333,0.13666666666666666,25.166666666666668,0.09833333333333333,0.19166666666666668,52.776666666666664,0.049999999999999996,0.08833333333333333,57.406666666666666,0.005,0.043333333333333335,1.1433333333333333,0.01,0.105,0.09666666666666668,0.03833333333333333,0.006666666666666667,0.33,0.385,0.11,0.18333333333333335,0.09166666666666667,0.16333333333333333,0.075,0.08833333333333333,0.07166666666666667,0.08333333333333333,0.87,0.03666666666666667,0.12,28.38,0.09166666666666667,0.205,44.076666666666675,0.09166666666666667,0.12166666666666666,75.07333333333334,0.0,0.03666666666666667,0.44,0.016666666666666666,0.08666666666666667,0.21000000000000005,0.08333333333333333,0.01,0.3633333333333333
84,91,2009-11-29,6,1,2009-2010,Assis,Brasília,0,0.3175,0.0375,0.2,0.08,0.155,0.0625,0.0925,0.0425,0.065,0.665,0.0125,0.0975,12.765,0.1,0.2025,49.875,0.08,0.12,67.775,0.0125,0.02,0.3,0.0075,0.0875,0.08,0.065,0.015,0.25,0.47,0.115,0.2733333333333334,0.08166666666666668,0.17333333333333334,0.05833333333333334,0.11499999999999999,0.09999999999999999,0.075,1.3666666666666665,0.03833333333333333,0.12166666666666666,32.96666666666666,0.1366666666666667,0.22999999999999998,59.48666666666667,0.08166666666666668,0.11333333333333334,72.02,0.023333333333333334,0.043333333333333335,0.62,0.021666666666666667,0.07833333333333332,0.2966666666666667,0.075,0.018333333333333333,0.525
88,91,2009-11-29,6,1,2009-2010,Pinheiros,Joinville,0,0.40666666666666673,0.145,0.17,0.09166666666666667,0.14333333333333334,0.035,0.10833333333333334,0.04833333333333333,0.07333333333333335,0.71,0.04833333333333334,0.12666666666666668,39.123333333333335,0.085,0.16666666666666666,50.29,0.09166666666666667,0.12,75.20333333333333,0.011666666666666667,0.043333333333333335,0.61,0.01,0.10666666666666667,0.12,0.07333333333333335,0.015,0.38999999999999996,0.4183333333333333,0.13999999999999999,0.20333333333333334,0.075,0.18499999999999997,0.08166666666666667,0.10333333333333333,0.065,0.06666666666666667,0.9700000000000001,0.04666666666666667,0.13833333333333334,35.03,0.10166666666666667,0.21166666666666667,46.836666666666666,0.075,0.09333333333333332,81.76,0.01,0.043333333333333335,0.6466666666666666,0.01,0.09999999999999999,0.11333333333333334,0.06666666666666667,0.016666666666666666,0.435
71,75,2009-11-29,6,1,2009-2010,Sesi Franca,Espírito Santo,0,0.43333333333333335,0.18000000000000002,0.20000000000000004,0.05333333333333334,0.135,0.036666666666666674,0.09833333333333333,0.07333333333333335,0.051666666666666666,2.7866666666666666,0.06,0.13166666666666668,42.483333333333334,0.10000000000000002,0.19500000000000003,51.19,0.05333333333333334,0.08166666666666667,66.07333333333334,0.0,0.03333333333333333,0.75,0.011666666666666667,0.09333333333333334,0.13333333333333333,0.051666666666666666,0.01,0.43999999999999995,0.3416666666666666,0.09500000000000001,0.16666666666666666,0.08,0.20166666666666666,0.065,0.1366666666666667,0.05166666666666667,0.09500000000000001,0.5733333333333334,0.03166666666666667,0.10666666666666667,25.39,0.08333333333333333,0.19499999999999998,42.81,0.08,0.13166666666666668,62.99666666666667,0.015,0.043333333333333335,0.52,0.016666666666666666,0.11666666666666665,0.14666666666666667,0.09500000000000001,0.023333333333333334,0.3216666666666667
78,83,2009-11-29,6,1,2009-2010,Bauru Basket,Minas,0,0.39249999999999996,0.14250000000000002,0.21000000000000002,0.04,0.16999999999999998,0.065,0.10500000000000001,0.085,0.06,1.42,0.0475,0.1325,35.629999999999995,0.10500000000000001,0.1825,57.995,0.04,0.07250000000000001,60.715,0.01,0.045,0.75,0.02,0.0775,0.305,0.06,0.015,0.4575,0.47250000000000003,0.1725,0.22,0.08,0.2025,0.0825,0.12,0.0925,0.0725,1.31,0.057499999999999996,0.135,43.825,0.11,0.22,49.92,0.08,0.11750000000000001,67.295,0.0025,0.025,0.405,0.0125,0.0925,0.12,0.0725,0.0125,0.5075000000000001
81,65,2009-11-29,6,1,2009-2010,Araraquara,Saldanha,1,0.3775,0.09,0.24000000000000002,0.0475,0.1575,0.05,0.1075,0.065,0.075,0.9299999999999999,0.03,0.1225,24.25,0.12000000000000001,0.20500000000000002,59.709999999999994,0.0475,0.06,79.37,0.0075,0.0425,0.61,0.0225,0.08,0.28,0.075,0.0125,0.4,0.36833333333333335,0.125,0.19000000000000003,0.05333333333333334,0.12333333333333334,0.030000000000000002,0.09333333333333334,0.04,0.06166666666666667,0.65,0.041666666666666664,0.10000000000000002,41.666666666666664,0.09500000000000001,0.17,56.879999999999995,0.05333333333333334,0.09833333333333333,52.59666666666667,0.006666666666666667,0.02666666666666667,0.4266666666666667,0.01,0.085,0.12,0.06166666666666667,0.016666666666666666,0.3283333333333333
81,64,2009-12-06,7,1,2009-2010,Coop/São José Basketball,Paulistano,1,0.3516666666666666,0.09500000000000001,0.19666666666666666,0.06,0.1366666666666667,0.04833333333333334,0.08833333333333333,0.07833333333333334,0.06,1.39,0.03166666666666667,0.12666666666666668,23.656666666666666,0.09833333333333333,0.15833333333333333,62.29333333333333,0.06,0.09333333333333334,65.15333333333334,0.006666666666666667,0.045000000000000005,0.7266666666666667,0.0033333333333333335,0.09000000000000001,0.03,0.06,0.005,0.3666666666666667,0.3375,0.09375,0.1875,0.056249999999999994,0.15000000000000002,0.04625,0.10375000000000001,0.0675,0.05499999999999999,1.45,0.03125,0.12875,24.8275,0.09375,0.1925,49.839999999999996,0.056249999999999994,0.09375,60.1,0.005,0.045,0.9774999999999999,0.01625,0.10375000000000001,0.16,0.05499999999999999,0.01125,0.3275
68,66,2009-12-06,7,1,2009-2010,Saldanha,Bauru Basket,1,0.3575,0.105,0.19,0.0625,0.13375,0.04000000000000001,0.09375,0.043750000000000004,0.07,0.6325000000000001,0.035,0.09500000000000001,35.9375,0.095,0.1875,52.55499999999999,0.0625,0.10999999999999999,54.965,0.00625,0.042499999999999996,0.5575,0.01,0.08875,0.11499999999999999,0.07,0.0175,0.3175,0.3916666666666666,0.14500000000000002,0.2066666666666667,0.04,0.16166666666666665,0.06,0.10166666666666668,0.09166666666666667,0.05333333333333334,1.8233333333333333,0.04833333333333334,0.13,37.086666666666666,0.10333333333333335,0.17833333333333334,58.27,0.04,0.07666666666666667,56.163333333333334,0.006666666666666667,0.03333333333333333,0.5833333333333334,0.02,0.07666666666666666,0.29333333333333333,0.05333333333333334,0.013333333333333334,0.45166666666666666
67,61,2009-12-06,7,1,2009-2010,Joinville,Araraquara,1,0.4275,0.15,0.1975,0.08,0.16624999999999998,0.06875,0.0975,0.07,0.060000000000000005,1.26,0.05,0.13875,36.9875,0.09875,0.1925,51.795,0.08,0.1025,79.59,0.00875,0.03875,0.6425,0.008749999999999999,0.10124999999999999,0.0975,0.060000000000000005,0.01375,0.44625,0.3866666666666667,0.09499999999999999,0.23333333333333336,0.05833333333333333,0.16166666666666665,0.04666666666666667,0.11499999999999999,0.07666666666666667,0.08333333333333333,0.9533333333333333,0.03166666666666667,0.125,25.14,0.11666666666666668,0.19833333333333333,59.626666666666665,0.05833333333333333,0.075,78.31,0.008333333333333333,0.04,0.5233333333333333,0.02666666666666667,0.09000000000000001,0.2933333333333334,0.08333333333333333,0.008333333333333333,0.4166666666666667
66,67,2009-12-06,7,1,2009-2010,Espírito Santo,Assis,0,0.35,0.0975,0.1775,0.075,0.19,0.06,0.13,0.05625000000000001,0.08875000000000001,0.6799999999999999,0.0325,0.10875,26.65,0.08875,0.18625,48.515,0.075,0.12000000000000001,64.89500000000001,0.012499999999999999,0.04125,0.515,0.01625,0.11374999999999999,0.14500000000000002,0.08875000000000001,0.02375,0.34625,0.3516666666666666,0.065,0.21333333333333335,0.07333333333333333,0.16,0.06166666666666667,0.09833333333333333,0.05166666666666667,0.05666666666666667,1.0266666666666666,0.021666666666666667,0.10166666666666667,20.63,0.10666666666666667,0.21333333333333335,50.27,0.07333333333333333,0.10833333333333334,68.71333333333334,0.013333333333333334,0.018333333333333333,0.32666666666666666,0.008333333333333333,0.09000000000000001,0.09000000000000001,0.05666666666666667,0.013333333333333334,0.3116666666666667
90,94,2009-12-06,7,1,2009-2010,Londrina,Sesi Franca,0,0.36375,0.10875,0.165,0.09000000000000001,0.1625,0.06625,0.09625,0.0675,0.08375,0.815,0.036250000000000004,0.11374999999999999,30.495,0.0825,0.1975,40.915000000000006,0.09000000000000001,0.12125,74.0125,0.0025,0.0375,0.4475,0.015,0.0825,0.19250000000000003,0.08375,0.013750000000000002,0.33875,0.41375,0.16875,0.18250000000000002,0.0625,0.12375,0.03375,0.09,0.06875,0.05,2.395,0.056249999999999994,0.13,40.8625,0.09125000000000001,0.18375000000000002,49.224999999999994,0.0625,0.0875,70.9825,0.0,0.03375,0.7575000000000001,0.01,0.09125000000000001,0.115,0.05,0.0075,0.40874999999999995
82,77,2009-12-06,7,1,2009-2010,Flamengo,Pinheiros,1,0.42,0.145,0.18000000000000002,0.09500000000000001,0.15666666666666665,0.045000000000000005,0.11166666666666668,0.06,0.075,0.8366666666666666,0.04833333333333334,0.12833333333333333,38.19,0.09000000000000001,0.15833333333333333,56.220000000000006,0.09500000000000001,0.13333333333333333,72.25,0.013333333333333334,0.056666666666666664,0.8000000000000002,0.015,0.10666666666666667,0.13,0.075,0.01,0.4466666666666666,0.41500000000000004,0.15,0.175,0.09000000000000001,0.14250000000000002,0.037500000000000006,0.10500000000000001,0.056249999999999994,0.0675,0.9325,0.05,0.13125,38.825,0.0875,0.1625,53.55,0.09000000000000001,0.11499999999999999,77.6525,0.013750000000000002,0.03875,0.5825,0.007500000000000001,0.10250000000000001,0.09,0.0675,0.012499999999999999,0.41125
71,91,2009-12-08,8,1,2009-2010,Saldanha,Assis,0,0.354,0.10800000000000001,0.19,0.05600000000000001,0.132,0.042,0.09,0.043000000000000003,0.06300000000000001,0.734,0.036000000000000004,0.1,35.416,0.095,0.188,52.044,0.05600000000000001,0.10099999999999998,53.202,0.006,0.040999999999999995,0.646,0.009,0.091,0.10200000000000001,0.06300000000000001,0.019,0.314,0.3475,0.08625,0.195,0.06625,0.15,0.05375,0.09625,0.051250000000000004,0.065,0.91,0.02875,0.10625,25.89,0.0975,0.195,50.2025,0.06625,0.10125,65.5975,0.01125,0.01875,0.3,0.0125,0.09625,0.1225,0.065,0.01375,0.305
69,67,2009-12-08,8,1,2009-2010,Espírito Santo,Bauru Basket,1,0.346,0.096,0.178,0.072,0.185,0.059,0.126,0.05500000000000001,0.082,0.726,0.032,0.10800000000000001,27.034,0.089,0.192,47.184000000000005,0.072,0.11600000000000002,63.91600000000001,0.013999999999999999,0.047,0.666,0.016,0.11199999999999999,0.14400000000000002,0.082,0.023,0.344,0.37625,0.13125,0.2,0.045,0.15625,0.055,0.10125,0.07625000000000001,0.06125,1.4549999999999998,0.043750000000000004,0.11875000000000001,36.637499999999996,0.1,0.17625000000000002,56.9375,0.045,0.08750000000000001,54.6225,0.0075,0.028749999999999998,0.4825,0.01875,0.07375,0.2775,0.06125,0.0175,0.40125
89,91,2009-12-12,7,1,2009-2010,Minas,Brasília,0,0.45333333333333337,0.17499999999999996,0.20333333333333334,0.075,0.18500000000000003,0.06666666666666667,0.11833333333333333,0.08666666666666667,0.06833333333333333,1.29,0.05833333333333333,0.13166666666666668,45.21666666666667,0.10166666666666667,0.20166666666666666,50.45333333333334,0.075,0.10666666666666667,70.35333333333334,0.0033333333333333335,0.025000000000000005,0.41,0.01,0.09333333333333334,0.09666666666666666,0.06833333333333333,0.015,0.48666666666666675,0.46625,0.1125,0.275,0.07875000000000001,0.17250000000000001,0.05500000000000001,0.1175,0.09875,0.065,1.7025,0.0375,0.12,32.332499999999996,0.1375,0.21749999999999997,64.06,0.07875000000000001,0.10875000000000001,72.435,0.0175,0.04,0.6799999999999999,0.01625,0.07875,0.22250000000000003,0.065,0.01875,0.53625
83,98,2009-12-14,12,1,2009-2010,Londrina,Brasília,0,0.381,0.126,0.17,0.085,0.156,0.066,0.09,0.075,0.084,0.9,0.042,0.12599999999999997,31.824,0.085,0.186,46.30400000000001,0.085,0.11399999999999999,74.50399999999999,0.002,0.036,0.42800000000000005,0.016999999999999998,0.088,0.20000000000000004,0.084,0.016000000000000004,0.367,0.46399999999999997,0.11699999999999999,0.272,0.07500000000000001,0.167,0.05600000000000001,0.11099999999999999,0.096,0.066,1.6039999999999999,0.039,0.121,33.065999999999995,0.136,0.215,63.92999999999999,0.07500000000000001,0.10200000000000001,73.94800000000001,0.017,0.039,0.6439999999999999,0.014000000000000002,0.078,0.19200000000000003,0.066,0.016999999999999998,0.526
82,78,2010-01-08,8,1,2009-2010,Londrina,Araraquara,1,0.38666666666666666,0.1175,0.17666666666666667,0.09250000000000001,0.155,0.06416666666666666,0.09083333333333334,0.07333333333333333,0.08583333333333333,0.8633333333333333,0.03916666666666667,0.13249999999999998,29.045,0.08833333333333333,0.18916666666666668,47.123333333333335,0.09250000000000001,0.11833333333333333,77.56333333333333,0.0025,0.03833333333333333,0.445,0.017499999999999998,0.09416666666666666,0.19333333333333336,0.08583333333333333,0.01416666666666667,0.365,0.36625,0.09375,0.22250000000000003,0.049999999999999996,0.1525,0.04125,0.11124999999999999,0.06875,0.07875,0.8875,0.03125,0.11875,26.355,0.11125000000000002,0.195,57.5575,0.049999999999999996,0.06624999999999999,74.3575,0.00625,0.03375,0.44999999999999996,0.02,0.09,0.22000000000000003,0.07875,0.007500000000000001,0.375
85,74,2010-01-15,9,1,2009-2010,Bauru Basket,Londrina,1,0.368,0.123,0.2,0.045,0.155,0.049,0.10600000000000001,0.07300000000000001,0.061,1.3639999999999999,0.041,0.11000000000000001,37.309999999999995,0.1,0.185,54.64,0.045,0.082,58.698,0.006,0.031999999999999994,0.5359999999999999,0.018,0.072,0.268,0.061,0.017,0.394,0.39,0.11357142857142856,0.1842857142857143,0.09214285714285715,0.15571428571428572,0.0642857142857143,0.09142857142857143,0.07285714285714286,0.08357142857142856,0.8828571428571428,0.03785714285714286,0.12928571428571428,28.791428571428575,0.09214285714285715,0.18785714285714286,49.51857142857143,0.09214285714285715,0.12357142857142857,74.77714285714286,0.002142857142857143,0.03928571428571428,0.47285714285714286,0.018571428571428572,0.09214285714285712,0.21000000000000002,0.08357142857142856,0.01285714285714286,0.3742857142857143
72,71,2010-01-15,9,1,2009-2010,Sesi Franca,Flamengo,1,0.425,0.183,0.17,0.072,0.118,0.029000000000000005,0.089,0.066,0.053000000000000005,2.086,0.061,0.133,43.724000000000004,0.085,0.165,52.714,0.072,0.097,73.08200000000001,0.0,0.029000000000000005,0.636,0.009,0.094,0.10200000000000001,0.053000000000000005,0.006,0.417,0.4175,0.13874999999999998,0.195,0.08375,0.1525,0.043750000000000004,0.10875000000000001,0.0525,0.06875,0.7775,0.046250000000000006,0.1275,36.6425,0.0975,0.17124999999999999,56.45,0.08375,0.11375,76.91499999999999,0.0125,0.057499999999999996,0.9000000000000001,0.01125,0.09625,0.0975,0.06875,0.00875,0.43749999999999994
104,85,2010-01-15,9,1,2009-2010,Pinheiros,Paulistano,1,0.409,0.15899999999999997,0.16599999999999998,0.084,0.14100000000000001,0.038000000000000006,0.10300000000000001,0.05399999999999999,0.069,0.866,0.053000000000000005,0.136,39.448,0.08299999999999999,0.156,52.839999999999996,0.084,0.10699999999999998,78.122,0.011000000000000001,0.038,0.5599999999999999,0.007000000000000001,0.098,0.08399999999999999,0.069,0.013999999999999999,0.40099999999999997,0.334,0.081,0.194,0.059,0.14300000000000002,0.044,0.099,0.063,0.05399999999999999,1.34,0.027000000000000003,0.121,22.084,0.097,0.19,52.093999999999994,0.059,0.098,60.254,0.006,0.041999999999999996,0.9019999999999999,0.014000000000000002,0.10300000000000001,0.138,0.05399999999999999,0.009,0.316
102,85,2010-01-15,9,1,2009-2010,Minas,Saldanha,1,0.45125000000000004,0.1725,0.2075,0.07125000000000001,0.16875,0.0625,0.10625,0.085,0.06625,1.3,0.057499999999999996,0.12375,47.6625,0.10375,0.20249999999999999,51.255,0.07125000000000001,0.1,71.515,0.0025,0.026250000000000002,0.4325,0.01,0.09125000000000001,0.1025,0.06625,0.01375,0.48125000000000007,0.3541666666666667,0.1025,0.19499999999999998,0.05666666666666667,0.13333333333333333,0.03916666666666667,0.09416666666666668,0.04,0.05833333333333335,0.73,0.03416666666666667,0.10333333333333333,32.98499999999999,0.09749999999999999,0.19166666666666665,52.099999999999994,0.05666666666666667,0.10083333333333332,54.335,0.006666666666666667,0.043333333333333335,0.7999999999999999,0.0075,0.09166666666666666,0.085,0.05833333333333335,0.017499999999999998,0.3125
80,56,2010-01-15,9,1,2009-2010,Araraquara,Coop/São José Basketball,1,0.371,0.10800000000000001,0.21200000000000002,0.051000000000000004,0.148,0.043000000000000003,0.10499999999999998,0.07,0.073,1.01,0.036,0.124,28.669999999999998,0.10600000000000001,0.195,54.763999999999996,0.051000000000000004,0.06799999999999999,74.152,0.007000000000000001,0.033,0.48,0.017,0.094,0.18600000000000003,0.073,0.006,0.372,0.365,0.11250000000000002,0.1925,0.06,0.14250000000000002,0.043750000000000004,0.09875,0.08625000000000001,0.065,1.3875,0.0375,0.1275,28.32,0.09625,0.15375,62.792500000000004,0.06,0.09000000000000001,67.61500000000001,0.005,0.0425,0.655,0.00375,0.08625000000000001,0.04,0.065,0.00375,0.3975
88,75,2010-01-15,9,1,2009-2010,Brasília,Espírito Santo,1,0.46833333333333327,0.11499999999999999,0.26333333333333336,0.09000000000000001,0.16583333333333336,0.05000000000000001,0.11583333333333333,0.09666666666666668,0.065,1.615,0.03833333333333334,0.1175,33.38833333333333,0.13166666666666668,0.21,63.184999999999995,0.09000000000000001,0.11583333333333334,76.48833333333333,0.014166666666666668,0.041666666666666664,0.69,0.012500000000000002,0.08166666666666667,0.16833333333333336,0.065,0.01583333333333333,0.5366666666666666,0.3458333333333334,0.09749999999999999,0.17999999999999997,0.06833333333333333,0.19000000000000003,0.06333333333333334,0.12666666666666668,0.05416666666666667,0.08,0.7233333333333333,0.0325,0.11083333333333334,27.194999999999997,0.08999999999999998,0.19583333333333333,46.685,0.06833333333333333,0.11166666666666668,62.52333333333334,0.014166666666666666,0.04416666666666667,0.6266666666666667,0.015,0.10749999999999998,0.14,0.08,0.020833333333333332,0.3416666666666666
96,85,2010-01-17,10,1,2009-2010,Brasília,Saldanha,1,0.46428571428571425,0.12,0.2571428571428572,0.08714285714285716,0.16214285714285717,0.04928571428571429,0.11285714285714285,0.09357142857142857,0.06642857142857143,1.5271428571428571,0.04,0.11428571428571428,36.137142857142855,0.1285714285714286,0.21214285714285716,61.14285714285713,0.08714285714285716,0.11357142857142857,75.56142857142858,0.013571428571428571,0.04285714285714286,0.687142857142857,0.012857142857142859,0.08285714285714285,0.1685714285714286,0.06642857142857143,0.014999999999999998,0.525,0.36428571428571427,0.10071428571428571,0.2057142857142857,0.057857142857142864,0.13214285714285715,0.037142857142857144,0.095,0.04214285714285715,0.05785714285714287,0.7685714285714286,0.03357142857142857,0.10357142857142856,32.35428571428571,0.10285714285714286,0.19642857142857142,53.22857142857142,0.057857142857142864,0.10071428571428569,55.85857142857143,0.005714285714285714,0.047142857142857146,0.8671428571428572,0.0064285714285714285,0.08714285714285712,0.07285714285714286,0.05785714285714287,0.015,0.32785714285714285
72,74,2010-01-17,10,1,2009-2010,Araraquara,Flamengo,0,0.3758333333333333,0.11750000000000001,0.21,0.04833333333333334,0.1475,0.045000000000000005,0.10249999999999998,0.07500000000000001,0.0725,1.0799999999999998,0.03916666666666666,0.1275,30.213333333333335,0.105,0.1925,54.89666666666667,0.04833333333333334,0.0625,78.46,0.008333333333333333,0.03666666666666667,0.5316666666666666,0.015833333333333335,0.09583333333333333,0.17166666666666672,0.0725,0.01,0.38833333333333336,0.40499999999999997,0.12899999999999998,0.194,0.082,0.15899999999999997,0.043000000000000003,0.11600000000000002,0.052000000000000005,0.06200000000000001,0.908,0.043000000000000003,0.127,34.114,0.097,0.176,54.903999999999996,0.082,0.11200000000000002,75.818,0.011,0.05499999999999999,0.9780000000000001,0.012,0.101,0.10400000000000001,0.06200000000000001,0.009000000000000001,0.42799999999999994
105,80,2010-01-17,10,1,2009-2010,Minas,Espírito Santo,1,0.4630000000000001,0.16499999999999998,0.23199999999999998,0.066,0.17400000000000002,0.063,0.11099999999999999,0.092,0.074,1.268,0.05499999999999999,0.121,46.312,0.11599999999999999,0.21399999999999997,53.696000000000005,0.066,0.091,73.576,0.002,0.028000000000000004,0.41200000000000003,0.011,0.08600000000000001,0.128,0.074,0.012,0.5050000000000001,0.35000000000000003,0.10285714285714286,0.17857142857142855,0.06857142857142857,0.18142857142857144,0.05857142857142857,0.12285714285714286,0.05285714285714286,0.07785714285714286,0.7185714285714285,0.03428571428571429,0.11214285714285714,28.667142857142856,0.08928571428571427,0.195,46.40714285714286,0.06857142857142857,0.11214285714285714,62.28714285714286,0.012857142857142857,0.04428571428571428,0.6357142857142858,0.015714285714285715,0.10785714285714285,0.1457142857142857,0.07785714285714286,0.019285714285714288,0.3392857142857143
88,93,2010-01-17,10,1,2009-2010,Assis,Londrina,0,0.369,0.10200000000000001,0.198,0.069,0.15899999999999997,0.053000000000000005,0.10600000000000001,0.045,0.066,0.786,0.034,0.11299999999999999,28.57,0.099,0.192,51.827999999999996,0.069,0.10300000000000001,67.024,0.011,0.019,0.298,0.014000000000000002,0.093,0.148,0.066,0.014000000000000002,0.33399999999999996,0.3875,0.11062499999999999,0.19125,0.085625,0.15812500000000002,0.06375,0.094375,0.069375,0.08124999999999999,0.8587499999999999,0.036875000000000005,0.128125,28.317500000000003,0.095625,0.190625,50.47125,0.085625,0.11624999999999999,73.1225,0.001875,0.034999999999999996,0.42375,0.01875,0.09187499999999998,0.21125000000000002,0.08124999999999999,0.013125000000000003,0.370625
79,76,2010-01-18,10,1,2009-2010,Bauru Basket,Joinville,1,0.37749999999999995,0.1225,0.20166666666666666,0.05333333333333332,0.15416666666666667,0.047499999999999994,0.10666666666666667,0.07250000000000001,0.05416666666666667,1.72,0.04083333333333334,0.1125,36.425,0.10083333333333333,0.19000000000000003,53.673333333333325,0.05333333333333332,0.08833333333333333,62.11000000000001,0.006666666666666667,0.03333333333333333,0.7799999999999999,0.015833333333333335,0.0725,0.23500000000000001,0.05416666666666667,0.016666666666666666,0.4033333333333333,0.409,0.141,0.194,0.074,0.16799999999999998,0.07,0.098,0.065,0.05600000000000001,1.234,0.047,0.138,34.775999999999996,0.097,0.194,50.436,0.074,0.099,75.436,0.008,0.041999999999999996,0.7899999999999999,0.009999999999999998,0.096,0.11800000000000002,0.05600000000000001,0.012,0.425
91,85,2010-01-19,3,1,2009-2010,Minas,Araraquara,1,0.4733333333333334,0.16,0.2333333333333333,0.08,0.17166666666666666,0.05833333333333333,0.11333333333333333,0.09583333333333334,0.075,1.2966666666666666,0.05333333333333332,0.11916666666666666,45.41166666666667,0.11666666666666665,0.20999999999999996,55.27333333333333,0.08,0.1025,76.93833333333333,0.0033333333333333335,0.03416666666666667,0.47833333333333333,0.012499999999999999,0.08916666666666667,0.13833333333333334,0.075,0.01,0.5308333333333334,0.37357142857142855,0.12000000000000001,0.20428571428571426,0.04928571428571429,0.14857142857142858,0.04785714285714286,0.10071428571428569,0.07571428571428572,0.06928571428571428,1.1542857142857144,0.039999999999999994,0.13071428571428573,30.18285714285714,0.10214285714285713,0.19357142857142856,53.12571428571429,0.04928571428571429,0.06285714285714286,79.34,0.009285714285714286,0.03928571428571429,0.6128571428571429,0.016428571428571428,0.09285714285714285,0.18571428571428575,0.06928571428571428,0.008571428571428572,0.3885714285714286
92,90,2010-01-20,9,1,2009-2010,Assis,Joinville,1,0.38083333333333336,0.1125,0.19499999999999998,0.07333333333333335,0.16,0.05000000000000001,0.11,0.04833333333333334,0.07,0.775,0.0375,0.11666666666666665,30.598333333333333,0.09749999999999999,0.18499999999999997,53.19,0.07333333333333335,0.1075,68.03333333333333,0.012499999999999999,0.023333333333333334,0.33166666666666667,0.014166666666666668,0.09666666666666668,0.145,0.07,0.015000000000000001,0.3558333333333333,0.4041666666666666,0.13749999999999998,0.19833333333333333,0.06833333333333333,0.16916666666666666,0.06583333333333334,0.10333333333333333,0.06583333333333334,0.05083333333333334,1.4949999999999999,0.04583333333333334,0.13583333333333333,34.31333333333333,0.09916666666666667,0.1975,50.55666666666667,0.06833333333333333,0.09083333333333334,76.19666666666667,0.006666666666666667,0.04,0.8583333333333333,0.011666666666666665,0.09416666666666666,0.13833333333333334,0.05083333333333334,0.010833333333333334,0.4291666666666667
93,84,2010-01-22,11,1,2009-2010,Pinheiros,Araraquara,1,0.4275,0.1525,0.18833333333333332,0.08666666666666667,0.15333333333333335,0.041666666666666664,0.11166666666666668,0.06083333333333333,0.07333333333333335,0.8883333333333333,0.050833333333333335,0.12916666666666668,39.89166666666667,0.09416666666666666,0.17166666666666666,54.03333333333333,0.08666666666666667,0.1175,74.905,0.012500000000000002,0.03916666666666666,0.5449999999999999,0.006666666666666667,0.09500000000000001,0.08,0.07333333333333335,0.01333333333333333,0.4275,0.37999999999999995,0.12562500000000001,0.20375,0.050625,0.148125,0.044375000000000005,0.10374999999999998,0.07875,0.071875,1.14875,0.041874999999999996,0.13625,30.33875,0.101875,0.19,54.06125,0.050625,0.064375,79.4225,0.008125,0.03875000000000001,0.585,0.01625,0.09624999999999999,0.17875000000000002,0.071875,0.01125,0.39375000000000004
76,60,2010-01-22,11,1,2009-2010,Espírito Santo,Saldanha,1,0.35625,0.10875,0.17999999999999997,0.0675,0.1775,0.058750000000000004,0.11875,0.05375,0.08,0.7074999999999999,0.03625,0.111875,30.765,0.08999999999999998,0.195625,46.54375,0.0675,0.1125,61.02250000000001,0.01125,0.045625,0.62875,0.015,0.10749999999999998,0.14,0.08,0.018125000000000002,0.341875,0.37187499999999996,0.105,0.21,0.056875,0.134375,0.0375,0.096875,0.044375000000000005,0.05937500000000001,0.78,0.035,0.106875,32.637499999999996,0.105,0.204375,52.34374999999999,0.056875,0.09812499999999998,56.68875,0.005625,0.050625,0.8925000000000001,0.0062499999999999995,0.08874999999999998,0.07,0.05937500000000001,0.015,0.335625
78,87,2010-01-22,11,1,2009-2010,Londrina,Minas,0,0.3961111111111111,0.11833333333333333,0.18888888888888888,0.08888888888888889,0.1538888888888889,0.05888888888888889,0.095,0.06611111111111112,0.07888888888888888,0.8377777777777777,0.03944444444444445,0.12944444444444445,29.933333333333337,0.09444444444444444,0.1861111111111111,51.16,0.08888888888888889,0.1211111111111111,72.98444444444445,0.0022222222222222222,0.03555555555555555,0.4511111111111112,0.016666666666666666,0.09555555555555555,0.1877777777777778,0.07888888888888888,0.012222222222222225,0.37555555555555553,0.47071428571428575,0.15214285714285714,0.2357142857142857,0.08285714285714285,0.17285714285714285,0.056428571428571425,0.11642857142857142,0.09642857142857143,0.075,1.3014285714285714,0.05071428571428571,0.12,42.924285714285716,0.11785714285714285,0.21357142857142852,54.97571428571428,0.08285714285714285,0.10428571428571429,78.37,0.002857142857142857,0.035,0.48571428571428577,0.011428571428571429,0.08928571428571429,0.12714285714285717,0.075,0.010714285714285714,0.5250000000000001
107,90,2010-01-22,11,1,2009-2010,Flamengo,Bauru Basket,1,0.39916666666666667,0.12999999999999998,0.19333333333333333,0.07583333333333334,0.16,0.041666666666666664,0.11833333333333335,0.05333333333333334,0.06583333333333334,0.875,0.043333333333333335,0.1225,35.928333333333335,0.09666666666666666,0.18166666666666664,53.29333333333333,0.07583333333333334,0.10250000000000002,76.81833333333333,0.009166666666666667,0.05416666666666666,0.9133333333333334,0.015833333333333335,0.09666666666666666,0.165,0.06583333333333334,0.01,0.4258333333333333,0.37999999999999995,0.1285714285714286,0.19857142857142857,0.052857142857142846,0.15785714285714286,0.04714285714285714,0.11071428571428572,0.06714285714285716,0.05071428571428571,1.6414285714285715,0.042857142857142864,0.11,39.49142857142857,0.09928571428571428,0.19642857142857142,51.47714285714285,0.052857142857142846,0.08571428571428573,63.441428571428574,0.005714285714285714,0.031428571428571424,0.7642857142857142,0.015714285714285715,0.07142857142857142,0.2342857142857143,0.05071428571428571,0.015000000000000001,0.4042857142857143
98,95,2010-01-24,12,1,2009-2010,Pinheiros,Sesi Franca,1,0.43285714285714283,0.15642857142857142,0.1857142857142857,0.09071428571428572,0.15214285714285714,0.038571428571428576,0.11357142857142857,0.06357142857142857,0.07285714285714286,0.9242857142857143,0.052142857142857144,0.12428571428571429,43.215714285714284,0.09285714285714285,0.17214285714285715,53.25285714285714,0.09071428571428572,0.11928571428571429,76.84142857142857,0.012857142857142859,0.03571428571428571,0.49714285714285705,0.01,0.08857142857142859,0.1542857142857143,0.07285714285714286,0.012857142857142855,0.4414285714285714,0.4141666666666666,0.17,0.17166666666666666,0.0725,0.12833333333333333,0.03166666666666667,0.09666666666666668,0.06333333333333334,0.05416666666666667,1.8766666666666667,0.056666666666666664,0.13083333333333333,41.29833333333334,0.08583333333333333,0.17,51.62,0.0725,0.09999999999999999,71.77166666666666,0.0,0.0275,0.5850000000000001,0.008333333333333333,0.09583333333333334,0.09333333333333334,0.05416666666666667,0.006666666666666667,0.40166666666666667
104,74,2010-01-24,12,1,2009-2010,Flamengo,Assis,1,0.4185714285714286,0.13499999999999998,0.20428571428571426,0.07928571428571429,0.15785714285714286,0.041428571428571426,0.11642857142857144,0.05714285714285715,0.06714285714285716,0.9028571428571429,0.045,0.11785714285714285,39.52571428571429,0.10214285714285713,0.18428571428571425,55.32285714285714,0.07928571428571429,0.10571428571428573,77.27285714285713,0.007857142857142858,0.05142857142857143,0.85,0.015714285714285715,0.09999999999999999,0.16,0.06714285714285716,0.009285714285714286,0.45214285714285707,0.3921428571428572,0.12000000000000001,0.19142857142857142,0.08071428571428572,0.16071428571428573,0.04642857142857144,0.1142857142857143,0.04928571428571429,0.06571428571428571,0.8614285714285714,0.04,0.12357142857142857,30.98857142857143,0.09571428571428571,0.17857142857142858,54.26428571428571,0.08071428571428572,0.11642857142857144,68.81857142857143,0.011428571428571429,0.021428571428571432,0.32,0.013571428571428571,0.09857142857142857,0.13714285714285715,0.06571428571428571,0.015714285714285715,0.3692857142857143
67,84,2010-01-24,12,1,2009-2010,Joinville,Minas,0,0.4107142857142857,0.13499999999999998,0.20142857142857143,0.07428571428571429,0.16857142857142857,0.06142857142857144,0.10714285714285714,0.06785714285714287,0.05071428571428572,1.5099999999999998,0.045,0.1335714285714286,34.17285714285714,0.10071428571428571,0.1985714285714286,51.0,0.07428571428571429,0.09785714285714286,76.53571428571429,0.007857142857142858,0.037142857142857144,0.7928571428571428,0.012142857142857141,0.09928571428571428,0.13571428571428573,0.05071428571428572,0.012857142857142857,0.4357142857142858,0.46625000000000005,0.14625,0.2375,0.08249999999999999,0.17875,0.057499999999999996,0.12125,0.096875,0.075,1.305,0.04875,0.11562499999999999,42.706250000000004,0.11875,0.21624999999999994,54.7525,0.08249999999999999,0.104375,78.0975,0.00375,0.0325,0.45000000000000007,0.01,0.09375,0.11125000000000002,0.075,0.010624999999999999,0.5231250000000001
65,63,2010-01-26,8,1,2009-2010,Joinville,Sesi Franca,1,0.40125,0.13125,0.19499999999999998,0.075,0.165625,0.058750000000000004,0.106875,0.064375,0.05562500000000001,1.3762499999999998,0.04375,0.1275,35.04875,0.09749999999999999,0.19625,49.83375,0.075,0.10250000000000001,74.37625,0.0075,0.036250000000000004,0.735,0.011874999999999998,0.0925,0.14625000000000002,0.05562500000000001,0.013125,0.41375000000000006,0.4228571428571429,0.16714285714285712,0.17857142857142858,0.07714285714285715,0.13142857142857142,0.034999999999999996,0.09642857142857143,0.06571428571428571,0.05714285714285715,1.7614285714285713,0.05571428571428571,0.13142857142857142,40.690000000000005,0.08928571428571429,0.1757142857142857,51.72857142857142,0.07714285714285715,0.10357142857142856,73.51857142857143,0.0,0.028571428571428574,0.5685714285714286,0.008571428571428572,0.1,0.09142857142857143,0.05714285714285715,0.008571428571428572,0.4114285714285714
94,83,2010-01-29,13,1,2009-2010,Sesi Franca,Araraquara,1,0.409375,0.1575,0.1775,0.07437500000000001,0.1325,0.035625,0.096875,0.06125,0.055625,1.625,0.05249999999999999,0.130625,38.603750000000005,0.08875,0.17625,51.16499999999999,0.07437500000000001,0.1025,71.565,0.0,0.030625,0.6225,0.008125,0.10187500000000001,0.085,0.055625,0.0075,0.39249999999999996,0.38444444444444437,0.1366666666666667,0.19888888888888887,0.0488888888888889,0.14555555555555555,0.04222222222222223,0.10333333333333332,0.07777777777777778,0.06944444444444445,1.1766666666666667,0.04555555555555555,0.13722222222222225,32.714444444444446,0.09944444444444443,0.18944444444444444,52.85888888888889,0.0488888888888889,0.06277777777777778,78.37555555555555,0.007777777777777778,0.03944444444444445,0.62,0.016111111111111114,0.09833333333333333,0.17333333333333334,0.06944444444444445,0.011666666666666665,0.3983333333333334
77,68,2010-01-29,13,1,2009-2010,Espírito Santo,Londrina,1,0.35888888888888887,0.10833333333333334,0.18222222222222217,0.06833333333333333,0.18333333333333332,0.061666666666666675,0.12166666666666666,0.05555555555555555,0.08222222222222222,0.7066666666666666,0.03611111111111111,0.1111111111111111,31.049999999999997,0.09111111111111109,0.19499999999999998,47.22,0.06833333333333333,0.11611111111111111,59.9888888888889,0.011666666666666665,0.045,0.6033333333333334,0.016666666666666666,0.10777777777777776,0.15444444444444447,0.08222222222222222,0.019444444444444445,0.3505555555555555,0.3955,0.11850000000000001,0.187,0.09,0.15300000000000002,0.05750000000000001,0.0955,0.0675,0.076,0.9139999999999999,0.0395,0.1295,30.017000000000003,0.0935,0.186,50.638999999999996,0.09,0.12499999999999997,71.936,0.003,0.0355,0.4760000000000001,0.0155,0.09599999999999999,0.17400000000000002,0.076,0.012000000000000002,0.3735
63,82,2010-01-29,13,1,2009-2010,Saldanha,Joinville,0,0.3638888888888888,0.10333333333333333,0.20444444444444443,0.05611111111111111,0.13722222222222222,0.03944444444444444,0.09777777777777778,0.042777777777777776,0.061111111111111116,0.7377777777777779,0.03444444444444445,0.10555555555555556,32.519999999999996,0.10222222222222221,0.20666666666666667,50.47888888888888,0.05611111111111111,0.10333333333333332,54.221111111111114,0.006111111111111111,0.053888888888888896,0.9122222222222223,0.006666666666666666,0.09277777777777776,0.07111111111111111,0.061111111111111116,0.015000000000000001,0.3205555555555556,0.40222222222222226,0.13166666666666668,0.1933333333333333,0.07722222222222222,0.16861111111111113,0.05972222222222223,0.10888888888888888,0.06222222222222223,0.05527777777777779,1.3188888888888886,0.04388888888888889,0.12916666666666668,34.66333333333333,0.09666666666666665,0.19527777777777777,49.63,0.07722222222222222,0.10722222222222223,73.39222222222222,0.007500000000000001,0.03527777777777778,0.7111111111111111,0.011388888888888886,0.09361111111111112,0.1377777777777778,0.05527777777777779,0.012222222222222223,0.41055555555555556
85,64,2010-01-29,13,1,2009-2010,Brasília,Coop/São José Basketball,1,0.46624999999999994,0.12,0.25625,0.09000000000000001,0.16250000000000003,0.0475,0.11499999999999999,0.09625,0.068125,1.5162499999999999,0.04,0.11624999999999999,35.466249999999995,0.128125,0.210625,61.31249999999999,0.09000000000000001,0.11625,76.30125000000001,0.0125,0.043125,0.6712499999999999,0.015000000000000001,0.08374999999999999,0.18875000000000003,0.068125,0.013749999999999998,0.53,0.348,0.11100000000000002,0.178,0.059,0.14600000000000002,0.047,0.099,0.08,0.073,1.214,0.037,0.125,28.742,0.089,0.153,58.234,0.059,0.09100000000000001,65.67,0.006,0.04,0.5820000000000001,0.004,0.082,0.048,0.073,0.008,0.36100000000000004
106,73,2010-01-29,13,1,2009-2010,Bauru Basket,Paulistano,1,0.38875,0.133125,0.19374999999999998,0.06187499999999999,0.1525,0.04687499999999999,0.105625,0.06625,0.050624999999999996,1.58625,0.044375000000000005,0.11125,40.28375,0.09687499999999999,0.195625,50.30625,0.06187499999999999,0.0975,64.19125,0.005625,0.031875,0.75625,0.01375,0.074375,0.20500000000000002,0.050624999999999996,0.013125000000000001,0.40125,0.3491666666666667,0.085,0.20666666666666667,0.057499999999999996,0.1441666666666667,0.045000000000000005,0.09916666666666668,0.06416666666666666,0.056666666666666664,1.2833333333333334,0.028333333333333335,0.12083333333333333,23.265,0.10333333333333333,0.20083333333333334,52.23499999999999,0.057499999999999996,0.09499999999999999,60.62833333333333,0.005833333333333333,0.04416666666666667,0.8833333333333333,0.013333333333333334,0.1075,0.12833333333333333,0.056666666666666664,0.010833333333333334,0.33083333333333337
94,92,2010-01-29,13,1,2009-2010,Assis,Pinheiros,1,0.389375,0.12375000000000001,0.18624999999999997,0.079375,0.163125,0.04937500000000001,0.11375,0.04875,0.0675,0.82375,0.04125,0.126875,31.28125,0.09312499999999999,0.17875,52.69,0.079375,0.115625,68.17125,0.010625,0.02125,0.31125,0.011875,0.095,0.12,0.0675,0.016875,0.359375,0.43999999999999995,0.15562499999999999,0.19124999999999998,0.093125,0.1525,0.04125,0.11125,0.0675,0.07125000000000001,1.00625,0.051875,0.123125,43.24875,0.09562499999999999,0.176875,53.44125,0.093125,0.121875,77.0575,0.0125,0.035625000000000004,0.5075,0.0125,0.09125000000000001,0.16875,0.07125000000000001,0.012499999999999997,0.455625
94,101,2010-01-29,13,1,2009-2010,Minas,Flamengo,0,0.46111111111111114,0.145,0.24000000000000002,0.0761111111111111,0.175,0.05333333333333333,0.12166666666666666,0.09722222222222222,0.07277777777777777,1.3622222222222222,0.04833333333333333,0.11166666666666665,44.211111111111116,0.12000000000000001,0.21833333333333327,54.815555555555555,0.0761111111111111,0.09722222222222222,76.36444444444444,0.0038888888888888883,0.035,0.5111111111111112,0.010555555555555556,0.09444444444444444,0.11555555555555556,0.07277777777777777,0.011666666666666665,0.5233333333333334,0.43125,0.14625,0.21125,0.07375000000000001,0.159375,0.039999999999999994,0.11937500000000001,0.065625,0.06312500000000001,1.23625,0.04875,0.120625,41.28125,0.105625,0.188125,55.96625,0.07375000000000001,0.09937500000000002,75.56875,0.0075,0.05125,0.9225,0.015625,0.09812499999999999,0.1625,0.06312500000000001,0.00875,0.48
105,70,2010-02-02,8,1,2009-2010,Flamengo,Paulistano,1,0.43944444444444447,0.14833333333333332,0.2122222222222222,0.0788888888888889,0.1611111111111111,0.041111111111111105,0.12000000000000001,0.06666666666666667,0.06222222222222224,1.25,0.049444444444444444,0.12555555555555553,40.397777777777776,0.1061111111111111,0.18833333333333332,56.18,0.0788888888888889,0.10722222222222225,75.01555555555555,0.007777777777777777,0.05222222222222222,0.9411111111111112,0.015555555555555557,0.09555555555555555,0.16666666666666666,0.06222222222222224,0.008333333333333335,0.4861111111111111,0.3514285714285714,0.08142857142857143,0.21428571428571427,0.05571428571428571,0.14071428571428574,0.04357142857142858,0.09714285714285716,0.060714285714285714,0.05714285714285714,1.195714285714286,0.027142857142857142,0.11428571428571428,23.75142857142857,0.10714285714285714,0.20500000000000002,52.84714285714285,0.05571428571428571,0.08999999999999998,62.68142857142857,0.0064285714285714285,0.03928571428571429,0.7814285714285714,0.012142857142857144,0.10142857142857142,0.12142857142857143,0.05714285714285714,0.012142857142857144,0.32785714285714285
79,100,2010-02-05,1,2,2009-2010,Espírito Santo,Flamengo,0,0.36150000000000004,0.10800000000000001,0.18399999999999997,0.06949999999999999,0.1805,0.05900000000000001,0.12149999999999998,0.057499999999999996,0.079,0.7859999999999999,0.036,0.10800000000000001,32.32,0.09199999999999998,0.197,47.149,0.06949999999999999,0.11599999999999999,60.947,0.0115,0.044,0.6130000000000001,0.0155,0.10699999999999998,0.14400000000000002,0.079,0.0195,0.3565,0.44800000000000006,0.1515,0.21600000000000003,0.0805,0.1645,0.042499999999999996,0.12200000000000003,0.06599999999999999,0.05950000000000002,1.296,0.0505,0.12449999999999999,41.575,0.10800000000000001,0.194,55.664,0.0805,0.11050000000000001,74.3,0.009999999999999998,0.052000000000000005,0.99,0.016,0.09549999999999999,0.17099999999999999,0.05950000000000002,0.0075000000000000015,0.497
91,84,2010-02-05,1,2,2009-2010,Minas,Paulistano,1,0.462,0.1485,0.24100000000000002,0.0725,0.175,0.053500000000000006,0.12149999999999998,0.1,0.074,1.373,0.0495,0.1145,44.07600000000001,0.12050000000000001,0.21849999999999997,55.016,0.0725,0.095,74.061,0.0034999999999999996,0.0355,0.507,0.010499999999999999,0.098,0.11200000000000002,0.074,0.011,0.5235000000000001,0.35125,0.08625000000000001,0.20875,0.056249999999999994,0.140625,0.043750000000000004,0.096875,0.059375,0.056874999999999995,1.1600000000000001,0.02875,0.11687499999999999,24.48625,0.104375,0.19875,53.09625,0.056249999999999994,0.09312499999999999,61.3675,0.005625,0.036250000000000004,0.7175,0.0125,0.10062499999999999,0.12625,0.056874999999999995,0.011250000000000001,0.32375
65,72,2010-02-05,1,2,2009-2010,Assis,Sesi Franca,0,0.3983333333333333,0.125,0.1933333333333333,0.08,0.16444444444444445,0.05166666666666667,0.1127777777777778,0.05388888888888889,0.06333333333333334,1.0844444444444443,0.041666666666666664,0.13,31.03111111111111,0.09666666666666665,0.18166666666666667,53.611111111111114,0.08,0.11444444444444445,69.59111111111112,0.011111111111111112,0.02277777777777778,0.4066666666666667,0.012777777777777779,0.09166666666666666,0.1411111111111111,0.06333333333333334,0.015555555555555557,0.3811111111111111,0.4161111111111111,0.15333333333333332,0.18555555555555556,0.07722222222222223,0.13333333333333336,0.03666666666666666,0.09666666666666666,0.065,0.05666666666666667,1.6066666666666667,0.0511111111111111,0.12722222222222224,38.75888888888889,0.09277777777777778,0.17888888888888888,52.42444444444444,0.07722222222222223,0.105,72.50222222222222,0.0,0.032777777777777774,0.6388888888888888,0.009444444444444445,0.10277777777777779,0.09555555555555556,0.05666666666666667,0.008888888888888889,0.4099999999999999
63,59,2010-02-05,1,2,2009-2010,Bauru Basket,Araraquara,1,0.4044444444444444,0.1383333333333333,0.20444444444444443,0.06166666666666666,0.15944444444444444,0.048888888888888885,0.11055555555555556,0.07,0.049999999999999996,1.6566666666666667,0.04611111111111112,0.10944444444444444,42.82555555555555,0.10222222222222221,0.19666666666666666,52.57555555555555,0.06166666666666666,0.09722222222222222,64.07666666666665,0.008333333333333333,0.032777777777777774,0.7711111111111111,0.013333333333333332,0.07166666666666667,0.20444444444444446,0.049999999999999996,0.011666666666666667,0.43666666666666665,0.38749999999999996,0.14250000000000002,0.19499999999999998,0.05,0.14200000000000002,0.04050000000000001,0.10149999999999999,0.08049999999999999,0.06899999999999999,1.221,0.0475,0.1365,34.443,0.09749999999999999,0.1865,52.573,0.05,0.065,77.59700000000001,0.009000000000000001,0.0395,0.62,0.016000000000000004,0.09999999999999999,0.16899999999999998,0.06899999999999999,0.011,0.4035
79,83,2010-02-05,1,2,2009-2010,Londrina,Joinville,0,0.39045454545454544,0.11590909090909092,0.18545454545454546,0.0890909090909091,0.1540909090909091,0.05727272727272728,0.09681818181818182,0.0640909090909091,0.07681818181818181,0.8627272727272726,0.03863636363636364,0.13045454545454546,29.236363636363638,0.09272727272727273,0.1827272727272727,51.18727272727272,0.0890909090909091,0.12318181818181816,72.32272727272726,0.0031818181818181815,0.03409090909090909,0.45454545454545464,0.014545454545454545,0.09681818181818182,0.16272727272727275,0.07681818181818181,0.012727272727272728,0.3645454545454545,0.403,0.1335,0.18899999999999997,0.08049999999999999,0.16725,0.05725000000000001,0.11000000000000001,0.06050000000000001,0.05675000000000001,1.251,0.0445,0.12725000000000003,35.742,0.09449999999999999,0.19025,49.839,0.08049999999999999,0.11100000000000002,73.639,0.00825,0.035250000000000004,0.6900000000000001,0.01075,0.09225,0.13000000000000003,0.05675000000000001,0.014000000000000002,0.41100000000000003
105,77,2010-02-05,1,2,2009-2010,Brasília,Pinheiros,1,0.4616666666666666,0.11666666666666667,0.2544444444444445,0.09055555555555556,0.16722222222222227,0.05,0.11722222222222221,0.09388888888888888,0.06777777777777778,1.4755555555555555,0.03888888888888889,0.11722222222222221,34.19222222222222,0.12722222222222224,0.20722222222222222,61.907777777777774,0.09055555555555556,0.11722222222222224,76.26777777777778,0.011111111111111112,0.04111111111111111,0.6388888888888888,0.015555555555555557,0.08222222222222222,0.20000000000000004,0.06777777777777778,0.01333333333333333,0.5266666666666667,0.4422222222222222,0.16166666666666665,0.19222222222222218,0.08833333333333333,0.1527777777777778,0.041666666666666664,0.1111111111111111,0.06944444444444445,0.07,1.0522222222222224,0.05388888888888889,0.12222222222222223,45.20666666666667,0.09611111111111109,0.18000000000000002,52.923333333333325,0.08833333333333333,0.11666666666666667,75.90333333333334,0.013333333333333334,0.03277777777777778,0.47,0.011111111111111112,0.09222222222222223,0.15000000000000002,0.07,0.01222222222222222,0.4577777777777778
60,90,2010-02-05,1,2,2009-2010,Saldanha,Coop/São José Basketball,0,0.35899999999999993,0.099,0.20600000000000002,0.054000000000000006,0.13799999999999998,0.039,0.099,0.039,0.05800000000000001,0.681,0.03300000000000001,0.10699999999999998,30.934999999999995,0.10300000000000001,0.2045,51.376999999999995,0.054000000000000006,0.10149999999999999,52.916999999999994,0.007000000000000001,0.051500000000000004,0.921,0.006500000000000001,0.09549999999999999,0.068,0.05800000000000001,0.0155,0.31300000000000006,0.3433333333333333,0.1125,0.17500000000000002,0.055833333333333325,0.1441666666666667,0.04833333333333334,0.09583333333333333,0.08,0.07583333333333332,1.16,0.0375,0.1325,27.873333333333335,0.08750000000000001,0.15083333333333335,58.05166666666667,0.055833333333333325,0.08583333333333336,65.83666666666667,0.005833333333333333,0.041666666666666664,0.5783333333333334,0.005,0.08750000000000001,0.05499999999999999,0.07583333333333332,0.008333333333333333,0.35000000000000003
73,61,2010-02-07,2,2,2009-2010,Espírito Santo,Coop/São José Basketball,1,0.3645454545454545,0.105,0.18454545454545454,0.075,0.17954545454545454,0.060454545454545455,0.11909090909090908,0.05545454545454545,0.07909090909090909,0.7545454545454544,0.035,0.10590909090909091,32.055454545454545,0.09227272727272727,0.1981818181818182,46.97545454545455,0.075,0.12318181818181818,61.46727272727273,0.01227272727272727,0.042727272727272725,0.5918181818181819,0.015454545454545453,0.1059090909090909,0.14545454545454548,0.07909090909090909,0.020454545454545454,0.35363636363636364,0.3585714285714286,0.13071428571428573,0.17285714285714285,0.05499999999999999,0.1492857142857143,0.047142857142857146,0.10214285714285713,0.07357142857142858,0.06999999999999999,1.1371428571428572,0.04357142857142857,0.13642857142857143,31.034285714285716,0.08642857142857142,0.14785714285714288,58.550000000000004,0.05499999999999999,0.08857142857142859,63.23428571428572,0.005714285714285713,0.04,0.6185714285714285,0.0064285714285714285,0.08499999999999999,0.07714285714285714,0.06999999999999999,0.007857142857142858,0.37
65,90,2010-02-07,2,2,2009-2010,Saldanha,Flamengo,0,0.3536363636363636,0.09818181818181819,0.20272727272727273,0.052727272727272734,0.13636363636363635,0.03909090909090909,0.09727272727272727,0.03863636363636364,0.05727272727272728,0.6827272727272727,0.03272727272727274,0.10772727272727271,30.49454545454545,0.10136363636363636,0.20136363636363636,51.25181818181818,0.052727272727272734,0.09863636363636363,53.30090909090909,0.006363636363636364,0.05,0.9009090909090909,0.006363636363636364,0.09545454545454544,0.06636363636363637,0.05727272727272728,0.015909090909090907,0.3068181818181819,0.45272727272727276,0.15409090909090908,0.22,0.07863636363636363,0.16318181818181818,0.04136363636363636,0.12181818181818184,0.0659090909090909,0.06090909090909092,1.2572727272727273,0.05136363636363636,0.12318181818181818,42.75454545454546,0.11,0.19454545454545455,56.51272727272727,0.07863636363636363,0.11045454545454549,72.50454545454545,0.010454545454545454,0.05090909090909091,0.9481818181818181,0.015454545454545455,0.09818181818181816,0.16272727272727272,0.06090909090909092,0.008181818181818182,0.4990909090909091
109,80,2010-02-07,2,2,2009-2010,Brasília,Paulistano,1,0.46799999999999997,0.123,0.255,0.09,0.17500000000000004,0.053500000000000006,0.12149999999999998,0.095,0.0675,1.4899999999999998,0.040999999999999995,0.12,34.910999999999994,0.1275,0.21150000000000002,60.916999999999994,0.09,0.11550000000000002,77.141,0.012,0.041499999999999995,0.6439999999999999,0.016,0.08549999999999999,0.197,0.0675,0.012999999999999998,0.5395000000000001,0.35888888888888887,0.09000000000000001,0.21,0.05888888888888888,0.14222222222222222,0.04555555555555556,0.09666666666666666,0.05944444444444444,0.05888888888888888,1.12,0.030000000000000002,0.11944444444444444,24.939999999999998,0.105,0.19722222222222224,53.80333333333333,0.05888888888888888,0.09499999999999999,62.629999999999995,0.005555555555555555,0.03611111111111112,0.69,0.011666666666666667,0.10166666666666666,0.11777777777777779,0.05888888888888888,0.011111111111111112,0.33166666666666667
72,68,2010-02-07,2,2,2009-2010,Assis,Araraquara,1,0.391,0.12,0.19599999999999998,0.075,0.16599999999999998,0.05200000000000001,0.11400000000000002,0.053000000000000005,0.06100000000000001,1.089,0.04,0.128,30.201,0.09799999999999999,0.184,53.616,0.075,0.10800000000000001,68.632,0.0105,0.0205,0.366,0.013000000000000001,0.092,0.143,0.06100000000000001,0.015000000000000003,0.37550000000000006,0.3790909090909091,0.1404545454545455,0.1909090909090909,0.04772727272727273,0.14272727272727273,0.03954545454545455,0.10318181818181817,0.07590909090909091,0.07045454545454545,1.1418181818181818,0.04681818181818182,0.1304545454545455,36.50636363636364,0.09545454545454544,0.18363636363636363,52.192727272727275,0.04772727272727273,0.06227272727272728,77.03636363636365,0.008636363636363638,0.03954545454545454,0.6063636363636363,0.015454545454545459,0.10090909090909089,0.16181818181818183,0.07045454545454545,0.010909090909090908,0.39590909090909093
92,87,2010-02-07,2,2,2009-2010,Minas,Pinheiros,1,0.46136363636363636,0.1431818181818182,0.2427272727272727,0.07545454545454545,0.17363636363636362,0.054090909090909085,0.11954545454545454,0.10227272727272728,0.07272727272727274,1.4372727272727273,0.04772727272727273,0.11227272727272729,43.09909090909091,0.12136363636363635,0.22045454545454543,54.9390909090909,0.07545454545454545,0.09772727272727272,74.96454545454546,0.003636363636363636,0.03636363636363636,0.5290909090909092,0.010909090909090908,0.09681818181818182,0.11818181818181818,0.07272727272727274,0.011363636363636364,0.525909090909091,0.43649999999999994,0.1515,0.19599999999999998,0.089,0.153,0.04,0.11299999999999999,0.0665,0.0695,1.009,0.0505,0.12150000000000001,42.425,0.09799999999999999,0.184,52.85799999999999,0.089,0.11699999999999999,76.22999999999999,0.013000000000000001,0.03250000000000001,0.469,0.012,0.0905,0.162,0.0695,0.012999999999999998,0.446
105,97,2010-02-07,2,2,2009-2010,Bauru Basket,Sesi Franca,1,0.39549999999999996,0.1335,0.202,0.06,0.156,0.048999999999999995,0.10700000000000001,0.068,0.0505,1.582,0.044500000000000005,0.1095,41.269999999999996,0.101,0.1935,52.773,0.06,0.093,65.851,0.008,0.034499999999999996,0.7849999999999999,0.012,0.072,0.184,0.0505,0.012,0.425,0.41050000000000003,0.147,0.187,0.07650000000000001,0.1365,0.03749999999999999,0.099,0.0635,0.05550000000000001,1.557,0.04899999999999999,0.125,37.74,0.0935,0.1795,52.58699999999999,0.07650000000000001,0.1025,74.002,0.0015,0.032,0.631,0.0095,0.1005,0.099,0.05550000000000001,0.0095,0.4084999999999999
91,75,2010-02-09,10,1,2009-2010,Sesi Franca,Coop/São José Basketball,1,0.41727272727272735,0.1431818181818182,0.19363636363636363,0.08045454545454546,0.14045454545454547,0.03954545454545454,0.10090909090909089,0.06090909090909091,0.055454545454545465,1.4736363636363636,0.04772727272727272,0.12090909090909091,38.28636363636364,0.09681818181818182,0.18727272727272729,52.26636363636362,0.08045454545454546,0.10727272727272727,74.31272727272727,0.0013636363636363635,0.030454545454545456,0.5981818181818181,0.009090909090909092,0.10454545454545455,0.09272727272727273,0.055454545454545465,0.01,0.4122727272727272,0.35187500000000005,0.1275,0.16999999999999998,0.05437499999999999,0.155625,0.05,0.105625,0.073125,0.073125,1.0875,0.042499999999999996,0.13187500000000002,31.53,0.08499999999999999,0.149375,57.09125,0.05437499999999999,0.09312500000000001,60.330000000000005,0.006874999999999999,0.037500000000000006,0.5675,0.0075,0.089375,0.08374999999999999,0.073125,0.008125,0.36
68,79,2010-02-10,12,1,2009-2010,Paulistano,Araraquara,0,0.363,0.0915,0.213,0.058499999999999996,0.144,0.0465,0.0975,0.061999999999999986,0.06299999999999999,1.0930000000000002,0.030500000000000006,0.11850000000000001,25.627999999999997,0.1065,0.201,53.528999999999996,0.058499999999999996,0.09499999999999999,62.15599999999999,0.0055,0.037500000000000006,0.671,0.011000000000000001,0.10400000000000001,0.11000000000000001,0.06299999999999999,0.0125,0.3355,0.3758333333333333,0.13875000000000004,0.18833333333333332,0.048749999999999995,0.14291666666666666,0.03833333333333334,0.10458333333333332,0.07291666666666667,0.07125,1.0883333333333334,0.046250000000000006,0.1279166666666667,36.7975,0.09416666666666666,0.18166666666666667,52.01,0.048749999999999995,0.06333333333333334,77.28333333333335,0.008333333333333335,0.0375,0.5716666666666667,0.01416666666666667,0.10458333333333332,0.14833333333333334,0.07125,0.011666666666666665,0.38833333333333336
79,100,2010-02-10,8,1,2009-2010,Coop/São José Basketball,Pinheiros,0,0.3544444444444445,0.12333333333333335,0.17444444444444443,0.05666666666666666,0.15555555555555556,0.050555555555555555,0.105,0.07277777777777777,0.075,1.0533333333333332,0.04111111111111111,0.12944444444444447,31.056666666666665,0.08722222222222221,0.15222222222222223,57.41444444444445,0.05666666666666666,0.09333333333333334,62.39888888888889,0.007222222222222221,0.03777777777777778,0.5533333333333333,0.007222222222222223,0.09333333333333332,0.07888888888888888,0.075,0.008333333333333333,0.36277777777777775,0.4363636363636363,0.14863636363636362,0.19636363636363632,0.09136363636363637,0.15045454545454545,0.04181818181818182,0.10863636363636363,0.07,0.07,1.0445454545454547,0.04954545454545455,0.12181818181818183,41.47727272727273,0.09818181818181816,0.18272727272727274,53.4,0.09136363636363637,0.11772727272727272,77.66363636363636,0.011818181818181818,0.034090909090909095,0.48727272727272725,0.012727272727272728,0.09090909090909091,0.16636363636363638,0.07,0.013636363636363634,0.45045454545454544
74,68,2010-02-12,11,1,2009-2010,Coop/São José Basketball,Assis,1,0.35850000000000004,0.12450000000000001,0.178,0.055999999999999994,0.152,0.05,0.10200000000000001,0.0745,0.07449999999999998,1.077,0.041499999999999995,0.13100000000000003,31.053999999999995,0.089,0.155,57.50600000000001,0.055999999999999994,0.0915,62.826,0.006999999999999999,0.036500000000000005,0.534,0.007000000000000001,0.0925,0.077,0.07449999999999998,0.0075,0.363,0.38818181818181824,0.12136363636363635,0.1909090909090909,0.07590909090909091,0.1668181818181818,0.05136363636363638,0.11545454545454546,0.052272727272727276,0.06000000000000001,1.071818181818182,0.04045454545454546,0.12727272727272726,30.864545454545453,0.09545454545454544,0.18272727272727274,52.48545454545454,0.07590909090909091,0.11045454545454546,68.11636363636364,0.009545454545454546,0.023636363636363636,0.4327272727272727,0.013181818181818183,0.09272727272727273,0.14363636363636362,0.06000000000000001,0.01590909090909091,0.37545454545454554
104,109,2010-02-12,11,1,2009-2010,Paulistano,Sesi Franca,0,0.3609090909090909,0.09,0.21363636363636365,0.057272727272727274,0.1409090909090909,0.04454545454545455,0.09636363636363637,0.06499999999999999,0.06363636363636363,1.1172727272727274,0.030000000000000006,0.11545454545454546,25.971818181818183,0.10681818181818183,0.2,53.92545454545454,0.057272727272727274,0.09409090909090909,61.31818181818182,0.005909090909090908,0.03727272727272728,0.6554545454545454,0.011818181818181818,0.10454545454545455,0.11636363636363636,0.06363636363636363,0.012272727272727274,0.33681818181818185,0.4204166666666667,0.1425,0.19166666666666665,0.08625000000000001,0.13583333333333333,0.0375,0.09833333333333333,0.06166666666666667,0.055000000000000014,1.4675,0.047499999999999994,0.11833333333333335,39.2625,0.09583333333333333,0.18500000000000003,52.33833333333332,0.08625000000000001,0.11333333333333333,75.06416666666667,0.00125,0.03208333333333333,0.6316666666666667,0.009583333333333334,0.10500000000000002,0.09666666666666668,0.055000000000000014,0.009583333333333334,0.4174999999999999
90,74,2010-02-17,12,1,2009-2010,Coop/São José Basketball,Bauru Basket,1,0.3595454545454546,0.12136363636363638,0.1818181818181818,0.05636363636363635,0.15545454545454546,0.05227272727272727,0.10318181818181818,0.07454545454545454,0.07318181818181818,1.0927272727272728,0.04045454545454545,0.1322727272727273,30.11181818181818,0.0909090909090909,0.15727272727272726,57.83363636363637,0.05636363636363635,0.09272727272727273,62.309090909090905,0.006363636363636363,0.03772727272727273,0.560909090909091,0.008181818181818182,0.09227272727272727,0.09,0.07318181818181818,0.006818181818181818,0.36772727272727274,0.40727272727272723,0.13499999999999998,0.20545454545454545,0.06681818181818182,0.16272727272727272,0.05181818181818181,0.1109090909090909,0.06954545454545455,0.04954545454545455,1.6318181818181818,0.045000000000000005,0.1109090909090909,41.15454545454545,0.10272727272727272,0.1968181818181818,52.71818181818182,0.06681818181818182,0.09954545454545455,67.30272727272727,0.007727272727272728,0.03363636363636364,0.770909090909091,0.012272727272727274,0.07681818181818181,0.1781818181818182,0.04954545454545455,0.012272727272727274,0.4431818181818182
87,78,2010-02-26,3,2,2009-2010,Paulistano,Espírito Santo,1,0.3741666666666667,0.09249999999999999,0.21750000000000003,0.06416666666666666,0.14875000000000002,0.04750000000000001,0.10125,0.06416666666666666,0.06583333333333333,1.075,0.030833333333333338,0.11416666666666668,27.140833333333333,0.10875000000000001,0.20583333333333334,53.44416666666666,0.06416666666666666,0.10291666666666666,62.041666666666664,0.005833333333333333,0.037083333333333336,0.6333333333333333,0.011250000000000001,0.10791666666666667,0.10916666666666668,0.06583333333333333,0.011666666666666667,0.35041666666666665,0.3645833333333333,0.10375000000000001,0.18416666666666667,0.07666666666666666,0.17708333333333334,0.058750000000000004,0.11833333333333333,0.05291666666666667,0.07583333333333334,0.7441666666666666,0.034583333333333334,0.1075,31.38416666666667,0.09208333333333334,0.19625,47.346666666666664,0.07666666666666666,0.12416666666666666,62.20916666666667,0.011666666666666665,0.043333333333333335,0.6466666666666667,0.016249999999999997,0.10541666666666666,0.15416666666666667,0.07583333333333334,0.019583333333333335,0.35375
98,89,2010-02-26,3,2,2009-2010,Sesi Franca,Brasília,1,0.43000000000000005,0.1453846153846154,0.19384615384615383,0.09076923076923078,0.14115384615384616,0.03884615384615385,0.1023076923076923,0.06346153846153846,0.05692307692307693,1.4361538461538461,0.04846153846153845,0.12115384615384617,39.22,0.09692307692307692,0.18884615384615386,51.913076923076915,0.09076923076923078,0.11999999999999998,74.86692307692307,0.0011538461538461537,0.036153846153846154,0.6646153846153846,0.009615384615384616,0.1080769230769231,0.09461538461538463,0.05692307692307693,0.010384615384615384,0.42961538461538457,0.475,0.12000000000000001,0.2627272727272727,0.09227272727272728,0.17590909090909096,0.052727272727272734,0.12318181818181818,0.09954545454545455,0.06636363636363637,1.5945454545454545,0.039999999999999994,0.11999999999999998,34.01,0.13136363636363635,0.21409090909090914,61.81818181818182,0.09227272727272728,0.11909090909090912,76.87272727272729,0.011818181818181818,0.042727272727272725,0.6763636363636363,0.015454545454545455,0.08590909090909091,0.1890909090909091,0.06636363636363637,0.011818181818181816,0.5527272727272727
98,85,2010-02-26,3,2,2009-2010,Pinheiros,Saldanha,1,0.4416666666666666,0.15374999999999997,0.19833333333333333,0.08958333333333335,0.14625000000000002,0.042083333333333334,0.10416666666666664,0.07125,0.06958333333333333,1.0666666666666667,0.05125,0.12166666666666666,42.88166666666667,0.09916666666666667,0.18333333333333335,53.774166666666666,0.08958333333333335,0.11541666666666667,77.67333333333333,0.012083333333333335,0.035,0.5041666666666665,0.012916666666666668,0.09041666666666666,0.1675,0.06958333333333333,0.012499999999999997,0.45708333333333334,0.3512499999999999,0.09875,0.20083333333333334,0.05166666666666667,0.13833333333333334,0.04,0.09833333333333334,0.03833333333333334,0.058750000000000004,0.665,0.03291666666666668,0.10916666666666665,30.28666666666666,0.10041666666666667,0.20125,50.73083333333333,0.05166666666666667,0.09708333333333334,53.02583333333333,0.007083333333333334,0.04916666666666667,0.87,0.006666666666666667,0.09458333333333331,0.07083333333333335,0.058750000000000004,0.015,0.30250000000000005
93,80,2010-02-26,3,2,2009-2010,Assis,Bauru Basket,1,0.3841666666666667,0.12374999999999999,0.18916666666666662,0.07125,0.16541666666666666,0.050416666666666686,0.115,0.05208333333333334,0.061250000000000006,1.0383333333333333,0.04125,0.12625,31.915833333333335,0.09458333333333331,0.18250000000000002,52.04666666666666,0.07125,0.10416666666666667,67.20166666666667,0.00875,0.02416666666666667,0.43,0.012916666666666668,0.09291666666666666,0.14083333333333334,0.061250000000000006,0.014583333333333335,0.37166666666666676,0.4041666666666666,0.13249999999999998,0.20333333333333334,0.06833333333333333,0.15541666666666668,0.049166666666666664,0.10625,0.06791666666666667,0.05083333333333334,1.5599999999999998,0.04416666666666667,0.10791666666666666,41.61416666666666,0.10166666666666667,0.19416666666666668,52.87083333333333,0.06833333333333333,0.10208333333333335,67.1425,0.007916666666666667,0.034166666666666665,0.7583333333333333,0.011250000000000001,0.07666666666666666,0.16333333333333333,0.05083333333333334,0.011250000000000001,0.4320833333333333
98,92,2010-02-26,3,2,2009-2010,Araraquara,Minas,1,0.37730769230769223,0.1407692307692308,0.1846153846153846,0.05192307692307692,0.145,0.038076923076923085,0.10692307692307691,0.07230769230769231,0.07192307692307691,1.066923076923077,0.04692307692307693,0.12730769230769232,37.49230769230769,0.0923076923076923,0.18115384615384617,51.08615384615385,0.05192307692307692,0.06653846153846153,77.93153846153847,0.008461538461538463,0.03923076923076923,0.5853846153846154,0.014230769230769234,0.10384615384615384,0.14923076923076922,0.07192307692307691,0.01346153846153846,0.39230769230769236,0.46125,0.14375,0.24,0.0775,0.1725,0.056249999999999994,0.11625,0.10375000000000001,0.07333333333333333,1.4425000000000001,0.04791666666666667,0.11333333333333334,42.840833333333336,0.12,0.21916666666666665,54.62916666666666,0.0775,0.09833333333333333,76.65416666666667,0.0033333333333333327,0.03791666666666666,0.5425,0.012083333333333333,0.09916666666666667,0.125,0.07333333333333333,0.010833333333333334,0.52875
95,56,2010-02-26,3,2,2009-2010,Coop/São José Basketball,Londrina,1,0.3670833333333334,0.12750000000000003,0.18333333333333332,0.056249999999999994,0.15458333333333332,0.05125,0.10333333333333333,0.07791666666666666,0.07208333333333333,1.1616666666666666,0.0425,0.13250000000000003,31.614999999999995,0.09166666666666666,0.15666666666666665,58.57,0.056249999999999994,0.09083333333333334,63.66416666666667,0.006666666666666665,0.037083333333333336,0.5558333333333334,0.008333333333333333,0.09416666666666666,0.09000000000000001,0.07208333333333333,0.0062499999999999995,0.3833333333333333,0.3908333333333333,0.11750000000000001,0.18333333333333335,0.09000000000000001,0.15458333333333335,0.05708333333333335,0.09749999999999999,0.06541666666666666,0.07416666666666667,0.9391666666666665,0.03916666666666667,0.13125,29.478333333333335,0.09166666666666667,0.18374999999999997,50.34083333333333,0.09000000000000001,0.12416666666666665,72.46833333333332,0.0033333333333333327,0.034583333333333334,0.4908333333333334,0.014583333333333332,0.09958333333333332,0.15916666666666668,0.07416666666666667,0.012083333333333335,0.3675
100,87,2010-02-26,3,2,2009-2010,Flamengo,Joinville,1,0.45250000000000007,0.155,0.21916666666666665,0.07833333333333332,0.16374999999999998,0.04041666666666666,0.12333333333333336,0.06583333333333331,0.05875000000000002,1.3074999999999999,0.051666666666666666,0.12541666666666665,42.2475,0.10958333333333332,0.19166666666666668,57.2725,0.07833333333333332,0.10916666666666669,73.04166666666667,0.010833333333333334,0.05125000000000001,1.0,0.015000000000000001,0.09499999999999999,0.16333333333333333,0.05875000000000002,0.007916666666666667,0.5029166666666667,0.4040909090909091,0.1309090909090909,0.18727272727272723,0.08590909090909091,0.1697727272727273,0.05568181818181819,0.1140909090909091,0.06090909090909092,0.05704545454545456,1.2354545454545454,0.04363636363636363,0.1247727272727273,35.67454545454545,0.09363636363636361,0.18886363636363637,49.723636363636366,0.08590909090909091,0.11681818181818183,74.21727272727273,0.007500000000000001,0.033409090909090916,0.65,0.01068181818181818,0.09522727272727272,0.12545454545454549,0.05704545454545456,0.01363636363636364,0.4145454545454546
76,66,2010-02-28,4,2,2009-2010,Sesi Franca,Minas,1,0.43428571428571433,0.14464285714285713,0.195,0.09464285714285715,0.14,0.03785714285714286,0.10214285714285713,0.06392857142857143,0.05500000000000001,1.5,0.04821428571428571,0.12071428571428573,39.21357142857143,0.0975,0.18892857142857142,52.15214285714285,0.09464285714285715,0.12499999999999999,74.97071428571428,0.002142857142857143,0.03571428571428571,0.6885714285714286,0.009642857142857144,0.10821428571428574,0.0942857142857143,0.05500000000000001,0.010357142857142858,0.4342857142857142,0.46115384615384614,0.14307692307692307,0.23923076923076922,0.07884615384615384,0.16999999999999998,0.054615384615384614,0.11538461538461539,0.10115384615384616,0.07346153846153845,1.4030769230769233,0.0476923076923077,0.11423076923076923,42.31461538461539,0.11961538461538461,0.21807692307692308,54.74230769230769,0.07884615384615384,0.10076923076923078,76.37923076923077,0.0034615384615384608,0.036538461538461534,0.5215384615384615,0.011923076923076923,0.10230769230769231,0.12076923076923077,0.07346153846153845,0.010384615384615384,0.5203846153846154
95,72,2010-02-28,4,2,2009-2010,Flamengo,Londrina,1,0.4561538461538462,0.16384615384615384,0.21461538461538462,0.0776923076923077,0.16192307692307692,0.039615384615384615,0.12230769230769235,0.06423076923076922,0.05730769230769232,1.2938461538461539,0.054615384615384614,0.1296153846153846,42.84384615384616,0.10730769230769231,0.18846153846153849,56.96923076923077,0.0776923076923077,0.10769230769230773,73.40615384615384,0.010384615384615384,0.05076923076923078,1.01,0.014230769230769233,0.09576923076923076,0.1546153846153846,0.05730769230769232,0.007692307692307694,0.5038461538461538,0.3823076923076923,0.11423076923076923,0.17846153846153848,0.08961538461538462,0.15307692307692308,0.05653846153846155,0.09653846153846153,0.062307692307692314,0.07576923076923077,0.8869230769230767,0.03807692307692308,0.13,28.883076923076924,0.08923076923076924,0.18153846153846148,49.44615384615384,0.08961538461538462,0.12423076923076921,72.12461538461538,0.0030769230769230765,0.03461538461538461,0.4815384615384616,0.014999999999999998,0.10115384615384615,0.16,0.07576923076923077,0.011153846153846155,0.3526923076923077
91,80,2010-02-28,4,2,2009-2010,Pinheiros,Espírito Santo,1,0.4453846153846153,0.14653846153846153,0.20461538461538462,0.09423076923076924,0.14461538461538462,0.04115384615384616,0.10346153846153844,0.07192307692307692,0.06999999999999999,1.066923076923077,0.048846153846153845,0.11961538461538461,41.20230769230769,0.10230769230769231,0.18692307692307694,54.32,0.09423076923076924,0.11846153846153847,79.14230769230768,0.01230769230769231,0.03461538461538462,0.4961538461538461,0.015000000000000003,0.0923076923076923,0.18153846153846157,0.06999999999999999,0.011923076923076922,0.461923076923077,0.36653846153846154,0.10038461538461539,0.18923076923076923,0.07692307692307691,0.1769230769230769,0.0576923076923077,0.11923076923076922,0.05346153846153846,0.07384615384615385,0.7792307692307692,0.033461538461538466,0.10730769230769231,30.435384615384617,0.09461538461538462,0.19576923076923075,48.76538461538461,0.07692307692307691,0.12269230769230768,63.284615384615385,0.011923076923076922,0.042692307692307696,0.6507692307692309,0.015384615384615384,0.1026923076923077,0.1476923076923077,0.07384615384615385,0.01884615384615385,0.3603846153846154
85,91,2010-02-28,4,2,2009-2010,Paulistano,Saldanha,0,0.37884615384615383,0.10038461538461538,0.21384615384615385,0.06461538461538462,0.1480769230769231,0.047307692307692314,0.10076923076923078,0.06499999999999999,0.06538461538461537,1.0884615384615386,0.033461538461538466,0.11576923076923078,28.756923076923076,0.10692307692307693,0.20423076923076924,52.86769230769231,0.06461538461538462,0.1023076923076923,62.93692307692308,0.005769230769230769,0.03615384615384616,0.6169230769230769,0.01076923076923077,0.10692307692307693,0.10461538461538462,0.06538461538461537,0.011923076923076925,0.35615384615384615,0.35692307692307684,0.09346153846153847,0.21153846153846154,0.05192307692307693,0.14038461538461539,0.04038461538461539,0.10000000000000002,0.04076923076923077,0.059615384615384626,0.6907692307692308,0.031153846153846164,0.10384615384615384,29.879999999999995,0.10576923076923077,0.21038461538461536,50.91538461538461,0.05192307692307693,0.0996153846153846,52.201538461538455,0.008076923076923077,0.04692307692307693,0.8253846153846153,0.006153846153846154,0.09615384615384613,0.06538461538461539,0.059615384615384626,0.016538461538461537,0.30653846153846154
95,90,2010-02-28,4,2,2009-2010,Araraquara,Brasília,1,0.38535714285714284,0.13821428571428576,0.18785714285714286,0.05928571428571428,0.14714285714285716,0.03964285714285715,0.1075,0.0732142857142857,0.06999999999999999,1.125714285714286,0.04607142857142858,0.12714285714285717,36.81428571428571,0.09392857142857143,0.18142857142857144,51.87714285714286,0.05928571428571428,0.07464285714285714,78.51571428571428,0.008214285714285716,0.03928571428571429,0.6071428571428571,0.01428571428571429,0.10571428571428572,0.14714285714285716,0.06999999999999999,0.012857142857142857,0.4053571428571429,0.4725,0.115,0.2658333333333333,0.09166666666666667,0.17875000000000005,0.05666666666666667,0.12208333333333334,0.09666666666666666,0.06500000000000002,1.57,0.03833333333333333,0.11791666666666666,32.93,0.13291666666666666,0.22000000000000006,61.0525,0.09166666666666667,0.11791666666666668,77.21250000000002,0.012499999999999999,0.04,0.6366666666666666,0.015416666666666667,0.08833333333333333,0.18416666666666667,0.06500000000000002,0.011666666666666665,0.5454166666666667
93,76,2010-02-28,4,2,2009-2010,Coop/São José Basketball,Joinville,1,0.37538461538461537,0.1303846153846154,0.1846153846153846,0.06038461538461538,0.15730769230769232,0.0526923076923077,0.10461538461538461,0.08038461538461537,0.07076923076923078,1.2261538461538461,0.04346153846153847,0.13423076923076926,31.91230769230769,0.0923076923076923,0.16,57.91076923076923,0.06038461538461538,0.095,64.60230769230769,0.0069230769230769216,0.04,0.6176923076923078,0.008461538461538461,0.09615384615384616,0.08923076923076924,0.07076923076923078,0.005769230769230769,0.3976923076923077,0.4066666666666667,0.13875,0.1858333333333333,0.08208333333333333,0.17104166666666668,0.05604166666666668,0.115,0.06416666666666668,0.06020833333333334,1.22,0.04624999999999999,0.12937500000000002,36.174166666666665,0.09291666666666665,0.185625,50.3025,0.08208333333333333,0.11416666666666668,71.95416666666667,0.007291666666666668,0.03354166666666667,0.6266666666666667,0.010208333333333331,0.09479166666666666,0.12000000000000004,0.06020833333333334,0.014166666666666668,0.41750000000000004
82,76,2010-03-05,5,2,2009-2010,Minas,Assis,1,0.4517857142857143,0.1382142857142857,0.23857142857142857,0.07499999999999998,0.17142857142857143,0.05392857142857143,0.11750000000000001,0.09892857142857145,0.07642857142857143,1.3464285714285715,0.04607142857142858,0.11214285714285714,41.392857142857146,0.11928571428571429,0.21821428571428572,54.565714285714286,0.07499999999999998,0.09642857142857143,75.38785714285714,0.003928571428571428,0.03785714285714286,0.5185714285714286,0.012142857142857141,0.10178571428571428,0.12357142857142857,0.07642857142857143,0.011785714285714287,0.5092857142857143,0.3903846153846154,0.12692307692307692,0.19076923076923075,0.0726923076923077,0.16192307692307692,0.04923076923076925,0.1126923076923077,0.0526923076923077,0.06115384615384616,1.0353846153846153,0.04230769230769231,0.12269230769230768,34.74923076923077,0.09538461538461537,0.18346153846153848,52.18538461538461,0.0726923076923077,0.10423076923076922,68.62538461538462,0.008461538461538463,0.026153846153846156,0.46076923076923076,0.01230769230769231,0.09384615384615384,0.13384615384615384,0.06115384615384616,0.014230769230769233,0.38230769230769235
100,76,2010-03-05,5,2,2009-2010,Brasília,Bauru Basket,1,0.4707692307692308,0.11423076923076923,0.26307692307692304,0.09346153846153847,0.1730769230769231,0.05538461538461539,0.1176923076923077,0.09423076923076922,0.06730769230769232,1.5015384615384615,0.03807692307692308,0.11730769230769231,32.84461538461538,0.13153846153846152,0.2180769230769231,60.892307692307696,0.09346153846153847,0.11923076923076925,77.82615384615386,0.011538461538461537,0.04192307692307692,0.64,0.01423076923076923,0.09038461538461538,0.16999999999999998,0.06730769230769232,0.01269230769230769,0.5353846153846153,0.40384615384615385,0.13615384615384613,0.1992307692307692,0.06846153846153845,0.14884615384615385,0.046538461538461535,0.1023076923076923,0.06807692307692308,0.05153846153846155,1.53,0.04538461538461539,0.10730769230769231,43.02846153846153,0.0996153846153846,0.19,52.924615384615386,0.06846153846153845,0.10230769230769231,67.10615384615383,0.007692307692307693,0.03307692307692307,0.7253846153846154,0.010384615384615384,0.07923076923076923,0.15076923076923077,0.05153846153846155,0.011153846153846155,0.42653846153846153
105,107,2010-03-05,5,2,2009-2010,Londrina,Pinheiros,0,0.3807142857142857,0.11357142857142857,0.17642857142857143,0.09071428571428572,0.15214285714285716,0.05607142857142859,0.09607142857142857,0.06178571428571429,0.07607142857142857,0.8728571428571427,0.03785714285714286,0.1317857142857143,28.43285714285714,0.08821428571428572,0.18107142857142852,48.97571428571428,0.09071428571428572,0.12357142857142855,73.49428571428571,0.003214285714285714,0.03571428571428571,0.49214285714285716,0.014285714285714285,0.10285714285714286,0.15142857142857144,0.07607142857142857,0.010714285714285716,0.3489285714285714,0.4460714285714285,0.1425,0.21071428571428572,0.09285714285714286,0.1435714285714286,0.04035714285714286,0.1032142857142857,0.07142857142857142,0.0707142857142857,1.0485714285714287,0.0475,0.1157142857142857,41.55571428571428,0.10535714285714286,0.1892857142857143,55.14785714285714,0.09285714285714286,0.11821428571428572,78.14785714285713,0.012142857142857146,0.034285714285714294,0.4878571428571428,0.015000000000000001,0.09428571428571428,0.17785714285714288,0.0707142857142857,0.012142857142857141,0.4621428571428572
62,95,2010-03-05,5,2,2009-2010,Saldanha,Sesi Franca,0,0.3639285714285713,0.09214285714285715,0.21571428571428572,0.056071428571428585,0.14535714285714288,0.04285714285714286,0.10250000000000002,0.04428571428571428,0.0642857142857143,0.692857142857143,0.030714285714285725,0.09964285714285713,31.71428571428571,0.10785714285714286,0.21428571428571427,50.91714285714285,0.056071428571428585,0.10142857142857142,54.75857142857142,0.007857142857142858,0.04642857142857144,0.7892857142857143,0.0071428571428571435,0.09678571428571427,0.07428571428571429,0.0642857142857143,0.016428571428571428,0.3221428571428572,0.4306666666666667,0.14400000000000002,0.194,0.09266666666666667,0.13933333333333336,0.03666666666666667,0.10266666666666667,0.064,0.05700000000000001,1.4506666666666668,0.048,0.11933333333333335,39.599333333333334,0.097,0.189,51.83333333333333,0.09266666666666667,0.12199999999999998,75.38933333333333,0.0026666666666666666,0.03766666666666666,0.6933333333333334,0.010333333333333333,0.10466666666666669,0.11200000000000002,0.05700000000000001,0.010333333333333335,0.4323333333333333
74,79,2010-03-05,5,2,2009-2010,Joinville,Paulistano,0,0.4046153846153846,0.13615384615384615,0.18538461538461537,0.08307692307692308,0.16480769230769232,0.052115384615384626,0.1126923076923077,0.06346153846153847,0.059807692307692326,1.203076923076923,0.045384615384615384,0.12903846153846155,35.54538461538461,0.09269230769230768,0.1851923076923077,50.27923076923077,0.08307692307692308,0.11346153846153847,73.37923076923077,0.007500000000000001,0.03365384615384616,0.6276923076923077,0.009807692307692305,0.09557692307692307,0.11461538461538465,0.059807692307692326,0.013076923076923078,0.4100000000000001,0.3821428571428571,0.10285714285714286,0.21214285714285716,0.06714285714285714,0.14464285714285716,0.04750000000000001,0.09714285714285716,0.06607142857142856,0.06499999999999999,1.1057142857142856,0.03428571428571429,0.11857142857142858,28.77642857142857,0.10607142857142858,0.20321428571428574,52.66285714285714,0.06714285714285714,0.10392857142857141,64.1557142857143,0.005357142857142857,0.038571428571428576,0.6564285714285714,0.011428571428571429,0.10785714285714287,0.10928571428571429,0.06499999999999999,0.011071428571428574,0.35964285714285715
73,68,2010-03-05,5,2,2009-2010,Espírito Santo,Araraquara,1,0.36892857142857144,0.09964285714285716,0.1907142857142857,0.07857142857142856,0.1764285714285714,0.05964285714285715,0.11678571428571427,0.05178571428571429,0.07392857142857144,0.7521428571428571,0.03321428571428572,0.10750000000000001,30.209285714285716,0.09535714285714285,0.19714285714285712,48.770714285714284,0.07857142857142856,0.12535714285714286,63.228571428571435,0.011428571428571427,0.04214285714285715,0.637857142857143,0.014642857142857141,0.10285714285714286,0.14071428571428574,0.07392857142857144,0.019285714285714288,0.3571428571428572,0.39133333333333326,0.13900000000000004,0.19266666666666665,0.059666666666666666,0.14800000000000002,0.040333333333333346,0.10766666666666666,0.07566666666666667,0.072,1.124,0.046333333333333344,0.12500000000000003,37.86866666666666,0.09633333333333333,0.183,52.645999999999994,0.059666666666666666,0.07666666666666666,77.408,0.008333333333333335,0.03966666666666667,0.5966666666666666,0.01366666666666667,0.10766666666666666,0.14,0.072,0.013666666666666666,0.41400000000000003
64,85,2010-03-07,6,2,2009-2010,Espírito Santo,Sesi Franca,0,0.3686666666666667,0.10300000000000001,0.18866666666666668,0.07699999999999999,0.176,0.05900000000000001,0.11699999999999999,0.05233333333333334,0.07333333333333333,0.7633333333333333,0.03433333333333334,0.11066666666666668,30.346,0.09433333333333334,0.19399999999999998,49.074666666666666,0.07699999999999999,0.12199999999999998,63.90200000000001,0.010666666666666665,0.04166666666666667,0.6313333333333335,0.014666666666666665,0.10200000000000001,0.14266666666666666,0.07333333333333333,0.019333333333333334,0.35900000000000004,0.43766666666666665,0.15499999999999997,0.18933333333333335,0.09333333333333334,0.138,0.035,0.10300000000000001,0.06200000000000001,0.05733333333333334,1.2393333333333336,0.05166666666666667,0.12233333333333336,41.76733333333334,0.09466666666666668,0.18333333333333332,52.433333333333344,0.09333333333333334,0.12399999999999999,74.946,0.0033333333333333335,0.04033333333333334,0.81,0.009999999999999998,0.10433333333333335,0.10866666666666666,0.05733333333333334,0.010666666666666668,0.44066666666666665
61,70,2010-03-07,6,2,2009-2010,Saldanha,Araraquara,0,0.36033333333333323,0.08800000000000001,0.21666666666666667,0.05566666666666668,0.14733333333333334,0.044,0.10333333333333335,0.043333333333333335,0.06266666666666668,0.6966666666666668,0.029333333333333343,0.09633333333333333,30.93333333333333,0.10833333333333334,0.21766666666666667,50.41599999999999,0.05566666666666668,0.09933333333333333,55.87,0.008,0.04500000000000001,0.7786666666666666,0.007666666666666667,0.09533333333333331,0.08266666666666667,0.06266666666666668,0.016,0.321,0.38866666666666666,0.13899999999999998,0.18999999999999997,0.05966666666666667,0.1486666666666667,0.04033333333333334,0.10833333333333335,0.075,0.07233333333333333,1.1073333333333333,0.046333333333333344,0.12366666666666667,38.326,0.09499999999999999,0.18433333333333332,51.392,0.05966666666666667,0.078,75.95333333333333,0.008,0.038,0.5666666666666667,0.01366666666666667,0.11,0.13333333333333333,0.07233333333333333,0.013666666666666667,0.4066666666666667
63,75,2010-03-07,6,2,2009-2010,Joinville,Pinheiros,0,0.40214285714285714,0.1382142857142857,0.18285714285714283,0.08107142857142857,0.16339285714285715,0.05196428571428573,0.11142857142857143,0.06000000000000001,0.06017857142857145,1.1335714285714285,0.046071428571428576,0.12910714285714286,36.028571428571425,0.09142857142857141,0.18589285714285714,49.435,0.08107142857142857,0.11321428571428573,71.70928571428571,0.007678571428571429,0.03482142857142858,0.6378571428571428,0.010178571428571426,0.09660714285714286,0.11642857142857145,0.06017857142857145,0.013214285714285715,0.4007142857142858,0.45199999999999996,0.141,0.21733333333333335,0.09366666666666666,0.1446666666666667,0.04033333333333334,0.10433333333333333,0.073,0.06899999999999999,1.1193333333333335,0.04700000000000001,0.11599999999999998,41.007333333333335,0.10866666666666668,0.19333333333333336,55.60466666666666,0.09366666666666666,0.11966666666666666,77.938,0.012666666666666668,0.03633333333333334,0.5513333333333333,0.015333333333333334,0.09766666666666665,0.17533333333333337,0.06899999999999999,0.011666666666666665,0.47266666666666673
75,64,2010-03-07,6,2,2009-2010,Londrina,Paulistano,1,0.39033333333333337,0.11900000000000001,0.1766666666666667,0.09466666666666666,0.15466666666666667,0.05533333333333335,0.09933333333333333,0.06433333333333334,0.07666666666666666,0.8933333333333331,0.03966666666666666,0.13166666666666668,29.87066666666667,0.08833333333333335,0.18266666666666662,48.63733333333333,0.09466666666666666,0.12733333333333333,74.14999999999999,0.003999999999999999,0.03566666666666666,0.4866666666666667,0.013333333333333332,0.10433333333333333,0.14133333333333334,0.07666666666666666,0.010666666666666668,0.36266666666666664,0.38299999999999995,0.106,0.20733333333333334,0.06966666666666668,0.1476666666666667,0.04833333333333334,0.09933333333333334,0.06466666666666666,0.06599999999999999,1.0693333333333332,0.035333333333333335,0.12033333333333335,29.15666666666667,0.10366666666666667,0.2016666666666667,51.74466666666667,0.06966666666666668,0.10533333333333332,65.47866666666667,0.005,0.03900000000000001,0.65,0.010666666666666666,0.10733333333333335,0.10200000000000001,0.06599999999999999,0.011333333333333336,0.36033333333333334
114,113,2010-03-07,6,2,2009-2010,Minas,Bauru Basket,1,0.449,0.13199999999999998,0.23999999999999996,0.07699999999999999,0.17366666666666666,0.05433333333333333,0.11933333333333333,0.09800000000000002,0.07600000000000001,1.3373333333333335,0.04400000000000001,0.11066666666666668,39.74466666666667,0.11999999999999998,0.219,54.696,0.07699999999999999,0.09833333333333334,75.962,0.003999999999999999,0.03666666666666667,0.5033333333333333,0.011666666666666665,0.103,0.11800000000000001,0.07600000000000001,0.011666666666666667,0.506,0.40214285714285714,0.13714285714285712,0.19857142857142857,0.06642857142857142,0.14857142857142858,0.046785714285714285,0.10178571428571427,0.06607142857142857,0.05035714285714287,1.5021428571428572,0.04571428571428572,0.10928571428571429,42.600714285714275,0.09928571428571428,0.19285714285714287,52.09428571428571,0.06642857142857142,0.0992857142857143,67.07499999999999,0.007500000000000001,0.032857142857142856,0.735,0.009642857142857144,0.07785714285714286,0.13999999999999999,0.05035714285714287,0.010714285714285716,0.41892857142857143
101,62,2010-03-07,6,2,2009-2010,Brasília,Assis,1,0.47285714285714286,0.11678571428571428,0.2657142857142857,0.09035714285714287,0.17464285714285716,0.05464285714285715,0.12,0.09571428571428571,0.06607142857142859,1.5585714285714285,0.03892857142857143,0.11714285714285713,33.604285714285716,0.13285714285714284,0.21892857142857144,61.20142857142857,0.09035714285714287,0.11535714285714287,77.7614285714286,0.012142857142857141,0.04107142857142857,0.6371428571428571,0.016428571428571428,0.08750000000000001,0.22214285714285714,0.06607142857142859,0.012142857142857141,0.5453571428571429,0.3896428571428571,0.12642857142857142,0.18999999999999997,0.0732142857142857,0.1582142857142857,0.04750000000000002,0.11071428571428572,0.05214285714285715,0.06000000000000001,1.032857142857143,0.04214285714285715,0.12321428571428572,34.464999999999996,0.09499999999999999,0.18142857142857144,52.605000000000004,0.0732142857142857,0.10464285714285715,68.91857142857144,0.008214285714285716,0.028214285714285716,0.515,0.012500000000000002,0.09607142857142857,0.13285714285714284,0.06000000000000001,0.01392857142857143,0.38178571428571434
101,89,2010-03-07,5,2,2009-2010,Flamengo,Coop/São José Basketball,1,0.4575,0.1575,0.2192857142857143,0.08071428571428571,0.16107142857142856,0.038214285714285715,0.1228571428571429,0.06535714285714285,0.058214285714285725,1.282857142857143,0.0525,0.12714285714285714,41.66357142857144,0.10964285714285715,0.19142857142857145,57.24785714285714,0.08071428571428571,0.11035714285714289,74.07428571428571,0.01,0.05214285714285716,1.0092857142857141,0.014285714285714287,0.09607142857142857,0.15428571428571428,0.058214285714285725,0.007857142857142858,0.5060714285714286,0.3817857142857143,0.1317857142857143,0.18785714285714286,0.06214285714285713,0.15964285714285714,0.05214285714285715,0.1075,0.08392857142857142,0.07214285714285715,1.2414285714285713,0.043928571428571435,0.13321428571428573,32.60928571428571,0.09392857142857143,0.16142857142857145,58.337857142857146,0.06214285714285713,0.09642857142857143,65.26714285714286,0.007499999999999999,0.03892857142857143,0.5935714285714286,0.008214285714285714,0.09714285714285716,0.08642857142857144,0.07214285714285715,0.005357142857142857,0.4092857142857143
77,96,2010-03-12,7,2,2009-2010,Brasília,Minas,0,0.475,0.12400000000000001,0.2646666666666666,0.08633333333333335,0.1776666666666667,0.053666666666666675,0.12399999999999999,0.09566666666666665,0.06566666666666668,1.5599999999999998,0.04133333333333333,0.12066666666666666,34.30533333333333,0.1323333333333333,0.2156666666666667,62.02333333333333,0.08633333333333335,0.11100000000000002,76.57733333333336,0.012333333333333333,0.03966666666666666,0.6166666666666667,0.01633333333333333,0.08766666666666668,0.21866666666666665,0.06566666666666668,0.012333333333333333,0.5513333333333333,0.45766666666666667,0.12699999999999997,0.25066666666666665,0.08,0.17533333333333337,0.05433333333333333,0.12100000000000001,0.10200000000000002,0.07566666666666665,1.3886666666666667,0.04233333333333334,0.111,38.21133333333332,0.12533333333333332,0.22266666666666665,56.03999999999999,0.08,0.10099999999999999,76.93666666666667,0.004,0.037000000000000005,0.508,0.012333333333333333,0.10633333333333332,0.12333333333333334,0.07566666666666665,0.011333333333333336,0.5216666666666667
81,73,2010-03-12,7,2,2009-2010,Sesi Franca,Londrina,1,0.43933333333333324,0.149,0.19466666666666665,0.09566666666666666,0.13900000000000004,0.034666666666666665,0.10433333333333333,0.06366666666666668,0.058,1.2553333333333332,0.049666666666666665,0.11900000000000001,41.448,0.09733333333333333,0.18433333333333335,53.54200000000001,0.09566666666666666,0.12533333333333332,76.764,0.0036666666666666666,0.04033333333333333,0.802,0.010333333333333333,0.10533333333333335,0.11,0.058,0.010333333333333335,0.4486666666666667,0.39000000000000007,0.12699999999999997,0.16799999999999998,0.095,0.15700000000000003,0.055666666666666684,0.10133333333333333,0.064,0.07566666666666667,0.9033333333333331,0.04233333333333334,0.13500000000000004,31.497333333333334,0.08399999999999999,0.18033333333333332,47.09133333333334,0.095,0.12566666666666668,75.728,0.003999999999999999,0.039,0.5453333333333333,0.012000000000000002,0.10466666666666666,0.12333333333333334,0.07566666666666667,0.010000000000000002,0.3666666666666666
94,72,2010-03-12,7,2,2009-2010,Bauru Basket,Saldanha,1,0.41300000000000003,0.13799999999999998,0.20666666666666664,0.06833333333333333,0.14800000000000002,0.048666666666666664,0.09933333333333332,0.06666666666666667,0.049000000000000016,1.5686666666666667,0.04600000000000001,0.11066666666666668,42.32466666666666,0.10333333333333332,0.1996666666666667,52.23733333333333,0.06833333333333333,0.10200000000000002,67.12733333333333,0.007333333333333334,0.033,0.7639999999999999,0.010333333333333333,0.08000000000000002,0.14266666666666666,0.049000000000000016,0.010333333333333335,0.42733333333333334,0.3566666666666666,0.082,0.218,0.05666666666666668,0.15033333333333332,0.04633333333333334,0.104,0.04200000000000001,0.062333333333333345,0.6780000000000002,0.02733333333333334,0.094,29.471999999999994,0.109,0.21966666666666673,50.26466666666666,0.05666666666666668,0.09866666666666667,57.71533333333335,0.008,0.04833333333333334,0.84,0.008,0.09633333333333333,0.08466666666666665,0.062333333333333345,0.017,0.3236666666666667
89,75,2010-03-12,7,2,2009-2010,Assis,Espírito Santo,1,0.3843333333333333,0.121,0.18866666666666665,0.07466666666666666,0.15566666666666668,0.04566666666666668,0.11000000000000001,0.05333333333333334,0.05800000000000002,1.1193333333333333,0.04033333333333334,0.12233333333333335,33.07666666666667,0.09433333333333332,0.182,52.080666666666666,0.07466666666666666,0.10633333333333335,69.196,0.008000000000000002,0.028000000000000004,0.5359999999999999,0.012000000000000004,0.09333333333333332,0.13,0.05800000000000002,0.013666666666666669,0.374,0.36666666666666664,0.099,0.19133333333333333,0.07633333333333332,0.17366666666666664,0.05800000000000001,0.11566666666666665,0.05066666666666668,0.07300000000000001,0.7486666666666667,0.03300000000000001,0.10733333333333334,30.229333333333333,0.09566666666666666,0.19466666666666665,49.662666666666674,0.07633333333333332,0.12333333333333334,62.23533333333334,0.010333333333333335,0.04233333333333334,0.6393333333333333,0.015333333333333332,0.10166666666666667,0.15000000000000002,0.07300000000000001,0.019000000000000003,0.35533333333333333
95,90,2010-03-12,7,2,2009-2010,Paulistano,Coop/São José Basketball,1,0.37599999999999995,0.106,0.20133333333333334,0.06866666666666667,0.14866666666666667,0.04866666666666667,0.1,0.06066666666666667,0.06866666666666667,0.9493333333333333,0.035333333333333335,0.12166666666666667,28.839333333333332,0.10066666666666667,0.1996666666666667,50.75333333333333,0.06866666666666667,0.103,66.72466666666666,0.005,0.03833333333333334,0.6039999999999999,0.011000000000000001,0.10733333333333335,0.10533333333333333,0.06866666666666667,0.012333333333333335,0.3463333333333333,0.386,0.136,0.18666666666666665,0.06333333333333332,0.16,0.05233333333333334,0.10766666666666666,0.086,0.07166666666666667,1.2766666666666666,0.045333333333333344,0.13566666666666669,32.98466666666666,0.09333333333333332,0.16133333333333336,57.99066666666667,0.06333333333333332,0.09666666666666668,66.24933333333334,0.006999999999999998,0.037000000000000005,0.5640000000000001,0.008,0.09633333333333334,0.08466666666666668,0.07166666666666667,0.006333333333333333,0.4136666666666667
90,93,2010-03-12,7,2,2009-2010,Araraquara,Joinville,0,0.3869999999999999,0.14,0.18533333333333335,0.06166666666666667,0.14733333333333334,0.038333333333333344,0.10900000000000001,0.07266666666666667,0.06999999999999999,1.0906666666666667,0.04666666666666667,0.12066666666666667,39.27066666666666,0.09266666666666667,0.178,52.10733333333334,0.06166666666666667,0.08266666666666667,74.77600000000001,0.008,0.038000000000000006,0.5833333333333335,0.011666666666666669,0.109,0.114,0.06999999999999999,0.013666666666666667,0.4063333333333334,0.39633333333333337,0.136,0.18266666666666664,0.07766666666666668,0.16416666666666666,0.052500000000000005,0.11166666666666666,0.06000000000000001,0.06050000000000001,1.1193333333333333,0.04533333333333334,0.13016666666666668,35.236,0.09133333333333332,0.18683333333333335,49.13933333333333,0.07766666666666668,0.10966666666666668,70.262,0.007833333333333333,0.03316666666666667,0.6053333333333334,0.009499999999999998,0.09683333333333334,0.10866666666666669,0.06050000000000001,0.013333333333333334,0.3903333333333334
79,83,2010-03-12,7,2,2009-2010,Pinheiros,Flamengo,0,0.4463333333333333,0.137,0.21600000000000003,0.09333333333333332,0.14633333333333334,0.03966666666666667,0.10666666666666667,0.07,0.07033333333333333,1.0613333333333332,0.045666666666666675,0.112,40.826666666666675,0.10800000000000001,0.19433333333333336,54.947333333333326,0.09333333333333332,0.11933333333333332,77.88533333333334,0.011666666666666667,0.035333333333333335,0.5253333333333334,0.015333333333333334,0.09533333333333333,0.17666666666666667,0.07033333333333333,0.012333333333333332,0.4643333333333333,0.46066666666666667,0.166,0.21466666666666667,0.08,0.16033333333333333,0.038000000000000006,0.12233333333333338,0.06766666666666667,0.05733333333333335,1.3453333333333333,0.05533333333333333,0.13199999999999998,42.052666666666674,0.10733333333333334,0.18833333333333335,56.879333333333335,0.08,0.10866666666666669,74.62599999999999,0.010000000000000002,0.05133333333333335,1.0013333333333334,0.014000000000000002,0.09633333333333334,0.15066666666666664,0.05733333333333335,0.008333333333333333,0.5103333333333333
91,77,2010-03-14,8,2,2009-2010,Sesi Franca,Joinville,1,0.431,0.13799999999999998,0.196,0.097,0.14,0.03600000000000001,0.10400000000000001,0.064,0.056666666666666664,1.2853333333333332,0.046000000000000006,0.11600000000000002,39.756,0.098,0.187,53.118,0.097,0.12533333333333332,78.03333333333333,0.004333333333333333,0.04200000000000001,0.8420000000000001,0.011000000000000001,0.10400000000000002,0.11866666666666666,0.056666666666666664,0.010000000000000002,0.444,0.39133333333333337,0.137,0.174,0.08033333333333334,0.16183333333333333,0.050499999999999996,0.11133333333333333,0.05966666666666666,0.06183333333333334,1.0893333333333333,0.045666666666666675,0.13183333333333336,34.95666666666667,0.087,0.18216666666666667,48.391333333333336,0.08033333333333334,0.11300000000000002,70.31466666666667,0.006833333333333332,0.03216666666666667,0.5793333333333333,0.008833333333333334,0.09616666666666669,0.10266666666666668,0.06183333333333334,0.013000000000000001,0.37800000000000006
81,74,2010-03-14,8,2,2009-2010,Araraquara,Londrina,1,0.38999999999999996,0.14000000000000004,0.18799999999999997,0.06199999999999999,0.14466666666666667,0.03633333333333334,0.10833333333333334,0.07100000000000001,0.06799999999999999,1.0953333333333333,0.046666666666666676,0.11766666666666667,40.22133333333332,0.09399999999999999,0.17966666666666667,52.269999999999996,0.06199999999999999,0.08333333333333331,74.62400000000001,0.009000000000000001,0.03833333333333333,0.5980000000000001,0.010333333333333335,0.10900000000000001,0.10200000000000002,0.06799999999999999,0.013666666666666667,0.4083333333333333,0.3913333333333334,0.132,0.1673333333333333,0.092,0.15133333333333335,0.05166666666666668,0.09966666666666667,0.06333333333333332,0.07433333333333333,0.9073333333333332,0.04400000000000001,0.13733333333333336,32.212,0.08366666666666665,0.17733333333333332,47.53866666666667,0.092,0.12233333333333334,75.46133333333333,0.004333333333333332,0.03899999999999999,0.5519999999999999,0.012,0.10533333333333335,0.12199999999999998,0.07433333333333333,0.010000000000000002,0.36533333333333323
79,56,2010-03-14,8,2,2009-2010,Assis,Saldanha,1,0.393,0.129,0.18933333333333333,0.07466666666666666,0.15200000000000002,0.04300000000000001,0.10900000000000001,0.05633333333333333,0.05766666666666668,1.1793333333333331,0.04300000000000001,0.12433333333333337,35.041333333333334,0.09466666666666666,0.17766666666666664,53.470000000000006,0.07466666666666666,0.10633333333333334,69.196,0.008666666666666668,0.02966666666666667,0.5673333333333334,0.012333333333333335,0.09366666666666666,0.13266666666666668,0.05766666666666668,0.013666666666666669,0.38966666666666666,0.35566666666666663,0.07699999999999999,0.22199999999999998,0.05666666666666667,0.15099999999999997,0.04633333333333334,0.10466666666666667,0.04233333333333335,0.06033333333333335,0.7180000000000001,0.025666666666666674,0.09033333333333332,29.027333333333335,0.11099999999999999,0.2246666666666667,49.97666666666666,0.05666666666666667,0.09766666666666667,58.30733333333334,0.008,0.046666666666666676,0.8320000000000001,0.009000000000000001,0.09733333333333334,0.09466666666666666,0.06033333333333335,0.016666666666666666,0.325
70,71,2010-03-14,8,2,2009-2010,Pinheiros,Coop/São José Basketball,0,0.44733333333333325,0.136,0.21533333333333335,0.096,0.14833333333333334,0.04033333333333334,0.10800000000000001,0.07133333333333333,0.06933333333333333,1.0893333333333335,0.045333333333333344,0.11666666666666665,39.220666666666666,0.10766666666666667,0.1906666666666667,55.97,0.096,0.12266666666666666,78.32133333333331,0.012,0.034333333333333334,0.5173333333333334,0.014333333333333333,0.09666666666666666,0.16266666666666665,0.06933333333333333,0.011000000000000001,0.46533333333333343,0.38800000000000007,0.14100000000000001,0.182,0.06499999999999999,0.15666666666666668,0.04966666666666668,0.107,0.08533333333333332,0.07300000000000001,1.2193333333333334,0.04700000000000001,0.136,33.906,0.091,0.16066666666666668,56.62,0.06499999999999999,0.098,66.966,0.006666666666666666,0.03766666666666667,0.5640000000000001,0.007666666666666667,0.09766666666666665,0.08133333333333334,0.07300000000000001,0.007,0.4106666666666667
80,72,2010-03-14,8,2,2009-2010,Bauru Basket,Espírito Santo,1,0.4213333333333334,0.141,0.2106666666666666,0.06966666666666667,0.1486666666666667,0.04933333333333334,0.09933333333333332,0.06866666666666667,0.04866666666666668,1.6106666666666667,0.047000000000000014,0.111,43.035999999999994,0.1053333333333333,0.20066666666666666,52.94533333333333,0.06966666666666667,0.10366666666666667,67.36533333333333,0.008,0.03133333333333334,0.7386666666666666,0.009666666666666665,0.08266666666666668,0.12266666666666666,0.04866666666666668,0.011000000000000001,0.4376666666666667,0.3736666666666667,0.10600000000000001,0.19200000000000003,0.07566666666666667,0.16799999999999998,0.05800000000000002,0.11000000000000003,0.049000000000000016,0.07033333333333334,0.7420000000000001,0.03533333333333334,0.11033333333333334,32.258,0.09600000000000002,0.193,50.34933333333334,0.07566666666666667,0.12033333333333333,63.11400000000001,0.010333333333333335,0.04233333333333334,0.6486666666666668,0.013666666666666667,0.101,0.13266666666666665,0.07033333333333334,0.018666666666666668,0.3596666666666667
77,86,2010-03-14,8,2,2009-2010,Paulistano,Flamengo,0,0.39033333333333325,0.10899999999999999,0.20933333333333332,0.07200000000000001,0.14966666666666667,0.04900000000000001,0.10066666666666667,0.06333333333333334,0.07166666666666667,0.9179999999999998,0.036333333333333336,0.12066666666666669,30.13133333333333,0.10466666666666666,0.19766666666666666,53.518,0.07200000000000001,0.10766666666666666,67.09266666666666,0.005666666666666666,0.038666666666666676,0.5553333333333333,0.010666666666666668,0.10766666666666667,0.10133333333333334,0.07166666666666667,0.014666666666666668,0.368,0.45533333333333326,0.165,0.21266666666666667,0.07766666666666665,0.15966666666666668,0.038333333333333344,0.12133333333333336,0.06966666666666667,0.058000000000000024,1.364,0.055,0.13299999999999998,41.403999999999996,0.10633333333333334,0.188,56.38066666666667,0.07766666666666665,0.10500000000000001,75.27600000000001,0.011333333333333334,0.05,0.97,0.013666666666666667,0.09766666666666667,0.14666666666666667,0.058000000000000024,0.008,0.5033333333333333
78,70,2010-03-19,9,2,2009-2010,Flamengo,Sesi Franca,1,0.461,0.168,0.21933333333333332,0.07366666666666664,0.15866666666666665,0.036666666666666674,0.12200000000000003,0.07366666666666667,0.060000000000000005,1.391333333333333,0.056,0.13299999999999998,42.173333333333325,0.10966666666666666,0.18999999999999997,57.81266666666667,0.07366666666666664,0.099,75.03333333333333,0.011666666666666665,0.04933333333333335,0.9499999999999998,0.01266666666666667,0.09800000000000002,0.13866666666666666,0.060000000000000005,0.008333333333333333,0.5126666666666666,0.43766666666666665,0.138,0.202,0.09766666666666667,0.14400000000000002,0.03600000000000001,0.10800000000000001,0.06566666666666668,0.057,1.3106666666666666,0.046000000000000006,0.11633333333333334,39.663999999999994,0.101,0.18800000000000003,54.674,0.09766666666666667,0.12766666666666668,77.08133333333333,0.004333333333333333,0.04333333333333334,0.8633333333333333,0.011333333333333334,0.10566666666666667,0.12066666666666666,0.057,0.010000000000000002,0.45766666666666667
72,81,2010-03-19,9,2,2009-2010,Saldanha,Minas,0,0.3496666666666667,0.073,0.22066666666666665,0.05600000000000001,0.15,0.046666666666666676,0.10333333333333333,0.042000000000000016,0.06200000000000001,0.7026666666666668,0.02433333333333334,0.08899999999999998,28.027333333333335,0.11033333333333332,0.22800000000000006,48.395999999999994,0.05600000000000001,0.09633333333333335,58.529333333333334,0.008,0.04833333333333335,0.8433333333333334,0.009000000000000001,0.09666666666666668,0.09533333333333331,0.06200000000000001,0.017,0.31433333333333324,0.456,0.12999999999999998,0.24866666666666667,0.07733333333333332,0.17266666666666666,0.05166666666666667,0.121,0.10466666666666669,0.07666666666666666,1.4060000000000001,0.04333333333333333,0.10699999999999998,40.75800000000001,0.12433333333333334,0.22166666666666668,55.818,0.07733333333333332,0.09666666666666666,77.50800000000001,0.004333333333333333,0.035,0.47,0.011666666666666669,0.10633333333333332,0.11666666666666667,0.07666666666666666,0.012333333333333335,0.523
96,89,2010-03-19,9,2,2009-2010,Coop/São José Basketball,Araraquara,1,0.3893333333333333,0.145,0.1806666666666667,0.06366666666666666,0.16,0.05066666666666667,0.10933333333333332,0.08766666666666666,0.07200000000000001,1.28,0.04833333333333333,0.13933333333333334,34.461333333333336,0.09033333333333335,0.1613333333333333,56.032666666666664,0.06366666666666666,0.096,66.82933333333334,0.006333333333333333,0.035,0.532,0.008333333333333333,0.097,0.08800000000000002,0.07200000000000001,0.007333333333333333,0.4139999999999999,0.3966666666666666,0.14200000000000002,0.19066666666666665,0.064,0.14666666666666664,0.037666666666666675,0.10900000000000003,0.071,0.06866666666666667,1.0893333333333333,0.04733333333333334,0.11733333333333333,41.028666666666666,0.09533333333333333,0.18133333333333335,52.49733333333333,0.064,0.08499999999999999,76.09866666666667,0.009666666666666667,0.04033333333333333,0.6226666666666667,0.011000000000000003,0.11000000000000003,0.10866666666666669,0.06866666666666667,0.013666666666666667,0.42
85,80,2010-03-19,9,2,2009-2010,Paulistano,Pinheiros,1,0.3923333333333333,0.10899999999999999,0.20866666666666667,0.07466666666666667,0.15233333333333335,0.052000000000000005,0.10033333333333333,0.06433333333333334,0.07633333333333334,0.8793333333333333,0.036333333333333336,0.11866666666666667,30.390666666666668,0.10433333333333333,0.201,52.184666666666665,0.07466666666666667,0.10966666666666666,68.52866666666667,0.006,0.039666666666666676,0.5266666666666667,0.011000000000000003,0.10700000000000001,0.10533333333333333,0.07633333333333334,0.01566666666666667,0.36933333333333335,0.4453333333333333,0.133,0.21933333333333332,0.09300000000000001,0.14933333333333332,0.04133333333333333,0.10800000000000003,0.07233333333333333,0.06733333333333333,1.1239999999999999,0.044333333333333336,0.11699999999999999,38.258666666666656,0.10966666666666666,0.195,55.99733333333332,0.09300000000000001,0.11699999999999999,79.58266666666665,0.011666666666666665,0.03300000000000001,0.5106666666666667,0.015333333333333332,0.09466666666666666,0.17266666666666666,0.06733333333333333,0.011666666666666665,0.4660000000000001
75,74,2010-03-19,9,2,2009-2010,Joinville,Assis,1,0.393,0.13899999999999998,0.176,0.07800000000000001,0.1571666666666667,0.0455,0.11166666666666665,0.063,0.06283333333333332,1.1326666666666665,0.046333333333333344,0.12983333333333333,35.758,0.088,0.17883333333333334,49.648,0.07800000000000001,0.11133333333333335,69.51466666666666,0.007499999999999998,0.0335,0.592,0.009500000000000001,0.09616666666666669,0.10800000000000003,0.06283333333333332,0.011666666666666669,0.3856666666666667,0.398,0.13500000000000004,0.19066666666666668,0.07233333333333333,0.15933333333333335,0.04666666666666667,0.11266666666666666,0.058333333333333334,0.05733333333333334,1.2126666666666666,0.04500000000000001,0.12600000000000003,36.441333333333326,0.09533333333333334,0.18,53.19266666666667,0.07233333333333333,0.10433333333333333,68.30733333333335,0.008666666666666666,0.030000000000000006,0.5746666666666668,0.012666666666666668,0.09466666666666666,0.136,0.05733333333333334,0.013000000000000005,0.4033333333333334
85,92,2010-03-19,9,2,2009-2010,Espírito Santo,Brasília,0,0.3706666666666667,0.10499999999999998,0.19066666666666668,0.075,0.16033333333333333,0.05400000000000001,0.10633333333333335,0.049000000000000016,0.06966666666666667,0.7513333333333334,0.03500000000000001,0.10933333333333334,32.316,0.09533333333333334,0.188,51.252,0.075,0.11633333333333333,64.926,0.008666666666666666,0.03933333333333334,0.6053333333333334,0.012333333333333333,0.09766666666666665,0.12399999999999999,0.06966666666666667,0.019000000000000003,0.35366666666666663,0.468,0.11900000000000001,0.2646666666666666,0.08433333333333334,0.17600000000000002,0.05400000000000001,0.12199999999999998,0.094,0.06166666666666667,1.6673333333333331,0.03966666666666667,0.121,32.63133333333334,0.1323333333333333,0.2153333333333333,62.107333333333344,0.08433333333333334,0.10866666666666666,76.31466666666665,0.010333333333333335,0.04033333333333334,0.6906666666666668,0.018000000000000002,0.08766666666666668,0.23666666666666666,0.06166666666666667,0.011,0.5459999999999999
76,86,2010-03-21,10,2,2009-2010,Londrina,Assis,0,0.38733333333333336,0.126,0.1713333333333333,0.09,0.14800000000000002,0.04866666666666668,0.09933333333333333,0.06433333333333333,0.074,0.9246666666666665,0.042,0.13133333333333336,32.32533333333333,0.08566666666666665,0.17733333333333332,48.68133333333333,0.09,0.12000000000000001,75.20933333333333,0.004333333333333332,0.03766666666666666,0.5373333333333333,0.011666666666666669,0.105,0.11866666666666667,0.074,0.011000000000000001,0.36399999999999993,0.3946666666666667,0.13499999999999998,0.18933333333333335,0.07033333333333333,0.15700000000000003,0.046000000000000006,0.111,0.057,0.05633333333333334,1.2293333333333332,0.04500000000000001,0.12666666666666668,36.239333333333335,0.09466666666666668,0.17933333333333332,53.048,0.07033333333333333,0.10200000000000001,67.60133333333334,0.008000000000000002,0.03166666666666667,0.6559999999999999,0.012333333333333335,0.09466666666666665,0.132,0.05633333333333334,0.01266666666666667,0.3983333333333334
83,77,2010-03-21,10,2,2009-2010,Coop/São José Basketball,Sesi Franca,1,0.40133333333333343,0.15000000000000002,0.18400000000000002,0.06733333333333333,0.15833333333333333,0.05066666666666668,0.10766666666666667,0.09,0.07200000000000001,1.3186666666666664,0.05,0.13933333333333334,35.79466666666667,0.09200000000000001,0.16266666666666663,56.592,0.06733333333333333,0.1,67.452,0.006333333333333334,0.03566666666666667,0.5433333333333334,0.009666666666666665,0.101,0.09933333333333334,0.07200000000000001,0.007333333333333333,0.43033333333333335,0.42966666666666664,0.13399999999999998,0.20133333333333334,0.09433333333333335,0.14466666666666667,0.036666666666666674,0.10800000000000001,0.06766666666666667,0.057666666666666665,1.3293333333333335,0.044666666666666674,0.115,39.186,0.10066666666666667,0.191,52.94533333333333,0.09433333333333335,0.12333333333333332,77.36333333333333,0.004333333333333333,0.046666666666666676,0.9066666666666667,0.011333333333333334,0.10333333333333335,0.12200000000000001,0.057666666666666665,0.012000000000000002,0.4526666666666666
76,75,2010-03-21,10,2,2009-2010,Saldanha,Brasília,1,0.3520000000000001,0.07200000000000001,0.2273333333333333,0.05266666666666668,0.14766666666666667,0.045333333333333344,0.10233333333333335,0.04166666666666668,0.05866666666666668,0.7379999999999999,0.024000000000000007,0.086,28.682,0.11366666666666665,0.23133333333333336,49.09066666666667,0.05266666666666668,0.09300000000000001,57.198666666666675,0.008333333333333333,0.04466666666666667,0.8320000000000001,0.009,0.09566666666666666,0.09666666666666668,0.05866666666666668,0.016666666666666666,0.31633333333333336,0.4693333333333333,0.11900000000000001,0.2646666666666666,0.08566666666666665,0.171,0.05200000000000002,0.119,0.09333333333333332,0.05900000000000001,1.7346666666666668,0.03966666666666667,0.119,33.22066666666667,0.1323333333333333,0.21499999999999997,62.21133333333333,0.08566666666666665,0.11033333333333332,76.47533333333334,0.009666666666666667,0.04166666666666667,0.764,0.016,0.09000000000000002,0.2073333333333333,0.05900000000000001,0.010666666666666668,0.5456666666666667
65,61,2010-03-21,10,2,2009-2010,Joinville,Bauru Basket,1,0.3943333333333333,0.136,0.17866666666666664,0.07966666666666669,0.15383333333333335,0.043500000000000004,0.11033333333333334,0.06233333333333334,0.0625,1.1280000000000001,0.045333333333333344,0.12783333333333335,35.628,0.08933333333333332,0.17883333333333334,50.45666666666666,0.07966666666666669,0.11500000000000002,67.892,0.007166666666666666,0.02983333333333333,0.5513333333333335,0.008833333333333335,0.09483333333333334,0.10066666666666668,0.0625,0.012333333333333335,0.3793333333333334,0.4186666666666667,0.13299999999999998,0.2133333333333333,0.07233333333333335,0.14366666666666672,0.04566666666666667,0.09799999999999999,0.06433333333333334,0.04733333333333334,1.5659999999999998,0.044333333333333336,0.10466666666666667,42.507333333333335,0.10666666666666665,0.20400000000000001,52.57066666666667,0.07233333333333335,0.10433333333333336,69.30999999999999,0.007000000000000001,0.030666666666666672,0.7439999999999999,0.009333333333333334,0.08166666666666669,0.11933333333333333,0.04733333333333334,0.011666666666666665,0.42966666666666664
69,72,2010-03-21,10,2,2009-2010,Espírito Santo,Minas,0,0.374,0.10999999999999997,0.188,0.076,0.15766666666666665,0.053666666666666675,0.104,0.048000000000000015,0.07033333333333334,0.7306666666666667,0.03666666666666667,0.11033333333333332,33.364,0.094,0.18800000000000003,50.418666666666674,0.076,0.11800000000000001,64.76533333333334,0.009333333333333334,0.03800000000000001,0.5846666666666666,0.012000000000000004,0.09866666666666667,0.12000000000000001,0.07033333333333334,0.018666666666666668,0.3496666666666667,0.4553333333333334,0.12399999999999999,0.254,0.07733333333333332,0.1716666666666667,0.051333333333333335,0.12033333333333335,0.10266666666666667,0.07433333333333332,1.442666666666667,0.04133333333333334,0.10433333333333332,39.91066666666667,0.127,0.22433333333333336,56.44866666666666,0.07733333333333332,0.09666666666666666,77.50800000000001,0.004333333333333333,0.033666666666666664,0.4553333333333333,0.013333333333333332,0.1053333333333333,0.13866666666666666,0.07433333333333332,0.011666666666666667,0.5226666666666667
98,71,2010-03-21,10,2,2009-2010,Flamengo,Araraquara,1,0.4589999999999999,0.16800000000000004,0.2206666666666667,0.07033333333333333,0.16099999999999998,0.03833333333333333,0.12266666666666669,0.07200000000000001,0.05933333333333334,1.378,0.056,0.132,42.42,0.11033333333333335,0.19233333333333333,57.368,0.07033333333333333,0.09433333333333331,75.66799999999999,0.010666666666666666,0.04833333333333334,0.942,0.011666666666666669,0.0956666666666667,0.13133333333333333,0.05933333333333334,0.008666666666666666,0.5106666666666667,0.4003333333333333,0.136,0.19866666666666666,0.06566666666666668,0.15099999999999997,0.04033333333333333,0.11066666666666669,0.07,0.07133333333333333,1.034,0.045333333333333344,0.11566666666666665,39.88866666666667,0.09933333333333333,0.185,53.458,0.06566666666666668,0.08833333333333333,75.47666666666667,0.009000000000000001,0.04133333333333334,0.616,0.010666666666666668,0.11000000000000003,0.10533333333333333,0.07133333333333333,0.013666666666666667,0.4233333333333334
74,87,2010-03-23,9,2,2009-2010,Londrina,Bauru Basket,0,0.39266666666666666,0.12899999999999998,0.174,0.08966666666666666,0.14666666666666667,0.04966666666666668,0.09699999999999999,0.06566666666666666,0.072,0.9719999999999999,0.04300000000000001,0.1366666666666667,31.774000000000004,0.087,0.17366666666666666,50.75266666666666,0.08966666666666666,0.11933333333333333,75.336,0.0036666666666666666,0.036333333333333336,0.53,0.012000000000000004,0.106,0.12133333333333332,0.072,0.009333333333333334,0.37133333333333324,0.413,0.12899999999999998,0.2093333333333333,0.07466666666666667,0.14133333333333334,0.04400000000000001,0.09733333333333333,0.05900000000000001,0.047000000000000014,1.4380000000000002,0.04300000000000001,0.10333333333333333,41.745333333333335,0.10466666666666664,0.20566666666666666,51.042666666666676,0.07466666666666667,0.10533333333333336,71.17266666666666,0.007333333333333334,0.033666666666666685,0.832,0.009000000000000001,0.082,0.114,0.047000000000000014,0.011333333333333334,0.417
106,81,2010-03-26,11,2,2009-2010,Brasília,Joinville,1,0.4623333333333333,0.11699999999999999,0.2613333333333333,0.084,0.169,0.05000000000000002,0.11900000000000001,0.089,0.05633333333333334,1.7513333333333336,0.039000000000000014,0.115,33.31933333333334,0.13066666666666665,0.212,62.26800000000001,0.084,0.10733333333333334,76.96933333333332,0.009000000000000001,0.04033333333333334,0.8306666666666668,0.015000000000000001,0.09066666666666666,0.1913333333333333,0.05633333333333334,0.010333333333333335,0.5386666666666667,0.38566666666666666,0.133,0.17666666666666667,0.07600000000000001,0.1595,0.04483333333333334,0.11466666666666667,0.06000000000000001,0.0645,1.0333333333333337,0.04433333333333334,0.1285,34.77066666666666,0.08833333333333333,0.18083333333333335,49.04200000000001,0.07600000000000001,0.11066666666666666,67.12266666666666,0.007166666666666666,0.03116666666666667,0.552,0.009500000000000001,0.09383333333333331,0.10866666666666669,0.0645,0.012333333333333335,0.37000000000000005
94,90,2010-03-26,11,2,2009-2010,Araraquara,Pinheiros,1,0.39733333333333337,0.13299999999999998,0.19266666666666665,0.07166666666666667,0.14966666666666667,0.03900000000000001,0.11066666666666668,0.068,0.07166666666666667,1.0006666666666666,0.044333333333333336,0.11499999999999999,39.33533333333334,0.09633333333333333,0.18333333333333332,52.11933333333332,0.07166666666666667,0.096,74.36533333333334,0.008666666666666666,0.04000000000000001,0.5946666666666667,0.010000000000000002,0.11100000000000003,0.09866666666666667,0.07166666666666667,0.01266666666666667,0.41133333333333333,0.4426666666666667,0.13,0.21866666666666668,0.09400000000000003,0.14866666666666664,0.041666666666666664,0.10700000000000001,0.07133333333333332,0.068,1.0893333333333335,0.04333333333333334,0.11333333333333333,38.69266666666666,0.10933333333333334,0.198,54.852,0.09400000000000003,0.11866666666666666,79.24933333333334,0.010333333333333332,0.03300000000000001,0.5053333333333333,0.017,0.09566666666666666,0.18866666666666668,0.068,0.012,0.4613333333333333
88,85,2010-03-26,11,2,2009-2010,Sesi Franca,Paulistano,1,0.43133333333333324,0.13199999999999998,0.20533333333333334,0.09400000000000003,0.1446666666666667,0.03566666666666667,0.109,0.06766666666666668,0.057666666666666665,1.3293333333333333,0.044000000000000004,0.114,38.82866666666666,0.10266666666666667,0.19333333333333333,53.346666666666664,0.09400000000000003,0.12233333333333335,77.682,0.004333333333333333,0.046666666666666676,0.9066666666666667,0.011666666666666667,0.10500000000000001,0.12399999999999999,0.057666666666666665,0.011666666666666667,0.4553333333333333,0.39999999999999997,0.11200000000000002,0.21400000000000005,0.074,0.151,0.05100000000000001,0.1,0.06533333333333333,0.073,0.9380000000000002,0.037333333333333336,0.11866666666666667,31.34333333333333,0.10700000000000003,0.20233333333333334,53.169999999999995,0.074,0.10766666666666665,69.4,0.006333333333333333,0.03866666666666667,0.5373333333333333,0.009333333333333334,0.10800000000000003,0.08800000000000001,0.073,0.014333333333333333,0.381
101,80,2010-03-26,11,2,2009-2010,Minas,Londrina,1,0.4496666666666667,0.121,0.2506666666666667,0.078,0.17033333333333334,0.049000000000000016,0.12133333333333332,0.10133333333333333,0.074,1.4266666666666667,0.040333333333333346,0.10233333333333335,40.053333333333335,0.12533333333333335,0.221,56.52733333333333,0.078,0.09733333333333333,77.69333333333333,0.004333333333333333,0.034,0.4646666666666667,0.013333333333333336,0.10600000000000001,0.13799999999999998,0.074,0.012,0.5176666666666667,0.3873333333333333,0.12899999999999998,0.17066666666666666,0.08766666666666666,0.147,0.04833333333333334,0.09866666666666667,0.06333333333333332,0.06766666666666667,1.1226666666666667,0.043000000000000003,0.1376666666666667,31.578666666666663,0.08533333333333333,0.1753333333333333,49.05666666666666,0.08766666666666666,0.117,74.90466666666666,0.0036666666666666666,0.03533333333333333,0.5566666666666668,0.011000000000000003,0.105,0.11333333333333333,0.06766666666666667,0.008,0.3623333333333333
83,57,2010-03-26,11,2,2009-2010,Saldanha,Espírito Santo,1,0.35466666666666674,0.06800000000000002,0.23466666666666666,0.05200000000000002,0.147,0.04433333333333334,0.10266666666666668,0.04366666666666668,0.06000000000000001,0.7466666666666665,0.022666666666666672,0.08166666666666665,28.883999999999997,0.11733333333333333,0.23733333333333337,49.32866666666667,0.05200000000000002,0.09200000000000003,56.78866666666667,0.009000000000000001,0.046666666666666676,0.844,0.009666666666666667,0.09466666666666666,0.10533333333333335,0.06000000000000001,0.01633333333333333,0.32266666666666666,0.37500000000000006,0.11199999999999997,0.188,0.075,0.15566666666666668,0.05300000000000002,0.10266666666666667,0.05000000000000001,0.07066666666666666,0.7586666666666667,0.037333333333333336,0.11066666666666666,33.88333333333333,0.094,0.18466666666666667,51.26466666666667,0.075,0.116,65.05133333333333,0.009000000000000001,0.03500000000000001,0.528,0.011666666666666669,0.09733333333333333,0.11866666666666668,0.07066666666666666,0.01833333333333333,0.3516666666666667
108,105,2010-03-26,11,2,2009-2010,Bauru Basket,Flamengo,1,0.41999999999999993,0.13399999999999998,0.212,0.07400000000000001,0.14333333333333337,0.04400000000000001,0.09933333333333332,0.064,0.04500000000000001,1.5420000000000003,0.044666666666666674,0.10333333333333333,43.70666666666667,0.106,0.20933333333333334,50.772666666666666,0.07400000000000001,0.10100000000000002,73.9,0.007333333333333333,0.03333333333333334,0.832,0.008666666666666666,0.082,0.10866666666666666,0.04500000000000001,0.010666666666666666,0.4353333333333333,0.46433333333333326,0.17200000000000001,0.21933333333333335,0.073,0.16166666666666665,0.03733333333333334,0.12433333333333335,0.077,0.062000000000000006,1.4159999999999997,0.05733333333333334,0.132,43.48666666666667,0.10966666666666668,0.18966666666666665,57.87266666666667,0.073,0.09966666666666664,74.05199999999999,0.011333333333333332,0.048666666666666664,0.9099999999999998,0.012333333333333337,0.10033333333333334,0.136,0.062000000000000006,0.011000000000000001,0.5206666666666667
84,89,2010-03-26,11,2,2009-2010,Assis,Coop/São José Basketball,0,0.40099999999999997,0.13899999999999996,0.19133333333333338,0.07066666666666667,0.16066666666666668,0.04666666666666667,0.11400000000000002,0.05799999999999999,0.05400000000000002,1.2706666666666666,0.04633333333333334,0.12866666666666668,36.57266666666666,0.09566666666666669,0.18033333333333332,53.37066666666667,0.07066666666666667,0.1,70.518,0.008333333333333333,0.03266666666666666,0.6839999999999999,0.010666666666666666,0.093,0.11733333333333335,0.05400000000000002,0.013000000000000005,0.4126666666666667,0.402,0.147,0.18400000000000002,0.071,0.1596666666666667,0.05266666666666668,0.107,0.08733333333333333,0.07,1.3199999999999998,0.04900000000000001,0.14066666666666666,34.752,0.09200000000000001,0.16499999999999995,55.73466666666666,0.071,0.10400000000000001,67.928,0.008000000000000002,0.03566666666666667,0.5606666666666666,0.010333333333333332,0.103,0.10400000000000001,0.07,0.007666666666666667,0.42733333333333334
60,95,2010-03-28,12,2,2009-2010,Assis,Flamengo,0,0.3986666666666666,0.14099999999999996,0.18800000000000003,0.06966666666666667,0.15866666666666665,0.04766666666666667,0.11100000000000002,0.06333333333333332,0.05400000000000002,1.346666666666667,0.04700000000000001,0.12933333333333333,36.842,0.09400000000000001,0.18,52.52933333333333,0.06966666666666667,0.09800000000000002,71.086,0.009,0.03333333333333333,0.6933333333333334,0.009333333333333334,0.09266666666666667,0.10066666666666668,0.05400000000000002,0.014333333333333335,0.41266666666666674,0.4756666666666666,0.18000000000000002,0.22266666666666665,0.073,0.156,0.035666666666666666,0.12033333333333335,0.07633333333333334,0.063,1.3739999999999997,0.06000000000000001,0.133,45.220000000000006,0.11133333333333333,0.18833333333333332,59.196000000000005,0.073,0.09933333333333333,74.28999999999999,0.011333333333333332,0.05,0.9106666666666666,0.012000000000000004,0.10066666666666667,0.13266666666666668,0.063,0.010666666666666666,0.5306666666666666
104,79,2010-03-28,12,2,2009-2010,Bauru Basket,Coop/São José Basketball,1,0.43366666666666664,0.141,0.21266666666666664,0.08000000000000002,0.145,0.046666666666666676,0.09833333333333333,0.06433333333333334,0.045333333333333344,1.5420000000000003,0.04700000000000001,0.10899999999999999,43.748666666666665,0.10633333333333332,0.2063333333333333,51.74266666666667,0.08000000000000002,0.10700000000000001,74.9,0.007666666666666667,0.03233333333333334,0.8126666666666668,0.008333333333333333,0.084,0.10066666666666667,0.045333333333333344,0.009666666666666665,0.4493333333333333,0.4130000000000001,0.156,0.18666666666666668,0.07033333333333333,0.1556666666666667,0.05066666666666668,0.10500000000000002,0.09000000000000001,0.06666666666666667,1.4006666666666665,0.052000000000000005,0.14500000000000002,35.68600000000001,0.09333333333333334,0.16299999999999995,57.51266666666666,0.07033333333333333,0.1016666666666667,69.06866666666666,0.007333333333333334,0.035333333333333335,0.5713333333333334,0.010333333333333332,0.10433333333333333,0.10266666666666667,0.06666666666666667,0.006666666666666667,0.4436666666666667
77,78,2010-03-28,12,2,2009-2010,Sesi Franca,Pinheiros,0,0.42900000000000005,0.13099999999999998,0.2046666666666667,0.09333333333333335,0.14133333333333334,0.03333333333333334,0.108,0.066,0.05600000000000001,1.3313333333333333,0.043666666666666666,0.11299999999999999,38.85933333333333,0.10233333333333335,0.19,54.23,0.09333333333333335,0.12300000000000001,76.77333333333333,0.004333333333333333,0.04733333333333334,0.9353333333333335,0.012000000000000004,0.10433333333333335,0.12733333333333335,0.05600000000000001,0.012333333333333332,0.45299999999999996,0.44700000000000006,0.12600000000000003,0.22266666666666665,0.09833333333333334,0.15,0.04333333333333333,0.10666666666666667,0.07400000000000001,0.068,1.1246666666666667,0.04200000000000001,0.11133333333333334,38.29666666666666,0.11133333333333333,0.2026666666666667,54.68533333333333,0.09833333333333334,0.12399999999999997,79.29266666666668,0.010666666666666665,0.03366666666666667,0.5139999999999999,0.016999999999999998,0.09833333333333334,0.1873333333333333,0.068,0.012333333333333335,0.4673333333333334
106,110,2010-03-28,12,2,2009-2010,Araraquara,Paulistano,0,0.40466666666666673,0.13099999999999998,0.19799999999999998,0.07566666666666667,0.15,0.03800000000000001,0.11200000000000003,0.07000000000000002,0.07200000000000001,1.0273333333333332,0.04366666666666667,0.11333333333333333,39.202000000000005,0.09899999999999999,0.184,53.25399999999999,0.07566666666666667,0.10066666666666665,74.40333333333334,0.008666666666666666,0.03866666666666667,0.564,0.009333333333333334,0.11533333333333336,0.08533333333333334,0.07200000000000001,0.013333333333333338,0.4210000000000001,0.4069999999999999,0.119,0.21400000000000002,0.074,0.15166666666666667,0.051000000000000004,0.10066666666666668,0.06766666666666668,0.07333333333333332,0.9746666666666667,0.03966666666666667,0.11899999999999998,33.760666666666665,0.10700000000000001,0.20199999999999999,53.28666666666667,0.074,0.107,69.78666666666666,0.006666666666666667,0.038000000000000006,0.5213333333333333,0.009000000000000001,0.10966666666666668,0.08466666666666668,0.07333333333333332,0.014333333333333333,0.3926666666666667
87,88,2010-03-28,12,2,2009-2010,Minas,Joinville,0,0.4493333333333334,0.11799999999999998,0.24866666666666667,0.08266666666666667,0.16666666666666666,0.04700000000000001,0.11966666666666666,0.10333333333333332,0.07166666666666668,1.4933333333333332,0.03933333333333334,0.10066666666666665,39.67866666666667,0.12433333333333334,0.21933333333333332,56.55200000000001,0.08266666666666667,0.10166666666666666,78.62733333333333,0.005333333333333333,0.036000000000000004,0.5046666666666666,0.014666666666666668,0.10700000000000001,0.15200000000000002,0.07166666666666668,0.012333333333333333,0.523,0.39033333333333337,0.13500000000000004,0.17933333333333332,0.07600000000000001,0.1595,0.043500000000000004,0.11600000000000002,0.06166666666666668,0.06749999999999999,1.0126666666666668,0.045000000000000005,0.1275,35.542,0.08966666666666666,0.18283333333333332,49.23066666666668,0.07600000000000001,0.10966666666666666,67.96333333333332,0.007166666666666666,0.028833333333333332,0.4760000000000001,0.009166666666666667,0.09583333333333334,0.10200000000000002,0.06749999999999999,0.01333333333333333,0.3726666666666667
91,76,2010-03-28,12,2,2009-2010,Brasília,Londrina,1,0.4673333333333333,0.11699999999999999,0.2633333333333333,0.087,0.16933333333333334,0.05033333333333334,0.119,0.08800000000000001,0.05766666666666668,1.6673333333333333,0.039000000000000014,0.11533333333333333,33.23533333333334,0.13166666666666665,0.21466666666666664,61.77933333333335,0.087,0.11066666666666666,77.34466666666667,0.011000000000000001,0.04133333333333334,0.828,0.016,0.09066666666666667,0.204,0.05766666666666668,0.009333333333333334,0.5413333333333334,0.38633333333333336,0.128,0.1746666666666667,0.08366666666666665,0.14500000000000005,0.04733333333333334,0.09766666666666667,0.06233333333333334,0.06799999999999999,1.1106666666666665,0.04266666666666667,0.13333333333333336,31.901999999999997,0.08733333333333335,0.17733333333333334,49.471999999999994,0.08366666666666665,0.11266666666666668,74.93599999999999,0.003666666666666666,0.033666666666666664,0.538,0.010000000000000002,0.10366666666666666,0.10600000000000002,0.06799999999999999,0.008333333333333333,0.35966666666666663
96,70,2010-04-02,13,2,2009-2010,Araraquara,Sesi Franca,1,0.41166666666666674,0.136,0.19866666666666666,0.077,0.15266666666666667,0.04200000000000001,0.11066666666666669,0.073,0.07166666666666667,1.0673333333333332,0.045333333333333344,0.11433333333333334,39.914,0.09933333333333333,0.18666666666666665,52.628,0.077,0.10266666666666666,74.14933333333333,0.009666666666666667,0.03866666666666667,0.5653333333333334,0.010333333333333333,0.11533333333333336,0.09333333333333334,0.07166666666666667,0.012000000000000004,0.4326666666666667,0.43366666666666664,0.137,0.20533333333333337,0.09133333333333335,0.1443333333333333,0.03433333333333334,0.11,0.06866666666666667,0.056333333333333346,1.3799999999999997,0.04566666666666667,0.11466666666666665,39.926,0.10266666666666668,0.191,54.15866666666666,0.09133333333333335,0.12000000000000001,76.24733333333333,0.004333333333333333,0.045666666666666675,0.8953333333333334,0.012333333333333337,0.10233333333333333,0.13266666666666668,0.056333333333333346,0.012666666666666665,0.46233333333333343
91,71,2010-04-02,13,2,2009-2010,Flamengo,Minas,1,0.48266666666666663,0.18000000000000002,0.22533333333333336,0.07733333333333332,0.16066666666666668,0.036333333333333336,0.12433333333333334,0.07633333333333334,0.06066666666666667,1.4066666666666667,0.060000000000000005,0.13533333333333336,44.44200000000001,0.11266666666666668,0.18666666666666665,60.324,0.07733333333333332,0.10499999999999998,74.07333333333332,0.012666666666666665,0.04933333333333333,0.9246666666666667,0.010000000000000002,0.101,0.10533333333333335,0.06066666666666667,0.010666666666666668,0.5413333333333334,0.44333333333333336,0.123,0.24399999999999997,0.07633333333333332,0.16633333333333333,0.04766666666666667,0.11866666666666667,0.10366666666666667,0.07133333333333333,1.5040000000000002,0.041,0.10266666666666667,40.28466666666667,0.12199999999999998,0.218,55.67466666666667,0.07633333333333332,0.09566666666666669,77.61533333333333,0.005333333333333332,0.033666666666666664,0.4773333333333334,0.014333333333333335,0.10866666666666669,0.14733333333333337,0.07133333333333333,0.012666666666666666,0.513
72,84,2010-04-02,13,2,2009-2010,Coop/São José Basketball,Brasília,0,0.4180000000000001,0.15899999999999997,0.18733333333333332,0.07166666666666667,0.15200000000000002,0.04900000000000001,0.10300000000000002,0.09066666666666667,0.06433333333333335,1.4506666666666668,0.05300000000000001,0.14066666666666666,37.60933333333334,0.09366666666666666,0.16566666666666666,56.85133333333333,0.07166666666666667,0.10233333333333336,70.338,0.007666666666666667,0.034,0.5706666666666668,0.009666666666666667,0.10333333333333332,0.09666666666666668,0.06433333333333335,0.006333333333333333,0.44966666666666666,0.4673333333333333,0.114,0.26666666666666666,0.08666666666666667,0.17099999999999999,0.049000000000000016,0.12200000000000001,0.09166666666666666,0.05933333333333334,1.6846666666666665,0.03800000000000001,0.11333333333333333,32.940666666666665,0.13333333333333333,0.21666666666666667,61.94933333333334,0.08666666666666667,0.11066666666666668,76.9,0.011333333333333334,0.043000000000000003,0.8366666666666667,0.017666666666666667,0.09100000000000001,0.22466666666666663,0.05933333333333334,0.009666666666666667,0.5486666666666667
63,71,2010-04-02,13,2,2009-2010,Joinville,Saldanha,0,0.39433333333333337,0.131,0.18066666666666667,0.08266666666666668,0.1585,0.04416666666666668,0.11433333333333333,0.06199999999999999,0.06816666666666667,0.9686666666666668,0.04366666666666667,0.12383333333333331,35.31333333333334,0.09033333333333333,0.1845,49.153333333333336,0.08266666666666668,0.11866666666666668,67.67533333333333,0.007499999999999999,0.02983333333333333,0.48200000000000004,0.008833333333333334,0.09716666666666667,0.09533333333333334,0.06816666666666667,0.013000000000000001,0.375,0.35866666666666663,0.069,0.2353333333333333,0.054333333333333345,0.14900000000000002,0.045333333333333344,0.10366666666666667,0.04433333333333334,0.05933333333333335,0.7926666666666666,0.023000000000000007,0.078,30.572,0.11766666666666666,0.23800000000000004,49.32133333333333,0.054333333333333345,0.09533333333333334,57.01066666666667,0.009333333333333334,0.046000000000000006,0.8593333333333334,0.010333333333333335,0.09599999999999999,0.11133333333333335,0.05933333333333335,0.016666666666666663,0.33266666666666667
95,86,2010-04-02,13,2,2009-2010,Paulistano,Bauru Basket,1,0.4153333333333333,0.12199999999999998,0.2146666666666667,0.07866666666666668,0.15366666666666667,0.052000000000000005,0.10166666666666667,0.07,0.073,1.0159999999999998,0.04066666666666667,0.12133333333333333,33.96666666666667,0.10733333333333335,0.20199999999999999,53.41733333333333,0.07866666666666668,0.11133333333333333,71.13733333333333,0.007666666666666667,0.03866666666666667,0.5353333333333334,0.008333333333333333,0.10766666666666667,0.07933333333333334,0.073,0.013666666666666667,0.405,0.44,0.147,0.21399999999999997,0.079,0.145,0.04600000000000001,0.09899999999999999,0.067,0.04866666666666668,1.4133333333333336,0.04900000000000001,0.10833333333333332,45.67333333333333,0.10699999999999998,0.20266666666666666,53.27866666666667,0.079,0.10633333333333332,74.47066666666666,0.007333333333333333,0.03200000000000001,0.7126666666666668,0.008666666666666666,0.08499999999999999,0.10333333333333333,0.04866666666666668,0.010333333333333333,0.46166666666666667
81,73,2010-04-02,13,2,2009-2010,Londrina,Espírito Santo,1,0.38433333333333336,0.129,0.17400000000000002,0.08133333333333333,0.14433333333333334,0.04633333333333334,0.09800000000000002,0.06199999999999999,0.07133333333333332,1.0799999999999998,0.04300000000000001,0.13333333333333333,32.205333333333336,0.08700000000000001,0.18033333333333335,48.472,0.08133333333333333,0.10800000000000001,75.37933333333334,0.003666666666666666,0.034,0.5233333333333333,0.010333333333333333,0.104,0.10866666666666669,0.07133333333333332,0.009333333333333332,0.3533333333333334,0.37100000000000005,0.10899999999999999,0.18533333333333332,0.07666666666666666,0.151,0.05000000000000002,0.10099999999999999,0.04666666666666667,0.06833333333333332,0.7113333333333334,0.036333333333333336,0.10833333333333336,33.498000000000005,0.09266666666666666,0.183,50.95,0.07666666666666666,0.11833333333333335,65.34733333333334,0.008666666666666666,0.03566666666666667,0.5753333333333334,0.011000000000000003,0.1,0.11066666666666668,0.06833333333333332,0.019666666666666662,0.343
83,80,2010-04-02,13,2,2009-2010,Pinheiros,Assis,1,0.4383333333333333,0.12699999999999997,0.21533333333333332,0.096,0.148,0.043666666666666666,0.10433333333333336,0.07200000000000001,0.06566666666666668,1.1300000000000001,0.04233333333333334,0.11433333333333336,37.63199999999999,0.10766666666666666,0.19866666666666666,54.01866666666667,0.096,0.11800000000000002,80.78800000000001,0.010333333333333335,0.03266666666666666,0.516,0.01733333333333333,0.09766666666666667,0.19266666666666668,0.06566666666666668,0.013000000000000001,0.45766666666666667,0.38933333333333325,0.137,0.18400000000000002,0.06833333333333334,0.15766666666666668,0.048000000000000015,0.10966666666666666,0.06333333333333332,0.05200000000000002,1.3706666666666663,0.04566666666666666,0.13166666666666665,35.49866666666666,0.09200000000000001,0.18,51.196000000000005,0.06833333333333334,0.09533333333333335,71.76933333333334,0.007666666666666667,0.03266666666666667,0.6986666666666667,0.009000000000000001,0.09233333333333334,0.09800000000000002,0.05200000000000002,0.013333333333333332,0.399
96,87,2010-04-04,14,2,2009-2010,Pinheiros,Bauru Basket,1,0.43499999999999994,0.126,0.21600000000000003,0.093,0.14766666666666667,0.044333333333333336,0.10333333333333336,0.07166666666666667,0.06733333333333333,1.1066666666666667,0.04200000000000001,0.11533333333333334,36.754666666666665,0.10800000000000001,0.19833333333333333,54.30999999999999,0.093,0.11533333333333336,80.07600000000001,0.009666666666666667,0.033,0.5159999999999999,0.01633333333333333,0.09833333333333336,0.16933333333333334,0.06733333333333333,0.014,0.45033333333333336,0.4423333333333333,0.147,0.21533333333333332,0.08000000000000002,0.14433333333333334,0.04766666666666667,0.09666666666666665,0.06966666666666668,0.05100000000000001,1.412,0.049000000000000016,0.10966666666666666,45.00266666666667,0.10766666666666666,0.19933333333333333,54.32866666666666,0.08000000000000002,0.108,74.27,0.007333333333333333,0.03266666666666667,0.6986666666666668,0.008,0.08533333333333333,0.09266666666666667,0.05100000000000001,0.010666666666666666,0.4656666666666666
85,74,2010-04-04,14,2,2009-2010,Coop/São José Basketball,Minas,1,0.41200000000000003,0.153,0.18800000000000003,0.071,0.15,0.051333333333333335,0.09866666666666668,0.09466666666666668,0.06666666666666668,1.4746666666666668,0.05100000000000001,0.14133333333333334,36.236666666666665,0.09400000000000001,0.16766666666666669,56.29066666666666,0.071,0.09900000000000002,72.012,0.007666666666666667,0.03366666666666667,0.5373333333333333,0.009666666666666667,0.10600000000000001,0.09200000000000003,0.06666666666666668,0.007333333333333334,0.44133333333333336,0.4366666666666667,0.116,0.24666666666666665,0.074,0.165,0.047333333333333345,0.11766666666666664,0.10300000000000001,0.07066666666666667,1.5073333333333332,0.03866666666666667,0.09866666666666667,38.418000000000006,0.12333333333333332,0.21766666666666665,56.33133333333333,0.074,0.096,75.42933333333333,0.005333333333333332,0.03233333333333334,0.4626666666666666,0.014000000000000002,0.10866666666666668,0.14333333333333337,0.07066666666666667,0.012666666666666666,0.504
81,87,2010-04-04,14,2,2009-2010,Paulistano,Assis,0,0.4226666666666666,0.13100000000000003,0.21466666666666664,0.07700000000000001,0.15366666666666667,0.05233333333333334,0.10133333333333334,0.07433333333333333,0.07266666666666666,1.0986666666666667,0.043666666666666666,0.12333333333333332,36.315333333333335,0.10733333333333332,0.20099999999999996,53.68066666666667,0.07700000000000001,0.10966666666666665,69.94666666666667,0.007666666666666666,0.04100000000000001,0.5786666666666667,0.008666666666666665,0.109,0.082,0.07266666666666666,0.012333333333333335,0.42166666666666675,0.3853333333333333,0.13499999999999998,0.18800000000000003,0.062333333333333345,0.15600000000000003,0.05000000000000001,0.106,0.064,0.05400000000000002,1.3406666666666667,0.045000000000000005,0.1313333333333333,35.152,0.09400000000000001,0.184,50.982,0.062333333333333345,0.08900000000000001,69.97866666666667,0.008333333333333333,0.03633333333333334,0.744,0.008666666666666668,0.09100000000000001,0.09600000000000002,0.05400000000000002,0.014,0.39333333333333337
99,83,2010-04-04,14,2,2009-2010,Londrina,Saldanha,1,0.3866666666666667,0.132,0.16733333333333336,0.08733333333333333,0.14100000000000001,0.04466666666666667,0.09633333333333335,0.06366666666666668,0.07066666666666666,1.1186666666666665,0.044000000000000004,0.133,33.14733333333333,0.08366666666666668,0.175,48.25266666666667,0.08733333333333333,0.11533333333333334,76.22933333333334,0.003666666666666666,0.03666666666666667,0.5726666666666667,0.010666666666666666,0.107,0.10666666666666667,0.07066666666666666,0.009333333333333334,0.35966666666666675,0.35400000000000004,0.069,0.22933333333333333,0.05566666666666666,0.15533333333333338,0.04900000000000001,0.10633333333333335,0.042333333333333334,0.05800000000000002,0.7733333333333332,0.023000000000000007,0.07666666666666667,31.019999999999996,0.11466666666666667,0.23966666666666675,47.721333333333334,0.05566666666666666,0.09533333333333334,58.34400000000001,0.009666666666666667,0.045000000000000005,0.8793333333333334,0.011333333333333336,0.09799999999999999,0.12266666666666669,0.05800000000000002,0.01733333333333333,0.3316666666666667
73,65,2010-04-04,14,2,2009-2010,Joinville,Espírito Santo,1,0.3853333333333334,0.13099999999999998,0.17600000000000002,0.07833333333333332,0.1581666666666667,0.04583333333333335,0.11233333333333334,0.05866666666666667,0.06783333333333334,0.9066666666666666,0.04366666666666667,0.12616666666666665,34.812,0.08800000000000001,0.18283333333333335,48.354000000000006,0.07833333333333332,0.11466666666666668,66.18733333333333,0.006833333333333334,0.03016666666666667,0.4926666666666667,0.0095,0.09583333333333334,0.10266666666666667,0.06783333333333334,0.011333333333333332,0.3603333333333333,0.3703333333333333,0.10600000000000001,0.18533333333333332,0.07899999999999999,0.15399999999999997,0.053333333333333344,0.10066666666666665,0.048,0.06799999999999999,0.7373333333333334,0.035333333333333335,0.10733333333333335,32.90266666666667,0.09266666666666666,0.18233333333333332,51.11533333333333,0.07899999999999999,0.12233333333333336,65.28933333333333,0.010333333333333333,0.035333333333333335,0.574,0.010000000000000002,0.10266666666666667,0.10066666666666667,0.06799999999999999,0.019999999999999997,0.3446666666666667
90,83,2010-04-04,14,2,2009-2010,Brasília,Flamengo,1,0.46266666666666667,0.12000000000000001,0.26133333333333336,0.08133333333333333,0.1713333333333333,0.05133333333333335,0.12000000000000001,0.089,0.061000000000000006,1.6206666666666665,0.04000000000000001,0.11566666666666665,33.81733333333333,0.13066666666666668,0.21266666666666667,61.71866666666667,0.08133333333333333,0.10633333333333335,75.67599999999999,0.011333333333333334,0.040999999999999995,0.7946666666666666,0.017666666666666667,0.09000000000000001,0.2253333333333333,0.061000000000000006,0.009333333333333334,0.538,0.4773333333333333,0.18500000000000003,0.21933333333333332,0.073,0.15966666666666665,0.035333333333333335,0.12433333333333334,0.07533333333333332,0.05766666666666667,1.4800000000000002,0.06166666666666667,0.13933333333333336,43.92333333333334,0.10966666666666666,0.18433333333333332,59.46066666666666,0.073,0.10099999999999998,72.32999999999998,0.013333333333333332,0.048999999999999995,0.9600000000000001,0.009000000000000001,0.099,0.09666666666666669,0.05766666666666667,0.010666666666666668,0.5323333333333333
71,104,2011-11-19,1,1,2011-2012,Tijuca,Pinheiros,0,0.0,0.0,0.0,0.0,0.0,0.0,0.0,0.0,0.0,0.0,0.0,0.0,0.0,0.0,0.0,0.0,0.0,0.0,0.0,0.0,0.0,0.0,0.0,0.0,0.0,0.0,0.0,0.0,0.0,0.0,0.0,0.0,0.0,0.0,0.0,0.0,0.0,0.0,0.0,0.0,0.0,0.0,0.0,0.0,0.0,0.0,0.0,0.0,0.0,0.0,0.0,0.0,0.0,0.0,0.0,0.0
88,78,2011-11-19,1,1,2011-2012,Flamengo,Paulistano,1,0.0,0.0,0.0,0.0,0.0,0.0,0.0,0.0,0.0,0.0,0.0,0.0,0.0,0.0,0.0,0.0,0.0,0.0,0.0,0.0,0.0,0.0,0.0,0.0,0.0,0.0,0.0,0.0,0.0,0.0,0.0,0.0,0.0,0.0,0.0,0.0,0.0,0.0,0.0,0.0,0.0,0.0,0.0,0.0,0.0,0.0,0.0,0.0,0.0,0.0,0.0,0.0,0.0,0.0,0.0,0.0
102,69,2011-11-19,1,1,2011-2012,Uberlândia,Araraquara,1,0.0,0.0,0.0,0.0,0.0,0.0,0.0,0.0,0.0,0.0,0.0,0.0,0.0,0.0,0.0,0.0,0.0,0.0,0.0,0.0,0.0,0.0,0.0,0.0,0.0,0.0,0.0,0.0,0.0,0.0,0.0,0.0,0.0,0.0,0.0,0.0,0.0,0.0,0.0,0.0,0.0,0.0,0.0,0.0,0.0,0.0,0.0,0.0,0.0,0.0,0.0,0.0,0.0,0.0,0.0,0.0
70,82,2011-11-21,2,1,2011-2012,Joinville,Brasília,0,0.0,0.0,0.0,0.0,0.0,0.0,0.0,0.0,0.0,0.0,0.0,0.0,0.0,0.0,0.0,0.0,0.0,0.0,0.0,0.0,0.0,0.0,0.0,0.0,0.0,0.0,0.0,0.0,0.0,0.0,0.0,0.0,0.0,0.0,0.0,0.0,0.0,0.0,0.0,0.0,0.0,0.0,0.0,0.0,0.0,0.0,0.0,0.0,0.0,0.0,0.0,0.0,0.0,0.0,0.0,0.0
87,81,2011-11-21,2,1,2011-2012,Sesi Franca,Araraquara,1,0.0,0.0,0.0,0.0,0.0,0.0,0.0,0.0,0.0,0.0,0.0,0.0,0.0,0.0,0.0,0.0,0.0,0.0,0.0,0.0,0.0,0.0,0.0,0.0,0.0,0.0,0.0,0.0,0.35007610350076107,0.076103500761035,0.23338406900050737,0.04058853373921867,0.12683916793505834,0.05073566717402334,0.076103500761035,0.04566210045662101,0.055809233891425676,0.82,0.02536783358701167,0.10654490106544902,23.81,0.11669203450025369,0.24860476915271437,46.94,0.04058853373921867,0.05073566717402334,80.0,0.010147133434804667,0.035514967021816335,0.64,0.010147133434804667,0.06088280060882801,0.17,0.055809233891425676,0.020294266869609334,0.289193302891933
68,65,2011-11-21,2,1,2011-2012,Coop/São José Basketball,Minas,1,0.0,0.0,0.0,0.0,0.0,0.0,0.0,0.0,0.0,0.0,0.0,0.0,0.0,0.0,0.0,0.0,0.0,0.0,0.0,0.0,0.0,0.0,0.0,0.0,0.0,0.0,0.0,0.0,0.0,0.0,0.0,0.0,0.0,0.0,0.0,0.0,0.0,0.0,0.0,0.0,0.0,0.0,0.0,0.0,0.0,0.0,0.0,0.0,0.0,0.0,0.0,0.0,0.0,0.0,0.0,0.0
87,82,2011-11-21,2,1,2011-2012,Uberlândia,Limeira,1,0.51,0.15,0.32,0.04,0.17,0.02,0.15,0.115,0.065,1.77,0.05,0.125,40.0,0.16,0.2,80.0,0.04,0.06,66.67,0.03,0.04,0.62,0.025,0.05,0.5,0.065,0.015,0.66,0.0,0.0,0.0,0.0,0.0,0.0,0.0,0.0,0.0,0.0,0.0,0.0,0.0,0.0,0.0,0.0,0.0,0.0,0.0,0.0,0.0,0.0,0.0,0.0,0.0,0.0,0.0,0.0
63,81,2011-11-21,2,1,2011-2012,Tijuca,Paulistano,0,0.355,0.09,0.19,0.075,0.07,0.02,0.05,0.06,0.095,0.63,0.03,0.075,40.0,0.095,0.175,54.29,0.075,0.11,68.18,0.0,0.01,0.11,0.01,0.09,0.11,0.095,0.03,0.25,0.39068369646882045,0.09015777610818933,0.25043826696719257,0.050087653393438514,0.13022789882294014,0.045078888054094664,0.08514901076884547,0.040070122714750814,0.050087653393438514,0.8,0.03005259203606311,0.11019283746556474,27.27,0.12521913348359628,0.21036814425244177,59.52,0.050087653393438514,0.06511394941147007,76.92,0.005008765339343852,0.03005259203606311,0.6,0.010017530678687703,0.11019283746556474,0.09,0.050087653393438514,0.015026296018031555,0.370648635111445
91,77,2011-11-21,2,1,2011-2012,Bauru Basket,Espírito Santo,1,0.0,0.0,0.0,0.0,0.0,0.0,0.0,0.0,0.0,0.0,0.0,0.0,0.0,0.0,0.0,0.0,0.0,0.0,0.0,0.0,0.0,0.0,0.0,0.0,0.0,0.0,0.0,0.0,0.0,0.0,0.0,0.0,0.0,0.0,0.0,0.0,0.0,0.0,0.0,0.0,0.0,0.0,0.0,0.0,0.0,0.0,0.0,0.0,0.0,0.0,0.0,0.0,0.0,0.0,0.0,0.0
84,89,2011-11-21,2,1,2011-2012,Flamengo,Pinheiros,0,0.44776878848013024,0.12211876049458098,0.2137078308655167,0.11194219712003256,0.16282501399277463,0.04070625349819366,0.12211876049458098,0.07123594362183891,0.0661476619345647,1.08,0.04070625349819366,0.08650078868366153,47.06,0.10685391543275835,0.17808985905459726,60.0,0.11194219712003256,0.14247188724367782,78.57,0.010176563374548414,0.02035312674909683,0.31,0.0,0.08141250699638732,0.0,0.0661476619345647,0.010176563374548414,0.4884750419783239,0.52,0.165,0.29,0.065,0.14,0.045,0.095,0.095,0.06,1.58,0.055,0.115,47.83,0.145,0.225,64.44,0.065,0.07,92.86,0.025,0.06,1.0,0.02,0.105,0.19,0.06,0.03,0.63
62,81,2011-11-24,3,1,2011-2012,L. Sorocabana,Coop/São José Basketball,0,0.0,0.0,0.0,0.0,0.0,0.0,0.0,0.0,0.0,0.0,0.0,0.0,0.0,0.0,0.0,0.0,0.0,0.0,0.0,0.0,0.0,0.0,0.0,0.0,0.0,0.0,0.0,0.0,0.34,0.075,0.18,0.085,0.115,0.045,0.07,0.065,0.065,1.0,0.025,0.105,23.81,0.09,0.18,50.0,0.085,0.09,94.44,0.0,0.065,1.0,0.01,0.075,0.13,0.065,0.01,0.355
75,73,2011-11-24,3,1,2011-2012,Espírito Santo,Araraquara,1,0.385,0.135,0.18,0.07,0.14,0.045,0.095,0.045,0.055,0.82,0.045,0.12,37.5,0.09,0.21,42.86,0.07,0.09,77.78,0.0,0.03,0.55,0.005,0.06,0.08,0.055,0.03,0.335,0.3775380517503806,0.1130517503805175,0.2166920345002537,0.04779426686960933,0.14341958396752919,0.04536783358701167,0.0980517503805175,0.06033105022831051,0.05540461694571284,1.09,0.037683916793505835,0.1132724505327245,32.74,0.10834601725012685,0.22930238457635718,47.28,0.04779426686960933,0.06286783358701167,76.66499999999999,0.0050735667174023336,0.03525748351090817,0.64,0.017573566717402334,0.090441400304414,0.19,0.05540461694571284,0.012647133434804668,0.3670966514459665
70,83,2011-11-24,3,1,2011-2012,Minas,Flamengo,0,0.325,0.045,0.22,0.06,0.155,0.03,0.125,0.05,0.085,0.59,0.015,0.065,23.08,0.11,0.18,61.11,0.06,0.08,75.0,0.0,0.035,0.41,0.01,0.08,0.13,0.085,0.01,0.35,0.41117536413973066,0.12794901235431388,0.2227959444182656,0.060430407367151176,0.1616800655248154,0.03819036197763641,0.123489703547179,0.07798140547870094,0.0732076102314964,1.07,0.042649670784771304,0.09453244562388205,45.269999999999996,0.1113979722091328,0.1826904144771314,60.95,0.060430407367151176,0.0801545612361087,64.285,0.011777244897976548,0.023554489795953096,0.32,0.0,0.08752899597311004,0.0,0.0732076102314964,0.014006899301543994,0.45828434373163685
109,78,2011-11-24,3,1,2011-2012,Brasília,Tijuca,1,0.45497419963380126,0.09987238528546857,0.26632636076124955,0.08877545358708318,0.12206624868223936,0.04438772679354159,0.07767852188869778,0.04993619264273429,0.06103312434111968,0.82,0.03329079509515619,0.11651778283304667,28.57,0.13316318038062477,0.17200244132497367,77.42,0.08877545358708318,0.11096931698385397,80.0,0.0,0.07213005603950508,1.18,0.011096931698385397,0.12206624868223936,0.09,0.06103312434111968,0.016645397547578097,0.5049103922765356,0.33499999999999996,0.0975,0.16,0.0775,0.0975,0.025,0.07250000000000001,0.045,0.09,0.49,0.0325,0.0975,34.585,0.08,0.16499999999999998,48.114999999999995,0.0775,0.1,78.535,0.005,0.022500000000000003,0.26,0.015,0.08249999999999999,0.19,0.09,0.017499999999999998,0.2525
81,90,2011-11-24,3,1,2011-2012,Pinheiros,Uberlândia,0,0.4577777777777778,0.14250000000000002,0.25166666666666665,0.06361111111111112,0.13222222222222224,0.03805555555555555,0.09416666666666668,0.08083333333333334,0.05,1.625,0.0475,0.10416666666666667,45.345,0.12583333333333332,0.21472222222222223,58.305,0.06361111111111112,0.07500000000000001,85.32,0.021388888888888888,0.04777777777777778,0.9450000000000001,0.012222222222222223,0.07694444444444444,0.14,0.05,0.017222222222222222,0.5238888888888888,0.47250000000000003,0.14250000000000002,0.28,0.05,0.1575,0.0175,0.14,0.11,0.0675,1.635,0.0475,0.1225,38.75,0.14,0.185,75.295,0.05,0.0675,73.33500000000001,0.02,0.04,0.595,0.0275,0.065,0.44,0.0675,0.0125,0.6025
85,70,2011-11-24,3,1,2011-2012,Bauru Basket,Joinville,1,0.455,0.165,0.26,0.03,0.18,0.03,0.15,0.105,0.075,1.4,0.055,0.135,40.74,0.13,0.185,70.27,0.03,0.04,75.0,0.03,0.02,0.27,0.02,0.1,0.2,0.075,0.005,0.56,0.35392860754373545,0.06067347557892608,0.20224491859642027,0.09101021336838912,0.1466275659824047,0.05561735261401557,0.09101021336838912,0.05056122964910507,0.08595409040347861,0.59,0.020224491859642025,0.09606633633329963,21.05,0.10112245929821014,0.22246941045606228,45.45,0.09101021336838912,0.13651532005258368,66.67,0.01516836889473152,0.04550510668419456,0.53,0.0,0.10617858226312064,0.0,0.08595409040347861,0.010112245929821012,0.26797451714025683
110,72,2011-11-26,4,1,2011-2012,Flamengo,Brasília,1,0.41245024275982045,0.1252993415695426,0.21853062961217706,0.06862027157810079,0.1544533770165436,0.033793574651757606,0.120659802364786,0.07865427031913397,0.07880507348766426,1.01,0.04176644718984754,0.09302163041592137,44.99333333333333,0.10926531480608853,0.18679360965142097,58.583333333333336,0.06862027157810079,0.08510304082407245,72.67999999999999,0.007851496598651033,0.03570299319730206,0.4366666666666667,0.005,0.0816859973154067,0.06999999999999999,0.07880507348766426,0.019337932867695997,0.4621895624877579,0.49998709981690065,0.1324361926427343,0.2931631803806248,0.07438772679354158,0.1435331243411197,0.042193863396770795,0.10133926094434889,0.08246809632136715,0.07301656217055985,1.085,0.0441453975475781,0.12825889141652336,33.93,0.1465815901903124,0.18350122066248684,79.735,0.07438772679354158,0.090484658491927,82.85499999999999,0.0025,0.06606502801975253,0.945,0.0155484658491927,0.11603312434111968,0.135,0.07301656217055985,0.01582269877378905,0.5974551961382677
77,63,2011-11-26,4,1,2011-2012,L. Sorocabana,Joinville,1,0.33151534595230453,0.09624639076034648,0.19249278152069296,0.0427761736712651,0.1283285210137953,0.05347021708908138,0.07485830392471393,0.02138808683563255,0.04812319538017324,0.44,0.032082130253448825,0.0855523473425302,37.5,0.09624639076034648,0.155063629558336,62.07,0.0427761736712651,0.06416426050689765,66.67,0.0,0.02673510854454069,0.56,0.010694043417816275,0.07485830392471393,0.14,0.04812319538017324,0.0053470217089081375,0.3368623676612127,0.3519643037718677,0.07533673778946304,0.21112245929821014,0.06550510668419456,0.10581378299120235,0.030308676307007783,0.07550510668419455,0.060280614824552534,0.0804770452017393,0.76,0.02511224592982101,0.0955331681666498,26.314999999999998,0.10556122964910507,0.18623470522803115,59.39,0.06550510668419456,0.08825766002629185,83.33500000000001,0.01008418444736576,0.04025255334209728,0.5,0.0,0.09558929113156032,0.0,0.0804770452017393,0.012556122964910505,0.3039872585701284
84,78,2011-11-26,4,1,2011-2012,Bauru Basket,Coop/São José Basketball,1,0.44,0.14250000000000002,0.25,0.0475,0.16249999999999998,0.0525,0.11,0.0875,0.0625,1.4,0.0475,0.11750000000000001,40.370000000000005,0.125,0.1975,63.705,0.0475,0.06,78.125,0.025,0.04,0.735,0.0175,0.09,0.195,0.0625,0.01,0.53,0.37250000000000005,0.1425,0.16,0.07,0.14250000000000002,0.0325,0.11,0.08,0.07500000000000001,1.06,0.0475,0.1225,36.905,0.08,0.16249999999999998,49.14,0.07,0.0775,89.53,0.0,0.05,0.705,0.02,0.07250000000000001,0.28,0.07500000000000001,0.01,0.425
62,73,2011-11-26,4,1,2011-2012,Minas,Tijuca,0,0.3377014817039595,0.05253453972067878,0.24014967212294136,0.04501726986033939,0.1651007408519798,0.057548931270961605,0.10755180958101818,0.04502302648045252,0.0775402963407919,0.58,0.017511513240226262,0.0825575662011313,21.54,0.12007483606147068,0.23016118536316763,53.769999999999996,0.04501726986033939,0.06002302648045252,75.0,0.0,0.037523026480452526,0.49,0.017514391550282823,0.07754317465084848,0.23,0.0775402963407919,0.005,0.33518421184362013,0.35333333333333333,0.105,0.16333333333333333,0.085,0.10166666666666667,0.03,0.07166666666666667,0.049999999999999996,0.09000000000000001,0.5499999999999999,0.035,0.09999999999999999,35.75666666666667,0.08166666666666667,0.17833333333333332,45.89666666666667,0.085,0.10833333333333334,79.02333333333333,0.006666666666666667,0.03333333333333333,0.37666666666666665,0.013333333333333334,0.07833333333333332,0.17333333333333334,0.09000000000000001,0.015,0.27666666666666667
94,81,2011-11-26,4,1,2011-2012,Paulistano,Uberlândia,1,0.39784184823441027,0.08257888805409466,0.25521913348359626,0.06004382669671926,0.14011394941147007,0.04753944402704734,0.09257450538442275,0.03253506135737541,0.055043826696719256,0.61,0.027526296018031554,0.10009641873278237,27.525,0.12760956674179813,0.21768407212622087,58.650000000000006,0.06004382669671926,0.07505697470573504,79.63499999999999,0.010004382669671925,0.037526296018031556,0.675,0.007508765339343852,0.10509641873278237,0.07,0.055043826696719256,0.015013148009015778,0.38282431755572255,0.465,0.14,0.26333333333333336,0.06166666666666667,0.15,0.018333333333333337,0.13166666666666668,0.09166666666666667,0.06166666666666667,1.4566666666666668,0.04666666666666667,0.11666666666666665,40.12,0.13166666666666668,0.19833333333333333,67.23333333333333,0.06166666666666667,0.07666666666666667,78.71333333333334,0.016666666666666666,0.04,0.6633333333333333,0.02,0.07333333333333333,0.3133333333333333,0.06166666666666667,0.013333333333333334,0.5533333333333333
102,69,2011-11-26,4,1,2011-2012,Pinheiros,Sesi Franca,1,0.4401851851851852,0.14,0.23444444444444446,0.06574074074074075,0.14481481481481484,0.04037037037037037,0.10444444444444445,0.0788888888888889,0.05833333333333333,1.4166666666666667,0.04666666666666667,0.10777777777777779,43.27333333333333,0.11722222222222223,0.2114814814814815,55.129999999999995,0.06574074074074075,0.08166666666666668,81.44,0.02259259259259259,0.041851851851851855,0.7633333333333333,0.01314814814814815,0.08462962962962962,0.14333333333333334,0.05833333333333333,0.01814814814814815,0.4892592592592592,0.435,0.12,0.18,0.135,0.19,0.05,0.14,0.07,0.05,1.4,0.04,0.085,47.06,0.09,0.21,42.86,0.135,0.165,81.82,0.005,0.04,0.8,0.005,0.09,0.06,0.05,0.01,0.495
51,99,2011-11-26,4,1,2011-2012,Espírito Santo,Limeira,0,0.3801219542702757,0.14254878170811028,0.17505528593585828,0.0625178866263071,0.13504227748036224,0.042513008455496076,0.09252926902486616,0.057522764797118126,0.07002764296792915,0.82,0.04751626056937009,0.12504227748036223,37.980000000000004,0.08752764296792914,0.18255040776504727,48.85,0.0625178866263071,0.08502601691099215,73.265,0.002501626056937009,0.042517886626307094,0.6000000000000001,0.005001626056937009,0.08003252113874018,0.065,0.07002764296792915,0.022504878170811028,0.3551219542702757,0.41,0.195,0.16,0.055,0.13,0.035,0.095,0.07,0.05,1.4,0.065,0.115,56.52,0.08,0.22,36.36,0.055,0.07,78.57,0.0,0.04,0.8,0.01,0.08,0.13,0.05,0.015,0.405
82,71,2011-11-28,3,1,2011-2012,Paulistano,Sesi Franca,1,0.4221063514005867,0.09009990590979265,0.2669434320688886,0.06506301342190536,0.15182148939719595,0.050051079475699416,0.10177040992149654,0.04171707740419096,0.05839184067202636,0.7133333333333334,0.03003330196993088,0.10177825969558445,29.459999999999997,0.1334717160344443,0.22523086074791,59.24000000000001,0.06506301342190536,0.08174745759434056,79.40666666666665,0.01000742786299362,0.03336212922005188,0.5766666666666667,0.010012602684381073,0.11345619157028197,0.08666666666666667,0.05839184067202636,0.011677685047616687,0.42043926282282573,0.39,0.08249999999999999,0.195,0.1125,0.1925,0.060000000000000005,0.1325,0.07250000000000001,0.0875,1.0,0.0275,0.07500000000000001,35.07,0.0975,0.23249999999999998,42.019999999999996,0.1125,0.14250000000000002,78.41,0.005,0.037500000000000006,0.54,0.005,0.0975,0.055,0.0875,0.01,0.39749999999999996
85,78,2011-12-01,5,1,2011-2012,Tijuca,L. Sorocabana,1,0.35625,0.09,0.1725,0.09375,0.12,0.03875,0.08125,0.05125,0.08375,0.625,0.030000000000000002,0.095,31.505000000000003,0.08625,0.18499999999999997,46.6175,0.09375,0.12,78.6225,0.00625,0.03375,0.4175,0.0125,0.08625,0.1525,0.08375,0.015,0.30000000000000004,0.3582576729761523,0.10062319538017324,0.1812463907603465,0.07638808683563256,0.15166426050689763,0.06673510854454069,0.08492915196235697,0.030694043417816275,0.06906159769008662,0.44,0.03354106512672442,0.0877761736712651,38.195,0.09062319538017324,0.165031814779168,55.32,0.07638808683563256,0.11208213025344882,67.71000000000001,0.0025,0.03836755427227034,0.56,0.010347021708908138,0.08742915196235697,0.12000000000000001,0.06906159769008662,0.010173510854454068,0.35593118383060635
77,89,2011-12-01,5,1,2011-2012,Sesi Franca,Minas,0,0.37833333333333335,0.08999999999999998,0.19333333333333336,0.09500000000000001,0.17833333333333334,0.055,0.12333333333333334,0.07833333333333334,0.08333333333333333,1.0666666666666667,0.03,0.07500000000000001,38.93666666666667,0.09666666666666668,0.23166666666666666,41.779999999999994,0.09500000000000001,0.12000000000000001,78.94,0.005,0.03166666666666667,0.45,0.005,0.105,0.049999999999999996,0.08333333333333333,0.011666666666666667,0.3833333333333333,0.32846765446930637,0.06502302648045251,0.21343311474862758,0.050011513240226256,0.17506716056798655,0.06503262084730774,0.11003453972067878,0.05001535098696835,0.07169353089386127,0.7200000000000001,0.02167434216015084,0.08670504413408753,24.886666666666667,0.10671655737431379,0.22344079024211175,48.54666666666666,0.050011513240226256,0.07501535098696833,69.04666666666667,0.0033333333333333335,0.03668201765363502,0.52,0.01834292770018855,0.09669544976723232,0.20333333333333334,0.07169353089386127,0.006666666666666667,0.3301228078957468
87,47,2011-12-01,5,1,2011-2012,Coop/São José Basketball,Espírito Santo,1,0.3785155884905535,0.1400630883236531,0.1700887909740303,0.06836370919287003,0.14507009813739236,0.03334968956539155,0.11172040857200079,0.07336137258829027,0.07169704252620336,1.0133333333333334,0.04668769610788437,0.12172274517658055,37.10333333333333,0.08504439548701515,0.1634104412844649,51.95333333333334,0.06836370919287003,0.08170872554910208,83.76,0.0016690032712464115,0.03667133987582616,0.5199999999999999,0.020009346418318977,0.07670638894452234,0.26666666666666666,0.07169704252620336,0.015011683022898724,0.41518459176179984,0.3384146361801838,0.14003252113874018,0.14337019062390552,0.05501192441753807,0.13336151832024148,0.04167533897033072,0.09168617934991079,0.05001517653141208,0.07335176197861944,0.6933333333333334,0.04667750704624673,0.12336151832024149,37.82,0.07168509531195276,0.1800336051766982,40.18666666666667,0.05501192441753807,0.07668401127399477,71.06666666666666,0.0016677507046246728,0.040011924417538064,0.5466666666666667,0.006667750704624674,0.08002168075916012,0.08666666666666667,0.07335176197861944,0.020003252113874017,0.2884146361801838
84,73,2011-12-01,5,1,2011-2012,Uberlândia,Brasília,1,0.4748004201680672,0.11900560224089637,0.2753089013383131,0.08048591658885776,0.14829209461562404,0.02153089013383131,0.12676120448179273,0.09053649237472768,0.06336795829442889,1.4100000000000001,0.03966853408029879,0.11084267040149393,35.09,0.13765445066915655,0.2218903672580143,63.7225,0.08048591658885776,0.09329209461562403,82.9475,0.01872471210706505,0.044005602240896356,0.7025,0.018112356053532522,0.08456738250855898,0.2625,0.06336795829442889,0.01,0.5441627762215998,0.4533247332112671,0.13829079509515618,0.25544212025374985,0.059591817862361056,0.13235541622741312,0.033129242264513865,0.09922617396289928,0.07497873088091143,0.0720110414470399,1.01,0.04609693169838539,0.12717259427768224,35.95333333333333,0.12772106012687492,0.18900081377499123,68.15666666666667,0.059591817862361056,0.07198977232795133,83.80666666666666,0.0033333333333333335,0.05237668534650169,0.75,0.012032310566128466,0.09735541622741312,0.11666666666666668,0.0720110414470399,0.0155484658491927,0.49830346409217846
83,106,2011-12-01,5,1,2011-2012,Araraquara,Pinheiros,0,0.3733587011669204,0.08536783358701167,0.23446135633350249,0.053529511246406224,0.12894638931168612,0.03524522239134111,0.09370116692034501,0.04688736681887367,0.05693641129714189,0.8366666666666668,0.02845594452900389,0.09384830035514967,27.886666666666667,0.11723067816675124,0.22620158971757146,51.973333333333336,0.053529511246406224,0.07191188905800779,75.18333333333332,0.005049044478268223,0.026838322340605444,0.48333333333333334,0.015049044478268223,0.09529426686960933,0.16,0.05693641129714189,0.01343142228986978,0.34139776763064433,0.4576388888888889,0.15000000000000002,0.24333333333333335,0.06430555555555556,0.14236111111111113,0.03652777777777778,0.10583333333333333,0.09041666666666667,0.06125,1.51,0.05,0.11208333333333334,44.455,0.12166666666666667,0.2073611111111111,58.655,0.06430555555555556,0.08625000000000001,76.08,0.025694444444444443,0.05263888888888889,0.875,0.01611111111111111,0.09097222222222222,0.165,0.06125,0.017361111111111112,0.5281944444444444
81,66,2011-12-01,5,1,2011-2012,Flamengo,Bauru Basket,1,0.44822657095875423,0.16215632435897512,0.2219787802899409,0.06409146630983821,0.15245619437856933,0.025345180988818203,0.12711101338975112,0.08929373304238078,0.07046744147938457,1.425,0.05405210811965838,0.1076450106907289,48.745,0.11098939014497045,0.18428712643048492,60.364999999999995,0.06409146630983821,0.07771616950694324,77.2375,0.007151248711614537,0.03814088126161291,0.5775,0.006275252525252526,0.0789412656633227,0.0875,0.07046744147938457,0.018291328438650785,0.5234098486334952,0.43333333333333335,0.125,0.25333333333333335,0.055,0.17166666666666663,0.065,0.10666666666666667,0.08333333333333333,0.04666666666666667,2.6,0.041666666666666664,0.10666666666666667,38.67666666666667,0.12666666666666668,0.22666666666666666,57.673333333333325,0.055,0.07333333333333333,75.41666666666667,0.021666666666666667,0.03833333333333334,1.2666666666666666,0.013333333333333334,0.09499999999999999,0.14666666666666667,0.04666666666666667,0.008333333333333333,0.51
86,70,2011-12-01,5,1,2011-2012,Limeira,Paulistano,1,0.4525,0.1875,0.20500000000000002,0.06,0.1575,0.030000000000000002,0.1275,0.0575,0.052500000000000005,1.1099999999999999,0.0625,0.1225,51.335,0.10250000000000001,0.20500000000000002,51.075,0.06,0.0675,89.285,0.0075,0.045,0.855,0.0125,0.065,0.215,0.052500000000000005,0.0225,0.5025,0.41907976355044,0.07882492943234448,0.26520757405166645,0.07504726006642902,0.15386611704789696,0.04753830960677456,0.1063278074411224,0.05253780805314322,0.05379388050401977,1.0675,0.02627497647744816,0.09383369477168833,27.4525,0.13260378702583323,0.22517314556093249,58.87500000000001,0.07504726006642902,0.09381059319575542,79.74749999999999,0.007505570897245215,0.03502159691503891,0.6825,0.012509452013285804,0.11134214367771147,0.1125,0.05379388050401977,0.008758263785712515,0.4403294471171193
66,72,2011-12-03,6,1,2011-2012,Tijuca,Bauru Basket,0,0.37,0.087,0.192,0.091,0.124,0.038,0.086,0.055999999999999994,0.08,0.73,0.029000000000000005,0.097,29.966,0.096,0.186,51.504,0.091,0.11699999999999999,78.136,0.007000000000000001,0.033,0.426,0.012,0.09,0.142,0.08,0.013000000000000001,0.33100000000000007,0.40750000000000003,0.12,0.23,0.0575,0.16124999999999998,0.06125,0.1,0.07,0.04625,2.1175,0.04,0.11125,36.0075,0.115,0.21749999999999997,53.7825,0.0575,0.07875,73.6675,0.01625,0.036250000000000004,1.1175,0.01,0.0875,0.11,0.04625,0.00625,0.44375
86,73,2011-12-03,6,1,2011-2012,Uberlândia,Minas,1,0.463996024157296,0.1252600846580179,0.2543101376513247,0.08442580184795341,0.14568371827126997,0.026241392966655293,0.11944232530461467,0.09046255561896263,0.056705487208603265,1.7280000000000002,0.04175336155267263,0.11472232547112252,35.764,0.12715506882566235,0.22059199124667592,58.88399999999999,0.08442580184795341,0.09968001141358322,82.358,0.01898718340102548,0.04522301608115069,0.8960000000000001,0.0174954451293561,0.08769097458371439,0.24,0.056705487208603265,0.00900185342884336,0.5244951761443388,0.3576007408519798,0.08626726986033939,0.22007483606147069,0.05125863493016969,0.16880037042598992,0.06252446563548081,0.10627590479050908,0.056261513240226255,0.07002014817039595,0.8275,0.02875575662011313,0.08877878310056564,31.822499999999998,0.11003741803073534,0.2238305926815838,49.74249999999999,0.05125863493016969,0.07126151324022625,74.7025,0.0025,0.043761513240226264,0.64,0.022507195775141414,0.10252158732542424,0.22499999999999998,0.07002014817039595,0.00875,0.3850921059218101
95,104,2011-12-03,6,1,2011-2012,Sesi Franca,Brasília,0,0.38,0.08625,0.195,0.09875,0.165,0.04875,0.11624999999999999,0.0775,0.08375,1.02,0.028749999999999998,0.07250000000000001,38.8175,0.0975,0.22874999999999998,42.6975,0.09875,0.12625,78.17,0.005,0.0325,0.44,0.005,0.0975,0.055,0.08375,0.01,0.37374999999999997,0.4312435499084503,0.12246809632136714,0.2415815901903124,0.06719386339677079,0.13426656217055985,0.0323469316983854,0.10191963047217445,0.07373404816068357,0.06900828108527993,1.0499999999999998,0.040822698773789044,0.11787944570826167,33.91,0.1207907950951562,0.18800061033124343,64.63,0.06719386339677079,0.0777423292459635,86.53999999999999,0.00375,0.04428251400987626,0.645,0.014024232924596348,0.10301656217055984,0.13,0.06900828108527993,0.015411349386894525,0.4737275980691339
90,107,2011-12-03,6,1,2011-2012,Araraquara,Paulistano,0,0.3837690258751903,0.09027587519025874,0.23084601725012685,0.06264713343480466,0.12045979198376458,0.027683916793505837,0.09277587519025876,0.05391552511415525,0.05645230847285641,0.9675,0.030091958396752917,0.09163622526636225,31.21,0.11542300862506343,0.2221511922881786,52.075,0.06264713343480466,0.08018391679350584,77.815,0.003786783358701167,0.032628741755454084,0.59,0.011286783358701168,0.107720700152207,0.12,0.05645230847285641,0.012573566717402335,0.35979832572298326,0.405263810840352,0.07505994354587558,0.2581660592413332,0.07203780805314322,0.15509289363831757,0.04303064768541965,0.11206224595289793,0.05003024644251457,0.06603510440321582,0.9239999999999998,0.02501998118195853,0.08606695581735066,29.234,0.1290830296206666,0.220138516448746,58.6,0.07203780805314322,0.09104847455660434,78.79799999999999,0.0070044567177961715,0.03501727753203113,0.606,0.012007561610628643,0.11307371494216918,0.10600000000000001,0.06603510440321582,0.009006611028570012,0.4202635576936954
93,55,2011-12-03,6,1,2011-2012,Flamengo,L. Sorocabana,1,0.4395812567670034,0.1327250594871801,0.24758302423195272,0.05927317304787057,0.15596495550285547,0.027276144791054564,0.12868881071180088,0.08543498643390462,0.06537395318350765,1.452,0.044241686495726705,0.09311600855258313,41.854,0.12379151211597636,0.20142970114438796,61.254,0.05927317304787057,0.07317293560555459,76.336,0.00772099896929163,0.03551270500929033,0.5740000000000001,0.006020202020202021,0.07915301253065817,0.08199999999999999,0.06537395318350765,0.01663306275092063,0.5167278789067961,0.36883844865076815,0.11708213025344882,0.18083092717356433,0.07092539122375503,0.15944284033793174,0.0661567390296938,0.09328610130823799,0.040462695611877514,0.06770773179339108,0.6,0.03902737675114961,0.09685078244751007,39.95666666666667,0.09041546358678217,0.17335454318611201,52.669999999999995,0.07092539122375503,0.10472142016896586,67.36333333333334,0.0033333333333333335,0.0405783695148469,0.6033333333333334,0.006898014472605425,0.09495276797490465,0.08,0.06770773179339108,0.015115673902969381,0.37395412255373756
76,72,2011-12-03,6,1,2011-2012,Joinville,Espírito Santo,1,0.34031388010058294,0.08041620926516711,0.1910678352080152,0.06882983562740061,0.10744350993422112,0.030269690006513552,0.07717381992770755,0.05360561761882395,0.09893893957611383,0.6066666666666667,0.026805403088389034,0.09220317854965134,29.30666666666666,0.0955339176040076,0.17447599916122924,56.26,0.06882983562740061,0.09070747505669326,81.87333333333333,0.010077424898857738,0.038576258996880164,0.42,0.003354635267280565,0.11069108782963481,0.023333333333333334,0.09893893957611383,0.023466607346036214,0.2781374658938984,0.31256097713513786,0.12752439085405515,0.13502764296792916,0.05000894331315355,0.13377113874018112,0.04000650422774804,0.09376463451243308,0.047511382398559066,0.07751382148396457,0.63,0.042508130284685045,0.12002113874018111,35.182500000000005,0.06751382148396458,0.18002520388252363,37.78,0.05000894331315355,0.06751300845549607,75.175,0.0012508130284685046,0.03875894331315355,0.5075000000000001,0.006250813028468505,0.08501626056937009,0.0775,0.07751382148396457,0.015002439085405514,0.25381097713513784
91,80,2011-12-08,7,1,2011-2012,L. Sorocabana,Uberlândia,1,0.3453788364880761,0.10656159769008662,0.16812319538017326,0.07069404341781628,0.1545821302534488,0.06211755427227035,0.09246457598117849,0.03409702170890813,0.06703079884504332,0.5075000000000001,0.03552053256336221,0.10263808683563255,35.175,0.08406159769008663,0.17001590738958403,49.66,0.07069404341781628,0.0985410651267244,72.39750000000001,0.0025,0.03668377713613517,0.5475,0.005173510854454069,0.0962145759811785,0.060000000000000005,0.06703079884504332,0.013836755427227036,0.32796559191530317,0.45833002013108004,0.1268834038816816,0.2519251147094373,0.07952150153996117,0.14473643189272498,0.027701160805546077,0.11703527108717889,0.09621879634913551,0.05725457267383605,1.7866666666666668,0.04229446796056052,0.11226860455926875,37.303333333333335,0.12596255735471865,0.21715999270556327,59.06999999999999,0.07952150153996117,0.09556667617798602,80.85333333333334,0.024155986167521237,0.04268584673429224,0.8300000000000001,0.015412870941130084,0.08640914548642865,0.21,0.05725457267383605,0.008334877857369466,0.522912646786949
92,82,2011-12-08,7,1,2011-2012,Bauru Basket,Sesi Franca,1,0.398,0.12,0.21800000000000003,0.06000000000000001,0.15899999999999997,0.056999999999999995,0.10200000000000001,0.06300000000000001,0.051000000000000004,1.794,0.04,0.10700000000000001,37.694,0.10900000000000001,0.21199999999999997,51.974000000000004,0.06000000000000001,0.083,72.934,0.015,0.034,0.966,0.009,0.08199999999999999,0.10400000000000001,0.051000000000000004,0.008,0.41899999999999993,0.399,0.10499999999999998,0.202,0.092,0.157,0.047,0.10999999999999999,0.079,0.081,1.058,0.034999999999999996,0.08600000000000001,39.626,0.101,0.22799999999999998,44.379999999999995,0.092,0.11400000000000002,82.536,0.004,0.034999999999999996,0.48,0.005,0.10200000000000001,0.052000000000000005,0.081,0.01,0.39399999999999996
54,86,2011-12-08,7,1,2011-2012,Espírito Santo,Pinheiros,0,0.3140487817081103,0.1206861793499108,0.1329110032632322,0.06045159909496729,0.13723913321436712,0.04444964782664288,0.09278948538772425,0.03800910591884725,0.07623327940939388,0.504,0.04022872644997026,0.11290579988103377,35.514,0.0664555016316161,0.17513127421713,38.224000000000004,0.06045159909496729,0.07889929565328575,76.568,0.0010006504227748037,0.035451599094967284,0.4680000000000001,0.00855620597833036,0.09112411956660718,0.092,0.07623327940939388,0.013779729046102187,0.2572710039303325,0.4721217121712171,0.14700270027002701,0.24667186718671869,0.07844714471447145,0.1518926892689269,0.03922322232223222,0.11266946694669469,0.08833493349334934,0.06500160016001601,1.408,0.049000900090009,0.10966866686668668,44.564,0.12333593359335934,0.20889318931893192,59.01800000000001,0.07844714471447145,0.10200330033003299,77.228,0.022555755575557553,0.05111201120112011,0.812,0.015889188918891888,0.08977947794779477,0.168,0.06500160016001601,0.01488898889888989,0.5445677567756776
108,91,2011-12-08,7,1,2011-2012,Coop/São José Basketball,Tijuca,1,0.39367972518921746,0.1353350497106853,0.18309410458842276,0.07525057089010936,0.1504482071214693,0.03510817833002548,0.11534002879144381,0.08530876290916319,0.07017863752312299,1.2225000000000001,0.0451116832368951,0.11905581456138543,36.917500000000004,0.09154705229421138,0.1717753978487601,53.0675,0.07525057089010936,0.09283126652426976,81.82,0.0037757302424302657,0.04517134942983782,0.6599999999999999,0.02005496539173015,0.07645962512585767,0.2675,0.07017863752312299,0.012520751161671772,0.4527312000050955,0.3633663531452205,0.08750900540324195,0.19335334534053764,0.08250400240144086,0.12918217597225,0.04000500300180108,0.08917717297044893,0.058340337535854846,0.07583883663531453,0.82,0.02916966846774732,0.09834383963711561,29.733333333333334,0.09667667267026882,0.19085484624107796,50.67166666666666,0.08250400240144086,0.10583833633513441,78.44666666666667,0.006667166966846775,0.030001500900540323,0.39999999999999997,0.012501500900540327,0.08834133813621504,0.15,0.07583883663531453,0.011667166966846776,0.3308663531452205
97,79,2011-12-08,7,1,2011-2012,Brasília,Araraquara,1,0.4489948399267602,0.12197447705709372,0.24926527215224992,0.07775509071741663,0.1414132497364479,0.03387754535870832,0.10753570437773956,0.07898723852854686,0.07520662486822394,1.0399999999999998,0.040658159019031234,0.11230355656660933,36.016,0.12463263607612496,0.19540048826499473,64.148,0.07775509071741663,0.0881938633967708,87.69399999999999,0.004,0.04242601120790101,0.5860000000000001,0.013219386339677078,0.10241324973644787,0.124,0.07520662486822394,0.01832907950951562,0.49698207845530706,0.3970152207001522,0.09922070015220699,0.2286768138001015,0.06911770674784372,0.11736783358701167,0.029147133434804674,0.08822070015220701,0.062132420091324206,0.06316184677828514,0.986,0.03307356671740234,0.0953089802130898,33.15,0.11433840690005075,0.22072095383054288,51.89200000000001,0.06911770674784372,0.09014713343480467,76.868,0.0050294266869609335,0.03610299340436327,0.584,0.009029426686960934,0.1061765601217656,0.096,0.06316184677828514,0.015058853373921868,0.3688386605783866
65,88,2011-12-08,7,1,2011-2012,Joinville,Flamengo,0,0.3403494180492759,0.083830501257436,0.18361803807782973,0.07290087871401012,0.11418026717718109,0.03390147908039025,0.08027878809679084,0.052523345947173554,0.08428349510003995,0.76,0.027943500419145333,0.08931096474814766,31.702499999999997,0.09180901903891486,0.1801335303031443,52.4225,0.07290087871401012,0.1016282410190352,77.2375,0.008677989831693812,0.04013140582316521,0.5925,0.004755818765561441,0.11213626596853933,0.037500000000000006,0.08428349510003995,0.019839797824628178,0.2892374227640604,0.4438177139725028,0.13310421623931676,0.24965252019329395,0.06106097753989214,0.1583041295857129,0.027730120659212137,0.13057400892650076,0.09202915536158718,0.06114496098625637,1.7316666666666667,0.04436807207977225,0.09509667379381927,42.02166666666667,0.12482626009664698,0.19952475095365663,62.44833333333333,0.06106097753989214,0.0768107796712955,75.89333333333333,0.008100832474409693,0.03959392084107528,0.7283333333333334,0.006683501683501684,0.07846084377554847,0.09000000000000001,0.06114496098625637,0.014694218959100523,0.5381065657556634
96,93,2011-12-08,7,1,2011-2012,Minas,Limeira,1,0.3590805926815838,0.0870138158882715,0.22205986884917656,0.050006907944135745,0.15604029634079192,0.05401957250838465,0.10202072383240726,0.060009210592181006,0.06601611853631675,0.9620000000000001,0.029004605296090502,0.0910230264804525,31.458,0.11102993442458828,0.21906447414526706,51.294,0.050006907944135745,0.069009210592181,74.762,0.003,0.04300921059218101,0.672,0.019005756620113133,0.0990172698603394,0.192,0.06601611853631675,0.01,0.38207368473744807,0.445,0.17500000000000002,0.19333333333333336,0.07666666666666666,0.13333333333333333,0.025000000000000005,0.10833333333333334,0.065,0.04833333333333334,1.4066666666666665,0.05833333333333333,0.12333333333333334,47.55666666666667,0.09666666666666668,0.19166666666666668,51.223333333333336,0.07666666666666666,0.09333333333333334,84.81,0.008333333333333333,0.065,1.4466666666666665,0.011666666666666667,0.08,0.17333333333333334,0.04833333333333334,0.016666666666666666,0.49499999999999994
78,81,2011-12-10,8,1,2011-2012,Espírito Santo,Paulistano,0,0.30670731809009194,0.10557181612492567,0.13575916938602686,0.0653763325791394,0.13436594434530594,0.04204137318886906,0.09232457115643687,0.03584092159903938,0.08352773284116156,0.455,0.03519060537497522,0.10408816656752813,32.373333333333335,0.06787958469301343,0.17010939518094167,40.473333333333336,0.0653763325791394,0.08658274637773812,75.80666666666666,0.0016672086856456697,0.038709665912472734,0.46666666666666673,0.007130171648608633,0.09843676630550598,0.07666666666666666,0.08352773284116156,0.01648310753841849,0.2468925032752771,0.42772808611264884,0.08778590914527638,0.26224550092315374,0.07769667604421872,0.15700362984134938,0.04174726284893839,0.11525636699241099,0.05683344574965684,0.07605921716132989,0.8899999999999998,0.029261969715092123,0.08854643397471225,32.695,0.13112275046157687,0.2170967052944617,60.5,0.07769667604421872,0.09606249374947433,80.24833333333332,0.007519444344188813,0.035069454387781286,0.5516666666666666,0.012529896961228542,0.11441686073744502,0.11,0.07605921716132989,0.01591749458726836,0.44948105909357433
84,86,2011-12-10,8,1,2011-2012,Bauru Basket,Uberlândia,0,0.4083333333333334,0.1175,0.22666666666666668,0.06416666666666668,0.16,0.059166666666666666,0.10083333333333333,0.07,0.049999999999999996,1.8833333333333335,0.03916666666666667,0.10583333333333333,37.245,0.11333333333333334,0.21583333333333332,52.88666666666666,0.06416666666666668,0.08750000000000001,73.65666666666667,0.013333333333333334,0.03833333333333334,1.0266666666666666,0.010833333333333334,0.085,0.12,0.049999999999999996,0.009166666666666667,0.445,0.4499971601123543,0.11947148904144135,0.2559358126080891,0.07458985846282386,0.14191694162233567,0.02802956640475378,0.1138873752175819,0.091758968299259,0.05693249086328805,1.7,0.03982382968048045,0.11194451819365893,35.221428571428575,0.12796790630404456,0.21899427946191136,59.32714285714285,0.07458985846282386,0.08977143672398802,80.99142857142859,0.02570513100073249,0.04015929720082192,0.7757142857142858,0.0153538893781115,0.0904935532740817,0.1985714285714286,0.05693249086328805,0.010001323877745258,0.5039251258173849
70,80,2011-12-10,8,1,2011-2012,L. Sorocabana,Sesi Franca,0,0.3674945713449854,0.11831872398832544,0.17257852423679718,0.07659732311986281,0.1547309412004542,0.05370246109493824,0.10102848010551599,0.03429234830208992,0.06665199652668101,0.514,0.039439574662775145,0.10415676669267679,38.14,0.08628926211839859,0.17709900710216725,48.995999999999995,0.07659732311986281,0.10388546258339175,73.918,0.004004208838560978,0.034357543805310586,0.514,0.004138808683563255,0.09801585358983307,0.048,0.06665199652668101,0.013073613180342608,0.3455471403325231,0.4008333333333334,0.09999999999999998,0.20666666666666667,0.09416666666666668,0.1475,0.045000000000000005,0.1025,0.0775,0.07666666666666667,1.0933333333333335,0.03333333333333333,0.08416666666666667,38.57666666666666,0.10333333333333333,0.2225,46.81166666666667,0.09416666666666668,0.11750000000000001,81.74333333333334,0.0033333333333333335,0.03333333333333333,0.47500000000000003,0.005,0.10166666666666667,0.051666666666666666,0.07666666666666667,0.008333333333333333,0.3941666666666666
83,72,2011-12-10,8,1,2011-2012,Minas,Araraquara,1,0.3704240385805931,0.08363498376302937,0.2191618669775767,0.06762718783998706,0.15376365073263992,0.05169039273733574,0.10207325799530416,0.058906451911726665,0.06465377323336,0.9550000000000001,0.02787832792100979,0.08920068669440749,30.845,0.10958093348878835,0.21295788121671774,52.095,0.06762718783998706,0.09087808706189353,75.265,0.0039831294030404155,0.043998220543539794,0.7016666666666667,0.018804389322841775,0.10253663849132844,0.18499999999999997,0.06465377323336,0.008333333333333333,0.3932927721347477,0.3966793505834602,0.10768391679350582,0.22223067816675124,0.0667647556232031,0.11613986132250971,0.027622611195670558,0.08851725012683918,0.06177701674277017,0.06763487231523761,0.9333333333333332,0.035894638931168614,0.09442415017757483,36.885,0.11111533908337562,0.22393412819211908,49.84,0.0667647556232031,0.09012261119567055,74.24166666666666,0.005024522239134111,0.03591916117030273,0.5516666666666666,0.0075245222391341115,0.10681380010147133,0.08,0.06763487231523761,0.015882377811601556,0.35569888381532216
98,101,2011-12-10,8,1,2011-2012,Coop/São José Basketball,Flamengo,0,0.4238147478933095,0.1475825558975805,0.18276560625138338,0.09346658574434555,0.15060050118104643,0.036151058793052644,0.11444944238799375,0.09848894581120152,0.06521549066365968,1.6440000000000001,0.0491941852991935,0.12649465164910834,37.922000000000004,0.09138280312569169,0.16967838279513708,53.70399999999999,0.09346658574434555,0.11257146483231903,82.824,0.005036713226202277,0.04420159567290251,0.706,0.020076230377900246,0.08435318397165388,0.248,0.06521549066365968,0.01102466544546645,0.49726560516536666,0.44327232626214524,0.13551789963370006,0.24255930302282339,0.06519512360562184,0.1578321110734682,0.028054389136467545,0.12977772193700063,0.09316784745278901,0.05812425227393403,1.8414285714285714,0.04517263321123336,0.09508286325184509,43.537142857142854,0.12127965151141169,0.19673550081741994,61.464285714285715,0.06519512360562184,0.08226638257539613,76.23142857142857,0.007657856406636879,0.03608050357806452,0.6785714285714286,0.006443001443001443,0.08582358037904154,0.08285714285714287,0.05812425227393403,0.014023616250657591,0.5362341992191401
74,72,2011-12-10,8,1,2011-2012,Joinville,Tijuca,1,0.33890520069608326,0.09781470850902382,0.1694446559645188,0.0716458362225406,0.1128694289938974,0.035321265265132205,0.07754816372876519,0.04816873825835385,0.07460186783074947,0.78,0.03260490283634128,0.09297398705067064,34.885999999999996,0.0847223279822594,0.17690715224579548,48.814,0.0716458362225406,0.10487782856758568,73.094,0.00796740211545755,0.03723017590904467,0.616,0.0048296652625516535,0.11533426902739399,0.038000000000000006,0.07460186783074947,0.018946869010010046,0.28161544046627085,0.3764568741244747,0.08786486177420738,0.20287429600617513,0.08571771634409217,0.13287043654764288,0.04357571685868664,0.08929471968895622,0.06143457503073273,0.07357614568741244,0.8928571428571429,0.029288287258069128,0.09643757683181338,30.527142857142856,0.10143714800308756,0.20001843963520965,50.715714285714284,0.08571771634409217,0.10929000257297236,78.77857142857144,0.007857571685868665,0.02857271505760599,0.39,0.011429857914748851,0.09357828983104147,0.13428571428571429,0.07357614568741244,0.010714714543011523,0.3478854455530462
82,76,2011-12-10,8,1,2011-2012,Brasília,Limeira,1,0.4549956999389668,0.11664539754757809,0.25605439346020825,0.08229590893118052,0.15534437478037325,0.03989795446559027,0.11544642031478297,0.08165603210712237,0.07433885405685328,1.0933333333333333,0.03888179918252603,0.11525296380550777,33.85999999999999,0.12802719673010413,0.2011670735541623,63.96333333333334,0.08229590893118052,0.094328219497309,87.07833333333333,0.0075,0.04202167600658418,0.5833333333333334,0.014349488616397565,0.09867770811370656,0.145,0.07433885405685328,0.01777423292459635,0.5124850653794225,0.4370833333333333,0.17458333333333334,0.17611111111111113,0.08638888888888888,0.13111111111111112,0.02430555555555556,0.10680555555555556,0.06763888888888889,0.050694444444444445,1.3824999999999998,0.05819444444444444,0.12361111111111112,47.275000000000006,0.08805555555555557,0.1815277777777778,48.712500000000006,0.08638888888888888,0.10555555555555557,83.92,0.007361111111111112,0.05319444444444445,1.1624999999999999,0.010972222222222223,0.09222222222222222,0.14750000000000002,0.050694444444444445,0.014722222222222222,0.47124999999999995
73,77,2011-12-12,6,1,2011-2012,Limeira,Pinheiros,0,0.4256666666666667,0.1756666666666667,0.16688888888888892,0.08311111111111111,0.1348888888888889,0.02944444444444445,0.10544444444444445,0.0621111111111111,0.05555555555555556,1.212,0.05855555555555555,0.12788888888888889,46.096000000000004,0.08344444444444446,0.17922222222222223,46.61800000000001,0.08311111111111111,0.10344444444444445,81.872,0.00588888888888889,0.04955555555555556,1.0239999999999998,0.01177777777777778,0.09777777777777777,0.14400000000000002,0.05555555555555556,0.012777777777777777,0.44299999999999995,0.46510142680934763,0.14250225022502253,0.23222655598893224,0.09037262059539287,0.1465772410574391,0.03685268526852685,0.10972455578891223,0.08194577791112445,0.06416800013334667,1.3116666666666668,0.0475007500750075,0.10972388905557223,43.196666666666665,0.11611327799446612,0.1965776577657766,59.05833333333334,0.09037262059539287,0.11416941694169418,78.64166666666667,0.02046312964629796,0.0575933426676001,0.9266666666666667,0.01574099076574324,0.09398289828982898,0.16166666666666668,0.06416800013334667,0.016574157415741576,0.5363064639797314
87,78,2011-12-13,1,1,2011-2012,Coop/São José Basketball,Brasília,1,0.4350913604560594,0.14806068892501484,0.1907533512476005,0.0962773202834441,0.15224732503970517,0.03681260917475216,0.115434715864953,0.10046262033915739,0.0660480142023309,1.6316666666666668,0.04935356297500495,0.12380070853741308,39.17666666666667,0.09537667562380026,0.1773398091330255,53.66833333333333,0.0962773202834441,0.11386973456855741,84.29833333333333,0.004197261021835231,0.041013867340257276,0.6483333333333333,0.020073555405187685,0.08701113709439896,0.24,0.0660480142023309,0.011694743772258485,0.5088380210212894,0.44856774280482875,0.11283891218363837,0.24518948010874994,0.09053935051244046,0.15815232124031992,0.04062681811336309,0.11752550312695684,0.07927659894896204,0.0737190177630171,1.0699999999999998,0.037612970727879454,0.11307396897614952,33.308571428571426,0.12259474005437497,0.19814320590356768,61.96857142857143,0.09053935051244046,0.10299561671197914,87.54142857142857,0.007142857142857143,0.042447150862786436,0.5914285714285714,0.01515670452834077,0.10029517838317704,0.15,0.0737190177630171,0.0173779139353683,0.5064157703252193
81,70,2011-12-13,1,1,2011-2012,Joinville,Minas,1,0.3455652425078461,0.09431176558972683,0.1787491049004617,0.07250437201765748,0.12136347562584494,0.03882069395345084,0.08254278167239408,0.04696701974802748,0.06984792829161542,0.7983333333333333,0.03143725519657561,0.09795753614042337,32.54333333333333,0.08937455245023085,0.184114551234934,49.205000000000005,0.07250437201765748,0.10190430010504486,75.61833333333333,0.007492802329472868,0.03699825055701159,0.6433333333333334,0.005731322185309531,0.11403120275458477,0.04833333333333334,0.06984792829161542,0.017495658641524855,0.2961171745164859,0.3767920330690798,0.08668712893973947,0.22642445740935147,0.0636804467199889,0.15322598634226278,0.05002033663200206,0.10320564971026071,0.06120553021005143,0.061846091342879994,1.0571428571428572,0.02889570964657982,0.08931487430949213,31.994285714285713,0.11321222870467573,0.21539246961432948,53.03857142857142,0.0636804467199889,0.08432407462448017,77.21142857142857,0.0041283966311774995,0.039855617608748395,0.6485714285714286,0.01683233370529295,0.10003140442113866,0.16714285714285712,0.061846091342879994,0.009285714285714286,0.40282237611549804
70,68,2011-12-15,9,1,2011-2012,Pinheiros,Brasília,1,0.45372720188164,0.14145463750737672,0.21764600561611677,0.09462655875814652,0.14566266648120202,0.037309453455626265,0.10835321302557577,0.08168211323188461,0.06286811954930518,1.3314285714285714,0.04715154583579223,0.1090678212287526,43.14857142857143,0.10882300280805839,0.19209606496140408,56.24857142857143,0.09462655875814652,0.11716935183595242,80.10571428571428,0.018255005100009374,0.05508715979768906,0.8985714285714287,0.017068176243692668,0.09343000436285358,0.17857142857142858,0.06286811954930518,0.01706713939765155,0.5226270674626912,0.44124677495422515,0.10998404816068356,0.2420407950951562,0.0892219316983854,0.15775828108527992,0.0430484658491927,0.11470981523608723,0.07374202408034179,0.07200414054263996,1.0087499999999998,0.036661349386894526,0.11456472285413083,32.144999999999996,0.1210203975475781,0.2027503051656217,60.073750000000004,0.0892219316983854,0.10074616462298175,88.36375,0.0062499999999999995,0.04026625700493813,0.57,0.013262116462298175,0.10463328108527992,0.13125,0.07200414054263996,0.01645567469344726,0.4831137990345669
76,64,2011-12-15,9,1,2011-2012,Tijuca,Espírito Santo,1,0.37439976485891535,0.08250675405243146,0.20626500900540323,0.08562800180108064,0.1318866319791875,0.04062875225135081,0.0912578797278367,0.05875525315189113,0.0731291274764859,0.8525,0.02750225135081049,0.09188287972783671,29.83625,0.10313250450270162,0.20126613468080845,51.22125,0.08562800180108064,0.10875375225135081,79.05000000000001,0.006875375225135081,0.02937612567540524,0.40375,0.010626125675405246,0.09375600360216128,0.12375,0.0731291274764859,0.011250375225135082,0.3462747648589154,0.3186062726486502,0.10977584239279344,0.14207928804516587,0.06675114221069092,0.13159938086740508,0.04032117701903063,0.09127820384837446,0.042149361370605175,0.07945234243528135,0.5971428571428571,0.036591947464264474,0.10564699991502412,33.33857142857143,0.07103964402258293,0.17009376729794998,42.25428571428571,0.06675114221069092,0.0884994968952041,75.69142857142856,0.0021433217305534312,0.03889399935354806,0.5042857142857143,0.008254432841664543,0.10366008540471941,0.08142857142857142,0.07945234243528135,0.014842663604358706,0.27019357423595175
91,87,2011-12-15,9,1,2011-2012,Sesi Franca,Joinville,1,0.40071428571428575,0.09857142857142855,0.21142857142857144,0.09071428571428572,0.14285714285714285,0.04071428571428572,0.10214285714285713,0.07142857142857142,0.07785714285714286,0.9957142857142858,0.032857142857142856,0.08285714285714285,38.779999999999994,0.10571428571428572,0.215,50.20857142857143,0.09071428571428572,0.1142857142857143,80.59142857142858,0.005714285714285714,0.03071428571428571,0.4328571428571429,0.0064285714285714285,0.105,0.06142857142857143,0.07785714285714286,0.011428571428571429,0.3914285714285714,0.3549012375484692,0.09605781206392171,0.17930349993323433,0.07953992555131309,0.1272169308703903,0.0412468193070395,0.08597011156335077,0.05040354939441316,0.06566742647630115,0.9342857142857143,0.032019270687973896,0.09700859312963932,33.449999999999996,0.08965174996661716,0.18535189734793972,48.94285714285714,0.07953992555131309,0.10836347244625366,76.63857142857144,0.008596567117284721,0.034611673019182485,0.6228571428571429,0.004912561873122455,0.11658379531097988,0.04142857142857143,0.06566742647630115,0.015721000542457297,0.31686550951134784
88,83,2011-12-15,9,1,2011-2012,Paulistano,Minas,1,0.42816440552082735,0.08436215116092258,0.25669165956153167,0.08711059479837312,0.15356846940413274,0.04034191124586146,0.11322655815827128,0.054032682342367744,0.07658997243378272,0.8299999999999998,0.028120717053640856,0.0872933011309676,31.83428571428572,0.12834582978076584,0.21267439160856233,60.42857142857143,0.08711059479837312,0.10893078171285885,79.80428571428571,0.007964752372514216,0.03689734696682679,0.5585714285714285,0.013019183225867315,0.11478625291311471,0.1142857142857143,0.07658997243378272,0.016682595515506205,0.4437707822066302,0.37344302893544484,0.08147623782227204,0.22437140023318253,0.0675953908799903,0.14719773804947994,0.0481427945530018,0.09905494349647812,0.058554838933795,0.060990329925019994,1.01625,0.027158745940757345,0.0875255150208056,30.494999999999997,0.11218570011659126,0.2122184109125383,53.31625,0.0675953908799903,0.09003356529642015,76.69500000000001,0.0036123470522803117,0.03674866540765485,0.6012500000000001,0.015353291992131332,0.10252747886849632,0.15125,0.060990329925019994,0.01125,0.38746957910106083
97,94,2011-12-15,9,1,2011-2012,Uberlândia,Coop/São José Basketball,1,0.44749751509831004,0.1251625529112612,0.24519383603207795,0.07714112615497087,0.1404273239195437,0.027650870604159557,0.11277645331538416,0.08778909726185163,0.05544092950537704,1.65375,0.041720850970420394,0.11232645341945156,36.7975,0.12259691801603897,0.21599499452917245,57.36,0.07714112615497087,0.09292500713348952,81.19375000000001,0.024366989625640927,0.03888938505071918,0.7625000000000001,0.013434653205847562,0.09230685911482149,0.17375000000000002,0.05544092950537704,0.0100011583930271,0.49280948509021183,0.4350783089623366,0.1461948762214413,0.19064572964080043,0.09823770310009494,0.1626405643197473,0.04298223643550186,0.11965832788424544,0.09968224600499205,0.06661258360199793,1.592857142857143,0.048731625407147094,0.12611489303206835,38.17142857142857,0.09532286482040021,0.17914840782830757,53.144285714285715,0.09823770310009494,0.11545977248733492,84.82714285714285,0.005026223733001627,0.038011886291649095,0.5971428571428571,0.021491618918732303,0.09172383179519912,0.2414285714285714,0.06661258360199793,0.010024066090507272,0.5118611608753909
69,75,2011-12-15,9,1,2011-2012,Limeira,Bauru Basket,0,0.4155555555555555,0.15888888888888889,0.17574074074074075,0.08092592592592592,0.1390740740740741,0.032870370370370376,0.1062037037037037,0.06175925925925926,0.056296296296296296,1.1766666666666665,0.05296296296296296,0.12490740740740741,42.20166666666667,0.08787037037037038,0.1826851851851852,48.01500000000001,0.08092592592592592,0.0987037037037037,83.78166666666667,0.007407407407407408,0.0437962962962963,0.8949999999999999,0.01064814814814815,0.10231481481481482,0.12666666666666668,0.056296296296296296,0.010648148148148148,0.43,0.41000000000000003,0.10928571428571428,0.2285714285714286,0.07214285714285716,0.16285714285714284,0.05928571428571428,0.10357142857142856,0.0692857142857143,0.048571428571428564,1.8471428571428572,0.03642857142857143,0.11142857142857143,33.894285714285715,0.1142857142857143,0.21142857142857144,54.597142857142856,0.07214285714285716,0.095,75.37857142857142,0.013571428571428571,0.03571428571428571,0.9514285714285714,0.012142857142857144,0.09,0.12714285714285714,0.048571428571428564,0.009285714285714286,0.44642857142857145
72,78,2011-12-15,9,1,2011-2012,Araraquara,L. Sorocabana,0,0.39143944335725156,0.10087192868014785,0.2204834384286439,0.0700840762484598,0.11811988113357975,0.030105095310574766,0.08801478582300501,0.06223744292237443,0.06511560484163223,0.9857142857142857,0.03362397622671595,0.09164927158077842,35.425714285714285,0.11024171921432195,0.22408639559324492,49.38714285714286,0.0700840762484598,0.09439080959628905,74.35000000000001,0.004306733347829239,0.03364499528883091,0.53,0.007163876204972095,0.10155468580126113,0.07857142857142858,0.06511560484163223,0.016470609552801337,0.3513133289845619,0.3645788094541545,0.12109893665693787,0.16214877019733098,0.08133110259988567,0.15144245100037848,0.05475205091244853,0.09669040008792999,0.036910290251741605,0.06970999710556751,0.5266666666666667,0.04036631221897929,0.112630638910564,36.62166666666666,0.08107438509866549,0.16924917258513938,47.88166666666666,0.08133110259988567,0.10740455215282646,75.59833333333334,0.004170174032134149,0.03363128650442549,0.48666666666666664,0.00511567390296938,0.09834654465819422,0.05666666666666667,0.06970999710556751,0.010894677650285506,0.3354559502771026
76,87,2011-12-17,10,1,2011-2012,Sesi Franca,Coop/São José Basketball,0,0.4011805555555556,0.09791666666666665,0.20944444444444443,0.09381944444444444,0.14277777777777778,0.04173611111111111,0.10104166666666667,0.07083333333333333,0.07312500000000001,1.08,0.032638888888888884,0.08361111111111111,38.3075,0.10472222222222222,0.21256944444444442,50.182500000000005,0.09381944444444444,0.11833333333333335,80.36625000000001,0.005555555555555556,0.02909722222222222,0.43375,0.007291666666666667,0.10798611111111112,0.06625,0.07312500000000001,0.011111111111111112,0.3947222222222222,0.439685386995323,0.13545139328779668,0.20070395810886033,0.10353003559866601,0.16113768526486777,0.042002468227584855,0.11913521703728289,0.09851828014542136,0.06330659504777188,1.675,0.045150464429265555,0.12290199239311905,35.9,0.10035197905443016,0.18374049797839648,54.35,0.10353003559866601,0.12048206546100988,85.51374999999999,0.005025518815879385,0.03639826575270777,0.60125,0.02006031265289669,0.09092709466234958,0.22625,0.06330659504777188,0.008771057829193863,0.514401259013281
103,41,2011-12-17,10,1,2011-2012,Flamengo,Espírito Santo,1,0.4509882854793771,0.13920316217948756,0.24848939014497046,0.06329573315491911,0.15497809718928468,0.028922590494409102,0.12605550669487556,0.09839686652119038,0.058983720739692276,1.87125,0.04640105405982919,0.09507250534536445,45.33125,0.12424469507248523,0.20089356321524246,61.66125,0.06329573315491911,0.08260808475347162,74.055,0.007325624355807268,0.032820440630806455,0.6125,0.006262626262626262,0.08572063283166134,0.08000000000000002,0.058983720739692276,0.013520664219325391,0.5398299243167475,0.3187804885675689,0.11667886209369425,0.13806937703952016,0.06403224943435455,0.12577445825897945,0.0377810298916518,0.08799342836732765,0.041255691199279534,0.08452079963087118,0.55875,0.038892954031231414,0.1080661249256461,34.67125,0.06903468851976008,0.16133204638570625,43.8475,0.06403224943435455,0.0849370597833036,75.60499999999999,0.0025004065142342526,0.03840724943435456,0.47750000000000004,0.010347628736456475,0.10757757472912949,0.095,0.08452079963087118,0.017987330653813867,0.2676693774564578
120,93,2011-12-17,10,1,2011-2012,Paulistano,Brasília,1,0.42969890988577897,0.0944625279114529,0.24587647338761145,0.08935990858671461,0.1531411794973849,0.043432305473261906,0.109708874024123,0.05603735580833054,0.07765186151519551,0.8287499999999999,0.03148750930381763,0.09077102787898604,33.83375,0.12293823669380573,0.20861261518001456,58.7775,0.08935990858671461,0.11283195151626901,79.20375,0.008846035202826815,0.038541434852229696,0.5625,0.012643036573885151,0.11295048381148788,0.1125,0.07765186151519551,0.019602276081072935,0.44398011511148205,0.43008612018963027,0.11614011651604021,0.2296258422641497,0.08432016140944036,0.16027669389708438,0.0432770806546024,0.11699961324248198,0.0716739718995221,0.0734703716510375,0.9688888888888888,0.038713372172013406,0.11520004967711778,33.66555555555555,0.11481292113207485,0.19692841907236003,58.21333333333334,0.08432016140944036,0.09734824494104946,85.68888888888888,0.005555555555555555,0.03913341356719538,0.5455555555555555,0.012345412152880847,0.10525837306535203,0.12222222222222223,0.0734703716510375,0.01796845151253683,0.4684149810782768
83,76,2011-12-17,10,1,2011-2012,Uberlândia,Joinville,1,0.4516644578651645,0.12792226925445438,0.2468389653618471,0.07690322324886299,0.1398242879284833,0.02902299609258627,0.11080129183589703,0.08859030867720145,0.05539193733811292,1.6622222222222223,0.04264075641815146,0.11317906970617916,37.33888888888889,0.12341948268092355,0.21699555069259774,57.406666666666666,0.07690322324886299,0.09204445078532401,81.97666666666667,0.022770657445014157,0.03845723115619483,0.7488888888888889,0.01416413618297561,0.09316165254650799,0.17666666666666667,0.05539193733811292,0.010001029682690754,0.49805287563574385,0.3588719161882439,0.09238391888926482,0.1824461179971356,0.0840418793018434,0.12909259228936928,0.042202078004770674,0.0868905142845986,0.051325327942333736,0.06190344261120795,1.02125,0.030794639629754938,0.09210474121065663,34.076249999999995,0.0912230589985678,0.18829402129055836,48.9425,0.0840418793018434,0.11704026061269418,75.18375,0.007521996227624131,0.03417410278067356,0.655,0.0054096027500932595,0.11867748756377407,0.045000000000000005,0.06190344261120795,0.01597809769687236,0.3255906541557627
97,90,2011-12-17,10,1,2011-2012,Pinheiros,Minas,1,0.440761301646435,0.13127280781895462,0.21919025491410218,0.09029823891337821,0.1449548331710518,0.040145771773672984,0.10480906139737879,0.08084684907789903,0.06125960460564204,1.3525,0.043757602606318204,0.10730934357515852,40.386250000000004,0.10959512745705109,0.19745905684122855,55.335,0.09029823891337821,0.11502318285645836,77.5925,0.0159731294625082,0.05382626482297792,0.8987500000000002,0.015559654213231085,0.09237625381749688,0.16375,0.06125960460564204,0.015558746972945106,0.4985486840298548,0.37809046188167805,0.08910082955493298,0.21945425310721386,0.06953537921953118,0.145852190163382,0.04668501346901473,0.09916717669436725,0.06038749924205225,0.06533196463084893,0.9866666666666668,0.029700276518310992,0.08780696202401968,33.28,0.10972712655360693,0.20920751283484945,52.797777777777775,0.06953537921953118,0.09114817384987128,77.61777777777779,0.0048787258622071715,0.03544506487006765,0.5622222222222223,0.014759204462755408,0.10670121001516035,0.14222222222222222,0.06533196463084893,0.013335501409249346,0.3900025895717951
81,92,2011-12-17,10,1,2011-2012,Araraquara,Bauru Basket,0,0.3875095129375951,0.09201293759512938,0.22792300862506343,0.06757356671740233,0.12335489599188229,0.03071695839675292,0.09263793759512938,0.06445776255707762,0.0651011542364282,1.0162499999999999,0.03067097919837646,0.08894311263318111,32.783750000000005,0.11396150431253171,0.2254505961440893,50.660000000000004,0.06757356671740233,0.09259195839675291,72.86875,0.0043933916793505836,0.03506437087772704,0.55,0.010643391679350585,0.10823535007610349,0.0975,0.0651011542364282,0.01503678335870117,0.3611491628614917,0.405625,0.10874999999999999,0.2225,0.07437500000000001,0.166875,0.058124999999999996,0.10875,0.068125,0.048749999999999995,1.7662499999999999,0.036250000000000004,0.1075,35.12625,0.11125,0.211875,53.005,0.07437500000000001,0.0975,75.73875,0.011875,0.034375,0.895,0.0125,0.089375,0.13375,0.048749999999999995,0.01,0.44375
107,77,2011-12-17,10,1,2011-2012,Limeira,L. Sorocabana,1,0.40547619047619043,0.1554761904761905,0.1734920634920635,0.07650793650793651,0.13920634920634922,0.0346031746031746,0.1046031746031746,0.06365079365079365,0.053253968253968255,1.3142857142857143,0.05182539682539682,0.12420634920634921,41.53000000000001,0.08674603174603175,0.18230158730158733,47.50428571428572,0.07650793650793651,0.09531746031746031,81.33714285714287,0.007063492063492063,0.04182539682539683,0.8899999999999999,0.009841269841269843,0.10198412698412698,0.11571428571428574,0.053253968253968255,0.009126984126984126,0.42,0.36821040810356104,0.11665623142023245,0.16898466016914085,0.08256951651418772,0.15480781514318157,0.0562160436392416,0.09859177150393998,0.03592310593006424,0.0676085689476293,0.53,0.03888541047341081,0.10868340478048343,36.43142857142857,0.08449233008457042,0.17792786221583376,47.56285714285713,0.08256951651418772,0.11206104470242269,73.98285714285714,0.003574434884686413,0.03596967414665042,0.5471428571428572,0.005099149059688039,0.10215418113559505,0.054285714285714284,0.0676085689476293,0.010052580843101863,0.33967652880894506
89,87,2012-02-16,4,2,2011-2012,Sesi Franca,Pinheiros,1,0.39882716049382716,0.09870370370370368,0.20728395061728394,0.0928395061728395,0.14080246913580247,0.04154320987654321,0.09925925925925926,0.07185185185185185,0.07277777777777777,1.086666666666667,0.032901234567901234,0.08820987654320987,37.16222222222222,0.10364197530864197,0.2100617283950617,50.162222222222226,0.0928395061728395,0.11740740740740743,80.02222222222223,0.006049382716049383,0.03141975308641975,0.46444444444444444,0.00925925925925926,0.109320987654321,0.08222222222222222,0.07277777777777777,0.012098765432098766,0.3930864197530864,0.44567671257460895,0.1216869402835152,0.2326135599236464,0.0913762123674473,0.1410709628187127,0.03901846379882043,0.10205249901989226,0.08353053251368803,0.05945298187168181,1.4611111111111112,0.040562313427838406,0.10316386095569646,38.28,0.1163067799618232,0.20051916163664762,57.58222222222222,0.0913762123674473,0.11835394031685187,76.63444444444445,0.017531670633340622,0.055067790953758154,0.958888888888889,0.015497470411760965,0.09155667005999722,0.16555555555555557,0.05945298187168181,0.014385552864840093,0.5075988302487597
78,63,2012-02-16,11,2,2011-2012,Paulistano,Bauru Basket,1,0.44862125323180346,0.1006333581435137,0.24300130967787684,0.10498658541041299,0.15056993733100882,0.04360649375401058,0.10696344357699822,0.058144316274071586,0.07346832134684046,0.9455555555555554,0.033544452714504555,0.09401869144798759,34.70444444444445,0.12150065483893842,0.20987788016001294,57.80222222222223,0.10498658541041299,0.12862840134779466,80.42555555555556,0.007863142402512725,0.038703497646426395,0.6111111111111112,0.011238254732342357,0.11928931894354479,0.1,0.07346832134684046,0.01909091207206483,0.4613156578768729,0.4116666666666667,0.11499999999999999,0.2222222222222222,0.07444444444444445,0.1688888888888889,0.05722222222222222,0.11166666666666665,0.06611111111111112,0.051666666666666666,1.6444444444444444,0.03833333333333334,0.11055555555555556,35.75,0.1111111111111111,0.20833333333333334,53.90555555555556,0.07444444444444445,0.09722222222222222,76.09555555555556,0.011111111111111112,0.035,0.8544444444444445,0.013888888888888888,0.09,0.14777777777777779,0.051666666666666666,0.011111111111111112,0.4516666666666666
78,89,2012-02-23,7,2,2011-2012,Tijuca,Coop/São José Basketball,0,0.3750220132079247,0.07333933693549463,0.21556889689369177,0.08611377937873835,0.1311214506481667,0.040003335334534054,0.09111811531363262,0.05833800280168101,0.07167033553465413,0.86,0.02444644564516488,0.08722922642474375,26.52111111111111,0.10778444844684588,0.2022365641607186,53.20222222222222,0.08611377937873835,0.11167000200120072,77.67444444444445,0.007222555755675628,0.032223222822582435,0.46111111111111114,0.01000100060036022,0.09500533653525448,0.11555555555555556,0.07167033553465413,0.011111444644564518,0.352244235430147,0.4391647884402871,0.13206790514470815,0.20062574054120919,0.1064711427543698,0.16212238690210468,0.042891082868964314,0.11923130403314033,0.09701624901815231,0.06627252893135277,1.5933333333333333,0.04402263504823605,0.12257954879388361,35.15222222222222,0.10031287027060459,0.18221377598079685,54.846666666666664,0.1064711427543698,0.12209516929867546,86.71222222222221,0.004467127836337232,0.03513179178018469,0.5655555555555556,0.018942500135908168,0.09193519525542185,0.21222222222222223,0.06627252893135277,0.00946316251483899,0.5100233413451387
64,53,2012-02-23,7,2,2011-2012,Uberlândia,L. Sorocabana,1,0.4479980120786481,0.12563004232900893,0.24315506882566237,0.07921290092397669,0.14084185913563496,0.029120696483327647,0.11172116265230732,0.0862312778094813,0.056352743604301626,1.596,0.041876680776336314,0.11286116273556127,36.787,0.12157753441283119,0.21129599562333795,58.229,0.07921290092397669,0.0963400057067916,81.186,0.022493591700512742,0.03711150804057535,0.712,0.01574772256467805,0.09534548729185718,0.185,0.056352743604301626,0.01100092671442168,0.49374758807216945,0.37030910709061593,0.11519920249270339,0.16786157764799822,0.08724832694991425,0.15108183825028387,0.0573140381843364,0.09376780006594748,0.038307717688806205,0.06728249782917564,0.57,0.038399734164234464,0.109472979182923,35.68125,0.08393078882399911,0.17881187943885454,47.022499999999994,0.08724832694991425,0.11742841411461985,74.4125,0.0031276305241006116,0.03522346487831912,0.53625,0.005086755427227034,0.10375990849364566,0.0525,0.06728249782917564,0.01192100823771413,0.33659196270782693
86,80,2012-02-23,7,2,2011-2012,Limeira,Minas,1,0.42166666666666663,0.16604166666666667,0.17555555555555555,0.08006944444444444,0.13930555555555557,0.03777777777777778,0.10152777777777777,0.07069444444444445,0.05534722222222222,1.36375,0.05534722222222222,0.12743055555555555,43.005,0.08777777777777777,0.1795138888888889,48.98875,0.08006944444444444,0.09840277777777777,82.1075,0.008055555555555555,0.04034722222222223,0.8324999999999999,0.010486111111111113,0.10423611111111111,0.11750000000000002,0.05534722222222222,0.008611111111111111,0.445,0.38528141569351027,0.09069074659943968,0.22050882779649247,0.07408184129757807,0.1447669711470438,0.048016512122113254,0.09675045902493053,0.06084874931784703,0.06579876816776405,0.9810000000000001,0.030230248866479893,0.09002626582161771,33.134,0.11025441389824624,0.2067867615513645,53.733999999999995,0.07408184129757807,0.09503335646488416,78.70200000000001,0.004890853275986455,0.034400558383060886,0.542,0.01378328401647987,0.1080310890136443,0.132,0.06579876816776405,0.01250195126832441,0.39600233061461565
85,67,2012-02-23,7,2,2011-2012,Pinheiros,Espírito Santo,1,0.444609041317148,0.12751824625516367,0.23135220393128178,0.08573859113070256,0.14196386653684143,0.03761661741893839,0.10434724911790302,0.08367747926231922,0.061007683684513626,1.4280000000000002,0.04250608208505456,0.10484747486012683,39.452000000000005,0.11567610196564089,0.19696724547298286,58.491,0.08573859113070256,0.11251854628516669,74.804,0.016778503570006563,0.051561011858382334,0.89,0.01644772337058487,0.0914010030539975,0.177,0.061007683684513626,0.014946997578356084,0.5113389472238838,0.30613821206006125,0.10704787741661712,0.13717277959068458,0.06191755505275961,0.12402174067464841,0.03802758212591271,0.0859941585487357,0.03944950328824848,0.08457404411632993,0.5288888888888889,0.035682625805539034,0.10605877771168543,32.053333333333335,0.06858638979534229,0.16562848567618332,42.586666666666666,0.06191755505275961,0.08327738647404764,74.34777777777776,0.0022225835682082246,0.035806443941648496,0.4444444444444444,0.009753447765739089,0.10506895531478176,0.09111111111111111,0.08457404411632993,0.020433182803390106,0.24181722440574027
66,105,2012-02-23,7,2,2011-2012,Araraquara,Brasília,0,0.3895250157735888,0.09681331632387569,0.22485606464678,0.06785563480293313,0.12300349729192955,0.028973300626173537,0.09403019666575603,0.06675536871170433,0.06454504308195327,1.061111111111111,0.03227110544129189,0.08907657020385329,34.69666666666667,0.11242803232339,0.2226583646636919,50.58666666666667,0.06785563480293313,0.09231998866036156,73.41444444444444,0.0039052370483116296,0.03395055901382005,0.5355555555555556,0.010573684341758923,0.10678167157761906,0.09888888888888889,0.06454504308195327,0.015035367259016422,0.36776293109055674,0.43357750817066726,0.11502610486443618,0.22766325803773474,0.09088814526849633,0.16324902450737594,0.04544937258914216,0.11779965191823379,0.07100657470956988,0.07362333448593375,0.9589999999999999,0.03834203495481207,0.113680044709406,33.79899999999999,0.11383162901886737,0.19723557716512402,57.64200000000001,0.09088814526849633,0.10711342044694452,84.81199999999998,0.006500000000000001,0.03672007221047584,0.5109999999999999,0.01261087093759276,0.11273253575881684,0.11800000000000002,0.07362333448593375,0.016671606361283144,0.4685734829704491
97,83,2012-02-23,7,2,2011-2012,Flamengo,Joinville,1,0.4581006982038907,0.13706947749287782,0.2542127912399737,0.0668184294710392,0.15720275305714193,0.02793119155058587,0.12927156150655605,0.10024165912994701,0.059096640657504244,1.8766666666666667,0.04568982583095928,0.0939533380847684,45.52333333333333,0.12710639561998685,0.2002387228579933,63.35666666666667,0.0668184294710392,0.08565163089197476,75.42222222222223,0.006511666094050905,0.03250705833849463,0.6000000000000001,0.0072334455667789005,0.08341834029481007,0.09666666666666668,0.059096640657504244,0.01257392375051146,0.5559599327259979,0.36121948105621676,0.08711903901267985,0.1855076604418983,0.08859278160163858,0.1308600820349949,0.04362406933757393,0.08723601269742097,0.05006695817096332,0.058358615654407066,1.0555555555555556,0.029039679670893277,0.08742643663169479,33.62333333333333,0.09275383022094914,0.19348357448049633,48.46888888888889,0.08859278160163858,0.12125800943350594,75.7911111111111,0.007241774424554783,0.03315475802726539,0.6744444444444445,0.004808535777860675,0.11660221116779917,0.04000000000000001,0.058358615654407066,0.015313864619442098,0.329969470360678
78,55,2012-02-25,8,2,2011-2012,Paulistano,Espírito Santo,1,0.4427591279086231,0.11007002232916233,0.23570117871008917,0.09698792686937169,0.15351294359790793,0.04224584437860952,0.11126709921929838,0.061329884646664425,0.07162148921215641,1.015,0.036690007443054104,0.10111682230318883,35.173,0.11785058935504458,0.20189009214401166,58.56,0.09698792686937169,0.11976556121301521,78.63300000000001,0.007576828162261452,0.037333147881783754,0.595,0.011614429259108121,0.1178603870491903,0.10400000000000001,0.07162148921215641,0.01818182086485835,0.4661840920891856,0.30902439085405514,0.1053430896749554,0.1414555016316161,0.06222579954748364,0.12461956660718357,0.03922482391332144,0.08539474269386213,0.04000455295942363,0.08561663970469693,0.5229999999999999,0.03511436322498514,0.10545289994051688,31.848000000000003,0.07072775081580805,0.168565637108565,42.943,0.06222579954748364,0.08394964782664288,74.13499999999999,0.0025003252113874022,0.036225799547483645,0.442,0.00927810298916518,0.10706205978330359,0.08600000000000001,0.08561663970469693,0.020389864523051093,0.24813550196516626
91,89,2012-02-25,8,2,2011-2012,Tijuca,Joinville,1,0.3765198118871323,0.07350540324194517,0.2150120072043226,0.0880024014408645,0.13150930558335,0.03900300180108065,0.09250630378226934,0.05500420252151291,0.06950330198118873,0.8240000000000001,0.02450180108064839,0.08750630378226937,26.647000000000002,0.1075060036021613,0.20551290774464676,52.35,0.0880024014408645,0.11500300180108065,77.148,0.006500300180108065,0.03400090054032419,0.515,0.009500900540324198,0.10050480288172903,0.10700000000000001,0.06950330198118873,0.011500300180108065,0.35451981188713233,0.3665975329505951,0.08140713511141187,0.19895689439770847,0.08623350344147471,0.13127407383149542,0.042261662403816534,0.08901241142767888,0.05056026235386699,0.057522754088966364,1.06,0.02713571170380395,0.08518379296852532,31.798999999999996,0.09947844719885424,0.1996352170324467,49.897000000000006,0.08623350344147471,0.11963220849015535,74.402,0.009517596982099304,0.03183928222453885,0.647,0.005327682200074608,0.11544199005101925,0.046000000000000006,0.057522754088966364,0.014282478157497887,0.3409725233246102
96,80,2012-02-25,8,2,2011-2012,Uberlândia,Bauru Basket,1,0.43636182916240734,0.12920912939000814,0.2328682443869658,0.07428445538543337,0.14258350830512267,0.029655178621206955,0.11292832968391574,0.08475570709952845,0.05850249418572875,1.530909090909091,0.04306970979666938,0.11669196612323751,36.66818181818182,0.1164341221934829,0.20617817783939812,56.74818181818182,0.07428445538543337,0.09076364155162873,80.29909090909092,0.02090326518228431,0.03828318912779577,0.7045454545454546,0.01749792960425277,0.09349589753805199,0.21090909090909093,0.05850249418572875,0.010909933376746981,0.48295235279288135,0.402,0.11099999999999999,0.217,0.074,0.1675,0.05650000000000001,0.11099999999999999,0.06350000000000001,0.051000000000000004,1.569,0.037000000000000005,0.10700000000000001,35.507999999999996,0.1085,0.21150000000000002,52.057,0.074,0.0965,76.264,0.01,0.034,0.825,0.013000000000000001,0.0875,0.14100000000000001,0.051000000000000004,0.0115,0.43699999999999994
81,83,2012-02-25,8,2,2011-2012,Araraquara,Minas,0,0.38362539881161456,0.09464400392225734,0.22039930433594818,0.06858209055340905,0.11971757063965968,0.02958157953791516,0.09013599110174453,0.06659024850720055,0.06560255800452718,1.0419999999999998,0.03154800130741912,0.09268894523475,33.227000000000004,0.11019965216797409,0.21741977178706628,50.822,0.06858209055340905,0.09210241287124847,74.406,0.005017117189634312,0.03356031080474574,0.522,0.010017117189634312,0.10662033134293407,0.094,0.06560255800452718,0.014533433097217344,0.35853070849432156,0.3866194688122821,0.0933552241813088,0.21864438890590226,0.07461985572507096,0.14251542831549438,0.04683319283828478,0.09568223547720957,0.06349886301622457,0.0666352437888764,1.000909090909091,0.031118408060436264,0.09047842347419792,33.949999999999996,0.10932219445295113,0.20571523777396772,53.51090909090908,0.07461985572507096,0.09412123314989468,80.10363636363637,0.004900775705442231,0.03354596216641899,0.5227272727272728,0.014348440014981699,0.10593735364876755,0.14181818181818182,0.0666352437888764,0.013638137516658554,0.40136575510419603
79,85,2012-02-25,8,2,2011-2012,Flamengo,Coop/São José Basketball,0,0.46079062838350165,0.13236252974359003,0.26179151211597634,0.0666365865239353,0.15598247775142776,0.027638072395527284,0.12834440535590047,0.0987174932169523,0.05818697659175383,1.859,0.04412084324786335,0.09205800427629154,44.971,0.13089575605798817,0.204214850572194,63.896,0.0666365865239353,0.08758646780277729,74.07000000000001,0.006360499484645815,0.03275635250464517,0.6100000000000001,0.00751010101010101,0.08507650626532906,0.097,0.05818697659175383,0.013816531375460314,0.5618639394533981,0.4397483095962584,0.13086111463023734,0.20056316648708825,0.10832402847893281,0.1639101482118942,0.04160197458206788,0.1223081736298263,0.09731462411633708,0.06864527603821749,1.545,0.043620371543412445,0.12232159391449526,34.97,0.10028158324354412,0.1794923983827172,55.814,0.10832402847893281,0.12688565236880792,85.39399999999998,0.004520415052703508,0.03311861260216622,0.526,0.01854825012231735,0.09374167572987965,0.20500000000000002,0.06864527603821749,0.01001684626335509,0.5135210072106248
77,83,2012-02-25,8,2,2011-2012,Limeira,Brasília,0,0.4225925925925926,0.16092592592592592,0.18493827160493825,0.0767283950617284,0.14327160493827162,0.04135802469135803,0.10191358024691358,0.0728395061728395,0.05530864197530864,1.3944444444444446,0.053641975308641975,0.1232716049382716,43.16444444444445,0.09246913580246913,0.1867901234567901,49.44111111111111,0.0767283950617284,0.09413580246913579,82.24333333333334,0.00882716049382716,0.03864197530864198,0.7899999999999999,0.010987654320987656,0.10098765432098765,0.12666666666666668,0.05530864197530864,0.008209876543209878,0.45333333333333337,0.4415922011037686,0.11676568539341742,0.23497337404898525,0.08985314166136595,0.16557364735001426,0.0449313889714957,0.12064225837851858,0.07358587537120695,0.07460958132261622,0.9790909090909089,0.038921895131139146,0.11192821681656899,35.03272727272727,0.11748668702449262,0.19963256873848093,58.66454545454546,0.08985314166136595,0.10686200277785471,84.0281818181818,0.0072642574816487865,0.03744738354537894,0.5127272727272727,0.013271316888494832,0.11016340066160084,0.12909090909090912,0.07460958132261622,0.016511172355542555,0.4883135559471615
98,108,2012-02-29,9,2,2011-2012,Espírito Santo,Tijuca,0,0.3059312644127774,0.10122099061359582,0.1404140923923783,0.06429618140680331,0.1282905150974396,0.039295294466655854,0.08899522063078374,0.04045868450856693,0.0864696724588154,0.5181818181818181,0.03374033020453194,0.1054117272186517,30.684545454545457,0.07020704619618914,0.16960512464415,42.32181818181818,0.06429618140680331,0.08495422529694807,75.5290909090909,0.0027275683739885477,0.03611436322498513,0.4354545454545455,0.00979827544469562,0.10596550889391235,0.09272727272727273,0.0864696724588154,0.02035442229368281,0.2492140926956057,0.3836543744428475,0.08045945749267742,0.21364727927665692,0.08954763767351319,0.13364482325759092,0.03954818345552786,0.09409663980206305,0.05409472956501174,0.07091209271017157,0.7972727272727272,0.02681981916422581,0.09273300343842669,27.359090909090913,0.10682363963832846,0.2013753706769516,53.27272727272727,0.08954763767351319,0.11954818345552787,75.92,0.005909363800098241,0.035455364127567446,0.5218181818181818,0.00909172776393109,0.10364072989248094,0.10090909090909092,0.07091209271017157,0.011363909254643695,0.3659271017155748
99,91,2012-03-01,9,2,2011-2012,L. Sorocabana,Araraquara,1,0.3586080951916586,0.12073262443795857,0.15698806902044288,0.0808874017332571,0.15040607844469678,0.0526124783860768,0.09779360005861998,0.03960686016782774,0.06980666473704501,0.5688888888888888,0.04024420814598619,0.11508709260704267,35.53666666666666,0.07849403451022144,0.1711661150567596,45.33333333333333,0.0808874017332571,0.10882525699077321,74.47777777777777,0.002780116021422766,0.036309746558505884,0.5322222222222223,0.0045215603797573636,0.10167547421657391,0.04666666666666666,0.06980666473704501,0.013929785100190337,0.3286373001847351,0.3855685443741951,0.09558545811114305,0.2221811857599529,0.06780190050309914,0.12156142785423608,0.03007416321628651,0.09148726463794957,0.0696274986429096,0.06645687091320653,1.0681818181818181,0.03186181937038102,0.09471722294068184,32.972727272727276,0.11109059287997645,0.21401797435187844,52.26272727272727,0.06780190050309914,0.09054764806477134,74.91454545454546,0.004561015626940284,0.034145737095223394,0.5227272727272728,0.010924651990576649,0.1069275739481219,0.10181818181818182,0.06645687091320653,0.013666757361106676,0.3709370077221105
99,79,2012-03-01,9,2,2011-2012,Bauru Basket,Limeira,1,0.4018181818181819,0.11045454545454544,0.21727272727272728,0.07409090909090908,0.16181818181818183,0.0540909090909091,0.10772727272727271,0.062272727272727285,0.05090909090909091,1.517272727272727,0.03681818181818182,0.10954545454545456,34.63727272727272,0.10863636363636364,0.21090909090909093,52.20272727272727,0.07409090909090908,0.09545454545454546,77.35272727272728,0.009090909090909092,0.03363636363636364,0.8045454545454546,0.012727272727272728,0.08863636363636364,0.1372727272727273,0.05090909090909091,0.01090909090909091,0.4295454545454545,0.41883333333333334,0.16133333333333333,0.17944444444444443,0.07805555555555556,0.13944444444444445,0.03922222222222223,0.10022222222222221,0.07605555555555556,0.057277777777777775,1.395,0.05377777777777778,0.12394444444444445,43.079,0.08972222222222222,0.1806111111111111,49.697,0.07805555555555556,0.09522222222222221,82.59,0.009944444444444445,0.038277777777777786,0.7579999999999999,0.01038888888888889,0.10488888888888889,0.11800000000000002,0.057277777777777775,0.010388888888888888,0.4535
69,75,2012-03-01,9,2,2011-2012,Minas,Paulistano,0,0.3908046885165217,0.09610193795567341,0.21884507579532267,0.07585767476552557,0.14467423034183477,0.04863218115439263,0.09604204918744212,0.06478623846662691,0.06853844715734723,0.9908333333333333,0.0320339793185578,0.08820171274608495,36.67666666666667,0.10942253789766133,0.21050212585420724,52.551666666666655,0.07585767476552557,0.09592691986108766,79.8675,0.004930974221216782,0.03557502672272618,0.5333333333333334,0.0144685261540841,0.10588117066926499,0.1425,0.06853844715734723,0.0155718014955335,0.4122168544595481,0.4379628435532937,0.11370002029923847,0.23063743519099014,0.09362538806306517,0.1541026759980981,0.04067804034419047,0.11342463565390762,0.060754440587876754,0.06965589928377856,1.0227272727272725,0.037900006766412815,0.10283347482108075,35.763636363636365,0.11531871759549507,0.20080917467637424,57.54272727272728,0.09362538806306517,0.1170596011027411,77.54545454545455,0.007797116511146774,0.03893922534707614,0.640909090909091,0.011922208417371018,0.11396398822653664,0.11272727272727273,0.06965589928377856,0.018347109877143955,0.46698553826289596
102,86,2012-03-01,9,2,2011-2012,Coop/São José Basketball,Uberlândia,1,0.4384075541784167,0.13396464966385213,0.19596651498826204,0.10847638952630256,0.164463771101722,0.04145634052915262,0.12300743057256934,0.09392238556030642,0.07104116003474317,1.4618181818181817,0.04465488322128404,0.12347417628590479,35.49454545454545,0.09798325749413102,0.17544763489337925,55.790909090909096,0.10847638952630256,0.12807786578982538,84.77363636363634,0.004109468229730462,0.03374419327469656,0.5163636363636364,0.016862045565743045,0.0934015233907997,0.1863636363636364,0.07104116003474317,0.011833496603050083,0.5113827338278407,0.43999834339887345,0.1321917019408408,0.2326292240213853,0.07517741743664724,0.14403488261302913,0.030517247069439705,0.11351763554358944,0.08644273150790109,0.05779395300358469,1.5783333333333334,0.04406390064694693,0.11738430227963438,37.27916666666667,0.11631461201069265,0.2039966630194483,57.343333333333334,0.07517741743664724,0.09403333808899302,79.05583333333335,0.020827993083760616,0.03759292336714612,0.6958333333333333,0.018123102137231707,0.09153790607654766,0.22333333333333336,0.05779395300358469,0.010417438928684733,0.49437299006014124
86,75,2012-03-01,9,2,2011-2012,Brasília,Pinheiros,1,0.4393761843451212,0.11828521161063264,0.23039225954490317,0.09069871318958544,0.1634425100708464,0.04410377322387105,0.11933873684697537,0.0741203857569397,0.07422544954573153,0.9924999999999998,0.03942840387021088,0.11510086541518823,34.61333333333333,0.11519612977245158,0.19466318801027419,59.13333333333333,0.09069871318958544,0.10837350254636681,83.6925,0.007075569358178054,0.03641010158326403,0.5,0.013415373814453596,0.11056645060646743,0.12916666666666668,0.07422544954573153,0.016801907992580672,0.4867874262848981,0.44282640119740724,0.12274386023196698,0.23304745811934707,0.08703508284609324,0.1445126059425831,0.039651470380853086,0.10486113556173003,0.08243407205665383,0.06091607607683056,1.4045454545454545,0.040914620077322335,0.10349770441829712,38.3909090909091,0.11652372905967354,0.19906113224816624,58.33909090909091,0.08703508284609324,0.11456231480469699,74.73727272727274,0.0175259123363696,0.05141910168943849,0.8845454545454546,0.016770657609622607,0.09263727550363408,0.1781818181818182,0.06091607607683056,0.014951815980323711,0.5130354065671671
60,72,2012-03-03,10,2,2011-2012,Espírito Santo,Flamengo,0,0.3212703257117126,0.10653590806246284,0.14621291802634676,0.06852149962290303,0.1267663055059863,0.0389373532611012,0.08782895224488511,0.04500379413285302,0.08259719975391412,0.6733333333333332,0.03551196935415428,0.10537741661709739,32.4925,0.07310645901317338,0.17255469759047082,43.06333333333333,0.06852149962290303,0.09079137318886905,75.4175,0.0033336043428228352,0.0351881662895697,0.45166666666666666,0.008981752490970983,0.10963504981941964,0.085,0.08259719975391412,0.019074887102542577,0.2730295849709719,0.45480966216681973,0.13532957249417277,0.25435592010543306,0.06512416956721391,0.1522567979558434,0.027852793086842985,0.12440400486900041,0.09519772110632027,0.0592608878106853,1.768181818181818,0.04510985749805759,0.09278000388753777,45.88272727272727,0.12717796005271653,0.2038316823383582,62.17818181818182,0.06512416956721391,0.08553315254797936,74.32909090909091,0.005782272258768923,0.03250577500422289,0.5936363636363636,0.00773645546372819,0.08734227842302643,0.09636363636363637,0.0592608878106853,0.01301502852314574,0.5462399449576346
73,104,2012-03-03,10,2,2011-2012,Minas,Pinheiros,0,0.3872812509383277,0.09678640426677546,0.21508776227260554,0.0754070843989467,0.14316082800784746,0.048352782604054734,0.09480804540379273,0.06364883550765561,0.07018933583755128,0.9576923076923077,0.032262134755591816,0.08949388868869379,36.419230769230765,0.10754388113630277,0.20700196232696053,52.47230769230768,0.0754070843989467,0.09624023371792709,79.10846153846154,0.005320899281123183,0.035530793897901085,0.5223076923076924,0.013355562603769938,0.10389031138701384,0.13153846153846155,0.07018933583755128,0.018604739842030923,0.4089694041165059,0.43717420109762334,0.12251520521263641,0.23029350327606815,0.0843654926089188,0.1437198887807012,0.039680514515781994,0.1040393742649192,0.08014789938526602,0.060839736403761356,1.3641666666666667,0.04083840173754547,0.1057062290501057,37.755833333333335,0.11514675163803408,0.1958060378941524,58.685833333333335,0.0843654926089188,0.11334878857097225,73.09250000000002,0.017315419641672134,0.04838417654865195,0.8316666666666667,0.016206436142154057,0.09408416921166458,0.1708333333333333,0.060839736403761356,0.014955831315296736,0.5031991226865699
93,73,2012-03-03,10,2,2011-2012,Joinville,Uberlândia,1,0.3737250299550865,0.07809739555582897,0.20450626763428045,0.09112136676497701,0.1343400671195413,0.04341969309437867,0.0909203740251626,0.05141842032169727,0.05911159462633306,1.0363636363636364,0.02603246518527632,0.08243981178956848,31.38727272727272,0.10225313381714023,0.20466837912040606,49.99545454545455,0.09112136676497701,0.12330200771832303,75.59272727272727,0.009106906347363004,0.03303571111321713,0.6427272727272727,0.005297892909158734,0.11767453641001752,0.04545454545454546,0.05911159462633306,0.01434770741590717,0.3549750212041911,0.43922924006049857,0.12663849409923766,0.23319620678897104,0.07939453917228977,0.14333989164279612,0.03163130498717511,0.11170858665562103,0.08594713677652409,0.05680980277253971,1.5938461538461541,0.04221283136641255,0.11681627902735482,35.81,0.11659810339448552,0.20522768894102922,57.128461538461536,0.07939453917228977,0.09833846592830124,79.64153846153847,0.019995070538855957,0.037008852338904115,0.6938461538461538,0.016729017357444653,0.09257345176296707,0.20615384615384616,0.05680980277253971,0.010000712857247445,0.4905750677478227
74,73,2012-03-03,10,2,2011-2012,L. Sorocabana,Limeira,1,0.3674385099411818,0.11949359818051157,0.16295773449109632,0.08498717726957386,0.15342253091080854,0.05367120165617262,0.09975132925463592,0.04016043922869032,0.0727573814341603,0.5569999999999999,0.03983119939350386,0.11396119302492273,35.461,0.08147886724554816,0.17436369640048777,46.132999999999996,0.08498717726957386,0.11464551207898373,74.327,0.0038563839425740975,0.03583875745700705,0.511,0.0045208308495461634,0.10189073647350085,0.046,0.0727573814341603,0.014342512621229448,0.34227050046600876,0.41666666666666674,0.16030303030303028,0.17858585858585857,0.07777777777777778,0.13540404040404042,0.03792929292929293,0.09747474747474748,0.07414141414141415,0.05525252525252525,1.4109090909090911,0.05343434343434344,0.1226767676767677,43.29454545454546,0.08929292929292929,0.18146464646464644,49.24636363636364,0.07777777777777778,0.09429292929292928,83.10363636363637,0.009040404040404041,0.035252525252525264,0.7018181818181817,0.009444444444444446,0.10489898989898991,0.10727272727272728,0.05525252525252525,0.011262626262626264,0.4459090909090909
95,63,2012-03-03,10,2,2011-2012,Bauru Basket,Araraquara,1,0.4095977758882276,0.11500481418496472,0.2183400440154054,0.07625291768785741,0.16542264792677439,0.054585083946047795,0.11083756398072657,0.06500277180346456,0.05125160472832158,1.535,0.038334938061654916,0.11083698044315511,35.4175,0.1091700220077027,0.20875539772253626,53.0325,0.07625291768785741,0.09625306357225029,78.84333333333333,0.009166958435452408,0.032083770986511946,0.7599999999999999,0.012500291768785742,0.08875262591907168,0.13500000000000004,0.05125160472832158,0.01375131295953584,0.449602881841978,0.38714153604671586,0.09428666993521446,0.22292534620588278,0.06992951990561866,0.12106093849601272,0.029419834800114484,0.09164110369589822,0.07086224412637084,0.06758546500377265,1.0675,0.031428889978404824,0.09423152843636574,32.725,0.11146267310294139,0.213590550563296,52.517500000000005,0.06992951990561866,0.09189089961492929,75.96333333333334,0.0045513013617322975,0.03463359233728811,0.5208333333333334,0.010384634695065632,0.10912805389688951,0.09583333333333334,0.06758546500377265,0.01437971276619964,0.3763218867082309
95,88,2012-03-03,10,2,2011-2012,Coop/São José Basketball,Sesi Franca,1,0.4443735913302153,0.13280092885853112,0.20463597207257353,0.10693669039911069,0.1624251235099118,0.04050164548505656,0.12192347802485524,0.09901218676361423,0.07095439669851457,1.5241666666666667,0.04426697628617704,0.12026799492874606,36.458333333333336,0.10231798603628676,0.1783269986522643,57.09416666666667,0.10693669039911069,0.12615471030733993,84.85166666666665,0.004183679210586257,0.03384884383513851,0.515,0.017540208435264458,0.09520139644156639,0.1891666666666667,0.07095439669851457,0.012097371886129244,0.527517506008854,0.40344444444444444,0.1038333333333333,0.20455555555555555,0.09505555555555555,0.14322222222222222,0.04438888888888889,0.09883333333333333,0.07216666666666666,0.07,1.145,0.034611111111111106,0.09338888888888888,37.016999999999996,0.10227777777777777,0.21005555555555552,49.432,0.09505555555555555,0.1186666666666667,80.86600000000001,0.006944444444444445,0.03227777777777777,0.5069999999999999,0.009333333333333334,0.1073888888888889,0.08499999999999999,0.07,0.01238888888888889,0.40327777777777774
97,63,2012-03-03,10,2,2011-2012,Brasília,Paulistano,1,0.4386549393954965,0.12072481071750704,0.22805439342606448,0.08987573525192503,0.16317770160385822,0.044172713745111745,0.11900498785874648,0.07380343300640588,0.07120810727298296,1.0699999999999998,0.04024160357250235,0.11663156807555837,34.8,0.11402719671303224,0.19315063508640692,58.980000000000004,0.08987573525192503,0.10965246388895399,82.1776923076923,0.006531294792164358,0.035917016846089875,0.5276923076923077,0.013921883521034089,0.10975364671366225,0.13461538461538464,0.07120810727298296,0.015894068916228313,0.48934223964759826,0.43271593992385254,0.11422501860763527,0.2289176489250743,0.08957327239114306,0.1516774529982566,0.039788203648841274,0.11188924934941531,0.06152490387222035,0.07051790767679701,1.0108333333333333,0.03807500620254508,0.10343068525265736,35.81333333333334,0.11445882446253715,0.20032507678667635,57.23500000000001,0.08957327239114306,0.112721301010846,76.8525,0.007980690135217875,0.03819428990148646,0.6191666666666668,0.011345357715923434,0.11280032254099193,0.1075,0.07051790767679701,0.01973485072071529,0.46140341007432134
99,89,2012-03-06,3,2,2011-2012,Flamengo,Minas,1,0.44690885698625143,0.13280210811965837,0.25149292676331364,0.06261382210327941,0.15456873145952313,0.0296983936629394,0.1248703377965837,0.09184791101412691,0.05682248049312819,1.7733333333333334,0.044267369373219456,0.09254833689690962,45.300000000000004,0.12574646338165682,0.2068457088101617,60.81583333333334,0.06261382210327941,0.08298872316898108,73.43833333333333,0.005300416237204846,0.03313029375387098,0.655,0.007925084175084173,0.08506375522110755,0.1025,0.05682248049312819,0.012347109479550263,0.5369699495444983,0.38610289258924707,0.09531512833653413,0.2171388743944816,0.0736488898582313,0.14454473705389984,0.049978248500943956,0.09456648855295584,0.06454452877449428,0.06807823246795085,1.0235714285714288,0.03177170944551138,0.090357519615063,35.60357142857143,0.1085694371972408,0.20963063158781123,52.295714285714276,0.0736488898582313,0.09553357512444538,77.65928571428572,0.0053036376241067515,0.03408128778009954,0.5121428571428572,0.013852804155755837,0.10626524444780674,0.13285714285714284,0.06807823246795085,0.01727582985331443,0.40878151001043056
87,80,2012-03-07,7,2,2011-2012,Sesi Franca,Bauru Basket,1,0.40676767676767683,0.10666666666666665,0.2105050505050505,0.08959595959595959,0.14065656565656567,0.04262626262626263,0.09803030303030304,0.07651515151515151,0.07181818181818182,1.1618181818181819,0.035555555555555556,0.0948989898989899,37.37090909090909,0.10525252525252525,0.21005050505050502,50.78272727272727,0.08959595959595959,0.11151515151515155,81.46909090909092,0.006313131313131313,0.03207070707070707,0.49090909090909085,0.009393939393939394,0.10762626262626264,0.08545454545454545,0.07181818181818182,0.012626262626262626,0.41207070707070703,0.41462871620451774,0.11538905924765973,0.22231388678345115,0.07692577017340683,0.1665439827016379,0.05615546210404411,0.11038852059759376,0.06731025089550574,0.05230917359537378,1.5292307692307692,0.03846301974921992,0.1103879819475278,35.62384615384615,0.11115694339172558,0.20885113635926425,53.89846153846153,0.07692577017340683,0.09731052022053874,78.7223076923077,0.009615653940417608,0.03230809629524179,0.7430769230769231,0.011923346248109916,0.08923319315606616,0.1284615384615385,0.05230917359537378,0.013847365808802312,0.4611718909310566
90,75,2012-03-12,8,2,2011-2012,Sesi Franca,L. Sorocabana,1,0.40912037037037036,0.10652777777777776,0.21212962962962964,0.09046296296296297,0.1401851851851852,0.043240740740740746,0.09694444444444444,0.0772222222222222,0.07125,1.1741666666666668,0.03550925925925926,0.09532407407407407,37.173333333333325,0.10606481481481482,0.20712962962962958,52.02666666666667,0.09046296296296297,0.11138888888888893,82.25583333333334,0.00662037037037037,0.03189814814814815,0.4883333333333333,0.011111111111111112,0.10990740740740741,0.09666666666666666,0.07125,0.012824074074074076,0.4227314814814815,0.3676713726738017,0.12226690743682869,0.1626888495373603,0.0827156156996126,0.1576568462825532,0.05697381968742965,0.10068302659512357,0.04060039929880938,0.07205216494014573,0.5690909090909091,0.04075563581227623,0.11905563002265702,34.910909090909094,0.08134442476868015,0.17487608763680706,45.9790909090909,0.0827156156996126,0.11058682916271248,75.36181818181818,0.0035058035841582704,0.035762506779097314,0.5136363636363637,0.005018937135951058,0.10035521497590985,0.05272727272727273,0.07205216494014573,0.013947738746572225,0.34615500042364433
81,66,2012-03-13,11,2,2011-2012,Brasília,Espírito Santo,1,0.4419653008672468,0.1281730385233994,0.22533622246705987,0.08845603987678753,0.16223643720358263,0.042446091334746625,0.11979034586883601,0.0746031877916626,0.06862181389634132,1.167142857142857,0.042724346174466465,0.11901502749873276,35.885714285714286,0.11266811123352993,0.19042558972309215,59.144999999999996,0.08845603987678753,0.10932014503974298,81.07000000000001,0.006779059449866904,0.035494372785654885,0.5514285714285715,0.013998891840960223,0.11012838623411494,0.1342857142857143,0.06862181389634132,0.014758778279354862,0.49688922252991263,0.3196341468108116,0.1052639151345811,0.14804269356278163,0.06632753811344895,0.12970735892860275,0.03901909531793957,0.09068826361066318,0.04731119458417202,0.08085895361899764,0.7176923076923075,0.03508797171152703,0.10611761533885913,32.0,0.07402134678139081,0.17581972085274228,42.79153846153846,0.06632753811344895,0.08765357525126374,75.77,0.0034617886241441556,0.034404461190372035,0.4492307692307692,0.009060079222434753,0.10658619983331044,0.08923076923076924,0.08085895361899764,0.017992203479270073,0.27548884766551257
91,67,2012-03-13,12,2,2011-2012,Pinheiros,Bauru Basket,1,0.4439331385302779,0.12590629356523714,0.23354916643900017,0.08447767852604061,0.14392647369989417,0.039346571619638206,0.10457990208025597,0.08446795037079109,0.05887816105469608,1.5561538461538462,0.04196876452174571,0.10573019378453898,38.88076923076923,0.11677458321950009,0.1958894307788945,59.49692307692308,0.08447767852604061,0.1151149250037507,72.31307692307693,0.01637180776666343,0.04699237770639824,0.8338461538461538,0.016513161136314194,0.09461379506701187,0.17307692307692307,0.05887816105469608,0.0141937262346246,0.5196362723146317,0.4135838079041951,0.11357555501568405,0.2185771805846332,0.08143107230387778,0.16571941250866376,0.05857292909661239,0.10714648341205134,0.0653595186886839,0.05250137548141851,1.4721428571428572,0.03785851833856136,0.10893169752270439,35.46,0.1092885902923166,0.20857605519074537,53.01,0.08143107230387778,0.10357405449050026,78.505,0.010357392944673494,0.032857517988438806,0.7421428571428572,0.011428821516102066,0.08964510793063286,0.12285714285714289,0.05250137548141851,0.01392969682245929,0.45823104157883826
95,71,2012-03-15,11,2,2011-2012,Pinheiros,L. Sorocabana,1,0.444723628635258,0.1244129868820059,0.23758136883621445,0.08272927291703772,0.1450745827213303,0.03903610221823548,0.10603848050309483,0.08486309677287744,0.05895829240793208,1.5521428571428573,0.041470995627335305,0.10353517994278619,39.43714285714286,0.11879068441810722,0.19868304286611632,59.65428571428572,0.08272927291703772,0.11439243036062564,71.22928571428572,0.016273821497616043,0.04649292215594123,0.8221428571428572,0.01604793534086318,0.09356995256222532,0.16999999999999998,0.05895829240793208,0.013894174360722844,0.523590824292158,0.3682820916176515,0.11957799848375965,0.16329811207591358,0.08540598105797821,0.1545187757590071,0.056392668046810514,0.09812610771219661,0.040967032690575264,0.07313115119513358,0.5658333333333333,0.039859332827919876,0.12038432752076894,33.85333333333333,0.08164905603795679,0.1744697470004065,46.314166666666665,0.08540598105797821,0.11303792673248643,75.92666666666666,0.004880319952145082,0.03819896454750587,0.5341666666666667,0.005434025707955137,0.0999089470612507,0.057499999999999996,0.07313115119513358,0.01320209385102454,0.3460587503883406
91,80,2012-03-15,11,2,2011-2012,Sesi Franca,Flamengo,1,0.41226495726495727,0.10525641025641025,0.2165811965811966,0.09042735042735044,0.14324786324786326,0.04337606837606838,0.09987179487179487,0.07935897435897435,0.075,1.1515384615384616,0.03508547008547009,0.09299145299145299,37.86384615384615,0.1082905982905983,0.2081196581196581,52.744615384615386,0.09042735042735044,0.10974358974358979,83.62076923076924,0.00688034188034188,0.034444444444444444,0.4923076923076923,0.011025641025641027,0.11029914529914531,0.09615384615384616,0.075,0.014145299145299146,0.4363675213675213,0.45060817567961675,0.1329711767258385,0.2529165477815203,0.06472045117225791,0.15267882903955982,0.029721594150405598,0.1229572348891542,0.09285961016688637,0.05783613583981065,1.7523076923076923,0.0443237255752795,0.09273692636637812,45.45923076923077,0.12645827389076014,0.20670373120938004,61.20307692307693,0.06472045117225791,0.08545112907905947,73.80923076923077,0.005277307295881397,0.03442796346511167,0.6592307692307693,0.008853923853923853,0.08544346635794545,0.11153846153846153,0.05783613583981065,0.013320408750354088,0.54451072265646
73,72,2012-03-15,12,2,2011-2012,Minas,Espírito Santo,1,0.3900293664166306,0.09496078644743186,0.2186629494348495,0.07640563053434922,0.1429084212503065,0.04897969860088103,0.09392872264942545,0.06457489352286133,0.06687301697008746,1.0420000000000003,0.03165359548247729,0.09000035164072547,35.58266666666667,0.10933147471742476,0.21065525614862382,52.36466666666666,0.07640563053434922,0.09783133678281569,78.37933333333334,0.005283395115832968,0.033809201928092905,0.518,0.01392928387870545,0.10618089481795297,0.13333333333333333,0.06687301697008746,0.016124107863093467,0.41252940934306853,0.3203745648957536,0.10524506405353959,0.15032535830829724,0.06480414253391689,0.13044254757655968,0.039089159938086745,0.09135338763847296,0.0467889663995883,0.07972617121764067,0.7107142857142855,0.03508168801784652,0.1074663571003692,31.714285714285715,0.07516267915414862,0.1771897407918321,43.03142857142857,0.06480414253391689,0.08567831987617348,75.715,0.0032145180081338586,0.034804142533916886,0.4614285714285714,0.00912721642083227,0.10647289984521684,0.09000000000000001,0.07972617121764067,0.017064188945036494,0.277596787117976
88,66,2012-03-15,11,2,2011-2012,Uberlândia,Tijuca,1,0.43392715148474864,0.12723574452072067,0.22868219201833023,0.07800921494569765,0.14381561366831067,0.03330049748809118,0.11051511618021952,0.0826651984353438,0.05810910257450116,1.517857142857143,0.04241191484024023,0.11561511623968664,36.46642857142857,0.11434109600916512,0.20378285401666998,56.33,0.07800921494569765,0.09845714693342258,78.23857142857143,0.018923994071794816,0.035436791457553816,0.6585714285714285,0.015891230403341464,0.09274677663704085,0.195,0.05810910257450116,0.010357804796015486,0.4812482771944068,0.3966831765726102,0.08125450270162098,0.22084333933693548,0.09458533453405375,0.13417442131945834,0.038335834834233876,0.09583858648522446,0.053753502101260765,0.06958608498432393,0.8066666666666666,0.027084834233873662,0.09000525315189113,29.245833333333337,0.11042166966846774,0.2012607564538723,55.083333333333336,0.09458533453405375,0.1254191681675672,76.1725,0.005833583483423388,0.03500075045027016,0.5241666666666667,0.00916741711693683,0.10542066906810753,0.09916666666666668,0.06958608498432393,0.011250250150090055,0.3891831765726102
78,85,2012-03-15,11,2,2011-2012,Limeira,Joinville,0,0.4123611111111112,0.15819444444444444,0.17787037037037035,0.07629629629629629,0.1316203703703704,0.036018518518518526,0.09560185185185184,0.06921296296296296,0.05606481481481481,1.3125000000000002,0.05273148148148149,0.12245370370370372,42.81166666666667,0.08893518518518517,0.17967592592592593,49.57,0.07629629629629629,0.09143518518518517,84.51166666666667,0.008287037037037037,0.03273148148148149,0.6499999999999999,0.009074074074074076,0.10365740740740742,0.10333333333333335,0.05606481481481481,0.011990740740740741,0.43250000000000005,0.3813312774588293,0.0753392792595099,0.21746407866475706,0.08852791953456225,0.13522839485957952,0.04313471866984711,0.0920936761897324,0.05255021862822249,0.056268961740805305,1.1666666666666667,0.025113093086503294,0.08348649414043778,30.087499999999995,0.10873203933237853,0.2088626808603722,51.71166666666667,0.08852791953456225,0.12136017374179613,74.29333333333334,0.010014664151749422,0.034032735187115706,0.7391666666666667,0.005273068500062174,0.11536832504251605,0.04666666666666667,0.056268961740805305,0.013568731797914907,0.3712271027705085
80,82,2012-03-15,11,2,2011-2012,Araraquara,Coop/São José Basketball,0,0.38159218712004545,0.09049538763250566,0.2188541657285072,0.0722426337590326,0.11828702015016558,0.02946446289241337,0.08882255725775219,0.06848822534741923,0.06661735231117474,1.0415384615384615,0.03016512921083522,0.08929064163356838,34.05384615384616,0.1094270828642536,0.2133143543661194,51.59153846153846,0.0722426337590326,0.09289929195224242,77.44615384615385,0.0049704320262144285,0.034661777542112096,0.53,0.00997043202621443,0.10765666513559033,0.09307692307692308,0.06661735231117474,0.01481204255341505,0.37083558773067465,0.4467294689201987,0.13297008817710565,0.20581782037468327,0.10794156036840988,0.15839242170145706,0.039693826601590675,0.11869859509986638,0.09947278778179774,0.06972713541401346,1.5538461538461539,0.044323362725701886,0.1183243030111502,37.29769230769231,0.10290891018734163,0.17884030644824397,57.27615384615386,0.10794156036840988,0.12721973259139072,84.91769230769229,0.004631088502079621,0.03509124046320478,0.5453846153846154,0.01696019240178258,0.09287821209990743,0.18615384615384617,0.06972713541401346,0.011936035587196227,0.5315546209312498
88,106,2012-03-17,12,2,2011-2012,Araraquara,Joinville,0,0.3829184640418715,0.09260628988787548,0.22180058543480285,0.06851158871919318,0.1162690911684225,0.028074429943001,0.08819466122542145,0.07074192468020375,0.06686097080355383,1.0692857142857142,0.030868763295958494,0.09041573986022226,34.34285714285715,0.11090029271740143,0.21165447408369406,52.79357142857143,0.06851158871919318,0.0894792001844309,75.08857142857143,0.004972686938650549,0.03647336554652135,0.5535714285714286,0.009615544081507693,0.10818447608357408,0.0892857142857143,0.06686097080355383,0.015183182599691156,0.37864676552353593,0.3846904099619962,0.07992856547031682,0.21227453415208344,0.09248731033959594,0.13790313371653495,0.041739740310628104,0.09616339340590682,0.056200201810666914,0.05655596468382028,1.2053846153846153,0.02664285515677227,0.08514137920655794,31.069999999999997,0.10613726707604172,0.2043347823326513,51.580000000000005,0.09248731033959594,0.1258709296078118,74.56153846153846,0.00924430537084562,0.03218406324964527,0.6953846153846155,0.005252063230826622,0.1153399923469379,0.04615384615384616,0.05655596468382028,0.014832675505767605,0.38459424871123865
94,82,2012-03-17,12,2,2011-2012,Sesi Franca,Tijuca,1,0.41531746031746036,0.10630952380952381,0.21825396825396823,0.09075396825396827,0.14873015873015874,0.04563492063492064,0.1030952380952381,0.0826190476190476,0.0725,1.292857142857143,0.03543650793650794,0.09420634920634921,37.756428571428565,0.10912698412698411,0.21146825396825394,52.33857142857143,0.09075396825396827,0.11047619047619052,83.30285714285716,0.008888888888888889,0.034484126984126985,0.5199999999999999,0.013095238095238096,0.10920634920634921,0.11928571428571429,0.0725,0.013492063492063494,0.4505555555555555,0.3915537014516402,0.08308107941688089,0.2169323132340943,0.091540308800665,0.13539177352565385,0.040002309077754344,0.0953894644478995,0.053080155785779175,0.06923330921629903,0.7976923076923076,0.027693693138960307,0.09115869521713028,29.560000000000002,0.10846615661704714,0.20577915980357447,53.360769230769236,0.091540308800665,0.12154077061621588,75.95384615384616,0.006154077061621589,0.03730838503101861,0.5607692307692308,0.008462231184864766,0.10269600221671464,0.09153846153846155,0.06923330921629903,0.011538692446236974,0.38193831683625556
87,83,2012-03-17,12,2,2011-2012,Paulistano,L. Sorocabana,1,0.42366086762201777,0.11582309409935564,0.2182316759308378,0.08960609759182438,0.15116380276762148,0.0394198802912381,0.11174392247638337,0.060253757420511096,0.06970883785550494,0.9907692307692307,0.03860769803311854,0.10739755561783756,35.291538461538465,0.1091158379654189,0.19491545549539355,55.49538461538462,0.08960609759182438,0.1140504317023194,76.26615384615386,0.007751406278662655,0.03717934452444904,0.6038461538461539,0.011241868660852401,0.11412337465322331,0.1053846153846154,0.06970883785550494,0.019370631434506423,0.44898776314552735,0.36726039226244755,0.11730276783116275,0.16381364191622794,0.08614398251505681,0.14955579300831426,0.05282400127397894,0.09673179173433534,0.04089264556053101,0.07058260110320023,0.5992307692307692,0.039100922610387584,0.11843168694224825,33.67846153846154,0.08190682095811397,0.17566438184652905,46.19307692307692,0.08614398251505681,0.11395808621460286,75.93230769230769,0.004504910725056998,0.03679904419769773,0.5315384615384615,0.0057852544996508945,0.09606979728730834,0.06846153846153845,0.07058260110320023,0.012571163554791884,0.34328500035846826
71,83,2012-03-17,12,2,2011-2012,Limeira,Coop/São José Basketball,0,0.4087072619587355,0.15250246479126633,0.17858097588942382,0.07762382127804525,0.13085113860162978,0.035406804503071695,0.09544433409855807,0.06820677139930578,0.055710195720018896,1.2953846153846156,0.05083415493042213,0.12023065888488287,41.826153846153844,0.08929048794471191,0.1802476425560905,49.60307692307693,0.07762382127804525,0.0941169450501474,83.70846153846153,0.0076495726495726495,0.030933322298744705,0.6138461538461537,0.008376068376068378,0.10503917278966396,0.0953846153846154,0.055710195720018896,0.011788023153445551,0.4262175349208749,0.4441059354258988,0.13097222473588382,0.20683083320506304,0.10630287748495203,0.1595786772942101,0.04150141041576277,0.11807726687844736,0.09701044579738362,0.07117519717015534,1.4942857142857142,0.04365740824529461,0.11701542422463948,37.13357142857143,0.10341541660253152,0.17820885598765512,57.80714285714287,0.10630287748495203,0.12670403740629138,83.91142857142856,0.00572886789478822,0.035441866144404435,0.5378571428571429,0.01646303580165525,0.09231548266419976,0.18142857142857147,0.07117519717015534,0.011797747330967926,0.5289435765790177
96,98,2012-03-17,12,2,2011-2012,Uberlândia,Flamengo,0,0.4343320080524321,0.13375336155267264,0.22410337921710824,0.07647526728265114,0.14689457275708995,0.03341379765555176,0.11348077510153823,0.08282085187298754,0.05890182906953442,1.4973333333333336,0.044584453850890875,0.11657410849037418,37.88133333333334,0.11205168960855412,0.20219733041555868,55.53733333333333,0.07647526728265114,0.09622667047119442,78.664,0.018995727800341828,0.0350743386937169,0.6433333333333332,0.016165148376452033,0.09156365819457145,0.2,0.05890182906953442,0.010000617809614453,0.485498392048113,0.4469933059882156,0.13204466410256432,0.2512796515114117,0.0636689903742395,0.15355891267959126,0.02938433742537663,0.12417457525421462,0.09086963801210877,0.05727641185125275,1.7200000000000002,0.04401488803418811,0.09647000305449396,44.182857142857145,0.12563982575570584,0.20586775040871003,61.04357142857144,0.0636689903742395,0.08506176271626952,73.00142857142858,0.005614642489032725,0.03375453750331798,0.6478571428571429,0.008221500721500722,0.08612607590380648,0.10357142857142856,0.05727641185125275,0.013440379553900225,0.5366885281809985
92,89,2012-03-21,9,2,2011-2012,Joinville,Sesi Franca,1,0.3950696663932822,0.07957652507957991,0.21925492456979176,0.09623821674391052,0.13841005273678245,0.040901187431297524,0.0975088653054849,0.060400187395619274,0.05787339577783311,1.2285714285714284,0.026525508359859968,0.08263128069180381,32.42214285714285,0.10962746228489588,0.20688229788031906,52.508571428571436,0.09623821674391052,0.12973729177868237,74.99,0.008583997844356647,0.03309948730324203,0.6885714285714286,0.005234058714339006,0.11388713575072805,0.04642857142857144,0.05787339577783311,0.014487484398212777,0.40462323094615016,0.418962962962963,0.11022222222222222,0.21637037037037035,0.09237037037037038,0.15048148148148147,0.0455925925925926,0.10488888888888888,0.08344444444444443,0.072,1.304,0.03674074074074074,0.09725925925925928,37.85866666666666,0.10818518518518518,0.20803703703703702,52.808,0.09237037037037038,0.11344444444444449,82.69533333333335,0.00862962962962963,0.03385185185185185,0.5106666666666666,0.014222222222222223,0.11025925925925927,0.12733333333333333,0.072,0.013592592592592594,0.46018518518518514
93,74,2012-03-24,4,2,2011-2012,Brasília,Flamengo,1,0.439500947476097,0.1276281692885061,0.22431380763592254,0.08755897055166836,0.16408734139001044,0.04328301857909685,0.12080432281091362,0.07296297527221843,0.0690470263032519,1.1340000000000001,0.0425427230961687,0.11908069233215057,35.715333333333334,0.11215690381796127,0.190397217074886,58.885999999999996,0.08755897055166836,0.10803213537042679,81.22066666666666,0.0066604554865424435,0.036461414599944564,0.5593333333333333,0.01506563238489621,0.10911982715184061,0.14666666666666667,0.0690470263032519,0.014108193060731206,0.4964299410279185,0.4462307892927049,0.1312416864957267,0.2493424895587991,0.0656466132381791,0.15250683701947038,0.029795751967388557,0.1227110850520818,0.0901449954779682,0.05730983624635442,1.6973333333333334,0.04374722883190891,0.09655718803604622,43.964666666666666,0.12467124477939955,0.20606915964072195,60.52000000000001,0.0656466132381791,0.086502089646296,73.968,0.005240332989763877,0.033874605373467155,0.646,0.007673400673400673,0.08601396713984902,0.09666666666666666,0.05730983624635442,0.01313694684289947,0.5332055892652282
71,73,2012-03-28,13,2,2011-2012,Espírito Santo,Uberlândia,0,0.3230162605693701,0.10722872644997028,0.15030366775441076,0.0654838663649891,0.13007971107145572,0.03781654927554763,0.09226316179590809,0.04700303530628242,0.0790777598031313,0.7106666666666664,0.03574290881665676,0.10696859996034459,32.6,0.07515183387720538,0.17704375807237663,43.019999999999996,0.0654838663649891,0.08529976521776192,76.91733333333333,0.0030002168075916017,0.03515053303165576,0.4686666666666667,0.009185401992776787,0.10737470652220239,0.08933333333333335,0.0790777598031313,0.016926576348700727,0.28409033464344424,0.42877645249687646,0.1335311393304504,0.2163996755134045,0.07884563765302151,0.14593160979412698,0.035932316174070285,0.10999929362005674,0.07900603705817272,0.058420347588052944,1.4460000000000004,0.0445103797768168,0.11683336774963343,37.74333333333333,0.10819983775670225,0.2010121452303735,53.943999999999996,0.07884563765302151,0.09874518898971292,79.37066666666666,0.017588320392934422,0.0347780423974206,0.6433333333333331,0.016276259487563144,0.09474884337975663,0.18466666666666667,0.058420347588052944,0.009593210402207045,0.4743872809370019
90,78,2012-03-29,13,2,2011-2012,Tijuca,Araraquara,1,0.3928712942050945,0.08571814517281798,0.2135800051459447,0.09357314388633177,0.13500664684525,0.03928785842934333,0.09571878841590668,0.055003001801080656,0.06821664427227767,0.8442857142857142,0.028572715057606,0.09071878841590668,30.810000000000002,0.10679000257297235,0.20608064838903342,52.44071428571429,0.09357314388633177,0.1228592870007719,76.6507142857143,0.005714500128648618,0.037857786100231564,0.5792857142857143,0.008214928957374428,0.10428914491552074,0.08785714285714287,0.06821664427227767,0.011428785842934334,0.38715700849080875,0.38672389977241345,0.09343253722868378,0.223680546405816,0.06961081613791363,0.11318448509052767,0.026869467946800937,0.0863150171437267,0.06969246303485684,0.06640357274998357,1.0593333333333332,0.031144179076227928,0.09005469053620745,34.79866666666667,0.111840273202908,0.21287750914478112,52.897333333333336,0.06961081613791363,0.0905139201721355,75.47933333333334,0.00497450780940718,0.036041807843419926,0.55,0.009641174476073848,0.10897217767800248,0.08866666666666669,0.06640357274998357,0.015170970426378412,0.3804036478219669
97,96,2012-03-29,13,2,2011-2012,Flamengo,Limeira,1,0.4410462033940295,0.13010043579608802,0.24842863416776464,0.06251713343017692,0.15398516941995205,0.03374866840084231,0.12023650101910972,0.09006259923651228,0.056566658784050095,1.7099999999999997,0.04336681193202933,0.09979046879046878,42.556,0.12421431708388232,0.21052983570374875,59.24133333333335,0.06251713343017692,0.08300396383005079,73.54466666666666,0.004561895431460647,0.035184396923527365,0.674,0.007673400673400673,0.08691980000675655,0.09666666666666666,0.056566658784050095,0.01312517595126291,0.5256405864666733,0.4048710289616829,0.14589514587760447,0.1808251918973221,0.0781506911867563,0.12971891441579908,0.034306318467138004,0.09541259594866106,0.06654914487078394,0.05458803888287469,1.2835714285714288,0.048631715292534836,0.11807132610739124,40.425714285714285,0.09041259594866105,0.18237281094494118,49.63142857142857,0.0781506911867563,0.09382287754656544,84.47500000000001,0.008174603174603175,0.0312237992774058,0.6328571428571428,0.007777777777777779,0.10646494616183082,0.08857142857142859,0.05458803888287469,0.012017450071056581,0.4207734252836695
68,67,2012-03-29,13,2,2011-2012,Joinville,Paulistano,1,0.39599094789298933,0.08049364562983014,0.22004533700587975,0.09545196525727945,0.14192345662840436,0.042026293454396214,0.09989716317400814,0.05992906379146688,0.05757072494819979,1.2133333333333334,0.026831215209943374,0.08423363975679467,32.205333333333336,0.11002266850293987,0.20731236691052002,52.61933333333334,0.09545196525727945,0.13175480566010356,73.50933333333333,0.009196916506584722,0.03385581777932219,0.6980000000000001,0.0054777140593089985,0.11222058595993877,0.05000000000000001,0.05757072494819979,0.014114244697591184,0.4102409414756661,0.42447080564901646,0.12362144452083024,0.2133579847929208,0.08749137633526549,0.14965210256993422,0.03838988884186395,0.11126221372807028,0.06166420331904602,0.07044392086582602,0.9914285714285713,0.04120714817361006,0.10829773021656346,37.23500000000001,0.1066789923964604,0.19027863724572258,55.65214285714286,0.08749137633526549,0.11268968658072516,75.33000000000001,0.0075548772587581805,0.03702367705841697,0.5921428571428572,0.011153163756505801,0.11240027646370736,0.10571428571428573,0.07044392086582602,0.018701300617755965,0.4540600657779897
