placar_casa,placar_visitante,data,round,stage,ano,equipe_casa,equipe_visitante,Pts_casa,3P_casa,2P_casa,LL_casa,RT_casa,RO_casa,RD_casa,AS_casa,ER_casa,IA%_casa,3PC_casa,3PT_casa,3P%_casa,2PC_casa,2PT_casa,2P%_casa,LLC_casa,LLT_casa,LL%_casa,EN_casa,BR_casa,B/E_casa,TO_casa,FC_casa,T/FC_casa,ET_casa,VI_casa,EF_casa,Pts_visitante,3P_visitante,2P_visitante,LL_visitante,RT_visitante,RO_visitante,RD_visitante,AS_visitante,ER_visitante,IA%_visitante,3PC_visitante,3PT_visitante,3P%_visitante,2PC_visitante,2PT_visitante,2P%_visitante,LLC_visitante,LLT_visitante,LL%_visitante,EN_visitante,BR_visitante,B/E_visitante,TO_visitante,FC_visitante,T/FC_visitante,ET_visitante,VI_visitante,EF_visitante
107,111,2025-10-24,1,1,2025-26,Orlando Magic,Atlanta Hawks,125.0,36.0,60.0,29.0,46.0,9.0,37.0,23.0,15.0,1.5333333333333334,12.0,30.0,40.0,30.0,60.0,50.0,29.0,35.0,82.89999999999999,0.0,8.0,0.5333333333333333,7.0,20.0,0.35,15.0,0.0,140.0,118.0,30.0,56.0,32.0,34.0,8.0,26.0,25.0,16.0,1.5625,10.0,35.0,28.599999999999998,28.0,55.0,50.90909090909091,32.0,37.0,86.5,0.0,7.0,0.4375,6.0,24.0,0.25,16.0,0.0,117.0
114,146,2025-10-24,1,1,2025-26,Memphis Grizzlies,Miami Heat,128.0,33.0,60.0,35.0,39.0,6.0,33.0,20.0,17.0,1.1764705882352942,11.0,37.0,29.7,30.0,43.0,69.76744186046511,35.0,43.0,81.39999999999999,0.0,5.0,0.29411764705882354,12.0,29.0,0.41379310344827586,17.0,0.0,140.0,121.0,36.0,64.0,21.0,47.0,10.0,37.0,26.0,19.0,1.368421052631579,12.0,35.0,34.300000000000004,32.0,56.0,57.14285714285714,21.0,27.0,77.8,0.0,9.0,0.47368421052631576,4.0,28.0,0.14285714285714285,19.0,0.0,135.0
116,122,2025-10-24,1,1,2025-26,Toronto Raptors,Milwaukee Bucks,138.0,18.0,96.0,24.0,54.0,12.0,42.0,36.0,19.0,1.894736842105263,6.0,25.0,24.0,48.0,70.0,68.57142857142857,24.0,29.0,82.8,0.0,10.0,0.5263157894736842,4.0,31.0,0.12903225806451613,19.0,0.0,177.0,133.0,54.0,64.0,15.0,46.0,6.0,40.0,31.0,8.0,3.875,18.0,44.0,40.9,32.0,54.0,59.25925925925925,15.0,19.0,78.9,0.0,8.0,1.0,6.0,22.0,0.2727272727272727,8.0,0.0,164.0
105,104,2025-10-24,1,1,2025-26,Sacramento Kings,Utah Jazz,116.0,27.0,76.0,13.0,37.0,9.0,28.0,24.0,13.0,1.8461538461538463,9.0,24.0,37.5,38.0,70.0,54.285714285714285,13.0,23.0,56.49999999999999,0.0,10.0,0.7692307692307693,10.0,22.0,0.45454545454545453,13.0,0.0,127.0,129.0,51.0,62.0,16.0,46.0,13.0,33.0,38.0,13.0,2.923076923076923,17.0,44.0,38.6,31.0,43.0,72.09302325581395,16.0,20.0,80.0,0.0,11.0,0.8461538461538461,6.0,21.0,0.2857142857142857,13.0,0.0,174.0
139,119,2025-10-24,1,1,2025-26,Portland Trail Blazers,Golden State Warriors,114.0,39.0,46.0,29.0,39.0,7.0,32.0,25.0,16.0,1.5625,13.0,42.0,31.0,23.0,48.0,47.91666666666667,29.0,35.0,82.89999999999999,0.0,10.0,0.625,3.0,17.0,0.17647058823529413,16.0,0.0,115.0,128.0,52.5,53.0,22.5,41.5,9.5,32.0,31.0,14.0,2.5964912280701755,17.5,43.5,40.4,26.5,45.0,58.4008097165992,22.5,27.0,82.85,0.0,10.5,0.8742690058479532,3.5,21.5,0.16782407407407407,14.0,0.0,151.5
105,95,2025-10-24,1,1,2025-26,New York Knicks,Boston Celtics,119.0,42.0,46.0,31.0,48.0,9.0,39.0,22.0,14.0,1.5714285714285714,14.0,40.0,35.0,23.0,46.0,50.0,31.0,36.0,86.1,0.0,8.0,0.5714285714285714,4.0,23.0,0.17391304347826086,14.0,0.0,133.0,116.0,33.0,60.0,23.0,42.0,10.0,32.0,16.0,11.0,1.4545454545454546,11.0,43.0,25.6,30.0,48.0,62.5,23.0,26.0,88.5,0.0,7.0,0.6363636363636364,4.0,28.0,0.14285714285714285,11.0,0.0,121.0
111,115,2025-10-24,1,1,2025-26,Houston Rockets,Detroit Pistons,124.0,33.0,64.0,27.0,52.0,16.0,36.0,23.0,25.0,0.92,11.0,39.0,28.199999999999996,32.0,58.0,55.172413793103445,27.0,31.0,87.1,0.0,6.0,0.24,5.0,26.0,0.19230769230769232,25.0,0.0,127.0,111.0,21.0,72.0,18.0,46.0,13.0,33.0,29.0,10.0,2.9,7.0,24.0,29.2,36.0,73.0,49.31506849315068,18.0,26.0,69.19999999999999,0.0,8.0,0.8,10.0,29.0,0.3448275862068966,10.0,0.0,132.0
128,110,2025-10-24,1,1,2025-26,Los Angeles Lakers,Minnesota Timberwolves,109.0,24.0,68.0,17.0,39.0,7.0,32.0,23.0,20.0,1.15,8.0,32.0,25.0,34.0,45.0,75.55555555555556,17.0,28.0,60.699999999999996,0.0,7.0,0.35,2.0,21.0,0.09523809523809523,20.0,0.0,114.0,118.0,45.0,54.0,19.0,45.0,10.0,35.0,21.0,19.0,1.105263157894737,15.0,30.0,50.0,27.0,56.0,48.214285714285715,19.0,24.0,79.2,0.0,10.0,0.5263157894736842,10.0,29.0,0.3448275862068966,19.0,0.0,136.0
129,102,2025-10-24,1,1,2025-26,LA Clippers,Phoenix Suns,108.0,42.0,50.0,16.0,38.0,15.0,23.0,28.0,15.0,1.8666666666666667,14.0,45.0,31.1,25.0,43.0,58.139534883720934,16.0,21.0,76.2,0.0,8.0,0.5333333333333333,6.0,21.0,0.2857142857142857,15.0,0.0,119.0,120.0,30.0,70.0,20.0,51.0,18.0,33.0,23.0,16.0,1.4375,10.0,34.0,29.4,35.0,61.0,57.377049180327866,20.0,28.0,71.39999999999999,0.0,7.0,0.4375,7.0,25.0,0.28,16.0,0.0,134.0
107,117,2025-10-24,1,1,2025-26,Dallas Mavericks,Washington Wizards,92.0,27.0,44.0,21.0,37.0,9.0,28.0,20.0,16.0,1.25,9.0,21.0,42.9,22.0,62.0,35.483870967741936,21.0,26.0,80.80000000000001,0.0,5.0,0.3125,3.0,24.0,0.125,16.0,0.0,84.0,120.0,51.0,58.0,11.0,56.0,13.0,43.0,23.0,13.0,1.7692307692307692,17.0,42.0,40.5,29.0,56.0,51.78571428571429,11.0,19.0,57.9,0.0,5.0,0.38461538461538464,4.0,19.0,0.21052631578947367,13.0,0.0,135.0
116,120,2025-10-24,1,1,2025-26,New Orleans Pelicans,San Antonio Spurs,122.0,30.0,70.0,22.0,47.0,17.0,30.0,20.0,15.0,1.3333333333333333,10.0,27.0,37.0,35.0,71.0,49.29577464788733,22.0,31.0,71.0,0.0,10.0,0.6666666666666666,4.0,30.0,0.13333333333333333,15.0,0.0,126.0,125.0,24.0,84.0,17.0,50.0,11.0,39.0,24.0,15.0,1.6,8.0,20.0,40.0,42.0,67.0,62.68656716417911,17.0,28.0,60.699999999999996,0.0,10.0,0.6666666666666666,5.0,24.0,0.20833333333333334,15.0,0.0,151.0
124,131,2025-10-24,1,1,2025-26,Brooklyn Nets,Cleveland Cavaliers,117.0,42.0,50.0,25.0,38.0,12.0,26.0,25.0,17.0,1.4705882352941178,14.0,40.0,35.0,25.0,48.0,52.083333333333336,25.0,34.0,73.5,0.0,8.0,0.47058823529411764,3.0,28.0,0.10714285714285714,17.0,0.0,116.0,111.0,57.0,42.0,12.0,32.0,4.0,28.0,21.0,15.0,1.4,19.0,46.0,41.3,21.0,40.0,52.5,12.0,18.0,66.7,0.0,8.0,0.5333333333333333,4.0,25.0,0.16,15.0,0.0,109.0
100,117,2025-10-25,1,1,2025-26,Atlanta Hawks,Oklahoma City Thunder,114.5,27.0,61.0,26.5,37.0,8.5,28.5,25.5,16.0,1.59375,9.0,32.0,28.1,30.5,55.5,54.91883116883117,26.5,32.5,80.75,0.0,8.0,0.5,5.5,22.5,0.24404761904761904,16.0,0.0,120.5,133.0,34.5,66.0,32.5,49.0,10.0,39.0,23.0,13.0,1.8154761904761902,11.5,43.5,26.799999999999997,33.0,56.0,59.23076923076923,32.5,38.0,84.1,0.0,9.0,0.7142857142857143,3.0,30.0,0.10437710437710437,13.0,0.0,143.5
133,111,2025-10-25,1,1,2025-26,Denver Nuggets,Phoenix Suns,131.0,48.0,70.0,13.0,43.0,7.0,36.0,32.0,13.0,2.4615384615384617,16.0,40.0,40.0,35.0,55.0,63.63636363636363,13.0,14.0,92.9,0.0,8.0,0.6153846153846154,4.0,22.0,0.18181818181818182,13.0,0.0,160.0,111.0,39.0,56.0,16.0,44.0,16.5,27.5,23.0,17.0,1.3576388888888888,13.0,40.5,31.7,28.0,52.0,53.10712924132672,16.0,21.5,75.69999999999999,0.0,9.5,0.5520833333333333,5.5,25.0,0.22000000000000003,17.0,0.0,119.0
98,110,2025-10-25,1,1,2025-26,Orlando Magic,Chicago Bulls,116.0,31.5,58.0,26.5,45.5,10.5,35.0,22.0,18.5,1.2439393939393941,10.5,30.5,34.5,29.0,53.5,54.787234042553195,26.5,36.0,73.9,0.0,7.5,0.4257575757575758,5.0,23.0,0.2326923076923077,18.5,0.0,123.5,115.0,33.0,56.0,26.0,50.0,12.0,38.0,29.0,18.0,1.6111111111111112,11.0,30.0,36.7,28.0,57.0,49.122807017543856,26.0,32.0,81.3,0.0,6.0,0.3333333333333333,8.0,23.0,0.34782608695652173,18.0,0.0,136.0
125,121,2025-10-25,1,1,2025-26,Philadelphia 76ers,Charlotte Hornets,117.0,48.0,46.0,23.0,40.0,10.0,30.0,23.0,14.0,1.6428571428571428,16.0,41.0,39.0,23.0,44.0,52.27272727272727,23.0,30.0,76.7,0.0,3.0,0.21428571428571427,4.0,23.0,0.17391304347826086,14.0,0.0,120.0,136.0,51.0,62.0,23.0,50.0,14.0,36.0,33.0,17.0,1.9411764705882353,17.0,36.0,47.199999999999996,31.0,54.0,57.407407407407405,23.0,33.0,69.69999999999999,0.0,5.0,0.29411764705882354,5.0,25.0,0.2,17.0,0.0,160.0
128,103,2025-10-25,1,1,2025-26,Memphis Grizzlies,Indiana Pacers,121.0,36.0,55.0,30.0,40.0,9.0,31.0,24.5,18.5,1.313235294117647,12.0,41.0,29.299999999999997,27.5,46.5,59.883720930232556,30.0,35.5,85.35,0.0,6.5,0.34705882352941175,8.0,24.0,0.31215970961887474,18.5,0.0,128.0,135.0,39.0,66.0,30.0,55.0,11.0,44.0,21.0,14.0,1.5,13.0,43.0,30.2,33.0,62.0,53.2258064516129,30.0,40.0,75.0,0.0,6.0,0.42857142857142855,4.0,37.0,0.10810810810810811,14.0,0.0,138.0
120,127,2025-10-26,1,1,2025-26,Sacramento Kings,Los Angeles Lakers,110.5,34.5,64.0,12.0,35.0,7.0,28.0,23.5,13.0,1.8076923076923077,11.5,28.0,40.65,32.0,60.5,52.63305322128851,12.0,19.0,64.89999999999999,0.0,10.0,0.7692307692307693,7.0,20.0,0.33838383838383834,13.0,0.0,121.0,118.5,30.0,67.0,21.5,38.5,7.0,31.5,24.5,16.0,1.6583333333333332,10.0,30.5,33.2,33.5,46.0,72.88416075650119,21.5,30.0,71.0,0.0,6.5,0.425,2.5,20.5,0.12261904761904761,16.0,0.0,133.0
119,113,2025-10-26,1,1,2025-26,Detroit Pistons,Boston Celtics,113.0,34.5,62.0,16.5,47.0,14.0,33.0,27.5,14.0,2.172222222222222,11.5,31.5,35.1,31.0,62.0,50.14773032500671,16.5,24.5,67.19999999999999,0.0,7.0,0.5666666666666667,10.5,30.0,0.349833147942158,14.0,0.0,132.0,105.5,39.0,50.0,16.5,39.5,9.0,30.5,17.5,13.5,1.3210227272727273,13.0,43.5,29.85,25.0,43.0,57.565789473684205,16.5,20.5,77.6,0.0,8.5,0.6306818181818181,5.5,26.5,0.21142857142857144,13.5,0.0,110.5
118,107,2025-10-26,1,1,2025-26,San Antonio Spurs,Brooklyn Nets,122.5,31.5,74.0,17.0,54.5,15.5,39.0,24.5,17.0,1.4578947368421054,10.5,31.5,35.1,37.0,61.0,60.43419267299865,17.0,27.0,63.05,0.0,8.0,0.49122807017543857,9.0,25.5,0.3449074074074074,17.0,0.0,146.5,120.5,49.5,55.0,16.0,38.0,11.0,27.0,27.5,18.5,1.4852941176470589,16.5,42.5,38.599999999999994,27.5,49.5,55.45343137254902,16.0,20.5,86.75,0.0,8.5,0.46029411764705885,1.5,28.0,0.05357142857142857,18.5,0.0,125.0
114,110,2025-10-26,1,1,2025-26,Minnesota Timberwolves,Indiana Pacers,114.0,42.0,55.0,17.0,42.5,12.5,30.0,22.5,15.5,1.5526315789473686,14.0,34.0,42.1,27.5,53.0,52.10714285714286,17.0,22.5,75.3,0.0,7.0,0.4298245614035088,6.5,28.0,0.22796934865900384,15.5,0.0,126.0,119.0,40.5,55.0,23.5,49.5,11.0,38.5,23.0,13.5,1.7115384615384617,13.5,41.5,32.6,27.5,55.5,49.06188281764318,23.5,31.5,74.45,0.0,4.0,0.2912087912087912,4.5,29.0,0.1731016731016731,13.5,0.0,122.5
113,139,2025-10-26,1,1,2025-26,Washington Wizards,Charlotte Hornets,118.5,48.0,55.0,15.5,52.0,11.5,40.5,25.0,15.0,1.678733031674208,16.0,39.0,41.099999999999994,27.5,55.0,49.966931216931215,15.5,24.0,63.45,0.0,8.0,0.5158371040723982,6.0,21.5,0.27192982456140347,15.0,0.0,135.5,128.5,49.5,58.0,21.0,47.5,13.5,34.0,31.5,17.0,1.8529411764705883,16.5,39.0,42.65,29.0,50.5,57.427107959022855,21.0,30.5,68.8,0.0,5.5,0.3235294117647059,4.0,25.5,0.1576923076923077,17.0,0.0,146.5
114,107,2025-10-26,1,1,2025-26,LA Clippers,Portland Trail Blazers,118.5,45.0,54.0,19.5,41.5,12.5,29.0,30.0,17.0,1.775438596491228,15.0,37.0,43.150000000000006,27.0,45.0,59.9208312716477,19.5,23.5,82.35,0.0,10.0,0.5824561403508772,5.5,20.0,0.2744360902255639,17.0,0.0,144.5,126.5,43.5,57.0,26.0,38.5,8.5,30.0,27.5,17.5,1.5707236842105263,14.5,38.0,39.05,28.5,53.5,52.77189265536724,26.0,30.0,87.44999999999999,0.0,11.5,0.6546052631578947,4.0,22.5,0.17752100840336135,17.5,0.0,138.0
139,129,2025-10-26,1,1,2025-26,Dallas Mavericks,Toronto Raptors,99.5,28.5,50.0,21.0,42.5,9.0,33.5,21.5,18.5,1.1726190476190477,9.5,27.5,36.15,25.0,58.0,43.66786140979689,21.0,26.5,79.30000000000001,0.0,8.0,0.4181547619047619,4.0,21.5,0.19407894736842105,18.5,0.0,100.5,127.0,25.5,79.0,22.5,47.5,11.0,36.5,30.5,17.5,1.7286184210526314,8.5,26.0,32.349999999999994,39.5,64.0,61.00985221674877,22.5,30.5,74.2,0.0,10.0,0.575657894736842,4.0,26.0,0.1597542242703533,17.5,0.0,151.5
115,107,2025-10-26,1,1,2025-26,Miami Heat,New York Knicks,133.5,46.5,68.0,19.0,52.0,13.5,38.5,30.0,19.5,1.5342105263157895,15.5,37.5,40.900000000000006,34.0,59.0,57.6036866359447,19.0,24.5,77.55,0.0,12.0,0.6118421052631579,4.0,26.5,0.1514285714285714,19.5,0.0,159.5,112.0,46.5,39.0,26.5,50.5,15.0,35.5,22.5,17.0,1.3607142857142858,15.5,42.5,36.4,19.5,43.5,44.51219512195122,26.5,30.5,87.05,0.0,7.5,0.4607142857142857,4.0,20.0,0.20460358056265984,17.0,0.0,124.5
118,113,2025-10-26,1,1,2025-26,Cleveland Cavaliers,Milwaukee Bucks,121.0,55.5,47.0,18.5,34.0,6.5,27.5,26.5,16.0,1.6411764705882352,18.5,44.0,42.099999999999994,23.5,40.0,58.75,18.5,26.5,69.05,0.0,11.0,0.6784313725490196,4.5,21.5,0.2188888888888889,16.0,0.0,131.0,127.5,48.0,65.0,14.5,48.5,10.0,38.5,28.0,13.5,2.5953947368421053,16.0,42.0,37.95,32.5,52.0,62.629629629629626,14.5,22.0,67.45,0.0,8.5,0.7368421052631579,5.5,23.0,0.24053030303030304,13.5,0.0,151.5
95,116,2025-10-27,1,1,2025-26,Detroit Pistons,Cleveland Cavaliers,115.0,32.0,61.333333333333336,21.666666666666668,49.666666666666664,15.666666666666666,34.0,25.666666666666668,14.666666666666666,1.9064814814814814,10.666666666666666,32.333333333333336,32.233333333333334,30.666666666666668,61.0,50.38097275904403,21.666666666666668,28.333333333333332,74.43333333333334,0.0,7.0,0.5236111111111111,8.666666666666666,28.0,0.30266654307254975,14.666666666666666,0.0,132.66666666666666,120.0,49.0,49.333333333333336,21.666666666666668,37.333333333333336,7.666666666666667,29.666666666666668,25.333333333333332,16.333333333333332,1.5450980392156861,16.333333333333332,42.666666666666664,38.06666666666666,24.666666666666668,42.333333333333336,58.315602836879435,21.666666666666668,29.333333333333332,72.7,0.0,10.666666666666666,0.6483660130718955,3.6666666666666665,22.0,0.17491143317230273,16.333333333333332,0.0,129.0
138,134,2025-10-27,1,1,2025-26,Utah Jazz,Phoenix Suns,116.5,45.0,56.0,15.5,48.0,12.0,36.0,31.5,16.5,2.0865384615384617,15.0,42.5,35.15,28.0,44.0,63.82428940568475,15.5,18.5,84.1,0.0,8.5,0.573076923076923,3.5,18.5,0.17410714285714285,16.5,0.0,145.0,111.0,43.0,51.333333333333336,16.666666666666668,42.0,15.0,27.0,23.333333333333332,18.0,1.3050925925925927,14.333333333333334,43.666666666666664,32.46666666666667,25.666666666666668,47.333333333333336,53.825805459130095,16.666666666666668,21.666666666666668,77.73333333333333,0.0,8.666666666666666,0.4847222222222222,5.0,26.333333333333332,0.19264367816091954,18.0,0.0,116.0
136,124,2025-10-27,1,1,2025-26,Philadelphia 76ers,Orlando Magic,121.0,51.0,46.0,24.0,40.0,10.5,29.5,26.0,14.5,1.788095238095238,17.0,40.0,42.6,23.0,46.0,50.09469696969697,24.0,31.0,77.4,0.0,6.5,0.44047619047619047,4.5,24.0,0.18695652173913044,14.5,0.0,130.5,110.0,24.0,59.333333333333336,26.666666666666668,48.0,12.0,36.0,18.666666666666668,19.0,1.0292929292929294,8.0,28.333333333333332,27.166666666666668,29.666666666666668,56.666666666666664,52.92693909715186,26.666666666666668,35.0,76.53333333333333,0.0,7.666666666666667,0.41717171717171714,5.0,23.666666666666668,0.22179487179487178,19.0,0.0,114.66666666666667
114,127,2025-10-27,1,1,2025-26,Minnesota Timberwolves,Denver Nuggets,114.0,38.0,56.0,20.0,44.333333333333336,12.666666666666666,31.666666666666668,21.333333333333332,15.0,1.487468671679198,12.666666666666666,33.666666666666664,38.166666666666664,28.0,52.333333333333336,53.692343604108316,20.0,27.333333333333332,73.63333333333333,0.0,7.666666666666667,0.5008354218880534,5.666666666666667,26.666666666666668,0.2075351213282248,15.0,0.0,125.33333333333333,132.0,37.5,69.0,25.5,43.0,9.0,34.0,31.5,14.5,2.199519230769231,12.5,35.5,34.5,34.5,54.0,63.89365351629502,25.5,28.0,91.7,0.0,11.0,0.7451923076923077,2.5,22.5,0.11264822134387352,14.5,0.0,160.5
108,122,2025-10-27,1,1,2025-26,Los Angeles Lakers,Portland Trail Blazers,121.33333333333333,28.0,65.33333333333333,28.0,41.333333333333336,8.0,33.333333333333336,25.0,16.333333333333332,1.6153594771241828,9.333333333333334,28.666666666666668,32.800000000000004,32.666666666666664,49.0,67.3773192922129,28.0,35.333333333333336,77.03333333333332,0.0,7.333333333333333,0.4598039215686274,2.6666666666666665,19.333333333333332,0.14056956115779645,16.333333333333332,0.0,138.33333333333334,120.0,40.0,53.333333333333336,26.666666666666668,39.666666666666664,11.666666666666666,28.0,26.333333333333332,17.0,1.5471491228070178,13.333333333333334,39.0,34.96666666666666,26.666666666666668,52.666666666666664,50.21394150880692,26.666666666666668,31.333333333333332,85.76666666666665,0.0,11.666666666666666,0.6864035087719298,3.3333333333333335,22.0,0.15009337068160597,17.0,0.0,127.66666666666667
121,103,2025-10-27,1,1,2025-26,San Antonio Spurs,Toronto Raptors,121.0,33.0,67.33333333333333,20.666666666666668,51.333333333333336,14.0,37.333333333333336,23.0,16.333333333333332,1.416374269005848,11.0,30.0,38.199999999999996,33.666666666666664,57.666666666666664,57.93652060552851,20.666666666666668,30.0,67.96666666666665,0.0,7.666666666666667,0.48304093567251466,8.0,24.666666666666668,0.3168947933440687,16.333333333333332,0.0,142.33333333333334,127.66666666666667,30.0,76.66666666666667,21.0,46.0,12.0,34.0,31.333333333333332,17.0,1.8399122807017543,10.0,28.333333333333332,34.699999999999996,38.333333333333336,65.0,58.58368257235987,21.0,28.333333333333332,74.46666666666667,0.0,10.0,0.5921052631578947,3.0,26.666666666666668,0.11840757808499743,17.0,0.0,148.66666666666666
131,118,2025-10-27,1,1,2025-26,Golden State Warriors,Memphis Grizzlies,125.0,51.0,48.0,26.0,41.333333333333336,10.333333333333334,31.0,28.666666666666668,17.666666666666668,2.0509941520467834,17.0,41.666666666666664,40.96666666666667,24.0,44.0,54.013238223764546,26.0,31.0,83.43333333333334,0.0,11.0,0.7428460038986354,3.3333333333333335,21.666666666666668,0.15733726150392816,17.666666666666668,0.0,142.0,123.33333333333333,39.0,56.0,28.333333333333332,43.0,9.333333333333334,33.666666666666664,26.666666666666668,14.333333333333334,2.5977124183006537,13.0,40.333333333333336,32.36666666666667,28.0,50.333333333333336,56.58914728682171,28.333333333333332,34.333333333333336,82.93333333333334,0.0,6.333333333333333,0.5647058823529412,6.666666666666667,23.333333333333332,0.26871253368531045,14.333333333333334,0.0,136.0
94,101,2025-10-27,1,1,2025-26,Dallas Mavericks,Oklahoma City Thunder,112.66666666666667,29.0,60.0,23.666666666666668,44.666666666666664,10.0,34.666666666666664,25.0,19.0,1.315079365079365,9.666666666666666,27.0,36.93333333333333,30.0,58.333333333333336,51.71077766302843,23.666666666666668,30.666666666666668,77.66666666666667,0.0,9.333333333333334,0.4787698412698413,5.0,23.0,0.21912955465587045,19.0,0.0,125.0,127.66666666666667,37.0,63.333333333333336,27.333333333333332,49.333333333333336,11.666666666666666,37.666666666666664,22.333333333333332,13.0,1.7487789987789988,12.333333333333334,41.333333333333336,30.466666666666665,31.666666666666668,56.0,56.749084249084255,27.333333333333332,31.666666666666668,85.89999999999999,0.0,10.333333333333334,0.8095238095238096,3.0,26.333333333333332,0.12221631519877134,13.0,0.0,142.0
128,123,2025-10-27,1,1,2025-26,Chicago Bulls,Atlanta Hawks,112.5,31.5,57.0,24.0,48.0,10.5,37.5,27.5,19.0,1.4555555555555557,10.5,28.5,36.85,28.5,56.5,50.45426065162907,24.0,30.5,78.6,0.0,9.5,0.4916666666666667,5.0,24.5,0.21237458193979933,19.0,0.0,131.0,109.66666666666667,34.0,53.333333333333336,22.333333333333332,40.0,10.666666666666666,29.333333333333332,25.333333333333332,16.333333333333332,1.5526960784313726,11.333333333333334,34.333333333333336,32.4,26.666666666666668,52.333333333333336,50.3806700545831,22.333333333333332,28.666666666666668,76.06666666666666,0.0,7.666666666666667,0.4705882352941176,5.333333333333333,22.666666666666668,0.23516218081435472,16.333333333333332,0.0,116.66666666666667
90,122,2025-10-27,1,1,2025-26,New Orleans Pelicans,Boston Celtics,119.0,30.0,67.0,22.0,46.0,16.5,29.5,22.0,15.0,1.4666666666666668,10.0,29.5,34.15,33.5,68.0,49.26327193932828,22.0,30.0,73.45,0.0,10.0,0.6666666666666666,3.5,25.5,0.1380952380952381,15.0,0.0,123.5,108.0,41.0,50.0,17.0,39.0,10.0,29.0,17.333333333333332,13.0,1.3529040404040404,13.666666666666666,44.0,31.0,25.0,45.0,55.38399570354458,17.0,21.666666666666668,76.73333333333333,0.0,9.333333333333334,0.7260101010101009,6.333333333333333,26.333333333333332,0.2435164835164835,13.0,0.0,112.0
137,109,2025-10-27,1,1,2025-26,Houston Rockets,Brooklyn Nets,117.5,31.5,54.0,32.0,48.5,16.5,32.0,19.0,19.5,0.9957142857142858,10.5,30.5,36.849999999999994,27.0,59.5,45.61899378179763,32.0,39.5,82.1,0.0,10.0,0.62,3.5,25.0,0.13782051282051283,19.5,0.0,119.0,116.0,49.0,48.666666666666664,18.333333333333332,36.666666666666664,11.0,25.666666666666668,25.666666666666668,16.333333333333332,1.6013071895424835,16.333333333333332,45.0,36.4,24.333333333333332,45.333333333333336,53.185170464582235,18.333333333333332,21.666666666666668,89.76666666666667,0.0,8.666666666666666,0.5568627450980392,1.0,28.666666666666668,0.03571428571428571,16.333333333333332,0.0,118.66666666666667
98,79,2025-10-28,1,1,2025-26,Golden State Warriors,LA Clippers,126.5,52.5,48.5,25.5,40.75,9.5,31.25,30.5,17.25,2.1007456140350875,17.5,42.0,41.775,24.25,43.0,56.13492866782341,25.5,30.75,82.575,0.0,10.0,0.6665095029239766,3.75,22.25,0.17008627946127947,17.25,0.0,145.75,117.0,42.0,57.333333333333336,17.666666666666668,43.0,10.666666666666666,32.333333333333336,28.666666666666668,19.333333333333332,1.5447368421052632,14.0,35.0,41.666666666666664,28.666666666666668,46.333333333333336,61.715928330758324,17.666666666666668,20.666666666666668,86.0,0.0,10.333333333333334,0.5410818713450293,6.333333333333333,22.333333333333332,0.2817228255824747,19.333333333333332,0.0,144.33333333333334
144,117,2025-10-28,1,1,2025-26,Miami Heat,Charlotte Hornets,127.33333333333333,44.0,62.0,21.333333333333332,51.333333333333336,12.0,39.333333333333336,28.333333333333332,18.333333333333332,1.543640350877193,14.666666666666666,37.333333333333336,38.96666666666667,31.0,54.666666666666664,56.518399786281975,21.333333333333332,26.666666666666668,79.66666666666667,0.0,10.333333333333334,0.5537280701754386,3.0,23.0,0.12178571428571427,18.333333333333332,0.0,150.33333333333334,132.0,48.0,60.0,24.0,49.0,12.666666666666666,36.333333333333336,31.0,15.333333333333334,2.0686274509803924,16.0,38.666666666666664,41.6,30.0,51.666666666666664,58.03782505910166,24.0,32.333333333333336,73.63333333333333,0.0,7.666666666666667,0.5490196078431372,4.0,22.333333333333332,0.18846153846153846,15.333333333333334,0.0,155.66666666666666
121,111,2025-10-28,1,1,2025-26,Milwaukee Bucks,New York Knicks,122.66666666666667,45.0,61.333333333333336,16.333333333333332,44.666666666666664,9.666666666666666,35.0,27.0,15.0,2.1932261208577,15.0,39.0,38.43333333333333,30.666666666666668,50.0,61.31830381105743,16.333333333333332,24.0,68.76666666666667,0.0,9.666666666666666,0.7134502923976608,5.666666666666667,24.0,0.23727661227661226,15.0,0.0,143.66666666666666,110.33333333333333,46.0,41.333333333333336,23.0,51.0,15.333333333333334,35.666666666666664,22.666666666666668,16.666666666666668,1.3863095238095238,15.333333333333334,46.333333333333336,33.53333333333333,20.666666666666668,43.666666666666664,47.099039172209906,23.0,27.333333333333332,83.43333333333334,0.0,8.0,0.4946428571428571,3.6666666666666665,21.333333333333332,0.17806905370843987,16.666666666666668,0.0,120.66666666666667
107,101,2025-10-28,1,1,2025-26,Oklahoma City Thunder,Sacramento Kings,121.0,32.25,65.5,23.25,50.75,11.0,39.75,22.0,13.0,1.7154304029304028,10.75,38.5,27.849999999999998,32.75,57.0,57.56181318681319,23.25,27.0,85.575,0.0,9.0,0.7032967032967034,3.5,25.5,0.146010062486035,13.0,0.0,137.5,113.66666666666667,41.0,60.666666666666664,12.0,36.666666666666664,9.0,27.666666666666668,24.666666666666668,14.0,1.767628205128205,13.666666666666666,33.0,41.06666666666666,30.333333333333332,59.666666666666664,50.60594352683602,12.0,18.666666666666668,65.5,0.0,11.0,0.7836538461538461,6.0,22.0,0.2768712768712769,14.0,0.0,122.66666666666667
134,139,2025-10-28,1,1,2025-26,Washington Wizards,Philadelphia 76ers,116.66666666666667,42.0,57.333333333333336,17.333333333333332,48.0,10.0,38.0,25.0,15.0,1.6747109100050277,14.0,37.333333333333336,37.199999999999996,28.666666666666668,55.666666666666664,51.43994244871438,17.333333333333332,24.333333333333332,70.3,0.0,7.0,0.45500251382604323,5.333333333333333,23.333333333333332,0.23066926575698501,15.0,0.0,129.66666666666666,126.0,48.0,53.333333333333336,24.666666666666668,39.666666666666664,11.666666666666666,28.0,25.666666666666668,12.0,2.3825396825396825,16.0,37.666666666666664,42.53333333333333,26.666666666666668,52.0,51.10479797979798,24.666666666666668,31.333333333333332,78.7,0.0,6.0,0.5317460317460317,6.0,25.0,0.2357487922705314,12.0,0.0,137.66666666666666
113,114,2025-10-29,1,1,2025-26,Phoenix Suns,Memphis Grizzlies,116.75,47.25,51.0,18.5,43.5,15.75,27.75,26.75,17.0,1.63953373015873,15.75,46.5,33.45,25.5,48.25,52.62425605513189,18.5,24.0,77.65,0.0,9.75,0.5956845238095239,5.75,27.0,0.21344827586206896,17.0,0.0,126.5,122.0,38.25,56.0,27.75,42.0,8.75,33.25,28.0,14.0,2.563668929110106,12.75,40.0,31.974999999999998,28.0,50.0,56.72757475083056,27.75,32.75,85.425,0.0,6.75,0.5773755656108597,5.75,22.5,0.23903440026398284,14.0,0.0,136.25
134,136,2025-10-29,1,1,2025-26,Utah Jazz,Portland Trail Blazers,123.66666666666667,46.0,56.0,21.666666666666668,53.333333333333336,17.333333333333332,36.0,30.0,17.333333333333332,1.8647098515519567,15.333333333333334,44.666666666666664,34.333333333333336,28.0,49.0,58.368735310004524,21.666666666666668,24.333333333333332,87.53333333333335,0.0,8.333333333333334,0.5224021592442645,3.6666666666666665,21.333333333333332,0.1654541446208113,17.333333333333332,0.0,148.66666666666666,120.5,40.5,56.5,23.5,42.0,13.5,28.5,25.75,17.5,1.4761513157894737,13.5,40.0,34.375,28.25,54.5,51.41045613160519,23.5,27.25,87.65,0.0,11.75,0.6726973684210527,4.75,20.75,0.2449229691876751,17.5,0.0,130.75
135,116,2025-10-29,1,1,2025-26,Detroit Pistons,Orlando Magic,110.0,32.25,57.0,20.75,49.25,15.75,33.5,24.25,17.5,1.6221688034188033,10.75,32.75,32.275,28.5,59.0,48.16308805984906,20.75,28.0,72.5,0.0,8.25,0.5080929487179487,7.5,28.25,0.261482665925102,17.5,0.0,122.0,113.5,24.0,63.0,26.5,46.75,12.25,34.5,20.75,17.5,1.2912004662004661,8.0,27.5,28.375,31.5,56.75,55.92327449830249,26.5,35.75,74.5,0.0,6.75,0.3898018648018648,5.5,23.25,0.2458916083916084,17.5,0.0,121.75
121,139,2025-10-29,1,1,2025-26,Toronto Raptors,Houston Rockets,121.5,31.5,70.0,20.0,39.5,9.25,30.25,30.75,16.5,1.863267543859649,10.5,29.25,35.4,35.0,60.5,57.23563426969544,20.0,27.0,74.325,0.0,9.75,0.594078947368421,3.25,25.75,0.1322839444333133,16.5,0.0,137.0,124.0,37.0,58.0,29.0,45.333333333333336,14.0,31.333333333333332,23.666666666666668,16.333333333333332,1.763809523809524,12.333333333333334,31.0,41.23333333333333,29.0,57.333333333333336,51.16737950233048,29.0,35.0,84.23333333333333,0.0,10.0,0.7466666666666667,3.6666666666666665,24.0,0.1524864024864025,16.333333333333332,0.0,137.33333333333334
112,117,2025-10-29,1,1,2025-26,Brooklyn Nets,Atlanta Hawks,114.25,48.0,49.5,16.75,36.75,12.0,24.75,24.75,15.75,1.5938375350140057,16.0,43.75,36.675,24.75,45.5,54.019312631045366,16.75,20.75,84.0,0.0,7.25,0.471218487394958,0.75,27.5,0.026785714285714284,15.75,0.0,115.5,113.0,33.75,59.0,20.25,39.0,10.0,29.0,27.0,13.75,2.497855392156863,11.25,33.75,32.9,29.5,55.75,52.17944193487672,20.25,26.5,74.55,0.0,7.75,0.6862745098039216,4.25,21.25,0.19107751796370723,13.75,0.0,122.25
126,113,2025-10-29,1,1,2025-26,Chicago Bulls,Sacramento Kings,117.66666666666667,37.0,59.333333333333336,21.333333333333332,49.0,11.0,38.0,29.333333333333332,18.666666666666668,1.5814814814814815,12.333333333333334,33.333333333333336,36.96666666666667,29.666666666666668,54.0,55.404881250745916,21.333333333333332,27.333333333333332,77.8,0.0,8.0,0.42037037037037034,4.666666666666667,23.0,0.20824972129319955,18.666666666666668,0.0,138.66666666666666,110.5,38.25,58.5,13.75,39.0,9.0,30.0,23.75,14.75,1.6345446832579187,12.75,32.0,39.425,29.25,58.75,49.56160050226987,13.75,19.25,71.75,0.0,11.0,0.7495050904977376,5.25,20.5,0.25452845765345766,14.75,0.0,120.5
122,88,2025-10-29,1,1,2025-26,Denver Nuggets,New Orleans Pelicans,130.33333333333334,38.0,68.0,24.333333333333332,44.0,9.333333333333334,34.666666666666664,29.0,14.333333333333334,2.0377747252747254,12.666666666666666,32.333333333333336,39.666666666666664,34.0,56.666666666666664,60.33770449473431,24.333333333333332,27.0,90.46666666666665,0.0,9.0,0.6158424908424909,3.0,23.0,0.13065436978480457,14.333333333333334,0.0,156.0,109.33333333333333,29.0,57.333333333333336,23.0,42.333333333333336,14.666666666666666,27.666666666666668,20.333333333333332,14.666666666666666,1.3825396825396823,9.666666666666666,31.666666666666668,31.099999999999998,28.666666666666668,61.333333333333336,46.03662573732996,23.0,29.333333333333332,78.73333333333333,0.0,9.0,0.611111111111111,2.3333333333333335,23.333333333333332,0.09206349206349207,14.666666666666666,0.0,107.66666666666667
107,105,2025-10-29,1,1,2025-26,Dallas Mavericks,Indiana Pacers,108.0,30.75,55.5,21.75,42.5,9.0,33.5,23.75,16.5,1.5418650793650794,10.25,30.0,35.4,27.75,55.75,49.72058324727132,21.75,28.5,76.42500000000001,0.0,8.5,0.5257440476190476,4.75,21.0,0.2310138326585695,16.5,0.0,116.5,116.0,41.0,53.333333333333336,21.666666666666668,49.333333333333336,12.666666666666666,36.666666666666664,23.333333333333332,14.666666666666666,1.611613876319759,13.666666666666666,41.0,33.4,26.666666666666668,54.0,49.04779115947454,21.666666666666668,30.0,71.86666666666667,0.0,5.0,0.33139409609997844,4.666666666666667,28.333333333333332,0.17712951046284378,14.666666666666666,0.0,120.66666666666667
125,105,2025-10-29,1,1,2025-26,Boston Celtics,Cleveland Cavaliers,111.5,44.25,51.5,15.75,42.75,11.5,31.25,19.25,12.75,1.5355113636363638,14.75,46.25,31.75,25.75,44.25,58.20466344432509,15.75,20.0,77.55,0.0,8.25,0.6486742424242424,6.5,25.75,0.2555540293040293,12.75,0.0,121.25,119.0,45.0,51.0,23.0,40.0,8.75,31.25,25.25,17.25,1.4713235294117646,15.0,40.75,36.4,25.5,44.25,57.736702127659576,23.0,30.75,73.8,0.0,10.75,0.6237745098039216,3.75,22.75,0.17118357487922706,17.25,0.0,129.25
115,116,2025-10-29,1,1,2025-26,Minnesota Timberwolves,Los Angeles Lakers,114.0,36.0,57.0,21.0,41.5,11.25,30.25,20.75,15.0,1.4322681704260654,12.0,33.25,36.45,28.5,52.5,54.42020109930765,21.0,27.75,75.925,0.0,7.75,0.5089598997493734,6.5,25.5,0.25792406826889586,15.0,0.0,123.5,118.0,26.25,65.5,26.25,41.5,9.0,32.5,24.5,18.5,1.4415196078431372,8.75,28.25,31.075,32.75,51.5,64.5160403166173,26.25,33.0,77.975,0.0,8.25,0.45485294117647057,3.25,19.25,0.17121664455255786,18.5,0.0,132.0
120,110,2025-10-30,1,1,2025-26,Milwaukee Bucks,Golden State Warriors,122.25,44.25,60.5,17.5,43.0,8.25,34.75,27.0,14.5,2.164150359874044,14.75,37.75,39.125,30.25,48.75,62.09983896940419,17.5,24.0,73.45,0.0,9.0,0.6697031039136302,6.25,23.25,0.27319555444555443,14.5,0.0,145.0,120.8,52.2,47.6,21.0,41.0,9.6,31.4,29.2,16.4,2.0498272604588395,17.4,42.6,40.980000000000004,23.8,42.6,55.6396502513319,21.0,25.4,81.06,0.0,10.2,0.7024383715699505,3.6,20.8,0.17606902356902357,16.4,0.0,140.0
107,101,2025-10-30,1,1,2025-26,San Antonio Spurs,Miami Heat,121.0,34.5,63.5,23.0,49.5,12.25,37.25,24.5,17.5,1.4075187969924812,11.5,29.25,40.675,31.75,53.25,59.70239045414638,23.0,31.5,71.8,0.0,8.5,0.4932330827067669,6.75,22.75,0.28178874206687504,17.5,0.0,145.0,131.5,48.0,62.5,21.0,47.75,11.0,36.75,29.75,16.5,1.9304575358851674,16.0,39.25,40.325,31.25,53.75,58.075074349515404,21.0,25.5,82.475,0.0,9.75,0.5971142344497608,2.75,21.25,0.1225892857142857,16.5,0.0,154.75
127,108,2025-10-30,1,1,2025-26,Oklahoma City Thunder,Washington Wizards,118.2,34.2,63.6,20.4,49.4,10.8,38.6,22.8,13.4,1.719010989010989,11.4,39.6,28.639999999999997,31.8,55.2,57.71611721611722,20.4,23.6,86.46000000000001,0.0,9.4,0.7093040293040292,4.8,24.2,0.22207120788356485,13.4,0.0,136.4,121.0,44.25,60.0,16.75,48.5,10.75,37.75,27.0,15.25,1.7716581825037707,14.75,38.75,37.775,30.0,57.75,51.861206836535786,16.75,23.5,70.575,0.0,7.75,0.49750188536953244,5.25,25.0,0.21466861598440545,15.25,0.0,135.75
107,123,2025-10-30,1,1,2025-26,Charlotte Hornets,Orlando Magic,128.25,49.5,56.0,22.75,47.0,11.75,35.25,29.75,16.0,1.9125816993464053,16.5,40.25,41.2,28.0,50.0,55.75059101654846,22.75,30.0,75.875,0.0,8.0,0.5367647058823529,3.75,21.25,0.1830128205128205,16.0,0.0,147.75,114.0,26.4,60.8,26.8,46.0,12.8,33.2,21.0,17.4,1.2917839023721378,8.8,28.2,30.439999999999998,30.4,55.8,54.73861959864199,26.8,36.6,73.6,0.0,6.4,0.37066502125325657,5.4,24.0,0.23375032375032373,17.4,0.0,120.8
112,117,2025-10-31,1,1,2025-26,Memphis Grizzlies,Los Angeles Lakers,120.4,39.6,56.4,24.4,41.8,8.8,33.0,28.6,14.6,2.4156410256410257,13.2,39.6,33.48,28.2,51.0,55.927514346119,24.4,28.8,85.26,0.0,7.8,0.6030769230769231,5.2,21.4,0.22652163785824508,14.6,0.0,135.6,117.6,27.6,66.0,24.0,41.2,9.4,31.8,26.4,18.6,1.511110423116615,9.2,28.8,31.96,33.0,51.6,64.68975533021691,24.0,30.8,76.02000000000001,0.0,7.8,0.42704024767801857,3.6,19.8,0.18242786109659176,18.6,0.0,133.0
109,107,2025-10-31,1,1,2025-26,Portland Trail Blazers,Denver Nuggets,123.6,45.0,55.2,23.4,41.4,13.6,27.8,27.4,17.6,1.5586988304093565,15.0,43.0,35.14,27.6,51.8,53.32348685650366,23.4,27.2,87.16,0.0,12.2,0.6937134502923976,4.8,23.2,0.22624140565317036,17.6,0.0,135.8,128.25,39.0,68.0,21.25,47.0,10.25,36.75,31.75,14.25,2.242616758241758,13.0,34.75,38.075,34.0,54.5,62.96161170438407,21.25,23.75,89.275,0.0,8.25,0.5690247252747253,3.25,23.0,0.14146903820816864,14.25,0.0,159.5
118,96,2025-10-31,1,1,2025-26,Phoenix Suns,Utah Jazz,116.0,47.4,50.8,17.8,42.8,14.2,28.6,26.4,17.8,1.5497222222222222,15.8,45.2,34.760000000000005,25.4,47.8,52.96897006149682,17.8,22.6,79.76,0.0,10.0,0.5813095238095238,5.4,25.6,0.21075862068965517,17.8,0.0,126.2,126.25,42.75,57.0,26.5,51.5,17.0,34.5,30.0,18.5,1.7394414795730584,14.25,42.25,33.6,28.5,49.0,59.08267393148299,26.5,30.5,86.575,0.0,8.75,0.505437983069562,4.5,22.0,0.19700727513227512,18.5,0.0,150.0
108,109,2025-10-31,1,1,2025-26,Philadelphia 76ers,Boston Celtics,129.25,48.75,54.0,26.5,43.5,13.25,30.25,25.75,12.5,2.251190476190476,16.25,38.75,42.025,27.0,53.5,50.397564002089865,26.5,32.75,80.65,0.0,6.25,0.5238095238095238,7.25,24.0,0.30776397515527953,12.5,0.0,144.25,114.2,48.0,49.6,16.6,44.8,12.8,32.0,21.2,12.2,1.808409090909091,16.0,48.4,32.760000000000005,24.8,43.0,57.61636233440745,16.6,20.8,78.7,0.0,8.8,0.738939393939394,5.8,24.4,0.2360221708116445,12.2,0.0,127.8
101,112,2025-10-31,1,1,2025-26,Cleveland Cavaliers,Toronto Raptors,116.2,46.2,48.0,22.0,40.4,9.2,31.2,25.2,16.6,1.534201680672269,15.4,43.0,35.660000000000004,24.0,42.4,56.47507598784195,22.0,29.4,74.03999999999999,0.0,9.8,0.5847338935574229,3.8,22.6,0.17331049626701803,16.6,0.0,125.4,121.4,37.8,64.8,18.8,36.0,8.2,27.8,30.4,15.2,2.0706140350877194,12.6,31.4,38.82,32.4,57.4,55.56628519353412,18.8,25.4,74.2,0.0,9.0,0.5952631578947368,3.0,25.8,0.12121177093126603,15.2,0.0,134.2
126,124,2025-10-31,1,1,2025-26,LA Clippers,New Orleans Pelicans,107.5,36.0,55.0,16.5,44.0,11.25,32.75,24.0,18.5,1.3148026315789474,12.0,34.5,35.800000000000004,27.5,47.0,58.53184420725242,16.5,19.5,84.825,0.0,9.5,0.5151864035087719,5.25,18.0,0.311292119186856,18.5,0.0,126.75,104.0,27.0,55.5,21.5,40.75,14.25,26.5,19.5,14.5,1.3404761904761904,9.0,32.25,28.475,27.75,58.75,46.78237126378178,21.5,29.25,73.7,0.0,9.0,0.6190476190476191,2.5,21.25,0.11904761904761904,14.5,0.0,99.25
135,125,2025-10-31,1,1,2025-26,Chicago Bulls,New York Knicks,119.75,38.25,62.0,19.5,48.25,11.25,37.0,30.5,18.0,1.7173611111111111,12.75,33.0,38.675,31.0,55.25,56.38416941263571,19.5,25.0,77.8,0.0,7.5,0.40902777777777777,4.0,22.25,0.18118729096989966,18.0,0.0,142.0,110.5,44.25,44.0,22.25,49.5,15.75,33.75,23.0,15.75,1.5012706043956043,14.75,44.75,33.275,22.0,45.75,47.82427937915743,22.25,26.25,84.325,0.0,8.25,0.5440590659340659,3.25,21.25,0.15736131409085374,15.75,0.0,121.0
108,128,2025-10-31,1,1,2025-26,Indiana Pacers,Atlanta Hawks,113.25,40.5,52.0,20.75,50.0,14.25,35.75,22.5,14.5,1.5658532643826761,13.5,42.0,32.275,26.0,55.75,46.6219089433764,20.75,29.5,69.975,0.0,5.75,0.3914027149321267,5.25,28.5,0.19319196043333975,14.5,0.0,115.25,113.8,34.8,59.6,19.4,40.0,10.6,29.4,28.2,12.6,2.82328431372549,11.6,33.6,34.2,29.8,56.6,52.076886881234714,19.4,25.6,74.17999999999999,0.0,8.4,0.8240196078431372,5.0,22.2,0.2144004759094273,12.6,0.0,127.8
105,122,2025-11-01,1,1,2025-26,Charlotte Hornets,Minnesota Timberwolves,124.0,46.2,57.2,20.6,45.8,11.8,34.0,28.6,17.0,1.758636788048553,15.4,38.2,40.3,28.6,50.6,56.29858602078593,20.6,27.0,76.7,0.0,7.4,0.47703081232492994,4.2,21.4,0.2009557109557109,17.0,0.0,141.8,114.2,37.8,56.0,20.4,40.0,10.8,29.2,22.6,15.6,1.4791478696741855,12.6,32.6,39.160000000000004,28.0,52.4,53.536160879446115,20.4,26.6,77.1,0.0,7.8,0.49605680868838764,6.2,25.0,0.24981751548468192,15.6,0.0,124.6
114,109,2025-11-01,1,1,2025-26,Indiana Pacers,Golden State Warriors,112.2,40.2,50.4,21.6,49.8,15.0,34.8,22.6,14.0,1.6360159448394742,13.4,43.0,31.360000000000003,25.2,55.0,45.75906561623958,21.6,30.2,71.14,0.0,5.8,0.41312217194570133,4.8,26.0,0.1920535683466718,14.0,0.0,113.2,119.0,50.0,47.333333333333336,21.666666666666668,41.5,9.5,32.0,28.166666666666668,17.333333333333332,1.8824318079581237,16.666666666666668,41.833333333333336,39.85,23.666666666666668,43.333333333333336,54.52240357823757,21.666666666666668,25.5,83.58333333333333,0.0,9.833333333333334,0.645971370247686,4.0,20.166666666666668,0.20554771571928435,17.333333333333332,0.0,136.5
94,125,2025-11-01,1,1,2025-26,Washington Wizards,Orlando Magic,118.4,45.6,56.4,16.4,48.6,11.0,37.6,26.6,16.8,1.6347178503508428,15.2,39.0,38.72,28.2,55.0,51.03442001468317,16.4,22.2,74.1,0.0,6.8,0.4240884648173651,5.4,25.2,0.21788873894137054,16.8,0.0,132.6,115.5,30.0,60.333333333333336,25.166666666666668,44.666666666666664,13.0,31.666666666666668,22.333333333333332,16.666666666666668,1.4482814571049865,10.0,29.833333333333332,32.38333333333333,30.166666666666668,54.666666666666664,55.47946191043295,25.166666666666668,34.333333333333336,73.64999999999999,0.0,7.0,0.4370926459161753,5.666666666666667,23.166666666666668,0.25619544523053295,16.666666666666668,0.0,125.0
133,135,2025-11-01,1,1,2025-26,Milwaukee Bucks,Sacramento Kings,121.8,46.8,59.2,15.8,41.2,8.0,33.2,26.6,14.8,2.0438202878992353,15.6,39.4,39.559999999999995,29.6,49.0,60.47987117552335,15.8,21.8,72.6,0.0,8.6,0.6232624831309042,5.4,23.0,0.2367382617382617,14.8,0.0,139.6,111.0,34.8,61.2,15.0,37.4,8.2,29.2,24.6,13.8,1.8676357466063347,11.6,31.2,36.54,30.6,57.8,52.98261373514923,15.0,20.6,72.78,0.0,10.8,0.7996040723981901,4.6,19.8,0.22715217788747202,13.8,0.0,122.2
101,128,2025-11-01,1,1,2025-26,Boston Celtics,Houston Rockets,113.33333333333333,47.0,51.333333333333336,15.0,44.833333333333336,13.333333333333334,31.5,22.0,11.833333333333334,1.9403409090909092,15.666666666666666,47.833333333333336,32.483333333333334,25.666666666666668,45.166666666666664,56.9422067072443,15.0,19.333333333333332,75.3,0.0,8.666666666666666,0.7491161616161617,6.0,24.333333333333332,0.2452962534541482,11.833333333333334,0.0,127.0,127.75,37.5,62.0,28.25,47.25,14.75,32.5,25.5,16.5,1.7787394957983194,12.5,30.75,41.75,31.0,57.25,54.60360480218647,28.25,34.75,82.3,0.0,9.75,0.6923529411764706,4.75,22.0,0.23936480186480186,16.5,0.0,147.5
117,109,2025-11-02,1,1,2025-26,Cleveland Cavaliers,Atlanta Hawks,113.66666666666667,45.5,47.333333333333336,20.833333333333332,40.666666666666664,10.166666666666666,30.5,25.0,16.166666666666668,1.5642156862745098,15.166666666666666,43.5,34.78333333333333,23.666666666666668,42.666666666666664,55.39589665653495,20.833333333333332,28.333333333333332,72.56666666666666,0.0,9.833333333333334,0.6063258636788048,4.833333333333333,21.333333333333332,0.2555365246669595,16.166666666666668,0.0,123.0,116.16666666666667,34.0,63.333333333333336,18.833333333333332,42.5,10.833333333333334,31.666666666666668,28.5,12.166666666666666,2.852736928104575,11.333333333333334,33.0,34.050000000000004,31.666666666666668,57.833333333333336,54.074489067695595,18.833333333333332,24.666666666666668,75.14999999999999,0.0,8.666666666666666,0.8533496732026143,5.0,22.333333333333332,0.21489894731582712,12.166666666666666,0.0,135.0
130,120,2025-11-02,1,1,2025-26,Los Angeles Lakers,Miami Heat,117.5,29.5,63.666666666666664,24.333333333333332,41.0,8.666666666666666,32.333333333333336,26.0,18.0,1.5259253525971792,9.833333333333334,30.333333333333332,32.333333333333336,31.833333333333332,49.333333333333336,65.31163821377726,24.333333333333332,31.166666666666668,76.48333333333333,0.0,7.833333333333333,0.44475576195390437,3.5,19.166666666666668,0.18327321758049311,18.0,0.0,133.0,125.4,47.4,59.6,18.4,46.4,9.8,36.6,29.6,16.0,1.9586517429938481,15.8,39.0,40.160000000000004,29.8,53.4,55.69082871038155,18.4,22.6,80.52000000000001,0.0,9.0,0.5634056732740943,2.6,21.0,0.11807142857142856,16.0,0.0,146.0
105,129,2025-11-02,1,1,2025-26,Brooklyn Nets,Philadelphia 76ers,113.8,45.0,51.2,17.6,38.8,12.6,26.2,24.4,15.8,1.5625700280112045,15.0,42.4,35.28,25.6,46.6,54.58799912444414,17.6,22.0,82.76,0.0,6.6,0.4269747899159664,1.4,25.4,0.0684873949579832,15.8,0.0,116.4,125.0,46.8,52.8,25.4,42.8,12.4,30.4,26.0,13.6,2.100952380952381,15.6,37.8,41.260000000000005,26.4,51.6,51.227142110762806,25.4,32.0,79.0,0.0,6.2,0.48571428571428565,7.2,21.8,0.3539034878165313,13.6,0.0,139.6
128,116,2025-11-02,1,1,2025-26,New York Knicks,Chicago Bulls,113.4,46.2,46.0,21.2,47.4,15.0,32.4,23.8,15.0,1.6510164835164836,15.4,44.8,34.62,23.0,45.8,49.99855393810855,21.2,25.6,82.24,0.0,7.2,0.4852472527472528,3.6,22.0,0.165889051272683,15.0,0.0,123.8,122.8,40.8,60.8,21.2,46.8,10.2,36.6,30.6,16.2,2.062777777777778,13.6,33.8,40.12,30.4,53.6,57.022229147129835,21.2,27.0,78.24,0.0,7.6,0.505,4.4,22.2,0.19949528732137428,16.2,0.0,146.8
130,118,2025-11-02,1,1,2025-26,Phoenix Suns,San Antonio Spurs,116.33333333333333,48.0,51.0,17.333333333333332,43.0,13.166666666666666,29.833333333333332,27.0,16.833333333333332,1.7081018518518516,16.0,45.666666666666664,34.86666666666667,25.5,47.0,54.21832776442563,17.333333333333332,21.833333333333332,80.35000000000001,0.0,10.0,0.6233134920634921,5.5,25.5,0.21563218390804598,16.833333333333332,0.0,129.33333333333334,118.2,36.0,60.4,21.8,49.2,11.6,37.6,24.8,16.2,1.5987423103212577,12.0,31.6,39.36,30.2,51.6,58.428579029983766,21.8,29.8,72.22,0.0,8.8,0.5764046479835954,7.0,21.6,0.3195486407123236,16.2,0.0,142.8
137,106,2025-11-02,1,1,2025-26,Oklahoma City Thunder,New Orleans Pelicans,119.66666666666667,36.5,62.333333333333336,20.833333333333332,49.0,11.333333333333334,37.666666666666664,23.833333333333332,12.166666666666666,2.238064713064713,12.166666666666666,41.166666666666664,29.316666666666663,31.166666666666668,54.166666666666664,57.62057387057387,20.833333333333332,24.333333333333332,85.73333333333333,0.0,10.5,1.0355311355311356,5.333333333333333,22.666666666666668,0.2739482287918596,12.166666666666666,0.0,140.66666666666666,108.0,32.4,53.2,22.4,41.2,13.8,27.4,21.2,14.6,1.4457142857142857,10.8,33.2,32.5,26.6,56.2,46.99111440232978,22.4,29.2,76.9,0.0,8.8,0.6019047619047619,2.8,20.6,0.13968253968253969,14.6,0.0,108.6
117,104,2025-11-02,1,1,2025-26,Toronto Raptors,Memphis Grizzlies,119.83333333333333,38.0,63.0,18.833333333333332,38.0,8.5,29.5,29.833333333333332,15.666666666666666,1.9755116959064327,12.666666666666666,31.166666666666668,39.56666666666666,31.5,56.5,54.95908381512459,18.833333333333332,25.166666666666668,75.03333333333335,0.0,9.0,0.5793859649122807,3.1666666666666665,24.5,0.13804684614642537,15.666666666666666,0.0,134.33333333333334,119.0,40.0,56.0,23.0,41.833333333333336,9.5,32.333333333333336,28.5,14.0,2.4372766122766123,13.333333333333334,40.5,33.083333333333336,28.0,50.5,55.981261955099164,23.0,27.166666666666668,85.08333333333333,0.0,8.0,0.6389277389277389,4.333333333333333,22.0,0.18876803154853758,14.0,0.0,133.83333333333334
126,103,2025-11-02,1,1,2025-26,Charlotte Hornets,Utah Jazz,120.83333333333333,45.0,54.666666666666664,21.166666666666668,45.666666666666664,11.5,34.166666666666664,27.666666666666668,16.5,1.739340180516651,15.0,39.333333333333336,38.4,27.333333333333332,49.0,55.45207371650861,21.166666666666668,27.0,78.73333333333333,0.0,6.833333333333333,0.44514472455648924,4.166666666666667,20.5,0.2091297591297591,16.5,0.0,136.83333333333334,120.2,41.4,52.8,26.0,50.8,16.0,34.8,28.6,19.0,1.6106008027060656,13.8,41.2,33.36,26.4,47.8,55.6382321684422,26.0,30.8,84.26,0.0,7.8,0.44244562455088765,4.2,22.0,0.1848785473785474,19.0,0.0,139.0
106,114,2025-11-03,1,1,2025-26,Memphis Grizzlies,Detroit Pistons,116.85714285714286,39.0,55.714285714285715,22.142857142857142,41.714285714285715,9.714285714285714,32.0,27.857142857142858,13.857142857142858,2.352830502830503,13.0,39.714285714285715,32.84285714285714,27.857142857142858,50.714285714285715,55.40152123623884,22.142857142857142,26.142857142857142,85.07142857142857,0.0,7.714285714285714,0.6135864135864136,3.7142857142857144,21.428571428571427,0.1618011698987465,13.857142857142858,0.0,130.42857142857142,115.0,33.6,58.8,22.6,48.6,15.4,33.2,25.2,16.8,1.7120207570207568,11.2,32.6,33.94,29.4,59.4,49.35014257902678,22.6,29.2,75.64,0.0,8.8,0.5636172161172162,7.6,28.2,0.26632898988293874,16.8,0.0,130.4
115,123,2025-11-03,1,1,2025-26,Portland Trail Blazers,Los Angeles Lakers,121.16666666666667,43.0,55.0,23.166666666666668,41.666666666666664,14.0,27.666666666666668,27.166666666666668,16.833333333333332,1.6322490253411306,14.333333333333334,42.333333333333336,33.983333333333334,27.5,51.833333333333336,53.09008520093254,23.166666666666668,27.833333333333332,84.46666666666667,0.0,12.0,0.7191201829359724,4.833333333333333,23.333333333333332,0.22325672693319754,16.833333333333332,0.0,133.0,119.28571428571429,31.714285714285715,64.0,23.571428571428573,41.0,8.571428571428571,32.42857142857143,27.0,17.142857142857142,1.7007931593690109,10.571428571428571,32.57142857142857,32.371428571428574,32.0,49.285714285714285,65.60239543688196,23.571428571428573,30.0,77.35714285714286,0.0,8.714285714285714,0.5478858911985848,3.2857142857142856,20.142857142857142,0.16808034034371938,17.142857142857142,0.0,136.42857142857142
115,117,2025-11-03,1,1,2025-26,Indiana Pacers,Milwaukee Bucks,112.5,38.5,52.0,22.0,49.333333333333336,14.333333333333334,35.0,22.833333333333332,13.666666666666666,1.6966799540328952,12.833333333333334,41.333333333333336,31.183333333333334,26.0,55.166666666666664,47.06112610877108,22.0,29.833333333333332,73.56666666666666,0.0,6.0,0.44149069884364,4.5,24.833333333333332,0.18636042976257738,13.666666666666666,0.0,116.0,123.66666666666667,46.5,60.666666666666664,16.5,40.5,8.166666666666666,32.333333333333336,27.166666666666668,14.166666666666666,2.1577290277948173,15.5,38.166666666666664,40.78333333333333,30.333333333333332,49.166666666666664,61.73322597960279,16.5,23.333333333333332,71.25,0.0,8.0,0.5951429783666625,4.833333333333333,23.5,0.2101023976023976,14.166666666666666,0.0,141.66666666666666
119,102,2025-11-03,1,1,2025-26,New York Knicks,Washington Wizards,115.83333333333333,48.5,46.0,21.333333333333332,47.333333333333336,14.833333333333334,32.5,25.0,14.333333333333334,1.8455440392940392,16.166666666666668,44.333333333333336,36.78333333333333,23.0,47.0,48.89816601760618,21.333333333333332,25.0,85.2,0.0,7.166666666666667,0.5104333166833167,3.8333333333333335,20.333333333333332,0.20768532050501362,14.333333333333334,0.0,129.0,114.33333333333333,42.5,57.0,14.833333333333334,47.166666666666664,11.0,36.166666666666664,25.333333333333332,16.833333333333332,1.5485393850962905,14.166666666666666,37.0,37.81666666666667,28.5,57.666666666666664,49.570936866696066,14.833333333333334,21.0,69.53333333333333,0.0,6.833333333333333,0.42203450499486306,6.0,24.833333333333332,0.24679134042215659,16.833333333333332,0.0,124.66666666666667
103,105,2025-11-03,1,1,2025-26,Boston Celtics,Utah Jazz,111.57142857142857,46.285714285714285,51.42857142857143,13.857142857142858,43.57142857142857,13.428571428571429,30.142857142857142,22.285714285714285,11.571428571428571,2.0060064935064936,15.428571428571429,47.285714285714285,32.385714285714286,25.714285714285715,47.142857142857146,55.10300526480504,13.857142857142858,17.571428571428573,78.82857142857142,0.0,8.714285714285714,0.7706709956709956,5.428571428571429,24.428571428571427,0.22168250296069844,11.571428571428571,0.0,123.0,117.33333333333333,38.0,53.666666666666664,25.666666666666668,48.666666666666664,15.0,33.666666666666664,28.333333333333332,17.666666666666668,1.7512582446792972,12.666666666666666,39.666666666666664,31.45,26.833333333333332,49.166666666666664,54.99614585465422,25.666666666666668,30.5,84.01666666666667,0.0,7.666666666666667,0.4747652931863458,4.0,22.333333333333332,0.1748987894821228,17.666666666666668,0.0,134.16666666666666
119,120,2025-11-03,1,1,2025-26,LA Clippers,Miami Heat,111.2,37.8,56.4,17.0,42.6,11.0,31.6,24.8,17.2,1.5185087719298245,12.6,35.4,36.339999999999996,28.2,47.6,59.225475365801934,17.0,19.8,85.96000000000001,0.0,10.0,0.6121491228070175,5.4,18.2,0.3121915900863269,17.2,0.0,131.8,124.5,44.0,61.0,19.5,45.666666666666664,9.666666666666666,36.0,29.5,15.833333333333334,1.9544320080504292,14.666666666666666,38.0,38.016666666666666,30.5,53.0,57.520135036429075,19.5,24.833333333333332,78.66666666666667,0.0,8.666666666666666,0.5472825055061897,2.6666666666666665,20.833333333333332,0.12339285714285714,15.833333333333334,0.0,144.0
110,102,2025-11-03,1,1,2025-26,Houston Rockets,Dallas Mavericks,127.8,41.4,58.8,27.6,48.4,14.2,34.2,26.4,17.2,1.7229915966386553,13.8,30.4,46.5,29.4,55.4,53.26621717508251,27.6,34.8,80.12,0.0,9.0,0.6138823529411764,6.0,20.4,0.34863469863469865,17.2,0.0,150.6,107.8,27.6,56.8,23.4,43.4,8.6,34.8,23.2,17.0,1.454544695071011,9.2,28.8,32.480000000000004,28.4,55.6,51.04919387054433,23.4,30.2,77.36,0.0,7.6,0.46270050125313283,5.2,21.2,0.24844742976321924,17.0,0.0,116.6
130,124,2025-11-03,1,1,2025-26,Denver Nuggets,Sacramento Kings,124.0,34.8,67.2,22.0,46.8,10.2,36.6,29.2,15.2,1.9940934065934066,11.6,32.8,35.260000000000005,33.6,54.4,62.221141215359104,22.0,25.2,87.54,0.0,7.8,0.5183776749566223,4.0,22.6,0.17984189723320157,15.2,0.0,151.4,115.0,34.0,62.666666666666664,18.333333333333332,37.5,8.666666666666666,28.833333333333332,25.5,13.166666666666666,2.0563631221719456,11.333333333333334,30.666666666666668,36.4,31.333333333333332,58.0,54.03918376234187,18.333333333333332,23.833333333333332,75.23333333333333,0.0,10.333333333333334,0.7996700603318251,4.0,20.0,0.19722998950940127,13.166666666666666,0.0,127.66666666666667
109,125,2025-11-03,1,1,2025-26,Brooklyn Nets,Minnesota Timberwolves,112.33333333333333,41.0,53.333333333333336,18.0,39.666666666666664,12.666666666666666,27.0,23.833333333333332,16.333333333333332,1.4863522163251266,13.666666666666666,41.833333333333336,32.38333333333333,26.666666666666668,47.5,55.746409526780376,18.0,22.666666666666668,81.78333333333333,0.0,7.166666666666667,0.4435316231755861,1.8333333333333333,23.666666666666668,0.10151727357609712,16.333333333333332,0.0,114.83333333333333,115.5,40.0,56.666666666666664,18.833333333333332,39.666666666666664,9.666666666666666,30.0,24.0,14.666666666666666,1.749289891395155,13.333333333333334,33.166666666666664,40.5,28.333333333333332,52.166666666666664,54.41738896816588,18.833333333333332,24.5,77.35000000000001,0.0,7.833333333333333,0.546714007240323,5.5,24.5,0.22333277805541674,14.666666666666666,0.0,128.5
107,126,2025-11-04,1,1,2025-26,LA Clippers,Oklahoma City Thunder,112.5,40.0,56.0,16.5,42.833333333333336,11.0,31.833333333333332,24.833333333333332,17.833333333333332,1.4638366750208853,13.333333333333334,36.333333333333336,37.199999999999996,28.0,47.5,58.92903088994134,16.5,19.666666666666668,83.91666666666667,0.0,10.5,0.6132988721804512,5.166666666666667,19.166666666666668,0.2879374361830502,17.833333333333332,0.0,132.33333333333334,122.14285714285714,39.857142857142854,61.142857142857146,21.142857142857142,48.0,10.857142857142858,37.142857142857146,25.142857142857142,12.285714285714286,2.2809785452642592,13.285714285714286,42.142857142857146,31.085714285714285,30.571428571428573,51.57142857142857,60.103349031920466,21.142857142857142,24.571428571428573,86.12857142857142,0.0,10.714285714285714,1.0194662480376766,5.285714285714286,22.571428571428573,0.26728030000341213,12.285714285714286,0.0,145.71428571428572
128,100,2025-11-04,1,1,2025-26,Toronto Raptors,Milwaukee Bucks,119.42857142857143,37.285714285714285,63.714285714285715,18.428571428571427,39.57142857142857,9.428571428571429,30.142857142857142,30.142857142857142,15.714285714285714,1.9790100250626566,12.428571428571429,32.0,38.15714285714285,31.857142857142858,55.857142857142854,56.44844546790899,18.428571428571427,24.428571428571427,75.74285714285715,0.0,8.428571428571429,0.5412593984962406,3.7142857142857144,24.285714285714285,0.16180412899507268,15.714285714285714,0.0,136.0,122.71428571428571,48.42857142857143,58.285714285714285,16.0,40.857142857142854,8.285714285714286,32.57142857142857,26.714285714285715,14.714285714285714,2.0399582143003196,16.142857142857142,39.42857142857143,41.042857142857144,29.142857142857142,48.0,60.579698923283225,16.0,23.142857142857142,69.51428571428572,0.0,7.714285714285714,0.5577416005047584,4.857142857142857,24.142857142857142,0.2055979734551163,14.714285714285714,0.0,138.85714285714286
113,111,2025-11-04,1,1,2025-26,Chicago Bulls,Philadelphia 76ers,121.66666666666667,42.5,60.0,19.166666666666668,46.666666666666664,10.5,36.166666666666664,30.166666666666668,15.833333333333334,2.052314814814815,14.166666666666666,34.833333333333336,40.516666666666666,30.0,53.5,56.323555735815745,19.166666666666668,24.333333333333332,78.83333333333333,0.0,7.5,0.5041666666666667,4.166666666666667,21.833333333333332,0.1912460727678119,15.833333333333334,0.0,145.0,125.66666666666667,46.5,55.666666666666664,23.5,43.0,12.333333333333334,30.666666666666668,27.333333333333332,13.833333333333334,2.1285714285714286,15.5,38.166666666666664,40.63333333333333,27.833333333333332,52.333333333333336,53.105951758969006,23.5,29.5,79.56666666666666,0.0,6.833333333333333,0.5158730158730158,7.0,22.333333333333332,0.3349195731804427,13.833333333333334,0.0,142.83333333333334
127,112,2025-11-04,1,1,2025-26,Atlanta Hawks,Orlando Magic,115.14285714285714,31.714285714285715,63.714285714285715,19.714285714285715,43.0,10.428571428571429,32.57142857142857,28.428571428571427,13.714285714285714,2.6191161247107537,10.571428571428571,31.571428571428573,32.91428571428572,31.857142857142858,57.285714285714285,55.07972078818352,19.714285714285715,26.142857142857142,74.61428571428571,0.0,8.714285714285714,0.7873431981488247,4.714285714285714,22.142857142857142,0.2046072609645865,13.714285714285714,0.0,133.42857142857142,116.85714285714286,30.857142857142858,61.714285714285715,24.285714285714285,45.857142857142854,12.285714285714286,33.57142857142857,23.714285714285715,16.714285714285715,1.5102916691151986,10.285714285714286,30.714285714285715,32.51428571428572,30.857142857142858,54.857142857142854,56.482395923228246,24.285714285714285,32.57142857142857,75.47142857142856,0.0,7.857142857142857,0.4838945368357133,6.285714285714286,22.142857142857142,0.3088818101975997,16.714285714285715,0.0,131.14285714285714
116,112,2025-11-04,1,1,2025-26,New Orleans Pelicans,Charlotte Hornets,107.66666666666667,35.0,50.666666666666664,22.0,40.666666666666664,13.5,27.166666666666668,22.0,15.0,1.4596638655462184,11.666666666666666,34.333333333333336,33.75,25.333333333333332,53.5,47.07592866860815,22.0,29.666666666666668,74.5,0.0,8.333333333333334,0.5604108309990663,2.8333333333333335,20.833333333333332,0.13912938912938913,15.0,0.0,108.0,121.57142857142857,46.285714285714285,54.0,21.285714285714285,45.714285714285715,11.142857142857142,34.57142857142857,28.142857142857142,16.285714285714285,1.7861011071095105,15.428571428571429,39.857142857142854,38.9,27.0,48.42857142857143,55.46685683637246,21.285714285714285,26.285714285714285,81.77142857142857,0.0,6.714285714285714,0.4386954781912765,4.428571428571429,21.142857142857142,0.21353979353979355,16.285714285714285,0.0,139.42857142857142
118,107,2025-11-04,1,1,2025-26,Golden State Warriors,Phoenix Suns,117.57142857142857,48.0,48.285714285714285,21.285714285714285,41.857142857142854,9.571428571428571,32.285714285714285,27.714285714285715,17.142857142857142,1.836727263964106,16.0,42.142857142857146,38.05714285714286,24.142857142857142,43.714285714285715,55.118581949048355,21.285714285714285,25.0,83.98571428571428,0.0,9.142857142857142,0.5983326030694451,4.0,21.142857142857142,0.1973477774948363,17.142857142857142,0.0,133.71428571428572,118.28571428571429,49.285714285714285,51.42857142857143,17.571428571428573,42.42857142857143,12.0,30.428571428571427,28.0,17.285714285714285,1.7069444444444444,16.428571428571427,43.857142857142854,38.114285714285714,25.714285714285715,46.857142857142854,54.85794553720955,17.571428571428573,21.857142857142858,81.21428571428571,0.0,9.714285714285714,0.5914115646258503,5.285714285714286,25.571428571428573,0.20680560818491853,17.285714285714285,0.0,133.57142857142858
136,107,2025-11-05,1,1,2025-26,Boston Celtics,Washington Wizards,110.5,44.625,51.5,14.375,42.625,13.0,29.625,22.125,11.375,2.0177556818181817,14.875,47.75,31.0375,25.75,46.0,56.76776118565178,14.375,18.125,79.2,0.0,9.125,0.8243371212121212,5.25,24.125,0.21669946281788388,11.375,0.0,121.375,112.57142857142857,42.0,56.0,14.571428571428571,46.714285714285715,10.428571428571429,36.285714285714285,26.0,17.285714285714285,1.5416051872253917,14.0,36.714285714285715,37.714285714285715,28.0,56.0,50.253349612447565,14.571428571428571,20.714285714285715,69.37142857142858,0.0,6.857142857142857,0.41174386142416836,5.857142857142857,24.285714285714285,0.24554904008973968,17.285714285714285,0.0,123.85714285714286
132,121,2025-11-05,1,1,2025-26,Cleveland Cavaliers,Philadelphia 76ers,114.14285714285714,47.57142857142857,46.285714285714285,20.285714285714285,41.142857142857146,10.571428571428571,30.571428571428573,25.714285714285715,16.428571428571427,1.5788515406162467,15.857142857142858,45.42857142857143,34.82857142857143,23.142857142857142,42.285714285714285,54.62505427702996,20.285714285714285,26.857142857142858,75.68571428571428,0.0,10.142857142857142,0.6149459783913566,4.714285714285714,22.285714285714285,0.23943947012269992,16.428571428571427,0.0,124.14285714285714,123.57142857142857,44.57142857142857,56.0,23.0,42.57142857142857,12.285714285714286,30.285714285714285,26.571428571428573,14.142857142857142,2.020918367346939,14.857142857142858,37.0,40.07142857142857,28.0,54.0,51.992601507687716,23.0,28.714285714285715,80.10000000000001,0.0,7.571428571428571,0.5493197278911565,7.571428571428571,22.142857142857142,0.36190385184174007,14.142857142857142,0.0,139.85714285714286
99,101,2025-11-05,1,1,2025-26,Dallas Mavericks,New Orleans Pelicans,106.83333333333333,27.5,57.666666666666664,21.666666666666668,42.833333333333336,8.833333333333334,34.0,24.333333333333332,16.666666666666668,1.5454539125591757,9.166666666666666,30.0,31.233333333333334,28.833333333333332,55.166666666666664,52.28942256507625,21.666666666666668,28.5,75.3,0.0,8.333333333333334,0.5189170843776106,5.333333333333333,21.833333333333332,0.24703952480268268,16.666666666666668,0.0,117.0,108.85714285714286,37.285714285714285,50.857142857142854,20.714285714285715,40.42857142857143,13.428571428571429,27.0,22.714285714285715,14.714285714285714,1.5478437528857698,12.428571428571429,34.857142857142854,35.31428571428571,25.428571428571427,53.285714285714285,47.49365314452127,20.714285714285715,28.142857142857142,73.62857142857142,0.0,8.428571428571429,0.5792532397574414,2.857142857142857,20.714285714285715,0.1406823335394764,14.714285714285714,0.0,110.85714285714286
122,112,2025-11-05,1,1,2025-26,Denver Nuggets,Miami Heat,125.0,35.0,68.66666666666667,21.333333333333332,45.666666666666664,9.833333333333334,35.833333333333336,29.833333333333332,14.0,2.3492445054945055,11.666666666666666,33.666666666666664,34.65,34.333333333333336,55.166666666666664,62.585414289635416,21.333333333333332,25.0,85.45,0.0,8.0,0.6194813957971853,4.166666666666667,21.833333333333332,0.19616454399063096,14.0,0.0,152.16666666666666,123.85714285714286,42.857142857142854,61.714285714285715,19.285714285714285,44.42857142857143,9.142857142857142,35.285714285714285,30.0,15.857142857142858,1.9698702926146534,14.285714285714286,36.142857142857146,39.44285714285714,30.857142857142858,53.714285714285715,57.43105170610176,19.285714285714285,24.714285714285715,78.14285714285714,0.0,9.142857142857142,0.576242147576734,2.7142857142857144,20.0,0.13433673469387755,15.857142857142858,0.0,144.14285714285714
118,116,2025-11-05,1,1,2025-26,Los Angeles Lakers,San Antonio Spurs,119.75,31.125,66.25,22.375,40.125,8.5,31.625,27.25,17.125,1.7014293085655314,10.375,31.375,33.2125,33.125,50.875,65.66822503952979,22.375,28.25,78.625,0.0,9.0,0.560282507739938,3.5,20.375,0.17547938870984536,17.125,0.0,137.875,118.16666666666667,35.0,62.0,21.166666666666668,47.833333333333336,12.333333333333334,35.5,24.166666666666668,15.833333333333334,1.582285258601048,11.666666666666666,33.166666666666664,36.86666666666667,31.0,52.5,58.92440065364145,21.166666666666668,28.666666666666668,73.23333333333333,0.0,9.166666666666666,0.6112895876053771,6.666666666666667,21.5,0.305973073609476,15.833333333333334,0.0,139.66666666666666
137,114,2025-11-05,1,1,2025-26,New York Knicks,Minnesota Timberwolves,116.28571428571429,48.0,47.714285714285715,20.571428571428573,47.57142857142857,14.428571428571429,33.142857142857146,26.0,14.0,1.9628472717758432,16.0,43.857142857142854,36.75714285714286,23.857142857142858,47.857142857142854,49.729425319673226,20.571428571428573,24.285714285714285,84.45714285714287,0.0,7.857142857142857,0.5803714142999857,3.857142857142857,19.714285714285715,0.2137302747185831,14.0,0.0,132.0,116.85714285714286,40.285714285714285,57.142857142857146,19.428571428571427,41.57142857142857,10.285714285714286,31.285714285714285,25.285714285714285,15.0,1.776702259851309,13.428571428571429,33.42857142857143,40.42857142857143,28.571428571428573,50.857142857142854,56.61025366706578,19.428571428571427,26.0,75.68571428571428,0.0,7.571428571428571,0.519032174273218,5.285714285714286,24.714285714285715,0.2134061174540935,15.0,0.0,132.71428571428572
103,112,2025-11-05,1,1,2025-26,Indiana Pacers,Brooklyn Nets,112.85714285714286,36.42857142857143,53.42857142857143,23.0,48.714285714285715,14.285714285714286,34.42857142857143,23.0,13.428571428571429,1.7400113891710531,12.142857142857142,40.142857142857146,30.185714285714287,26.714285714285715,55.42857142857143,48.107531652129595,23.0,31.0,73.95714285714287,0.0,6.285714285714286,0.4736586942469295,4.428571428571429,24.714285714285715,0.1835470350345901,13.428571428571429,0.0,117.14285714285714,111.85714285714286,40.285714285714285,52.57142857142857,19.0,39.714285714285715,13.428571428571429,26.285714285714285,24.0,15.714285714285714,1.5716352330405847,13.428571428571429,41.57142857142857,32.04285714285714,26.285714285714285,47.714285714285715,54.779721285345275,19.0,24.857142857142858,79.5,0.0,7.428571428571429,0.4873128198647881,2.142857142857143,23.714285714285715,0.11082432973189275,15.714285714285714,0.0,114.0
121,119,2025-11-05,1,1,2025-26,Portland Trail Blazers,Oklahoma City Thunder,120.28571428571429,40.714285714285715,56.57142857142857,23.0,41.142857142857146,14.142857142857142,27.0,26.571428571428573,17.0,1.5816102756892232,13.571428571428571,42.0,32.34285714285714,28.285714285714285,50.857142857142854,55.981977791275504,23.0,28.142857142857142,82.87142857142858,0.0,12.142857142857142,0.7195633314054366,4.571428571428571,22.571428571428573,0.21517243260940738,17.0,0.0,131.57142857142858,122.625,41.625,60.25,20.75,47.0,10.5,36.5,25.5,12.125,2.3140380452880454,13.875,41.625,33.125,30.125,51.125,59.62168040293041,20.75,24.25,85.5875,0.0,10.875,1.0283966033966034,5.375,22.625,0.26647895815515954,12.125,0.0,147.0
121,116,2025-11-05,1,1,2025-26,Sacramento Kings,Golden State Warriors,116.28571428571429,33.0,64.57142857142857,18.714285714285715,38.857142857142854,8.571428571428571,30.285714285714285,25.714285714285715,13.428571428571429,2.019739819004525,11.0,30.142857142857142,35.957142857142856,32.285714285714285,58.714285714285715,54.93608041307308,18.714285714285715,24.0,76.48571428571428,0.0,9.571428571428571,0.733050527903469,3.5714285714285716,20.571428571428573,0.1750066576747249,13.428571428571429,0.0,129.71428571428572,117.625,49.125,47.75,20.75,41.5,9.375,32.125,28.375,17.0,1.8649488559685927,16.375,42.125,38.95,23.875,43.375,54.93607627858805,20.75,24.375,84.1125,0.0,9.125,0.5938535276857645,4.0,20.75,0.20045708308575955,17.0,0.0,134.75
109,124,2025-11-05,1,1,2025-26,Memphis Grizzlies,Houston Rockets,115.5,39.375,54.0,22.125,42.625,10.75,31.875,27.5,14.625,2.21497668997669,13.125,39.875,33.0,27.0,50.125,54.18285282083942,22.125,26.0,85.4375,0.0,7.75,0.586888111888112,3.875,21.5,0.1699851145704941,14.625,0.0,128.875,124.83333333333333,38.5,60.0,26.333333333333332,49.333333333333336,14.333333333333334,35.0,25.833333333333332,17.166666666666668,1.6613165266106442,12.833333333333334,30.166666666666668,43.35,30.0,56.166666666666664,53.55518097923542,26.333333333333332,34.0,77.88333333333334,0.0,9.0,0.5998039215686274,6.166666666666667,19.833333333333332,0.35915636650930766,17.166666666666668,0.0,146.83333333333334
114,103,2025-11-05,1,1,2025-26,Detroit Pistons,Utah Jazz,114.83333333333333,33.0,59.666666666666664,22.166666666666668,47.666666666666664,14.5,33.166666666666664,24.833333333333332,16.333333333333332,1.700493487993488,11.0,32.333333333333336,33.666666666666664,29.833333333333332,58.166666666666664,51.38152907226591,22.166666666666668,29.166666666666668,74.53333333333333,0.0,9.166666666666666,0.6006333943833944,7.833333333333333,27.0,0.2933693963310204,16.333333333333332,0.0,131.33333333333334,115.57142857142857,36.42857142857143,54.285714285714285,24.857142857142858,49.57142857142857,15.0,34.57142857142857,27.571428571428573,17.857142857142858,1.6740108262664655,12.142857142857142,38.42857142857143,31.099999999999998,27.142857142857142,49.714285714285715,54.95626518000011,24.857142857142858,29.714285714285715,83.44285714285715,0.0,7.142857142857143,0.4370168678439355,3.7142857142857144,22.142857142857142,0.16351869030440458,17.857142857142858,0.0,132.0
115,102,2025-11-06,1,1,2025-26,Phoenix Suns,LA Clippers,116.875,47.625,52.0,17.25,42.875,12.5,30.375,27.625,17.25,1.6773999183006536,15.875,42.5,37.9,26.0,48.25,54.03518510367905,17.25,21.125,82.7875,0.0,9.75,0.5910145308123249,5.25,24.5,0.21771961304415666,17.25,0.0,132.375,111.71428571428571,42.0,52.285714285714285,17.428571428571427,42.714285714285715,10.857142857142858,31.857142857142858,25.0,18.0,1.4502058718224131,14.0,37.285714285714285,37.871428571428574,26.142857142857142,46.0,56.30210369716979,17.428571428571427,20.714285714285715,84.10000000000001,0.0,10.285714285714286,0.5933539205155747,4.714285714285714,19.285714285714285,0.261089231014043,18.0,0.0,130.0
101,132,2025-11-07,1,1,2025-26,Sacramento Kings,Oklahoma City Thunder,116.875,33.0,64.0,19.875,39.875,8.5,31.375,25.875,13.75,1.9782098416289593,11.0,29.25,37.4375,32.0,58.875,54.319070361438946,19.875,25.125,77.525,0.0,9.25,0.6961067119155354,3.75,20.25,0.18785304768760652,13.75,0.0,131.5,121.875,42.375,57.75,21.75,48.5,10.75,37.75,24.875,12.5,2.2119547119547116,14.125,39.875,34.9375,28.875,51.25,57.11351639712489,21.75,25.0,86.875,0.0,10.5,0.9783966033966034,5.5,22.625,0.27110858778478913,12.5,0.0,147.375
121,110,2025-11-07,1,1,2025-26,San Antonio Spurs,Houston Rockets,117.85714285714286,35.57142857142857,59.714285714285715,22.571428571428573,46.285714285714285,11.714285714285714,34.57142857142857,23.857142857142858,16.285714285714285,1.5216580412069136,11.857142857142858,33.142857142857146,37.228571428571435,29.857142857142858,50.857142857142854,58.52056641392263,22.571428571428573,30.285714285714285,73.84285714285714,0.0,8.857142857142858,0.5765940826091203,5.857142857142857,23.571428571428573,0.26623088849066195,16.285714285714285,0.0,136.42857142857142,124.71428571428571,38.57142857142857,61.42857142857143,24.714285714285715,50.0,14.428571428571429,35.57142857142857,26.285714285714285,16.571428571428573,1.7426669129190135,12.857142857142858,30.142857142857142,43.34285714285714,30.714285714285715,58.285714285714285,52.946694360471405,24.714285714285715,31.714285714285715,78.65714285714286,0.0,9.0,0.6130187459599225,5.714285714285714,20.0,0.3282564774161413,16.571428571428573,0.0,147.28571428571428
137,97,2025-11-07,1,1,2025-26,Minnesota Timberwolves,Utah Jazz,116.5,42.375,55.25,18.875,40.25,10.125,30.125,25.875,15.25,1.775202712664013,14.125,34.25,41.3125,27.625,49.875,55.63862312147325,18.875,24.875,77.25,0.0,7.375,0.49827079954788933,4.875,23.375,0.20458749562947465,15.25,0.0,131.25,114.0,36.375,52.75,24.875,48.875,14.5,34.375,27.125,17.5,1.6647594729831572,12.125,38.5,31.0625,26.375,49.375,53.67183841547882,24.875,29.625,83.7875,0.0,7.125,0.4407230926967769,3.5,21.5,0.1577847363692952,17.5,0.0,129.0
115,148,2025-11-07,1,1,2025-26,Washington Wizards,Cleveland Cavaliers,111.875,40.125,56.5,15.25,45.875,10.5,35.375,25.875,17.5,1.5133782230327442,13.375,35.5,37.1625,28.25,55.625,51.047152609004826,15.25,21.5,69.9625,0.0,6.25,0.3734337734829894,5.75,23.5,0.24957763230074442,17.5,0.0,122.375,116.375,48.375,48.25,19.75,40.25,10.5,29.75,26.625,16.25,1.6564950980392157,16.125,45.25,35.5875,24.125,43.0,55.86983915906789,19.75,25.625,77.9875,0.0,10.0,0.6130777310924369,5.0,22.25,0.2492822636300897,16.25,0.0,128.125
118,104,2025-11-07,1,1,2025-26,Memphis Grizzlies,Dallas Mavericks,113.125,40.125,51.75,21.25,43.625,11.625,32.0,28.125,14.375,2.276251199780612,13.375,40.125,33.45,25.875,51.0,50.71192258828128,21.25,25.0,85.2625,0.0,8.375,0.6334567393390923,3.5,20.25,0.1774715029552491,14.375,0.0,126.75,105.71428571428571,27.857142857142858,57.142857142857146,20.714285714285715,43.0,9.0,34.0,23.428571428571427,16.428571428571427,1.4961033536221506,9.285714285714286,30.285714285714285,31.24285714285714,28.571428571428573,55.42857142857143,51.58642234901272,20.714285714285715,27.285714285714285,75.25714285714287,0.0,8.714285714285714,0.549547977085571,5.571428571428571,20.857142857142858,0.2784148307832518,16.428571428571427,0.0,115.57142857142857
123,110,2025-11-07,1,1,2025-26,Orlando Magic,Boston Celtics,116.25,31.125,60.25,24.875,45.25,12.5,32.75,24.0,17.0,1.492557842054746,10.375,31.125,32.5,30.125,54.125,55.79964745323288,24.875,32.625,77.025,0.0,8.0,0.4826182460470386,5.625,23.125,0.2744382505895664,17.0,0.0,129.625,113.0,46.5,53.0,13.5,42.375,13.25,29.125,24.0,10.875,2.389508928571429,15.5,47.5,32.712500000000006,26.5,46.75,57.28859451898511,13.5,17.5,77.6625,0.0,9.75,0.9590773809523809,5.125,23.625,0.21446731996074103,10.875,0.0,127.125
126,108,2025-11-07,1,1,2025-26,Miami Heat,Charlotte Hornets,122.375,42.75,60.0,19.625,43.625,8.625,35.0,29.5,15.75,1.9403031727044886,14.25,36.75,38.775,30.0,52.625,56.91883690950571,19.625,24.75,79.375,0.0,9.625,0.6125452124629756,2.875,20.0,0.14254464285714286,15.75,0.0,142.0,120.375,45.375,53.75,21.25,46.125,11.625,34.5,27.125,16.75,1.6878384687208217,15.125,39.625,38.3125,26.875,47.875,55.91986336818954,21.25,26.5,80.925,0.0,6.875,0.43385854341736696,4.625,21.375,0.21945601499949324,16.75,0.0,137.625
126,110,2025-11-07,1,1,2025-26,Milwaukee Bucks,Chicago Bulls,119.875,46.5,57.5,15.875,40.875,8.375,32.5,26.625,14.75,2.0016301041794464,15.5,39.25,39.525,28.75,48.0,59.77806989120616,15.875,22.875,69.75,0.0,7.375,0.5296905671083303,4.75,24.375,0.199128996003996,14.75,0.0,134.75,120.42857142857143,42.0,59.714285714285715,18.714285714285715,46.857142857142854,10.714285714285714,36.142857142857146,29.571428571428573,16.142857142857142,1.9654761904761904,14.0,34.714285714285715,40.18571428571429,29.857142857142858,53.714285714285715,55.8098010203096,18.714285714285715,23.714285714285715,79.0,0.0,8.0,0.5194444444444445,4.857142857142857,21.428571428571427,0.23159437816188388,16.142857142857142,0.0,144.0
129,104,2025-11-07,1,1,2025-26,Denver Nuggets,Golden State Warriors,124.57142857142857,34.714285714285715,68.0,21.857142857142858,47.857142857142854,11.428571428571429,36.42857142857143,30.285714285714285,14.428571428571429,2.290949071936467,11.571428571428571,34.57142857142857,33.628571428571426,34.0,56.0,61.13878601875073,21.857142857142858,25.428571428571427,86.0,0.0,8.285714285714286,0.6150176669858227,4.142857142857143,21.0,0.20385532342054083,14.428571428571429,0.0,152.14285714285714,117.25,49.125,48.25,19.875,42.0,9.5,32.5,28.25,17.0,1.8583699086001717,16.375,42.5,38.575,24.125,44.375,54.27818154174594,19.875,23.625,83.225,0.0,9.125,0.5938535276857645,4.25,20.625,0.21078471841339488,17.0,0.0,133.75
97,109,2025-11-07,1,1,2025-26,Atlanta Hawks,Toronto Raptors,116.625,32.625,62.5,21.5,41.875,9.875,32.0,27.75,14.5,2.4354766091219098,10.875,31.375,34.2125,31.25,55.375,56.23046997537487,21.5,28.125,75.4125,0.0,9.0,0.7576752983802216,4.875,22.375,0.21028135334401318,14.5,0.0,134.375,120.5,39.0,62.5,19.0,40.875,9.5,31.375,30.5,15.0,2.1441337719298246,13.0,32.75,38.975,31.25,55.5,55.76031431272226,19.0,25.0,76.1875,0.0,8.375,0.5736019736842105,4.0,24.125,0.17418730852286252,15.0,0.0,139.25
107,125,2025-11-07,1,1,2025-26,Brooklyn Nets,Detroit Pistons,111.875,40.5,51.5,19.875,40.375,13.0,27.375,24.25,15.5,1.6073236860533688,13.5,41.375,32.4125,25.75,47.5,53.910516994242336,19.875,26.125,78.85,0.0,7.625,0.5067558602388323,2.5,22.875,0.1337359943977591,15.5,0.0,115.25,114.71428571428571,33.0,60.857142857142854,20.857142857142858,48.285714285714285,14.285714285714286,34.0,24.714285714285715,15.857142857142858,1.7213021105878248,11.0,32.0,34.1,30.428571428571427,58.57142857142857,52.00383990737547,20.857142857142858,28.142857142857142,72.32857142857144,0.0,8.571428571428571,0.5697736787022502,7.571428571428571,26.428571428571427,0.28872656331478763,15.857142857142858,0.0,131.57142857142858
122,102,2025-11-08,1,1,2025-26,Atlanta Hawks,Los Angeles Lakers,114.0,32.25,61.5,20.25,44.375,11.25,33.125,27.625,14.875,2.398058845964015,10.75,31.75,33.6,30.75,55.75,55.03924740484195,20.25,26.375,76.5625,0.0,9.125,0.7556193773275901,5.0,21.75,0.22508398492296056,14.875,0.0,133.125,120.875,31.875,64.5,24.5,40.0,9.125,30.875,27.25,16.375,1.7630364514226742,10.625,31.25,34.125,32.25,51.75,62.71416521046996,24.5,30.25,80.69999999999999,0.0,9.125,0.5879610791685096,3.875,21.5,0.1844079601384168,16.375,0.0,138.875
128,122,2025-11-08,1,1,2025-26,Cleveland Cavaliers,Chicago Bulls,121.0,48.75,51.0,21.25,43.375,13.125,30.25,28.25,15.625,1.9064950980392157,16.25,45.125,35.974999999999994,25.5,46.125,55.46118531291404,21.25,27.25,79.32499999999999,0.0,10.875,0.7339110644257703,5.25,21.25,0.2733999106889133,15.625,0.0,137.625,119.125,40.5,60.75,17.875,46.625,10.375,36.25,30.125,15.875,2.0233630952380954,13.5,34.5,38.95,30.375,54.125,56.289716243648094,17.875,22.75,78.5,0.0,8.125,0.5348710317460318,4.625,21.125,0.22238192299691154,15.875,0.0,143.125
117,100,2025-11-08,1,1,2025-26,Denver Nuggets,Indiana Pacers,125.125,36.375,67.0,21.75,47.0,10.875,36.125,30.75,13.75,2.476802660166631,12.125,34.375,35.4875,33.5,55.125,61.14949899089668,21.75,25.375,85.75,0.0,8.25,0.6492515697237059,4.125,20.25,0.21170674132630654,13.75,0.0,154.0,111.625,36.75,53.75,21.125,49.625,14.5,35.125,23.75,14.0,1.7238988544135603,12.25,39.625,30.925,26.875,56.375,47.649645751168954,21.125,28.75,72.4,0.0,6.25,0.45611802413273,4.5,24.5,0.18777756869874462,14.0,0.0,117.25
103,114,2025-11-08,1,1,2025-26,LA Clippers,Phoenix Suns,110.5,40.5,52.0,18.0,42.5,10.875,31.625,24.875,17.625,1.4689301378446116,13.5,36.5,37.175,26.0,46.25,55.77475740169023,18.0,21.875,82.75,0.0,10.0,0.5858513471177945,4.625,19.25,0.25476886661097187,17.625,0.0,127.75,116.25,51.0,48.75,16.5,42.0,12.125,29.875,28.125,17.25,1.7086499183006536,17.0,44.375,39.075,24.375,46.0,53.25840279334737,16.5,20.0,83.075,0.0,10.5,0.6378895308123249,4.625,24.25,0.19358917826154795,17.25,0.0,131.75
136,131,2025-11-08,1,1,2025-26,Miami Heat,Portland Trail Blazers,123.0,42.75,61.75,18.5,42.375,8.125,34.25,30.125,14.375,2.2536255411255413,14.25,35.875,39.849999999999994,30.875,54.5,56.64217694974715,18.5,23.125,80.36250000000001,0.0,9.75,0.7095846861471862,3.25,19.125,0.1663541666666667,14.375,0.0,144.25,120.375,42.75,53.75,23.875,42.125,13.75,28.375,26.25,17.125,1.5505756578947367,14.25,42.125,33.825,26.875,50.125,53.7064527895883,23.875,28.625,84.2375,0.0,11.625,0.6851734705353126,4.75,22.75,0.21952587853323147,17.125,0.0,132.125
130,120,2025-11-08,1,1,2025-26,Philadelphia 76ers,Toronto Raptors,123.25,43.5,57.0,22.75,42.625,12.625,30.0,26.5,14.75,1.9393562030075189,14.5,36.25,39.9,28.5,54.625,52.2731873361759,22.75,28.875,78.8375,0.0,7.75,0.5398652882205514,6.875,22.25,0.32753543557891385,14.75,0.0,138.25,116.875,41.25,56.75,18.875,40.125,9.625,30.5,28.875,14.25,2.1284455128205124,13.75,34.375,39.925,28.375,53.375,53.08511215638803,18.875,24.5,77.3375,0.0,8.5,0.6135817307692308,4.25,22.875,0.1937725619790837,14.25,0.0,133.125
126,119,2025-11-08,1,1,2025-26,San Antonio Spurs,New Orleans Pelicans,118.25,37.875,57.75,22.625,45.5,12.125,33.375,24.625,16.875,1.5100222146274778,12.625,34.625,37.575,28.875,49.75,57.753114659801355,22.625,29.625,76.1125,0.0,9.625,0.5938055365686945,5.625,23.0,0.2592678169030134,16.875,0.0,136.875,107.875,36.375,51.75,19.75,42.375,13.5,28.875,22.125,14.875,1.4949882837750486,12.125,34.375,34.9375,25.875,54.125,47.598613168122775,19.75,26.625,74.5875,0.0,8.625,0.5849715847877612,2.875,20.375,0.1439303751803752,14.875,0.0,111.625
105,111,2025-11-08,1,1,2025-26,Washington Wizards,Dallas Mavericks,111.25,39.375,55.75,16.125,44.375,10.875,33.5,27.0,18.375,1.4922243768788979,13.125,35.375,36.675,27.875,54.875,51.07393832329054,16.125,22.0,72.5125,0.0,6.25,0.3566068504060663,6.125,24.125,0.25972017616039356,18.375,0.0,121.5,105.5,28.125,58.0,19.375,43.125,8.875,34.25,23.625,16.625,1.4827015455304928,9.375,31.375,30.5375,29.0,54.375,53.64875785325847,19.375,25.875,73.66250000000001,0.0,8.5,0.5294655910609858,5.625,20.75,0.28111297693534537,16.625,0.0,115.875
100,114,2025-11-09,1,1,2025-26,Memphis Grizzlies,Oklahoma City Thunder,113.625,40.125,52.5,21.0,43.75,11.0,32.75,27.875,13.75,2.320001199780612,13.375,38.875,34.475,26.25,51.0,51.46192258828128,21.0,25.0,84.3625,0.0,8.375,0.6501234060057589,3.125,20.375,0.15740571348156487,13.75,0.0,128.75,120.75,43.5,58.5,18.75,47.5,10.625,36.875,26.125,12.125,2.3669871794871797,14.5,39.875,36.0,29.25,50.75,58.274230682839175,18.75,21.625,86.7875,0.0,10.875,1.027097902097902,6.25,20.5,0.32603283020903157,12.125,0.0,149.625
108,111,2025-11-09,1,1,2025-26,Philadelphia 76ers,Detroit Pistons,124.875,41.25,61.0,22.625,44.375,13.25,31.125,27.5,14.75,2.0107847744360905,13.75,35.5,38.6,30.5,56.75,53.730899705773524,22.625,28.625,79.07499999999999,0.0,7.875,0.5487938596491228,7.5,22.125,0.3569326687804949,14.75,0.0,143.375,116.0,31.125,64.0,20.875,48.0,13.875,34.125,25.625,15.5,1.8138316544566546,10.375,31.25,32.725,32.0,58.625,54.613529410478954,20.875,28.375,72.0375,0.0,9.25,0.6331673534798534,6.75,25.5,0.25921469026886024,15.5,0.0,135.125
107,111,2025-11-09,1,1,2025-26,Orlando Magic,Boston Celtics,116.0,33.0,58.75,24.25,45.0,12.75,32.25,24.625,17.0,1.5342245087214128,11.0,31.875,33.4,29.375,52.375,56.07138658366766,24.25,32.125,76.3375,0.0,8.0,0.4826182460470386,5.625,22.875,0.2792993617006775,17.0,0.0,130.5,114.875,45.75,55.5,13.625,43.25,13.75,29.5,24.875,10.625,2.4732142857142856,15.25,46.625,32.8375,27.75,49.25,57.17516439194337,13.625,17.625,77.925,0.0,9.625,0.9613095238095237,5.25,23.875,0.21650435699777806,10.625,0.0,130.375
117,144,2025-11-09,1,1,2025-26,Sacramento Kings,Minnesota Timberwolves,115.0,35.25,60.25,19.5,40.0,8.375,31.625,26.25,14.25,1.9459700226244343,11.75,31.25,37.4375,30.125,56.625,53.062202229570815,19.5,24.125,78.8,0.0,8.75,0.6440705128205129,2.875,20.0,0.1497848658694247,14.25,0.0,128.0,118.875,43.125,56.75,19.0,41.125,10.5,30.625,27.25,15.5,1.8275210084033615,14.375,35.0,40.9625,28.375,49.375,57.54452971487984,19.0,25.25,76.6125,0.0,7.375,0.49200513538748836,4.875,22.625,0.2158318734405691,15.5,0.0,136.125
115,122,2025-11-09,1,1,2025-26,Milwaukee Bucks,Houston Rockets,119.0,45.75,57.5,15.75,41.75,9.375,32.375,26.125,15.125,1.824073285997628,15.25,38.625,39.5375,28.75,49.25,58.62066248379875,15.75,22.75,69.6125,0.0,7.625,0.5183269307446938,4.75,23.625,0.2119130869130869,15.125,0.0,133.25,122.875,38.625,60.25,24.0,48.875,14.75,34.125,26.125,17.5,1.6550418821374704,12.875,29.75,43.9375,30.125,58.25,51.93180584127455,24.0,30.375,80.1375,0.0,9.375,0.5988914027149321,5.5,20.5,0.308057751072457,17.5,0.0,143.875
114,83,2025-11-09,1,1,2025-26,Golden State Warriors,Indiana Pacers,113.125,46.875,47.25,19.0,42.375,10.375,32.0,27.625,17.375,1.6917032419335052,15.625,41.75,37.45,23.625,44.625,53.06735533091973,19.0,22.375,83.725,0.0,8.25,0.4827424165746534,4.5,20.875,0.22206944063561712,17.375,0.0,128.0,107.25,34.875,51.75,20.625,48.125,15.0,33.125,23.625,13.625,1.7636715816862876,11.625,38.75,29.925,25.875,55.75,46.47887608506822,20.625,28.0,72.5875,0.0,6.625,0.5048193228340287,4.75,22.75,0.20687275083740503,13.625,0.0,112.375
134,98,2025-11-09,1,1,2025-26,New York Knicks,Brooklyn Nets,118.875,49.125,50.75,19.0,47.875,15.25,32.625,26.75,14.0,2.0032056485181484,16.375,43.625,37.8125,25.375,49.375,51.01324715471407,19.0,22.375,85.0125,0.0,7.75,0.5703249875124875,4.375,19.875,0.23463303799780783,14.0,0.0,137.0,110.625,41.625,49.5,19.5,39.375,12.5,26.875,24.375,15.875,1.586000156641604,13.875,42.125,32.6625,24.75,45.75,53.65010032757567,19.5,25.125,80.2375,0.0,7.25,0.4791823308270677,2.25,22.375,0.1255514705882353,15.875,0.0,113.125
111,121,2025-11-10,1,1,2025-26,Charlotte Hornets,Los Angeles Lakers,116.875,42.75,52.75,21.375,47.0,12.25,34.75,25.75,16.875,1.5979691876750701,14.25,40.0,35.612500000000004,26.375,48.375,54.562902959504996,21.375,25.75,83.325,0.0,6.75,0.42487161531279183,5.125,20.5,0.2569560149994933,16.875,0.0,132.5,117.625,31.875,62.5,23.25,41.125,9.875,31.25,26.875,17.375,1.635953118089341,10.625,31.375,33.95,31.25,52.25,60.06502044618126,23.25,28.75,80.5375,0.0,9.375,0.5754610791685095,4.125,20.375,0.2224761419565986,17.375,0.0,134.5
137,135,2025-11-10,1,1,2025-26,Detroit Pistons,Washington Wizards,116.0,33.375,61.5,21.125,46.875,13.375,33.5,24.875,16.25,1.6310191544566544,11.125,32.0,34.487500000000004,30.75,56.0,54.699145848835116,21.125,28.625,72.3125,0.0,9.75,0.6269173534798536,6.125,24.5,0.2458731467549029,16.25,0.0,133.75,109.75,37.875,55.75,16.125,43.875,11.125,32.75,25.75,18.5,1.4117505206697476,12.625,35.25,35.3875,27.875,54.875,51.07393832329054,16.125,21.25,74.7625,0.0,5.75,0.3243356085760009,6.0,23.75,0.25972017616039356,18.5,0.0,117.875
121,98,2025-11-10,1,1,2025-26,Phoenix Suns,New Orleans Pelicans,117.75,51.0,49.5,17.25,42.625,11.875,30.75,29.0,16.75,1.816784838935574,17.0,43.25,40.087500000000006,24.75,46.25,53.820418297223334,17.25,20.75,83.78750000000001,0.0,10.125,0.6349133403361344,4.375,23.5,0.18674707299839008,16.75,0.0,135.875,107.5,38.25,50.5,18.75,41.5,12.75,28.75,23.0,14.5,1.6095716171083816,12.75,35.75,35.25,25.25,52.25,48.13306990856544,18.75,24.875,76.0125,0.0,8.25,0.5745549181210946,2.625,19.0,0.14042160325055061,14.5,0.0,112.25
115,112,2025-11-10,1,1,2025-26,Orlando Magic,Portland Trail Blazers,116.0,32.25,58.75,25.0,44.625,12.75,31.875,24.625,16.375,1.5693180916091134,10.75,31.625,32.7875,29.375,52.625,55.76743521588651,25.0,31.5,79.95,0.0,8.125,0.501669048186076,5.75,22.625,0.28570961811093387,16.375,0.0,132.125,122.5,43.125,56.75,22.625,44.375,15.625,28.75,26.75,17.625,1.5365131578947369,14.375,43.25,33.3875,28.375,51.375,55.25997290453082,22.625,27.125,84.2,0.0,11.375,0.6570484705353127,4.875,24.625,0.2130920550038197,17.625,0.0,135.875
113,120,2025-11-10,1,1,2025-26,Utah Jazz,Minnesota Timberwolves,110.0,33.375,51.5,25.125,48.125,14.875,33.25,25.875,18.125,1.4938193020429862,11.125,37.875,29.125,25.75,50.875,50.56930141759299,25.125,30.25,82.7875,0.0,7.125,0.411342750816435,3.125,21.625,0.13911590520046402,18.125,0.0,119.125,123.125,45.0,58.25,19.875,41.625,9.75,31.875,27.75,15.375,1.8957028265851796,15.0,36.0,41.575,29.125,49.5,58.87786304821317,19.875,25.625,79.14999999999999,0.0,8.25,0.5753384687208216,5.625,22.125,0.25085602802994106,15.375,0.0,143.875
102,105,2025-11-10,1,1,2025-26,LA Clippers,Atlanta Hawks,109.875,39.0,53.5,17.375,41.125,9.625,31.5,24.625,17.125,1.5310513499658236,13.0,35.0,37.074999999999996,26.75,46.375,57.3141337230433,17.375,21.5,80.8625,0.0,9.625,0.5760028622693096,4.5,18.5,0.26072124756335285,17.125,0.0,126.875,115.375,35.25,61.25,18.875,44.0,11.0,33.0,29.0,14.25,2.6153883914185605,11.75,33.0,35.275000000000006,30.625,55.5,55.08058338367793,18.875,24.25,78.55,0.0,9.625,0.8330341500548628,5.125,20.875,0.24889350873248434,14.25,0.0,137.375
114,116,2025-11-10,1,1,2025-26,Dallas Mavericks,Milwaukee Bucks,107.875,27.0,61.5,19.375,44.875,9.75,35.125,24.375,16.25,1.5764515455304928,9.0,31.75,28.3,30.75,55.25,55.73501311272551,19.375,26.375,72.3125,0.0,9.75,0.634633860291755,6.0,19.875,0.3096056239941689,16.25,0.0,122.375,118.125,45.375,57.0,15.75,38.75,8.5,30.25,26.125,14.375,1.8999842171717172,15.125,37.25,40.7625,28.5,49.25,58.12066248379875,15.75,22.625,69.89999999999999,0.0,7.875,0.5648856351981352,4.875,23.125,0.22337142024642026,14.375,0.0,131.625
117,121,2025-11-10,1,1,2025-26,Chicago Bulls,San Antonio Spurs,120.0,41.25,60.0,18.75,46.5,10.125,36.375,29.875,15.375,2.063045634920635,13.75,34.375,39.962500000000006,30.0,53.875,55.831183548273295,18.75,23.25,79.80000000000001,0.0,8.375,0.5646329365079364,4.125,21.375,0.19890366212734634,15.375,0.0,144.5,118.375,40.125,55.75,22.5,44.625,12.0,32.625,25.5,16.5,1.6329388812941446,13.375,37.125,36.95,27.875,47.625,58.417293764278966,22.5,28.375,79.63749999999999,0.0,9.125,0.572972203235361,5.75,22.5,0.2707261502363468,16.5,0.0,137.5
140,138,2025-11-10,1,1,2025-26,Miami Heat,Cleveland Cavaliers,121.75,39.375,62.5,19.875,41.125,7.5,33.625,30.5,13.75,2.3494588744588745,13.125,35.25,37.4875,31.25,54.375,57.37591571230665,19.875,24.875,80.425,0.0,10.0,0.7575013528138528,3.375,18.875,0.17352807971014492,13.75,0.0,142.75,120.625,48.375,51.75,20.5,43.75,13.25,30.5,28.25,14.625,2.1156454248366012,16.125,45.625,35.2375,25.875,47.125,54.88826864624737,20.5,26.125,79.5375,0.0,9.875,0.7143032212885154,5.5,22.375,0.27108509587409846,14.625,0.0,137.0
109,119,2025-11-11,1,1,2025-26,Brooklyn Nets,Toronto Raptors,107.375,39.75,46.75,20.875,39.375,13.125,26.25,23.25,15.75,1.5366580513784462,13.25,42.125,31.275000000000002,23.375,44.0,52.716078070024,20.875,27.25,77.1125,0.0,6.75,0.45582706766917297,3.25,22.0,0.1655514705882353,15.75,0.0,108.375,117.375,43.125,55.25,19.0,39.75,9.625,30.125,29.375,13.625,2.262678467365967,14.375,35.75,40.1,27.625,52.625,52.41369305824479,19.0,24.0,78.9625,0.0,8.125,0.6150021853146853,4.375,23.375,0.1949630381695599,13.625,0.0,134.0
133,120,2025-11-11,1,1,2025-26,New York Knicks,Memphis Grizzlies,120.75,50.25,52.75,17.75,47.625,16.0,31.625,27.875,14.0,2.083562791375291,16.75,43.25,39.175,26.375,50.125,52.215170231637146,17.75,21.125,84.35,0.0,7.875,0.579253558941059,4.25,20.125,0.22789390756302522,14.0,0.0,140.75,110.125,40.875,49.75,19.5,43.875,11.125,32.75,27.75,14.75,1.9420250093044213,13.625,39.5,34.4875,24.875,49.625,49.99915663083448,19.5,23.25,83.625,0.0,8.0,0.5519091202914732,3.375,20.75,0.16467844075429214,14.75,0.0,124.0
102,100,2025-11-11,1,1,2025-26,Philadelphia 76ers,Boston Celtics,122.75,39.0,61.25,22.5,44.875,13.375,31.5,26.625,15.375,1.9066181077694238,13.0,34.75,37.375,30.625,57.125,53.62366931361666,22.5,28.125,80.025,0.0,7.625,0.5154605263157894,7.625,21.75,0.36602357787140394,15.375,0.0,140.25,114.625,45.0,56.0,13.625,43.625,13.875,29.75,25.5,10.875,2.4925595238095237,15.0,45.125,33.6,28.0,49.625,57.28799798691982,13.625,17.75,77.55,0.0,9.5,0.9360119047619048,4.5,24.0,0.18730207779549884,10.875,0.0,131.0
108,122,2025-11-11,1,1,2025-26,Sacramento Kings,Denver Nuggets,116.5,34.875,60.5,21.125,41.25,9.25,32.0,26.5,14.875,1.8984272875816994,11.625,30.875,37.5625,30.25,57.875,52.22244009520887,21.125,26.125,79.3125,0.0,8.5,0.6034722222222223,2.75,20.25,0.14075708809164691,14.875,0.0,128.75,123.375,33.375,67.5,22.5,48.5,11.875,36.625,30.75,14.375,2.3913325746965457,11.125,32.75,34.1875,33.75,56.5,60.202529293926986,22.5,26.5,84.4625,0.0,8.25,0.6278840483561845,3.875,20.625,0.19897946859903382,14.375,0.0,152.0
126,102,2025-11-11,1,1,2025-26,Oklahoma City Thunder,Golden State Warriors,120.375,42.0,59.0,19.375,47.625,9.875,37.75,25.875,11.25,2.5608974358974357,14.0,40.625,34.1875,29.5,50.25,59.25293947404796,19.375,22.5,86.175,0.0,10.5,1.1104312354312353,6.25,20.25,0.32835481163318014,11.25,0.0,148.875,112.5,45.375,49.0,18.125,43.5,10.25,33.25,27.375,15.5,1.846703241933505,15.125,42.5,35.6,24.5,44.875,54.79895706252146,18.125,22.125,81.9375,0.0,8.125,0.5602424165746535,4.875,20.125,0.2518989860901626,15.5,0.0,129.125
152,128,2025-11-11,1,1,2025-26,Utah Jazz,Indiana Pacers,111.125,34.875,50.5,25.75,48.125,15.5,32.625,26.5,17.5,1.5875693020429862,11.625,39.25,29.25,25.25,50.625,49.729508135939234,25.75,31.125,82.175,0.0,7.0,0.4155094174831017,3.625,22.625,0.1573450718671307,17.5,0.0,120.5,104.75,33.75,51.5,19.5,49.25,15.375,33.875,23.125,14.75,1.642605148119854,11.25,38.625,29.075,25.75,56.5,45.63935845983631,19.5,26.5,72.4375,0.0,7.25,0.5253612808759868,4.875,23.25,0.20711084607550023,14.75,0.0,109.375
120,125,2025-11-12,1,1,2025-26,San Antonio Spurs,Golden State Warriors,118.5,39.0,56.25,23.25,43.125,10.625,32.5,26.125,16.0,1.7184651970836182,13.0,35.875,36.9625,28.125,47.375,59.163434416079994,23.25,28.5,82.1125,0.0,9.625,0.6168318523581681,5.0,21.25,0.2620115532864557,16.0,0.0,139.0,108.875,43.125,47.75,18.0,42.625,10.125,32.5,25.75,16.125,1.7023580038382669,14.375,41.5,34.712500000000006,23.875,44.75,53.39671347277787,18.0,22.0,81.85000000000001,0.0,9.25,0.6007930118127487,4.75,20.625,0.24371446228063876,16.125,0.0,123.125
121,92,2025-11-12,1,1,2025-26,Oklahoma City Thunder,Los Angeles Lakers,123.5,45.75,56.5,21.25,45.75,10.0,35.75,26.875,12.125,2.5402243589743585,15.25,41.375,37.2375,28.25,48.625,58.66783309106924,21.25,24.75,86.0875,0.0,11.375,1.1373543123543124,6.125,20.0,0.3249904223992257,12.125,0.0,151.5,116.875,34.125,62.5,20.25,39.75,10.125,29.625,26.75,16.625,1.7288675565920149,11.375,33.125,34.4375,31.25,51.75,60.617605116412996,20.25,25.5,80.02499999999999,0.0,9.75,0.6456482449439106,4.0,21.0,0.2117809547908232,16.625,0.0,133.0
100,133,2025-11-12,1,1,2025-26,Sacramento Kings,Atlanta Hawks,115.0,31.875,61.5,21.625,40.625,8.75,31.875,27.0,14.125,2.0749897875816994,10.625,29.625,36.112500000000004,30.75,57.125,53.85539765489057,21.625,26.75,79.675,0.0,7.375,0.5519097222222222,2.625,19.875,0.13783066668696464,14.125,0.0,128.0,116.0,34.125,62.75,19.125,43.375,10.0,33.375,29.625,13.625,2.7440648620067956,11.375,32.375,34.925000000000004,31.375,56.0,56.16753990541706,19.125,24.125,80.21249999999999,0.0,9.625,0.8544802284862353,5.5,20.75,0.26717414114355154,13.625,0.0,139.875
111,100,2025-11-12,1,1,2025-26,Charlotte Hornets,Milwaukee Bucks,115.625,43.125,51.0,21.5,46.0,11.75,34.25,25.5,17.625,1.5295548654244309,14.375,39.25,36.75,25.5,46.875,54.52490903853234,21.5,25.0,86.2,0.0,6.75,0.4133626639061422,5.5,20.375,0.2725329380764163,17.625,0.0,132.0,118.5,45.75,57.0,15.75,39.625,8.375,31.25,26.0,13.75,1.9571423368298368,15.25,37.625,40.699999999999996,28.5,50.375,56.920069598423254,15.75,22.25,70.975,0.0,7.5,0.5680907634032634,4.875,23.125,0.22337142024642026,13.75,0.0,132.0
124,113,2025-11-12,1,1,2025-26,Detroit Pistons,Chicago Bulls,118.75,32.25,63.5,23.0,48.75,15.0,33.75,25.0,16.0,1.661401098901099,10.75,32.25,33.325,31.75,58.75,54.14851463744645,23.0,30.5,74.02499999999999,0.0,11.0,0.7102506868131868,5.375,22.875,0.2362405302674477,16.0,0.0,136.875,120.875,43.5,59.0,18.375,46.375,10.375,36.0,30.25,14.5,2.1793917887667886,14.5,35.75,40.6,29.5,53.75,55.03978744437718,18.375,22.5,80.63749999999999,0.0,8.0,0.5795367826617827,4.375,20.625,0.21428827751196172,14.5,0.0,145.75
107,124,2025-11-12,1,1,2025-26,New York Knicks,Orlando Magic,124.25,52.125,55.0,17.125,46.5,14.625,31.875,29.375,13.375,2.231479458041958,17.375,44.5,39.449999999999996,27.5,50.375,54.60456331161446,17.125,20.5,83.975,0.0,8.5,0.6355035589410589,4.0,20.625,0.21038690476190477,13.375,0.0,145.875,118.125,34.125,58.75,25.25,44.25,12.25,32.0,26.375,15.5,1.7443180916091134,11.375,32.375,34.5625,29.375,51.875,56.41488717912794,25.25,31.625,80.3875,0.0,7.875,0.5093613558783837,6.0,22.375,0.2987530963718035,15.5,0.0,137.25
131,95,2025-11-12,1,1,2025-26,Boston Celtics,Memphis Grizzlies,111.875,43.125,54.75,14.0,43.5,13.5,30.0,25.25,10.75,2.4935064935064934,14.375,43.25,33.625,27.375,51.125,54.27873872766057,14.0,18.25,77.4125,0.0,9.375,0.9293831168831169,4.375,23.125,0.19496139152098904,10.75,0.0,126.75,110.375,41.625,50.0,18.75,44.5,10.875,33.625,28.25,15.875,1.838878156157568,13.875,39.375,35.2375,25.0,49.25,50.736734270586034,18.75,22.75,82.425,0.0,7.875,0.5147587706411236,3.375,20.75,0.16467844075429217,15.875,0.0,124.75
116,130,2025-11-12,1,1,2025-26,LA Clippers,Denver Nuggets,106.5,37.5,52.25,16.75,40.75,9.75,31.0,23.0,16.25,1.5184417008430167,12.5,36.125,34.125,26.125,46.0,56.419549583778306,16.75,21.375,78.8,0.0,9.0,0.5699721605149237,5.0,17.875,0.3081836535783904,16.25,0.0,119.875,122.0,34.875,66.75,20.375,49.125,12.375,36.75,29.875,14.0,2.379914305465776,11.625,33.0,35.4875,33.375,56.5,59.494982124115666,20.375,24.625,82.875,0.0,7.25,0.5762013560484922,4.0,20.125,0.20670258072718026,14.0,0.0,149.5
117,125,2025-11-12,1,1,2025-26,New Orleans Pelicans,Portland Trail Blazers,105.25,38.25,48.5,18.5,40.875,12.625,28.25,22.25,15.125,1.5220716171083817,12.75,35.75,35.25,24.25,50.5,47.86157669589575,18.5,24.5,76.1375,0.0,8.5,0.5662215847877613,2.625,19.25,0.1388688082194947,15.125,0.0,109.125,119.125,42.0,55.0,22.125,44.375,15.75,28.625,25.75,16.5,1.6141447368421051,14.0,43.5,32.0125,27.5,50.75,54.30658307402235,22.125,27.25,81.8375,0.0,10.375,0.634022154745839,4.625,24.125,0.20639562643239112,16.5,0.0,129.875
116,130,2025-11-12,1,1,2025-26,Miami Heat,Cleveland Cavaliers,124.875,39.0,64.75,21.125,41.875,7.875,34.0,31.375,13.5,2.43986066017316,13.0,35.125,37.2625,32.375,56.375,57.437276161114504,21.125,26.125,80.9125,0.0,9.75,0.7474567099567099,4.0,20.25,0.1934933574879227,13.5,0.0,147.25,123.125,51.75,52.0,19.375,45.75,15.25,30.5,28.625,13.75,2.271527777777778,17.25,48.75,35.525,26.0,48.125,54.071053946053944,19.375,25.125,78.33749999999999,0.0,9.625,0.7407738095238094,5.75,22.875,0.27873404917522565,13.75,0.0,139.75
135,112,2025-11-12,1,1,2025-26,Houston Rockets,Washington Wizards,122.625,38.25,61.75,22.625,48.625,15.25,33.375,26.25,16.625,1.7067085488041371,12.75,28.125,45.225,30.875,59.0,52.457129117136624,22.625,29.125,78.77499999999999,0.0,9.625,0.6244469582704877,5.25,19.625,0.3037561316392586,16.625,0.0,145.75,112.5,39.75,56.75,16.0,44.625,11.625,33.0,25.875,19.125,1.3659171873364144,13.25,35.75,36.65,28.375,54.875,51.95113130574668,16.0,21.375,73.875,0.0,6.375,0.3451689419093343,6.25,23.875,0.2679873719275893,19.125,0.0,122.125
114,123,2025-11-12,1,1,2025-26,Dallas Mavericks,Phoenix Suns,108.75,26.625,61.5,20.625,45.375,10.625,34.75,24.625,15.5,1.6478801169590644,8.875,32.375,27.5125,30.75,54.75,56.25353163124403,20.625,28.125,72.0375,0.0,9.375,0.6358243364822312,6.375,20.25,0.32216543260660907,15.5,0.0,124.0,119.0,51.75,49.25,18.0,43.25,11.625,31.625,29.625,16.5,1.868173727824463,17.25,42.375,41.362500000000004,24.625,45.875,54.05538070323838,18.0,21.875,83.2375,0.0,10.75,0.6744966736694678,4.75,22.125,0.21811680479915635,16.5,0.0,140.625
113,126,2025-11-13,1,1,2025-26,Cleveland Cavaliers,Toronto Raptors,124.875,52.875,52.75,19.25,45.875,15.625,30.25,29.5,12.875,2.4229700854700855,17.625,50.25,35.325,26.375,49.0,53.86929956008903,19.25,24.625,79.18749999999999,0.0,9.875,0.7970238095238096,6.5,22.375,0.31825785869903517,12.875,0.0,143.125,116.125,41.625,55.25,19.25,40.625,9.5,31.125,29.125,12.75,2.435421522921523,13.875,36.0,38.387499999999996,27.625,51.25,53.73298943351131,19.25,24.125,79.5875,0.0,7.5,0.6063216297591297,4.75,22.75,0.2122378828900568,12.75,0.0,134.75
133,98,2025-11-13,1,1,2025-26,Phoenix Suns,Indiana Pacers,117.625,49.5,50.5,17.625,43.0,11.0,32.0,28.875,16.25,1.860733251633987,16.5,39.875,41.8125,25.25,47.0,54.17792972284622,17.625,21.25,83.6625,0.0,10.75,0.6938419117647059,4.125,21.0,0.20238404617846667,16.25,0.0,139.375,107.0,32.25,54.25,20.5,47.5,15.25,32.25,23.75,13.625,1.9192595598845599,10.75,38.25,28.075000000000003,27.125,57.875,46.76997199557319,20.5,26.75,75.3125,0.0,7.125,0.5676406926406926,5.0,23.125,0.21280885177350595,13.625,0.0,112.25
122,132,2025-11-13,1,1,2025-26,Utah Jazz,Atlanta Hawks,112.875,36.0,51.5,25.375,45.75,13.625,32.125,27.875,17.0,1.7266043897622845,12.0,38.375,30.8125,25.75,49.5,51.79730474610873,25.375,31.0,81.44999999999999,0.0,6.375,0.38787783853573327,3.5,22.625,0.15271544223750105,17.0,0.0,123.625,117.25,36.375,61.25,19.625,44.5,9.875,34.625,30.875,15.5,2.327398195340129,12.125,33.375,35.9375,30.625,53.375,57.859459097336256,19.625,24.375,81.6875,0.0,10.375,0.771146895152902,6.125,21.125,0.29732119996708095,15.5,0.0,144.875
104,118,2025-11-14,1,1,2025-26,New Orleans Pelicans,Los Angeles Lakers,108.625,39.75,51.25,17.625,40.875,13.125,27.75,23.625,14.625,1.7202859028226676,13.25,36.125,36.2875,25.625,51.0,50.125198490767545,17.625,23.625,75.6875,0.0,8.375,0.5787215847877613,2.875,19.375,0.15136880821949472,14.625,0.0,115.5,114.875,35.625,59.25,20.0,39.75,9.75,30.0,26.25,16.0,1.7326175565920148,11.875,34.125,35.125,29.625,49.625,59.57846064506513,20.0,25.75,78.4125,0.0,9.5,0.6468982449439106,3.375,21.0,0.17888621794871795,16.0,0.0,129.75
127,133,2025-11-14,1,1,2025-26,Dallas Mavericks,LA Clippers,105.625,29.25,58.0,18.375,44.875,10.125,34.75,24.625,15.625,1.6383563074352547,9.75,35.0,27.225,29.0,52.25,56.11228869339093,18.375,25.375,70.825,0.0,9.125,0.6203481460060407,6.75,19.875,0.34285941253971947,15.625,0.0,119.875,106.75,39.0,50.5,17.25,39.5,10.25,29.25,23.25,15.125,1.6163583675096833,13.0,36.875,34.6875,25.25,45.75,54.90522044786862,17.25,21.875,78.975,0.0,8.125,0.5460138271815904,4.875,18.25,0.30031328320802003,15.125,0.0,118.375
140,116,2025-11-14,1,1,2025-26,Houston Rockets,Portland Trail Blazers,125.625,40.875,64.75,20.0,49.625,15.625,34.0,28.375,16.375,1.906113310708899,13.625,29.75,45.612500000000004,32.375,59.0,54.91614551057924,20.0,26.0,77.83749999999999,0.0,9.0,0.5931969582704877,5.75,18.875,0.3350061316392586,16.375,0.0,153.25,121.375,42.75,58.0,20.625,44.0,14.625,29.375,26.0,16.125,1.6766447368421051,14.25,43.0,33.05,29.0,50.125,58.18019773727896,20.625,25.125,83.3,0.0,9.5,0.588349077822762,5.0,24.25,0.22289995543672014,16.125,0.0,135.375
147,134,2025-11-14,1,1,2025-26,Milwaukee Bucks,Charlotte Hornets,115.875,45.0,56.75,14.125,39.125,9.125,30.0,26.25,13.25,2.1003047299922297,15.0,37.125,40.55,28.375,52.0,54.89899680148839,14.125,20.875,67.725,0.0,7.375,0.5841164044289044,4.625,23.25,0.2098432817182817,13.25,0.0,127.5,112.125,42.0,49.5,20.625,45.75,12.25,33.5,25.125,18.125,1.4279923654244309,14.0,39.5,35.5625,24.75,45.875,54.18271902242928,20.625,23.875,86.4375,0.0,5.875,0.3274251639061422,5.625,20.25,0.282949604743083,18.125,0.0,126.5
124,110,2025-11-14,1,1,2025-26,Minnesota Timberwolves,Sacramento Kings,123.875,45.0,59.0,19.875,40.875,9.0,31.875,28.5,15.0,2.0101508785332314,15.0,36.0,41.575,29.5,50.125,58.912877053815414,19.875,24.5,81.97500000000001,0.0,8.125,0.5858904167727698,5.75,21.75,0.2597845994585125,15.0,0.0,145.875,114.875,33.375,60.5,21.0,39.25,8.75,30.5,27.125,14.5,2.058078022875817,11.125,30.875,36.2875,30.25,56.75,53.24050547160216,21.0,26.375,78.0875,0.0,6.875,0.5147773692810458,2.375,20.25,0.12097211405538569,14.5,0.0,124.375
140,132,2025-11-14,1,1,2025-26,New York Knicks,Miami Heat,124.25,50.625,56.25,17.375,44.625,13.875,30.75,29.0,13.125,2.2303633866133867,16.875,42.25,39.8,28.125,51.375,54.801241633292776,17.375,20.75,84.23750000000001,0.0,8.625,0.6544767732267732,4.0,20.75,0.20976190476190476,13.125,0.0,145.375,121.375,37.125,64.25,20.0,42.75,8.0,34.75,30.75,14.75,2.2261160714285713,12.375,34.125,36.775,32.125,57.125,56.1730862746336,20.0,25.0,80.125,0.0,9.5,0.6922619047619047,4.5,21.875,0.20373042645343994,14.75,0.0,142.375
105,98,2025-11-14,1,1,2025-26,Orlando Magic,Brooklyn Nets,118.125,35.625,57.0,25.5,45.0,12.125,32.875,26.625,15.75,1.7263693736603956,11.875,33.375,35.1125,28.5,51.375,55.376323789521855,25.5,31.0,82.4375,0.0,8.625,0.5542331507501785,5.625,22.5,0.2807194995338588,15.75,0.0,138.375,107.625,39.0,46.75,21.875,39.625,12.625,27.0,23.5,15.875,1.5382606154810103,13.0,41.0,31.5375,23.375,44.375,52.259996988942916,21.875,28.25,77.25,0.0,6.5,0.4293847599768652,3.875,20.75,0.1968014705882353,15.875,0.0,109.875
108,109,2025-11-14,1,1,2025-26,San Antonio Spurs,Golden State Warriors,118.75,39.75,57.5,21.5,43.625,10.875,32.75,27.375,16.625,1.7392985304169515,13.25,37.375,35.9,28.75,47.875,59.81851462998374,21.5,26.0,83.325,0.0,9.375,0.5897485190248348,4.625,21.375,0.2450278576342818,16.625,0.0,139.375,112.25,44.625,46.0,21.625,42.375,9.875,32.5,26.5,16.5,1.7059637730690362,14.875,43.0,34.5875,23.0,43.125,53.3858249710357,21.625,26.0,83.5875,0.0,9.5,0.5965862810435179,4.75,21.0,0.2395477956139721,16.5,0.0,126.25
114,105,2025-11-14,1,1,2025-26,Detroit Pistons,Philadelphia 76ers,119.375,33.75,65.25,20.375,47.375,14.0,33.375,26.0,16.375,1.6868945199537304,11.25,31.75,35.425000000000004,32.625,58.875,55.500915767389955,20.375,28.0,71.5125,0.0,11.75,0.7410895026026605,5.375,23.0,0.23519886360078104,16.375,0.0,139.125,118.5,39.0,58.25,21.25,45.5,12.625,32.875,26.5,15.625,1.7935228696741856,13.0,35.125,36.9375,29.125,55.125,52.712210980283324,21.25,26.5,80.3875,0.0,7.25,0.4539525898078529,7.25,21.125,0.3584478202956464,15.625,0.0,136.0
96,109,2025-11-15,1,1,2025-26,Charlotte Hornets,Oklahoma City Thunder,114.25,41.625,51.5,21.125,45.5,12.375,33.125,25.75,17.5,1.5455137329457982,13.875,39.5,35.287499999999994,25.75,46.875,55.14707960943138,21.125,24.625,86.025,0.0,6.125,0.37069439467537296,5.375,20.625,0.2680686523621306,17.5,0.0,129.25,125.25,45.0,57.5,22.75,45.5,9.5,36.0,27.125,11.625,2.6417395104895105,15.0,40.75,37.1125,28.75,48.75,59.539431730525024,22.75,26.375,86.25,0.0,11.75,1.2047785547785548,5.375,20.0,0.2855167381886994,11.625,0.0,154.0
111,129,2025-11-15,1,1,2025-26,Indiana Pacers,Toronto Raptors,106.125,30.0,54.5,21.625,46.125,14.875,31.25,23.75,13.375,1.9490214646464645,10.0,35.75,27.962500000000002,27.25,58.125,46.81225666900539,21.625,26.875,78.91250000000001,0.0,6.625,0.537878787878788,4.5,22.25,0.19968189252585705,13.375,0.0,111.875,119.0,41.625,58.25,19.125,43.5,10.75,32.75,30.125,12.625,2.524111999111999,13.875,35.875,38.53750000000001,29.125,52.5,55.198088351017844,19.125,23.375,82.1125,0.0,7.125,0.5848930583305583,5.125,22.375,0.2342487524552742,12.625,0.0,142.625
108,100,2025-11-15,1,1,2025-26,Cleveland Cavaliers,Memphis Grizzlies,125.875,50.25,56.0,19.625,45.25,16.0,29.25,29.625,12.625,2.4705891330891334,16.75,48.875,34.2875,28.0,50.875,55.19072813151761,19.625,24.875,79.9125,0.0,10.0,0.8163690476190476,6.75,22.125,0.33303058597176244,12.625,0.0,144.625,108.0,39.75,48.25,20.0,44.5,11.625,32.875,27.5,15.0,1.9234369796869797,13.25,40.0,33.2125,24.125,48.875,49.43428671813848,20.0,24.375,81.95,0.0,7.375,0.5265234765234765,3.5,20.875,0.17039739500265816,15.0,0.0,120.0
95,119,2025-11-15,1,1,2025-26,Milwaukee Bucks,Los Angeles Lakers,119.25,45.375,58.75,15.125,39.75,8.875,30.875,27.75,14.0,2.1152195027195027,15.125,35.625,42.7375,29.375,52.125,56.727428174037414,15.125,22.0,68.7375,0.0,7.75,0.5862470862470862,4.75,23.625,0.21347964535464536,14.0,0.0,135.125,115.125,35.25,59.25,20.625,40.375,9.625,30.75,25.5,15.875,1.7033777905101437,11.75,34.5,34.3625,29.625,49.375,59.9053837219882,20.625,26.25,79.5,0.0,10.375,0.697702338511162,3.375,20.375,0.18724183292198,15.875,0.0,130.75
112,123,2025-11-15,1,1,2025-26,Minnesota Timberwolves,Denver Nuggets,125.125,45.75,59.0,20.375,43.125,9.75,33.375,29.625,15.375,2.0462619896443424,15.25,36.625,41.7125,29.5,49.625,59.490466580192006,20.375,25.875,80.375,0.0,8.375,0.5886681945505475,5.0,21.5,0.22739823582214885,15.375,0.0,148.875,122.375,34.875,66.25,21.25,48.625,12.5,36.125,29.625,13.75,2.3947952578467286,11.625,34.0,34.0125,33.125,55.0,60.59175631766405,21.25,25.875,82.2375,0.0,7.75,0.6253084989056351,3.875,18.875,0.21265496167956122,13.75,0.0,149.625
121,118,2025-11-16,1,1,2025-26,Boston Celtics,LA Clippers,112.625,43.125,56.75,12.75,44.125,13.5,30.625,25.875,10.875,2.5173701298701303,14.375,42.5,34.175,28.375,52.375,54.922927324151786,12.75,16.75,77.4125,0.0,8.5,0.8373376623376623,5.0,23.25,0.2252245494157259,10.875,0.0,129.125,113.5,41.625,52.5,19.375,39.25,9.5,29.75,24.75,16.0,1.6577985849009877,13.875,38.0,36.2875,26.25,46.25,56.32994127959754,19.375,24.375,79.22500000000001,0.0,9.25,0.5782828489207208,5.375,21.625,0.27375078320802004,16.0,0.0,127.0
106,124,2025-11-16,1,1,2025-26,New Orleans Pelicans,Golden State Warriors,110.625,41.625,51.75,17.25,41.625,13.0,28.625,24.5,15.375,1.718500188536953,13.875,36.125,38.125,25.875,51.5,50.13411114673902,17.25,22.25,78.0875,0.0,8.625,0.5671144419306184,2.875,20.375,0.14267315604558167,15.375,0.0,120.0,112.125,46.125,45.5,20.5,41.75,10.625,31.125,25.875,15.625,1.7252819548872182,15.375,43.875,35.0375,22.75,42.875,53.102137027773296,20.5,25.0,82.675,0.0,9.625,0.6261317355889725,5.0,21.375,0.24543014855514855,15.625,0.0,125.625
138,133,2025-11-16,1,1,2025-26,Dallas Mavericks,Portland Trail Blazers,109.75,28.5,61.25,20.0,46.625,10.75,35.875,24.375,17.625,1.4505785296574771,9.5,34.625,26.85,30.625,54.125,57.38957043942268,20.0,27.375,71.27499999999999,0.0,9.75,0.5920148126727074,7.125,21.125,0.3445260792063861,17.625,0.0,124.0,120.625,42.375,57.0,21.25,43.375,14.25,29.125,25.25,16.25,1.6312499999999999,14.125,42.125,33.4875,28.5,49.25,58.14482037878839,21.25,26.625,80.4375,0.0,8.5,0.5344017094017094,4.125,24.375,0.17061237373737373,16.25,0.0,131.5
117,113,2025-11-16,1,1,2025-26,Houston Rockets,Orlando Magic,126.0,41.25,65.5,19.25,50.875,17.0,33.875,27.5,15.875,2.0352799773755654,13.75,31.375,44.0875,32.75,60.0,54.51017582298259,19.25,25.25,77.39999999999999,0.0,9.75,0.8015302916038209,6.0,18.875,0.34636976800289493,15.875,0.0,153.375,116.75,36.75,55.75,24.25,45.375,11.125,34.25,26.5,16.0,1.7027625625148846,12.25,34.375,35.087500000000006,27.875,49.75,55.85709302029108,24.25,28.625,84.4,0.0,8.375,0.5372052869730888,5.625,21.125,0.29663385138571063,16.0,0.0,138.25
122,124,2025-11-16,1,1,2025-26,Phoenix Suns,Atlanta Hawks,120.125,48.375,53.25,18.5,43.375,11.25,32.125,28.125,15.0,1.927832818733554,16.125,39.25,41.449999999999996,26.625,47.5,56.38445146197665,18.5,22.5,82.825,0.0,10.125,0.6965475394703335,4.375,21.5,0.2086340461784667,15.0,0.0,143.125,119.125,40.5,59.0,19.625,44.375,9.375,35.0,31.25,16.75,2.061773195340129,13.5,35.125,37.4,29.5,51.25,57.796474601212225,19.625,24.375,81.6875,0.0,11.25,0.724271895152902,5.875,20.125,0.30052632817220915,16.75,0.0,147.0
123,110,2025-11-16,1,1,2025-26,San Antonio Spurs,Sacramento Kings,117.125,40.125,57.25,19.75,44.0,11.375,32.625,27.25,16.625,1.7333461494645706,13.375,38.75,34.4875,28.625,48.75,58.3424508001965,19.75,23.875,83.4375,0.0,9.0,0.571891376167692,5.0,21.625,0.26244271831539634,16.625,0.0,136.125,114.5,35.25,58.75,20.5,40.875,9.75,31.125,27.625,15.125,1.9747446895424838,11.75,31.5,37.7125,29.375,57.5,50.94883880493549,20.5,26.5,75.8875,0.0,7.125,0.48977736928104576,2.625,21.375,0.12549700093321375,15.125,0.0,123.75
150,147,2025-11-16,1,1,2025-26,Utah Jazz,Chicago Bulls,111.375,39.0,50.5,21.875,46.125,13.375,32.75,29.0,17.25,1.759274844307739,13.0,39.5,32.2875,25.25,49.375,50.91507685495227,21.875,27.5,78.72500000000001,0.0,6.25,0.37793465671755144,3.25,22.0,0.149151845746273,17.25,0.0,122.5,119.0,42.0,58.25,18.75,45.5,10.375,35.125,28.75,14.875,2.075225122100122,14.0,34.5,40.5,29.125,54.25,53.71614477976417,18.75,23.375,79.60000000000001,0.0,8.75,0.6102907509157509,4.625,20.375,0.23095494417862836,14.875,0.0,141.5
106,129,2025-11-16,1,1,2025-26,Washington Wizards,Brooklyn Nets,109.75,39.0,55.0,15.75,43.0,11.5,31.5,24.875,18.625,1.368521354003081,13.0,35.125,36.65,27.5,53.625,51.56050630574668,15.75,21.125,73.5,0.0,5.875,0.3295439419093343,6.25,22.875,0.2755631295033469,18.625,0.0,117.5,106.25,37.125,47.25,21.875,39.25,11.625,27.625,23.625,15.0,1.7525463297667245,12.375,40.875,30.05,23.625,44.875,52.19477959763857,21.875,28.0,78.2875,0.0,7.25,0.5633133314054367,4.375,20.125,0.2231172600619195,15.0,0.0,109.875
110,108,2025-11-17,1,1,2025-26,Philadelphia 76ers,LA Clippers,114.25,37.875,57.5,18.875,44.375,12.0,32.375,25.625,15.75,1.7197133458646618,12.625,34.75,36.3625,28.75,54.25,52.80517920205479,18.875,23.75,80.4125,0.0,7.5,0.4664525898078529,6.375,21.0,0.31797162981945587,15.75,0.0,129.875,112.5,41.25,50.75,20.5,40.125,9.5,30.625,24.125,16.25,1.5714890610914638,13.75,37.5,36.475,25.375,45.75,55.10168041003232,20.5,25.5,79.57499999999999,0.0,8.25,0.4889971346350065,5.5,21.75,0.2780270989974937,16.25,0.0,125.125
110,108,2025-11-17,1,1,2025-26,Toronto Raptors,Charlotte Hornets,120.0,36.375,63.0,20.625,46.5,11.25,35.25,30.125,13.125,2.4205405705405707,12.125,34.625,34.8875,31.5,54.0,58.078205310082176,20.625,26.25,80.6375,0.0,8.0,0.6259644869019869,5.25,21.625,0.24338336783988956,13.125,0.0,146.125,112.875,43.5,49.0,20.375,45.625,12.375,33.25,25.625,16.75,1.5943232567553218,14.5,41.0,35.4625,24.5,47.0,52.69686996582551,20.375,23.625,86.7375,0.0,6.25,0.3909324899134682,5.25,19.125,0.2964777432712215,16.75,0.0,126.625
120,96,2025-11-17,1,1,2025-26,Minnesota Timberwolves,Dallas Mavericks,124.75,43.875,60.25,20.625,43.875,9.625,34.25,28.75,14.75,2.0590825024648556,14.625,37.125,39.137499999999996,30.125,49.875,60.41639250611793,20.625,26.0,81.025,0.0,8.5,0.6196511005334535,5.25,22.0,0.232631730186078,14.75,0.0,148.75,113.625,32.25,61.75,19.625,46.625,11.5,35.125,25.875,17.125,1.587420634920635,10.75,35.875,29.7625,30.875,54.875,57.10641097593534,19.625,27.75,69.575,0.0,10.125,0.6240323565323566,7.375,21.125,0.35588971557002247,17.125,0.0,129.25
127,112,2025-11-17,1,1,2025-26,Detroit Pistons,Indiana Pacers,121.75,36.0,65.75,20.0,47.125,13.625,33.5,27.5,14.875,1.8764549595141702,12.0,32.625,36.5625,32.875,58.625,56.19458946328341,20.0,26.875,73.5875,0.0,11.375,0.7637543377674957,5.75,21.5,0.2694280725257303,14.875,0.0,145.375,106.5,30.75,54.5,21.25,45.0,13.5,31.5,23.625,13.875,1.8813131313131313,10.25,35.25,28.862499999999997,27.25,57.125,47.77379513054386,21.25,26.125,79.625,0.0,6.5,0.514441287878788,4.5,23.375,0.19124439252585704,13.875,0.0,112.5
127,130,2025-11-17,1,1,2025-26,Denver Nuggets,Chicago Bulls,122.5,34.875,64.0,23.625,47.5,12.125,35.375,28.25,13.625,2.316498554550025,11.625,32.375,35.8875,32.0,55.75,57.524626688034424,23.625,28.875,81.725,0.0,8.125,0.6582755318726681,4.125,18.375,0.23038951545530492,13.625,0.0,147.125,121.625,43.875,57.0,20.75,47.25,10.375,36.875,29.25,15.0,2.089011886806005,14.625,36.75,39.775000000000006,28.5,54.125,52.76640778385535,20.75,25.125,81.6,0.0,8.875,0.6148863391510451,5.625,21.5,0.2615583924544904,15.0,0.0,145.5
109,126,2025-11-17,1,1,2025-26,New Orleans Pelicans,Oklahoma City Thunder,108.375,37.875,53.75,16.75,41.875,13.375,28.5,23.75,16.125,1.6161192361560008,12.625,35.125,35.5,26.875,52.5,51.10029472161825,16.75,22.25,76.3625,0.0,9.0,0.5659239657401423,2.875,20.125,0.14614537826780388,16.125,0.0,116.125,123.0,43.125,59.0,20.875,45.875,9.375,36.5,26.75,12.625,2.2697157009657007,14.375,37.5,39.0,29.5,50.875,58.83596852706182,20.875,24.125,85.9875,0.0,10.875,0.9518023643023643,5.125,20.0,0.2688500715220328,12.625,0.0,151.25
118,106,2025-11-17,1,1,2025-26,Cleveland Cavaliers,Milwaukee Bucks,126.75,49.875,56.75,20.125,46.125,15.5,30.625,29.625,13.5,2.399160561660562,16.625,48.125,34.55,28.375,50.75,56.20816999198273,20.125,25.625,79.95,0.0,9.625,0.7687499999999999,6.625,23.75,0.2898758240670005,13.5,0.0,145.875,114.5,45.375,54.5,14.625,40.0,9.25,30.75,26.5,14.75,1.9213692353398235,15.125,36.5,41.6875,27.25,51.0,53.4103550033057,14.625,21.125,69.0125,0.0,7.875,0.5735465514877279,5.0,23.25,0.22560339117404332,14.75,0.0,127.5
115,113,2025-11-17,1,1,2025-26,Miami Heat,New York Knicks,125.25,38.625,64.5,22.125,43.375,9.25,34.125,30.875,14.375,2.308096590909091,12.875,34.875,37.2375,32.25,57.0,56.531306485794985,22.125,27.875,80.225,0.0,9.25,0.6841450216450217,4.875,22.25,0.2184043394969182,14.375,0.0,146.75,127.875,53.625,56.5,17.75,45.375,14.25,31.125,30.0,12.5,2.499594155844156,17.875,43.875,40.6875,28.25,51.25,55.16888869211631,17.75,21.5,83.275,0.0,8.625,0.7085633116883118,4.0,21.0,0.20872670807453414,12.5,0.0,150.625
111,101,2025-11-18,1,1,2025-26,San Antonio Spurs,Memphis Grizzlies,119.125,40.125,59.5,19.5,43.75,11.375,32.375,28.75,17.125,1.7545582706766916,13.375,38.375,34.824999999999996,29.75,49.25,60.09415148046861,19.5,23.25,84.6125,0.0,8.625,0.5165883458646616,4.5,21.625,0.23303095360951398,17.125,0.0,139.375,106.5,37.875,47.0,21.625,45.0,11.375,33.625,26.625,15.5,1.7802551615051616,12.625,38.375,32.8375,23.5,49.625,47.49562931073107,21.625,27.0,80.4875,0.0,7.375,0.49925074925074925,4.125,20.875,0.19539739500265815,15.5,0.0,116.875
110,127,2025-11-18,1,1,2025-26,Portland Trail Blazers,Phoenix Suns,120.25,39.75,58.75,21.75,45.125,15.25,29.875,24.25,15.5,1.6659722222222222,13.25,41.125,32.4375,29.375,52.375,56.58347521988225,21.75,27.25,80.3375,0.0,7.75,0.5205128205128206,4.125,24.25,0.17120422979797978,15.5,0.0,129.625,120.625,45.75,56.0,18.875,43.75,12.25,31.5,27.25,15.625,1.7844504657923774,15.25,37.0,41.1875,28.0,50.5,55.7292970017198,18.875,22.625,84.25,0.0,10.0,0.6585573433919022,4.0,21.375,0.19425904617846668,15.625,0.0,142.0
121,113,2025-11-18,1,1,2025-26,Orlando Magic,Golden State Warriors,115.5,35.25,55.0,25.25,45.375,10.5,34.875,25.5,15.375,1.7520414086687306,11.75,34.25,33.875,27.5,50.375,54.47765235513613,25.25,30.0,84.35000000000001,0.0,8.5,0.6129264408192426,5.875,21.5,0.30171758344312694,15.375,0.0,135.25,114.0,50.625,43.5,19.875,42.125,11.375,30.75,27.0,16.25,1.7323504072681704,16.875,45.375,36.9875,21.75,41.875,52.01518050603416,19.875,24.375,82.175,0.0,10.75,0.6704025689223058,5.0,20.875,0.24865076047141266,16.25,0.0,129.5
140,126,2025-11-18,1,1,2025-26,Los Angeles Lakers,Utah Jazz,115.375,35.25,59.0,21.125,41.25,10.375,30.875,25.375,16.125,1.672495437568967,11.75,33.875,35.0125,29.5,50.125,58.455024870313565,21.125,26.25,81.0125,0.0,11.0,0.726623907138613,3.5,20.875,0.18880433292197998,16.125,0.0,132.5,118.125,41.25,53.75,23.125,46.75,13.375,33.375,29.75,15.75,2.025147860180755,13.75,41.0,32.825,26.875,51.75,51.93251871541739,23.125,28.625,79.7125,0.0,7.375,0.5346806884635832,3.625,22.75,0.15889210548653274,15.75,0.0,132.25
112,120,2025-11-18,1,1,2025-26,Atlanta Hawks,Detroit Pistons,118.625,42.0,56.5,20.125,41.75,9.0,32.75,31.875,17.625,1.9441261365165994,14.0,36.75,37.3125,28.25,48.5,59.014852577402706,20.125,24.875,82.10000000000001,0.0,11.375,0.6801542480940785,5.625,19.625,0.29308925723399404,17.625,0.0,143.875,120.75,34.5,67.25,19.0,46.75,13.625,33.125,27.5,15.25,1.8307616822032455,11.5,33.0,34.699999999999996,33.625,57.625,58.63040758886336,19.0,26.375,71.725,0.0,11.125,0.7317165226414453,5.75,21.5,0.26942807252573037,15.25,0.0,143.75
99,113,2025-11-18,1,1,2025-26,Brooklyn Nets,Boston Celtics,108.375,39.375,46.25,22.75,38.875,10.625,28.25,24.75,14.875,1.8395254964333911,13.125,41.375,31.525,23.125,43.25,53.310620670909984,22.75,29.0,78.5625,0.0,7.25,0.56539666473877,4.875,20.25,0.2492610509115927,14.875,0.0,114.625,114.125,43.875,56.75,13.5,44.625,14.0,30.625,25.875,10.375,2.7340367965367967,14.625,41.75,35.4125,28.375,53.375,54.08587375272322,13.5,17.375,79.6875,0.0,8.25,0.8623376623376623,4.875,22.875,0.22448050179667828,10.375,0.0,131.375
121,122,2025-11-19,1,1,2025-26,Portland Trail Blazers,Chicago Bulls,120.375,39.375,60.0,21.0,45.125,15.125,30.0,24.0,16.375,1.5659722222222223,13.125,41.375,31.9625,30.0,52.875,57.23594774735478,21.0,25.875,81.4625,0.0,7.25,0.4584935897435897,4.25,22.75,0.2076625631313131,16.375,0.0,128.625,121.0,44.625,57.25,19.125,48.75,11.25,37.5,29.25,15.0,2.0890118868060044,14.875,38.75,38.512499999999996,28.625,54.375,52.71755845689052,19.125,23.125,81.46249999999999,0.0,8.5,0.5732196724843783,5.375,21.0,0.25524526114135915,15.0,0.0,144.25
104,114,2025-11-19,1,1,2025-26,Cleveland Cavaliers,Houston Rockets,126.875,48.0,59.0,19.875,46.25,14.375,31.875,29.0,13.5,2.3644383394383395,16.0,45.375,35.525,29.5,51.25,58.19680635561909,19.875,26.0,77.075,0.0,9.0,0.7340277777777778,6.75,22.375,0.30878338709221065,13.5,0.0,147.125,123.25,39.375,64.75,19.125,51.75,17.25,34.5,26.0,15.625,1.9656721342383108,13.125,30.125,43.675,32.375,62.875,51.70864073526329,19.125,24.625,78.6125,0.0,9.125,0.768687154348919,5.5,19.75,0.3056088984376775,15.625,0.0,147.0
118,125,2025-11-19,1,1,2025-26,New Orleans Pelicans,Denver Nuggets,108.75,36.375,56.5,15.875,41.5,13.375,28.125,23.125,16.75,1.5442609473859474,12.125,33.625,35.8625,28.25,54.75,51.62831196299756,15.875,20.125,79.3875,0.0,9.375,0.5729426823176824,3.0,20.625,0.14833069295311857,16.75,0.0,116.75,125.0,37.875,64.0,23.125,48.375,12.5,35.875,28.5,12.25,2.519623554550025,12.625,33.75,37.75,32.0,56.625,56.67459632980734,23.125,28.125,82.14999999999999,0.0,8.125,0.7125518476621417,3.875,17.5,0.23336570593149542,12.25,0.0,150.875
111,113,2025-11-19,1,1,2025-26,Dallas Mavericks,New York Knicks,112.875,32.25,60.25,20.375,47.0,11.5,35.5,23.75,17.75,1.418670634920635,10.75,35.125,30.3875,30.125,55.125,55.476908403036546,20.375,29.125,69.1125,0.0,9.5,0.5677823565323564,7.125,20.75,0.3486169882972952,17.75,0.0,124.375,126.375,50.25,58.25,17.875,46.5,14.125,32.375,29.5,13.125,2.3874618029029793,16.75,42.75,38.8125,29.125,52.75,55.159518377273734,17.875,21.625,83.4125,0.0,9.125,0.7287838999236058,4.25,20.125,0.23233781918564528,13.125,0.0,149.25
110,96,2025-11-19,1,1,2025-26,Miami Heat,Golden State Warriors,124.625,40.5,63.75,20.375,43.125,9.0,34.125,30.875,14.25,2.325358495670996,13.5,35.125,38.824999999999996,31.875,58.875,54.06918527367378,20.375,25.0,82.125,0.0,9.0,0.6704545454545454,5.125,22.375,0.22941624425882295,14.25,0.0,145.25,113.375,48.375,44.5,20.5,41.75,11.125,30.625,26.125,16.5,1.6550934628237262,16.125,44.625,35.85,22.25,42.0,53.04595867095867,20.5,25.375,81.375,0.0,11.0,0.6764789578111947,4.875,20.875,0.24170631602696818,16.5,0.0,127.5
120,109,2025-11-19,1,1,2025-26,Minnesota Timberwolves,Washington Wizards,124.5,42.75,60.25,21.5,46.5,10.875,35.625,28.25,15.625,1.870111914229561,14.25,38.125,37.2125,30.125,50.125,60.138923027760555,21.5,27.375,80.2,0.0,9.5,0.6372981593569829,5.625,22.25,0.2473097604891083,15.625,0.0,149.0,109.5,37.125,56.0,16.375,41.0,10.375,30.625,24.375,17.25,1.4514017887856898,12.375,34.375,35.75,28.0,54.375,51.844597214837584,16.375,21.75,73.8375,0.0,6.375,0.386156260749914,5.875,22.75,0.26171697565719304,17.25,0.0,116.125
127,118,2025-11-19,1,1,2025-26,Indiana Pacers,Charlotte Hornets,106.25,30.375,53.5,22.375,44.5,14.625,29.875,23.0,15.0,1.7444083694083694,10.125,35.0,28.7,26.75,56.75,47.2094420308134,22.375,28.25,78.075,0.0,6.625,0.48914366883116883,4.75,24.25,0.1955460119590554,15.0,0.0,109.375,113.25,42.375,50.5,20.375,46.0,12.875,33.125,25.125,17.0,1.537403613898179,14.125,40.375,34.975,25.25,47.75,53.47528200526506,20.375,24.0,85.625,0.0,7.125,0.4411557041991825,5.875,18.875,0.34558488612836435,17.0,0.0,128.0
112,121,2025-11-19,1,1,2025-26,Philadelphia 76ers,Toronto Raptors,114.5,37.125,58.5,18.875,45.125,12.0,33.125,25.5,14.625,1.8933244569757728,12.375,34.625,35.75,29.25,55.125,52.84974248191219,18.875,23.875,80.1125,0.0,7.625,0.5220081453634086,6.0,21.875,0.2756639375117636,14.625,0.0,131.0,119.75,35.25,64.75,19.75,45.875,11.0,34.875,29.875,13.0,2.416864099952335,11.75,34.0,34.475,32.375,55.375,58.3338524407293,19.75,25.25,80.1125,0.0,7.875,0.6222880163137516,5.625,22.0,0.25727225672877846,13.0,0.0,145.25
113,99,2025-11-19,1,1,2025-26,Oklahoma City Thunder,Sacramento Kings,121.625,42.0,58.75,20.875,45.375,10.0,35.375,26.375,13.25,2.160741341991342,14.0,36.75,38.849999999999994,29.375,52.0,56.683190749284044,20.875,24.375,85.1875,0.0,10.875,0.9197510822510823,5.25,19.75,0.27794098061294187,13.25,0.0,147.375,111.375,36.0,57.25,18.125,40.75,9.0,31.75,27.0,15.375,1.8601613562091504,12.0,32.125,37.800000000000004,28.625,56.875,50.24654753061032,18.125,24.25,74.03750000000001,0.0,7.375,0.4939440359477124,2.875,20.875,0.14160344351024456,15.375,0.0,119.5
137,96,2025-11-20,1,1,2025-26,Memphis Grizzlies,Sacramento Kings,106.125,38.25,47.75,20.125,47.25,12.625,34.625,27.375,15.625,1.8173430735930736,12.75,38.875,32.7625,23.875,51.25,46.77447546457723,20.125,25.625,76.8125,0.0,7.375,0.4951298701298701,4.625,20.5,0.2287307283359915,15.625,0.0,118.125,108.25,35.625,55.25,17.375,40.5,9.5,31.0,26.25,15.75,1.7809946895424837,11.875,32.25,37.2125,27.625,56.25,49.17238223230709,17.375,24.0,71.6875,0.0,8.25,0.535610702614379,2.75,20.625,0.13639511017691122,15.75,0.0,114.625
135,126,2025-11-20,1,1,2025-26,San Antonio Spurs,Atlanta Hawks,118.25,42.375,57.25,18.625,43.375,9.875,33.5,29.0,16.5,1.8865027151211362,14.125,38.5,36.5375,28.625,47.75,59.640935106199606,18.625,22.0,85.4,0.0,8.5,0.5572629490392649,4.25,21.0,0.22670654884760924,16.5,0.0,140.0,119.0,45.375,55.0,18.625,40.375,9.375,31.0,32.25,17.125,1.9958995918941738,15.125,39.375,38.3125,27.5,47.125,59.22480089781614,18.625,22.375,84.0125,0.0,11.375,0.690451730931607,5.875,20.0,0.3012737810435179,17.125,0.0,144.125
129,101,2025-11-20,1,1,2025-26,Orlando Magic,LA Clippers,115.0,33.75,55.0,26.25,44.125,10.75,33.375,25.0,15.0,1.766747291021672,11.25,33.75,32.8375,27.5,50.0,54.919869336268206,26.25,30.875,85.18750000000001,0.0,8.625,0.642338205525125,5.0,22.0,0.24234258344312692,15.0,0.0,133.125,111.125,39.375,49.75,22.0,40.25,9.125,31.125,23.25,14.875,1.6476795372819402,13.125,37.25,35.1375,24.875,45.875,53.91041267953587,22.0,26.5,82.4,0.0,7.375,0.48661618225405406,5.375,22.0,0.27161684258723734,14.875,0.0,122.875
114,123,2025-11-20,1,1,2025-26,Milwaukee Bucks,Philadelphia 76ers,113.125,44.25,54.5,14.375,38.875,9.0,29.875,26.75,14.375,1.9713692353398236,14.75,35.125,42.262499999999996,27.25,53.0,51.52759933364375,14.375,20.25,70.7875,0.0,8.25,0.6068798848210613,4.5,21.875,0.21063490377908536,14.375,0.0,125.125,112.375,36.75,56.5,19.125,44.75,12.5,32.25,24.25,15.375,1.7528482664995821,12.25,34.0,36.0625,28.25,54.625,51.5276270972968,19.125,24.0,80.92500000000001,0.0,7.75,0.5041510025062657,6.0,21.25,0.2831639375117636,15.375,0.0,126.75
140,110,2025-11-21,1,1,2025-26,Toronto Raptors,Washington Wizards,120.25,35.25,64.75,20.25,43.625,10.125,33.5,30.0,12.875,2.441864099952335,11.75,33.0,35.5,32.375,55.75,57.88804824492511,20.25,25.75,80.52499999999999,0.0,8.75,0.6832255163137516,5.0,21.5,0.232386673204751,12.875,0.0,144.625,111.375,39.0,55.75,16.625,41.375,10.5,30.875,25.125,17.25,1.4955194358445132,13.0,35.0,37.0625,27.875,52.5,53.03612135970681,16.625,21.375,77.375,0.0,6.25,0.37880331957344343,5.5,23.125,0.24165008602508603,17.25,0.0,121.0
114,113,2025-11-21,1,1,2025-26,Phoenix Suns,Minnesota Timberwolves,120.25,43.875,57.5,18.875,44.625,13.875,30.75,26.0,15.375,1.7386171324590443,14.625,37.875,38.3625,28.75,52.0,55.50440944549791,18.875,22.625,84.25,0.0,11.375,0.7405017878363467,4.0,21.5,0.193546795466216,15.375,0.0,140.625,123.875,42.375,60.0,21.5,46.125,11.5,34.625,27.625,14.75,1.977464855406032,14.125,38.5,36.4875,30.0,51.75,57.89120708091669,21.5,27.0,80.97500000000001,0.0,10.125,0.7306805122981593,5.625,20.875,0.2614123245916724,14.75,0.0,147.0
112,144,2025-11-21,1,1,2025-26,Utah Jazz,Oklahoma City Thunder,121.0,43.5,55.25,22.25,46.125,13.125,33.0,30.5,16.625,1.9474963450292397,14.5,42.625,33.7,27.625,50.625,54.767815068000964,22.25,27.25,81.1625,0.0,8.125,0.5454130116959064,3.5,23.5,0.15160043881986607,16.625,0.0,136.5,120.0,39.0,59.75,21.25,46.0,10.125,35.875,25.625,13.875,2.014434523809524,13.0,36.75,36.2125,29.875,52.25,57.40194074928404,21.25,24.5,86.375,0.0,10.5,0.8536999458874459,5.75,19.5,0.30485609448457746,13.875,0.0,144.625
109,112,2025-11-21,1,1,2025-26,Houston Rockets,Denver Nuggets,121.5,35.625,67.0,18.875,51.5,17.75,33.75,25.125,14.75,1.9993259803921568,11.875,29.5,40.175,33.5,65.125,51.779663462536014,18.875,23.625,80.33749999999999,0.0,9.5,0.8177256158873806,4.625,20.875,0.22913374315817442,14.75,0.0,143.5,124.375,37.5,63.25,23.625,48.5,12.625,35.875,28.75,13.75,2.222748554550025,12.5,32.875,38.2375,31.625,55.75,57.03721041064176,23.625,28.5,82.96249999999999,0.0,8.0,0.6219268476621417,3.375,18.5,0.20345117601696547,13.75,0.0,149.875
120,109,2025-11-21,1,1,2025-26,Cleveland Cavaliers,Indiana Pacers,123.375,45.75,57.25,20.375,46.875,14.375,32.5,27.375,13.125,2.2977716727716726,15.25,44.75,34.2625,28.625,50.5,57.266746831809556,20.375,27.875,73.125,0.0,8.375,0.7006944444444444,6.5,21.875,0.30373288204170557,13.125,0.0,140.5,107.75,33.375,53.25,21.125,44.25,14.125,30.125,24.0,15.5,1.7444083694083694,11.125,35.625,30.9375,26.625,55.5,48.38991982103363,21.125,26.375,78.8625,0.0,6.25,0.4448728354978355,5.25,24.0,0.22016722408026757,15.5,0.0,113.375
118,115,2025-11-21,1,1,2025-26,Dallas Mavericks,New Orleans Pelicans,114.375,34.5,58.25,21.625,47.75,11.5,36.25,24.375,18.125,1.428392857142857,11.5,36.625,31.025000000000002,29.125,53.125,55.348538698286866,21.625,30.375,70.15,0.0,8.875,0.5177823565323565,6.875,22.125,0.3143221165024234,18.125,0.0,126.25,109.0,32.625,59.25,17.125,42.125,13.875,28.25,22.875,16.625,1.5450622294372296,10.875,33.125,32.85,29.625,56.25,52.60487446299756,17.125,21.625,80.11250000000001,0.0,9.75,0.6114042207792209,3.25,21.125,0.15562235961978524,16.625,0.0,117.0
107,143,2025-11-21,1,1,2025-26,Chicago Bulls,Miami Heat,121.75,46.125,56.5,19.125,47.75,10.625,37.125,30.25,15.25,2.1202618868060044,15.375,39.875,38.5625,28.25,53.625,52.762721042197626,19.125,23.5,79.275,0.0,8.875,0.5888446724843783,6.125,21.75,0.27976449191058994,15.25,0.0,145.25,123.375,40.875,62.0,20.5,45.0,10.0,35.0,30.5,14.0,2.3354031385281386,13.625,36.375,37.462500000000006,31.0,59.25,52.28498516061555,20.5,25.25,81.88749999999999,0.0,8.75,0.6659902597402597,5.125,22.625,0.22647506778823473,14.0,0.0,143.0
105,113,2025-11-21,1,1,2025-26,Boston Celtics,Brooklyn Nets,115.625,45.75,54.75,15.125,46.25,13.5,32.75,26.0,11.625,2.590286796536797,15.25,41.5,37.0875,27.375,50.125,55.39558099463385,15.125,19.75,76.80000000000001,0.0,7.875,0.7873376623376623,5.25,22.75,0.24052216846334495,11.625,0.0,135.75,107.625,42.0,43.0,22.625,38.25,10.5,27.75,25.25,14.25,1.924581887410835,14.0,41.25,33.8875,21.5,42.25,51.016040251329564,22.625,29.125,77.74999999999999,0.0,7.5,0.6067500481974166,4.625,21.125,0.22729135394189573,14.25,0.0,114.5
123,127,2025-11-21,1,1,2025-26,Golden State Warriors,Portland Trail Blazers,110.875,46.875,44.0,20.0,44.0,12.375,31.625,25.625,17.0,1.6013177191166321,15.625,45.375,34.225,22.0,42.0,52.5024804100891,20.0,25.0,80.425,0.0,10.75,0.6541677449965494,4.75,20.125,0.24411016218081436,17.0,0.0,124.25,121.125,40.5,59.75,20.875,48.375,16.5,31.875,24.5,16.125,1.6171875,13.5,41.625,32.725,29.875,55.375,54.223127234534275,20.875,26.125,80.5,0.0,6.875,0.446340811965812,4.5,22.5,0.22589172979797978,16.125,0.0,130.375
98,115,2025-11-22,1,1,2025-26,New Orleans Pelicans,Atlanta Hawks,110.75,31.5,60.75,18.5,40.375,13.25,27.125,23.75,16.25,1.6448218448218448,10.5,32.625,32.05,30.375,56.75,53.3991452963309,18.5,23.5,79.625,0.0,10.375,0.67750999000999,3.375,21.375,0.15978902628645192,16.25,0.0,118.875,118.875,48.0,55.5,15.375,41.0,9.375,31.625,33.125,16.625,2.086524591894174,16.0,40.25,39.6625,27.75,48.125,58.439086612101846,15.375,18.75,81.575,0.0,10.875,0.6763892309316071,5.875,20.0,0.3012737810435179,16.625,0.0,145.125
121,120,2025-11-22,1,1,2025-26,Chicago Bulls,Washington Wizards,121.0,45.75,55.5,19.75,46.625,10.125,36.5,30.25,15.25,2.1202618868060044,15.25,41.0,37.275,27.75,52.625,52.820748121501296,19.75,24.5,78.65,0.0,8.125,0.5471780058177117,6.625,22.75,0.2807391507799856,15.25,0.0,142.0,112.375,38.625,56.25,17.5,39.5,10.5,29.0,24.625,17.0,1.4885749914000688,12.875,35.75,36.0875,28.125,52.375,53.742643098837235,17.5,22.0,79.2375,0.0,6.5,0.3975533195734434,5.375,23.25,0.23461545399045397,17.0,0.0,119.75
96,102,2025-11-22,1,1,2025-26,Dallas Mavericks,Memphis Grizzlies,116.125,36.75,56.25,23.125,48.125,11.875,36.25,25.0,18.375,1.4422817460317459,12.25,37.125,32.475,28.125,52.375,54.154973571146236,23.125,31.875,72.1625,0.0,9.125,0.5254212454212454,7.25,22.0,0.3360326428182129,18.375,0.0,129.375,110.0,39.375,50.75,19.875,47.25,11.75,35.5,29.5,14.125,2.3173430735930736,13.125,40.5,32.4375,25.375,51.125,50.234620392113456,19.875,25.75,75.425,0.0,7.75,0.6170048701298702,4.375,19.125,0.23441254651780968,14.125,0.0,125.75
123,128,2025-11-22,1,1,2025-26,Denver Nuggets,Sacramento Kings,123.125,37.5,62.5,23.125,45.625,11.375,34.25,28.125,13.5,2.213434829059829,12.5,31.5,39.537499999999994,31.25,54.0,58.19259931890824,23.125,28.375,81.525,0.0,7.75,0.6150641025641026,3.75,19.0,0.21595117601696548,13.5,0.0,147.875,105.125,35.625,54.25,15.25,38.625,9.0,29.625,25.875,15.875,1.7465277777777777,11.875,33.5,35.4,27.125,54.625,49.837275849328364,15.25,21.75,70.25,0.0,8.0,0.5176879084967321,2.75,21.125,0.13008197886377992,15.875,0.0,108.875
116,129,2025-11-22,1,1,2025-26,Milwaukee Bucks,Detroit Pistons,114.875,45.375,55.75,13.75,39.0,8.25,30.75,27.25,14.25,2.0225597115303,15.125,34.875,43.5125,27.875,54.0,51.67640885745327,13.75,19.25,71.475,0.0,8.5,0.6277132181543946,4.25,21.0,0.20456202928515824,14.25,0.0,128.25,121.5,34.5,68.0,19.0,46.25,13.25,33.0,28.125,15.375,1.8587378726794361,11.5,33.0,34.7,34.0,57.625,59.35156143501721,19.0,25.75,73.5125,0.0,11.25,0.7335022369271595,5.125,20.875,0.24710664395430176,15.375,0.0,145.0
133,121,2025-11-22,1,1,2025-26,Orlando Magic,New York Knicks,117.125,36.375,55.5,25.25,45.375,10.5,34.875,25.75,14.0,1.9593310230790881,12.125,33.75,35.4,27.75,51.375,54.167318315860044,25.25,29.75,85.1375,0.0,9.0,0.7194913155729719,5.375,20.375,0.2675876814823426,14.0,0.0,138.875,124.5,47.25,59.75,17.5,46.75,14.375,32.375,29.0,12.875,2.410189075630252,15.75,42.75,36.4375,29.875,52.5,56.84283321264184,17.5,23.25,77.7,0.0,9.25,0.7603495564892624,4.875,21.375,0.23707266767049373,12.875,0.0,146.125
116,131,2025-11-22,1,1,2025-26,Charlotte Hornets,LA Clippers,112.25,40.5,51.75,20.0,46.25,14.5,31.75,24.75,16.75,1.5483010497956151,13.5,40.625,33.35,25.875,49.875,52.57922465759481,20.0,24.0,83.92500000000001,0.0,7.25,0.4584633965068748,5.375,18.0,0.3294737750172533,16.75,0.0,124.0,110.375,37.875,51.5,21.0,40.375,9.125,31.25,22.5,15.125,1.5956745247506117,12.625,36.375,34.7625,25.75,47.875,54.03152435725132,21.0,25.5,81.6125,0.0,7.125,0.4690723226049313,5.875,22.0,0.2966168425872373,15.125,0.0,120.75
122,95,2025-11-23,1,1,2025-26,Oklahoma City Thunder,Portland Trail Blazers,123.125,42.0,61.0,20.125,43.0,8.875,34.125,27.125,13.75,2.1358630952380953,14.0,36.625,39.05,30.5,51.375,59.58610809957116,20.125,23.75,84.58749999999999,0.0,11.25,0.9126285173160174,5.625,18.125,0.3129579463364293,13.75,0.0,149.25,121.875,39.375,62.0,20.5,48.75,17.75,31.0,25.375,16.5,1.635044642857143,13.125,41.875,31.65,31.0,55.125,57.05904454719576,20.5,26.125,79.325,0.0,6.875,0.438404304029304,4.375,22.625,0.21964172979797977,16.5,0.0,132.25
119,109,2025-11-23,1,1,2025-26,Toronto Raptors,Brooklyn Nets,121.75,34.125,66.5,21.125,43.375,10.5,32.875,30.375,13.5,2.3293640999523353,11.375,31.75,36.1625,33.25,56.0,59.247396443895944,21.125,27.0,80.22500000000001,0.0,9.375,0.6915588496470849,4.75,21.125,0.22477797755257709,13.5,0.0,147.125,108.125,42.375,44.5,21.25,38.375,9.125,29.25,26.0,14.5,1.9409509350298824,14.125,40.375,35.0625,22.25,42.25,52.54665249622752,21.25,27.0,77.8625,0.0,7.0,0.5576429053402738,4.875,20.25,0.2505756676673859,14.5,0.0,117.875
106,108,2025-11-23,1,1,2025-26,Utah Jazz,Los Angeles Lakers,121.875,46.125,53.5,22.25,44.125,12.75,31.375,31.375,17.75,1.9301091269841268,15.375,43.5,35.337500000000006,26.75,49.125,54.63550949966227,22.25,27.125,81.57499999999999,0.0,8.875,0.5637400793650794,3.625,24.0,0.15469567691510414,17.75,0.0,136.75,116.625,33.75,60.5,22.375,41.25,10.75,30.5,25.125,16.75,1.5566866140395552,11.25,32.125,35.2375,30.25,50.5,59.411657523374785,22.375,28.375,79.75,0.0,10.375,0.6469670443935149,3.375,20.25,0.1851413292589763,16.75,0.0,132.875
111,102,2025-11-23,1,1,2025-26,Phoenix Suns,San Antonio Spurs,121.125,44.625,56.75,19.75,44.5,13.75,30.75,26.0,16.75,1.6664007459044223,14.875,37.625,39.462500000000006,28.375,51.0,55.719926686877216,19.75,24.25,82.0125,0.0,11.75,0.725008090357355,3.625,23.0,0.16540277923903546,16.75,0.0,140.375,120.625,43.875,59.25,17.5,44.125,10.125,34.0,30.5,15.5,2.128129509379509,14.625,39.375,36.925,29.625,49.0,60.22677919993466,17.5,20.75,84.875,0.0,8.875,0.6248466810966811,4.625,18.375,0.25656765995872033,15.5,0.0,145.875
120,105,2025-11-23,1,1,2025-26,Cleveland Cavaliers,LA Clippers,119.875,43.125,56.75,20.0,46.25,13.0,33.25,26.625,13.625,2.122771672771673,14.375,43.5,33.35,28.375,49.125,58.05734512240785,20.0,27.375,73.175,0.0,7.125,0.5578373015873017,6.75,22.5,0.3050697804374275,13.625,0.0,135.75,114.0,41.25,52.0,20.75,40.375,9.125,31.25,23.25,14.5,1.7706745247506117,13.75,37.875,36.25,26.0,47.75,54.70195875441445,20.75,24.75,82.8625,0.0,7.125,0.5024056559382646,5.625,22.0,0.28345894785039527,14.5,0.0,126.0
113,110,2025-11-23,1,1,2025-26,Atlanta Hawks,Charlotte Hornets,121.125,51.0,55.75,14.375,39.5,8.25,31.25,33.625,15.125,2.4286298550520686,17.0,41.25,41.325,27.875,46.375,60.36894554627113,14.375,18.25,78.825,0.0,10.625,0.7309005091270958,5.875,20.125,0.29897114946457054,15.125,0.0,149.0,112.75,39.75,52.75,20.25,44.875,14.0,30.875,25.25,15.625,1.6960283225228876,13.25,40.375,32.9,26.375,50.5,52.84592224572096,20.25,23.75,85.61250000000001,0.0,6.875,0.46528157832505657,4.875,17.625,0.30936507936507934,15.625,0.0,124.25
117,127,2025-11-23,1,1,2025-26,Philadelphia 76ers,Miami Heat,113.875,39.375,55.25,19.25,46.25,12.375,33.875,25.25,15.125,1.8488304093567252,13.125,36.875,35.725,27.625,52.125,52.681746415478614,19.25,24.25,80.61250000000001,0.0,7.375,0.4907581453634085,5.375,20.5,0.26768774703557313,15.125,0.0,129.75,127.25,40.875,64.25,22.125,46.875,11.25,35.625,31.625,13.375,2.556236471861472,13.625,36.0,37.800000000000004,32.125,61.375,52.2715443004005,22.125,27.625,80.82499999999999,0.0,8.75,0.7201569264069265,5.5,22.875,0.241247795060962,13.375,0.0,149.5
138,129,2025-11-23,1,1,2025-26,Boston Celtics,Orlando Magic,115.875,45.75,56.0,14.125,47.25,14.0,33.25,26.375,12.0,2.5585560273060275,15.25,39.375,38.4375,28.0,52.375,53.76259227282934,14.125,18.75,75.5,0.0,7.25,0.7046453546453546,4.875,23.125,0.2227948957360722,12.0,0.0,136.5,118.375,34.875,58.0,25.5,44.375,10.5,33.875,25.75,13.875,1.9759976897457547,11.625,33.375,34.425000000000004,29.0,52.125,55.81865610850218,25.5,29.625,86.3,0.0,8.625,0.6974675060491624,4.75,21.375,0.2285919549866161,13.875,0.0,139.0
117,112,2025-11-24,1,1,2025-26,Sacramento Kings,Minnesota Timberwolves,108.5,33.75,58.0,16.75,38.5,9.125,29.375,26.5,14.625,2.1194269374416432,11.25,32.25,34.875,29.0,55.75,52.09531494138386,16.75,22.75,73.875,0.0,8.25,0.6164274042950513,2.75,21.125,0.13008197886377992,14.625,0.0,116.125,123.75,39.75,61.5,22.5,46.875,12.125,34.75,26.125,15.375,1.8591493473846414,13.25,38.125,34.6,30.75,52.5,58.67431102016681,22.5,29.0,78.6625,0.0,11.5,0.7831537743302449,5.875,22.0,0.26529431216931215,15.375,0.0,145.625
115,125,2025-11-24,1,1,2025-26,Memphis Grizzlies,Denver Nuggets,109.125,37.5,52.75,18.875,49.0,13.0,36.0,29.625,13.875,2.35900974025974,12.5,39.5,31.5,26.375,52.5,50.927243342933124,18.875,24.375,75.8375,0.0,7.125,0.5817484598734598,3.875,19.0,0.2099242424242424,13.875,0.0,126.25,122.375,36.75,62.75,22.875,45.25,11.875,33.375,27.375,14.0,2.010443376068376,12.25,32.0,38.199999999999996,31.375,54.75,57.58499263987299,22.875,28.125,81.35,0.0,6.875,0.5135683760683761,3.625,19.75,0.200474985540775,14.0,0.0,143.125
110,99,2025-11-24,1,1,2025-26,Toronto Raptors,Cleveland Cavaliers,123.0,35.25,66.25,21.5,41.375,9.625,31.75,31.25,13.0,2.524876920465156,11.75,30.75,38.4625,33.125,56.125,58.90672558435716,21.5,27.5,79.9375,0.0,9.5,0.7524562855445209,4.5,21.25,0.2117909645655641,13.0,0.0,148.625,118.875,43.125,56.5,19.25,46.5,12.75,33.75,26.125,14.25,1.9283272283272281,14.375,43.375,33.45,28.25,48.375,58.83859512240785,19.25,26.625,72.1625,0.0,7.625,0.5637896825396825,6.375,21.875,0.2953896457572928,14.25,0.0,134.75
117,122,2025-11-24,1,1,2025-26,Indiana Pacers,Detroit Pistons,108.5,32.625,52.75,23.125,42.625,13.375,29.25,23.5,14.875,1.783404095904096,10.875,35.75,30.1375,26.375,54.0,49.20691328508592,23.125,28.0,82.71249999999999,0.0,6.75,0.49936001498501503,5.375,23.875,0.22708422012769838,14.875,0.0,114.5,123.375,36.375,67.75,19.25,43.75,11.75,32.0,29.0,15.5,1.90475435619592,12.125,33.0,36.775,33.875,56.0,60.978098320263115,19.25,26.0,73.9375,0.0,11.875,0.7747110281359508,5.125,20.125,0.2586155953609514,15.5,0.0,147.875
92,114,2025-11-24,1,1,2025-26,Phoenix Suns,Houston Rockets,120.625,42.75,58.5,19.375,44.375,13.25,31.125,26.0,15.5,2.017963245904422,14.25,36.25,39.2125,29.25,53.0,55.468645646278084,19.375,23.875,81.4,0.0,11.375,0.8317789236906884,4.125,23.0,0.18714190967381805,15.5,0.0,140.75,121.375,37.875,65.5,18.0,49.875,18.125,31.75,24.875,14.625,1.9942708333333332,12.625,30.375,41.5875,32.75,64.75,50.82571609411496,18.0,22.375,80.125,0.0,9.375,0.8140491452991453,4.0,21.5,0.1890267912865167,14.625,0.0,140.75
103,115,2025-11-24,1,1,2025-26,Milwaukee Bucks,Portland Trail Blazers,113.625,46.875,53.5,13.25,36.75,7.25,29.5,27.5,15.0,1.928976823829765,15.625,35.375,44.2,26.75,51.125,52.43860397940449,13.25,18.5,72.16250000000001,0.0,8.25,0.5729003839297957,4.375,21.375,0.2037396608641056,15.0,0.0,126.125,117.375,38.625,58.75,20.0,47.25,17.0,30.25,24.0,16.125,1.5861475840336134,12.875,41.375,31.4,29.375,53.5,55.62705221003102,20.0,25.875,77.925,0.0,6.875,0.44722783344106876,4.375,21.0,0.23033251927166398,16.125,0.0,125.25
106,102,2025-11-24,1,1,2025-26,Miami Heat,Dallas Mavericks,127.375,40.5,63.75,23.125,49.5,12.75,36.75,31.75,14.0,2.3795537795537793,13.5,36.5,36.7375,31.875,60.75,52.412922874877665,23.125,29.625,78.44999999999999,0.0,8.375,0.6312146187146188,4.875,22.375,0.2142870107472365,14.0,0.0,149.5,114.25,39.0,53.0,22.25,46.875,11.25,35.625,24.125,18.0,1.429781746031746,13.0,38.625,33.5125,26.5,50.625,52.86050716798418,22.25,30.125,74.35,0.0,7.75,0.4311904761904762,7.625,22.5,0.34548642433081794,18.0,0.0,125.0
134,117,2025-11-24,1,1,2025-26,Golden State Warriors,Utah Jazz,113.25,48.75,42.75,21.75,42.25,11.375,30.875,25.75,17.25,1.568579623878537,16.25,45.625,35.5,21.375,40.25,53.20849892860762,21.75,26.875,81.2625,0.0,12.0,0.7375010783298827,4.625,21.0,0.2293879399585921,17.25,0.0,127.25,122.25,46.5,55.0,20.75,44.25,12.625,31.625,31.75,17.625,1.9711805555555555,15.5,43.625,35.55,27.5,50.0,55.30040311668355,20.75,25.75,79.825,0.0,8.875,0.5679067460317461,3.625,24.5,0.15189455646692487,17.625,0.0,137.5
143,130,2025-11-24,1,1,2025-26,New Orleans Pelicans,Chicago Bulls,108.125,28.875,60.0,19.25,41.375,13.5,27.875,23.0,17.0,1.509405178155178,9.625,31.25,30.8125,30.0,56.875,52.62376935648127,19.25,24.375,79.7375,0.0,10.125,0.6393155455655455,3.875,21.125,0.19074877860843337,17.0,0.0,115.875,122.375,46.5,54.5,21.375,47.75,11.25,36.5,29.25,14.75,2.141690458234576,15.5,42.375,36.9,27.25,52.5,52.06103634205268,21.375,26.25,79.6875,0.0,7.625,0.5293208629605688,6.875,22.25,0.3026689753413891,14.75,0.0,142.125
100,113,2025-11-24,1,1,2025-26,Brooklyn Nets,New York Knicks,107.75,41.625,44.75,21.375,37.75,9.125,28.625,25.625,15.125,1.8601238673607094,13.875,39.625,35.1,22.375,41.625,53.58058674861352,21.375,26.5,79.4625,0.0,6.5,0.5101804993252361,5.125,20.625,0.257560961785033,15.125,0.0,117.5,124.75,46.5,60.0,18.25,45.125,14.0,31.125,28.5,13.5,2.2827380952380953,15.5,42.25,36.25,30.0,51.125,58.93178199970383,18.25,24.25,77.525,0.0,8.375,0.6721142623716153,4.875,22.875,0.2236798105276366,13.5,0.0,144.25
135,118,2025-11-25,1,1,2025-26,Los Angeles Lakers,LA Clippers,114.75,34.125,57.25,23.375,42.625,10.375,32.25,24.375,16.375,1.548808462779051,11.375,34.0,33.637499999999996,28.625,48.75,58.437195157783385,23.375,29.75,79.0,0.0,9.875,0.6285846914523385,3.25,19.75,0.18451001612766318,16.375,0.0,129.375,114.25,40.5,51.5,22.25,42.0,10.0,32.0,22.875,15.125,1.6549074792960663,13.5,37.0,36.3125,25.75,49.0,52.60810353555922,22.25,25.75,86.2875,0.0,7.25,0.4924624741200828,5.25,22.25,0.25649816353666977,15.125,0.0,126.25
103,144,2025-11-25,1,1,2025-26,Philadelphia 76ers,Orlando Magic,113.375,40.125,54.75,18.5,46.75,12.375,34.375,25.5,14.625,1.911111111111111,13.375,38.125,35.15,27.375,51.875,52.48103276695052,18.5,22.875,81.72500000000001,0.0,7.125,0.4898809523809524,6.25,20.25,0.31038961038961044,14.625,0.0,130.75,121.125,38.25,58.75,24.125,44.625,11.25,33.375,27.25,12.75,2.3372109250398725,12.75,34.5,36.675,29.375,53.75,54.92579896564504,24.125,28.625,84.47500000000001,0.0,8.0,0.6855189766373977,4.75,20.5,0.23717038635916515,12.75,0.0,142.375
132,113,2025-11-25,1,1,2025-26,Washington Wizards,Atlanta Hawks,114.0,41.25,55.75,17.0,41.375,11.0,30.375,25.625,16.5,1.5991013071895426,13.75,36.875,37.474999999999994,27.875,53.25,52.500504734057365,17.0,21.125,79.975,0.0,7.375,0.45939542483660134,5.25,23.875,0.22163236220301438,16.5,0.0,124.5,120.0,49.125,56.25,14.625,39.5,8.625,30.875,33.0,14.875,2.452619754041968,16.375,40.25,40.6375,28.125,47.125,60.04487147219705,14.625,18.875,76.8375,0.0,9.75,0.6665065697331564,5.75,21.0,0.2751616256550467,14.875,0.0,146.0
100,112,2025-11-26,1,1,2025-26,Sacramento Kings,Phoenix Suns,108.5,31.5,60.0,17.0,39.25,9.0,30.25,26.75,13.875,2.227065826330532,10.5,31.875,32.6375,30.0,57.0,52.72449988712387,17.0,22.375,75.8125,0.0,8.375,0.6546218487394957,2.75,21.25,0.12918912172092278,13.875,0.0,118.0,117.875,41.625,57.5,18.75,44.0,13.25,30.75,23.625,16.375,1.81558229352347,13.875,36.125,38.337500000000006,28.75,52.75,54.61593246798351,18.75,23.625,79.2375,0.0,11.375,0.8049932094049741,4.375,23.125,0.19898401493697596,16.375,0.0,133.75
97,95,2025-11-26,1,1,2025-26,Toronto Raptors,Indiana Pacers,121.75,33.0,68.5,20.25,43.0,9.625,33.375,31.125,13.625,2.4140814659197014,11.0,30.5,36.675000000000004,34.25,56.375,60.76748057011215,20.25,26.25,78.45,0.0,9.625,0.7354108309990663,4.0,19.875,0.19571953599413552,13.625,0.0,148.25,110.625,34.5,53.0,23.125,41.0,12.125,28.875,23.75,15.125,1.7676698301698304,11.5,35.125,32.6,26.5,53.25,50.09700616434288,23.125,28.0,82.71249999999999,0.0,7.0,0.5028565184815185,5.125,24.375,0.21299404299404298,15.125,0.0,117.125
113,105,2025-11-26,1,1,2025-26,Oklahoma City Thunder,Minnesota Timberwolves,121.875,42.75,59.5,19.625,42.625,9.375,33.25,27.875,14.125,2.123687770562771,14.25,36.75,39.625,29.75,50.5,59.20345503834667,19.625,23.625,82.88749999999999,0.0,11.25,0.890712932900433,5.625,19.0,0.2939362072059945,14.125,0.0,147.875,120.625,38.25,60.0,22.375,47.25,12.375,34.875,24.75,14.75,1.832735656908451,12.75,38.875,32.575,30.0,52.875,56.877982348838145,22.375,28.375,80.19999999999999,0.0,11.375,0.7939424648064354,5.125,22.625,0.2288036289394985,14.75,0.0,139.375
101,129,2025-11-26,1,1,2025-26,Charlotte Hornets,New York Knicks,113.0,41.25,52.25,19.5,43.125,12.75,30.375,25.75,15.375,1.74637554474511,13.75,41.0,33.675,26.125,48.5,54.46743291895578,19.5,22.875,85.75,0.0,6.875,0.46875380054727883,4.0,17.25,0.263531746031746,15.375,0.0,124.375,121.75,43.875,59.25,18.625,44.25,12.5,31.75,28.0,12.75,2.4345238095238098,14.625,41.375,34.887499999999996,29.625,50.25,59.21480086762836,18.625,24.875,76.2375,0.0,8.25,0.7033642623716153,4.625,22.875,0.2117750486228747,12.75,0.0,140.5
106,103,2025-11-26,1,1,2025-26,Miami Heat,Milwaukee Bucks,123.625,38.625,63.25,21.75,50.25,13.0,37.25,29.875,13.875,2.267649017649018,12.875,35.5,35.475,31.625,61.5,51.324104670816,21.75,28.125,77.57499999999999,0.0,7.25,0.5609765234765235,5.125,21.5,0.24180059770375825,13.875,0.0,143.375,112.125,46.875,52.0,13.25,38.25,7.375,30.875,27.125,15.0,1.9001306699836111,15.625,36.375,42.9875,26.0,51.0,51.06615499981265,13.25,17.75,74.6,0.0,8.125,0.5632849993144111,4.25,22.125,0.19027812240256714,15.0,0.0,124.625
100,104,2025-11-26,1,1,2025-26,Golden State Warriors,Houston Rockets,115.75,51.375,44.25,20.125,42.25,12.0,30.25,27.25,17.25,1.718579623878537,17.125,46.625,36.65,22.125,41.25,53.51444298455168,20.125,24.5,81.5,0.0,12.0,0.7375010783298828,4.5,20.75,0.22715579710144926,17.25,0.0,131.5,120.125,37.875,64.25,18.0,48.25,17.75,30.5,24.5,15.0,1.9185496794871795,12.625,30.5,41.4125,32.125,63.0,51.242691631550095,18.0,22.25,80.7375,0.0,9.875,0.8290731837606837,4.125,21.375,0.19616964842937382,15.0,0.0,138.875
128,133,2025-11-26,1,1,2025-26,New Orleans Pelicans,Memphis Grizzlies,113.75,30.0,64.0,19.75,43.25,14.0,29.25,24.25,16.25,1.6469051781551782,10.0,31.625,31.5375,32.0,59.125,53.987793226899,19.75,25.5,78.7,0.0,10.25,0.6803869741369741,4.125,20.875,0.20420633554425113,16.25,0.0,124.875,108.75,38.625,52.5,17.625,48.75,13.5,35.25,30.375,13.375,2.5090097402597404,12.875,41.0,31.112499999999997,26.25,52.0,51.26419986467226,17.625,22.75,76.4125,0.0,6.875,0.5832636113886114,4.25,18.5,0.23492424242424242,13.375,0.0,126.625
117,114,2025-11-26,1,1,2025-26,Boston Celtics,Detroit Pistons,116.125,45.375,56.5,14.25,46.875,13.375,33.5,26.125,11.75,2.7299845987345988,15.125,38.375,39.25,28.25,52.5,54.06562257585965,14.25,18.875,75.6375,0.0,6.5,0.6403596403596403,5.5,22.75,0.2547889433551198,11.75,0.0,137.25,123.0,37.5,65.25,20.25,43.625,12.125,31.5,28.0,16.0,1.773532636738906,12.5,32.875,38.3875,32.625,56.0,58.859454252466506,20.25,26.875,74.9875,0.0,11.125,0.6989191729323309,5.5,21.125,0.27055516651104883,16.0,0.0,144.875
102,115,2025-11-26,1,1,2025-26,Portland Trail Blazers,San Antonio Spurs,117.75,40.5,56.5,20.75,48.5,17.125,31.375,24.25,16.875,1.4986475840336135,13.5,42.25,32.125,28.25,51.25,55.62705221003102,20.75,26.75,78.26249999999999,0.0,7.25,0.44722783344106876,5.0,20.0,0.277207519271664,16.875,0.0,128.125,118.25,40.875,59.25,18.125,45.375,10.0,35.375,28.875,15.25,2.0614001860712388,13.625,38.0,35.6,29.625,49.125,60.074508989524915,18.125,21.875,83.675,0.0,7.5,0.5618767562846511,4.625,18.125,0.25966363519091845,15.25,0.0,141.75
123,116,2025-11-28,1,1,2025-26,Charlotte Hornets,Chicago Bulls,111.75,39.75,52.75,19.25,42.875,12.75,30.125,24.125,14.625,1.7044957493486903,13.25,41.875,31.55,26.375,49.375,53.872194823717685,19.25,23.125,83.76249999999999,0.0,6.75,0.47290981077745786,3.625,16.125,0.25696924603174603,14.625,0.0,119.0,123.375,49.125,54.0,20.25,45.75,10.5,35.25,29.5,15.125,2.1138543237807945,16.375,45.0,36.3,27.0,49.625,55.3635931602345,20.25,25.75,77.6,0.0,7.125,0.48730405623787976,6.75,21.75,0.300526118198532,15.125,0.0,140.625
109,112,2025-11-28,1,1,2025-26,Detroit Pistons,Orlando Magic,123.375,36.75,65.25,21.375,46.0,13.625,32.375,27.625,15.625,1.7861528290465984,12.25,33.625,36.800000000000004,32.625,56.625,58.31120863843142,21.375,27.875,76.1375,0.0,10.25,0.6532460960092539,5.75,20.75,0.2894043728602552,15.625,0.0,145.5,124.75,40.125,61.25,23.375,44.25,11.75,32.5,28.75,12.625,2.4830442583732055,13.375,35.0,38.112500000000004,30.625,55.0,55.77680708295324,23.375,27.875,84.075,0.0,8.5,0.7319933356117566,4.375,20.125,0.22412690809829558,12.625,0.0,147.5
128,119,2025-11-28,1,1,2025-26,Utah Jazz,Sacramento Kings,124.75,47.25,57.5,20.0,45.125,12.375,32.75,32.25,17.125,2.0624503968253967,15.75,43.25,36.4875,28.75,51.0,56.53416935044977,20.0,24.875,79.1625,0.0,8.375,0.5540178571428571,4.0,23.5,0.18842053049289892,17.125,0.0,142.75,107.5,32.25,59.25,16.0,40.0,9.0,31.0,25.375,15.0,1.9711447736989534,10.75,32.0,33.2625,29.625,57.0,52.00334604097002,16.0,20.75,77.11250000000001,0.0,9.0,0.6638323750552853,3.125,20.5,0.15700242095365935,15.0,0.0,116.625
123,119,2025-11-28,1,1,2025-26,Oklahoma City Thunder,Phoenix Suns,121.75,41.625,59.5,20.625,41.125,8.875,32.25,27.875,14.5,1.9917433261183262,13.875,34.625,40.074999999999996,29.75,50.75,58.92745788734952,20.625,25.125,82.175,0.0,11.0,0.7934907106782106,5.625,20.0,0.2868773836765828,14.5,0.0,146.625,116.75,39.75,59.5,17.5,44.5,14.125,30.375,23.125,16.25,1.7980169340463459,13.25,36.0,36.975,29.75,54.5,54.61593246798351,17.5,22.25,78.3125,0.0,11.625,0.824601052542229,4.125,22.625,0.19501576096872197,16.25,0.0,131.625
119,86,2025-11-28,1,1,2025-26,Indiana Pacers,Washington Wizards,112.125,34.5,53.75,23.875,39.75,10.75,29.0,23.625,14.625,1.7872405372405373,11.5,34.375,33.2375,26.875,52.0,51.99094555828228,23.875,29.5,81.23750000000001,0.0,7.0,0.5116949023199023,5.25,24.0,0.22276677026677025,14.625,0.0,119.5,116.125,42.75,56.5,16.875,40.375,9.75,30.625,25.375,15.625,1.687562845651081,14.25,36.5,39.14999999999999,28.25,52.75,53.88093951666606,16.875,21.5,78.3625,0.0,8.375,0.5531454248366013,5.375,23.25,0.23780560781704946,15.625,0.0,128.625
118,109,2025-11-28,1,1,2025-26,New York Knicks,Milwaukee Bucks,121.125,42.375,60.75,18.0,43.625,11.625,32.0,27.375,12.875,2.3744047619047617,14.125,39.875,35.65,30.375,51.625,59.10414763197513,18.0,23.875,77.25000000000001,0.0,8.625,0.7230071195144724,4.75,22.5,0.21950232135014744,12.875,0.0,139.75,110.5,46.875,51.75,11.875,38.625,7.75,30.875,28.0,15.125,1.9461471535000947,15.625,37.125,42.2875,25.875,50.75,51.06186683514712,11.875,16.375,72.63749999999999,0.0,7.875,0.5392465377759496,3.625,20.75,0.16976530188974662,15.125,0.0,122.625
129,119,2025-11-28,1,1,2025-26,Los Angeles Lakers,Dallas Mavericks,116.875,35.25,59.75,21.875,42.625,10.375,32.25,25.125,16.0,1.6729967744673628,11.75,33.75,35.2,29.875,49.5,59.920948473433256,21.875,27.5,79.91250000000001,0.0,10.0,0.6594288472964943,3.125,18.75,0.18640395552160258,16.0,0.0,134.5,112.75,40.125,52.5,20.125,46.625,11.125,35.5,23.75,18.125,1.3933234126984126,13.375,38.75,34.375,26.25,51.5,51.56226155394909,20.125,27.0,75.8375,0.0,7.75,0.4270238095238095,7.25,22.125,0.3329266157183777,18.125,0.0,122.5
107,112,2025-11-28,1,1,2025-26,LA Clippers,Memphis Grizzlies,116.25,40.875,52.75,22.625,40.375,9.5,30.875,23.5,15.625,1.6444908126293996,13.625,36.625,37.00000000000001,26.375,49.25,53.670356499986106,22.625,25.625,88.225,0.0,7.25,0.47423330745341613,4.375,23.25,0.18750465704316324,15.625,0.0,127.25,112.875,38.625,56.75,17.5,48.625,13.5,35.125,31.375,13.625,2.538027597402597,12.875,40.125,32.025,28.375,53.625,53.768632488785734,17.5,22.25,78.10000000000001,0.0,7.625,0.6267903971028971,4.5,17.625,0.260479797979798,13.625,0.0,134.125
136,139,2025-11-28,1,1,2025-26,Denver Nuggets,San Antonio Spurs,123.375,42.0,59.5,21.875,44.125,11.75,32.375,27.375,13.5,2.0739354395604397,14.0,34.0,40.9,29.75,52.5,56.827416882297236,21.875,27.0,80.85,0.0,6.5,0.5026556776556776,3.75,18.5,0.215474985540775,13.5,0.0,143.75,116.875,39.75,58.25,18.875,47.125,11.25,35.875,27.125,14.875,1.974594630515683,13.25,37.125,35.3875,29.125,51.375,57.08921487187786,18.875,22.75,83.5625,0.0,8.25,0.6660434229513177,4.625,18.375,0.2562545442818276,14.875,0.0,139.125
130,123,2025-11-28,1,1,2025-26,Atlanta Hawks,Cleveland Cavaliers,121.0,49.875,57.0,14.125,39.875,9.5,30.375,33.375,15.75,2.3572250171998625,16.625,41.375,40.225,28.5,47.375,60.525640702966285,14.125,18.375,76.2125,0.0,9.375,0.619905692540174,5.5,20.625,0.26918076441102756,15.75,0.0,145.5,114.0,40.5,55.0,18.5,43.625,10.0,33.625,26.25,14.5,1.8845772283272284,13.5,41.25,33.0625,27.5,46.375,59.52624081005354,18.5,24.875,75.8625,0.0,8.0,0.5783730158730158,6.375,20.125,0.3153326657003127,14.5,0.0,130.75
103,115,2025-11-28,1,1,2025-26,Brooklyn Nets,Philadelphia 76ers,106.875,40.5,45.25,21.125,39.5,9.75,29.75,24.75,13.875,1.9351238673607096,13.5,39.875,34.125,22.625,42.25,53.42033033835711,21.125,26.75,77.8125,0.0,6.5,0.5414304993252361,5.125,19.375,0.26128119988027104,13.875,0.0,117.25,110.0,39.75,52.0,18.25,44.75,11.5,33.25,24.375,15.5,1.7652777777777777,13.25,36.875,36.075,26.0,51.375,50.62958036545497,18.25,22.125,83.26250000000002,0.0,7.5,0.49583333333333335,5.625,20.0,0.28425324675324676,15.5,0.0,123.875
118,111,2025-11-29,1,1,2025-26,Charlotte Hornets,Toronto Raptors,113.25,40.875,53.5,18.875,42.375,12.125,30.25,24.25,14.375,1.7435582493486903,13.625,42.5,31.9625,26.75,50.125,53.77813127856718,18.875,22.75,83.525,0.0,6.875,0.4874187393488864,4.25,16.625,0.28109205304928986,14.375,0.0,120.5,119.0,31.5,67.0,20.5,42.75,9.5,33.25,29.5,14.125,2.1566028334410685,10.5,29.375,35.8625,33.5,57.375,58.591141284397864,20.5,26.5,78.6375,0.0,10.125,0.7525048480930834,4.0,19.375,0.20029619503303714,14.125,0.0,142.5
112,130,2025-11-29,1,1,2025-26,Phoenix Suns,Denver Nuggets,116.25,40.125,58.75,17.375,45.125,14.125,31.0,21.75,17.25,1.6001002673796791,13.375,37.125,36.2375,29.375,53.0,55.39718246798351,17.375,22.0,78.625,0.0,10.875,0.7329343858755623,4.25,23.125,0.19709909430205533,17.25,0.0,129.0,125.125,43.125,59.75,22.25,43.625,11.625,32.0,27.75,14.0,2.0416956205559145,14.375,34.75,41.099999999999994,29.875,52.375,57.20840381988795,22.25,27.375,81.125,0.0,6.375,0.4817280758457229,4.125,18.875,0.2307261817130238,14.0,0.0,145.0
103,101,2025-11-29,1,1,2025-26,Indiana Pacers,Chicago Bulls,111.0,35.625,53.5,21.875,41.625,10.125,31.5,23.375,15.625,1.5450530372405373,11.875,34.0,34.637499999999996,26.75,51.5,52.2759844904291,21.875,27.5,79.6375,0.0,7.375,0.48825740231990233,5.5,22.75,0.2564206164206164,15.625,0.0,120.75,123.25,46.125,57.25,19.875,45.625,10.375,35.25,29.75,14.875,2.187280897207368,15.375,44.75,33.8125,28.625,50.375,57.46866022431795,19.875,25.375,77.275,0.0,6.875,0.48205930099312455,6.375,21.5,0.28247056264297643,14.875,0.0,140.375
119,115,2025-11-29,1,1,2025-26,Minnesota Timberwolves,Boston Celtics,115.75,37.875,55.5,22.375,47.25,12.75,34.5,24.375,15.375,1.7098663387266329,12.625,37.75,33.425,27.75,51.875,53.195811806202485,22.375,30.0,76.17500000000001,0.0,10.5,0.7001924648064354,4.625,22.875,0.20489058546123762,15.375,0.0,130.25,117.0,48.0,53.5,15.5,46.875,13.375,33.5,25.875,11.625,2.7286109723609724,16.0,39.125,40.675,26.75,50.75,52.7137416981167,15.5,19.875,77.975,0.0,6.5,0.6465409590409591,5.375,22.75,0.2501593137254902,11.625,0.0,138.5
135,138,2025-11-29,1,1,2025-26,Miami Heat,Detroit Pistons,119.375,37.875,62.0,19.5,49.125,12.625,36.5,29.875,13.875,2.267649017649018,12.625,35.5,34.7875,31.0,59.875,51.86722514481205,19.5,25.5,77.85,0.0,7.75,0.5966908091908092,5.25,19.375,0.30152281992598046,13.875,0.0,139.75,119.875,36.0,63.25,20.625,44.25,11.875,32.375,27.0,16.625,1.6897986623799317,12.0,32.0,37.75,31.625,54.5,58.29286225878367,20.625,27.0,75.95,0.0,9.125,0.5647044293425872,6.125,21.875,0.29171918767507005,16.625,0.0,140.5
110,114,2025-11-29,1,1,2025-26,LA Clippers,Dallas Mavericks,115.125,39.375,53.0,22.75,40.75,9.125,31.625,22.375,15.375,1.593849786988374,13.125,36.75,35.55,26.5,49.75,53.39396934938118,22.75,25.875,87.69999999999999,0.0,8.375,0.5658999741200827,4.125,22.125,0.1880998951384013,15.375,0.0,125.375,113.375,39.0,53.5,20.875,45.875,11.875,34.0,23.25,16.875,1.5210290404040403,13.0,36.875,35.325,26.75,54.0,49.58486042400558,20.875,27.375,78.375,0.0,7.5,0.4584090909090909,6.5,22.125,0.30031792006620384,16.875,0.0,122.0
104,96,2025-11-29,1,1,2025-26,Golden State Warriors,New Orleans Pelicans,115.5,51.0,45.0,19.5,44.125,12.875,31.25,27.5,16.625,1.776987361973775,17.0,47.625,35.5,22.5,41.25,54.475981446090145,19.5,23.5,82.3,0.0,11.0,0.7047629830917874,4.625,20.5,0.23333711578276795,16.625,0.0,132.75,115.125,32.25,64.25,18.625,43.875,13.375,30.5,25.0,16.875,1.5802385114885116,10.75,32.375,32.65,32.125,59.625,53.695897622503395,18.625,24.125,79.2375,0.0,10.75,0.6887203074703075,5.0,20.625,0.25420633554425115,16.875,0.0,128.25
116,99,2025-11-29,1,1,2025-26,Milwaukee Bucks,Brooklyn Nets,111.625,49.125,49.5,13.0,38.75,7.125,31.625,27.375,15.875,1.743369375722317,16.375,38.5,42.775,24.75,47.25,52.94405074319311,13.0,17.875,73.44999999999999,0.0,8.25,0.5309132044426161,3.375,21.25,0.15490516202960675,15.875,0.0,124.0,107.5,40.125,45.75,21.625,39.875,9.625,30.25,24.75,13.75,1.9427993059572006,13.375,39.625,34.012499999999996,22.875,42.875,53.2514114194382,21.625,27.0,79.0125,0.0,6.5,0.5432579847053531,4.75,18.25,0.26034369988027106,13.75,0.0,118.0
115,117,2025-11-30,1,1,2025-26,Cleveland Cavaliers,Boston Celtics,113.125,41.625,54.0,17.5,43.5,9.875,33.625,25.875,15.0,1.7901202147525677,13.875,40.25,34.7875,27.0,46.25,58.75478091030416,17.5,23.5,76.625,0.0,7.5,0.5195494864612512,5.625,19.625,0.2852206208823856,15.0,0.0,129.0,117.5,49.125,54.0,14.375,47.125,13.5,33.625,26.125,11.25,2.8049096736596737,16.375,40.75,40.1,27.0,50.5,53.47335708273208,14.375,18.625,76.475,0.0,6.5,0.6708916083916084,6.0,22.0,0.2825667211328976,11.25,0.0,139.875
133,121,2025-11-30,1,1,2025-26,Los Angeles Lakers,New Orleans Pelicans,120.25,37.5,60.25,22.5,41.0,9.5,31.5,25.625,15.375,1.7542467744673629,12.5,34.375,36.625,30.125,48.25,62.025204810114275,22.5,28.25,80.0125,0.0,9.5,0.6427621806298277,3.0,19.875,0.15458577370342078,15.375,0.0,138.25,114.125,30.375,63.75,20.0,44.875,13.875,31.0,24.0,16.0,1.5840846653346654,10.125,31.875,31.15,31.875,59.75,53.13989112899691,20.0,26.125,78.7,0.0,10.25,0.6872779997779997,4.875,20.375,0.2498067496229261,16.0,0.0,126.375
125,112,2025-11-30,1,1,2025-26,Minnesota Timberwolves,San Antonio Spurs,115.625,42.0,52.5,21.125,46.625,12.5,34.125,25.125,15.875,1.684108762969057,14.0,39.625,35.1125,26.25,49.25,53.195811806202485,21.125,29.0,74.5625,0.0,9.875,0.6342833738973445,4.5,22.25,0.20637868069933285,15.875,0.0,129.375,119.125,42.375,57.0,19.75,45.625,11.625,34.0,27.125,14.125,2.14126129718235,14.125,38.25,36.6625,28.5,51.25,56.0415007935034,19.75,23.375,84.6375,0.0,8.25,0.7215989785068733,4.375,19.625,0.2279321041946816,14.125,0.0,139.875
116,94,2025-11-30,1,1,2025-26,New York Knicks,Toronto Raptors,119.25,39.375,60.5,19.375,43.625,12.125,31.5,26.125,12.625,2.3231227106227106,13.125,37.25,35.8,30.25,52.5,57.83670577151001,19.375,25.5,77.22500000000001,0.0,8.375,0.7191609656683186,4.75,22.5,0.2195023213501474,12.625,0.0,137.0,117.125,30.375,66.5,20.25,43.875,10.25,33.625,29.125,14.375,2.091870690583926,10.125,29.125,34.9,33.25,59.0,56.72710619667856,20.25,26.5,77.175,0.0,10.125,0.7458084195216548,3.5,20.125,0.17096927195611406,14.375,0.0,138.375
134,142,2025-11-30,1,1,2025-26,Philadelphia 76ers,Atlanta Hawks,110.875,39.375,54.0,17.5,44.375,11.125,33.25,25.125,14.5,1.9194444444444443,13.125,37.375,35.237500000000004,27.0,51.375,52.59036467918047,17.5,21.125,83.80000000000001,0.0,8.0,0.5708333333333333,5.75,19.75,0.29391233766233765,14.5,0.0,127.375,120.625,49.5,57.0,14.125,39.0,9.375,29.625,32.625,14.875,2.4286535886284337,16.5,41.75,39.5625,28.5,47.75,59.97008514741073,14.125,18.875,74.63749999999999,0.0,9.0,0.6347866449211264,5.375,19.875,0.2763236215538847,14.875,0.0,142.5
115,123,2025-11-30,1,1,2025-26,Portland Trail Blazers,Oklahoma City Thunder,114.875,39.0,54.75,21.125,49.625,17.5,32.125,23.625,17.5,1.3944809173669468,13.0,42.125,30.8625,27.375,51.875,52.97892774285283,21.125,28.375,74.4125,0.0,7.0,0.419984243697479,5.5,20.0,0.29993479199893675,17.5,0.0,122.25,121.375,41.25,59.75,20.375,40.75,8.0,32.75,27.625,13.25,2.147993326118326,13.75,34.125,40.3875,29.875,51.75,58.14892790669188,20.375,24.75,82.39999999999999,0.0,10.625,0.8309907106782107,5.5,20.125,0.28011331441251347,13.25,0.0,146.0
107,115,2025-11-30,1,1,2025-26,Sacramento Kings,Memphis Grizzlies,109.875,30.75,62.0,17.125,41.125,9.375,31.75,26.0,13.625,2.2086447736989534,10.25,30.75,33.0875,31.0,58.75,52.97138321359745,17.125,22.5,76.37500000000001,0.0,9.25,0.7450823750552852,3.625,20.875,0.17883256449432922,13.625,0.0,122.625,111.875,39.75,55.0,17.125,49.75,14.75,35.0,29.875,12.75,2.5334821428571432,13.25,40.375,32.7375,27.5,53.875,51.6173643728437,17.125,22.0,77.35,0.0,7.375,0.6286843364968365,4.875,17.5,0.28120348219032426,12.75,0.0,132.625
101,129,2025-11-30,1,1,2025-26,Utah Jazz,Houston Rockets,126.625,45.75,59.5,21.375,45.0,12.0,33.0,32.5,16.875,2.1201427045177046,15.25,41.75,36.4625,29.75,51.5,58.14228414510589,21.375,26.875,78.4375,0.0,8.625,0.5796588827838829,4.0,23.25,0.19078795473532315,16.875,0.0,146.125,119.375,37.125,64.75,17.5,49.75,18.75,31.0,24.375,13.25,2.088341346153846,12.375,32.0,38.925,32.375,63.25,51.47257668902136,17.5,22.625,77.2375,0.0,9.25,0.8540731837606836,4.0,20.875,0.19408631509604052,13.25,0.0,137.875
99,98,2025-12-01,1,1,2025-26,Detroit Pistons,Atlanta Hawks,121.625,35.25,65.0,21.375,44.125,11.875,32.25,26.875,16.875,1.665049288946348,11.75,31.5,37.625,32.5,55.375,58.79348414933093,21.375,27.875,76.58749999999999,0.0,8.875,0.544654304029304,5.875,22.125,0.2806080765639589,16.875,0.0,141.375,121.875,46.125,59.75,16.0,40.875,10.0,30.875,32.625,15.5,2.374305762541477,15.375,41.5,37.337500000000006,29.875,49.75,60.56626173393024,16.0,21.25,75.0,0.0,8.0,0.5641344710080829,5.375,21.0,0.26243473266499584,15.5,0.0,142.0
133,125,2025-12-01,1,1,2025-26,Utah Jazz,Houston Rockets,120.25,42.0,59.0,19.25,43.5,11.5,32.0,31.75,17.125,2.0387701554980966,14.0,40.5,34.325,29.5,52.25,56.83871271653446,19.25,24.375,79.025,0.0,9.25,0.6134824121956475,4.125,22.75,0.19863819628121687,17.125,0.0,137.375,120.25,37.5,64.0,18.75,49.75,18.125,31.625,25.125,13.0,2.1560496794871793,12.5,32.625,38.55,32.0,62.25,51.86320168902136,18.75,24.125,77.5625,0.0,10.0,0.9078926282051281,4.5,20.75,0.22296058410188846,13.0,0.0,140.875
119,135,2025-12-01,1,1,2025-26,Indiana Pacers,Cleveland Cavaliers,111.625,37.875,54.25,19.5,42.0,9.0,33.0,23.875,15.75,1.567488934676435,12.625,36.0,35.1,27.125,49.625,54.60733369677831,19.5,25.25,77.08749999999999,0.0,7.875,0.5235138125763126,6.375,21.875,0.3227084952084952,15.75,0.0,124.375,113.375,45.375,52.0,16.0,44.25,10.125,34.125,26.125,15.25,1.7692868814192344,15.125,41.625,36.55,26.0,45.25,57.85001900554226,16.0,21.875,75.175,0.0,7.5,0.5091328197945846,5.125,19.875,0.25908425724602197,15.25,0.0,129.5
125,120,2025-12-01,1,1,2025-26,Orlando Magic,Chicago Bulls,123.25,37.5,62.5,23.25,43.625,12.0,31.625,26.875,12.5,2.366377591706539,12.5,34.625,35.65,31.25,56.75,55.231186131108686,23.25,27.75,84.025,0.0,9.125,0.7825885737069948,4.75,20.375,0.23738777766351296,12.5,0.0,143.0,121.75,46.875,56.25,18.625,45.75,9.875,35.875,30.125,13.875,2.2930501279765987,15.625,44.875,34.4125,28.125,50.375,56.52526399790286,18.625,23.875,75.82499999999999,0.0,6.125,0.46466003359385716,6.0,21.0,0.26758961026202405,13.875,0.0,139.125
129,126,2025-12-01,1,1,2025-26,Washington Wizards,Milwaukee Bucks,113.75,41.25,56.5,16.0,40.125,9.625,30.5,25.5,15.5,1.7018602312719961,13.75,36.125,37.9625,28.25,52.5,54.11242099814754,16.0,21.125,75.6125,0.0,8.25,0.5486519607843137,5.375,22.75,0.24760952938567693,15.5,0.0,125.75,107.75,47.625,47.75,12.375,39.25,8.0,31.25,26.625,14.875,1.8099278172807585,15.875,39.125,40.55,23.875,46.5,52.143397148421855,12.375,17.25,72.6125,0.0,8.625,0.590166451195863,3.25,20.125,0.1555301620296068,14.875,0.0,119.875
140,123,2025-12-01,1,1,2025-26,Miami Heat,LA Clippers,121.75,37.5,62.0,22.25,48.375,12.875,35.5,29.625,13.5,2.2825299700299704,12.5,34.5,35.7625,31.0,60.125,51.644209979780825,22.25,28.75,77.85,0.0,8.5,0.6443098568098568,4.875,18.25,0.2944107509604632,13.5,0.0,142.0,112.25,37.125,52.5,22.625,40.875,8.875,32.0,22.75,14.75,1.6478956807081806,12.375,34.625,35.175,26.25,50.0,52.664981356242244,22.625,25.25,88.975,0.0,7.0,0.5136656746031746,4.125,20.75,0.20037668085268703,14.75,0.0,123.625
108,125,2025-12-01,1,1,2025-26,Los Angeles Lakers,Phoenix Suns,121.75,37.875,59.25,24.625,42.25,9.375,32.875,25.75,15.125,1.8312669764875649,12.625,34.625,36.712500000000006,29.625,47.625,61.76412211616713,24.625,30.625,80.28750000000001,0.0,8.5,0.5619540998217469,4.0,18.875,0.2325078516254987,15.125,0.0,141.125,113.625,40.5,56.0,17.125,43.75,14.25,29.5,22.25,16.75,1.794905462184874,13.5,38.0,35.7625,28.0,52.5,53.190660728853075,17.125,21.875,78.05000000000001,0.0,11.5,0.8611811391223156,3.75,23.0,0.1767186595194466,16.75,0.0,124.375
121,131,2025-12-01,1,1,2025-26,Denver Nuggets,Dallas Mavericks,125.125,46.5,57.5,21.125,43.375,11.5,31.875,29.5,14.625,2.077234836242189,15.5,35.25,43.5625,28.75,50.875,56.695245925151106,21.125,25.625,82.66250000000001,0.0,5.5,0.4026839581986641,4.375,19.625,0.23519046742730954,14.625,0.0,146.875,111.75,39.375,52.25,20.125,44.25,11.0,33.25,23.75,14.875,1.7365845959595958,13.125,37.25,35.375,26.125,52.5,49.94667181522874,20.125,26.125,79.1,0.0,8.0,0.6117424242424243,5.875,21.375,0.27847581480304595,14.875,0.0,122.25
116,103,2025-12-01,1,1,2025-26,Brooklyn Nets,Charlotte Hornets,106.25,40.875,46.25,19.125,39.25,9.5,29.75,24.625,14.625,1.85578007518797,13.625,39.75,34.5125,23.125,42.25,54.769268562295345,19.125,25.125,74.9875,0.0,6.125,0.5009502923976609,4.625,17.75,0.26034369988027106,14.625,0.0,115.0,111.25,38.25,53.75,19.25,42.375,12.375,30.0,23.375,13.875,1.7788146596051009,12.75,41.75,30.4375,26.875,50.25,53.8785855063799,19.25,22.75,84.82499999999999,0.0,6.75,0.5205383974685445,4.75,16.375,0.3080344089390142,13.875,0.0,118.75
123,117,2025-12-02,1,1,2025-26,Boston Celtics,New York Knicks,119.625,49.5,54.75,15.375,46.25,13.75,32.5,25.625,12.25,2.6685460372960375,16.5,41.0,40.199999999999996,27.375,48.875,56.07611227695069,15.375,19.875,76.525,0.0,7.125,0.6846475892528523,5.75,22.0,0.2678608387799564,12.25,0.0,141.625,120.375,41.25,60.5,18.625,46.625,14.0,32.625,27.0,13.125,2.3320512820512818,13.75,38.375,36.425,30.25,52.375,57.96868163878,18.625,24.625,76.8125,0.0,8.25,0.6923752513826043,4.75,21.25,0.22950232135014745,13.125,0.0,141.125
142,149,2025-12-02,1,1,2025-26,New Orleans Pelicans,Minnesota Timberwolves,116.0,32.25,64.5,19.25,44.25,13.0,31.25,24.125,14.375,1.8125072843822845,10.75,31.5,33.95,32.25,61.125,52.54160053070631,19.25,25.0,79.2125,0.0,9.625,0.7155518093018093,4.5,21.75,0.22318637925255572,14.375,0.0,128.75,115.75,43.875,53.0,18.875,44.75,12.125,32.625,26.0,15.25,1.8262027800630742,14.625,39.625,36.8,26.5,49.375,53.54275058171269,18.875,25.625,75.425,0.0,9.25,0.6129158525298232,4.125,21.75,0.18762868069933286,15.25,0.0,130.0
112,124,2025-12-02,1,1,2025-26,Golden State Warriors,Oklahoma City Thunder,112.875,47.625,47.75,17.5,45.0,13.625,31.375,27.25,15.875,1.8926123619737751,15.875,46.375,34.0875,23.875,43.5,54.84477026596592,17.5,21.5,81.1875,0.0,10.0,0.6657004830917874,4.625,21.125,0.22880813027552155,15.875,0.0,129.75,121.625,40.5,60.25,20.875,41.625,8.25,33.375,27.5,13.375,2.1110615079365083,13.5,32.875,40.849999999999994,30.125,53.25,56.95287571532353,20.875,25.875,80.75,0.0,9.75,0.7448164682539683,6.125,21.375,0.29259062838710514,13.375,0.0,145.75
121,102,2025-12-02,1,1,2025-26,Philadelphia 76ers,Washington Wizards,114.875,37.875,57.5,19.5,44.625,11.5,33.125,25.375,15.625,1.7666666666666666,12.625,38.375,33.2125,28.75,53.0,54.23824719284167,19.5,23.5,83.8,0.0,9.5,0.6402777777777777,5.75,20.5,0.2866071428571429,15.625,0.0,130.5,113.0,40.5,57.75,14.75,39.5,10.0,29.5,25.875,14.25,1.9018602312719959,13.5,35.875,37.537499999999994,28.875,53.625,54.012739977413894,14.75,19.75,74.3375,0.0,8.125,0.5986519607843137,5.125,21.375,0.250235579805845,14.25,0.0,125.25
126,119,2025-12-02,1,1,2025-26,San Antonio Spurs,Memphis Grizzlies,118.125,40.125,58.0,20.0,43.625,10.875,32.75,25.5,12.875,2.16626129718235,13.375,37.5,35.2,29.0,50.75,57.59230293254083,20.0,23.75,84.225,0.0,8.875,0.8153489785068733,4.125,18.5,0.22064043752801493,12.875,0.0,137.75,114.375,39.375,58.5,16.5,51.125,14.5,36.625,30.25,14.375,2.3731560559006213,13.125,38.0,34.5125,29.25,55.125,53.586967350511195,16.5,21.5,76.3375,0.0,6.875,0.550423466931619,5.25,18.0,0.29319843168527376,14.375,0.0,137.75
121,118,2025-12-02,1,1,2025-26,Toronto Raptors,Portland Trail Blazers,112.75,31.875,62.75,18.125,43.125,11.0,32.125,28.875,14.875,2.0204421191553545,10.625,30.0,35.699999999999996,31.375,58.25,54.10842714611097,18.125,23.375,76.05,0.0,9.625,0.6922369909502262,3.875,19.5,0.20221927195611406,14.875,0.0,131.875,114.75,40.125,52.25,22.375,50.25,17.125,33.125,24.125,16.75,1.4784094887955181,13.375,43.75,30.4375,26.125,50.25,52.0768051013434,22.375,29.625,75.4125,0.0,7.5,0.4664128151260504,5.875,20.5,0.31445499401913873,16.75,0.0,124.0
120,135,2025-12-03,1,1,2025-26,Indiana Pacers,Denver Nuggets,112.625,36.0,56.5,20.125,41.5,9.875,31.625,23.5,15.5,1.565256791819292,12.0,34.375,34.900000000000006,28.25,51.0,55.40278824223286,20.125,26.5,76.02499999999999,0.0,7.875,0.5290941697191698,6.75,21.5,0.34179940429940425,15.5,0.0,125.25,124.875,45.75,60.0,19.125,43.375,11.75,31.625,30.5,14.0,2.3765136823960353,15.25,36.25,41.575,30.0,51.875,57.96466050101729,19.125,23.125,82.875,0.0,5.0,0.39427049666020253,4.25,18.625,0.25253496503496503,14.0,0.0,147.125
112,114,2025-12-03,1,1,2025-26,Orlando Magic,San Antonio Spurs,125.75,35.25,66.25,24.25,43.625,12.625,31.0,27.375,12.375,2.401830808080808,11.75,33.875,34.25,33.125,58.75,56.68223508215764,24.25,29.25,83.1625,0.0,10.25,0.846185064935065,5.5,20.375,0.28426277766351293,12.375,0.0,147.375,120.375,41.625,57.75,21.0,42.75,10.875,31.875,25.5,11.125,2.499594630515683,13.875,37.625,36.375,28.875,51.5,56.60374412081863,21.0,25.25,83.375,0.0,8.75,0.8927299308878256,4.25,18.875,0.22093948059021587,11.125,0.0,139.875
119,104,2025-12-03,1,1,2025-26,New York Knicks,Charlotte Hornets,117.5,40.5,59.75,17.25,44.375,12.75,31.625,26.625,13.625,2.1341346153846152,13.5,37.25,36.875,29.875,51.125,58.66810775068817,17.25,23.125,75.72500000000001,0.0,7.75,0.6038335847159376,4.75,20.25,0.23529942279942279,13.625,0.0,136.5,112.125,36.75,55.0,20.375,42.375,11.75,30.625,23.75,14.25,1.7677035484939896,12.25,40.5,30.3625,27.5,50.125,55.14954986696691,20.375,24.125,84.525,0.0,6.625,0.5052606196907667,5.0,17.0,0.30386774227234753,14.25,0.0,121.0
113,109,2025-12-03,1,1,2025-26,Milwaukee Bucks,Detroit Pistons,111.625,49.875,49.75,12.0,38.75,7.375,31.375,27.75,14.875,1.8761042878689937,16.625,39.0,42.65,24.875,47.125,53.753948580023135,12.0,16.875,72.01249999999999,0.0,8.5,0.5828135100193923,3.25,19.25,0.1650410315948242,14.875,0.0,125.5,119.75,30.75,67.25,21.75,45.875,12.5,33.375,25.125,18.0,1.4771610901885839,10.25,29.625,34.8375,33.625,56.5,59.78613120815446,21.75,28.625,75.55,0.0,9.125,0.5240797698678133,6.125,21.5,0.32288748832866476,18.0,0.0,138.875
92,115,2025-12-03,1,1,2025-26,Atlanta Hawks,LA Clippers,118.625,46.125,58.0,14.5,40.875,9.75,31.125,31.625,15.25,2.3419528213650067,15.375,41.125,37.6375,29.0,50.625,57.4625202373316,14.5,19.625,73.675,0.0,8.5,0.6082521180669064,5.5,20.625,0.2739478905597327,15.25,0.0,137.375,112.875,35.25,55.0,22.625,41.125,9.25,31.875,22.75,14.625,1.663692384004884,11.75,33.875,34.05,27.5,52.625,52.48652580789702,22.625,25.875,87.3125,0.0,7.5,0.5548744658119659,3.625,19.5,0.19412668085268706,14.625,0.0,122.75
118,108,2025-12-03,1,1,2025-26,Dallas Mavericks,Miami Heat,110.875,39.75,53.25,17.875,43.75,10.25,33.5,24.0,14.0,2.0084595959595957,13.25,36.875,36.3125,26.625,52.875,50.41093923326153,17.875,22.875,78.7,0.0,7.625,0.615909090909091,5.25,21.0,0.2536552406403665,14.0,0.0,122.625,122.75,39.375,63.0,20.375,48.875,12.375,36.5,30.125,13.625,2.2957875457875456,13.125,34.75,36.8875,31.5,60.5,52.22972196235163,20.375,26.0,79.075,0.0,8.875,0.671771978021978,5.5,18.5,0.317236837916985,13.625,0.0,146.25
103,113,2025-12-03,1,1,2025-26,Chicago Bulls,Brooklyn Nets,118.375,45.75,55.75,16.875,43.625,9.625,34.0,29.125,14.375,2.192209791842145,15.25,43.25,35.0625,27.875,49.5,56.92249185456277,16.875,22.625,73.1875,0.0,6.375,0.46676087392999155,5.25,20.25,0.2462252924209446,14.375,0.0,133.0,108.5,43.5,45.75,19.25,40.375,10.25,30.125,25.875,15.125,1.8200657894736842,14.5,40.25,36.25,22.875,42.625,53.901344033993446,19.25,25.25,75.175,0.0,6.25,0.45387237031973876,4.5,18.25,0.2503322582326738,15.125,0.0,118.875
110,122,2025-12-03,1,1,2025-26,Cleveland Cavaliers,Portland Trail Blazers,116.75,45.75,54.75,16.25,44.125,11.125,33.0,26.5,13.75,2.0014297385620914,15.25,41.625,36.8625,27.375,47.125,58.34119783473231,16.25,21.875,76.0375,0.0,7.5,0.56468837535014,5.0,19.875,0.2546199715317362,13.75,0.0,134.375,112.875,40.5,50.75,21.625,48.5,15.5,33.0,23.75,17.125,1.3992428221288515,13.5,42.875,31.400000000000002,25.375,47.375,53.57433857562106,21.625,29.625,73.0625,0.0,7.375,0.4414128151260504,6.125,19.125,0.3365904106858054,17.125,0.0,122.125
121,95,2025-12-03,1,1,2025-26,Houston Rockets,Sacramento Kings,119.0,34.875,63.25,20.875,48.875,17.625,31.25,24.5,13.125,2.082331730769231,11.625,32.5,36.15,31.625,62.0,51.46378518443676,20.875,26.375,78.925,0.0,9.625,0.8718349358974358,4.75,21.75,0.21975545589676024,13.125,0.0,136.875,109.5,29.25,63.5,16.75,39.875,9.0,30.875,25.125,12.75,2.332603107032287,9.75,30.0,32.2375,31.75,59.625,53.45956729319944,16.75,21.875,76.35,0.0,9.5,0.8638323750552852,4.0,20.375,0.19937452253628724,12.75,0.0,122.0
120,123,2025-12-04,1,1,2025-26,Toronto Raptors,Los Angeles Lakers,114.125,32.25,63.5,18.375,43.125,11.25,31.875,29.875,15.0,2.0657852564102566,10.75,30.625,35.2875,31.75,57.875,55.07072873341255,18.375,24.0,75.0125,0.0,9.875,0.7028579059829059,3.375,20.375,0.17394546243230452,15.0,0.0,133.75,123.75,38.625,61.25,23.875,41.875,8.875,33.0,25.625,15.375,1.814789703760292,12.875,34.375,37.7125,30.625,48.25,63.25854967442448,23.875,29.0,82.63749999999999,0.0,7.5,0.511385918003565,4.0,18.125,0.2325078516254987,15.375,0.0,143.125
99,98,2025-12-04,1,1,2025-26,Philadelphia 76ers,Golden State Warriors,116.875,39.0,58.5,19.375,45.25,11.5,33.75,26.25,15.125,1.9037878787878788,13.0,38.5,34.0375,29.25,54.375,53.9575704059979,19.375,23.75,81.78750000000001,0.0,9.875,0.7016414141414141,6.0,20.625,0.29732142857142857,15.125,0.0,134.125,113.25,48.0,48.75,16.5,45.5,13.25,32.25,28.75,16.0,1.976987361973775,16.0,46.0,34.725,24.375,44.5,54.907663347726924,16.5,20.5,80.075,0.0,9.5,0.6297629830917875,3.875,21.375,0.19017176663915794,16.0,0.0,130.75
101,146,2025-12-04,1,1,2025-26,Washington Wizards,Boston Celtics,111.75,38.25,57.5,16.0,41.5,10.5,31.0,25.625,14.625,1.8331102312719962,12.75,35.625,35.724999999999994,28.75,53.375,54.012739977413894,16.0,21.375,74.77499999999999,0.0,8.0,0.5778186274509804,5.875,20.5,0.3134931555634207,14.625,0.0,125.25,118.625,46.5,56.5,15.625,43.75,12.875,30.875,23.625,12.125,2.507182400932401,15.5,39.625,39.1125,28.25,48.75,58.09849702872374,15.625,20.125,76.825,0.0,7.375,0.714193043798307,5.125,22.0,0.23661083877995642,12.125,0.0,137.25
116,125,2025-12-04,1,1,2025-26,New Orleans Pelicans,Minnesota Timberwolves,120.125,32.25,66.5,21.375,45.125,12.25,32.875,24.75,13.25,1.9431891025641026,10.75,30.625,35.725,33.25,62.625,52.86179757504129,21.375,27.5,79.0875,0.0,9.125,0.7124923687423687,4.125,21.375,0.20939039263048215,13.25,0.0,134.625,120.375,47.625,53.25,19.5,44.875,12.375,32.5,26.75,14.75,2.007826711687006,15.875,41.75,38.025000000000006,26.625,49.25,53.91399446710752,19.5,26.375,75.32499999999999,0.0,9.0,0.6235996132135838,3.75,21.5,0.17522127329192547,14.75,0.0,134.625
110,123,2025-12-04,1,1,2025-26,Brooklyn Nets,Utah Jazz,106.5,44.25,44.25,18.0,40.125,10.25,29.875,25.625,15.875,1.7319705513784462,14.75,40.875,36.225,22.125,41.875,53.09953482346713,18.0,23.625,75.4,0.0,7.25,0.4919676084149768,4.5,18.375,0.2474082816244867,15.875,0.0,116.625,121.625,40.125,60.25,21.25,43.625,11.5,32.125,31.0,15.75,2.152952847805789,13.375,39.375,33.925000000000004,30.125,53.125,57.11333392865566,21.25,26.5,80.82499999999999,0.0,9.125,0.6435304891187245,4.0,24.25,0.18187249169717615,15.75,0.0,139.375
133,134,2025-12-05,1,1,2025-26,Atlanta Hawks,Denver Nuggets,116.125,45.375,56.5,14.25,41.25,9.25,32.0,30.25,14.875,2.294255452943954,15.125,40.5,37.5375,28.25,51.0,55.32020476715971,14.25,19.5,72.66250000000001,0.0,8.5,0.6193540917511169,5.0,19.75,0.25525916506953655,14.875,0.0,132.875,125.875,46.875,60.0,19.0,41.5,10.75,30.75,30.75,14.375,2.3097523187596716,15.625,35.25,44.3,30.0,51.125,58.68001072456424,19.0,23.25,81.9875,0.0,5.0,0.3687023148420207,4.25,19.5,0.23765401265401265,14.375,0.0,148.0
122,116,2025-12-05,1,1,2025-26,Detroit Pistons,Portland Trail Blazers,117.5,32.625,63.5,21.375,46.0,12.375,33.625,24.625,17.75,1.4722591294042702,10.875,30.625,35.7,31.75,56.375,56.357248769838066,21.375,27.875,76.28750000000001,0.0,9.0,0.5245699659462447,5.75,20.25,0.32189542483660133,17.75,0.0,134.25,114.375,42.0,48.5,23.875,49.875,15.125,34.75,24.125,16.25,1.508858206744236,14.0,42.0,33.5,24.25,46.75,52.06873633472471,23.875,32.0,73.9625,0.0,7.0,0.4361243535875889,5.875,20.25,0.2978999344953292,16.25,0.0,126.375
86,111,2025-12-05,1,1,2025-26,Toronto Raptors,Charlotte Hornets,114.0,33.75,62.25,18.0,44.375,12.0,32.375,30.625,15.0,2.1157852564102564,11.25,31.625,35.612500000000004,31.125,57.5,54.31460985229367,18.0,23.625,74.72500000000001,0.0,9.5,0.677857905982906,4.125,20.5,0.21078756769546245,15.0,0.0,135.25,111.625,37.875,54.0,19.75,41.875,11.5,30.375,23.75,13.875,1.8019583561862973,12.625,40.75,31.1125,27.0,50.25,53.958282136470444,19.75,23.0,85.8375,0.0,5.75,0.45778465815230523,4.75,17.5,0.2721217105263158,13.875,0.0,119.25
132,111,2025-12-05,1,1,2025-26,Oklahoma City Thunder,Dallas Mavericks,123.5,42.0,59.5,22.0,40.5,7.125,33.375,27.25,13.5,2.078918650793651,14.0,34.0,40.737500000000004,29.75,50.875,58.758162626993425,22.0,27.5,79.98750000000001,0.0,9.625,0.731125992063492,6.0,21.125,0.29066755146402823,13.5,0.0,146.75,113.625,42.375,54.5,16.75,44.625,10.25,34.375,26.25,13.375,2.185542929292929,14.125,37.125,38.8125,27.25,53.375,51.08505325483317,16.75,20.5,81.45,0.0,7.5,0.6221590909090909,5.625,20.125,0.2892613012464271,13.375,0.0,131.375
106,105,2025-12-05,1,1,2025-26,Orlando Magic,Miami Heat,125.625,34.125,68.75,22.75,44.875,12.75,32.125,28.125,12.625,2.4112058080808083,11.375,32.625,34.3625,34.375,61.0,56.91371656363912,22.75,27.375,82.52499999999999,0.0,10.25,0.811810064935065,4.75,20.0,0.25286325613241245,12.625,0.0,148.5,121.875,38.25,62.5,21.125,49.0,13.25,35.75,30.125,13.25,2.3664044289044286,12.75,35.0,35.6,31.25,60.25,52.02257234113951,21.125,26.625,80.3,0.0,9.625,0.752129120879121,5.5,17.5,0.3355518562320033,13.25,0.0,146.125
146,112,2025-12-05,1,1,2025-26,New York Knicks,Utah Jazz,118.25,41.625,58.75,17.875,43.875,13.0,30.875,27.25,12.625,2.3539058572146807,13.875,37.5,37.7,29.375,50.125,58.840521543791624,17.875,23.5,77.0,0.0,8.0,0.6773629964806436,4.625,20.375,0.226161995898838,12.625,0.0,139.375,118.25,38.625,59.5,20.125,41.875,11.125,30.75,31.25,16.25,2.0482519931049343,12.875,36.375,36.3375,29.75,52.625,56.897816687276354,20.125,24.75,82.0375,0.0,8.375,0.5302826258708612,3.375,23.625,0.1605215600201575,16.25,0.0,135.875
107,98,2025-12-05,1,1,2025-26,Memphis Grizzlies,LA Clippers,116.75,39.375,62.0,15.375,51.625,14.25,37.375,31.125,14.375,2.4314893892339544,13.125,37.25,35.325,31.0,56.375,55.52562475791861,15.375,19.5,77.6875,0.0,6.25,0.5087568002649524,5.375,18.375,0.2949841459709881,14.375,0.0,143.125,113.75,34.5,57.75,21.5,42.25,9.875,32.375,24.125,14.875,1.7407757173382172,11.5,33.0,34.112500000000004,28.875,53.75,53.95308282544087,21.5,25.0,85.89999999999999,0.0,8.25,0.6048744658119658,3.375,18.5,0.18664804837405458,14.875,0.0,127.0
117,98,2025-12-05,1,1,2025-26,Houston Rockets,Phoenix Suns,116.625,30.375,65.0,21.25,50.5,17.25,33.25,24.25,14.625,1.7073317307692308,10.125,28.875,35.3375,32.5,63.75,51.25340267077555,21.25,26.875,78.7125,0.0,8.875,0.607946047008547,5.0,20.25,0.2856645468058512,14.625,0.0,135.0,114.0,43.125,55.5,15.375,42.0,12.75,29.25,23.75,16.0,2.023515087853323,14.375,39.125,37.05,27.75,50.75,54.54239263535828,15.375,20.5,72.4625,0.0,12.375,0.9768228503522621,3.5,22.0,0.1689061595194466,16.0,0.0,126.75
105,120,2025-12-05,1,1,2025-26,Chicago Bulls,Indiana Pacers,115.0,41.25,56.25,17.5,42.25,9.375,32.875,27.75,15.25,1.9179042362865892,13.75,40.375,33.5,28.125,50.875,55.98286600422263,17.5,23.375,73.325,0.0,7.5,0.5066914294855471,4.875,19.875,0.22678084797650014,15.25,0.0,126.875,113.625,37.5,57.25,18.875,40.875,8.375,32.5,24.125,14.375,1.7021615537240538,12.5,34.0,37.075,28.625,51.0,56.11033541204418,18.875,24.5,76.775,0.0,7.625,0.5439751221001221,6.75,21.25,0.34380260942760943,14.375,0.0,129.125
130,117,2025-12-05,1,1,2025-26,Cleveland Cavaliers,San Antonio Spurs,115.75,45.0,53.75,17.0,44.125,11.875,32.25,26.25,12.375,2.2385329131652663,15.0,43.75,34.625,26.875,46.875,57.54303766157214,17.0,22.25,78.04999999999998,0.0,7.75,0.6767915499533146,5.75,20.75,0.27514693231605,12.375,0.0,133.25,119.25,41.25,56.75,21.25,43.5,11.375,32.125,23.25,11.625,2.3145069112174377,13.75,37.625,36.05,28.375,52.0,55.02499941538929,21.25,26.0,81.8125,0.0,8.5,0.8672913343965976,4.375,19.25,0.22277771588433354,11.625,0.0,135.0
126,105,2025-12-05,1,1,2025-26,Boston Celtics,Los Angeles Lakers,121.75,48.0,57.5,16.25,43.375,12.25,31.125,24.75,12.625,2.4030157342657343,16.0,40.625,39.3125,28.75,47.25,60.41219895180067,16.25,20.625,77.97500000000001,0.0,8.375,0.7641930437983069,5.375,21.875,0.2508965530656707,12.625,0.0,143.5,124.375,39.75,60.5,24.125,41.0,9.375,31.625,25.375,14.5,1.915799804770393,13.25,34.0,39.275000000000006,30.25,49.125,61.55679528845957,24.125,29.0,83.6,0.0,6.75,0.5006535947712418,4.25,18.125,0.24721373397843988,14.5,0.0,142.75
101,116,2025-12-05,1,1,2025-26,Milwaukee Bucks,Philadelphia 76ers,112.5,48.375,51.0,13.125,39.5,7.5,32.0,28.0,15.0,1.8781876212023272,16.125,40.0,40.4375,25.5,44.75,57.810966123882785,13.125,17.625,74.75,0.0,8.125,0.5546885100193923,3.875,19.625,0.19518809041835358,15.0,0.0,129.375,115.5,38.625,58.75,18.125,45.375,11.75,33.625,25.875,16.375,1.693992557150452,12.875,39.0,33.25,29.375,54.0,54.64690864129202,18.125,21.75,82.86250000000001,0.0,10.0,0.6570507708665603,6.375,19.875,0.3348214285714286,16.375,0.0,132.375
94,99,2025-12-06,1,1,2025-26,Cleveland Cavaliers,Golden State Warriors,119.0,43.5,58.25,17.25,45.25,11.75,33.5,27.75,12.75,2.2968662464985994,14.5,42.125,34.625,29.125,49.125,59.150180518715004,17.25,21.875,79.725,0.0,8.5,0.7184582166199813,5.625,21.25,0.26315198282110047,12.75,0.0,141.125,110.0,43.5,50.25,16.25,45.0,12.625,32.375,27.875,15.0,2.0342217942082073,14.5,44.25,32.9375,25.125,45.625,55.30659951793969,16.25,20.375,79.15,0.0,9.25,0.6618142651430695,3.875,21.0,0.1934326362043753,15.0,0.0,126.625
122,109,2025-12-06,1,1,2025-26,Dallas Mavericks,Houston Rockets,113.625,42.375,56.0,15.25,42.75,10.125,32.625,26.875,12.625,2.3174873737373733,14.125,36.25,39.6625,28.0,54.375,51.669921348412075,15.25,19.25,79.1625,0.0,7.0,0.6013257575757576,5.375,19.0,0.2872816632373773,12.625,0.0,130.5,116.625,31.125,65.25,20.25,48.0,15.625,32.375,25.0,15.625,1.6848679626532888,10.375,28.625,37.2875,32.625,61.0,53.484006119051415,20.25,25.625,79.125,0.0,9.5,0.6235257571534746,5.5,19.875,0.3139254163710686,15.625,0.0,137.0
111,127,2025-12-06,1,1,2025-26,Miami Heat,Sacramento Kings,121.25,36.0,64.25,21.0,48.0,12.0,36.0,29.25,13.375,2.2902139527139527,12.0,33.0,35.5625,32.125,60.25,53.45699857064771,21.0,26.75,79.49999999999999,0.0,8.875,0.69617673992674,6.125,17.625,0.36904858825814707,13.375,0.0,145.25,107.625,28.5,63.75,15.375,39.25,9.875,29.375,24.625,12.875,2.2741095172886965,9.5,30.125,31.3625,31.875,60.75,52.69898528261743,15.375,20.375,73.51249999999999,0.0,9.5,0.8558195545424647,4.5,20.375,0.2287862872421696,12.875,0.0,118.125
109,106,2025-12-06,1,1,2025-26,Minnesota Timberwolves,LA Clippers,121.0,48.0,52.5,20.5,43.625,12.125,31.5,27.125,15.125,1.9967972999222998,16.0,41.0,38.987500000000004,26.25,49.375,53.08852276899431,20.5,26.875,77.5375,0.0,7.625,0.5372025543900545,4.375,21.25,0.20599778844344063,15.125,0.0,134.125,113.375,34.5,57.5,21.375,41.5,9.25,32.25,24.375,14.375,1.7834928041729512,11.5,34.0,33.225,28.75,51.625,56.05607024682452,21.375,24.75,86.3375,0.0,8.75,0.6440901520864757,2.875,18.25,0.16303693726294344,14.375,0.0,127.75
119,101,2025-12-06,1,1,2025-26,Brooklyn Nets,New Orleans Pelicans,107.875,43.125,45.5,19.25,40.75,10.5,30.25,25.25,16.375,1.6615340434419381,14.375,41.375,34.9,22.75,41.375,55.20180755073986,19.25,25.0,76.1375,0.0,6.5,0.42649141793878637,5.125,18.0,0.2820972768397977,16.375,0.0,117.75,119.875,32.25,66.25,21.375,45.0,11.125,33.875,25.25,13.25,1.9848557692307691,10.75,29.5,36.65,33.125,63.375,52.06380650361271,21.375,26.875,80.875,0.0,9.0,0.702075702075702,3.75,21.125,0.19471236232745184,13.25,0.0,135.125
116,131,2025-12-06,1,1,2025-26,Washington Wizards,Atlanta Hawks,111.125,37.5,57.5,16.125,42.0,11.625,30.375,25.625,15.375,1.7601935646053295,12.5,35.25,35.35,28.75,53.75,53.65896639250823,16.125,21.75,73.9125,0.0,7.75,0.539624183006536,6.0,20.125,0.32122042829069347,15.375,0.0,123.75,117.0,45.375,56.5,15.125,42.0,9.875,32.125,30.875,14.625,2.372380452943954,15.125,41.625,36.212500000000006,28.25,50.875,55.46816395083317,15.125,19.875,76.7,0.0,8.625,0.6360951631796883,4.5,19.875,0.2340091650695366,14.625,0.0,134.5
124,112,2025-12-06,1,1,2025-26,Detroit Pistons,Milwaukee Bucks,117.75,32.625,61.75,23.375,45.75,13.125,32.625,24.125,17.625,1.453211510356651,10.875,29.75,36.875,30.875,57.125,53.97826998999721,23.375,30.875,75.25,0.0,8.5,0.49599853737481614,6.125,21.875,0.32081783862970475,17.625,0.0,132.0,110.875,47.25,49.25,14.375,38.875,8.0,30.875,27.5,15.5,1.79088603390074,15.75,39.5,39.875,24.625,43.25,57.709505084921744,14.375,19.375,74.4,0.0,8.25,0.5477440655749479,4.0,19.875,0.1998873385386543,15.5,0.0,126.625
119,96,2025-12-07,1,1,2025-26,Memphis Grizzlies,Portland Trail Blazers,117.5,38.625,62.5,16.375,49.5,12.125,37.375,30.875,14.625,2.3823822463768116,12.875,35.875,35.9375,31.25,54.5,57.75639398868783,16.375,20.625,79.7625,0.0,6.625,0.5254978716935239,5.375,18.75,0.2894285904154325,14.625,0.0,144.75,113.75,42.0,46.5,25.25,47.875,14.125,33.75,23.5,16.75,1.4354207067442362,14.0,41.375,33.975,23.25,44.625,52.16489018087856,25.25,32.375,77.1875,0.0,6.5,0.39549935358758886,6.25,22.625,0.2874088630667578,16.75,0.0,125.25
106,115,2025-12-07,1,1,2025-26,Charlotte Hornets,Denver Nuggets,110.75,37.875,52.5,20.375,41.75,9.5,32.25,23.5,15.25,1.6681442536221949,12.625,39.625,32.0125,26.25,47.25,55.80463188180152,20.375,24.375,84.125,0.0,6.625,0.46339363251127963,5.25,17.75,0.2957328216374269,15.25,0.0,120.625,127.0,48.75,59.0,19.25,41.625,10.75,30.875,29.875,13.375,2.3826689854263385,16.25,36.0,45.262499999999996,29.5,51.125,57.71847226302578,19.25,23.625,81.8,0.0,5.125,0.4124523148420207,4.875,18.125,0.28284632034632035,13.375,0.0,149.375
101,131,2025-12-07,1,1,2025-26,Utah Jazz,Oklahoma City Thunder,116.5,39.375,55.75,21.375,42.375,11.375,31.0,30.0,15.5,2.058668659771601,13.125,36.0,37.1875,27.875,52.375,53.14486160453404,21.375,26.875,79.875,0.0,7.75,0.5233381814264167,3.25,22.125,0.1591326711312686,15.5,0.0,131.5,124.25,40.125,61.75,22.375,41.125,6.375,34.75,27.25,12.0,2.4955853174603178,13.375,32.5,40.675,30.875,52.0,59.63779225662305,22.375,27.5,81.3375,0.0,8.75,0.7519593253968254,5.625,21.25,0.2710246943211711,12.0,0.0,149.625
91,123,2025-12-07,1,1,2025-26,Chicago Bulls,Golden State Warriors,112.875,38.25,55.25,19.375,43.25,9.875,33.375,25.875,15.625,1.7748121310234315,12.75,38.625,32.775000000000006,27.625,50.25,55.583929834009865,19.375,25.25,75.63749999999999,0.0,7.125,0.4746190610644945,4.0,18.5,0.20017828387393605,15.625,0.0,123.125,108.25,43.5,48.75,16.0,46.25,12.875,33.375,27.75,14.5,2.0768805243669375,14.5,44.125,33.0625,24.375,46.75,52.47046506415818,16.0,19.75,80.2,0.0,8.875,0.656853947682752,4.5,21.125,0.22523088181841042,14.5,0.0,125.375
108,112,2025-12-07,1,1,2025-26,Philadelphia 76ers,Los Angeles Lakers,116.0,39.75,57.5,18.75,45.5,11.125,34.375,26.0,15.625,1.7594687476266424,13.25,40.0,33.1875,28.75,52.875,54.5518728631167,18.75,22.25,83.6875,0.0,10.125,0.6915745803903699,5.75,20.375,0.3025297619047619,15.625,0.0,133.375,122.625,40.125,59.0,23.5,39.5,9.25,30.25,24.375,14.125,1.880610729140141,13.375,34.25,39.349999999999994,29.5,48.875,60.10928446594875,23.5,28.5,83.0125,0.0,6.125,0.4764939309056956,4.0,17.375,0.2400708768355827,14.125,0.0,137.25
106,100,2025-12-07,1,1,2025-26,New York Knicks,Orlando Magic,122.375,45.0,59.0,18.375,43.5,12.25,31.25,27.625,13.125,2.267367395676219,15.0,37.5,40.375,29.5,49.875,59.38573963102652,18.375,22.375,81.27499999999999,0.0,8.125,0.652790346907994,3.625,20.375,0.18070745044429254,13.125,0.0,145.25,123.75,35.625,66.5,21.625,44.75,12.375,32.375,27.625,12.125,2.461205808080808,11.875,32.875,35.65,33.25,61.625,54.262447858369114,21.625,26.75,80.26249999999999,0.0,9.125,0.749310064935065,4.75,19.875,0.2538500982376756,12.125,0.0,143.375
113,121,2025-12-07,1,1,2025-26,Toronto Raptors,Boston Celtics,107.25,31.875,60.0,15.375,43.5,11.875,31.625,28.5,15.625,1.9345352564102565,10.625,31.75,33.237500000000004,30.0,58.5,51.54765458533841,15.375,20.375,73.76249999999999,0.0,9.375,0.6445245726495726,4.125,21.125,0.20578756769546244,15.625,0.0,122.5,123.375,49.875,58.5,15.0,42.0,12.0,30.0,25.5,12.125,2.4889532342657343,16.625,41.0,40.325,29.25,48.0,60.6452991849009,15.0,18.875,78.77499999999999,0.0,8.75,0.7970055437983069,5.375,21.375,0.25610488639900403,12.125,0.0,145.875
132,135,2025-12-08,1,1,2025-26,New Orleans Pelicans,San Antonio Spurs,118.125,33.0,64.5,20.625,44.25,11.375,32.875,25.875,13.75,1.9650593891402715,11.0,29.25,37.9125,32.25,62.5,51.36821988080569,20.625,25.75,81.425,0.0,8.25,0.6240214034331681,3.625,20.5,0.19471236232745182,13.75,0.0,132.75,120.0,40.875,57.0,22.125,43.5,12.25,31.25,23.875,12.25,2.245062466772993,13.625,37.75,35.65,28.5,52.625,54.552777193167074,22.125,27.625,79.88749999999999,0.0,8.375,0.8087595883648516,4.375,20.0,0.2163856704297881,12.25,0.0,134.125
105,108,2025-12-08,1,1,2025-26,Minnesota Timberwolves,Phoenix Suns,119.625,47.25,51.0,21.375,41.75,10.5,31.25,26.5,15.625,1.852154442779443,15.75,39.375,40.212500000000006,25.5,47.75,53.301354994907925,21.375,27.125,79.575,0.0,7.0,0.45327398296148297,4.5,22.125,0.2010735460191982,15.625,0.0,132.125,110.375,39.75,55.75,14.875,40.5,12.375,28.125,22.5,15.375,1.991463805802041,13.25,38.625,34.4125,27.875,51.5,54.070948669841044,14.875,20.125,71.525,0.0,11.5,0.960263021292433,3.25,21.375,0.1617512773645645,15.375,0.0,118.5
116,105,2025-12-08,1,1,2025-26,Indiana Pacers,Sacramento Kings,112.75,38.25,56.5,18.0,39.875,7.875,32.0,23.125,14.125,1.6664472680097682,12.75,34.125,37.5875,28.25,50.75,55.63161200778886,18.0,23.625,75.825,0.0,8.625,0.6209840506715507,6.75,21.125,0.3459671115921116,14.125,0.0,127.5,111.125,30.75,65.0,15.375,39.25,9.375,29.875,25.0,12.0,2.4010034566826364,10.25,30.75,33.0875,32.5,61.0,53.52513470790479,15.375,20.125,74.2875,0.0,9.375,0.8974862212091315,5.125,20.0,0.26168102408427485,12.0,0.0,124.125
117,108,2025-12-09,1,1,2025-26,Orlando Magic,Miami Heat,120.125,33.375,65.75,21.0,44.375,13.0,31.375,26.5,12.25,2.337152777777778,11.125,33.875,32.6125,32.875,60.625,54.40667862759988,21.0,26.75,77.6625,0.0,8.5,0.6858630952380953,4.75,19.75,0.25568833353179327,12.25,0.0,135.75,117.25,34.125,64.0,19.125,46.5,11.5,35.0,27.75,13.75,2.073867798867799,11.375,32.125,34.5875,32.0,59.25,54.2111801716035,19.125,25.25,77.375,0.0,7.875,0.5817536630036629,5.75,17.0,0.35868762569130214,13.75,0.0,137.25
101,117,2025-12-09,1,1,2025-26,Toronto Raptors,New York Knicks,106.5,29.625,62.5,14.375,44.75,12.5,32.25,27.5,16.125,1.7294070512820514,9.875,30.75,32.1,31.25,60.0,52.43149296917679,14.375,19.375,73.2625,0.0,8.5,0.525934829059829,4.0,20.625,0.20389362830152305,16.125,0.0,120.5,120.5,44.25,58.5,17.75,45.5,13.0,32.5,27.125,12.375,2.3342123154623153,14.75,37.25,39.9125,29.25,51.625,56.707168202455094,17.75,21.375,82.07499999999999,0.0,8.5,0.7069347319347319,4.0,19.5,0.20451697425381635,12.375,0.0,144.75
138,89,2025-12-10,1,1,2025-26,Oklahoma City Thunder,Phoenix Suns,126.5,44.25,61.5,20.75,41.0,6.25,34.75,28.5,11.75,2.6094246031746033,14.75,33.0,43.6375,30.75,51.5,60.03996616966653,20.75,26.875,75.47500000000001,0.0,8.75,0.7620039682539682,4.75,21.125,0.23025088479736155,11.75,0.0,152.625,109.625,39.0,56.75,13.875,40.25,12.25,28.0,22.625,13.0,2.2409677740560094,13.0,38.875,33.3125,28.375,52.375,54.180597792648065,13.875,19.0,70.7875,0.0,10.875,1.01333841811783,3.25,20.25,0.16563058770939204,13.0,0.0,118.625
119,132,2025-12-10,1,1,2025-26,Los Angeles Lakers,San Antonio Spurs,119.125,40.875,56.25,22.0,40.875,8.875,32.0,23.625,13.25,1.9651695526695527,13.625,34.75,39.5625,28.125,48.5,57.877141608805886,22.0,26.875,81.825,0.0,5.375,0.44781746031746034,4.875,17.5,0.27957304133774724,13.25,0.0,134.25,120.0,40.875,57.25,21.875,43.5,12.5,31.0,23.25,12.75,2.1003654970760235,13.625,37.25,36.2375,28.625,54.0,53.406350880706604,21.875,27.0,80.725,0.0,7.75,0.7367898913951546,3.875,20.5,0.18305233709645474,12.75,0.0,131.5
143,120,2025-12-11,1,1,2025-26,New Orleans Pelicans,Portland Trail Blazers,122.375,32.625,68.75,21.0,42.375,10.25,32.125,27.625,12.625,2.3053371669180494,10.875,29.125,37.574999999999996,34.375,63.125,54.318134991162225,21.0,26.0,82.075,0.0,8.625,0.7004102923220571,3.625,21.25,0.1832034109208022,12.625,0.0,140.0,109.875,41.625,44.5,23.75,46.375,12.75,33.625,22.25,17.375,1.351858435681965,13.875,41.125,33.887499999999996,22.25,44.25,50.231750645994836,23.75,30.625,77.05,0.0,6.5,0.38634184443007974,6.25,22.875,0.2855570112149059,17.375,0.0,117.75
115,113,2025-12-11,1,1,2025-26,Houston Rockets,LA Clippers,116.0,31.5,65.75,18.75,46.25,15.625,30.625,24.875,16.5,1.6012141164994427,10.5,29.25,36.9125,32.875,60.0,54.75098626534191,18.75,23.875,79.05000000000001,0.0,9.375,0.586987295615013,5.75,19.5,0.32968628593628596,16.5,0.0,134.75,110.25,30.75,58.5,21.0,40.75,9.125,31.625,22.625,14.5,1.5903109859911329,10.25,32.25,31.575000000000003,29.25,52.75,55.79486204013759,21.0,24.875,84.42500000000001,0.0,8.75,0.6349992429955664,3.0,19.375,0.1632718996689585,14.5,0.0,121.5
116,101,2025-12-11,1,1,2025-26,Milwaukee Bucks,Boston Celtics,110.375,45.75,48.75,15.875,39.0,8.625,30.375,26.875,14.875,1.8276507397830928,15.25,38.875,39.325,24.375,43.875,56.40383170210096,15.875,21.875,72.58749999999999,0.0,8.625,0.6035038694965166,3.75,20.75,0.1778731684981685,14.875,0.0,124.625,125.375,53.25,56.75,15.375,41.625,12.0,29.625,25.5,11.875,2.530911276223776,17.75,42.625,41.6,28.375,46.625,60.39232299442471,15.375,18.875,81.46249999999999,0.0,8.875,0.8206069423997056,6.375,21.0,0.30224125003536767,11.875,0.0,149.25
105,136,2025-12-11,1,1,2025-26,Sacramento Kings,Denver Nuggets,112.25,29.25,67.0,16.0,41.625,10.75,30.875,25.5,12.25,2.4087433947631314,9.75,29.375,32.9,33.5,63.375,53.04963503027745,16.0,21.125,73.825,0.0,9.5,0.9001951995373048,5.0,19.5,0.2610497109529617,12.25,0.0,127.0,127.375,49.5,59.25,18.625,41.25,10.0,31.25,30.0,12.75,2.511835652093005,16.5,36.75,45.1625,29.625,51.25,57.818206305578975,18.625,23.0,81.1625,0.0,5.125,0.44578564817535404,4.25,18.0,0.2522542150831625,12.75,0.0,149.0
126,129,2025-12-12,1,1,2025-26,Charlotte Hornets,Chicago Bulls,109.5,39.0,51.0,19.5,42.875,9.375,33.5,23.5,15.625,1.6097026951806364,13.0,40.875,31.9875,25.5,46.0,55.843878349619416,19.5,23.75,82.58749999999999,0.0,6.875,0.46907545069309775,5.375,18.0,0.30027827618288144,15.625,0.0,119.875,110.875,37.875,54.25,18.75,43.125,10.75,32.375,25.625,15.25,1.7942565754678759,12.625,38.25,32.725,27.125,50.5,54.29213652093996,18.75,24.125,76.7875,0.0,8.0,0.5398968388422722,2.875,17.0,0.1733264320220842,15.25,0.0,120.875
142,115,2025-12-12,1,1,2025-26,Detroit Pistons,Atlanta Hawks,117.125,32.25,60.5,24.375,48.375,15.0,33.375,24.125,17.875,1.4186132960709368,10.75,31.0,34.9,30.25,56.875,52.99321564217112,24.375,31.75,76.7125,0.0,7.875,0.44577532308910184,5.875,23.0,0.29593096080165043,17.875,0.0,131.25,119.0,43.875,60.0,15.125,42.375,10.5,31.875,31.875,15.625,2.172380452943954,14.625,40.75,35.75,30.0,52.75,56.62860308796723,15.125,19.25,79.9875,0.0,9.5,0.6372856393701646,4.125,19.375,0.2215091650695366,15.625,0.0,138.25
126,130,2025-12-12,1,1,2025-26,Washington Wizards,Cleveland Cavaliers,112.0,38.625,56.25,17.125,39.875,10.625,29.25,26.125,15.75,1.7576200351935647,12.875,36.0,35.4625,28.125,52.0,54.32860924965108,17.125,22.625,75.725,0.0,7.75,0.5330065359477124,5.875,19.125,0.3270964966667618,15.75,0.0,123.375,115.75,42.375,57.5,15.875,46.375,13.0,33.375,26.125,12.5,2.2031162464985994,14.125,43.0,32.9625,28.75,50.5,57.39804376657825,15.875,20.0,80.4125,0.0,8.75,0.7467320261437909,5.125,20.75,0.2454752151443328,12.5,0.0,134.875
126,130,2025-12-12,1,1,2025-26,Memphis Grizzlies,Utah Jazz,115.25,36.0,61.75,17.5,49.75,12.75,37.0,29.125,16.5,1.8783061594202901,12.0,33.5,35.574999999999996,30.875,55.625,55.53417176646561,17.5,22.25,79.45,0.0,7.5,0.45144895865004564,5.5,20.5,0.2753376813245234,16.5,0.0,139.625,115.125,37.875,57.25,20.0,42.125,10.625,31.5,29.375,14.125,2.108563617754794,12.625,35.75,36.0875,28.625,53.375,53.580401674220454,20.0,25.375,78.8375,0.0,7.25,0.5228129713423831,3.25,21.125,0.1661914946606804,14.125,0.0,129.75
115,105,2025-12-12,1,1,2025-26,Philadelphia 76ers,Indiana Pacers,114.125,37.875,57.25,19.0,45.75,11.875,33.875,24.875,14.625,1.9291116047694996,12.625,37.875,33.45,28.625,55.625,52.089751650995495,19.0,22.25,84.65,0.0,9.625,0.7153841041998936,5.5,20.625,0.28194152661064426,14.625,0.0,129.75,113.625,39.375,56.0,18.25,39.625,7.875,31.75,23.125,14.25,1.6492769383394383,13.125,33.875,38.875,28.0,50.875,55.02829375741179,18.25,23.875,75.9,0.0,9.125,0.6498302045177046,6.875,20.25,0.37020953583453586,14.25,0.0,128.875
120,127,2025-12-12,1,1,2025-26,Golden State Warriors,Minnesota Timberwolves,111.625,46.875,49.0,15.75,44.875,12.25,32.625,28.125,13.75,2.1449751535229478,15.625,43.875,35.6,24.5,46.125,53.47126039819848,15.75,19.625,79.375,0.0,9.25,0.6942580397543633,4.125,20.625,0.20960588181841042,13.75,0.0,130.5,118.625,46.875,51.25,20.5,42.875,10.375,32.5,27.5,14.75,1.9665483821733822,15.625,40.0,39.4375,25.625,46.75,54.95018525872077,20.5,25.875,79.5625,0.0,5.5,0.3983497405372405,4.125,21.75,0.18558441558441557,14.75,0.0,133.0
119,111,2025-12-12,1,1,2025-26,Dallas Mavericks,Brooklyn Nets,114.125,39.0,60.5,14.625,40.75,9.625,31.125,25.875,11.75,2.341525835275835,13.0,33.25,39.6125,30.25,57.125,52.68618151101369,14.625,18.25,79.9625,0.0,7.5,0.6700757575757577,4.75,18.375,0.26378542263587357,11.75,0.0,130.5,108.625,43.5,46.25,18.875,41.25,11.25,30.0,25.875,17.125,1.6097483291562238,14.5,41.625,34.975,23.125,42.0,55.187635215138954,18.875,24.125,77.625,0.0,6.625,0.4193485607959292,5.25,18.0,0.2894502180162683,17.125,0.0,119.25
120,117,2025-12-14,1,1,2025-26,Atlanta Hawks,Philadelphia 76ers,119.25,43.875,58.5,16.875,42.375,10.875,31.5,31.375,17.0,1.9029360084995097,14.625,41.375,35.1375,29.25,51.375,56.688126897491045,16.875,21.125,81.1,0.0,9.875,0.6102023060368312,4.5,19.0,0.24730281586318736,17.0,0.0,137.25,113.875,37.125,55.5,21.25,46.125,11.375,34.75,24.125,14.375,1.9073167329746277,12.375,37.375,33.2375,27.75,53.75,52.356042377812535,21.25,25.25,84.375,0.0,9.5,0.714743078558868,4.875,20.375,0.2546858875128999,14.375,0.0,129.125
111,119,2025-12-14,1,1,2025-26,Cleveland Cavaliers,Charlotte Hornets,117.0,41.625,57.0,18.375,47.25,13.875,33.375,26.125,11.625,2.4531162464985994,13.875,44.0,31.775,28.5,50.75,56.45107406960855,18.375,22.0,83.75,0.0,8.875,0.8538748832866481,4.75,20.5,0.22899794241706006,11.625,0.0,136.375,111.5,39.75,53.5,18.25,41.5,9.25,32.25,24.0,14.75,1.8232443618473029,13.25,40.0,33.4125,26.75,48.25,55.69506882580989,18.25,22.5,81.3375,0.0,7.0,0.5072698951375423,5.5,18.5,0.30334845162147794,14.75,0.0,122.25
104,114,2025-12-14,1,1,2025-26,Chicago Bulls,New Orleans Pelicans,111.875,37.125,57.25,17.5,41.875,10.0,31.875,26.0,15.5,1.7713399088012092,12.375,36.25,33.775,28.625,51.75,55.55025340405684,17.5,22.75,76.2375,0.0,7.75,0.5086468388422722,3.0,16.5,0.1998415835372357,15.5,0.0,122.75,122.375,32.25,70.25,19.875,42.625,10.25,32.375,28.625,12.125,2.505337166918049,10.75,28.75,37.625,35.125,64.5,54.25925817956802,19.875,23.75,84.525,0.0,8.25,0.7093388637506285,4.0,20.625,0.21594150615889746,12.125,0.0,142.5
117,103,2025-12-14,1,1,2025-26,Minnesota Timberwolves,Sacramento Kings,120.5,46.125,53.75,20.625,41.5,9.875,31.625,28.625,14.125,2.143394973082473,15.375,38.625,40.0,26.875,47.125,56.78795955339162,20.625,26.625,77.6875,0.0,5.375,0.4189463314463314,4.0,21.0,0.18477272727272728,14.125,0.0,136.375,109.375,29.625,64.5,15.25,41.75,10.875,30.875,24.125,13.375,2.00137732333456,9.875,30.375,32.35,32.25,61.875,52.40560692723295,15.25,21.125,70.5625,0.0,9.625,0.827650556680162,5.125,19.5,0.26729971095296173,13.375,0.0,120.625
127,82,2025-12-14,1,1,2025-26,Brooklyn Nets,Milwaukee Bucks,108.875,45.375,46.0,17.5,41.625,11.125,30.5,26.25,16.875,1.649609010270775,15.125,42.25,36.0125,23.0,42.75,54.02650392297497,17.5,22.625,77.26249999999999,0.0,7.0,0.4452773533655886,5.0,18.25,0.2741093089253592,16.875,0.0,119.875,112.0,45.75,50.75,15.5,39.125,8.25,30.875,27.625,15.25,1.834862278244631,15.25,37.875,40.5375,25.375,44.0,58.276280681692796,15.5,21.375,72.6875,0.0,8.0,0.5464125233426704,3.75,20.5,0.17987637362637363,15.25,0.0,128.125
89,108,2025-12-14,1,1,2025-26,Indiana Pacers,Washington Wizards,112.125,39.375,55.75,17.0,41.625,8.75,32.875,23.625,13.5,1.9020241910866913,13.125,34.75,37.91250000000001,27.875,51.75,54.043675772286704,17.0,22.0,76.86250000000001,0.0,8.5,0.6512038308913308,6.875,20.25,0.3702095358345358,13.5,0.0,128.75,114.0,40.125,56.0,17.875,42.375,11.25,31.125,26.5,15.5,1.803626979638009,13.375,36.375,36.35,28.0,51.625,54.56670448774632,17.875,23.625,75.475,0.0,7.375,0.5173815359477124,6.125,19.75,0.3321470017172669,15.5,0.0,128.5
114,116,2025-12-14,1,1,2025-26,Phoenix Suns,Los Angeles Lakers,106.875,37.5,55.25,14.125,39.5,11.75,27.75,22.25,14.875,1.8213249169131522,12.5,38.0,32.75,27.625,51.625,53.46105829792469,14.125,19.0,72.35000000000001,0.0,11.125,0.8764336562130679,2.75,19.0,0.1522526612879874,14.875,0.0,113.25,120.5,43.125,56.0,21.375,40.625,9.0,31.625,24.125,12.875,2.0666305916305916,14.375,34.625,41.675,28.0,48.75,57.33547494213922,21.375,26.375,80.875,0.0,5.0,0.4307720057720058,5.25,18.125,0.289838741820839,12.875,0.0,136.625
136,131,2025-12-14,1,1,2025-26,Portland Trail Blazers,Golden State Warriors,113.0,42.375,46.75,23.875,45.875,12.375,33.5,23.375,17.125,1.4445054945054945,14.125,41.25,34.349999999999994,23.375,45.375,51.296565460809646,23.875,30.75,77.2125,0.0,6.125,0.36918498168498165,6.625,22.875,0.3052938533201691,17.125,0.0,121.875,111.25,46.125,50.5,14.625,46.125,12.625,33.5,27.875,13.625,2.1456619667097607,15.375,44.25,34.7375,25.25,47.375,53.533760398198474,14.625,18.625,78.2,0.0,8.375,0.6365657320620556,3.875,20.375,0.20047544703580172,13.625,0.0,128.875
140,133,2025-12-15,1,1,2025-26,Utah Jazz,Dallas Mavericks,118.125,39.375,58.25,20.5,43.75,11.125,32.625,30.125,14.0,2.184799881491058,13.125,36.625,36.55,29.125,53.75,54.128647288255536,20.5,26.25,78.3125,0.0,7.125,0.5180052790346907,3.5,21.375,0.17602586319070107,14.0,0.0,134.75,117.0,38.25,63.75,15.0,40.625,9.375,31.25,27.625,12.25,2.3986686924186924,12.75,32.5,39.612500000000004,31.875,58.25,54.490158783740966,15.0,19.0,78.6875,0.0,8.25,0.7093614718614719,4.625,18.25,0.260213994064445,12.25,0.0,135.75
96,106,2025-12-15,1,1,2025-26,Miami Heat,Toronto Raptors,114.875,33.0,63.25,18.625,44.125,10.125,34.0,26.875,13.125,2.156800491175491,11.0,32.25,33.3125,31.625,58.5,54.28693774736109,18.625,23.875,79.5625,0.0,8.0,0.6394459706959706,6.25,16.875,0.39085674333836096,13.125,0.0,133.625,105.375,30.0,61.0,14.375,43.0,12.75,30.25,27.5,15.875,1.7606570512820514,10.0,31.0,32.2375,30.5,59.75,51.291891829575654,14.375,19.375,73.2625,0.0,8.625,0.5437919719169719,4.375,21.625,0.21769232960022433,15.875,0.0,117.75
105,112,2025-12-15,1,1,2025-26,Boston Celtics,Detroit Pistons,120.75,52.875,52.25,15.625,41.875,12.75,29.125,24.125,13.0,1.966625561938062,17.625,44.625,39.487500000000004,26.125,44.625,58.166215768317485,15.625,19.25,81.3,0.0,9.0,0.7331069423997055,5.5,20.25,0.26295553574965336,13.0,0.0,139.125,119.625,33.375,62.5,23.75,47.75,14.5,33.25,25.375,17.5,1.5457141364070712,11.125,31.5,35.575,31.25,57.25,54.26781925070037,23.75,30.75,77.2625,0.0,8.875,0.52980893653448,6.125,22.375,0.311503351374041,17.5,0.0,136.875
128,125,2025-12-15,1,1,2025-26,Denver Nuggets,Houston Rockets,129.0,48.75,61.5,18.75,42.25,9.875,32.375,30.875,12.625,2.6071882161955693,16.25,35.75,45.6125,30.75,51.75,59.24732803131087,18.75,23.75,79.4625,0.0,6.125,0.5299202635599695,3.875,17.625,0.2343970722260196,12.625,0.0,154.0,116.75,30.75,66.75,19.25,47.5,16.125,31.375,25.5,16.875,1.60820424807839,10.25,29.0,36.462500000000006,33.375,60.25,55.39773024393244,19.25,24.0,81.05000000000001,0.0,9.5,0.5836978219308024,5.625,19.5,0.3240044677544678,16.875,0.0,137.625
103,121,2025-12-15,1,1,2025-26,LA Clippers,Memphis Grizzlies,111.25,33.0,57.5,20.75,39.25,8.625,30.625,22.875,14.375,1.6189568193244663,11.0,33.75,32.325,28.75,51.0,56.894399077174626,20.75,24.875,83.4625,0.0,9.875,0.7131242429955664,3.375,19.75,0.17981601731601732,14.375,0.0,123.125,118.25,40.125,61.25,16.875,48.25,11.0,37.25,29.875,16.125,2.02830615942029,13.375,34.75,38.137499999999996,30.625,55.25,55.41051433288732,16.875,21.875,77.96249999999999,0.0,7.375,0.4533720355731225,5.5,20.875,0.27037736386420597,16.125,0.0,142.125
127,111,2025-12-17,1,1,2025-26,Chicago Bulls,Cleveland Cavaliers,108.625,34.5,57.75,16.375,43.125,11.125,32.0,25.625,15.0,1.8081046146835622,11.5,36.125,32.0875,28.875,53.125,53.83332026452196,16.375,20.875,77.8875,0.0,8.5,0.5753889202902361,3.125,16.875,0.20281777401342618,15.0,0.0,120.625,118.5,40.875,58.0,19.625,48.375,15.0,33.375,26.125,11.875,2.4129376750700278,13.625,42.75,32.075,29.0,53.0,55.10154640429141,19.625,24.0,81.1625,0.0,8.75,0.828577264239029,4.625,21.875,0.2061614039555216,11.875,0.0,137.0
110,116,2025-12-17,1,1,2025-26,Minnesota Timberwolves,Memphis Grizzlies,122.0,44.25,57.5,20.25,42.0,10.25,31.75,28.625,13.625,2.20849913974914,14.75,38.625,38.3125,28.75,48.875,58.93504237672904,20.25,25.375,79.05,0.0,6.375,0.5126963314463314,4.0,21.125,0.18381118881118882,13.625,0.0,140.25,119.0,40.125,61.75,17.125,47.25,10.75,36.5,29.875,16.125,2.02830615942029,13.375,33.75,39.012499999999996,30.875,55.375,55.786323768595,17.125,22.125,78.15,0.0,7.875,0.49882658102766797,5.875,21.5,0.2807940305308726,16.125,0.0,143.875
134,133,2025-12-18,1,1,2025-26,Portland Trail Blazers,Sacramento Kings,115.625,43.125,48.5,24.0,45.25,12.125,33.125,24.125,17.375,1.4653388278388277,14.375,40.75,35.525,24.25,47.125,51.296565460809646,24.0,30.25,78.95,0.0,6.5,0.38307387057387055,6.125,23.5,0.2666033771296929,17.375,0.0,124.75,107.625,30.75,62.5,14.375,40.125,10.0,30.125,23.375,13.75,1.8951273233345602,10.25,30.0,34.425,31.25,60.25,52.062600613488414,14.375,20.75,68.44999999999999,0.0,9.125,0.7755672233468287,5.875,19.5,0.30301399666724743,13.75,0.0,117.25
133,126,2025-12-18,1,1,2025-26,Charlotte Hornets,Atlanta Hawks,113.75,41.25,54.5,18.0,43.75,9.625,34.125,25.625,14.875,1.9073946886446886,13.75,40.125,34.462500000000006,27.25,49.75,55.16596829670936,18.0,22.125,81.48750000000001,0.0,7.5,0.5330051892551892,6.0,19.75,0.3135647977753241,14.875,0.0,128.75,120.125,44.625,58.0,17.5,44.0,11.375,32.625,31.375,16.75,1.9284778041651445,14.875,40.125,37.212500000000006,29.0,53.125,54.881600090964234,17.5,21.75,81.85,0.0,10.375,0.6427100459749117,4.5,19.5,0.24043782730483496,16.75,0.0,140.0
135,143,2025-12-18,1,1,2025-26,Utah Jazz,Los Angeles Lakers,121.0,40.125,58.5,22.375,43.75,10.375,33.375,30.25,13.875,2.216393288084465,13.375,36.625,37.2375,29.25,53.5,54.567757358513155,22.375,28.125,80.19999999999999,0.0,7.25,0.5324283559577677,3.25,23.625,0.1380794346192725,13.875,0.0,138.375,118.125,40.875,54.5,22.75,42.625,10.5,32.125,23.0,14.25,1.8507215007215008,13.625,35.625,38.4375,27.25,47.875,56.95937622679101,22.75,28.5,79.8875,0.0,5.5,0.40236291486291487,5.75,18.25,0.3105897299631315,14.25,0.0,132.375
122,101,2025-12-18,1,1,2025-26,Oklahoma City Thunder,LA Clippers,125.75,43.875,62.0,19.875,43.125,6.625,36.5,28.0,11.875,2.5546626984126983,14.625,33.375,42.7375,31.0,51.75,60.24377051749262,19.875,25.375,77.51250000000002,0.0,8.625,0.7447420634920635,5.125,20.875,0.26150088479736155,11.875,0.0,153.75,109.375,33.0,56.25,20.125,40.5,9.375,31.125,23.125,14.75,1.6025094509034137,11.0,33.875,32.199999999999996,28.125,50.75,55.83214611274774,20.125,24.625,81.61250000000001,0.0,9.5,0.6847525324692507,3.375,18.875,0.1851190476190476,14.75,0.0,121.125
119,94,2025-12-18,1,1,2025-26,San Antonio Spurs,Washington Wizards,123.75,43.5,58.25,22.0,43.5,11.875,31.625,24.25,11.875,2.248940058479532,14.5,37.75,38.150000000000006,29.125,54.625,53.78183537683063,22.0,27.25,80.5,0.0,8.375,0.8042241019214703,3.75,20.75,0.17337741449583555,11.875,0.0,137.75,112.5,37.875,56.75,17.875,42.5,11.5,31.0,24.75,15.0,1.7445360705471,12.625,35.375,35.2625,28.375,51.75,55.08583017080644,17.875,24.375,73.1625,0.0,6.875,0.4991997177658943,6.0,19.5,0.3282650141396271,15.0,0.0,125.0
99,98,2025-12-18,1,1,2025-26,Phoenix Suns,Golden State Warriors,109.625,37.5,57.0,15.125,39.25,11.375,27.875,24.5,14.75,1.9370987264369617,12.5,38.0,32.75,28.5,51.875,55.147104809552594,15.125,19.75,74.3,0.0,11.375,0.8916122276416394,2.875,20.0,0.14957408985941595,14.75,0.0,119.375,110.875,48.0,47.5,15.375,44.375,11.625,32.75,27.875,14.625,1.956773077820872,16.0,43.625,36.5625,23.75,45.875,52.09145270589078,15.375,19.25,79.5,0.0,8.75,0.5962879542842778,3.875,21.625,0.18187425655961126,14.625,0.0,127.5
116,114,2025-12-18,1,1,2025-26,Dallas Mavericks,Detroit Pistons,120.875,37.125,67.0,16.75,41.125,9.25,31.875,27.875,12.125,2.4267936924186926,12.375,30.875,40.025,33.5,60.0,55.65460158087465,16.75,22.125,76.28750000000001,0.0,8.0,0.6968614718614718,4.75,19.125,0.2561654110684936,12.125,0.0,140.125,119.375,34.125,63.0,22.25,45.625,13.375,32.25,25.5,17.25,1.5920428077357425,11.375,31.5,36.2625,31.5,56.75,55.16983844964112,22.25,29.375,75.6875,0.0,9.375,0.5840047407302842,5.625,22.625,0.2816422402629299,17.25,0.0,135.75
95,106,2025-12-18,1,1,2025-26,Brooklyn Nets,Miami Heat,112.25,47.25,47.75,17.25,41.5,10.25,31.25,28.0,17.375,1.7067518674136322,15.75,41.625,37.8875,23.875,43.125,55.67485557132662,17.25,21.5,80.175,0.0,8.125,0.5077773533655886,5.375,18.375,0.2985140708301211,17.375,0.0,128.5,113.625,34.5,60.5,18.625,43.125,9.75,33.375,26.625,13.75,2.0919508671153406,11.5,32.75,34.625,30.25,56.625,53.63395267273422,18.625,23.75,79.95,0.0,8.5,0.6469647676884519,6.25,16.625,0.39866924333836096,13.75,0.0,131.625
105,111,2025-12-18,1,1,2025-26,Milwaukee Bucks,Toronto Raptors,109.375,43.5,50.0,15.875,37.875,7.75,30.125,26.25,16.0,1.6830765639589167,14.5,37.0,39.2375,25.0,42.875,58.678296119085594,15.875,21.625,74.025,0.0,8.125,0.5339125233426704,3.75,20.875,0.17848748473748474,16.0,0.0,123.25,106.5,34.125,60.0,12.375,42.625,12.625,30.0,29.375,16.875,1.7840086996336997,11.375,32.75,34.8375,30.0,57.75,52.20335016290899,12.375,17.125,71.4125,0.0,8.625,0.510824938949939,4.75,21.75,0.23512654012654013,16.875,0.0,121.125
126,115,2025-12-18,1,1,2025-26,Denver Nuggets,Orlando Magic,129.375,46.125,62.5,20.75,41.25,9.0,32.25,29.875,12.25,2.594201203208556,15.375,34.625,44.725,31.25,52.125,59.860073129350084,20.75,26.125,79.8625,0.0,6.75,0.5989137700534759,4.0,19.25,0.22725421508316246,12.25,0.0,153.5,118.125,34.125,64.5,19.5,45.75,12.5,33.25,26.75,12.625,2.307741013071895,11.375,33.75,33.550000000000004,32.25,61.0,52.82451079543205,19.5,25.0,77.7625,0.0,8.5,0.677984943977591,5.25,18.875,0.28554663312693496,12.625,0.0,135.125
133,128,2025-12-18,1,1,2025-26,New Orleans Pelicans,Houston Rockets,120.625,28.125,71.25,21.25,44.25,10.75,33.5,27.0,12.125,2.397003833584716,9.375,27.25,35.375,35.625,65.0,54.63128198909184,21.25,25.625,83.275,0.0,7.875,0.6843388637506285,3.5,20.5,0.1902062120412504,12.125,0.0,139.5,118.125,30.375,68.0,19.75,48.125,16.125,32.0,25.875,16.875,1.63164174807839,10.125,28.25,37.225,34.0,61.625,55.25260640492316,19.75,25.125,79.1625,0.0,8.75,0.5368228219308024,6.125,20.125,0.3390044677544678,16.875,0.0,139.0
113,114,2025-12-18,1,1,2025-26,Indiana Pacers,New York Knicks,111.375,39.0,55.0,17.375,41.375,9.75,31.625,23.625,12.25,2.075635302197802,13.0,35.5,36.95,27.5,51.75,53.21034243895337,17.375,21.75,79.375,0.0,7.875,0.6338427197802198,6.875,19.75,0.3790479196729196,12.25,0.0,127.75,121.0,45.75,56.75,18.5,46.125,13.625,32.5,26.0,13.125,2.0663551726051725,15.25,37.25,41.3375,28.375,50.625,56.14637155675278,18.5,23.125,79.8375,0.0,8.875,0.6935418747918748,4.125,19.25,0.21485532011847802,13.125,0.0,144.125
98,126,2025-12-19,1,1,2025-26,Atlanta Hawks,San Antonio Spurs,119.625,42.75,59.25,17.625,43.625,11.75,31.875,30.75,16.875,1.8653825660699064,14.25,39.375,36.275000000000006,29.625,54.0,54.957357666721805,17.625,21.25,84.0,0.0,9.75,0.594495760260626,4.125,20.25,0.20829497016197784,16.875,0.0,137.875,124.25,45.0,58.0,21.25,43.0,11.125,31.875,25.75,12.5,2.2717575187969925,15.0,38.875,38.45,29.0,52.125,55.81921282781102,21.25,26.625,79.5,0.0,7.625,0.6911288638262323,4.125,19.5,0.2330365054049265,12.5,0.0,139.875
129,116,2025-12-19,1,1,2025-26,Boston Celtics,Miami Heat,119.25,49.125,54.75,15.375,41.0,12.125,28.875,23.125,13.0,1.889702485014985,16.375,44.125,36.875,27.375,44.5,61.192114288402045,15.375,19.625,79.1625,0.0,8.75,0.7138761731689363,5.25,19.375,0.261798128342246,13.0,0.0,135.25,113.625,34.125,61.25,18.25,43.625,9.75,33.875,25.5,13.75,2.011593724258198,11.375,31.75,35.162499999999994,30.625,58.125,52.79337053824107,18.25,23.625,78.5625,0.0,8.5,0.6469647676884518,6.375,16.875,0.3945025766716943,13.75,0.0,130.625
125,136,2025-12-19,1,1,2025-26,Cleveland Cavaliers,Chicago Bulls,117.0,39.0,58.75,19.25,47.375,14.25,33.125,25.75,12.25,2.362202380952381,13.0,42.75,30.474999999999998,29.375,52.0,56.887260690005704,19.25,23.75,80.32499999999999,0.0,8.375,0.7999007936507937,4.5,21.75,0.20018713924963924,12.25,0.0,133.875,110.0,36.75,57.25,16.0,43.0,10.625,32.375,26.125,15.625,1.729269387410835,12.25,36.125,34.175000000000004,28.625,52.125,54.53700105635617,16.0,20.625,76.9125,0.0,9.0,0.5782298293811452,3.375,16.75,0.21793215309839348,15.625,0.0,123.875
112,107,2025-12-19,1,1,2025-26,Minnesota Timberwolves,Oklahoma City Thunder,120.875,41.25,59.0,20.625,43.875,11.625,32.25,28.0,14.0,2.130721361971362,13.75,38.125,36.525,29.5,51.25,57.81070375239041,20.625,26.25,77.85000000000001,0.0,7.375,0.5640852203352203,4.5,22.25,0.19256118881118878,14.0,0.0,138.875,125.75,43.125,63.25,19.375,41.75,6.25,35.5,27.375,11.25,2.64890873015873,14.375,33.375,42.0375,31.625,53.75,59.32147852377205,19.375,24.5,78.4375,0.0,9.75,0.9143849206349206,4.625,20.375,0.24433841340148055,11.25,0.0,151.75
107,116,2025-12-19,1,1,2025-26,New York Knicks,Philadelphia 76ers,119.125,47.25,54.0,17.875,46.75,14.375,32.375,26.625,13.25,2.0918760059385058,15.75,39.5,39.775,27.0,48.875,55.43775477670743,17.875,23.25,75.96249999999999,0.0,8.625,0.6716668747918748,4.25,18.875,0.22502278423331054,13.25,0.0,141.125,115.625,40.125,53.75,21.75,48.125,13.0,35.125,24.5,13.25,2.0367810186889135,13.375,39.375,33.925,26.875,54.125,50.590691500619556,21.75,26.125,83.3625,0.0,9.875,0.777243078558868,5.625,19.75,0.31301922084623324,13.25,0.0,132.875
96,112,2025-12-20,1,1,2025-26,Toronto Raptors,Boston Celtics,106.5,35.625,58.5,12.375,41.75,12.0,29.75,29.0,17.0,1.7463248761042878,11.875,33.5,35.6,29.25,55.125,53.351309346582454,12.375,17.625,69.45,0.0,9.0,0.5301264095381742,4.625,21.0,0.23320346320346322,17.0,0.0,121.125,121.0,51.0,53.25,16.75,41.375,11.125,30.25,23.25,13.625,1.8122877122877123,17.0,43.75,38.625,26.625,43.125,61.31390916019693,16.75,20.75,82.075,0.0,8.5,0.6627398095325726,5.375,19.125,0.2727630406229477,13.625,0.0,138.625
112,86,2025-12-20,1,1,2025-26,Detroit Pistons,Charlotte Hornets,120.0,32.25,66.75,21.0,47.25,14.875,32.375,26.0,15.75,1.7482928077357425,10.75,32.125,33.625,33.375,60.875,55.12469398736183,21.0,28.0,74.7625,0.0,9.875,0.6621297407302842,5.125,22.625,0.2631237217444114,15.75,0.0,136.625,115.0,44.625,53.5,16.875,42.625,9.25,33.375,27.0,15.125,1.9620821886446886,14.875,40.625,36.425,26.75,48.5,55.6352906410317,16.875,21.25,79.1625,0.0,8.125,0.5653712606837606,5.125,20.0,0.26563246694825643,15.125,0.0,130.875
122,130,2025-12-20,1,1,2025-26,Memphis Grizzlies,Washington Wizards,116.875,37.875,60.75,18.25,47.875,11.25,36.625,28.0,16.375,1.8911533816425123,12.625,33.375,37.325,30.375,55.625,54.744657101928325,18.25,23.5,77.9375,0.0,8.0,0.4979585254721124,5.375,22.375,0.24523847497531706,16.375,0.0,138.5,107.75,34.125,56.75,16.875,43.75,12.375,31.375,24.625,15.125,1.7150031035141329,11.375,35.125,32.1375,28.375,53.25,53.45539538819774,16.875,22.875,73.025,0.0,6.5,0.4634854320516085,5.625,19.375,0.3103556574144809,15.125,0.0,118.5
127,128,2025-12-20,1,1,2025-26,Utah Jazz,Orlando Magic,121.875,42.0,57.5,22.375,42.5,9.875,32.625,30.125,13.875,2.2067779034690798,14.0,36.25,39.25,28.75,53.375,53.648469661935906,22.375,29.0,78.76249999999999,0.0,6.875,0.5035822021116139,2.75,24.5,0.1139806885377678,13.875,0.0,136.75,116.375,32.25,64.75,19.375,45.75,11.75,34.0,26.375,12.875,2.167116013071895,10.75,33.125,32.45,32.375,60.5,53.471062519569976,19.375,25.25,76.51249999999999,0.0,9.25,0.7436099439775911,5.5,18.875,0.30025251547987614,12.875,0.0,134.0
93,98,2025-12-20,1,1,2025-26,Sacramento Kings,Portland Trail Blazers,111.75,28.5,66.0,17.25,40.25,10.25,30.0,24.5,13.625,1.9649372648550278,9.5,28.125,33.9625,33.0,63.125,52.33183138271918,17.25,23.75,69.85,0.0,9.625,0.806634474808817,6.0,21.0,0.2890687634015274,13.625,0.0,123.25,119.625,45.375,50.0,24.25,44.75,12.75,32.0,25.25,17.75,1.498076923076923,15.125,41.875,36.5625,25.0,48.0,51.76140656966698,24.25,30.625,78.9875,0.0,6.875,0.397954822954823,5.75,24.125,0.24324479127110704,17.75,0.0,128.375
121,114,2025-12-20,1,1,2025-26,Philadelphia 76ers,Dallas Mavericks,115.75,42.375,51.5,21.875,47.5,13.125,34.375,23.625,13.125,1.9837507156586105,14.125,39.875,35.4,25.75,53.625,48.864575522313345,21.875,26.25,83.42500000000001,0.0,9.25,0.7317885331043226,5.75,20.25,0.31093588751289986,13.125,0.0,130.75,120.5,33.75,68.25,18.5,42.625,8.875,33.75,27.125,12.875,2.270376580119227,11.25,30.25,36.862500000000004,34.125,60.375,56.355120990388045,18.5,24.125,76.425,0.0,7.5,0.6353641456582633,6.125,18.875,0.32371199491942526,12.875,0.0,140.125
103,88,2025-12-20,1,1,2025-26,LA Clippers,Los Angeles Lakers,108.625,32.25,56.5,19.875,41.75,9.5,32.25,23.875,16.75,1.527575763900761,10.75,33.125,32.1625,28.25,49.875,57.13005163859445,19.875,24.75,79.9625,0.0,8.625,0.585614601434768,3.625,18.375,0.20682773109243696,16.75,0.0,120.875,119.875,39.0,56.75,24.125,44.375,11.375,33.0,23.625,13.25,2.1971500721500723,13.0,36.125,36.175000000000004,28.375,49.5,57.06100224305117,24.125,30.125,80.05000000000001,0.0,5.875,0.49402958152958154,5.5,19.625,0.29365424609216373,13.25,0.0,135.75
119,116,2025-12-20,1,1,2025-26,Golden State Warriors,Phoenix Suns,110.625,48.0,47.5,15.125,45.25,11.875,33.375,28.125,15.125,1.930210577820872,16.0,43.5,36.650000000000006,23.75,46.875,50.836679110691655,15.125,18.875,79.9,0.0,8.875,0.5900379542842779,3.625,20.875,0.1765857950211497,15.125,0.0,127.0,108.0,36.0,56.5,15.5,39.5,10.75,28.75,23.75,14.5,1.9116085303585304,12.0,37.125,32.1625,28.25,52.375,54.13632313839356,15.5,20.0,75.2125,0.0,11.625,0.9220043845043845,3.0,20.375,0.14904887977538234,14.5,0.0,117.625
101,115,2025-12-20,1,1,2025-26,Denver Nuggets,Houston Rockets,128.125,46.125,62.75,19.25,40.75,7.875,32.875,30.375,12.0,2.6540051247771834,15.375,34.25,45.15,31.375,52.125,60.1004577447347,19.25,24.25,79.8625,0.0,7.0,0.6204823975044563,3.75,18.75,0.2196784575074049,12.0,0.0,153.375,121.125,30.0,71.0,20.125,48.75,16.125,32.625,26.625,18.125,1.51914174807839,10.0,27.375,37.612500000000004,35.5,63.5,56.08593973825649,20.125,25.5,79.6875,0.0,8.625,0.4868228219308025,6.75,20.25,0.3678735153735154,18.125,0.0,143.0
128,109,2025-12-20,1,1,2025-26,New Orleans Pelicans,Indiana Pacers,125.25,29.625,74.5,21.125,43.125,10.375,32.75,28.375,12.0,2.5244076797385624,9.875,26.875,37.55,37.25,66.75,55.83663913194898,21.125,24.875,84.8,0.0,8.875,0.7732811714429362,4.125,20.875,0.21475978346982183,12.0,0.0,147.5,110.625,38.25,54.25,18.125,41.625,10.5,31.125,23.0,12.0,2.0611263736263736,12.75,35.5,36.22500000000001,27.125,51.875,52.44690000762666,18.125,22.375,80.875,0.0,7.75,0.6349587912087913,6.625,20.25,0.35404791967291965,12.0,0.0,125.875
150,152,2025-12-21,1,1,2025-26,Atlanta Hawks,Chicago Bulls,114.125,40.875,58.0,15.25,41.75,11.25,30.5,29.5,16.125,1.860906862745098,13.625,38.75,35.237500000000004,29.0,53.375,54.447313724474476,15.25,18.125,83.925,0.0,9.375,0.5916185224089636,3.5,18.625,0.18944576381277148,16.125,0.0,129.75,114.375,38.25,59.75,16.375,43.375,11.25,32.125,27.375,15.5,1.8526668233082708,12.75,37.75,33.8125,29.875,52.375,56.59532009580728,16.375,20.5,79.875,0.0,9.875,0.6551529063042221,3.625,16.75,0.23578929595553635,15.5,0.0,131.5
103,100,2025-12-21,1,1,2025-26,Minnesota Timberwolves,Milwaukee Bucks,119.25,39.75,56.0,23.5,46.5,12.625,33.875,26.125,14.0,1.9864905927405927,13.25,38.125,35.175,28.0,51.375,54.71266453670413,23.5,30.5,77.01249999999999,0.0,7.75,0.5929313741813742,5.25,23.25,0.22381118881118878,14.0,0.0,135.625,108.875,42.375,51.0,15.5,38.25,8.25,30.0,26.375,16.125,1.678389063958917,14.125,36.5,38.8125,25.5,45.0,56.878650729014666,15.5,20.5,76.4625,0.0,8.25,0.5370375233426704,3.5,20.0,0.1724146102435576,16.125,0.0,122.25
96,81,2025-12-21,1,1,2025-26,Brooklyn Nets,Toronto Raptors,111.25,46.5,49.25,15.5,42.5,10.375,32.125,28.375,16.75,1.7916877648495295,15.5,42.375,36.9125,24.625,44.0,56.31261067336743,15.5,19.625,78.6875,0.0,8.375,0.5403628234510587,5.625,18.5,0.3109221590654152,16.75,0.0,129.0,106.75,37.5,57.0,12.25,41.375,11.375,30.0,29.375,16.25,1.8713248761042878,12.5,34.75,36.1375,28.5,53.75,53.22876032697461,12.25,16.875,71.92500000000001,0.0,8.125,0.48845974287150756,4.75,21.375,0.2318145743145743,16.25,0.0,122.0
132,125,2025-12-21,1,1,2025-26,New York Knicks,Miami Heat,117.75,45.0,55.75,17.0,48.375,15.25,33.125,26.75,13.875,2.032046946109446,15.0,39.25,37.75,27.875,49.625,56.35739763385028,17.0,22.25,75.8625,0.0,7.75,0.596346361971362,4.375,18.875,0.2309751651856915,13.875,0.0,139.875,111.25,36.0,59.0,16.25,44.75,10.5,34.25,25.5,13.125,2.0837091088735824,12.0,34.25,33.975,29.5,57.375,51.390268523530494,16.25,21.75,76.8375,0.0,7.75,0.6213237420474262,6.125,16.875,0.38200257667169435,13.125,0.0,126.625
125,124,2025-12-21,1,1,2025-26,Sacramento Kings,Houston Rockets,108.5,27.0,64.5,17.0,41.0,11.0,30.0,23.375,14.75,1.714937264855028,9.0,28.375,32.074999999999996,32.25,61.75,52.20190067909445,17.0,23.625,69.325,0.0,10.25,0.7788566970310392,6.125,20.625,0.30013335670296276,14.75,0.0,119.0,119.375,33.0,67.25,19.125,48.375,15.375,33.0,25.875,18.5,1.442661484920495,11.0,27.875,39.962500000000006,33.625,61.75,54.22582069063745,19.125,24.25,79.625,0.0,7.625,0.4169215061413288,6.875,20.5,0.3692624042624043,18.5,0.0,139.5
113,124,2025-12-21,1,1,2025-26,Washington Wizards,San Antonio Spurs,113.25,37.875,57.75,17.625,45.25,13.5,31.75,26.375,14.625,1.89034247002997,12.625,36.625,34.225,28.875,53.625,54.02357720637956,17.625,23.625,74.03750000000001,0.0,6.375,0.4674447080697081,5.125,19.75,0.2776350691791868,14.625,0.0,127.0,122.625,43.5,60.25,18.875,45.625,11.125,34.5,25.875,13.25,2.1134241854636593,14.5,38.125,37.9,30.125,52.875,57.03771415407097,18.875,24.625,76.375,0.0,7.75,0.64390664160401,4.0,17.625,0.251555023923445,13.25,0.0,140.5
119,103,2025-12-22,1,1,2025-26,Oklahoma City Thunder,Memphis Grizzlies,125.0,44.625,61.25,19.125,43.375,7.25,36.125,27.0,11.625,2.5516865079365076,14.875,35.0,42.2,30.625,53.625,57.57008089973292,19.125,23.5,80.2375,0.0,9.625,0.8761904761904762,5.5,21.0,0.2710050800681472,11.625,0.0,151.375,118.125,37.5,62.5,18.125,47.25,11.75,35.5,28.875,16.25,1.9679390959282266,12.5,33.875,36.5625,31.25,56.625,55.48870472097595,18.125,23.5,77.36250000000001,0.0,8.25,0.5187918588054458,5.0,22.375,0.22550163287005393,16.25,0.0,139.125
102,110,2025-12-22,1,1,2025-26,Portland Trail Blazers,Detroit Pistons,117.5,43.5,51.25,22.75,44.375,12.375,32.0,24.75,18.5,1.4141483516483517,14.5,39.75,36.775000000000006,25.625,49.125,51.94635554925882,22.75,29.125,77.6875,0.0,7.375,0.40152625152625154,5.5,23.875,0.23358570036201612,18.5,0.0,125.875,116.75,30.375,64.5,21.875,49.5,15.625,33.875,25.25,15.625,1.7194237601166948,10.125,32.375,31.012499999999996,32.25,60.625,53.64650799425046,21.875,29.125,74.9,0.0,10.5,0.6966535502540937,6.0,22.375,0.29923483285552255,15.625,0.0,134.5
120,97,2025-12-22,1,1,2025-26,Golden State Warriors,Orlando Magic,112.5,49.875,47.25,15.375,45.5,12.25,33.25,28.25,16.5,1.7528296254399196,16.625,43.75,37.800000000000004,23.625,46.5,51.03890357985242,15.375,19.375,79.275,0.0,9.375,0.5811093828557063,4.125,20.75,0.20005417446779003,16.5,0.0,129.25,114.375,31.5,63.5,19.375,46.375,11.625,34.75,25.625,13.0,2.0789749874308696,10.5,33.5,31.387500000000003,31.75,59.5,53.4489274322945,19.375,25.875,74.96249999999999,0.0,8.75,0.6971355850032321,6.125,20.0,0.31404561892815197,13.0,0.0,131.0
139,132,2025-12-22,1,1,2025-26,Cleveland Cavaliers,Charlotte Hornets,118.25,36.75,61.5,20.0,47.75,13.875,33.875,26.125,12.375,2.370535714285714,12.25,41.125,30.150000000000002,30.75,54.5,56.896861304445025,20.0,24.5,81.53750000000001,0.0,8.75,0.8207341269841271,4.375,21.125,0.19617644406247348,12.375,0.0,135.75,111.0,45.75,49.5,15.75,43.125,9.25,33.875,26.625,17.0,1.7381238553113554,15.25,40.875,37.1875,24.75,47.75,52.36561471510578,15.75,20.125,78.57499999999999,0.0,8.375,0.48898237179487186,5.375,20.5,0.2707812083670207,17.0,0.0,124.5
119,113,2025-12-22,1,1,2025-26,New Orleans Pelicans,Dallas Mavericks,126.125,28.125,75.25,22.75,44.25,10.125,34.125,28.625,13.25,2.3386437908496736,9.375,27.0,35.4625,37.625,65.875,57.249105975450306,22.75,26.625,85.4625,0.0,8.875,0.7211978381096028,4.25,20.625,0.2201301538401922,13.25,0.0,149.125,120.5,30.75,71.5,18.25,43.5,9.375,34.125,27.375,14.0,2.131487691230338,10.25,27.625,35.425000000000004,35.75,62.125,57.32420093005622,18.25,23.375,78.10000000000001,0.0,6.25,0.4617530345471522,6.75,19.25,0.35032682745531046,14.0,0.0,141.5
103,95,2025-12-22,1,1,2025-26,Boston Celtics,Indiana Pacers,120.375,50.25,54.75,15.375,42.5,11.375,31.125,23.625,12.625,1.9372877122877123,16.75,43.625,38.1,27.375,45.0,60.52993703476138,15.375,19.0,82.1625,0.0,8.25,0.6830747377622378,5.375,19.625,0.2671607997265892,12.625,0.0,139.375,111.375,36.375,55.25,19.75,41.375,11.0,30.375,23.5,12.125,2.080357142857143,12.125,35.625,34.6375,27.625,52.375,52.84754103326768,19.75,24.75,80.53750000000001,0.0,7.625,0.6205357142857143,5.875,21.625,0.28994535557035556,12.125,0.0,124.375
135,112,2025-12-22,1,1,2025-26,Denver Nuggets,Utah Jazz,124.5,40.875,64.5,19.125,40.625,7.875,32.75,28.5,11.25,2.627935606060606,13.625,33.125,41.3625,32.25,55.25,58.61758389343979,19.125,24.5,78.2875,0.0,7.875,0.7080492424242424,3.375,18.75,0.2009284575074049,11.25,0.0,145.75,125.125,44.25,57.25,23.625,44.875,11.0,33.875,30.375,13.25,2.325650452488688,14.75,37.625,40.1,28.625,54.125,52.79881528405572,23.625,30.875,77.1,0.0,6.75,0.5176753393665159,2.5,25.25,0.10086224775815761,13.25,0.0,140.75
132,108,2025-12-23,1,1,2025-26,Phoenix Suns,Los Angeles Lakers,107.625,34.875,57.25,15.5,37.375,10.25,27.125,24.125,13.75,1.9919656732156732,11.625,36.0,32.1875,28.625,53.0,54.180544836506776,15.5,20.0,75.2125,0.0,12.25,0.9853972416472416,3.25,20.375,0.159465546442049,13.75,0.0,117.625,114.25,35.625,57.0,21.625,44.0,11.75,32.25,22.375,13.5,2.017857142857143,11.875,35.75,33.574999999999996,28.5,50.0,56.72404572131204,21.625,28.125,76.7625,0.0,6.25,0.5180194805194805,4.625,20.25,0.22410537391171262,13.5,0.0,126.125
126,109,2025-12-23,1,1,2025-26,Charlotte Hornets,Washington Wizards,114.625,49.125,49.25,16.25,43.375,10.5,32.875,27.0,17.25,1.7388182997557997,16.375,42.125,38.75,24.625,47.625,52.24315462802305,16.25,21.0,77.6625,0.0,9.0,0.5167601495726496,4.875,20.875,0.23328120836702074,17.25,0.0,128.125,111.25,37.125,55.5,18.625,45.5,12.75,32.75,25.25,14.0,2.02784247002997,12.375,37.75,32.7625,27.75,51.625,54.19781963062198,18.625,24.75,75.075,0.0,5.875,0.4799447080697081,5.5,20.75,0.28322330447330446,14.0,0.0,124.0
128,137,2025-12-23,1,1,2025-26,Utah Jazz,Memphis Grizzlies,122.5,44.25,56.25,22.0,44.75,10.625,34.125,30.0,13.375,2.276199903038138,14.75,38.375,39.362500000000004,28.125,54.125,51.889724374964814,22.0,28.5,78.0875,0.0,6.375,0.48539511958629605,2.125,23.75,0.09131216286851415,13.375,0.0,136.25,116.625,40.875,57.5,18.25,46.5,11.375,35.125,28.625,16.25,1.9570695307108352,13.625,36.0,37.3625,28.75,54.125,52.99254496675168,18.25,23.625,77.5125,0.0,8.75,0.5405309892402284,4.75,21.375,0.23037176274018378,16.25,0.0,135.875
130,110,2025-12-23,1,1,2025-26,San Antonio Spurs,Oklahoma City Thunder,124.125,45.375,58.75,20.0,49.125,12.75,36.375,27.0,13.25,2.225924185463659,15.125,39.125,38.8375,29.375,54.375,54.166565694687215,20.0,26.25,75.61250000000001,0.0,6.875,0.5564066416040101,4.5,18.125,0.27611642743221687,13.25,0.0,143.125,124.5,44.625,62.25,17.625,44.5,8.0,36.5,26.125,12.0,2.4064942002442002,14.875,35.875,41.150000000000006,31.125,53.625,58.47917180882382,17.625,21.75,80.23750000000001,0.0,10.25,0.8983058608058607,5.625,20.5,0.2817374033004705,12.0,0.0,151.375
127,136,2025-12-23,1,1,2025-26,Sacramento Kings,Detroit Pistons,110.75,28.5,63.75,18.5,43.625,12.125,31.5,23.875,15.25,1.6263955981883615,9.5,29.0,33.0625,31.875,61.25,52.02125628203214,18.5,25.375,70.6125,0.0,9.5,0.6434400303643725,5.875,20.5,0.29012253419214024,15.25,0.0,122.625,118.125,31.125,65.5,21.5,48.0,16.125,31.875,26.5,14.0,1.971597673160173,10.375,32.875,31.525,32.75,62.0,53.28559250129272,21.5,29.125,73.3375,0.0,10.5,0.7743709415584417,5.75,24.375,0.23673483285552252,14.0,0.0,135.5
106,110,2025-12-23,1,1,2025-26,Portland Trail Blazers,Orlando Magic,115.5,40.5,51.25,23.75,44.25,12.375,31.875,24.5,19.0,1.3606395797185273,13.5,38.75,34.825,25.625,49.0,52.12631125247034,23.75,30.5,77.91250000000001,0.0,7.25,0.3826666024034445,5.375,24.0,0.22600994278625855,19.0,0.0,122.5,112.5,32.25,62.0,18.25,46.875,11.875,35.0,26.5,13.5,2.099808320764203,10.75,33.125,32.5375,31.0,58.625,52.9607433526925,18.25,25.125,73.0625,0.0,7.875,0.6187625691302162,5.875,19.5,0.30880752369005676,13.5,0.0,129.25
106,114,2025-12-23,1,1,2025-26,Philadelphia 76ers,Brooklyn Nets,114.125,43.125,50.5,20.5,47.625,14.25,33.375,23.75,12.125,2.140695160103055,14.375,39.375,36.3125,25.25,53.75,47.93913924521127,20.5,25.0,82.275,0.0,8.875,0.7720663108821004,5.25,18.375,0.3033809424579548,12.125,0.0,129.5,110.875,45.75,49.5,15.625,44.625,10.375,34.25,29.125,17.0,1.8127104921222568,15.25,41.5,37.15,24.75,44.625,55.732253530510285,15.625,19.5,79.97500000000001,0.0,8.75,0.555135550723786,5.625,18.625,0.30908392377129756,17.0,0.0,132.0
131,130,2025-12-23,1,1,2025-26,Dallas Mavericks,Denver Nuggets,118.25,28.5,71.25,18.5,45.25,10.75,34.5,26.625,15.125,1.7978479853479854,9.5,27.875,32.7625,35.625,63.0,56.4356665990703,18.5,24.25,76.6125,0.0,6.875,0.4654295051353875,6.875,19.25,0.3569057748237315,15.125,0.0,137.25,126.25,45.375,61.25,19.625,41.125,7.5,33.625,28.5,11.625,2.4702651515151515,15.125,34.375,43.7,30.625,53.125,57.67224339164768,19.625,25.375,77.375,0.0,8.25,0.7208333333333333,3.625,19.5,0.19558086392451718,11.625,0.0,148.625
115,104,2025-12-23,1,1,2025-26,Minnesota Timberwolves,New York Knicks,113.5,37.5,53.75,22.25,47.125,12.75,34.375,26.0,14.125,1.9337128149628149,12.5,37.5,34.075,26.875,50.0,54.01073282062147,22.25,29.75,74.3875,0.0,8.125,0.6207091519591519,5.25,22.375,0.23158896658896658,14.125,0.0,130.25,119.75,46.5,55.5,17.75,45.25,12.625,32.625,26.875,13.25,2.1137777153402153,15.5,38.375,39.875,27.75,49.125,56.67550359964086,17.75,22.875,77.2,0.0,7.5,0.6011540542790543,4.375,20.125,0.2209751651856915,13.25,0.0,141.125
91,112,2025-12-23,1,1,2025-26,Miami Heat,Toronto Raptors,109.375,33.375,57.75,18.25,44.125,10.625,33.5,24.5,13.0,2.0249969876614613,11.125,32.875,33.525,28.875,57.125,50.4465363297983,18.25,24.625,75.71249999999999,0.0,7.5,0.6052252571989414,5.0,15.5,0.3409311481002657,13.0,0.0,121.125,101.75,37.125,53.25,11.375,40.875,11.25,29.625,28.125,15.875,1.833824876104288,12.375,35.5,35.025,26.625,52.5,51.02042699364128,11.375,15.25,74.525,0.0,7.625,0.46901529842706313,5.0,20.25,0.25131645401382247,15.875,0.0,114.625
128,108,2025-12-23,1,1,2025-26,LA Clippers,Houston Rockets,107.75,35.625,53.5,18.625,42.0,10.5,31.5,23.5,16.875,1.4987014948949133,11.875,35.375,33.3125,26.75,47.625,56.39295090149371,18.625,23.375,80.15,0.0,9.0,0.6035239581599141,3.625,18.625,0.20372214103032515,16.875,0.0,119.875,119.25,35.25,66.75,17.25,48.5,15.0,33.5,26.375,18.75,1.441379433638444,11.75,28.375,41.55,33.375,61.375,54.13123836618224,17.25,22.125,78.9375,0.0,8.0,0.4342291984490211,6.125,19.75,0.34330086580086583,18.75,0.0,140.0
141,118,2025-12-23,1,1,2025-26,Cleveland Cavaliers,New Orleans Pelicans,118.75,40.5,58.5,19.75,45.5,12.125,33.375,27.25,12.875,2.3416895604395602,13.5,41.625,32.5875,29.25,52.625,56.11498480083636,19.75,23.25,84.98750000000001,0.0,9.0,0.8100503663003663,3.625,20.125,0.17296215834818776,12.875,0.0,136.25,123.25,26.625,74.75,21.875,45.375,11.125,34.25,28.875,13.25,2.3578745600804423,8.875,28.625,31.2625,37.375,65.0,57.60624883259316,21.875,25.625,85.39999999999999,0.0,9.375,0.7596593765711412,4.375,19.75,0.23032037123149654,13.25,0.0,146.875
123,126,2025-12-23,1,1,2025-26,Atlanta Hawks,Chicago Bulls,120.625,44.25,59.0,17.375,41.875,11.125,30.75,31.0,15.5,2.123406862745098,14.75,39.625,36.975,29.5,53.625,55.18760984292186,17.375,20.75,84.6,0.0,8.25,0.5416185224089636,3.875,19.75,0.19319576381277148,15.5,0.0,137.75,118.375,39.75,61.0,17.625,43.0,11.375,31.625,28.75,14.375,2.1011787280701757,13.25,38.375,34.3625,30.5,52.25,57.98257499776806,17.625,22.625,79.125,0.0,9.875,0.6953314777327936,3.5,16.5,0.23190730837789658,14.375,0.0,137.25
94,111,2025-12-23,1,1,2025-26,Indiana Pacers,Milwaukee Bucks,108.375,37.5,52.5,18.375,41.375,10.375,31.0,23.5,12.0,2.0934065934065935,12.5,36.875,34.5375,26.25,51.125,51.3576420433687,18.375,22.375,82.525,0.0,7.5,0.6143543956043956,5.5,21.5,0.2737115893365893,12.0,0.0,121.0,106.875,41.25,49.5,16.125,39.25,8.125,31.125,25.875,16.625,1.5891033496732025,13.75,37.25,37.300000000000004,24.75,44.625,55.648491998855945,16.125,20.875,78.2625,0.0,7.375,0.4626327614379085,3.5,19.875,0.17345627691022425,16.625,0.0,118.125
142,138,2025-12-25,1,1,2025-26,Denver Nuggets,Minnesota Timberwolves,125.625,46.5,60.75,18.375,40.625,7.75,32.875,30.5,12.125,2.5339015151515154,15.5,36.0,42.2125,30.375,52.0,58.551690031963886,18.375,23.375,80.2625,0.0,8.5,0.7193181818181819,3.125,18.875,0.1736314591626124,12.125,0.0,149.125,112.25,37.5,53.75,21.0,46.25,12.5,33.75,25.375,13.0,2.030303724053724,12.5,38.5,33.2125,26.875,49.125,54.94158388445126,21.0,29.0,71.875,0.0,9.0,0.7258227883227883,5.125,21.5,0.2497707847707848,13.0,0.0,128.75
126,116,2025-12-25,1,1,2025-26,Golden State Warriors,Dallas Mavericks,113.5,47.25,49.75,16.5,46.0,12.5,33.5,28.625,16.125,1.835762317747612,15.75,43.125,36.15,24.875,46.375,53.556138703219624,16.5,21.125,78.125,0.0,9.75,0.6189699597787833,4.625,20.5,0.22619053810415365,16.125,0.0,132.875,119.875,26.625,74.25,19.0,43.5,10.875,32.625,27.0,14.625,1.9258782883782883,8.875,27.25,31.6,37.125,63.875,58.034279850225936,19.0,24.625,77.8625,0.0,7.25,0.5177022324081147,6.25,18.875,0.3194057748237315,14.625,0.0,138.5
96,119,2025-12-25,1,1,2025-26,Los Angeles Lakers,Houston Rockets,114.25,35.25,56.75,22.25,43.875,12.875,31.0,22.875,12.875,2.0773491214667685,11.75,35.625,33.337500000000006,28.375,50.25,56.16499231271455,22.25,29.875,73.6875,0.0,7.0,0.5638082505729565,5.125,21.375,0.24683264663898535,12.875,0.0,126.875,117.625,36.75,64.5,16.375,46.0,14.75,31.25,26.5,18.125,1.5150973823563927,12.25,30.125,41.3875,32.25,59.0,54.55385741380129,16.375,21.375,77.55,0.0,7.375,0.41286167708149973,5.875,21.0,0.28080086580086583,18.125,0.0,135.625
126,124,2025-12-25,1,1,2025-26,New York Knicks,Cleveland Cavaliers,118.125,43.5,57.0,17.625,48.0,13.625,34.375,25.75,14.125,1.943273329375303,14.5,36.625,39.0625,28.5,52.625,54.7932130376048,17.625,22.625,77.5375,0.0,7.875,0.6017022998930893,4.375,20.875,0.21621326042378672,14.125,0.0,138.75,122.625,43.125,61.25,18.25,46.0,12.625,33.375,29.375,13.625,2.3155906593406597,14.375,41.25,34.5625,30.625,54.375,56.710222896074455,18.25,21.625,84.275,0.0,8.875,0.7262591575091576,3.0,19.75,0.1513847773958068,13.625,0.0,142.25
102,117,2025-12-25,1,1,2025-26,Oklahoma City Thunder,San Antonio Spurs,122.875,45.375,62.25,15.25,42.875,8.125,34.75,25.625,12.375,2.3169108669108667,15.125,36.0,41.837500000000006,31.125,52.875,59.23923142134245,15.25,18.625,81.18750000000001,0.0,10.0,0.8670558608058608,4.625,19.0,0.2502972410286652,12.375,0.0,147.625,124.625,44.625,60.75,19.25,48.375,12.625,35.75,27.75,13.5,2.1981464076858814,14.875,38.75,38.612500000000004,30.375,53.75,56.83952166952999,19.25,25.375,75.3125,0.0,7.25,0.5702955304928989,4.0,17.0,0.2651898540056435,13.5,0.0,145.125
131,129,2025-12-26,1,1,2025-26,Utah Jazz,Detroit Pistons,123.125,45.0,55.25,22.875,44.875,11.0,33.875,29.75,13.375,2.256969133807369,15.0,40.875,36.8125,27.625,52.5,52.521908283010795,22.875,29.625,77.625,0.0,6.625,0.5046258888170653,2.25,23.5,0.09778214216458041,13.375,0.0,135.75,121.5,31.125,68.75,21.625,47.75,16.5,31.25,28.125,14.0,2.0799310064935064,10.375,31.5,32.925,34.375,63.375,54.857631573331794,21.625,29.625,72.3625,0.0,10.625,0.782704274891775,6.125,25.0,0.2454908715028655,14.0,0.0,142.0
138,117,2025-12-26,1,1,2025-26,Washington Wizards,Toronto Raptors,112.125,37.5,56.5,18.125,45.0,13.0,32.0,25.125,12.875,2.294509136696637,12.5,37.625,33.2125,28.25,52.875,53.99620672739617,18.125,23.625,76.4125,0.0,5.625,0.5007780414030414,5.0,21.375,0.2353066378066378,12.875,0.0,124.75,100.75,36.75,52.75,11.25,42.0,11.375,30.625,26.875,16.125,1.722060170221935,12.25,35.625,34.5625,26.375,52.0,51.080523147487426,11.25,14.875,75.5125,0.0,8.0,0.4822505925447102,4.625,20.125,0.23421119085592768,16.125,0.0,113.5
125,104,2025-12-26,1,1,2025-26,Memphis Grizzlies,Milwaukee Bucks,118.875,44.625,56.0,18.25,45.375,11.25,34.125,30.25,16.25,2.0654028640441684,14.875,38.375,38.3125,28.0,51.5,54.68222519930982,18.25,24.25,75.72500000000001,0.0,9.5,0.5905309892402284,5.0,20.75,0.24706430932403473,16.25,0.0,139.75,105.0,37.125,51.25,16.625,40.875,8.125,32.75,24.75,16.375,1.542534722222222,12.375,36.25,34.550000000000004,25.625,45.375,56.54732143029407,16.625,21.25,79.375,0.0,7.5,0.47586805555555556,3.875,21.125,0.17586012306407042,16.375,0.0,117.375
103,119,2025-12-26,1,1,2025-26,Portland Trail Blazers,LA Clippers,113.5,38.625,53.5,21.375,43.125,12.25,30.875,24.0,19.5,1.2701418421619661,12.875,38.5,33.1875,26.75,49.5,53.76178362323682,21.375,28.0,76.875,0.0,7.875,0.4103815345301413,5.75,24.125,0.241973146249462,19.5,0.0,119.75,108.375,39.75,50.5,18.125,40.5,9.625,30.875,23.75,16.5,1.590047648741067,13.25,36.375,36.2,25.25,44.25,56.924667319404165,18.125,22.375,81.2625,0.0,8.875,0.6141008812368373,3.75,19.75,0.19253793050400936,16.5,0.0,122.375
105,120,2025-12-26,1,1,2025-26,Orlando Magic,Charlotte Hornets,110.625,34.5,58.5,17.625,45.875,11.625,34.25,26.625,13.125,2.1428638763197587,11.5,33.125,34.8125,29.25,58.25,50.067386709335864,17.625,23.875,74.625,0.0,7.625,0.6187625691302162,5.125,20.125,0.25263192845196153,13.125,0.0,125.875,117.375,51.75,49.0,16.625,44.25,10.75,33.5,29.0,16.25,2.431125992063492,17.25,43.125,39.875,24.5,47.0,52.648920131899025,16.625,21.75,76.5375,0.0,8.875,0.5532986111111111,4.75,20.625,0.2315450972559096,16.25,0.0,134.5
109,102,2025-12-26,1,1,2025-26,Chicago Bulls,Philadelphia 76ers,121.25,42.0,61.5,17.75,43.75,11.125,32.625,30.625,14.375,2.2183662280701757,14.0,39.5,35.6125,30.75,51.25,59.45693397212704,17.75,23.0,78.5,0.0,8.625,0.6172064777327936,4.0,16.875,0.2582961972667855,14.375,0.0,142.625,112.25,39.375,49.75,23.125,46.625,14.25,32.375,22.375,12.875,1.9555347322955683,13.125,37.75,34.2375,24.875,52.75,48.11088357018141,23.125,27.625,84.3,0.0,8.875,0.723937968636111,5.125,19.0,0.29170511828213064,12.875,0.0,125.375
108,115,2025-12-26,1,1,2025-26,New Orleans Pelicans,Phoenix Suns,123.5,28.125,73.75,21.625,45.375,11.75,33.625,28.5,13.75,2.2589162267471092,9.375,28.75,33.05,36.875,64.75,57.06003034519821,21.625,25.5,84.83749999999999,0.0,9.25,0.723201043237808,4.375,19.0,0.2345817348678602,13.75,0.0,146.125,110.125,34.875,60.0,15.25,38.125,10.375,27.75,25.625,14.625,1.8937513875013874,11.625,35.0,33.175,30.0,53.625,56.21059598740191,15.25,19.25,76.85,0.0,12.125,0.8782543845043845,3.75,20.5,0.1798459812246577,14.625,0.0,124.125
111,126,2025-12-26,1,1,2025-26,Atlanta Hawks,Miami Heat,124.5,44.625,62.25,17.625,41.875,11.0,30.875,33.25,15.0,2.3629901960784316,14.875,40.0,36.975,31.125,54.5,57.499956028319716,17.625,21.5,82.89999999999999,0.0,8.25,0.5650560224089636,4.25,20.625,0.20667615596963423,15.0,0.0,144.75,107.25,32.25,56.75,18.25,44.0,10.125,33.875,23.125,13.875,1.8204515331160067,10.75,32.0,33.15,28.375,55.625,50.79208921441368,18.25,24.875,74.5375,0.0,7.625,0.5635585905322748,4.5,16.125,0.2997986694677871,13.875,0.0,117.5
122,140,2025-12-26,1,1,2025-26,Indiana Pacers,Boston Celtics,105.125,35.625,51.5,18.0,41.625,10.25,31.375,23.0,12.0,2.051739926739927,11.875,37.25,31.962500000000002,25.75,50.75,50.76801940185926,18.0,22.875,80.1875,0.0,7.625,0.6247710622710623,5.25,21.125,0.2655270655270655,12.0,0.0,115.375,117.875,49.5,52.5,15.875,43.875,11.375,32.5,23.75,13.0,1.8949800199800202,16.5,43.25,37.75,26.25,45.625,57.44585356503961,15.875,19.625,81.975,0.0,8.25,0.6657670454545455,5.75,19.125,0.2952857997265892,13.0,0.0,136.625
125,128,2025-12-27,1,1,2025-26,Atlanta Hawks,New York Knicks,121.75,41.625,62.0,18.125,41.5,10.25,31.25,32.125,15.875,2.2052521008403363,13.875,38.75,35.7,31.0,54.5,57.2448539875034,18.125,22.125,82.4875,0.0,8.0,0.5293417366946779,4.625,19.5,0.23573865596963423,15.875,0.0,139.75,119.0,46.875,55.25,16.875,47.875,13.5,34.375,25.75,14.625,1.8236152097171834,15.625,37.375,41.074999999999996,27.625,52.625,53.0432130376048,16.875,22.0,76.55000000000001,0.0,7.875,0.5632407614315509,4.125,20.625,0.20615134091914278,14.625,0.0,138.125
114,123,2025-12-27,1,1,2025-26,New Orleans Pelicans,Phoenix Suns,124.375,26.625,75.25,22.5,45.625,11.875,33.75,27.5,13.125,2.267494658119658,8.875,28.75,31.049999999999997,37.625,65.5,57.66571121403697,22.5,28.0,82.05,0.0,9.375,0.7611912393162393,4.25,19.875,0.22094537123149657,13.125,0.0,144.75,108.875,31.5,60.25,17.125,40.5,11.875,28.625,24.5,15.5,1.6765796703296705,10.5,35.125,30.224999999999998,30.125,53.375,56.77940841803455,17.125,21.375,80.1,0.0,11.25,0.7589362026862027,4.125,21.875,0.19055199974317621,15.5,0.0,121.625
103,112,2025-12-27,1,1,2025-26,Chicago Bulls,Milwaukee Bucks,121.75,42.375,62.25,17.125,44.5,11.25,33.25,31.875,13.5,2.403125,14.125,40.25,35.2375,31.125,51.625,59.873600638793704,17.125,22.5,77.65,0.0,8.125,0.6024038461538462,4.5,17.25,0.2832961972667855,13.5,0.0,145.25,103.875,37.5,50.0,16.375,41.875,9.0,32.875,23.5,17.125,1.4260574494949494,12.5,35.625,35.35,25.0,46.25,53.77685359403676,16.375,21.625,76.85,0.0,8.125,0.49149305555555556,3.375,21.75,0.14836012306407043,17.125,0.0,114.0
117,100,2025-12-27,1,1,2025-26,Houston Rockets,Cleveland Cavaliers,117.875,36.0,65.75,16.125,47.0,16.125,30.875,26.375,17.25,1.5667278171390016,12.0,30.875,38.6,32.875,60.0,54.586511541283,16.125,21.375,76.225,0.0,7.5,0.44207363360323887,5.625,20.125,0.2884931734931735,17.25,0.0,135.875,121.875,45.75,58.25,17.875,45.625,12.625,33.0,29.125,13.5,2.316781135531136,15.25,42.25,36.225,29.125,53.375,55.17176135761292,17.875,20.875,85.1125,0.0,8.5,0.7054258241758242,2.5,19.75,0.1286575046685341,13.5,0.0,139.875
142,116,2025-12-27,1,1,2025-26,Miami Heat,Indiana Pacers,109.875,33.75,58.0,18.125,45.0,11.25,33.75,23.875,13.5,1.9308681997826733,11.25,34.125,32.375,29.0,56.5,51.01508825009353,18.125,23.75,78.0,0.0,8.875,0.6760585905322747,3.75,15.875,0.2598681139122316,13.5,0.0,121.875,105.375,35.625,51.25,18.5,41.625,10.875,30.75,23.625,12.0,2.0963827838827838,11.875,37.875,31.299999999999997,25.625,50.75,50.490241624081484,18.5,23.375,80.8125,0.0,6.75,0.5622710622710623,4.625,22.0,0.23130087505087504,12.0,0.0,114.0
107,123,2025-12-27,1,1,2025-26,Minnesota Timberwolves,Brooklyn Nets,115.875,37.875,57.75,20.25,47.75,13.125,34.625,26.375,13.125,2.0832799145299146,12.625,41.0,31.05,28.875,51.125,56.51824923723014,20.25,28.5,70.85,0.0,9.5,0.7555846930846931,6.0,22.125,0.27691724941724943,13.125,0.0,133.5,110.625,45.75,47.5,17.375,44.125,10.25,33.875,28.0,18.0,1.595605228964362,15.25,41.75,36.9375,23.75,42.625,55.68125913989326,17.375,21.5,80.6375,0.0,8.5,0.4941307660347908,5.5,18.875,0.3027795759452106,18.0,0.0,129.25
127,126,2025-12-27,1,1,2025-26,Orlando Magic,Denver Nuggets,109.75,35.25,56.0,18.5,45.125,12.375,32.75,26.0,13.0,2.110919431875314,11.75,34.125,34.575,28.0,56.5,49.420834985197935,18.5,24.375,76.95,0.0,7.125,0.5784847913524385,5.625,20.875,0.2678950863466984,13.0,0.0,123.875,126.625,47.625,60.0,19.0,41.0,8.0,33.0,30.875,12.75,2.4701760249554368,15.875,36.75,42.337500000000006,30.0,52.75,57.1342497136615,19.0,23.625,81.5875,0.0,8.125,0.6696858288770055,3.0,19.25,0.15835368138483463,12.75,0.0,148.625
113,107,2025-12-27,1,1,2025-26,Sacramento Kings,Dallas Mavericks,114.75,28.875,64.0,21.875,44.875,13.0,31.875,24.5,15.25,1.6744725212652845,9.625,28.875,33.550000000000004,32.0,60.75,52.63667193982069,21.875,28.75,75.175,0.0,9.75,0.6626707995951417,5.625,21.5,0.26365194595684616,15.25,0.0,129.375,120.5,22.125,79.25,19.125,44.25,10.125,34.125,25.75,14.5,1.8387570762570762,7.375,24.375,29.775000000000002,39.625,67.125,59.156728829817766,19.125,24.75,78.075,0.0,7.625,0.5536870808929633,6.5,18.75,0.3364094512943197,14.5,0.0,140.0
114,127,2025-12-27,1,1,2025-26,San Antonio Spurs,Utah Jazz,125.0,43.875,62.0,19.125,48.0,12.25,35.75,27.75,12.75,2.2588751526251527,14.625,37.625,39.074999999999996,31.0,54.0,57.72717175529328,19.125,25.0,75.9875,0.0,7.0,0.5662469474969475,3.875,16.5,0.2651898540056435,12.75,0.0,147.0,125.5,46.125,56.75,22.625,45.5,11.375,34.125,31.25,14.125,2.2604413560295913,15.375,40.375,38.275000000000006,28.375,53.375,53.21635272745524,22.625,28.5,80.0125,0.0,7.125,0.5046258888170653,3.125,23.75,0.14083769772013596,14.125,0.0,142.5
116,112,2025-12-28,1,1,2025-26,Washington Wizards,Memphis Grizzlies,116.75,39.375,60.0,17.375,46.125,12.25,33.875,25.75,12.375,2.3808186605061605,13.125,37.875,34.8625,30.0,53.5,56.505152726094934,17.375,22.75,76.325,0.0,6.0,0.5374843906093907,5.375,21.5,0.25062284334023466,12.375,0.0,134.0,121.125,45.75,55.5,19.875,45.375,11.625,33.75,30.25,16.0,2.0966528640441684,15.25,39.125,38.625,27.75,51.625,54.035166375780406,19.875,26.0,76.8625,0.0,9.875,0.6273613463830855,5.625,20.875,0.2784970578620464,16.0,0.0,142.375
129,104,2025-12-28,1,1,2025-26,Oklahoma City Thunder,Philadelphia 76ers,120.125,43.875,61.0,15.25,43.75,9.625,34.125,25.5,11.375,2.5276251526251525,14.625,37.5,39.1,30.5,53.375,57.367099589886465,15.25,18.875,80.45000000000002,0.0,9.875,0.9253891941391942,4.75,19.625,0.24388698461840877,11.375,0.0,143.25,112.625,39.75,48.5,24.375,46.5,14.5,32.0,22.25,11.625,2.1097744983774396,13.25,38.0,34.387499999999996,24.25,53.5,46.11435579240363,24.375,28.875,85.4125,0.0,8.75,0.7685286119109649,4.75,19.75,0.25420511828213066,11.625,0.0,124.75
141,127,2025-12-28,1,1,2025-26,Toronto Raptors,Golden State Warriors,104.625,37.875,53.5,13.25,41.0,10.875,30.125,27.75,15.0,1.8987647156764804,12.625,36.5,34.85,26.75,51.0,52.48384205080634,13.25,16.625,78.43750000000001,0.0,7.75,0.5208869561810738,4.75,19.0,0.2532736908559277,15.0,0.0,119.375,117.0,48.0,51.0,18.0,46.75,12.75,34.0,29.375,15.875,1.9511469331322273,16.0,44.125,36.075,25.5,46.625,54.56026375749666,18.0,22.375,80.28750000000001,0.0,9.375,0.6058580716668952,4.625,20.75,0.2239178108314264,15.875,0.0,137.625
125,101,2025-12-28,1,1,2025-26,Los Angeles Lakers,Sacramento Kings,110.875,34.5,56.0,20.375,42.25,12.0,30.25,22.0,13.5,1.930332076012223,11.5,35.5,32.6875,28.0,49.0,56.81355520931776,20.375,28.0,71.0625,0.0,7.0,0.5389502960275019,4.875,21.375,0.23212676428604417,13.5,0.0,120.875,113.0,30.0,62.25,20.75,45.5,13.75,31.75,25.5,15.25,1.7653816121743753,10.0,29.5,33.8375,31.125,61.5,50.64803557618432,20.75,27.125,75.625,0.0,10.375,0.7194889814133236,5.875,21.0,0.2890905424480742,15.25,0.0,128.75
112,99,2025-12-28,1,1,2025-26,LA Clippers,Detroit Pistons,108.875,43.5,45.75,19.625,37.75,8.5,29.25,22.75,16.625,1.4898873923308107,14.5,37.375,38.5375,22.875,40.75,55.93404420990628,19.625,23.75,82.325,0.0,8.125,0.546793188929145,4.25,19.75,0.22031570828178715,16.625,0.0,120.25,122.375,34.125,69.25,19.0,48.25,16.125,32.125,29.875,14.375,2.1450570569136747,11.375,33.125,33.7875,34.625,63.0,55.64133063289292,19.0,26.5,71.1375,0.0,11.0,0.79215805640438,6.5,24.25,0.2696662837967186,14.375,0.0,146.0
114,108,2025-12-28,1,1,2025-26,Portland Trail Blazers,Boston Celtics,111.875,40.125,52.5,19.25,42.5,11.625,30.875,24.125,18.875,1.3243085088286326,13.375,38.75,34.2625,26.25,48.625,53.609344598846576,19.25,26.375,73.97500000000001,0.0,7.875,0.4228815345301413,5.0,22.25,0.22590171767803344,18.875,0.0,117.625,117.125,49.5,50.75,16.875,43.5,11.0,32.5,22.625,13.5,1.6896228771228772,16.5,42.25,38.8375,25.375,44.625,56.94323118741723,16.875,21.25,80.82499999999999,0.0,7.5,0.5621956168831169,5.125,19.375,0.26233125427204373,13.5,0.0,133.0
113,123,2025-12-29,1,1,2025-26,Charlotte Hornets,Milwaukee Bucks,118.5,54.0,48.5,16.0,45.0,12.0,33.0,28.625,15.125,2.4873759920634924,18.0,43.5,41.45,24.25,48.25,50.48334995646042,16.0,21.125,75.9375,0.0,7.5,0.5053819444444445,4.75,20.5,0.23351878146643593,15.125,0.0,134.625,105.25,38.25,50.75,16.25,43.125,9.5,33.625,23.0,16.375,1.4746685606060608,12.75,36.125,35.5625,25.375,47.0,53.70867177585494,16.25,21.25,77.48750000000001,0.0,8.625,0.5609375,3.375,21.125,0.15394048020692758,16.375,0.0,117.0
101,115,2025-12-29,1,1,2025-26,Washington Wizards,Phoenix Suns,116.75,36.0,62.5,18.25,49.625,13.625,36.0,25.375,12.25,2.370621292085108,12.0,37.25,32.3,31.25,56.5,55.80168952263174,18.25,23.5,77.1375,0.0,6.375,0.5591949169251801,6.25,21.875,0.28732919254658384,12.25,0.0,136.375,112.0,37.125,58.0,16.875,43.125,12.75,30.375,26.0,16.0,1.733140756302521,12.375,36.125,34.175,29.0,52.125,55.92582045507159,16.875,21.375,78.7875,0.0,10.625,0.6950221755368814,4.25,22.0,0.1954927112056268,16.0,0.0,128.625
107,106,2025-12-29,1,1,2025-26,Toronto Raptors,Orlando Magic,108.125,39.375,55.75,13.0,42.625,11.75,30.875,30.0,15.25,2.020559587471352,13.125,39.0,33.6125,27.875,51.25,53.94885987611828,13.0,16.25,78.8375,0.0,8.375,0.5561433664374841,4.625,20.0,0.24205574213797898,15.25,0.0,126.0,112.375,34.5,58.5,19.375,44.25,12.625,31.625,27.0,12.5,2.477586098541981,11.5,33.5,34.475,29.25,56.75,51.317386709335864,19.375,26.0,76.025,0.0,7.5,0.6826514580191051,5.25,21.625,0.24815824424143523,12.5,0.0,127.75
140,129,2025-12-29,1,1,2025-26,Oklahoma City Thunder,Atlanta Hawks,119.75,43.125,62.25,14.375,42.75,9.875,32.875,25.125,12.375,2.1436965811965814,14.375,37.25,38.5625,31.125,54.0,57.73982400922105,14.375,18.5,78.3375,0.0,10.75,0.9283653846153845,5.125,19.25,0.2676965084279326,12.375,0.0,141.25,121.0,43.125,58.75,19.125,40.5,9.5,31.0,31.75,15.5,2.249002100840336,14.375,39.25,36.475,29.375,52.875,56.047359514400966,19.125,23.75,80.175,0.0,7.125,0.4835084033613445,4.5,20.0,0.22323865596963421,15.5,0.0,136.375
125,122,2025-12-29,1,1,2025-26,Portland Trail Blazers,Dallas Mavericks,114.125,41.25,54.0,18.875,43.5,12.375,31.125,24.75,18.125,1.3858469703670944,13.75,39.75,34.3125,27.0,48.375,55.879081440951836,18.875,26.75,70.7,0.0,7.75,0.42816999606860284,4.625,21.25,0.2159114642667274,18.125,0.0,121.375,118.625,24.375,75.5,18.75,46.75,10.625,36.125,25.875,15.5,1.7641233766233768,8.125,25.375,31.1875,37.75,66.75,56.44839549648444,18.75,24.75,76.2,0.0,6.75,0.46440136660724896,7.0,18.375,0.3916042564891249,15.5,0.0,137.25
101,113,2025-12-29,1,1,2025-26,San Antonio Spurs,Cleveland Cavaliers,124.625,42.0,63.5,19.125,49.0,12.75,36.25,28.0,12.5,2.3213751526251527,14.0,37.75,37.55,31.75,54.625,58.47717175529328,19.125,24.375,78.05000000000001,0.0,6.625,0.5483898046398047,4.375,16.5,0.28791712673291625,12.5,0.0,148.25,122.625,46.125,59.0,17.5,43.25,11.5,31.75,30.125,13.875,2.3521978021978023,15.375,41.5,37.074999999999996,29.5,52.75,56.22945366530523,17.5,20.75,82.65,0.0,8.875,0.7158424908424907,2.75,19.375,0.1508797268907563,13.875,0.0,141.125
147,123,2025-12-29,1,1,2025-26,Miami Heat,Denver Nuggets,113.75,34.875,60.75,18.125,46.0,12.0,34.0,25.125,13.25,2.0847143536288275,11.625,34.125,33.587500000000006,30.375,59.25,50.68004926373875,18.125,22.375,82.0875,0.0,10.375,0.8211634856371698,3.875,15.625,0.27212301587301585,13.25,0.0,130.25,128.0,46.875,60.75,20.375,42.75,9.25,33.5,30.625,13.5,2.318613524955437,15.625,36.0,42.4375,30.375,53.875,56.558591818924654,20.375,24.625,83.75,0.0,7.75,0.6087483288770054,3.125,19.75,0.1615001344740795,13.5,0.0,150.625
126,119,2025-12-29,1,1,2025-26,Houston Rockets,Indiana Pacers,118.875,38.25,64.0,16.625,48.75,16.375,32.375,27.0,16.875,1.6277572289037072,12.75,31.625,40.0,32.0,59.375,53.62684986268834,16.625,22.375,74.575,0.0,8.0,0.4803089277208859,6.0,19.375,0.3313503163503163,16.875,0.0,139.75,105.375,34.875,53.75,16.75,42.125,11.5,30.625,24.25,13.5,2.0173992673992673,11.625,38.25,30.25,26.875,51.125,52.448283582123445,16.75,21.875,78.575,0.0,5.75,0.4661172161172161,4.375,22.875,0.2013766326266326,13.5,0.0,112.375
101,136,2025-12-29,1,1,2025-26,Chicago Bulls,Minnesota Timberwolves,123.25,43.125,63.5,16.625,46.25,11.375,34.875,32.375,13.5,2.4364583333333334,14.375,40.0,36.075,31.75,52.375,60.425548690741756,16.625,22.125,76.5,0.0,7.25,0.5440705128205128,4.25,17.625,0.2638517528223411,13.5,0.0,148.125,116.125,38.625,56.75,20.75,46.25,12.75,33.5,26.5,12.625,2.17343142968143,12.875,39.625,33.012499999999996,28.375,52.5,53.75089464060725,20.75,29.125,71.07499999999999,0.0,9.875,0.8048271173271173,6.0,22.125,0.2769172494172494,12.625,0.0,132.875
125,130,2025-12-29,1,1,2025-26,New Orleans Pelicans,New York Knicks,122.125,27.375,71.5,23.25,46.875,13.125,33.75,25.125,13.625,1.9352297008547008,9.125,28.875,31.85,35.75,65.25,54.83641013876815,23.25,28.875,81.975,0.0,9.75,0.7558493589743589,4.375,19.75,0.22810940285204992,13.625,0.0,139.75,116.75,44.625,54.75,17.375,49.0,14.625,34.375,25.375,14.75,1.7762250998270734,14.875,37.5,39.1875,27.375,53.0,52.12092104388424,17.375,22.75,76.03750000000001,0.0,7.875,0.5570594427502322,4.375,21.0,0.2147877045555064,14.75,0.0,135.0
107,120,2025-12-29,1,1,2025-26,Brooklyn Nets,Golden State Warriors,111.875,42.75,51.5,17.625,43.75,10.5,33.25,28.25,17.375,1.6670338003929335,14.25,41.0,35.2125,25.75,44.125,58.20256595807508,17.625,21.375,82.3125,0.0,8.0,0.4852021946062194,4.75,19.25,0.26151163336147853,17.375,0.0,130.375,120.5,49.125,52.75,18.625,46.25,13.5,32.75,29.375,16.75,1.8767421712274652,16.375,45.25,35.9875,26.375,46.75,56.14868758856754,18.625,23.0,80.575,0.0,9.5,0.5880009288097523,4.75,20.875,0.22753623188405797,16.75,0.0,140.0
136,139,2025-12-30,1,1,2025-26,Memphis Grizzlies,Philadelphia 76ers,120.25,45.375,56.5,18.375,44.375,10.875,33.5,30.125,15.125,2.1554164510006903,15.125,38.75,38.5625,28.25,53.75,53.07663742429371,18.375,23.75,77.6875,0.0,9.375,0.6389102594265638,6.125,19.875,0.3173205872738111,15.125,0.0,140.625,111.125,39.75,47.5,23.875,46.0,14.75,31.25,21.75,12.625,2.015571599826715,13.25,38.0,34.3875,23.75,53.125,45.34400695519433,23.875,28.75,83.6,0.0,7.875,0.6957025249544431,5.25,19.5,0.27740587585788823,12.625,0.0,120.375
131,90,2025-12-30,1,1,2025-26,LA Clippers,Sacramento Kings,110.625,43.5,45.75,21.375,37.5,8.875,28.625,22.25,16.0,1.5156226864484577,14.5,36.125,39.7125,22.875,41.375,55.04481656762986,21.375,25.25,84.10000000000001,0.0,8.25,0.5909108359879685,4.75,20.75,0.2352729732390521,16.0,0.0,123.375,112.5,30.375,61.75,20.375,44.0,13.125,30.875,25.0,15.25,1.7390658227006912,10.125,30.375,33.3125,30.875,60.0,51.61604904419779,20.375,26.625,75.475,0.0,11.0,0.7523837182554288,5.75,21.25,0.2800627646702964,15.25,0.0,127.375
106,128,2025-12-30,1,1,2025-26,Los Angeles Lakers,Detroit Pistons,113.375,34.875,59.25,19.25,43.0,11.75,31.25,23.25,13.75,1.9917160045836515,11.625,35.875,32.625,29.625,50.125,59.00193055945782,19.25,26.625,71.4,0.0,7.75,0.5768967245989305,5.125,22.0,0.24058541090258553,13.75,0.0,126.625,119.25,31.125,69.0,19.125,47.25,16.0,31.25,28.25,14.0,2.0759464799905976,10.375,31.75,32.1125,34.5,63.875,54.400559509020894,19.125,26.125,72.575,0.0,11.5,0.8396340179428414,6.75,23.5,0.28793551456594935,14.0,0.0,141.25
119,129,2025-12-30,1,1,2025-26,Utah Jazz,Boston Celtics,128.75,48.0,56.75,24.0,45.5,11.5,34.0,32.375,14.0,2.342242826617827,16.0,40.5,39.85,28.375,53.0,53.682191236772006,24.0,30.25,80.25,0.0,7.5,0.5308207417582418,3.25,24.0,0.1450946636644084,14.0,0.0,148.0,114.875,45.375,52.0,17.5,43.625,11.5,32.125,21.125,13.875,1.572435377122877,15.125,42.125,35.8625,26.0,45.625,57.07280019996497,17.5,22.125,80.275,0.0,8.0,0.5774094326725906,5.125,19.75,0.258255167315522,13.875,0.0,127.625
124,95,2025-12-31,1,1,2025-26,Oklahoma City Thunder,Portland Trail Blazers,120.875,39.75,65.0,16.125,43.375,10.125,33.25,24.5,12.375,2.099053724053724,13.25,36.0,37.0,32.5,56.5,57.352801611329085,16.125,19.125,84.75,0.0,10.75,0.9283653846153846,5.625,19.0,0.2975576195390437,12.375,0.0,143.0,114.75,42.0,53.75,19.0,44.375,12.875,31.5,24.75,18.25,1.3717844703670943,14.0,38.875,35.5375,26.875,48.625,55.39958408645449,19.0,26.75,71.275,0.0,7.5,0.4099408294019362,4.125,21.875,0.18548383268778001,18.25,0.0,122.875
125,132,2025-12-31,1,1,2025-26,Charlotte Hornets,Golden State Warriors,119.375,55.125,48.25,16.0,45.0,12.875,32.125,29.125,15.0,2.542321047008547,18.375,43.5,42.275,24.125,49.25,48.90806354074847,16.0,21.0,76.41250000000001,0.0,7.25,0.4909588675213675,4.75,20.375,0.23433046977812422,15.0,0.0,135.25,120.125,44.625,55.0,20.5,44.875,12.375,32.5,29.25,16.375,1.9103556166056166,14.875,43.5,33.925,27.5,47.125,58.248188697215,20.5,24.875,82.325,0.0,9.5,0.6053328615828615,5.125,21.5,0.24167313664596274,16.375,0.0,139.875
103,106,2025-12-31,1,1,2025-26,Toronto Raptors,Denver Nuggets,108.875,38.25,56.5,14.125,45.25,12.875,32.375,29.25,14.25,2.2288929208046855,12.75,38.5,32.9375,28.25,52.875,53.17962910688751,14.125,17.625,79.55,0.0,8.0,0.6007862235803412,5.0,20.0,0.25910119668343357,14.25,0.0,128.25,126.375,46.5,59.75,20.125,41.5,8.75,32.75,29.875,13.25,2.3165301916221033,15.5,36.25,41.7,29.875,53.75,55.84263623739339,20.125,23.75,85.35,0.0,7.25,0.5774983288770054,3.625,20.125,0.18530965828360327,13.25,0.0,147.125
134,132,2025-12-31,1,1,2025-26,San Antonio Spurs,New York Knicks,120.375,38.25,61.75,20.375,50.125,12.5,37.625,27.0,12.875,2.2255418192918195,12.75,37.125,34.475,30.875,53.375,58.035174236682856,20.375,25.75,78.4625,0.0,6.875,0.555334249084249,4.625,16.25,0.3026230090858574,12.875,0.0,143.875,119.75,48.0,54.25,17.5,47.75,14.0,33.75,26.75,14.5,1.9896089382109117,16.0,38.625,40.95,27.125,52.375,52.24347006349208,17.5,22.625,77.25,0.0,7.875,0.5772614629522524,4.0,20.75,0.19943682736252394,14.5,0.0,138.625
110,112,2025-12-31,1,1,2025-26,Indiana Pacers,Orlando Magic,107.125,36.75,54.0,16.375,40.0,10.875,29.125,24.75,13.75,1.9697802197802199,12.25,37.75,32.5875,27.0,50.625,53.0788710661592,16.375,22.0,76.175,0.0,6.5,0.5256410256410255,4.25,22.25,0.19990356865356862,13.75,0.0,114.125,113.125,33.375,59.5,20.25,44.75,12.375,32.375,27.25,12.0,2.6286277652086474,11.125,32.25,34.4125,29.75,57.625,51.4803593299356,20.25,26.375,78.33749999999999,0.0,7.125,0.6722347913524385,5.375,22.625,0.2429499109081019,12.0,0.0,130.5
134,118,2025-12-31,1,1,2025-26,Chicago Bulls,New Orleans Pelicans,119.75,44.25,59.25,16.25,46.0,11.25,34.75,31.875,14.125,2.318198529411765,14.75,41.25,35.8875,29.625,51.0,58.15282141801448,16.25,21.5,77.35000000000001,0.0,7.25,0.5348793363499246,4.375,18.375,0.247140522875817,14.125,0.0,142.0,119.875,28.125,67.5,24.25,46.0,12.75,33.25,24.0,13.875,1.7664797008547009,9.375,29.375,32.025,33.75,62.75,53.89891013876815,24.25,30.125,81.6,0.0,9.25,0.6933493589743589,4.375,19.625,0.2322760695187166,13.875,0.0,134.75
129,113,2025-12-31,1,1,2025-26,Cleveland Cavaliers,Phoenix Suns,120.5,45.375,59.5,15.625,43.125,10.875,32.25,30.25,14.75,2.111126373626374,15.125,40.125,37.412499999999994,29.75,54.0,55.32457151042308,15.625,18.75,82.4375,0.0,9.0,0.6265567765567766,3.125,19.875,0.16546306022408963,14.75,0.0,138.875,112.875,39.0,56.75,17.125,44.125,13.5,30.625,25.875,16.125,1.68452964519141,13.0,37.0,34.9375,28.375,52.625,54.48420411914981,17.125,21.125,81.15,0.0,10.625,0.6839110644257703,4.375,21.25,0.2097784254913411,16.125,0.0,129.5
126,102,2025-12-31,1,1,2025-26,Atlanta Hawks,Minnesota Timberwolves,122.75,48.375,57.0,17.375,40.625,9.125,31.5,32.25,15.0,2.324002100840336,16.125,41.5,38.4375,28.5,52.125,55.00915353433452,17.375,22.0,78.5125,0.0,7.375,0.5131959033613446,4.0,20.25,0.19268310041407868,15.0,0.0,138.375,117.25,40.125,56.5,20.625,46.5,12.25,34.25,26.75,11.875,2.632522338772339,13.375,40.375,33.637499999999996,28.25,52.5,53.53537739922794,20.625,28.75,71.64999999999999,0.0,10.0,0.9389180264180265,6.75,20.875,0.35362179487179485,11.875,0.0,136.0
113,114,2025-12-31,1,1,2025-26,Milwaukee Bucks,Washington Wizards,106.625,38.25,52.5,15.875,42.5,8.75,33.75,23.625,16.0,1.6274463383838382,12.75,35.625,36.1875,26.25,47.5,55.0021500367245,15.875,20.0,79.6875,0.0,8.375,0.5713541666666666,3.375,20.0,0.16666672455081896,16.0,0.0,120.25,113.625,34.875,61.75,17.0,48.875,13.25,35.625,24.375,12.25,2.308121292085108,11.625,35.75,32.825,30.875,57.0,54.3135942845365,17.0,22.125,76.49999999999999,0.0,6.375,0.5591949169251801,6.5,21.0,0.3095514147688061,12.25,0.0,132.125
108,123,2026-01-01,1,1,2025-26,Dallas Mavericks,Philadelphia 76ers,119.0,24.75,75.25,19.0,46.875,10.5,36.375,25.875,15.25,1.8132305194805194,8.25,25.625,31.325,37.625,66.125,56.83239973377257,19.0,25.0,76.43750000000001,0.0,6.25,0.4376156523215347,6.875,18.25,0.38765688806807225,15.25,0.0,137.75,115.0,40.5,50.75,23.75,44.375,14.375,30.0,23.25,13.0,2.036404933160048,13.5,38.75,34.3375,25.375,53.5,47.5096854795685,23.75,28.875,82.725,0.0,9.0,0.785980302732221,5.375,20.25,0.27516802419548414,13.0,0.0,125.5
118,101,2026-01-01,1,1,2025-26,LA Clippers,Utah Jazz,113.75,45.375,46.0,22.375,38.375,9.0,29.375,23.875,15.125,2.240054504630276,15.125,37.25,40.4375,23.0,40.875,55.81748140279469,22.375,26.125,85.3625,0.0,8.875,0.9062517450788776,5.5,19.0,0.30223725895333786,15.125,0.0,131.5,127.375,47.625,55.25,24.5,43.25,10.875,32.375,32.125,14.0,2.323012057387057,15.875,39.875,40.087500000000006,27.625,51.5,53.82839006718137,24.5,30.25,82.25,0.0,7.25,0.5115899725274725,3.125,23.25,0.14541435675903755,14.0,0.0,145.5
96,120,2026-01-01,1,1,2025-26,Brooklyn Nets,Houston Rockets,111.5,45.375,50.0,16.125,42.5,9.875,32.625,28.25,17.0,1.6975893559484891,15.125,41.0,37.3,25.0,43.875,56.62361858965403,16.125,19.5,82.0125,0.0,8.5,0.526868861272886,4.5,20.25,0.23860714993067933,17.0,0.0,130.125,120.25,37.5,66.0,16.75,48.625,15.375,33.25,26.375,16.875,1.594862492061602,12.5,30.75,40.212500000000006,33.0,59.0,55.76441039537599,16.75,22.75,73.82499999999999,0.0,7.375,0.44741419087878065,6.625,18.75,0.36978614522732167,16.875,0.0,142.125
106,120,2026-01-01,1,1,2025-26,Sacramento Kings,Boston Celtics,110.625,29.625,61.0,20.0,44.125,13.25,30.875,24.625,15.625,1.6934243753322702,9.875,29.0,33.862500000000004,30.5,60.875,50.053549044197794,20.0,25.5,78.3875,0.0,10.0,0.6886501656238498,6.25,21.25,0.30506276467029647,15.625,0.0,125.0,115.875,42.75,54.75,18.375,44.0,11.125,32.875,21.5,13.5,1.7215831043956045,14.25,41.75,34.225,27.375,46.25,59.15613353329831,18.375,23.25,79.53750000000001,0.0,8.0,0.6115003417634997,5.125,19.125,0.27329527426739364,13.5,0.0,129.75
112,118,2026-01-01,1,1,2025-26,Detroit Pistons,Miami Heat,117.5,30.75,68.0,18.75,46.875,15.5,31.375,27.75,14.75,1.959875051419169,10.25,31.125,32.6625,34.0,62.625,55.028661245993604,18.75,26.125,71.275,0.0,11.0,0.7717768750856987,6.5,24.0,0.2730753747058095,14.75,0.0,138.0,118.625,40.125,60.0,18.5,46.875,13.0,33.875,27.0,13.5,2.1940893536288275,13.375,35.75,36.5375,30.0,58.375,50.9080366851224,18.5,22.875,81.8875,0.0,10.375,0.7961634856371698,3.625,16.375,0.24797528860028858,13.5,0.0,137.875
129,102,2026-01-02,1,1,2025-26,Phoenix Suns,Sacramento Kings,115.875,40.875,57.75,17.25,46.0,15.0,31.0,25.75,15.25,1.7470296451914098,13.625,37.625,36.1125,28.875,54.625,53.9509801650891,17.25,21.125,81.92500000000001,0.0,10.125,0.6839110644257702,4.75,22.125,0.22179765626057188,15.25,0.0,133.625,111.0,30.375,61.25,19.375,43.625,13.75,29.875,25.625,14.875,1.9212021531100478,10.125,30.625,32.587500000000006,30.625,59.75,51.37744066981355,19.375,24.25,80.55000000000001,0.0,10.25,0.7442057211794053,5.375,20.75,0.266197218451809,14.875,0.0,126.5
113,123,2026-01-02,1,1,2025-26,Indiana Pacers,San Antonio Spurs,109.75,37.5,54.75,17.5,39.75,10.125,29.625,25.0,14.75,1.8291552197802199,12.5,37.25,33.675000000000004,27.375,51.0,53.495537732825866,17.5,23.375,76.21249999999999,0.0,7.5,0.5725160256410255,3.75,23.0,0.16691745754245751,14.75,0.0,116.75,120.625,37.125,62.75,20.75,49.875,12.75,37.125,27.0,12.75,2.2492160617160617,12.375,37.125,33.4875,31.375,53.75,58.617282079820114,20.75,26.25,78.3875,0.0,6.625,0.5411297036297036,4.625,16.0,0.304944990510006,12.75,0.0,143.375
99,111,2026-01-02,1,1,2025-26,New York Knicks,Atlanta Hawks,121.625,50.25,53.75,17.625,46.75,13.5,33.25,28.375,14.0,2.219966081068055,16.75,40.75,40.525,26.875,52.25,51.839429659451675,17.625,21.625,80.9125,0.0,7.625,0.5844043200951096,3.375,22.125,0.1617175291169099,14.0,0.0,140.375,123.5,48.0,59.25,16.25,39.625,8.875,30.75,32.875,14.125,2.556355042016807,16.0,42.625,36.762499999999996,29.625,51.625,57.14136272299532,16.25,21.375,74.6375,0.0,7.5,0.5668723739495798,3.75,19.25,0.1934077380952381,14.125,0.0,139.375
122,121,2026-01-02,1,1,2025-26,Milwaukee Bucks,Charlotte Hornets,106.25,39.375,50.5,16.375,43.5,9.5,34.0,23.125,15.875,1.6086963383838384,13.125,36.875,35.7125,25.25,47.5,53.0021500367245,16.375,21.0,78.3875,0.0,8.0,0.5489583333333333,3.5,18.75,0.19419648645558088,15.875,0.0,117.875,119.25,55.125,47.5,16.625,45.625,13.25,32.375,29.75,15.75,2.417321047008547,18.375,43.875,41.875,23.75,48.375,49.163566685402564,16.625,21.875,75.97500000000001,0.0,8.0,0.5131810897435898,4.5,20.875,0.2200284102815567,15.75,0.0,136.0
119,99,2026-01-02,1,1,2025-26,Washington Wizards,Brooklyn Nets,114.375,38.25,59.5,16.625,47.375,12.75,34.625,25.875,12.125,2.479712201176017,12.75,37.125,34.45,29.75,56.25,52.96113526814305,16.625,21.375,76.9375,0.0,6.75,0.6023767351069983,7.125,20.625,0.3472498274672188,12.125,0.0,133.75,108.625,43.875,47.75,17.0,40.25,9.5,30.75,26.0,16.125,1.6456662790254122,14.625,40.375,36.4625,23.875,42.875,55.50646883119992,17.0,21.5,79.6875,0.0,9.25,0.6047534766575015,3.875,20.25,0.2018424440483264,16.125,0.0,122.625
94,131,2026-01-02,1,1,2025-26,Golden State Warriors,Oklahoma City Thunder,121.625,48.0,53.25,20.375,44.25,12.125,32.125,30.25,17.125,1.8810033898849687,16.0,43.875,35.975,26.625,45.125,59.086423991332644,20.375,24.25,84.425,0.0,9.5,0.5840778008541166,5.25,21.125,0.24955357142857143,17.125,0.0,143.5,119.125,37.5,64.5,17.125,43.125,10.0,33.125,24.125,12.375,2.0740537240537242,12.5,37.125,34.2125,32.25,55.625,58.076886977182745,17.125,20.75,82.82500000000002,0.0,10.875,0.936698717948718,6.0,19.5,0.3045020639834881,12.375,0.0,139.25
121,114,2026-01-02,1,1,2025-26,Chicago Bulls,Orlando Magic,123.5,45.0,61.0,17.5,46.75,10.625,36.125,32.75,13.625,2.5265318627450983,15.0,40.5,36.9375,30.5,51.75,59.048644863671825,17.5,23.625,75.5125,0.0,6.625,0.5081699346405228,4.75,17.625,0.27491830065359474,13.625,0.0,147.875,112.5,28.875,62.25,21.375,45.0,12.5,32.5,27.0,12.25,2.5922500562303195,9.625,30.875,30.337500000000002,31.125,59.375,52.13582705062071,21.375,27.875,77.6625,0.0,7.625,0.6946806117858749,5.125,23.125,0.22521535713235818,12.25,0.0,129.0
109,122,2026-01-02,1,1,2025-26,New Orleans Pelicans,Portland Trail Blazers,120.375,29.625,66.25,24.5,45.125,12.5,32.625,24.5,13.25,1.903979700854701,9.875,30.0,32.95,33.125,62.75,52.85724347210148,24.5,30.375,81.7875,0.0,8.875,0.6850160256410256,4.875,20.5,0.24238636363636362,13.25,0.0,134.875,109.625,39.75,52.5,17.375,45.25,13.125,32.125,23.5,19.125,1.263451137033761,13.25,38.375,34.125,26.25,48.875,53.957276394146795,17.375,25.25,69.625,0.0,7.375,0.3835519405130473,4.0,21.875,0.1795314517353991,19.125,0.0,115.0
113,108,2026-01-02,1,1,2025-26,Cleveland Cavaliers,Denver Nuggets,122.75,46.5,61.25,15.0,44.125,11.0,33.125,30.75,14.875,2.1283882783882784,15.5,40.125,38.400000000000006,30.625,54.125,56.734886089975404,15.0,17.875,82.75,0.0,8.625,0.5956043956043956,3.875,19.0,0.2160145308123249,14.875,0.0,144.25,123.625,44.625,58.75,20.25,42.625,9.0,33.625,29.0,13.25,2.2369847370766487,14.875,36.25,39.8625,29.375,53.125,55.501630269788954,20.25,23.875,85.425,0.0,6.625,0.5206801470588236,3.75,18.875,0.20217473764868266,13.25,0.0,143.625
128,121,2026-01-02,1,1,2025-26,Los Angeles Lakers,Memphis Grizzlies,112.625,34.125,58.75,19.75,40.625,12.125,28.5,23.625,15.125,1.8458826712503182,11.375,36.25,31.637500000000003,29.375,49.375,59.4172129514844,19.75,27.125,71.9875,0.0,8.625,0.59892053412274,4.5,22.25,0.21075586544804006,15.125,0.0,122.625,121.5,42.375,59.75,19.375,44.625,10.875,33.75,29.625,16.375,1.9304164510006903,14.125,37.25,37.5125,29.875,54.375,55.19417984356026,19.375,24.375,79.825,0.0,9.125,0.6014102594265638,6.75,19.5,0.35700312695635084,16.375,0.0,142.625
134,117,2026-01-03,1,1,2025-26,Toronto Raptors,Atlanta Hawks,108.5,36.75,56.25,15.5,45.875,13.625,32.25,28.5,12.625,2.4543393493761143,12.25,39.125,31.275,28.125,53.75,52.090613955372355,15.5,19.125,81.3375,0.0,7.625,0.6409647950089126,4.625,20.625,0.23535119668343352,12.625,0.0,126.375,121.625,48.375,57.5,15.75,41.375,8.875,32.5,32.875,13.875,2.596098631760396,16.125,42.5,37.2125,28.75,51.25,55.94381027544287,15.75,21.75,71.3375,0.0,8.25,0.6322569893341952,3.75,19.375,0.1928125,13.875,0.0,139.125
119,130,2026-01-03,1,1,2025-26,New York Knicks,Philadelphia 76ers,119.75,47.25,54.0,18.5,47.5,13.5,34.0,27.875,13.875,2.2027785810680545,15.75,40.625,38.2625,27.0,53.0,51.34314023459083,18.5,21.875,84.3875,0.0,7.375,0.5729459867617762,3.5,21.875,0.17294043933362818,13.875,0.0,137.875,116.0,40.875,53.75,21.375,43.5,13.75,29.75,23.25,12.875,2.0540331382882533,13.625,38.625,34.8,26.875,55.0,48.76629923618226,21.375,25.5,84.075,0.0,9.5,0.8324546617065799,5.75,20.25,0.2949048663007473,12.875,0.0,127.875
115,125,2026-01-03,1,1,2025-26,Miami Heat,Minnesota Timberwolves,121.375,42.0,60.75,18.625,47.375,13.5,33.875,27.625,13.625,2.2187604062604063,14.0,36.75,37.4,30.375,59.375,50.69970335178906,18.625,22.5,83.9,0.0,10.625,0.8047161172161172,3.5,17.0,0.2249489728108149,13.625,0.0,141.25,115.375,40.875,54.5,20.0,46.25,11.75,34.5,26.375,12.375,2.543980672105672,13.625,40.75,33.9625,27.25,51.25,52.854153061788594,20.0,27.625,72.575,0.0,9.125,0.8529805264180264,6.875,19.625,0.37645833333333334,12.375,0.0,132.875
110,115,2026-01-03,1,1,2025-26,San Antonio Spurs,Portland Trail Blazers,121.125,36.375,63.25,21.5,49.375,12.5,36.875,26.25,12.625,2.211441336441337,12.125,37.625,32.5625,31.625,54.25,58.51712182340985,21.5,27.25,78.2125,0.0,6.875,0.564481351981352,3.75,16.625,0.2259008728629472,12.625,0.0,140.875,108.125,40.125,50.25,17.75,45.5,13.375,32.125,23.125,17.625,1.4598797084623323,13.375,38.625,34.2125,25.125,47.25,53.57413463169469,17.75,24.875,71.675,0.0,7.375,0.431170988132095,4.125,20.625,0.20322426219291542,17.625,0.0,116.125
123,114,2026-01-03,1,1,2025-26,Golden State Warriors,Utah Jazz,117.0,43.875,53.0,20.125,45.125,12.875,32.25,28.875,17.0,1.8140099258326812,14.625,43.5,33.275,26.5,45.875,57.99946746959351,20.125,24.25,83.33749999999999,0.0,8.75,0.5456791080436592,5.25,20.375,0.25823412698412695,17.0,0.0,135.625,122.5,45.0,53.5,24.0,41.75,10.75,31.0,30.5,14.625,2.144593253968254,15.0,38.75,38.35,26.75,50.25,53.5993640305372,24.0,29.875,81.61250000000001,0.0,7.125,0.4832780067155067,3.25,21.875,0.15955126152094232,14.625,0.0,137.375
110,104,2026-01-03,1,1,2025-26,Dallas Mavericks,Houston Rockets,115.875,23.625,74.5,17.75,45.0,9.625,35.375,25.75,15.0,1.8343843656343657,7.875,25.75,29.8375,37.25,65.5,56.7843843688558,17.75,22.375,79.15,0.0,6.5,0.46453872924461165,6.25,16.5,0.36922740088858513,15.0,0.0,133.625,119.625,37.5,66.0,16.125,48.5,15.5,33.0,26.25,16.625,1.618299992061602,12.5,31.25,39.3875,33.0,57.125,57.5853038470963,16.125,21.75,74.41250000000001,0.0,7.5,0.4641552623073521,6.5,18.375,0.369558872500049,16.625,0.0,143.25
99,112,2026-01-03,1,1,2025-26,Chicago Bulls,Charlotte Hornets,122.75,45.0,59.75,18.0,47.25,11.0,36.25,32.25,13.25,2.551171285822021,15.0,41.125,36.3375,29.875,51.25,58.466242091242094,18.0,23.75,77.67500000000001,0.0,5.875,0.47211224233283056,5.0,17.375,0.2945261437908497,13.25,0.0,146.625,119.5,55.5,46.5,17.5,43.875,12.75,31.125,29.625,15.25,2.4639480311355313,18.5,43.375,42.675,23.25,46.875,49.69266721450309,17.5,22.75,76.71249999999999,0.0,7.5,0.49532394688644693,4.0,19.875,0.2072078974610439,15.25,0.0,135.5
115,146,2026-01-03,1,1,2025-26,LA Clippers,Boston Celtics,114.375,46.125,45.75,22.5,40.75,10.0,30.75,23.25,14.875,2.224028863604635,15.375,38.875,39.7625,22.875,40.625,55.89971824489995,22.5,26.125,85.8375,0.0,8.0,0.8581748220019545,5.75,19.25,0.3107599862260651,14.875,0.0,132.375,118.25,43.875,56.5,17.875,44.125,10.125,34.0,22.375,13.375,1.801253434065934,14.625,40.75,35.8375,28.25,47.125,60.08283364478102,17.875,22.375,80.45,0.0,8.125,0.6259234186865765,5.75,18.75,0.32746194093406034,13.375,0.0,135.75
110,114,2026-01-04,1,1,2025-26,Cleveland Cavaliers,Detroit Pistons,123.0,48.0,60.5,14.5,46.0,11.75,34.25,31.5,14.5,2.201182396035337,16.0,40.125,39.675,30.25,54.0,56.103237153805196,14.5,18.0,79.575,0.0,8.625,0.6022220426632191,4.5,19.25,0.2481325863678805,14.5,0.0,147.75,117.5,29.25,68.25,20.0,47.0,14.75,32.25,28.25,16.0,1.8700482115923294,9.75,29.875,32.475,34.125,62.75,55.1378506240509,20.0,26.875,73.6625,0.0,11.25,0.7349803382891619,7.25,24.0,0.3105753747058095,16.0,0.0,139.625
120,114,2026-01-04,1,1,2025-26,Los Angeles Lakers,Memphis Grizzlies,113.75,32.25,60.5,21.0,40.5,12.125,28.375,23.5,16.25,1.7015644894321365,10.75,35.625,30.5375,30.25,48.75,62.111657395928844,21.0,28.125,73.6375,0.0,9.25,0.6097159886681945,4.125,22.0,0.1965219109966943,16.25,0.0,124.375,121.5,41.625,60.5,19.375,44.875,10.75,34.125,29.5,16.875,1.8220831176673569,13.875,37.625,36.550000000000004,30.25,55.25,54.88882129352087,19.375,25.125,76.95,0.0,9.125,0.5711072291235334,6.125,19.375,0.32783646028968416,16.875,0.0,139.75
125,106,2026-01-04,1,1,2025-26,Miami Heat,New Orleans Pelicans,122.5,43.875,59.5,19.125,45.625,13.75,31.875,28.125,14.25,2.1910348423506316,14.625,37.875,38.112500000000004,29.75,58.0,50.89232630260874,19.125,22.875,84.83749999999999,0.0,10.375,0.7704116059379217,2.75,18.25,0.15297927584111792,14.25,0.0,139.875,117.375,28.5,65.75,23.125,45.25,13.25,32.0,23.875,13.625,1.8060630341880342,9.5,30.375,31.200000000000003,32.875,62.5,52.689176245210724,23.125,29.125,80.10000000000001,0.0,8.0,0.5954326923076922,5.375,20.25,0.2684280303030303,13.625,0.0,129.75
127,115,2026-01-04,1,1,2025-26,Brooklyn Nets,Denver Nuggets,107.125,39.75,49.25,18.125,39.0,9.5,29.5,25.25,16.0,1.610739808437177,13.25,39.125,33.6,24.625,44.125,55.79575587860567,18.125,22.625,80.32499999999999,0.0,10.125,0.6631174472457367,4.25,19.5,0.2359333531392355,16.0,0.0,119.875,121.375,45.0,56.25,20.125,41.625,9.0,32.625,28.375,12.5,2.3397625148544265,15.0,37.625,38.837500000000006,28.125,52.5,53.68595923869239,20.125,23.625,86.0,0.0,6.75,0.5734579248366013,3.75,18.5,0.20634140431534934,12.5,0.0,138.875
135,127,2026-01-04,1,1,2025-26,Orlando Magic,Indiana Pacers,112.375,30.0,61.5,20.875,44.0,11.625,32.375,26.75,12.375,2.535431874412138,10.0,30.75,31.65,30.75,58.875,51.952238289445745,20.875,27.25,77.35,0.0,7.75,0.6958169754222386,5.0,23.875,0.20827162311701292,12.375,0.0,128.25,109.75,37.875,54.75,17.125,38.125,8.25,29.875,25.5,14.75,1.8648695054945055,12.625,36.75,34.625,27.375,50.625,53.858733858733856,17.125,23.0,75.9375,0.0,7.625,0.5814445970695971,3.5,24.0,0.14727460039960039,14.75,0.0,116.5
108,105,2026-01-04,1,1,2025-26,Phoenix Suns,Oklahoma City Thunder,117.75,39.0,61.25,17.5,46.625,14.625,32.0,25.0,14.25,1.8053629785247434,13.0,36.875,34.949999999999996,30.625,56.0,55.602765879374815,17.5,21.5,81.6875,0.0,10.75,0.7818277310924369,5.25,21.5,0.24838927116740417,14.25,0.0,137.875,120.25,38.625,63.75,17.875,44.75,10.0,34.75,24.875,13.0,1.9887362637362638,12.875,37.375,34.9625,31.875,54.25,58.75352515382093,17.875,21.125,85.1625,0.0,9.875,0.7759844322344323,6.125,19.75,0.3079481792717087,13.0,0.0,142.75
98,115,2026-01-04,1,1,2025-26,Sacramento Kings,Milwaukee Bucks,107.125,31.875,57.0,18.25,43.625,14.125,29.5,24.5,15.25,1.838860883268778,10.625,31.75,33.1,28.5,57.5,49.85989681016443,18.25,24.0,77.75,0.0,9.375,0.6896422291159134,4.875,20.0,0.25232915248479254,15.25,0.0,118.375,111.25,42.375,52.0,16.875,43.375,9.625,33.75,24.5,14.75,1.8359690656565655,14.125,37.125,38.25,26.0,48.25,53.718059127633595,16.875,21.25,80.125,0.0,7.875,0.5785037878787879,3.875,19.375,0.20899117244591903,14.75,0.0,126.5
115,141,2026-01-04,1,1,2025-26,Washington Wizards,Minnesota Timberwolves,117.5,39.0,61.25,17.25,48.0,12.75,35.25,25.25,12.75,2.3786783665895506,13.0,36.25,36.0625,30.625,56.875,53.85399241100019,17.25,21.625,79.83749999999999,0.0,6.75,0.5788804945054945,7.625,20.875,0.3687776052449966,12.75,0.0,138.5,117.25,40.125,56.75,20.375,44.75,11.0,33.75,26.375,11.875,2.5955679736929738,13.375,40.0,33.8875,28.375,50.375,56.14414518156795,20.375,27.375,74.775,0.0,8.875,0.8569487803862804,6.5,19.0,0.3677083333333333,11.875,0.0,136.25
97,124,2026-01-05,1,1,2025-26,Oklahoma City Thunder,Charlotte Hornets,120.0,38.25,65.25,16.5,41.875,8.625,33.25,25.375,12.625,2.099847374847375,12.75,36.5,35.35,32.625,53.875,60.57899685193413,16.5,19.75,84.6875,0.0,9.25,0.7308455433455434,5.375,18.5,0.29128151260504204,12.625,0.0,141.0,116.875,52.125,46.25,18.5,45.75,13.5,32.25,27.625,14.75,2.3988438644688648,17.375,42.375,41.125,23.125,47.875,48.2521910240269,18.5,23.5,78.95,0.0,7.0,0.48230311355311356,4.0,18.75,0.22060075460390105,14.75,0.0,131.75
118,100,2026-01-05,1,1,2025-26,Toronto Raptors,Atlanta Hawks,111.375,36.375,58.25,16.75,46.25,13.375,32.875,28.125,12.25,2.476398172905526,12.125,38.625,31.475,29.125,55.25,52.27462198481364,16.75,19.75,84.5375,0.0,7.75,0.6640740387063916,5.375,20.625,0.2728511966834335,12.25,0.0,131.0,124.0,51.0,56.75,16.25,40.5,8.5,32.0,33.625,13.75,2.654922161172161,17.0,42.375,39.5375,28.375,51.0,55.47194417857678,16.25,22.125,72.4875,0.0,8.625,0.6589114010989011,4.0,20.0,0.20362077067669174,13.75,0.0,143.125
137,117,2026-01-05,1,1,2025-26,Portland Trail Blazers,Utah Jazz,110.25,43.125,49.5,17.625,46.125,14.0,32.125,23.875,16.5,1.620106981189605,14.375,40.25,35.1875,24.75,46.875,53.15820739123329,17.625,25.125,70.5875,0.0,6.25,0.39026189722300403,4.25,20.125,0.21572426219291543,16.5,0.0,118.75,119.875,43.125,55.25,21.5,41.5,10.875,30.625,30.625,14.875,2.1131829975579977,14.375,38.5,36.912499999999994,27.625,50.875,54.6490230245696,21.5,26.125,81.45000000000002,0.0,7.5,0.5031498015873016,3.375,20.75,0.1677409166933561,14.875,0.0,136.0
121,90,2026-01-05,1,1,2025-26,Detroit Pistons,New York Knicks,117.5,32.625,64.0,20.875,44.875,13.25,31.625,28.125,16.625,1.7830384076707606,10.875,30.75,34.887499999999996,32.0,58.5,54.83396911230422,20.875,27.0,77.4125,0.0,11.25,0.7012793578970049,7.875,23.625,0.33893185618729094,16.625,0.0,140.5,121.25,50.25,51.75,19.25,45.875,12.625,33.25,27.5,13.625,2.201910525512499,16.75,41.625,40.1375,25.875,52.125,50.03574227540716,19.25,22.75,84.4375,0.0,8.125,0.6224251534284428,3.375,21.5,0.16897218536537423,13.625,0.0,137.875
103,102,2026-01-05,1,1,2025-26,LA Clippers,Golden State Warriors,115.875,46.875,46.5,22.5,39.625,9.375,30.25,23.25,13.75,2.3779762320256874,15.625,39.125,40.1875,23.25,40.875,56.41849294845727,22.5,25.5,88.51249999999999,0.0,8.0,0.8818590325282704,6.0,19.25,0.32742665289273176,13.75,0.0,134.875,120.125,46.5,53.25,20.375,44.0,12.625,31.375,29.5,16.375,1.911926592499348,15.5,43.875,34.975,26.625,45.25,59.0253033358549,20.375,25.0,81.6,0.0,8.75,0.5644291080436592,5.125,19.5,0.2587148962148962,16.375,0.0,139.5
115,101,2026-01-05,1,1,2025-26,Boston Celtics,Chicago Bulls,123.375,49.125,56.75,17.5,45.25,11.25,34.0,24.125,12.5,2.27240728021978,16.375,42.25,38.525000000000006,28.375,47.375,59.99885431661565,17.5,21.375,82.17500000000001,0.0,7.75,0.6419490597122176,5.875,18.75,0.33371194093406037,12.5,0.0,145.125,118.125,42.375,58.0,17.75,46.625,10.125,36.5,32.0,13.125,2.560640982791718,14.125,40.375,34.9,29.0,50.125,58.120392288870555,17.75,23.625,76.60000000000001,0.0,5.5,0.4493849696055578,5.0,17.625,0.28894578664799253,13.125,0.0,140.875
124,125,2026-01-05,1,1,2025-26,Philadelphia 76ers,Denver Nuggets,117.625,40.875,56.5,20.25,42.625,12.25,30.375,23.25,13.125,2.016830757335873,13.625,38.0,35.512499999999996,28.25,54.25,51.79870664358967,20.25,24.75,81.875,0.0,9.125,0.7907879950399133,5.75,21.25,0.26591935905437053,13.125,0.0,130.375,123.125,46.125,56.5,20.5,40.875,8.75,32.125,29.375,12.375,2.4636261512180626,15.375,37.875,39.825,28.25,51.375,54.87643542916858,20.5,24.25,85.5,0.0,6.125,0.521185197563874,4.125,19.0,0.219883070982016,12.375,0.0,141.875
100,97,2026-01-05,1,1,2025-26,Houston Rockets,Phoenix Suns,116.625,37.5,63.75,15.375,47.625,14.5,33.125,25.5,15.25,1.7641333253949352,12.5,32.375,38.525,31.875,55.875,56.880175641968094,15.375,20.25,76.075,0.0,8.375,0.6072108178629076,6.375,17.875,0.37341041311629547,15.25,0.0,140.5,118.875,41.625,59.25,18.0,46.625,14.625,32.0,25.25,14.375,1.81109214519141,13.875,37.875,36.3125,29.625,53.875,55.720690407676706,18.0,22.375,81.07499999999999,0.0,9.0,0.6641193977591036,4.625,22.25,0.20970640671727628,14.375,0.0,137.375
103,111,2026-01-06,1,1,2025-26,New Orleans Pelicans,Los Angeles Lakers,114.625,31.125,63.25,20.25,44.375,13.25,31.125,24.25,14.625,1.7670673076923076,10.375,32.0,32.0375,31.625,61.5,51.43055555555555,20.25,25.875,78.8125,0.0,8.375,0.5970352564102563,6.0,18.875,0.3209280303030303,14.625,0.0,125.875,114.25,33.75,59.5,21.0,39.375,10.125,29.25,24.75,14.875,1.9288372167048637,11.25,36.125,31.525000000000002,29.75,47.25,63.16746433408873,21.0,27.875,74.1125,0.0,8.125,0.5813068977591036,3.875,21.375,0.19471031679379575,14.875,0.0,126.25
122,94,2026-01-06,1,1,2025-26,Minnesota Timberwolves,Miami Heat,120.875,39.375,62.75,18.75,44.0,10.875,33.125,27.5,12.0,2.662188852813853,13.125,40.0,33.2125,31.375,51.625,60.25857783987718,18.75,24.875,75.26249999999999,0.0,9.625,0.9050257034632034,6.5,18.125,0.38057598039215684,12.0,0.0,143.25,123.625,43.5,61.5,18.625,45.125,13.125,32.0,28.5,14.625,2.165794457735247,14.5,37.25,38.375,30.75,58.5,52.29914523673651,18.625,22.125,85.01249999999999,0.0,12.0,0.861156798245614,3.5,17.5,0.20922927584111795,14.625,0.0,144.125
116,120,2026-01-06,1,1,2025-26,Indiana Pacers,Cleveland Cavaliers,112.0,40.5,55.0,16.5,38.0,7.75,30.25,26.75,14.375,2.046687687312687,13.5,35.75,37.7625,27.5,50.75,53.94944503435069,16.5,21.875,76.7125,0.0,7.125,0.5530355061605061,3.375,24.0,0.1424669080919081,14.375,0.0,122.0,121.125,48.0,57.25,15.875,45.75,11.5,34.25,30.5,14.75,2.1119667097608272,16.0,40.5,39.35,28.625,51.0,56.156293180969875,15.875,19.375,80.55,0.0,8.75,0.5997710622710622,5.625,19.375,0.31022408963585435,14.75,0.0,146.625
98,100,2026-01-06,1,1,2025-26,Sacramento Kings,Dallas Mavericks,107.75,31.5,57.5,18.75,42.125,12.625,29.5,24.375,14.25,1.926360883268778,10.5,31.0,33.175,28.75,57.375,50.4240201867878,18.75,24.125,79.05,0.0,8.875,0.7174200068936911,5.0,20.375,0.2526281955469935,14.25,0.0,119.375,115.125,24.75,74.75,15.625,44.5,8.5,36.0,26.0,14.875,1.8601196597520127,8.25,25.0,32.2875,37.375,65.125,57.355051400020365,15.625,20.125,78.1125,0.0,6.75,0.4820019645387293,5.625,15.75,0.36327501993620415,14.875,0.0,134.125
106,105,2026-01-06,1,1,2025-26,Memphis Grizzlies,San Antonio Spurs,121.25,41.25,60.75,19.25,44.0,10.875,33.125,30.25,15.75,2.0651386732229122,13.75,38.5,35.55,30.375,54.875,55.41848231047002,19.25,24.75,77.8125,0.0,8.625,0.5849961180124224,5.75,20.125,0.31186871835420027,15.75,0.0,139.375,119.125,35.25,61.25,22.625,48.375,12.5,35.875,25.75,11.5,2.515608003108003,11.75,37.0,32.0875,30.625,54.75,56.37585374777026,22.625,28.125,80.4875,0.0,6.5,0.639481351981352,4.125,17.625,0.22798420619628051,11.5,0.0,137.5
120,112,2026-01-06,1,1,2025-26,Washington Wizards,Orlando Magic,115.625,37.125,61.5,17.0,45.625,11.375,34.25,23.875,13.5,2.209143953634085,12.375,35.25,35.4,30.75,56.5,54.48773366974146,17.0,20.75,81.88749999999999,0.0,7.25,0.5900140977443609,7.875,20.875,0.3812776052449966,13.5,0.0,134.375,113.25,31.5,60.5,21.25,42.0,10.375,31.625,27.0,11.625,2.8348824238626866,10.5,30.125,33.8,30.25,58.0,52.01742733768564,21.25,27.375,78.2,0.0,7.875,0.7631246677299309,4.625,22.625,0.2089522038792634,11.625,0.0,129.625
120,113,2026-01-07,1,1,2025-26,Golden State Warriors,Milwaukee Bucks,118.0,43.875,53.25,20.875,42.875,12.0,30.875,29.25,14.625,2.2214504020231574,14.625,42.875,33.6875,26.625,46.25,57.88531245578195,20.875,25.375,82.4125,0.0,9.875,0.832286250900802,4.75,19.0,0.24671994671994674,14.625,0.0,137.75,112.5,40.5,53.5,18.5,44.625,10.0,34.625,24.25,14.375,1.8618104118104117,13.5,37.125,36.5625,26.75,48.625,54.85103785103785,18.5,23.0,80.4375,0.0,7.125,0.5388403263403263,3.875,19.625,0.20773803961383885,14.375,0.0,128.0
108,93,2026-01-07,1,1,2025-26,Detroit Pistons,Chicago Bulls,118.625,36.375,63.0,19.25,42.75,12.875,29.875,28.375,16.125,1.8346009076707608,12.125,31.125,38.6625,31.5,57.25,55.14865442698954,19.25,25.0,76.6375,0.0,10.75,0.6950293578970049,8.0,22.375,0.3805985228539576,16.125,0.0,141.875,111.75,40.875,55.25,15.625,47.25,9.5,37.75,30.0,13.25,2.373942264843,13.625,40.875,33.3,27.625,48.875,56.745392288870555,15.625,20.0,79.5125,0.0,4.625,0.374865738836327,5.125,16.625,0.3095501822523882,13.25,0.0,132.625
98,117,2026-01-07,1,1,2025-26,Memphis Grizzlies,Phoenix Suns,119.25,42.0,58.75,18.5,45.625,10.625,35.0,29.875,16.875,1.9405268719806763,14.0,39.125,35.5875,29.375,54.0,54.30241088189858,18.5,23.875,77.0625,0.0,8.625,0.560539596273292,6.5,19.625,0.36713187624893706,16.875,0.0,137.875,116.5,42.375,57.5,16.625,47.375,14.875,32.5,25.25,14.25,1.8268888484881132,14.125,38.625,36.287499999999994,28.75,53.125,54.76223998615924,16.625,20.875,80.0375,0.0,8.875,0.6627457713854773,3.875,21.0,0.17845640671727628,14.25,0.0,134.5
129,125,2026-01-07,1,1,2025-26,Oklahoma City Thunder,Utah Jazz,117.25,36.75,63.25,17.25,40.25,9.125,31.125,25.125,12.0,2.1887896825396824,12.25,36.5,34.0625,31.625,53.75,58.857616380553665,17.25,21.375,82.3125,0.0,9.25,0.8149801587301588,5.5,18.0,0.3081465919701214,12.0,0.0,134.875,118.625,42.375,56.0,20.25,40.25,10.375,29.875,30.375,15.25,2.0256829975579977,14.125,37.0,37.7875,28.0,50.75,55.35962588020154,20.25,24.5,81.75000000000001,0.0,8.0,0.5218998015873015,3.375,19.5,0.1722781217750258,15.25,0.0,135.5
107,91,2026-01-07,1,1,2025-26,San Antonio Spurs,Los Angeles Lakers,116.75,35.625,59.75,21.375,47.0,11.625,35.375,25.75,12.0,2.42275086025086,11.875,37.625,31.924999999999997,29.875,53.875,55.78061565253216,21.375,26.375,81.13749999999999,0.0,7.25,0.6823384948384948,4.0,17.5,0.22286724713195305,12.0,0.0,134.0,110.25,33.0,58.5,18.75,38.875,9.625,29.25,24.5,15.875,1.6074086452762923,11.0,35.125,31.8,29.25,47.25,62.241538408162796,18.75,25.625,72.1875,0.0,8.625,0.5479735644257703,4.375,20.125,0.22236008637904922,15.875,0.0,121.75
103,102,2026-01-07,1,1,2025-26,Portland Trail Blazers,Houston Rockets,114.625,47.625,50.5,16.5,47.0,14.625,32.375,25.25,15.875,1.7676633721670487,15.875,42.25,37.400000000000006,25.25,47.25,53.75344548647138,16.5,22.375,74.0625,0.0,6.625,0.43114535586962055,4.0,19.375,0.21288335310200635,15.875,0.0,127.375,114.75,33.75,66.0,15.0,48.125,15.25,32.875,25.0,14.875,1.7624885885528299,11.25,32.625,34.775,33.0,56.875,58.17779468958714,15.0,20.0,75.2125,0.0,8.25,0.6067996336523813,5.5,16.75,0.33477404947993183,14.875,0.0,136.5
110,114,2026-01-07,1,1,2025-26,Boston Celtics,Denver Nuggets,121.625,48.75,56.5,16.375,46.25,13.0,33.25,23.75,11.5,2.42084478021978,16.25,43.375,37.237500000000004,28.25,49.0,57.91552098328231,16.375,20.0,82.3375,0.0,7.625,0.6888240597122176,5.375,17.75,0.32653490744123737,11.5,0.0,141.625,121.875,43.875,57.25,20.75,39.25,8.5,30.75,28.0,13.375,2.2142242373424645,14.625,36.625,39.512499999999996,28.625,51.25,55.8675970453302,20.75,24.625,85.375,0.0,5.875,0.46974979086530944,4.0,19.125,0.21007914941338854,13.375,0.0,137.125
123,111,2026-01-07,1,1,2025-26,New York Knicks,LA Clippers,116.0,47.625,49.75,18.625,45.125,12.75,32.375,25.875,14.5,2.02642975628173,15.875,40.625,38.974999999999994,24.875,52.0,48.017934689838235,18.625,21.875,85.33749999999999,0.0,8.125,0.5988674611207505,3.375,20.5,0.17603100889478598,14.5,0.0,128.875,116.125,46.875,46.5,22.75,39.5,9.0,30.5,23.25,12.625,2.426467611336032,15.625,38.75,40.5875,23.25,41.375,55.779288403002724,22.75,25.375,90.1625,0.0,7.875,0.8872469635627531,6.25,19.75,0.32952749322886626,12.625,0.0,136.5
103,104,2026-01-07,1,1,2025-26,Brooklyn Nets,Orlando Magic,107.125,37.875,49.5,19.75,39.125,10.25,28.875,24.75,15.5,1.6785969512943195,12.625,37.875,33.375,24.75,44.875,55.08891064051043,19.75,24.875,78.9625,0.0,9.25,0.6256174472457368,4.375,20.375,0.23100911071499305,15.5,0.0,118.625,115.125,33.375,60.75,21.0,42.0,10.0,32.0,27.875,11.75,2.8732596168451434,11.125,30.875,35.1125,30.375,57.875,52.33169287440881,21.0,27.125,77.8875,0.0,7.875,0.7602006911217437,4.5,22.875,0.20092942955214121,11.75,0.0,132.25
96,97,2026-01-07,1,1,2025-26,Charlotte Hornets,Toronto Raptors,121.625,54.375,48.0,19.25,46.875,13.5,33.375,28.125,14.375,2.4382783882783885,18.125,41.875,43.5875,24.0,46.875,51.22094102402691,19.25,24.125,79.825,0.0,6.0,0.44361263736263745,4.0,18.75,0.22060075460390105,14.375,0.0,140.75,114.125,34.875,62.0,17.25,47.375,13.125,34.25,28.625,12.625,2.447231506238859,11.625,37.375,31.275000000000002,31.0,56.875,54.279338965945726,17.25,20.75,83.35,0.0,8.75,0.7265740387063917,5.125,20.375,0.26330258557232245,12.625,0.0,136.25
117,100,2026-01-07,1,1,2025-26,Atlanta Hawks,New Orleans Pelicans,117.75,46.875,55.5,15.375,41.875,8.75,33.125,32.25,14.375,2.4007554945054945,15.625,40.75,37.837500000000006,27.75,51.5,53.83647180781029,15.375,20.75,73.4375,0.0,9.25,0.6755780677655677,3.25,19.5,0.17457315162907266,14.375,0.0,135.75,112.625,31.875,61.75,19.0,43.5,13.25,30.25,24.25,15.0,1.7165865384615384,10.625,32.75,32.225,30.875,60.0,51.640639589169005,19.0,24.75,77.1875,0.0,8.25,0.5729967948717949,6.0,19.25,0.31846092503987244,15.0,0.0,122.625
131,110,2026-01-07,1,1,2025-26,Philadelphia 76ers,Washington Wizards,118.625,40.875,58.0,19.75,43.375,12.75,30.625,24.125,13.5,2.0281943936995086,13.625,38.5,35.05,29.0,55.0,52.52130800850335,19.75,24.5,80.425,0.0,9.375,0.7915996833516016,5.875,20.75,0.2805026923877038,13.5,0.0,132.25,116.5,37.125,60.75,18.625,45.875,11.75,34.125,24.5,14.75,1.9174772869674186,12.375,33.875,36.4,30.375,56.75,53.468502900510686,18.625,21.875,84.25,0.0,8.125,0.5650140977443608,8.25,20.875,0.39627760524499656,14.75,0.0,137.375
112,114,2026-01-08,1,1,2025-26,Charlotte Hornets,Indiana Pacers,117.125,51.75,46.25,19.125,47.625,13.375,34.25,26.875,14.125,2.388972832722833,17.25,41.375,41.9375,23.125,45.875,50.32496200304788,19.125,23.75,80.55000000000001,0.0,5.125,0.40194597069597077,4.375,18.875,0.239241105481094,14.125,0.0,135.5,114.625,41.625,56.75,16.25,37.5,7.5,30.0,28.375,14.5,2.1497096653346652,13.875,35.125,39.4125,28.375,52.375,54.21285499603651,16.25,22.0,74.8125,0.0,7.875,0.603859681984682,3.5,23.125,0.16032405094905092,14.5,0.0,126.375
131,122,2026-01-08,1,1,2025-26,Minnesota Timberwolves,Cleveland Cavaliers,123.25,39.375,64.75,19.125,46.125,10.875,35.25,27.375,12.25,2.5934388528138532,13.125,39.125,33.9,32.375,53.75,59.98113635480856,19.125,24.875,76.9,0.0,9.25,0.8529423701298701,7.0,18.75,0.39627646348394435,12.25,0.0,147.625,118.75,42.75,61.0,15.0,48.0,12.125,35.875,30.125,15.5,1.982918126764876,14.25,38.25,37.349999999999994,30.5,53.375,57.04245222072982,15.0,19.25,76.3875,0.0,8.5,0.5592852323115481,6.125,19.75,0.33033278528802823,15.5,0.0,144.875
116,114,2026-01-08,1,1,2025-26,Utah Jazz,Dallas Mavericks,120.25,41.25,58.75,20.25,42.25,11.375,30.875,30.75,16.0,1.9640758547008548,13.75,37.0,36.875,29.375,52.625,56.008976529552186,20.25,24.75,80.75,0.0,8.375,0.5272569444444445,3.875,21.0,0.1858604647291854,16.0,0.0,138.5,113.375,26.625,72.0,14.75,45.875,9.375,36.5,25.375,14.75,1.8331588754382873,8.875,26.125,33.9,36.0,65.625,54.89407035208279,14.75,20.0,74.5125,0.0,6.875,0.49139738937533056,5.125,14.5,0.35475229266347685,14.75,0.0,129.75
107,128,2026-01-09,1,1,2025-26,Washington Wizards,New Orleans Pelicans,116.625,38.25,60.75,17.625,45.0,10.875,34.125,25.375,16.75,1.6239166809068126,12.75,33.625,37.75,30.375,55.75,54.36456024818094,17.625,20.375,86.42500000000001,0.0,8.625,0.5422868250170881,8.125,20.875,0.3900276052449965,16.75,0.0,138.0,110.375,30.75,61.25,18.375,43.125,12.375,30.75,24.25,15.375,1.684514170040486,10.25,33.0,30.512500000000003,30.625,58.75,52.223803889371844,18.375,24.75,74.6875,0.0,8.625,0.5803981106612686,6.875,19.125,0.3778359250398724,15.375,0.0,120.625
116,117,2026-01-09,1,1,2025-26,Memphis Grizzlies,Oklahoma City Thunder,118.625,39.75,61.5,17.375,45.75,11.25,34.5,29.5,16.25,1.9589447463768117,13.25,38.625,34.15,30.75,55.625,55.67686975635746,17.375,22.75,74.9625,0.0,8.75,0.5795613354037268,6.125,19.25,0.34521629183335273,16.25,0.0,136.875,119.625,34.875,64.0,20.75,42.125,9.5,32.625,25.5,11.5,2.2925775613275614,11.625,37.5,31.3625,32.0,54.75,58.47161349455077,20.75,25.75,81.725,0.0,10.375,0.9324044011544012,6.75,18.5,0.3662698412698413,11.5,0.0,139.25
112,107,2026-01-09,1,1,2025-26,Phoenix Suns,New York Knicks,114.625,45.375,54.25,15.0,49.0,15.25,33.75,24.75,14.75,1.729666626265891,15.125,41.375,36.05,27.125,51.875,52.95090569634576,15.0,19.375,76.6,0.0,9.0,0.6498489459886518,3.75,20.125,0.18397111259962923,14.75,0.0,131.0,118.375,48.75,50.5,19.125,44.25,12.5,31.75,27.25,13.625,2.2177674755799757,16.25,41.0,39.6875,25.25,51.0,49.345447163109796,19.125,22.125,87.2,0.0,7.75,0.5983192155067155,3.875,20.0,0.20824389404884763,13.625,0.0,134.375
91,103,2026-01-09,1,1,2025-26,Orlando Magic,Philadelphia 76ers,114.375,31.125,63.25,20.0,44.125,11.25,32.875,28.125,12.125,2.851037394622921,10.375,30.875,32.8375,31.625,59.25,53.39243768515362,20.0,26.5,75.5,0.0,8.125,0.7602006911217437,4.375,22.625,0.19748331426392066,12.125,0.0,132.375,119.875,41.625,57.75,20.5,41.75,11.125,30.625,24.5,13.5,2.065694393699509,13.875,38.125,36.025,28.875,53.125,54.31437595634138,20.5,25.0,81.6,0.0,9.875,0.8415996833516015,6.25,20.5,0.3180901049751164,13.5,0.0,135.75
111,105,2026-01-09,1,1,2025-26,Portland Trail Blazers,Houston Rockets,114.25,48.75,48.5,17.0,46.125,14.0,32.125,25.0,15.5,1.7860457251082251,16.25,43.25,37.6375,24.25,45.75,53.45746239979062,17.0,23.125,73.69999999999999,0.0,6.375,0.42746888528138527,3.5,19.25,0.1909677686864219,15.5,0.0,125.125,112.0,30.75,66.0,15.25,49.375,16.625,32.75,23.625,14.75,1.6827266837909252,10.25,32.375,32.2875,33.0,57.75,57.458548657841106,15.25,20.625,74.4625,0.0,8.125,0.6032282050809528,6.125,17.5,0.355927895633778,14.75,0.0,132.25
101,105,2026-01-09,1,1,2025-26,Los Angeles Lakers,Milwaukee Bucks,110.625,34.125,57.75,18.75,39.125,9.125,30.0,24.5,16.625,1.54323752228164,11.375,35.25,32.7125,28.875,46.875,61.89047457837556,18.75,25.5,72.525,0.0,8.875,0.5346045804685511,4.25,20.375,0.21452800617854795,16.625,0.0,122.125,114.125,40.875,56.0,17.25,42.75,9.25,33.5,24.5,13.625,1.976393745143745,13.625,35.5,38.425,28.0,50.0,55.85058861473956,17.25,22.0,77.1,0.0,6.75,0.5284236596736597,4.0,19.625,0.21607137294717219,13.625,0.0,129.875
137,103,2026-01-09,1,1,2025-26,Golden State Warriors,Sacramento Kings,118.0,46.5,51.0,20.5,42.125,11.25,30.875,29.0,14.25,2.291642709715465,15.5,44.125,34.7625,25.5,45.0,57.20994615541564,20.5,24.625,83.2875,0.0,9.625,0.8303631739777251,4.25,18.375,0.2258866133866134,14.25,0.0,136.5,104.375,30.375,57.0,17.0,40.625,11.25,29.375,23.625,14.375,1.8454313960892907,10.125,30.875,32.1125,28.5,57.125,50.22235482118801,17.0,21.75,78.4625,0.0,9.25,0.7398559043295886,5.125,20.25,0.26036629078508877,14.375,0.0,114.5
87,110,2026-01-09,1,1,2025-26,Denver Nuggets,Atlanta Hawks,119.875,43.875,54.5,21.5,39.875,9.125,30.75,26.5,12.625,2.2642242373424653,14.625,37.0,39.1,27.25,50.875,53.238678946240206,21.5,26.375,81.2125,0.0,5.75,0.500305346420865,4.875,19.0,0.2689333160800552,12.625,0.0,133.375,117.0,48.375,53.5,15.125,43.25,9.375,33.875,31.25,15.5,2.18349358974359,16.125,41.375,38.4625,26.75,50.875,52.588437216615326,15.125,20.375,73.39999999999999,0.0,9.75,0.6592090201465202,4.0,18.875,0.21952929197994986,15.5,0.0,135.125
125,117,2026-01-09,1,1,2025-26,Boston Celtics,Toronto Raptors,121.375,49.875,55.5,16.0,46.0,13.5,32.5,23.0,11.875,2.313701923076923,16.625,43.25,38.325,27.75,49.125,56.913014717618154,16.0,20.0,79.8375,0.0,7.5,0.6628500337381916,5.625,17.625,0.34022538363171356,11.875,0.0,139.625,116.125,33.75,64.25,18.125,47.75,13.875,33.875,28.0,11.5,2.6305648395721923,11.25,37.125,30.375,32.125,57.875,55.460373448704345,18.125,22.125,81.625,0.0,8.75,0.8015740387063917,5.0,20.375,0.25672363820390137,11.5,0.0,138.5
105,121,2026-01-09,1,1,2025-26,Brooklyn Nets,LA Clippers,108.125,40.125,47.5,20.5,38.5,10.125,28.375,24.625,16.5,1.5847324824298508,13.375,38.125,34.7375,23.75,43.125,54.9868698241839,20.5,26.25,77.82499999999999,0.0,9.75,0.6237859454142349,4.5,20.5,0.2350940780352545,16.5,0.0,119.125,117.125,46.5,48.25,22.375,38.5,9.25,29.25,23.125,11.5,2.5442307692307695,15.5,38.625,40.4,24.125,43.0,55.94820732192164,22.375,25.25,88.8125,0.0,7.75,0.9221153846153846,6.125,18.875,0.3359812975766923,11.5,0.0,136.25
92,98,2026-01-10,1,1,2025-26,Detroit Pistons,LA Clippers,118.375,38.25,62.0,18.125,41.625,11.125,30.5,29.25,16.0,1.9707120187818719,12.75,31.5,40.3,31.0,55.75,55.62609534367609,18.125,23.0,78.2,0.0,10.625,0.6964182467858938,8.125,20.625,0.4207770942825291,16.0,0.0,143.625,116.25,44.25,50.5,21.5,38.875,9.25,29.625,23.5,12.25,2.4504807692307695,14.75,37.0,40.925,25.25,44.5,56.52513039884472,21.5,24.25,88.8875,0.0,8.0,0.9049278846153846,6.625,18.125,0.38658858502608506,12.25,0.0,136.75
95,100,2026-01-10,1,1,2025-26,Boston Celtics,San Antonio Spurs,124.125,51.0,57.0,16.125,44.875,13.25,31.625,24.125,11.5,2.4810096153846155,17.0,42.125,40.862500000000004,28.5,50.0,57.41415552596236,16.125,20.0,80.5,0.0,7.125,0.6426577260458839,5.5,17.125,0.3454337169650469,11.5,0.0,143.75,113.875,31.125,60.75,22.0,49.0,11.375,37.625,24.5,12.75,2.1505286380286384,10.375,36.25,28.375,30.375,55.0,55.342019161304094,22.0,26.875,82.02499999999999,0.0,7.25,0.6267829392829393,4.25,18.375,0.2252710932857992,12.75,0.0,130.75
146,134,2026-01-10,1,1,2025-26,Cleveland Cavaliers,Minnesota Timberwolves,116.375,39.375,61.25,15.75,46.625,11.5,35.125,29.0,15.5,1.8963796652264147,13.125,36.25,36.4125,30.625,53.625,56.98087586605001,15.75,20.5,75.0875,0.0,8.625,0.5689006169269327,5.625,19.25,0.3093243819266837,15.5,0.0,139.875,125.25,41.25,65.75,18.25,46.5,10.875,35.625,28.375,13.0,2.551995002546473,13.75,38.125,36.4,32.875,54.25,60.398324506665055,18.25,24.125,74.8125,0.0,8.75,0.7754022631779984,6.125,19.5,0.3331812253887062,13.0,0.0,150.375
125,107,2026-01-10,1,1,2025-26,Chicago Bulls,Dallas Mavericks,107.625,40.875,53.0,13.75,46.875,10.25,36.625,29.0,13.375,2.299034176607706,13.625,40.25,33.9125,26.5,49.0,54.47307733966881,13.75,17.625,78.475,0.0,4.75,0.38038044471868,5.5,16.25,0.3414946266968326,13.375,0.0,127.375,113.5,28.5,70.25,14.75,44.625,8.25,36.375,25.5,15.25,1.7984950098920687,9.5,26.5,35.324999999999996,35.125,62.875,55.95400136674218,14.75,19.0,78.5375,0.0,6.25,0.44903044259661906,4.75,13.75,0.3410883250521408,15.25,0.0,130.375
123,99,2026-01-10,1,1,2025-26,Indiana Pacers,Miami Heat,117.125,43.125,57.75,16.25,37.625,7.875,29.75,29.0,15.5,2.097626332001332,14.375,34.625,41.7375,28.875,53.0,54.553764086945606,16.25,20.5,79.1375,0.0,8.125,0.5871930153180153,3.875,23.875,0.17024468586968583,15.5,0.0,131.625,119.75,41.625,61.25,16.875,45.75,13.0,32.75,28.75,15.5,2.0647843567251463,13.875,37.5,36.35,30.625,59.625,51.243029221604104,16.875,19.75,85.1,0.0,12.0,0.8390608386496544,3.875,18.25,0.22530070441254652,15.5,0.0,139.125
95,150,2026-01-10,1,1,2025-26,Utah Jazz,Charlotte Hornets,118.75,40.125,61.25,17.375,42.5,11.125,31.375,31.125,15.5,2.1296741452991452,13.375,36.5,36.3875,30.625,53.75,57.212680233255895,17.375,22.0,77.67500000000001,0.0,8.625,0.5934962606837606,4.0,19.75,0.20804661191533258,15.5,0.0,138.625,115.375,50.25,46.5,18.625,45.625,12.625,33.0,26.125,15.625,1.72720812684048,16.75,40.625,41.4875,23.25,45.75,50.77485126107667,18.625,23.375,79.73750000000001,0.0,5.75,0.3857695001077355,4.0,19.625,0.20941156002654857,15.625,0.0,130.125
124,112,2026-01-11,1,1,2025-26,Oklahoma City Thunder,Miami Heat,121.5,34.125,66.0,21.375,40.625,8.75,31.875,25.625,11.375,2.381863275613276,11.375,36.625,31.275,33.0,55.125,59.96943484531331,21.375,26.125,83.05,0.0,10.625,0.9949044011544012,7.0,19.0,0.3700577200577201,11.375,0.0,141.875,120.75,40.125,63.0,17.625,47.125,13.125,34.0,28.625,15.625,2.0516264619883042,13.375,37.5,34.675,31.5,60.875,51.68502674021452,17.625,20.875,84.3875,0.0,11.25,0.7952011895268474,4.375,18.25,0.2530784821903243,15.625,0.0,139.75
111,98,2026-01-11,1,1,2025-26,Sacramento Kings,Houston Rockets,101.375,28.875,58.25,14.25,39.25,10.125,29.125,23.25,14.375,1.8165852422431368,9.625,30.125,31.1875,29.125,57.125,51.28167685508632,14.25,18.75,77.2625,0.0,8.5,0.6821635966372809,5.25,19.0,0.28536629078508874,14.375,0.0,110.25,111.625,31.125,65.0,15.5,51.125,17.5,33.625,23.125,14.75,1.6442651453293866,10.375,34.125,31.375,32.5,57.25,57.08080140509386,15.5,21.375,73.25,0.0,8.5,0.6320743589271065,6.375,17.125,0.3772514250455427,14.75,0.0,131.625
116,115,2026-01-11,1,1,2025-26,Toronto Raptors,Philadelphia 76ers,116.75,35.25,64.25,17.25,45.375,13.125,32.25,29.25,10.25,3.1137581168831163,11.75,38.25,30.5625,32.125,57.5,55.929123448704345,17.25,21.125,81.7625,0.0,8.125,0.8383387445887446,5.125,20.25,0.2654955680284628,10.25,0.0,138.625,119.5,40.5,60.0,19.0,42.875,12.125,30.75,25.125,13.0,2.1477079683601423,13.5,38.25,34.575,30.0,54.75,54.82570818409152,19.0,23.25,81.6875,0.0,9.875,0.86874900461857,6.375,19.75,0.3315516434366549,13.0,0.0,137.0
103,98,2026-01-11,1,1,2025-26,Memphis Grizzlies,Brooklyn Nets,116.0,37.875,60.75,17.375,47.125,12.125,35.0,28.75,16.5,1.8746310208866155,12.625,38.125,33.1375,30.375,56.125,54.13679058762911,17.375,22.125,76.75,0.0,8.0,0.5256397667762757,5.625,19.625,0.3209688001945567,16.5,0.0,133.0,109.25,40.5,48.5,20.25,37.375,11.75,25.625,24.25,15.25,1.690793088490457,13.5,39.625,33.725,24.25,44.75,54.32059623927824,20.25,25.625,79.8125,0.0,10.375,0.7090132181415076,4.5,20.625,0.23346009110714994,15.25,0.0,118.5
114,123,2026-01-11,1,1,2025-26,Portland Trail Blazers,New York Knicks,115.25,48.75,48.75,17.75,46.125,14.125,32.0,25.375,15.25,1.8443790584415585,16.25,43.875,37.0625,24.375,46.25,53.1932347575142,17.75,23.25,76.5875,0.0,6.75,0.4640073468198468,3.625,18.875,0.2005265922158337,15.25,0.0,126.875,116.0,46.875,50.0,19.125,45.125,13.0,32.125,26.5,14.25,2.101314484126984,15.625,40.625,38.6,25.0,49.875,49.99788618750004,19.125,22.0,87.6625,0.0,7.0,0.5326140873015873,3.5,20.75,0.18426691195166092,14.25,0.0,131.125
111,124,2026-01-11,1,1,2025-26,Golden State Warriors,Atlanta Hawks,119.375,48.375,51.75,19.25,41.125,11.375,29.75,29.75,14.25,2.3598245278972834,16.125,43.5,36.5375,25.875,45.125,57.80688493092585,19.25,23.125,84.25,0.0,9.0,0.7735449921595433,4.5,17.25,0.2608516483516483,14.25,0.0,139.0,116.875,49.875,54.0,13.0,43.0,9.25,33.75,31.875,13.625,2.6745650183150182,16.625,42.25,38.95,27.0,51.125,52.79852125022877,13.0,18.25,68.33749999999999,0.0,10.75,0.9151614010989011,4.125,19.0,0.2245844390387734,13.625,0.0,138.0
128,118,2026-01-11,1,1,2025-26,Orlando Magic,New Orleans Pelicans,112.625,28.5,64.75,19.375,44.125,10.625,33.5,28.0,13.375,2.683639733804207,9.5,30.125,30.6375,32.375,59.375,54.568650426240694,19.375,25.875,75.0375,0.0,7.875,0.6958732057416267,4.75,21.75,0.2319277587083651,13.375,0.0,129.875,112.875,33.0,62.75,17.125,44.75,12.125,32.625,25.25,16.25,1.6527159244264507,11.0,34.125,32.0625,31.375,58.5,53.674493454815504,17.125,22.5,75.0625,0.0,8.875,0.5551788124156545,7.125,19.125,0.3891995614035088,16.25,0.0,127.0
104,103,2026-01-11,1,1,2025-26,Minnesota Timberwolves,San Antonio Spurs,124.75,42.75,64.75,17.25,45.625,10.875,34.75,28.375,13.125,2.5358491692131397,14.25,36.5,39.3125,32.375,54.0,59.8110512387495,17.25,22.875,74.8125,0.0,8.5,0.7545689298446652,5.5,18.5,0.323678301412098,13.125,0.0,150.125,111.75,30.75,59.25,21.75,49.5,11.625,37.875,24.75,12.125,2.301970945720946,10.25,38.125,26.475,29.625,54.5,54.47749153207058,21.75,26.75,81.25,0.0,7.5,0.6760617854367854,4.25,18.0,0.23248263174733763,12.125,0.0,127.875
108,104,2026-01-11,1,1,2025-26,Denver Nuggets,Milwaukee Bucks,113.0,40.875,52.25,19.875,39.75,8.25,31.5,25.375,12.875,2.1810199029771398,13.625,35.625,37.875,26.125,48.625,53.141696187619516,19.875,24.875,79.8875,0.0,5.75,0.4956613835725678,4.5,18.125,0.2569383665851057,12.875,0.0,126.0,113.375,41.625,54.5,17.25,42.25,9.875,32.375,24.875,13.875,1.978844725535902,13.875,36.0,38.675,27.25,49.125,55.380503144654085,17.25,21.75,77.91250000000001,0.0,7.25,0.5519530714383656,3.5,18.375,0.205855026793326,13.875,0.0,128.875
112,93,2026-01-11,1,1,2025-26,Phoenix Suns,Washington Wizards,114.25,48.375,50.75,15.125,47.125,14.375,32.75,24.375,13.75,1.8366110707103354,16.125,41.625,38.3125,25.375,50.875,50.52272512179035,15.125,19.125,77.975,0.0,8.375,0.6373489459886519,3.75,19.375,0.18926211789063452,13.75,0.0,129.125,112.75,36.75,57.5,18.5,44.25,11.5,32.75,25.125,17.375,1.5496685606060607,12.25,33.875,35.9875,28.75,55.0,52.20938783438784,18.5,22.25,84.35,0.0,8.875,0.5366477272727272,8.25,20.875,0.3954623878536922,17.375,0.0,130.25
124,112,2026-01-12,1,1,2025-26,Sacramento Kings,Los Angeles Lakers,101.125,25.5,60.25,15.375,38.625,10.625,28.0,22.375,14.25,1.7654488786067732,8.5,28.25,29.95,30.125,57.375,52.59629361087954,15.375,20.25,77.2625,0.0,7.0,0.5503454148190992,4.5,19.875,0.2327147756335736,14.25,0.0,107.5,109.75,35.25,57.0,17.5,40.0,9.25,30.75,25.25,16.125,1.6507035856300563,11.75,35.75,33.2375,28.5,47.625,60.45726493088021,17.5,23.625,71.9,0.0,9.125,0.5696724537717185,3.75,20.125,0.19180073345127524,16.125,0.0,122.5
98,96,2026-01-12,1,1,2025-26,Indiana Pacers,Boston Celtics,117.25,42.75,58.0,16.5,40.0,8.0,32.0,30.0,16.0,2.0956422050172048,14.25,34.125,41.9375,29.0,54.625,53.15050738196476,16.5,20.75,79.3625,0.0,9.0,0.6238993645243646,4.0,23.25,0.1785909591616113,16.0,0.0,134.5,118.5,49.5,55.75,13.25,46.0,12.875,33.125,23.625,11.0,2.523866758241758,16.5,42.75,39.0,27.875,50.625,55.355945878467,13.25,16.25,80.3125,0.0,6.75,0.6337291546173125,5.75,16.625,0.36311048464181456,11.0,0.0,137.625
102,115,2026-01-12,1,1,2025-26,Toronto Raptors,Philadelphia 76ers,116.625,32.625,66.25,17.75,47.25,14.375,32.875,29.625,10.75,3.0599702380952376,10.875,37.75,28.35,33.125,59.5,55.90351525408206,17.75,22.625,79.4875,0.0,8.625,0.8413690476190476,5.25,21.75,0.25321878231417705,10.75,0.0,138.5,121.125,39.375,62.25,19.5,42.625,12.0,30.625,23.75,14.625,1.9046524128045867,13.125,37.25,34.275,31.125,55.375,56.26167805226477,19.5,24.125,80.825,0.0,10.125,0.8226631460327112,7.25,20.875,0.35396543654010315,14.625,0.0,137.25
113,105,2026-01-12,1,1,2025-26,Dallas Mavericks,Brooklyn Nets,110.5,29.25,66.25,15.0,45.375,8.0,37.375,24.375,15.625,1.635345659242718,9.75,27.5,34.875,33.125,61.625,53.80302734076815,15.0,20.25,74.875,0.0,6.0,0.40925771532389177,5.25,13.875,0.3779472994111152,15.625,0.0,124.375,107.25,40.875,48.5,17.875,37.875,11.875,26.0,24.375,14.125,1.8453983516483516,13.625,40.0,33.6875,24.25,45.125,53.86451515819715,17.875,23.5,75.8375,0.0,10.625,0.7813816391941393,5.0,19.625,0.26757773816597347,14.125,0.0,118.125
112,123,2026-01-12,1,1,2025-26,Cleveland Cavaliers,Utah Jazz,119.125,39.375,63.75,16.0,44.875,11.375,33.5,30.0,15.0,2.1035225223692717,13.125,35.875,36.95,31.875,54.75,57.96605871598696,16.0,20.75,75.2625,0.0,9.0,0.6314006169269327,5.875,18.75,0.3232132708155726,15.0,0.0,143.5,114.25,36.0,62.0,16.25,41.125,10.875,30.25,29.5,15.125,2.069951923076923,12.0,35.625,33.2875,31.0,54.375,57.32232935606291,16.25,21.375,75.175,0.0,7.875,0.5601629273504274,3.25,19.875,0.16995137382009448,15.125,0.0,128.75
117,109,2026-01-12,1,1,2025-26,LA Clippers,Charlotte Hornets,113.625,40.875,51.75,21.0,39.5,9.75,29.75,23.0,13.375,2.3451486013986016,13.625,35.875,39.1125,25.875,46.0,56.15717413307516,21.0,24.875,85.875,0.0,9.5,0.9495083041958042,6.75,18.0,0.39598400986268634,13.375,0.0,132.75,119.125,52.125,48.25,18.75,47.125,13.25,33.875,27.625,15.375,1.8720799217122748,17.375,43.125,40.4875,24.125,45.0,53.676636975362385,18.75,23.0,81.25,0.0,6.625,0.4569233462615816,3.875,19.5,0.20466009803824448,15.375,0.0,138.125
116,122,2026-01-13,1,1,2025-26,New Orleans Pelicans,Denver Nuggets,113.375,34.875,63.5,15.0,42.625,11.0,31.625,26.625,16.625,1.7098072705802967,11.625,34.0,34.625,31.75,57.75,55.040234195556245,15.0,20.25,74.07499999999999,0.0,8.5,0.5119095816464238,7.375,19.5,0.3944268341307815,16.625,0.0,128.25,110.75,42.0,49.25,19.5,39.25,7.625,31.625,24.875,12.0,2.2895268474215844,14.0,36.375,38.1375,24.625,48.0,50.952931005433285,19.5,25.0,78.3125,0.0,5.75,0.5260433280170123,4.75,17.125,0.2823006854256854,12.0,0.0,122.125
119,97,2026-01-13,1,1,2025-26,Golden State Warriors,Portland Trail Blazers,117.375,46.125,53.0,18.25,41.875,11.0,30.875,30.125,13.625,2.4297650040877596,15.375,43.25,34.9625,26.5,44.625,59.64983364887457,18.25,22.25,83.2125,0.0,8.5,0.7590360635881147,3.875,17.375,0.22841117216117215,13.625,0.0,138.125,115.25,46.5,49.75,19.0,45.0,13.0,32.0,25.125,14.625,1.8818790584415583,15.5,42.375,36.5,24.875,47.125,53.07627569318671,19.0,23.75,80.44999999999999,0.0,7.0,0.49525734681984684,4.125,17.5,0.28111869747899154,14.625,0.0,128.0
119,113,2026-01-13,1,1,2025-26,Houston Rockets,Chicago Bulls,109.0,30.75,62.25,16.0,50.625,17.75,32.875,23.0,14.375,1.6779189914832329,10.25,34.875,30.125,31.125,55.75,56.21800679229925,16.0,22.625,71.575,0.0,7.75,0.592410897388645,6.25,17.5,0.358621617353235,14.375,0.0,126.375,109.625,41.25,55.75,12.625,46.875,10.125,36.75,29.0,13.875,2.218305009941039,13.75,40.875,33.725,27.875,49.75,56.38484204555117,12.625,16.0,79.3875,0.0,5.625,0.42725544471868,5.625,16.5,0.34357796003016594,13.875,0.0,130.5
141,116,2026-01-13,1,1,2025-26,Los Angeles Lakers,Atlanta Hawks,111.75,34.125,58.25,19.375,41.75,9.875,31.875,25.5,15.375,1.7647660856300562,11.375,36.5,31.425,29.125,47.75,61.60420642024191,19.375,25.75,73.775,0.0,9.375,0.6274849537717184,3.375,19.125,0.18281380534670008,15.375,0.0,126.25,116.75,49.125,55.25,12.375,44.125,9.5,34.625,31.875,13.25,2.7891483516483517,16.375,41.75,38.825,27.625,52.25,52.77875840437896,12.375,18.0,66.64999999999999,0.0,11.125,0.9776614010989011,4.25,19.125,0.22964396284829722,13.25,0.0,139.25
127,121,2026-01-13,1,1,2025-26,Miami Heat,Phoenix Suns,119.0,42.375,60.25,16.375,45.25,12.125,33.125,29.375,17.0,1.9397605199593186,14.125,37.0,37.4875,30.125,58.625,51.44973262256746,16.375,20.25,79.3125,0.0,10.625,0.6982808996717749,4.625,19.25,0.2582868155236576,17.0,0.0,136.625,112.875,47.25,50.25,15.375,46.625,13.5,33.125,25.125,13.625,1.8954346001221,15.75,42.625,36.7125,25.125,49.5,51.421734596381214,15.375,19.125,79.28750000000001,0.0,8.875,0.6718158577533577,4.25,18.875,0.21901040164349495,13.625,0.0,129.125
106,139,2026-01-13,1,1,2025-26,Milwaukee Bucks,Minnesota Timberwolves,113.375,41.625,55.0,16.75,41.75,9.25,32.5,26.25,12.5,2.206117452808629,13.875,35.375,39.3375,27.5,49.875,55.15174497471945,16.75,21.25,77.28750000000001,0.0,6.5,0.5462712532565474,4.0,17.625,0.23532871100385236,12.5,0.0,131.0,124.375,42.375,65.5,16.5,47.625,11.125,36.5,27.875,12.875,2.5484754318394023,14.125,37.5,37.925000000000004,32.75,53.875,60.65946752834226,16.5,22.5,72.8875,0.0,8.625,0.7886598389355742,6.25,18.375,0.3634809329910454,12.875,0.0,151.375
119,98,2026-01-13,1,1,2025-26,Oklahoma City Thunder,San Antonio Spurs,120.875,34.125,65.25,21.5,42.0,9.375,32.625,25.125,11.25,2.3619456931956933,11.375,37.375,30.487499999999997,32.625,55.125,59.33384162497432,21.5,26.5,82.475,0.0,10.625,1.0031461593961595,6.875,19.0,0.3631132756132756,11.25,0.0,140.75,110.375,31.875,56.25,22.25,49.875,11.0,38.875,23.375,12.375,2.159113802863803,10.625,37.375,27.9125,28.125,53.875,52.22749153207058,22.25,27.25,81.5375,0.0,7.5,0.6671332140082139,3.5,18.0,0.19839172265642854,12.375,0.0,124.75
107,133,2026-01-14,1,1,2025-26,Philadelphia 76ers,Cleveland Cavaliers,122.5,39.0,63.5,20.0,42.375,11.0,31.375,23.875,13.75,1.962396978021978,13.0,36.375,34.887499999999996,31.75,55.125,58.20246752594898,20.0,24.375,82.1125,0.0,10.0,0.826739232989233,6.875,21.125,0.3359730122976789,13.75,0.0,140.75,120.625,41.625,62.25,16.75,43.375,10.25,33.125,31.25,14.875,2.206498712845462,13.875,36.5,38.31250000000001,31.125,53.625,57.59841165716343,16.75,21.0,79.8125,0.0,9.0,0.6373529978793138,5.875,19.25,0.31268695502609894,14.875,0.0,145.875
112,101,2026-01-14,1,1,2025-26,Sacramento Kings,New York Knicks,104.0,28.875,60.0,15.125,37.75,10.125,27.625,22.25,13.75,1.7992208084313346,9.625,27.875,34.675,30.0,57.625,52.10852906061499,15.125,19.625,78.53750000000001,0.0,6.375,0.5279769937664675,4.625,19.625,0.24174255341135137,13.75,0.0,110.875,115.375,47.625,51.25,16.5,43.875,12.25,31.625,27.125,14.0,2.193576388888889,15.875,41.0,38.8625,25.625,50.0,51.050135824655335,16.5,19.0,86.4875,0.0,7.25,0.5668402777777777,3.875,19.875,0.21287802306277204,14.0,0.0,131.5
101,115,2026-01-14,1,1,2025-26,Indiana Pacers,Toronto Raptors,115.0,44.25,55.25,15.5,39.375,6.75,32.625,29.875,14.25,2.253494769119769,14.75,34.0,43.3875,27.625,53.625,51.54025593128778,15.5,19.5,78.325,0.0,9.25,0.6783865440115441,3.75,21.375,0.20375329682394897,14.25,0.0,133.75,111.75,30.0,63.25,18.5,45.125,14.0,31.125,28.25,10.0,3.1294146825396827,10.0,37.125,26.5,31.625,57.875,55.04455803483072,18.5,23.5,79.375,0.0,8.25,0.8552579365079366,5.25,20.875,0.25676129243563456,10.0,0.0,130.25
119,105,2026-01-14,1,1,2025-26,LA Clippers,Washington Wizards,114.25,42.375,52.25,19.625,39.75,9.875,29.875,23.5,12.5,2.7076486013986014,14.125,37.75,38.55,26.125,46.25,56.440781620312826,19.625,23.875,83.925,0.0,8.875,0.9995083041958043,6.0,16.625,0.3671378560165325,12.5,0.0,131.875,109.875,36.375,55.75,17.75,43.625,11.125,32.5,24.625,17.875,1.4981811464184176,12.125,33.5,35.875,27.875,53.75,51.79677960927961,17.75,21.375,84.85,0.0,8.875,0.5263502444351986,7.625,20.25,0.3787213164251208,17.875,0.0,125.875
109,118,2026-01-14,1,1,2025-26,Dallas Mavericks,Denver Nuggets,110.125,33.375,62.0,14.75,44.875,8.75,36.125,25.625,16.0,1.6808002046972637,11.125,30.0,36.8125,31.0,58.625,53.165772438807366,14.75,19.625,75.9125,0.0,6.5,0.43279667636285285,5.0,13.875,0.3623222994111152,16.0,0.0,124.75,110.625,43.125,47.0,20.5,38.75,7.5,31.25,24.25,11.625,2.355598275993013,14.375,36.875,38.7,23.5,46.875,50.082065417818924,20.5,26.25,78.25,0.0,6.125,0.606400470874155,4.625,17.25,0.2755366161616162,11.625,0.0,121.125
128,126,2026-01-14,1,1,2025-26,Chicago Bulls,Utah Jazz,110.875,40.875,56.5,13.5,45.375,9.875,35.5,28.5,12.875,2.4135431051791345,13.625,40.75,33.5,28.25,50.0,56.835400259267274,13.5,16.875,80.3375,0.0,5.625,0.47487449233772766,5.75,16.625,0.34942591324654015,12.875,0.0,131.0,113.75,36.375,60.5,16.875,42.75,11.0,31.75,29.25,15.5,2.0148532388663964,12.125,36.125,33.0375,30.25,53.875,56.261252751508046,16.875,21.625,76.72500000000001,0.0,7.625,0.5359030589293747,3.25,19.25,0.17934987006069597,15.5,0.0,128.75
116,113,2026-01-14,1,1,2025-26,New Orleans Pelicans,Brooklyn Nets,112.25,33.75,63.0,15.5,42.75,11.0,31.75,25.875,17.0,1.603557270580297,11.25,33.125,34.5,31.5,57.375,54.93058507274923,15.5,20.75,74.3125,0.0,8.5,0.4994095816464238,6.875,20.125,0.35276016746411487,17.0,0.0,126.25,105.0,40.125,47.25,17.625,38.375,12.375,26.0,23.25,14.25,1.7645159987071752,13.375,39.625,33.2875,23.625,45.75,51.574394564505134,17.625,23.375,75.1875,0.0,10.25,0.7556463450764922,5.75,19.375,0.3062141018023371,14.25,0.0,114.25
119,101,2026-01-15,1,1,2025-26,San Antonio Spurs,Milwaukee Bucks,110.0,34.125,55.25,20.625,48.625,11.25,37.375,23.375,11.625,2.2320304695304696,11.375,38.125,29.475,27.625,53.375,51.68662614745519,20.625,25.75,79.975,0.0,7.125,0.6601887695637696,3.625,19.0,0.19868584030348738,11.625,0.0,123.5,112.625,41.625,55.25,15.75,39.875,9.0,30.875,27.125,13.5,2.1582007861419625,13.875,35.375,39.3375,27.625,49.75,55.54460211757659,15.75,20.625,74.625,0.0,6.5,0.4962712532565473,4.125,17.375,0.24760549671813803,13.5,0.0,128.25
117,101,2026-01-15,1,1,2025-26,Portland Trail Blazers,Atlanta Hawks,111.75,45.75,47.75,18.25,44.625,11.875,32.75,24.25,15.375,1.784577922077922,15.25,43.125,35.349999999999994,23.875,44.625,54.01873601064703,18.25,23.125,78.875,0.0,7.5,0.5115925740925741,4.125,16.5,0.28893119747899154,15.375,0.0,123.375,115.125,44.625,58.0,12.5,43.375,9.75,33.625,31.625,12.0,3.1641483516483517,14.875,40.75,36.574999999999996,29.0,53.625,54.08151464899567,12.5,18.125,66.85,0.0,11.125,1.1208905677655678,3.875,19.5,0.21007874545699287,12.0,0.0,137.0
114,119,2026-01-15,1,1,2025-26,Miami Heat,Boston Celtics,117.125,42.75,58.25,16.125,44.25,11.125,33.125,28.75,17.125,1.8564271866259854,14.25,37.875,36.925,29.125,55.875,52.479216053366684,16.125,20.375,77.6375,0.0,9.5,0.5884324148232901,4.25,20.125,0.22798378522062732,17.125,0.0,132.125,117.0,48.0,56.75,12.25,46.875,12.625,34.25,24.0,10.125,2.6280334249084247,16.0,41.625,38.525,28.375,51.375,55.48641556935418,12.25,15.0,80.175,0.0,6.25,0.6419528388278388,5.25,14.625,0.35379371445547914,10.125,0.0,137.875
108,105,2026-01-15,1,1,2025-26,Detroit Pistons,Phoenix Suns,112.875,36.0,59.0,17.875,42.25,11.125,31.125,27.125,17.25,1.7590453521152052,12.0,31.875,37.6875,29.5,53.875,54.79524216907292,17.875,22.625,78.275,0.0,11.75,0.7114182467858938,8.75,21.0,0.4397988334129639,17.25,0.0,136.5,113.625,46.125,51.75,15.75,46.25,13.25,33.0,24.75,14.0,1.7944730616605615,15.375,43.625,35.05,25.875,48.625,53.44814625394042,15.75,19.375,80.05000000000001,0.0,9.125,0.6679697039072039,4.0,19.875,0.19790650553959882,14.0,0.0,129.125
91,111,2026-01-15,1,1,2025-26,Houston Rockets,Oklahoma City Thunder,109.25,27.375,65.0,16.875,50.5,17.0,33.5,22.625,13.375,1.8127229130518603,9.125,33.5,28.0625,32.5,57.125,57.27195726399736,16.875,23.625,72.1375,0.0,6.875,0.5736200477154425,5.375,18.0,0.29215336338498105,13.375,0.0,125.5,118.25,33.75,62.75,21.75,41.25,8.75,32.5,25.0,10.875,2.4163288100788103,11.25,37.125,30.3875,31.375,53.25,59.16672932550909,21.75,27.0,81.625,0.0,10.375,1.002334471084471,7.375,19.625,0.37428477319781667,10.875,0.0,138.375
126,113,2026-01-15,1,1,2025-26,Golden State Warriors,New York Knicks,117.25,51.0,50.0,16.25,41.125,10.75,30.375,31.125,13.625,2.501193575516331,17.0,46.25,36.225,25.0,43.125,58.26489046705639,16.25,19.625,84.45,0.0,9.125,0.8036789207309718,3.875,16.5,0.24329212454212454,13.625,0.0,138.125,111.75,43.125,52.5,16.125,44.25,13.0,31.25,25.625,14.0,2.0269097222222223,14.375,40.625,35.6125,26.25,51.0,51.245383415216985,16.125,19.5,82.8,0.0,7.625,0.6085069444444444,4.125,20.5,0.21781223358908783,14.0,0.0,125.0
144,122,2026-01-15,1,1,2025-26,Dallas Mavericks,Utah Jazz,110.375,30.375,64.25,15.75,44.375,9.0,35.375,24.75,14.125,1.8772287761258348,10.125,30.875,32.637499999999996,32.125,58.5,55.167891082875165,15.75,21.25,75.5,0.0,6.5,0.5220823906485671,4.375,15.0,0.2901632085020243,14.125,0.0,123.625,114.625,33.375,64.0,17.25,42.25,10.875,31.375,29.125,15.5,2.0052378542510123,11.125,34.375,31.85,32.0,55.5,57.7219807208567,17.25,21.875,77.3375,0.0,8.25,0.5839799820062979,3.125,19.625,0.1697910465312842,15.5,0.0,130.5
117,135,2026-01-15,1,1,2025-26,Los Angeles Lakers,Charlotte Hornets,113.75,35.625,57.5,20.625,42.5,10.125,32.375,26.875,15.375,1.8507035856300562,11.875,36.0,33.474999999999994,28.75,47.5,61.15902834901341,20.625,27.25,73.5,0.0,7.875,0.5337349537717184,3.25,18.875,0.17855683940242764,15.375,0.0,129.375,118.625,49.5,50.75,18.375,47.375,12.375,35.0,27.125,15.0,1.9028491524815054,16.5,41.5,39.65,25.375,46.0,55.05961569876665,18.375,22.625,80.8125,0.0,6.375,0.4463464231846585,4.0,19.0,0.21621471988698399,15.0,0.0,138.625
110,105,2026-01-16,1,1,2025-26,Houston Rockets,Minnesota Timberwolves,104.875,26.25,62.25,16.375,51.75,18.125,33.625,22.125,13.0,1.8073775183150182,8.75,33.125,27.0875,31.125,60.125,52.94160012114021,16.375,22.75,73.0625,0.0,7.625,0.6254292582417582,5.5,17.375,0.32095238299282414,13.0,0.0,119.125,124.75,45.0,64.75,15.0,47.375,11.375,36.0,28.5,14.25,2.0375379318394025,15.0,38.125,39.4125,32.375,52.875,61.15084683868709,15.0,20.875,70.675,0.0,8.625,0.6339723389355743,5.375,18.875,0.2853559329910454,14.25,0.0,150.875
112,109,2026-01-16,1,1,2025-26,Brooklyn Nets,Chicago Bulls,105.75,39.375,50.0,16.375,39.5,12.5,27.0,23.5,13.75,1.8539099381011146,13.125,39.75,32.575,25.0,47.5,52.62449577908003,16.375,22.0,73.2375,0.0,9.375,0.7064039208340679,5.75,18.625,0.31282785841609373,13.75,0.0,115.375,114.25,42.375,57.75,14.125,45.5,10.25,35.25,29.875,12.375,2.5758734219212163,14.125,41.375,34.1625,28.875,49.25,58.80664330193889,14.125,17.75,79.75,0.0,6.5,0.5489695149621621,5.5,16.875,0.3308500618533513,12.375,0.0,138.0
127,119,2026-01-16,1,1,2025-26,Indiana Pacers,New Orleans Pelicans,112.75,42.0,54.0,16.75,41.5,7.625,33.875,29.375,14.5,2.132282647907648,14.0,35.0,40.35,27.0,52.375,51.48764650367835,16.75,20.875,79.475,0.0,8.5,0.5799016955266956,4.25,21.25,0.2283745089451611,14.5,0.0,131.375,112.0,33.375,63.5,15.125,43.625,11.75,31.875,25.75,16.875,1.6243906039136302,11.125,32.5,34.7125,31.75,57.875,54.93058507274923,15.125,20.5,73.625,0.0,8.625,0.5188540260908682,6.625,18.5,0.3854306220095694,16.875,0.0,126.875
115,117,2026-01-16,1,1,2025-26,Philadelphia 76ers,Cleveland Cavaliers,118.5,37.875,60.5,20.125,42.5,10.625,31.875,22.5,14.125,1.7332303113553114,12.625,36.5,33.9125,30.25,52.25,58.20246752594898,20.125,24.25,82.9875,0.0,9.375,0.7260447885447885,6.875,20.125,0.3504657659208673,14.125,0.0,135.625,123.125,44.25,62.75,16.125,44.0,10.5,33.5,32.75,15.125,2.2678826414168904,14.75,37.0,39.87500000000001,31.375,53.0,58.76999140017175,16.125,20.75,77.58749999999999,0.0,8.25,0.5770851407364566,6.0,18.625,0.3247483585348709,15.125,0.0,150.5
128,115,2026-01-16,1,1,2025-26,Sacramento Kings,Washington Wizards,106.75,29.25,60.0,17.5,38.875,9.875,29.0,22.875,13.5,1.8499174028585792,9.75,27.875,35.1375,30.0,56.5,53.17710808797061,17.5,22.625,77.45000000000002,0.0,6.75,0.5508098111039288,4.375,19.75,0.22745683912563708,13.5,0.0,116.375,110.375,35.25,57.75,17.375,43.375,11.375,32.0,25.125,17.25,1.6182095555093268,11.75,34.25,34.0875,28.875,54.5,52.998702686202684,17.375,20.875,84.8875,0.0,8.75,0.5362934262533805,7.0,19.875,0.35078013995453255,17.25,0.0,125.75
117,121,2026-01-16,1,1,2025-26,Toronto Raptors,LA Clippers,112.75,30.75,64.0,18.0,44.0,12.75,31.25,29.25,10.75,2.983581349206349,10.25,36.375,28.025,32.0,57.375,56.05023268804636,18.0,23.125,78.5,0.0,8.0,0.7719246031746031,5.0,21.0,0.24416247820638554,10.75,0.0,131.625,112.75,42.375,50.5,19.875,39.5,9.375,30.125,23.0,13.25,2.1138986013986014,14.125,37.625,38.675000000000004,25.25,45.5,55.541952188874696,19.875,23.25,86.6625,0.0,8.375,0.7057583041958042,5.5,16.625,0.33142357030224673,13.25,0.0,128.75
132,116,2026-01-17,1,1,2025-26,Portland Trail Blazers,Los Angeles Lakers,114.5,45.75,50.0,18.75,45.125,12.375,32.75,24.625,14.125,1.8762445887445887,15.25,44.5,34.15,25.0,44.25,56.60900288662819,18.75,24.0,78.1625,0.0,7.875,0.5699259074259074,4.375,15.75,0.3127407212885154,14.125,0.0,128.625,115.125,36.75,58.25,20.125,42.75,10.25,32.5,25.625,13.875,1.9340369189633895,12.25,35.875,34.55,29.125,49.0,60.19179790503878,20.125,26.25,74.27499999999999,0.0,7.625,0.58532225535902,3.375,18.0,0.19234360410831,13.875,0.0,131.0
121,78,2026-01-17,1,1,2025-26,Detroit Pistons,Indiana Pacers,110.25,32.625,58.75,18.875,43.875,11.625,32.25,25.5,17.25,1.6634571168210872,10.875,31.25,35.125,29.375,53.125,55.37501953456457,18.875,24.375,77.89999999999999,0.0,11.625,0.7040653056094234,8.375,20.0,0.44378434065934064,17.25,0.0,132.75,114.875,43.125,57.25,14.5,42.0,8.625,33.375,31.25,13.375,2.6211219336219336,14.375,36.0,40.425000000000004,28.625,53.625,53.21178443471283,14.5,18.375,77.65,0.0,7.875,0.5910624098124099,4.75,21.0,0.2525222362178884,13.375,0.0,136.875
126,123,2026-01-17,1,1,2025-26,San Antonio Spurs,Minnesota Timberwolves,108.125,34.875,53.75,19.5,48.875,10.875,38.0,23.75,12.375,2.153821913380737,11.625,38.0,30.275,26.875,52.25,51.476542113841745,19.5,24.125,80.625,0.0,7.125,0.632113903253609,3.5,19.25,0.18978491151091773,12.375,0.0,122.625,125.125,43.875,65.5,15.75,47.25,11.5,35.75,28.375,14.25,2.0297254318394025,14.625,36.875,39.625,32.75,53.25,61.53382556209135,15.75,23.0,68.0875,0.0,8.875,0.6495973389355743,5.5,20.25,0.2708883403984528,14.25,0.0,150.875
99,106,2026-01-17,1,1,2025-26,New York Knicks,Phoenix Suns,109.375,40.125,53.5,15.75,44.375,13.5,30.875,25.125,14.25,1.918576388888889,13.375,38.875,34.925,26.75,52.125,51.03097518194083,15.75,19.375,81.41250000000001,0.0,7.125,0.5522569444444445,4.125,18.5,0.22733604311289735,14.25,0.0,121.375,112.625,46.875,49.75,16.0,44.875,12.0,32.875,24.5,14.0,1.7766159188034187,15.625,44.875,34.4625,24.875,45.125,54.3495248329436,16.0,20.5,77.11250000000001,0.0,9.875,0.7215411324786325,4.5,20.5,0.2116565055395988,14.0,0.0,128.375
106,132,2026-01-17,1,1,2025-26,Atlanta Hawks,Boston Celtics,112.0,43.875,54.5,13.625,42.25,8.625,33.625,29.75,13.25,2.8328983516483515,14.625,41.0,35.7875,27.25,50.5,54.119657630687044,13.625,18.875,70.2625,0.0,11.25,1.0708905677655678,3.875,20.0,0.20306120159734373,13.25,0.0,131.0,115.75,48.0,55.0,12.75,47.75,13.5,34.25,23.375,10.75,2.4176968864468864,16.0,41.0,39.0,27.5,51.625,53.46718480012341,12.75,15.25,81.3,0.0,5.875,0.565029761904762,4.75,15.25,0.3160263347763348,10.75,0.0,135.125
136,116,2026-01-17,1,1,2025-26,Golden State Warriors,Charlotte Hornets,116.5,49.5,51.5,15.5,41.25,10.75,30.5,30.0,12.75,2.5417637509549276,16.5,45.75,35.65,25.75,44.375,58.13120062748419,15.5,19.125,82.3,0.0,9.125,0.8305429558186912,4.25,16.0,0.2714171245421245,12.75,0.0,136.875,119.875,51.0,50.25,18.625,49.0,12.75,36.25,27.0,14.75,1.9381055627379156,17.0,41.875,40.4625,25.125,45.5,55.16550711193568,18.625,22.5,82.975,0.0,5.375,0.3835259103641457,4.5,18.75,0.2405418420401931,14.75,0.0,141.875
121,115,2026-01-17,1,1,2025-26,Denver Nuggets,Washington Wizards,112.125,45.375,47.5,19.25,37.75,7.25,30.5,24.75,11.375,2.454083124477861,15.125,37.375,40.2875,23.75,47.0,50.47521990440542,19.25,24.75,78.17500000000001,0.0,6.0,0.6051378446115289,4.125,18.125,0.24581439393939394,11.375,0.0,122.375,110.5,32.25,60.5,17.75,42.125,10.625,31.5,24.125,17.375,1.4920731918729628,10.75,33.625,32.05,30.25,54.625,55.364774114774114,17.75,21.0,86.28750000000001,0.0,8.875,0.5385661535261078,6.25,20.375,0.30658822076261333,17.375,0.0,124.0
138,120,2026-01-17,1,1,2025-26,Dallas Mavericks,Utah Jazz,113.125,33.375,64.5,15.25,45.0,9.125,35.875,25.25,14.25,1.8892480068950657,11.125,32.625,33.5,32.25,57.5,56.576166257351744,15.25,20.625,75.46249999999999,0.0,7.375,0.5845823906485672,4.375,15.0,0.29016320850202426,14.25,0.0,128.75,117.25,34.875,65.75,16.625,42.75,11.5,31.25,30.75,15.375,2.1089960241856525,11.625,35.5,32.55,32.875,56.625,58.07737287771945,16.625,21.0,77.5375,0.0,8.5,0.601545341483422,3.0,18.75,0.17574342748366517,15.375,0.0,134.875
122,120,2026-01-17,1,1,2025-26,Miami Heat,Oklahoma City Thunder,113.0,40.125,56.5,16.375,43.5,10.75,32.75,26.875,17.125,1.6689271866259854,13.375,37.375,35.412499999999994,28.25,54.875,51.83456196531637,16.375,20.875,77.0375,0.0,9.375,0.57593241482329,4.0,19.875,0.2177565124933546,17.125,0.0,124.5,116.625,33.75,62.0,20.875,41.625,9.0,32.625,24.5,10.5,2.43507881007881,11.25,36.125,31.175,31.0,54.125,57.14056062632209,20.875,25.625,82.85,0.0,9.625,0.971084471084471,7.625,19.375,0.39859032875337225,10.5,0.0,136.75
124,102,2026-01-18,1,1,2025-26,Chicago Bulls,Brooklyn Nets,111.125,40.875,57.25,13.0,44.5,9.75,34.75,29.25,12.25,2.555040088587883,13.625,40.375,33.725,28.625,49.5,57.99631917228702,13.0,16.0,80.5625,0.0,7.125,0.6357750705177176,5.875,16.375,0.3715246650279545,12.25,0.0,135.0,107.75,42.75,49.0,16.0,42.0,12.625,29.375,25.0,13.875,1.9486901578813343,14.25,41.0,34.35,24.5,48.125,51.00471743295897,16.0,20.375,76.7625,0.0,8.75,0.6535193054494525,6.0,18.625,0.3275337407690349,13.875,0.0,120.875
87,110,2026-01-18,1,1,2025-26,Denver Nuggets,Charlotte Hornets,113.75,44.25,49.5,20.0,38.5,7.125,31.375,25.375,11.875,2.391048936443673,14.75,35.875,40.7625,24.75,47.375,52.10819862780968,20.0,26.0,76.8375,0.0,5.875,0.56133442580811,4.25,18.875,0.24462391774891776,11.875,0.0,126.125,119.25,50.25,51.5,17.5,49.625,13.25,36.375,27.0,15.125,1.895563545931193,16.75,42.375,39.387499999999996,25.75,46.5,55.36788806431663,17.5,21.125,83.0125,0.0,5.375,0.37564775910364145,4.5,19.25,0.2367539632523143,15.125,0.0,140.625
119,110,2026-01-18,1,1,2025-26,Houston Rockets,New Orleans Pelicans,103.625,26.25,60.25,17.125,51.375,17.75,33.625,21.0,13.0,1.7270203754578755,8.75,33.0,27.275,30.125,60.5,50.71366885429386,17.125,24.75,70.6875,0.0,7.875,0.6432864010989011,5.25,17.5,0.3083535687635751,13.0,0.0,113.875,113.25,35.25,61.5,16.5,43.625,10.375,33.25,25.75,16.125,1.7466128261358524,11.75,32.625,36.612500000000004,30.75,55.75,55.175683111964915,16.5,22.0,74.6,0.0,8.125,0.5077429149797571,5.75,17.75,0.3541806220095694,16.125,0.0,129.0
110,93,2026-01-18,1,1,2025-26,Los Angeles Lakers,Toronto Raptors,113.625,37.5,57.0,19.125,40.875,10.375,30.5,25.5,13.25,1.9798702522967229,12.5,35.75,35.487500000000004,28.5,50.125,57.4603164235573,19.125,25.0,74.7,0.0,7.5,0.5957389220256867,3.625,18.5,0.1985340802987862,13.25,0.0,127.125,114.5,30.375,65.5,18.625,42.25,12.125,30.125,29.625,12.0,2.7700396825396822,10.125,34.875,28.85,32.75,57.25,57.5443404321541,18.625,23.75,78.95,0.0,7.75,0.705952380952381,5.125,20.5,0.2539243829682903,12.0,0.0,132.875
110,117,2026-01-18,1,1,2025-26,Sacramento Kings,Portland Trail Blazers,109.5,30.375,61.0,18.125,40.5,10.375,30.125,23.75,14.75,1.6839817303439595,10.125,27.25,37.025,30.5,56.625,54.03425094511347,18.125,24.5,73.7,0.0,6.5,0.4864823257238118,4.75,20.0,0.24564569361480115,14.75,0.0,120.625,115.75,45.75,51.0,19.0,44.625,11.5,33.125,24.25,14.875,1.7012445887445888,15.25,43.875,34.662499999999994,25.5,44.125,57.903194805820114,19.0,24.5,77.725,0.0,8.25,0.5615925740925741,4.125,15.75,0.29803483893557425,14.875,0.0,129.375
106,110,2026-01-19,1,1,2025-26,Washington Wizards,LA Clippers,110.0,32.25,59.75,18.0,41.75,11.125,30.625,23.625,16.375,1.561451182303585,10.75,33.75,31.9,29.875,55.0,54.471916971916976,18.0,22.625,82.25,0.0,8.75,0.5750494071146246,5.625,20.0,0.27974998546849567,16.375,0.0,120.625,113.125,41.25,51.5,20.375,38.125,8.125,30.0,23.625,13.625,2.1169034090909093,13.75,35.75,39.262499999999996,25.75,46.125,55.78675023049037,20.375,23.75,86.925,0.0,8.875,0.7225852272727273,5.0,16.25,0.31138768513478265,13.625,0.0,129.375
123,110,2026-01-19,1,1,2025-26,San Antonio Spurs,Utah Jazz,108.5,35.625,54.0,18.875,48.125,11.5,36.625,25.25,12.125,2.3303953399541637,11.875,37.0,31.675,27.0,52.75,51.16747617977581,18.875,24.125,78.3875,0.0,6.875,0.6233726445123504,3.875,19.625,0.20632902915797655,12.125,0.0,124.375,118.0,33.75,67.25,17.0,43.25,11.625,31.625,30.5,15.375,2.092329357518986,11.25,35.0,31.950000000000003,33.625,57.5,58.42389079523128,17.0,21.375,78.19999999999999,0.0,8.25,0.5848786748167553,3.125,19.625,0.17713231637255403,15.375,0.0,135.75
113,104,2026-01-19,1,1,2025-26,Philadelphia 76ers,Indiana Pacers,117.5,37.5,59.5,20.5,41.75,11.5,30.25,23.25,14.0,1.822245462870463,12.5,36.0,34.0875,29.75,52.875,56.66841228426662,20.5,24.625,83.2375,0.0,9.5,0.746878121878122,7.0,19.625,0.3710798010085866,14.0,0.0,134.25,110.5,41.625,54.25,14.625,42.375,9.25,33.125,30.25,14.75,2.4789790764790767,13.875,36.625,38.2875,27.125,52.125,51.750745473673874,14.625,19.875,73.3,0.0,8.375,0.5757052669552669,4.5,19.75,0.2485539822496344,14.75,0.0,128.25
97,114,2026-01-19,1,1,2025-26,New York Knicks,Dallas Mavericks,109.375,42.0,51.5,15.875,43.75,13.625,30.125,24.25,14.5,1.8406352124183005,14.0,39.125,36.224999999999994,25.75,50.0,51.14461154557719,15.875,19.875,80.2,0.0,7.25,0.5517667483660131,4.0,18.75,0.21611313289617906,14.5,0.0,120.75,116.875,37.875,63.25,15.75,45.625,9.875,35.75,26.875,14.0,2.0771850698321286,12.625,34.25,36.3125,31.625,55.5,57.50798443916992,15.75,22.625,71.85,0.0,7.375,0.5985684046345812,4.5,15.75,0.29363543072424647,14.0,0.0,134.875
104,103,2026-01-19,1,1,2025-26,Detroit Pistons,Boston Celtics,113.0,36.0,59.5,17.5,44.625,10.625,34.0,27.25,18.0,1.7009065095336382,12.0,31.875,38.0,29.75,53.875,55.363027209652515,17.5,23.25,75.73750000000001,0.0,12.375,0.7162110545972775,8.375,20.75,0.43513049450549446,18.0,0.0,137.875,117.25,49.875,54.25,13.125,49.625,14.25,35.375,23.625,11.25,2.375841682826977,16.625,42.375,39.1,27.125,50.75,53.82253597069197,13.125,15.75,81.1125,0.0,6.0,0.5542831555699202,5.0,15.875,0.3123498641880995,11.25,0.0,138.25
135,112,2026-01-19,1,1,2025-26,Golden State Warriors,Miami Heat,121.75,53.25,53.75,14.75,41.0,10.125,30.875,31.375,12.125,2.7268127705627703,17.75,46.75,37.4875,26.875,43.75,61.504742515076984,14.75,17.875,83.6375,0.0,9.125,0.8550527597402597,4.5,16.625,0.2747383805807719,12.125,0.0,146.625,113.5,42.375,54.5,16.625,43.75,11.5,32.25,27.5,15.125,2.4501771866259854,14.125,38.75,35.925,27.25,55.0,50.096173987174296,16.625,21.875,74.71249999999999,0.0,8.5,0.70718241482329,3.75,20.125,0.20209235209235207,15.125,0.0,124.25
104,136,2026-01-19,1,1,2025-26,Cleveland Cavaliers,Oklahoma City Thunder,121.625,45.0,61.25,15.375,42.5,10.0,32.5,33.625,15.5,2.2734381969724464,15.0,36.5,41.1875,30.625,52.125,58.27556949347804,15.375,20.125,76.1875,0.0,8.25,0.5673629185142343,5.5,18.375,0.3002385546133022,15.5,0.0,148.25,115.25,32.625,61.25,21.375,41.0,8.5,32.5,23.125,10.625,2.323174048174048,10.875,35.0,31.512500000000003,30.625,53.375,57.285236552248016,21.375,26.75,80.6125,0.0,8.75,0.9067987567987568,7.75,19.125,0.4083021082019938,10.625,0.0,133.0
110,112,2026-01-19,1,1,2025-26,Atlanta Hawks,Milwaukee Bucks,111.375,45.0,52.75,13.625,42.0,9.125,32.875,29.5,13.125,2.836904761904762,15.0,42.25,35.7,26.375,51.0,52.04204774057715,13.625,17.875,73.7875,0.0,11.0,1.0596726190476191,4.125,19.5,0.2205682043984642,13.125,0.0,128.75,109.875,42.0,52.5,15.375,40.625,9.625,31.0,26.5,14.0,1.9861922391334157,14.0,37.125,37.875,26.25,48.375,53.99332006629454,15.375,20.625,72.9125,0.0,6.125,0.428963560948855,3.875,17.875,0.22869793369292796,14.0,0.0,122.5
117,126,2026-01-19,1,1,2025-26,Brooklyn Nets,Phoenix Suns,108.125,46.5,47.5,14.125,42.625,12.375,30.25,26.625,13.25,2.1674401578813343,15.5,42.0,37.1625,23.75,46.75,50.84262742533121,14.125,18.75,73.9375,0.0,7.375,0.5817863509039979,5.5,18.5,0.2983670741023682,13.25,0.0,122.875,109.75,49.5,44.25,16.0,44.25,12.75,31.5,24.375,14.0,1.766199252136752,16.5,46.25,35.699999999999996,22.125,43.125,51.135239118657886,16.0,20.375,77.5,0.0,9.0,0.6486244658119658,3.625,20.125,0.17524346206133795,14.0,0.0,121.875
117,130,2026-01-20,1,1,2025-26,Sacramento Kings,Miami Heat,110.5,30.75,62.5,17.25,40.25,9.875,30.375,24.875,14.125,1.7914966112963404,10.25,27.625,37.0,31.25,56.375,55.59724935021714,17.25,22.75,75.5125,0.0,6.75,0.5132680400095261,5.0,20.375,0.25337980732717574,14.125,0.0,125.25,113.125,42.0,54.25,16.875,45.875,12.625,33.25,27.875,15.125,2.469914028731248,14.0,39.75,34.8125,27.125,55.5,49.364692505692815,16.875,22.125,74.85,0.0,8.375,0.700603467454869,3.75,19.625,0.20461760461760461,15.125,0.0,124.5
110,116,2026-01-20,1,1,2025-26,Philadelphia 76ers,Phoenix Suns,115.375,33.0,60.75,21.625,40.875,12.25,28.625,22.875,13.375,1.9045867327117327,11.0,33.625,31.862499999999997,30.375,55.0,55.775089383901474,21.625,26.25,83.425,0.0,10.875,0.934378121878122,6.375,18.5,0.36137483206448723,13.375,0.0,131.125,112.0,50.625,45.75,15.625,42.5,12.125,30.375,25.375,13.625,1.880982905982906,16.875,45.75,37.175,22.875,43.375,52.77997596076315,15.625,19.625,78.23750000000001,0.0,9.25,0.6714610042735042,4.0,19.375,0.19922044415852466,13.625,0.0,126.125
111,106,2026-01-20,1,1,2025-26,Houston Rockets,San Antonio Spurs,105.5,27.375,60.5,17.625,50.875,17.75,33.125,20.75,13.75,1.5770203754578755,9.125,32.375,28.7375,30.25,59.125,52.159537800162795,17.625,25.625,69.775,0.0,7.375,0.5377308455433456,4.875,16.875,0.2985496471949477,13.75,0.0,115.5,110.125,37.875,53.5,18.75,46.875,10.375,36.5,25.875,13.125,2.0536096256684493,12.625,37.875,32.9,26.75,50.125,53.65567444885528,18.75,24.375,77.0125,0.0,7.0,0.5370631207028266,4.5,19.75,0.234007600586548,13.125,0.0,127.0
127,122,2026-01-20,1,1,2025-26,Utah Jazz,Minnesota Timberwolves,117.125,33.75,65.25,18.125,43.25,11.75,31.5,30.375,15.25,2.1024484051380337,11.25,35.75,31.1,32.625,56.75,57.32105920059641,18.125,22.625,78.55,0.0,8.125,0.5824977224358029,3.0,20.0,0.1696562398175301,15.25,0.0,133.5,124.875,45.0,63.75,16.125,47.375,11.75,35.625,27.875,13.875,2.0475825746965453,15.0,36.375,41.1625,31.875,54.375,58.475314923793476,16.125,23.375,68.25,0.0,8.625,0.6487856506238858,5.75,20.5,0.27941106767118007,13.875,0.0,149.5
107,115,2026-01-20,1,1,2025-26,Denver Nuggets,Los Angeles Lakers,110.25,43.125,48.0,19.125,38.0,7.125,30.875,24.375,11.625,2.356673936443673,14.375,36.75,38.962500000000006,24.0,45.75,52.48082735409694,19.125,24.75,77.425,0.0,6.25,0.62070942580811,4.25,18.125,0.2533044733044733,11.625,0.0,121.75,112.375,38.625,57.0,16.75,41.25,10.5,30.75,24.875,13.75,1.8472944947209653,12.875,35.125,37.0,28.5,51.375,55.69422537175196,16.75,22.0,74.9375,0.0,7.75,0.6002843765711413,3.625,18.125,0.20686741363211952,13.75,0.0,125.75
138,110,2026-01-20,1,1,2025-26,Chicago Bulls,LA Clippers,111.5,43.125,56.75,11.625,44.125,9.875,34.25,30.5,11.75,2.826407609955404,14.375,41.0,34.9,28.375,49.375,57.64023924031423,11.625,14.75,77.71249999999999,0.0,7.375,0.689193873936521,5.875,16.75,0.36458022058351003,11.75,0.0,136.875,112.5,37.5,52.5,22.5,39.75,8.625,31.125,22.875,14.375,1.9481534090909092,12.5,34.5,36.5625,26.25,46.625,56.19979370875124,22.5,26.375,86.0125,0.0,9.875,0.7663352272727273,5.25,16.375,0.32492935180144933,14.375,0.0,129.625
127,145,2026-01-20,1,1,2025-26,Golden State Warriors,Toronto Raptors,123.25,55.125,54.0,14.125,41.125,9.5,31.625,32.125,12.0,2.799431818181818,18.375,47.5,38.1,27.0,44.0,61.46415809949257,14.125,17.0,83.825,0.0,9.375,0.8782670454545455,4.625,17.125,0.27756643487941446,12.0,0.0,149.5,109.375,28.5,64.0,16.875,41.625,12.125,29.5,29.875,11.5,2.8950396825396822,9.5,35.0,26.75,32.0,57.0,56.53016982920884,16.875,22.375,75.75,0.0,7.375,0.7041666666666667,4.75,19.875,0.24559104963495695,11.5,0.0,125.5
119,104,2026-01-21,1,1,2025-26,Boston Celtics,Indiana Pacers,111.875,45.75,52.0,14.125,49.5,14.0,35.5,21.5,12.25,1.8669131113984054,15.25,41.125,37.175,26.0,50.375,51.71936136751737,14.125,17.125,80.58749999999999,0.0,6.375,0.533449822236587,4.75,16.25,0.2965889946228821,12.25,0.0,128.5,107.625,40.875,52.75,14.0,43.0,9.875,33.125,28.5,16.375,2.1721608946608946,13.625,36.625,37.55,26.375,51.75,50.71772660574935,14.0,19.0,73.6,0.0,8.5,0.5624476911976912,5.25,19.25,0.2852672689629211,16.375,0.0,123.125
104,112,2026-01-21,1,1,2025-26,New Orleans Pelicans,Detroit Pistons,113.75,33.0,63.5,17.25,43.25,10.875,32.375,25.625,14.625,1.8530688700918965,11.0,30.875,36.425000000000004,31.75,57.25,55.53052182164234,17.25,22.875,75.225,0.0,8.25,0.5537593984962406,5.5,18.0,0.3307431220095694,14.625,0.0,130.75,110.0,36.0,57.0,17.0,45.125,11.0,34.125,26.5,16.5,1.8884065095336382,12.0,33.25,36.2,28.5,54.0,52.836720968723625,17.0,22.5,75.925,0.0,12.0,0.7818360545972776,9.0,20.625,0.4608997252747252,16.5,0.0,133.875
102,122,2026-01-21,1,1,2025-26,Milwaukee Bucks,Oklahoma City Thunder,109.75,42.0,52.0,15.75,40.5,8.75,31.75,26.5,13.75,2.0169614699026464,14.0,36.75,38.3,26.0,47.5,54.429366577922444,15.75,21.0,73.38749999999999,0.0,6.875,0.4892199712052653,3.875,18.625,0.2126265051214994,13.75,0.0,124.25,119.125,37.5,60.75,20.875,42.125,9.0,33.125,24.625,11.125,2.353088578088578,12.5,36.875,33.7125,30.375,52.5,57.88407376155035,20.875,26.875,77.55000000000001,0.0,9.875,0.9847902097902098,8.0,19.625,0.4145521082019938,11.125,0.0,140.125
120,66,2026-01-21,1,1,2025-26,New York Knicks,Brooklyn Nets,106.625,39.375,53.25,14.0,44.875,14.0,30.875,24.125,14.625,1.8227124183006536,13.125,38.0,34.85,26.625,51.875,51.196429147618005,14.0,18.375,77.15,0.0,7.375,0.554983660130719,4.375,19.625,0.2272242440072902,14.625,0.0,118.25,106.875,46.875,47.25,12.75,40.625,11.75,28.875,26.5,13.0,2.2424401578813344,15.625,42.625,36.8,23.625,46.125,51.36951696021493,12.75,16.75,75.3625,0.0,7.375,0.603661350903998,5.0,18.375,0.2759103641456583,13.0,0.0,119.875
109,122,2026-01-21,1,1,2025-26,Sacramento Kings,Toronto Raptors,112.875,33.0,63.5,16.375,41.625,10.125,31.5,26.125,14.875,1.7899341112963405,11.0,28.25,39.0875,31.75,56.625,56.243182364571204,16.375,21.375,76.4625,0.0,6.25,0.4351430400095261,4.625,20.125,0.23860708005444847,14.875,0.0,129.5,112.75,31.875,62.75,18.125,40.5,12.375,28.125,30.875,11.75,2.920529878618114,10.625,34.625,30.424999999999997,31.375,56.875,55.48699130961523,18.125,22.75,80.35000000000001,0.0,7.0,0.6723039215686274,4.5,20.625,0.22357400418041148,11.75,0.0,129.75
122,124,2026-01-21,1,1,2025-26,Memphis Grizzlies,Atlanta Hawks,113.25,37.125,59.75,16.375,48.625,13.25,35.375,28.625,16.625,1.8496310208866156,12.375,38.125,32.4125,29.875,56.5,52.80236792967704,16.375,20.375,79.0875,0.0,7.25,0.46849690963341856,5.375,19.125,0.32009160721210056,16.625,0.0,130.125,110.5,43.125,53.25,14.125,43.875,10.0,33.875,29.625,12.375,2.999404761904762,14.375,42.625,33.824999999999996,26.625,51.25,52.28243235596177,14.125,18.5,73.675,0.0,10.875,1.0940476190476192,4.5,19.5,0.24030504650372733,12.375,0.0,129.75
87,94,2026-01-21,1,1,2025-26,Charlotte Hornets,Cleveland Cavaliers,119.0,48.75,53.75,16.5,49.625,13.625,36.0,27.875,15.25,1.944441751059398,16.25,41.5,38.862500000000004,26.875,47.125,56.86788806431663,16.5,19.875,83.2625,0.0,5.0,0.3411926308985133,4.5,20.125,0.22524080535757746,15.25,0.0,141.875,120.5,42.0,61.0,17.5,42.375,10.625,31.75,32.125,16.0,2.1571916983730066,14.0,36.0,38.925,30.5,53.25,56.89828985821967,17.5,22.125,78.95,0.0,8.5,0.5708643190744584,5.125,18.75,0.2744449038196514,16.0,0.0,143.25
109,126,2026-01-22,1,1,2025-26,Utah Jazz,San Antonio Spurs,117.375,34.125,64.75,18.5,40.75,10.375,30.375,30.125,14.875,2.1241395816086217,11.375,34.25,32.925000000000004,32.375,55.25,58.2939656045373,18.5,23.25,78.16250000000001,0.0,8.125,0.5913212518475676,2.875,18.875,0.1722222222222222,14.875,0.0,133.875,110.25,37.875,54.25,18.125,46.25,10.5,35.75,25.625,12.5,2.154800101858925,12.625,38.375,32.6,27.125,50.0,54.43489522807606,18.125,23.375,79.10000000000001,0.0,6.75,0.553928200067906,4.625,19.5,0.2452923228087702,12.5,0.0,127.125
97,107,2026-01-22,1,1,2025-26,Washington Wizards,Denver Nuggets,108.875,32.625,58.0,18.25,43.0,11.875,31.125,24.375,16.5,1.592043287566743,10.875,33.625,32.375,29.0,54.875,52.902346836170366,18.25,23.0,81.86250000000001,0.0,8.5,0.5595888807988351,5.625,20.25,0.2769090763775866,16.5,0.0,120.5,108.0,42.0,47.75,18.25,37.125,6.875,30.25,24.5,9.875,2.860621304864726,14.0,36.75,37.95,23.875,46.5,51.37855462682421,18.25,23.625,77.2625,0.0,6.25,0.7312357415975838,4.375,18.5,0.2533044733044733,9.875,0.0,119.625
127,110,2026-01-22,1,1,2025-26,Portland Trail Blazers,Miami Heat,116.0,41.625,53.75,20.625,43.625,11.0,32.625,23.5,15.375,1.578517316017316,13.875,42.25,32.5125,26.875,44.75,60.03981032159164,20.625,25.25,81.3,0.0,8.75,0.5858349983349984,4.125,16.0,0.294562616713352,15.375,0.0,129.75,113.75,43.125,53.5,17.125,46.25,12.625,33.625,28.25,14.375,2.6480390287312483,14.375,39.5,35.95,26.75,55.375,48.808614811457225,17.125,22.875,73.63749999999999,0.0,6.75,0.6271659674548691,3.125,19.5,0.16134837384837386,14.375,0.0,124.25
128,122,2026-01-22,1,1,2025-26,Philadelphia 76ers,Houston Rockets,113.625,30.75,60.5,22.375,41.75,12.75,29.0,21.875,14.0,1.7861656800801538,10.25,32.25,31.1875,30.25,55.75,54.86767013222255,22.375,27.25,83.2875,0.0,11.25,0.9329683474420316,6.0,18.75,0.3392157411553963,14.0,0.0,128.125,106.875,27.75,61.5,17.625,49.875,16.625,33.25,21.875,13.5,1.679698946886447,9.25,31.125,30.325,30.75,59.875,52.27560922873423,17.625,25.75,69.375,0.0,7.375,0.5433112026862027,5.875,16.875,0.38945873810403864,13.5,0.0,119.25
97,124,2026-01-22,1,1,2025-26,Orlando Magic,Charlotte Hornets,112.75,28.875,63.75,20.125,44.625,10.875,33.75,27.375,14.25,2.276588451752925,9.625,29.5,32.05,31.875,59.125,53.96520215037863,20.125,25.625,77.6625,0.0,8.125,0.6253603852288063,5.125,20.625,0.25536525870836513,14.25,0.0,131.125,114.375,44.625,54.5,15.25,49.0,14.25,34.75,27.25,14.25,1.9879399195575667,14.875,42.75,34.5625,27.25,48.5,56.12033904470879,15.25,19.0,80.7875,0.0,6.0,0.43276772247360484,4.125,20.125,0.2089364575314905,14.25,0.0,133.625
115,120,2026-01-22,1,1,2025-26,Minnesota Timberwolves,Chicago Bulls,122.5,46.125,60.25,16.125,46.75,11.5,35.25,27.75,13.5,2.106835821449792,15.375,37.625,41.175,30.125,53.375,56.53439317928373,16.125,23.375,68.25,0.0,8.375,0.6601492869875223,5.75,20.5,0.27941106767118007,13.5,0.0,144.875,116.375,48.375,56.5,11.5,44.0,10.25,33.75,31.5,11.875,2.879437912985707,16.125,41.75,38.2,28.25,49.25,57.531543588140316,11.5,14.5,78.1625,0.0,7.5,0.6910878133304603,6.625,16.625,0.4171843872501767,11.875,0.0,144.5
112,104,2026-01-22,1,1,2025-26,LA Clippers,Los Angeles Lakers,113.375,37.5,54.0,21.875,38.875,9.25,29.625,22.75,13.875,1.9794034090909092,12.5,34.625,36.4125,27.0,48.375,55.821769515202845,21.875,25.875,85.0,0.0,10.0,0.7819602272727273,4.75,15.375,0.3194348463069438,13.875,0.0,128.375,112.875,38.25,57.0,17.625,42.125,10.625,31.5,24.125,13.5,1.8280637254901961,12.75,34.375,37.5625,28.5,51.875,55.183369688482486,17.625,23.375,74.8,0.0,6.75,0.5374638637506285,3.125,17.75,0.1850420168067227,13.5,0.0,124.75
123,115,2026-01-22,1,1,2025-26,Dallas Mavericks,Golden State Warriors,117.375,40.5,60.5,16.375,45.875,10.5,35.375,27.0,14.125,2.0735085992438935,13.5,35.625,37.412499999999994,30.25,54.375,56.130865795102125,16.375,23.875,70.6125,0.0,7.75,0.6178698752228164,3.875,16.5,0.24006400215281792,14.125,0.0,134.0,126.375,57.375,55.5,13.5,40.625,9.75,30.875,32.25,13.5,2.5014994873547503,19.125,47.75,39.699999999999996,27.75,43.625,63.40962378576708,13.5,16.875,81.8125,0.0,8.0,0.6028911056049214,4.25,17.375,0.25603865710163665,13.5,0.0,150.125
104,111,2026-01-23,1,1,2025-26,Detroit Pistons,Houston Rockets,110.0,38.25,55.75,16.0,46.0,11.875,34.125,26.625,16.375,1.9020969857241141,12.75,34.875,36.6875,27.875,53.375,52.2462069853525,16.0,21.625,74.9375,0.0,12.125,0.791359864121087,8.875,20.75,0.4522687728937729,16.375,0.0,134.0,109.375,31.5,61.25,16.625,48.5,15.5,33.0,23.5,13.875,1.7437745771385478,10.5,31.625,33.175,30.625,59.375,52.45384436459648,16.625,25.125,67.0,0.0,8.0,0.5674708665517489,5.625,15.875,0.3905271141724147,13.875,0.0,122.75
114,117,2026-01-23,1,1,2025-26,Oklahoma City Thunder,Indiana Pacers,122.25,38.625,63.75,19.875,43.25,8.25,35.0,25.375,11.125,2.446838578088578,12.875,36.5,35.050000000000004,31.875,52.5,60.661851539328126,19.875,25.375,77.55,0.0,9.625,0.9535402097902097,7.75,19.25,0.4040001601500457,11.125,0.0,147.375,106.125,39.375,52.25,14.5,44.25,10.625,33.625,28.375,16.375,2.163232323232323,13.125,37.875,35.175000000000004,26.125,50.625,51.27631210891614,14.5,19.5,74.175,0.0,8.0,0.5267334054834055,5.0,20.0,0.2620529832486354,16.375,0.0,121.125
98,110,2026-01-23,1,1,2025-26,Portland Trail Blazers,Toronto Raptors,114.75,42.0,53.25,19.5,44.25,11.0,33.25,22.75,16.125,1.4553030303030303,14.0,42.5,32.5625,26.625,44.875,59.315172640432216,19.5,24.25,79.975,0.0,8.875,0.5679778554778554,4.25,16.125,0.30007732259570497,16.125,0.0,127.25,115.875,34.125,62.5,19.25,41.125,12.375,28.75,32.375,12.375,2.886438969527205,11.375,34.5,32.775,31.25,57.25,54.95349781046316,19.25,23.5,82.6375,0.0,7.625,0.6723039215686275,4.375,20.625,0.21699505681199044,12.375,0.0,135.625
127,133,2026-01-23,1,1,2025-26,Memphis Grizzlies,New Orleans Pelicans,114.5,38.25,59.0,17.25,48.625,13.625,35.0,28.5,16.875,1.8192490764421712,12.75,38.5,33.1875,29.5,54.875,53.49748691947791,17.25,21.125,80.075,0.0,6.375,0.40773302074452966,5.25,19.875,0.29931155606120546,16.875,0.0,131.375,113.875,31.875,63.25,18.75,43.5,10.875,32.625,24.5,15.0,1.7593188700918962,10.625,29.875,36.0375,31.625,57.625,54.890543608134706,18.75,24.375,76.61250000000001,0.0,8.875,0.5767857142857142,6.0,18.125,0.3550852272727273,15.0,0.0,130.875
100,102,2026-01-23,1,1,2025-26,Milwaukee Bucks,Denver Nuggets,107.25,42.0,50.75,14.5,40.875,8.375,32.5,26.375,14.375,1.8990637426299193,14.0,37.25,37.77499999999999,25.375,46.25,54.679366577922444,14.5,19.875,70.6125,0.0,6.75,0.45654951665981075,3.375,18.125,0.1908873746867168,14.375,0.0,120.75,107.125,37.875,50.0,19.25,38.0,6.75,31.25,23.875,10.5,2.6820498762932976,12.625,34.5,36.5875,25.0,48.25,51.99564969006371,19.25,23.875,80.46249999999999,0.0,6.5,0.7143706622325043,4.125,18.375,0.2402092352092352,10.5,0.0,119.375
123,118,2026-01-23,1,1,2025-26,Cleveland Cavaliers,Sacramento Kings,118.5,39.75,62.25,16.5,44.375,11.375,33.0,31.75,16.5,2.107121670361802,13.25,35.75,37.2625,31.125,54.375,56.905288738398845,16.5,21.375,77.4875,0.0,7.875,0.5256962518475676,4.875,19.125,0.25261950699425456,16.5,0.0,140.25,114.25,33.0,64.0,17.25,41.875,10.625,31.25,26.375,15.25,1.7640927651424942,11.0,28.5,38.875,32.0,55.875,57.368368653691924,17.25,22.0,78.6,0.0,5.625,0.3762488092402953,4.625,19.625,0.2479820800544485,15.25,0.0,131.375
110,103,2026-01-23,1,1,2025-26,Atlanta Hawks,Phoenix Suns,113.5,46.125,53.25,14.125,43.375,10.375,33.0,30.375,12.625,3.0160714285714287,15.375,44.0,34.9625,26.625,50.25,53.17218090528478,14.125,18.875,72.33749999999999,0.0,10.625,1.0685574229691879,5.125,19.875,0.2656026655513464,12.625,0.0,133.375,114.375,51.375,46.0,17.0,42.75,12.625,30.125,25.625,14.75,1.8018745143745143,17.125,45.5,38.0375,23.0,44.125,52.323332042657974,17.0,20.625,81.36250000000001,0.0,8.5,0.5941008644133644,4.25,20.25,0.21112520606328655,14.75,0.0,127.625
126,130,2026-01-23,1,1,2025-26,Brooklyn Nets,Boston Celtics,102.25,44.625,45.5,12.125,38.5,10.5,28.0,25.5,12.125,2.239463967405144,14.875,41.25,36.075,22.75,46.625,48.42995652065449,12.125,15.625,76.0625,0.0,6.625,0.5828280175706646,4.5,18.125,0.2516048085901027,12.125,0.0,111.5,112.375,42.75,54.0,15.625,49.5,13.25,36.25,21.75,13.25,1.7106631113984054,14.25,38.5,37.199999999999996,27.0,51.0,53.00984719747689,15.625,18.625,81.51249999999999,0.0,6.5,0.486574822236587,5.0,17.25,0.290608133378863,13.25,0.0,130.625
114,111,2026-01-24,1,1,2025-26,Chicago Bulls,Boston Celtics,118.75,48.75,56.25,13.75,43.75,10.125,33.625,31.875,11.75,2.9307199642677584,16.25,40.875,39.3,28.125,50.125,56.241649971119045,13.75,17.375,77.1375,0.0,8.125,0.7447737107663579,6.25,17.25,0.38566729323308274,11.75,0.0,146.75,114.875,45.375,53.75,15.75,48.0,11.75,36.25,24.125,12.625,2.053917079652374,15.125,40.125,37.65,26.875,51.125,52.68846183752529,15.75,18.75,81.82499999999999,0.0,6.75,0.5441145047762694,4.875,18.25,0.2754295619502915,12.625,0.0,133.75
110,116,2026-01-24,1,1,2025-26,Dallas Mavericks,Los Angeles Lakers,120.25,42.375,60.25,17.625,45.75,10.0,35.75,27.75,14.75,2.075848171436407,14.125,36.625,38.35,30.125,52.125,57.86786494258721,17.625,25.0,72.275,0.0,7.75,0.607843137254902,4.25,17.125,0.25293164921164146,14.75,0.0,139.125,114.5,39.0,58.0,17.5,40.75,10.125,30.625,25.125,12.625,2.0104166666666665,13.0,33.625,38.8375,29.0,52.875,55.125342609178816,17.5,22.875,75.875,0.0,7.375,0.6462873931623931,3.875,17.25,0.2319607843137255,12.625,0.0,129.125
105,119,2026-01-24,1,1,2025-26,Orlando Magic,Cleveland Cavaliers,111.625,30.75,61.5,19.375,42.0,9.75,32.25,27.375,14.75,2.146380118419592,10.25,30.125,33.262499999999996,30.75,57.0,53.68776066531003,19.375,25.0,76.67500000000001,0.0,8.5,0.635777051895473,5.0,20.5,0.25106272247648104,14.75,0.0,128.0,118.875,40.875,60.25,17.75,44.375,12.125,32.25,30.5,15.0,2.3007306929181928,13.625,37.0,36.962500000000006,30.125,54.125,55.500718845925725,17.75,22.5,79.33749999999999,0.0,7.75,0.5867864774114774,4.875,18.375,0.2641284584009042,15.0,0.0,139.25
109,112,2026-01-24,1,1,2025-26,Philadelphia 76ers,New York Knicks,113.25,29.625,62.25,21.375,43.25,13.0,30.25,23.25,14.625,1.7528323467468203,9.875,31.625,30.7625,31.125,57.0,54.95632261449205,21.375,26.0,83.53750000000001,0.0,11.0,0.853801680775365,5.875,20.25,0.3041366897719971,14.625,0.0,129.75,110.375,40.5,56.0,13.875,48.125,14.375,33.75,25.75,13.625,2.0206290849673203,13.5,38.25,35.6875,28.0,52.125,53.84588566935714,13.875,18.75,74.3625,0.0,7.75,0.6154003267973857,4.75,19.75,0.24683208714454508,13.625,0.0,129.375
116,147,2026-01-24,1,1,2025-26,Utah Jazz,Miami Heat,116.5,33.75,64.0,18.75,41.0,10.5,30.5,30.0,15.875,1.9076363136347656,11.25,32.875,33.9625,32.0,56.0,56.88192856750025,18.75,23.125,80.69999999999999,0.0,7.375,0.4753081799521428,2.875,19.5,0.1615688131313131,15.875,0.0,131.875,115.75,42.0,56.25,17.5,45.0,13.0,32.0,28.125,14.0,2.678594584286804,14.0,40.5,34.4,28.125,53.875,52.76896944511396,17.5,23.25,74.125,0.0,7.625,0.6924437452326468,3.125,18.25,0.18634837384837385,14.0,0.0,127.625
119,115,2026-01-24,1,1,2025-26,Charlotte Hornets,Washington Wizards,117.875,45.75,56.5,15.625,48.625,13.5,35.125,28.125,13.875,2.072662141779789,15.25,42.5,35.8625,28.25,48.375,58.56484221595615,15.625,19.375,81.0625,0.0,6.5,0.4702677224736049,3.875,20.0,0.19724055109874197,13.875,0.0,140.0,106.0,33.375,55.75,16.875,42.625,12.25,30.375,23.75,16.375,1.562281382804838,11.125,34.75,32.1,27.875,53.5,51.964260532230405,16.875,21.875,80.5375,0.0,8.125,0.5399460236559779,5.125,19.75,0.2626233620918723,16.375,0.0,115.0
101,103,2026-01-25,1,1,2025-26,Oklahoma City Thunder,Toronto Raptors,120.375,38.625,62.75,19.0,42.0,7.25,34.75,24.375,10.875,2.4013840326340326,12.875,35.0,36.1125,31.375,51.625,60.68665312662971,19.0,23.875,78.675,0.0,8.375,0.8500048562548562,7.375,19.375,0.3839785151284007,10.875,0.0,144.375,115.0,30.75,64.75,19.5,43.0,12.5,30.5,31.0,13.5,2.408760398098633,10.25,32.25,31.862499999999997,32.375,58.625,55.48921209617745,19.5,24.375,79.475,0.0,7.625,0.6019914215686275,4.75,20.5,0.2415048607335591,13.5,0.0,134.75
139,116,2026-01-25,1,1,2025-26,Detroit Pistons,Sacramento Kings,108.75,35.25,58.0,15.5,44.75,11.25,33.5,26.25,16.375,1.8800381621947024,11.75,33.875,34.7375,29.0,53.0,54.724353838499354,15.5,22.0,71.28750000000001,0.0,11.875,0.7766539817681459,8.25,20.75,0.42622710622710624,16.375,0.0,130.875,116.125,35.25,62.25,18.625,43.375,10.625,32.75,26.75,15.0,1.8383934644431936,11.75,29.25,40.5625,31.125,55.5,56.214464295338416,18.625,23.125,80.925,0.0,5.5,0.37537468336616947,4.125,20.875,0.20798208005444846,15.0,0.0,134.5
95,104,2026-01-25,1,1,2025-26,San Antonio Spurs,New Orleans Pelicans,112.625,43.125,51.75,17.75,45.125,10.375,34.75,26.375,12.0,2.295709192768016,14.375,40.625,35.837500000000006,25.875,48.375,53.92652202233444,17.75,22.875,79.25,0.0,6.5,0.5615039576436635,5.375,18.625,0.31981155357800095,12.0,0.0,130.125,118.0,33.75,64.0,20.25,44.625,12.375,32.25,24.875,13.875,1.950766238512949,11.25,30.875,36.975,32.0,58.25,54.97264541437444,20.25,25.375,79.2125,0.0,9.0,0.6662593984962406,5.375,18.75,0.3050852272727273,13.875,0.0,137.0
102,111,2026-01-25,1,1,2025-26,Phoenix Suns,Miami Heat,112.625,47.25,48.0,17.375,41.625,12.125,29.5,24.75,14.125,1.8173659673659672,15.75,42.75,37.175000000000004,24.0,46.625,51.6635959371002,17.375,20.75,84.66250000000001,0.0,9.0,0.6619427447552448,4.0,19.625,0.20561050018093363,14.125,0.0,124.875,121.75,47.625,55.25,18.875,46.625,14.875,31.75,30.375,13.375,2.8792524790236462,15.875,42.625,37.7875,27.625,53.75,52.05506145992095,18.875,24.875,74.3375,0.0,8.125,0.7422557753078348,3.25,18.625,0.18734043734043732,13.375,0.0,137.875
85,111,2026-01-25,1,1,2025-26,Minnesota Timberwolves,Golden State Warriors,121.625,46.5,59.5,15.625,44.5,11.25,33.25,28.0,13.75,2.0845143928783636,15.5,37.875,41.2625,29.75,52.5,56.69736579988347,15.625,22.375,70.125,0.0,8.25,0.6408040488922842,5.875,21.0,0.2775994734682815,13.75,0.0,142.625,125.75,56.25,56.0,13.5,39.875,9.25,30.625,32.0,13.5,2.476499487354751,18.75,47.625,38.9875,28.0,44.625,62.67152854767185,13.5,16.875,81.81250000000001,0.0,9.125,0.7153911056049214,4.875,18.5,0.2758303237683033,13.5,0.0,149.25
126,89,2026-01-25,1,1,2025-26,LA Clippers,Brooklyn Nets,113.5,36.375,54.75,22.375,40.0,9.0,31.0,23.0,15.125,1.860653409090909,12.125,33.25,36.7875,27.375,48.75,56.175543100108506,22.375,26.125,86.375,0.0,10.125,0.7444602272727273,4.125,15.5,0.2803723463069438,15.125,0.0,129.375,104.875,43.875,46.5,14.5,40.875,10.125,30.75,25.0,12.875,2.1214084118495884,14.625,40.875,35.775000000000006,23.25,46.375,49.641573242815056,14.5,18.5,75.3625,0.0,5.75,0.49255023979288687,4.75,19.125,0.25267318465847877,12.875,0.0,115.0
132,116,2026-01-26,1,1,2025-26,Atlanta Hawks,Indiana Pacers,112.625,44.25,54.25,14.125,43.25,10.125,33.125,30.125,12.625,3.0041666666666664,14.75,41.375,36.425,27.125,51.125,53.21952939013327,14.125,18.75,72.85000000000001,0.0,9.625,1.0209383753501402,4.25,19.125,0.22865934571328972,12.625,0.0,132.0,106.5,40.875,52.25,13.375,45.5,11.125,34.375,29.5,15.25,2.393345959595959,13.625,39.25,34.8875,26.125,51.0,50.935403018007044,13.375,19.375,69.15,0.0,7.5,0.5273015873015873,4.375,19.625,0.23948353880419096,15.25,0.0,121.625
102,94,2026-01-26,1,1,2025-26,Boston Celtics,Portland Trail Blazers,113.125,45.75,52.75,14.625,47.75,11.625,36.125,24.125,12.125,2.287250412985707,15.25,42.5,35.3875,26.375,50.25,52.66809025995032,14.625,17.5,81.75,0.0,7.625,0.7149478381096028,4.875,17.875,0.29279067306140266,12.125,0.0,131.375,114.125,42.375,53.75,18.0,45.125,12.0,33.125,22.875,16.25,1.4511363636363637,14.125,43.125,32.425,26.875,46.125,58.47050392608382,18.0,22.375,79.225,0.0,8.875,0.5638111888111887,4.25,14.875,0.3163110888294712,16.25,0.0,126.375
114,98,2026-01-26,1,1,2025-26,Cleveland Cavaliers,Orlando Magic,118.5,42.375,58.0,18.125,44.375,12.0,32.375,30.0,15.5,2.201183181605976,14.125,37.125,38.3125,29.0,52.75,54.97338942552954,18.125,22.625,80.63749999999999,0.0,8.0,0.5811303688141923,5.375,19.375,0.27942257604796306,15.5,0.0,139.5,110.75,33.75,57.0,20.0,40.5,10.0,30.5,26.5,14.375,2.1262320921038027,11.25,32.5,34.9125,28.5,53.5,53.148700926886555,20.0,25.5,77.35,0.0,8.375,0.6390665255796835,4.875,20.125,0.24807359204169846,14.375,0.0,124.875
118,129,2026-01-26,1,1,2025-26,Chicago Bulls,Los Angeles Lakers,121.375,51.75,55.75,13.875,43.625,9.25,34.375,32.5,11.5,2.998857219169719,17.25,42.25,40.362500000000004,27.875,48.5,57.45627261262848,13.875,17.25,79.73750000000001,0.0,7.75,0.7246756715506715,6.0,17.25,0.369000626566416,11.5,0.0,150.75,116.375,38.625,58.5,19.25,42.25,10.25,32.0,24.875,13.0,1.9443108974358974,12.875,33.375,38.775,29.25,53.0,55.474368583204786,19.25,24.75,78.22500000000001,0.0,7.125,0.6144364316239316,4.875,17.25,0.28196078431372545,13.0,0.0,132.75
108,99,2026-01-26,1,1,2025-26,Houston Rockets,Memphis Grizzlies,110.125,31.125,61.25,17.75,46.875,14.25,32.625,23.5,14.375,1.6962632649213532,10.375,29.375,34.6625,30.625,59.5,52.31777760117123,17.75,25.875,69.1875,0.0,8.375,0.5714301425698485,5.5,16.0,0.3803146958717611,14.375,0.0,124.0,113.375,40.875,55.75,16.75,48.125,14.25,33.875,29.25,16.75,1.8679332869684868,13.625,40.75,33.237500000000004,27.875,52.625,53.060978982969985,16.75,20.625,79.8125,0.0,6.625,0.4215488102182139,5.25,20.5,0.28421493770371753,16.75,0.0,130.125
108,83,2026-01-26,1,1,2025-26,Minnesota Timberwolves,Golden State Warriors,115.875,43.875,56.0,16.0,45.125,11.25,33.875,25.875,14.875,1.918790410977911,14.625,37.875,38.9625,28.0,51.25,54.28225341346549,16.0,22.75,71.0125,0.0,8.0,0.6108266733266733,6.25,20.375,0.3047572115635196,14.875,0.0,133.0,122.5,55.125,53.75,13.625,40.375,8.25,32.125,31.0,13.625,2.356234335839599,18.375,48.375,37.637499999999996,26.875,43.875,61.239710365853654,13.625,17.125,81.0375,0.0,11.125,0.8782698934837092,4.75,19.375,0.24938801607599562,13.625,0.0,145.625
130,93,2026-01-26,1,1,2025-26,Charlotte Hornets,Philadelphia 76ers,118.75,45.0,57.5,16.25,50.0,14.0,36.0,28.25,14.375,2.03799827623357,15.0,41.5,36.175,28.75,48.5,59.56844133002038,16.25,20.125,81.275,0.0,6.5,0.4590632406808878,3.875,18.5,0.21769509655328742,14.375,0.0,142.875,114.0,31.5,61.0,21.5,41.375,11.125,30.25,23.75,14.75,1.7748103687248424,10.5,31.75,32.85,30.5,54.625,56.23897186822339,21.5,26.625,82.0875,0.0,10.375,0.8009170653907496,5.625,20.375,0.2904462135815209,14.75,0.0,129.875
115,111,2026-01-27,1,1,2025-26,Washington Wizards,Portland Trail Blazers,106.625,35.625,54.5,16.5,41.625,12.125,29.5,24.5,15.25,1.7340471170705725,11.875,37.25,31.65,27.25,52.125,52.287257948251074,16.5,21.625,79.14999999999999,0.0,9.0,0.6347886809986353,5.125,20.0,0.2592142711827814,15.25,0.0,116.25,112.0,40.125,54.0,17.875,45.5,11.625,33.875,21.75,16.875,1.3191919191919192,13.375,42.625,31.0,27.0,45.25,59.87401269801365,17.875,23.25,76.15,0.0,9.125,0.5536616161616161,4.875,15.5,0.33970681075460485,16.875,0.0,123.5
103,115,2026-01-27,1,1,2025-26,Utah Jazz,LA Clippers,119.125,33.75,66.0,19.375,41.375,10.0,31.375,31.75,15.75,2.045731551730004,11.25,32.125,34.6375,33.0,57.25,57.42526451932011,19.375,24.0,80.55,0.0,7.75,0.5056653228092857,3.875,20.125,0.19774097430347432,15.75,0.0,138.375,114.125,35.625,55.0,23.5,41.75,9.125,32.625,22.0,15.5,1.77348235645933,11.875,33.375,35.5,27.5,48.875,56.27078983450618,23.5,27.375,86.39999999999999,0.0,10.5,0.75309509569378,3.75,15.75,0.24511593605053358,15.5,0.0,129.875
104,95,2026-01-27,1,1,2025-26,Oklahoma City Thunder,New Orleans Pelicans,118.375,39.375,59.75,19.25,42.125,6.625,35.5,24.0,11.5,2.1400203962703963,13.125,35.75,36.275000000000006,29.875,48.875,61.410032756259334,19.25,24.25,78.525,0.0,7.875,0.719323038073038,7.0,18.75,0.3752886755562082,11.5,0.0,141.25,115.0,33.0,62.0,20.0,45.5,13.5,32.0,24.0,12.75,2.0408978174603174,11.0,30.875,36.237500000000004,31.0,59.125,52.658277044075504,20.0,24.5,80.9625,0.0,7.875,0.6248120300751879,5.5,18.875,0.3095318675889328,12.75,0.0,132.625
107,109,2026-01-27,1,1,2025-26,Denver Nuggets,Detroit Pistons,109.0,38.25,51.0,19.75,38.375,7.0,31.375,24.5,9.125,2.959188034188034,12.75,35.625,35.949999999999996,25.5,49.0,52.30814969006371,19.75,24.25,81.33749999999999,0.0,6.75,0.799896978021978,4.25,19.375,0.23721880458722563,9.125,0.0,122.875,111.0,35.25,58.75,17.0,44.625,11.5,33.125,27.0,16.75,1.888673030615755,11.75,33.875,34.7375,29.375,53.625,54.76223262637814,17.0,23.5,72.95,0.0,12.25,0.7815881922944617,7.5,21.5,0.36432234432234434,16.75,0.0,132.75
139,122,2026-01-27,1,1,2025-26,Philadelphia 76ers,Milwaukee Bucks,111.25,31.875,59.25,20.125,40.0,11.125,28.875,24.875,14.125,1.8593691922542541,10.625,31.625,33.375,29.625,54.625,54.75592102076577,20.125,25.125,81.225,0.0,11.0,0.8527218782249743,4.625,19.375,0.2608895633352155,14.125,0.0,126.625,105.375,42.75,49.0,13.625,41.25,8.25,33.0,26.5,14.125,1.9506371692033455,14.25,37.5,38.24999999999999,24.5,45.75,53.40762744748766,13.625,19.5,68.625,0.0,7.125,0.49763343274372684,4.125,17.875,0.2316141917293233,14.125,0.0,119.875
103,87,2026-01-27,1,1,2025-26,New York Knicks,Sacramento Kings,109.0,40.875,54.25,13.875,48.75,14.75,34.0,25.25,13.5,2.0045306001188354,13.625,39.625,34.65,27.125,50.625,53.716243648614416,13.875,20.0,70.2875,0.0,7.875,0.6314988116458705,4.625,20.375,0.23112353099481245,13.5,0.0,126.375,116.75,36.375,61.5,18.875,41.875,9.875,32.0,27.625,16.125,1.7364197802326673,12.125,29.5,41.7125,30.75,54.375,56.5883426602437,18.875,24.125,79.1375,0.0,5.875,0.3714273149451168,4.875,20.75,0.24396692853929697,16.125,0.0,134.625
106,102,2026-01-27,1,1,2025-26,Phoenix Suns,Brooklyn Nets,111.375,43.875,50.0,17.5,44.0,13.625,30.375,23.625,14.25,1.6889568764568765,14.625,41.875,34.9125,25.0,49.375,51.03747786912166,17.5,21.125,83.8875,0.0,9.25,0.6801245629370629,4.375,20.0,0.21825930970474314,14.25,0.0,123.125,103.75,40.5,47.0,16.25,40.0,9.625,30.375,24.75,13.75,1.9780260589084118,13.5,40.25,33.7,23.5,46.625,49.968954195196005,16.25,19.625,80.1125,0.0,6.25,0.470491416263475,4.5,19.375,0.23487132707333946,13.75,0.0,112.25
92,119,2026-01-28,1,1,2025-26,Toronto Raptors,New York Knicks,113.375,33.375,62.0,18.0,43.375,11.75,31.625,30.875,13.0,2.4852755496137853,11.125,32.5,34.324999999999996,31.0,56.25,55.16079931177875,18.0,22.75,78.35,0.0,7.125,0.5989611185383243,4.75,19.75,0.24881005553875385,13.0,0.0,135.125,108.5,39.75,55.0,13.75,48.0,14.25,33.75,25.5,13.875,1.9946099651982006,13.25,38.5,34.85,27.5,51.25,53.83554375465895,13.75,19.625,71.275,0.0,8.875,0.6761416687887276,4.625,19.5,0.2335012483861168,13.875,0.0,126.75
97,112,2026-01-28,1,1,2025-26,Memphis Grizzlies,Charlotte Hornets,110.625,38.25,55.75,16.625,50.375,15.875,34.5,28.5,16.5,1.8512666203018204,12.75,40.125,31.4375,27.875,54.375,51.53592451673904,16.625,19.875,81.9625,0.0,6.5,0.4247539384233421,5.625,20.625,0.30147684246562223,16.5,0.0,128.0,116.25,42.375,57.75,16.125,48.5,13.125,35.375,28.125,15.875,1.8714598146951087,14.125,39.25,36.275,28.875,48.5,59.86606037763943,16.125,20.375,80.075,0.0,6.25,0.40290939452704166,3.75,19.0,0.20570014705833792,15.875,0.0,138.0
124,140,2026-01-28,1,1,2025-26,Utah Jazz,Golden State Warriors,116.625,31.5,66.75,18.375,40.125,10.25,29.875,31.25,15.5,2.0410875888817066,10.5,31.125,33.7,33.375,58.125,57.25519649210922,18.375,23.125,79.51249999999999,0.0,7.625,0.5037303382891618,3.75,20.5,0.18408551211860036,15.5,0.0,133.75,119.0,54.75,51.75,12.5,40.0,8.25,31.75,30.125,14.0,2.275642230576441,18.25,48.0,37.550000000000004,25.875,44.875,58.263519889663186,12.5,16.125,78.6,0.0,12.125,0.9247337092731829,4.75,19.125,0.25189428174015605,14.0,0.0,139.625
113,110,2026-01-28,1,1,2025-26,Indiana Pacers,Chicago Bulls,105.625,38.25,53.75,13.625,44.0,10.5,33.5,28.75,15.125,2.3643426916221033,12.75,38.625,33.15,26.875,51.0,52.22850646628291,13.625,19.75,68.92500000000001,0.0,7.25,0.517906162464986,4.75,18.25,0.290661075036075,15.125,0.0,119.125,120.5,52.875,53.25,14.375,42.125,8.5,33.625,32.5,11.375,3.0150030525030522,17.625,42.625,40.875,26.625,46.25,58.34753820977643,14.375,18.0,79.05,0.0,7.125,0.6882173382173382,5.125,17.25,0.325250626566416,11.375,0.0,147.75
105,118,2026-01-28,1,1,2025-26,Dallas Mavericks,Minnesota Timberwolves,119.75,40.5,60.25,19.0,45.25,10.25,35.0,26.75,13.5,2.147276742864978,13.5,35.75,37.45,30.125,54.125,56.04682883583681,19.0,27.0,71.1875,0.0,8.5,0.6976699770817418,4.75,17.875,0.2731745641913986,13.5,0.0,137.25,112.625,43.125,53.0,16.5,47.125,11.0,36.125,25.625,15.625,1.8413756382506383,14.375,38.25,37.7125,26.5,49.875,52.856814816974264,16.5,23.5,70.625,0.0,8.5,0.6165084915084915,6.625,19.875,0.34203791331790556,15.625,0.0,130.625
99,111,2026-01-28,1,1,2025-26,Houston Rockets,San Antonio Spurs,111.375,32.625,61.5,17.25,48.5,13.875,34.625,24.25,14.75,1.701671918767507,10.875,30.25,35.4625,30.75,59.625,52.42299645639008,17.25,24.75,70.375,0.0,9.0,0.60328110410831,5.25,15.625,0.37009834971791494,14.75,0.0,127.875,112.0,43.875,49.75,18.375,44.25,10.125,34.125,26.375,12.5,2.1811258594346827,14.625,40.625,36.4125,24.875,46.625,53.82053368105198,18.375,24.375,77.925,0.0,6.125,0.5042122909769968,5.5,19.0,0.3204125151164625,12.5,0.0,128.0
129,99,2026-01-28,1,1,2025-26,Cleveland Cavaliers,Los Angeles Lakers,114.5,40.875,55.75,17.875,46.125,11.875,34.25,28.125,16.25,1.9058706816059758,13.625,36.375,37.762499999999996,27.875,51.875,53.952594039980056,17.875,22.875,78.9375,0.0,7.5,0.5030053688141923,5.75,19.0,0.3072003538257408,16.25,0.0,134.0,118.5,41.625,57.75,19.125,41.75,9.125,32.625,25.5,12.75,2.0880608974358976,13.875,33.0,42.0625,28.875,53.125,54.53367980769459,19.125,24.875,77.45,0.0,6.875,0.6113114316239316,5.0,18.0,0.27918300653594774,12.75,0.0,135.75
106,117,2026-01-28,1,1,2025-26,Boston Celtics,Atlanta Hawks,114.0,44.625,53.75,15.625,46.375,11.75,34.625,24.375,13.0,2.188721001221001,14.875,41.25,35.6125,26.875,51.125,52.85941679056256,15.625,19.25,80.01249999999999,0.0,8.375,0.7333301910507793,4.75,18.25,0.28187797464870423,13.0,0.0,130.625,115.375,45.0,54.5,15.875,44.0,10.75,33.25,30.625,13.625,2.6708333333333334,15.0,41.375,37.0125,27.25,51.625,52.91204275911723,15.875,20.375,78.36250000000001,0.0,9.25,0.827485994397759,4.625,19.5,0.24079169865446617,13.625,0.0,135.0
124,133,2026-01-28,1,1,2025-26,Miami Heat,Orlando Magic,121.625,44.625,56.0,21.0,49.375,16.5,32.875,28.625,12.0,2.9077850877192986,14.875,43.0,34.3625,28.0,54.75,51.77057870130026,21.0,26.875,77.9625,0.0,7.75,0.755842731829574,3.125,18.25,0.18436424686424688,12.0,0.0,137.75,108.75,32.625,56.5,19.625,41.25,11.0,30.25,25.625,14.5,2.0268002739219844,10.875,33.375,32.9625,28.25,53.625,52.57210160028723,19.625,24.75,78.175,0.0,8.375,0.6295968286099864,5.0,19.625,0.2603733632087465,14.5,0.0,121.5
86,104,2026-01-29,1,1,2025-26,Atlanta Hawks,Houston Rockets,114.5,46.125,53.5,14.875,43.0,10.625,32.375,30.125,13.625,2.6152777777777776,15.375,41.75,37.5625,26.75,51.125,52.48423527248621,14.875,18.875,78.5125,0.0,9.5,0.855263772175537,4.375,19.25,0.23014006958178446,13.625,0.0,133.125,108.875,33.0,59.75,16.125,48.0,14.5,33.5,24.125,15.375,1.5736957282913167,11.0,30.125,36.162499999999994,29.875,61.125,50.099805666916396,16.125,23.375,69.9125,0.0,9.875,0.6409795168067227,6.0,15.625,0.41176501638458163,15.375,0.0,123.875
113,116,2026-01-29,1,1,2025-26,Chicago Bulls,Miami Heat,120.125,52.875,53.5,13.75,43.0,7.875,35.125,32.875,11.875,2.8932498057498055,17.625,41.75,41.825,26.75,46.375,58.45340632834872,13.75,17.375,78.44999999999999,0.0,6.875,0.633022533022533,5.125,17.625,0.32255923900660743,11.875,0.0,148.75,121.25,45.375,54.5,21.375,50.25,16.5,33.75,28.5,12.75,2.8036184210526316,15.125,42.5,35.6,27.25,54.75,50.381689812411366,21.375,27.0,79.14999999999999,0.0,7.5,0.7141760651629072,3.5,17.75,0.2077228327228327,12.75,0.0,137.75
121,123,2026-01-29,1,1,2025-26,Dallas Mavericks,Charlotte Hornets,119.5,36.75,62.5,20.25,46.25,10.875,35.375,26.375,14.125,2.0687992992559554,12.25,33.625,34.9,31.25,55.375,56.872045286053265,20.25,28.75,71.525,0.0,8.375,0.674643661292268,4.375,18.625,0.235219098604354,14.125,0.0,136.75,116.625,45.0,56.25,15.375,47.75,13.5,34.25,28.25,17.125,1.7277098146951089,15.0,40.375,37.55,28.125,47.625,59.39731037763943,15.375,19.25,81.44999999999999,0.0,6.5,0.39665939452704163,3.375,18.25,0.18765201871609194,17.125,0.0,136.625
107,103,2026-01-29,1,1,2025-26,Denver Nuggets,Brooklyn Nets,108.875,36.75,53.25,18.875,38.875,7.375,31.5,24.375,9.875,2.8230769230769233,12.25,34.875,35.2625,26.625,49.375,54.078254585168594,18.875,23.25,80.9,0.0,6.625,0.7637858669108669,4.75,19.5,0.265864637920559,9.875,0.0,123.875,103.375,42.0,45.75,15.625,39.0,9.5,29.5,25.375,14.375,1.9679993209404973,14.0,39.625,35.7375,22.875,45.875,49.58333483117133,15.625,19.5,77.4125,0.0,6.75,0.48486307401748574,3.75,19.5,0.19677608897810134,14.375,0.0,111.375
123,111,2026-01-29,1,1,2025-26,Minnesota Timberwolves,Oklahoma City Thunder,114.375,43.125,54.0,17.25,46.125,10.875,35.25,26.0,16.0,1.7927645271395272,14.375,37.625,38.275,27.0,51.0,52.69750109148407,17.25,23.75,72.8875,0.0,9.25,0.6477584915084915,6.5,20.625,0.3259852817389582,16.0,0.0,132.5,115.875,40.5,56.0,19.375,43.0,6.5,36.5,24.25,11.875,2.11417905011655,13.5,36.25,36.875,28.0,47.625,59.18329460337107,19.375,23.625,81.0125,0.0,6.875,0.6351884226884226,7.5,18.375,0.415566453333986,11.875,0.0,139.0
113,111,2026-01-29,1,1,2025-26,Philadelphia 76ers,Sacramento Kings,114.25,34.125,61.25,18.875,41.25,12.375,28.875,26.5,13.0,2.3124941922542543,11.375,32.375,34.375,30.625,57.25,53.757928157251044,18.875,24.125,78.97500000000001,0.0,11.375,0.9464718782249743,5.0,19.125,0.2788819875776397,13.0,0.0,132.5,112.125,31.875,61.25,19.0,43.375,10.875,32.5,27.0,16.375,1.6771060547424712,10.625,30.0,35.62499999999999,30.625,54.5,56.2476471715219,19.0,24.125,80.025,0.0,6.125,0.3802508443568815,4.75,20.5,0.23962665076151918,16.375,0.0,128.625
114,96,2026-01-29,1,1,2025-26,Phoenix Suns,Detroit Pistons,110.625,39.375,53.75,17.5,41.625,13.0,28.625,22.375,14.125,1.6222902097902099,13.125,37.875,33.95,26.875,51.125,52.68476469082708,17.5,21.25,83.39999999999999,0.0,9.375,0.6941870629370629,4.125,19.875,0.206928900348018,14.125,0.0,121.25,111.125,33.0,60.0,18.125,44.875,12.125,32.75,25.625,16.5,1.8311333480760723,11.0,33.625,32.612500000000004,30.0,54.125,55.31038974233187,18.125,24.75,73.9875,0.0,12.25,0.8212707319770014,6.875,22.375,0.3107509157509158,16.5,0.0,130.875
109,99,2026-01-29,1,1,2025-26,Washington Wizards,Milwaukee Bucks,107.625,37.875,53.75,16.0,42.375,12.5,29.875,24.875,14.625,1.8172238087998958,12.625,37.75,33.175,26.875,53.0,50.910139304183275,16.0,20.125,81.525,0.0,9.75,0.7118563501715676,5.625,19.25,0.30397130443086323,14.625,0.0,120.25,106.5,43.125,48.25,15.125,41.5,8.625,32.875,26.5,14.125,1.9506371692033457,14.375,37.75,38.2875,24.125,45.625,52.83161148232075,15.125,21.375,70.1375,0.0,7.25,0.5080500994103936,4.25,17.5,0.24828085839598996,14.125,0.0,120.75
111,142,2026-01-30,1,1,2025-26,Washington Wizards,Los Angeles Lakers,109.625,38.25,54.5,16.875,43.875,13.25,30.625,24.75,13.375,1.8995816683316684,12.75,38.375,33.125,27.25,53.625,51.03089457350413,16.875,21.375,80.1875,0.0,9.625,0.7398663836163837,5.625,18.625,0.32882925897631776,13.375,0.0,123.625,113.25,37.875,58.0,17.375,40.375,8.875,31.5,23.625,12.75,1.9708733974358976,12.625,32.75,38.587500000000006,29.0,53.125,54.78878184851091,17.375,23.375,74.94999999999999,0.0,7.5,0.6503739316239316,5.0,17.875,0.28056168300653594,12.75,0.0,126.75
126,113,2026-01-30,1,1,2025-26,Phoenix Suns,Cleveland Cavaliers,109.75,40.125,51.5,18.125,41.5,12.125,29.375,22.375,14.625,1.5725164541341012,13.375,37.125,35.0625,25.75,49.0,52.834914840977234,18.125,22.375,81.875,0.0,9.125,0.6568567461949815,4.375,20.0,0.21755142999228677,14.625,0.0,121.25,116.625,40.875,58.25,17.5,48.125,12.875,35.25,28.0,15.75,2.0112278244631185,13.625,36.75,37.4,29.125,52.125,56.089109023331886,17.5,22.875,76.05,0.0,7.75,0.563719654528478,5.25,18.5,0.2843933362818811,15.75,0.0,138.5
130,120,2026-01-30,1,1,2025-26,Orlando Magic,Toronto Raptors,108.5,33.0,57.5,18.0,42.0,12.0,30.0,25.875,14.5,2.06251455963627,11.0,34.125,32.3625,28.75,55.375,51.69797572616135,18.0,22.625,78.175,0.0,9.0,0.7188825428957007,5.0,19.25,0.26777467899822016,14.5,0.0,121.5,112.125,33.75,60.0,18.375,44.0,11.375,32.625,29.75,14.375,2.207497771836007,11.25,31.125,35.6625,30.0,56.0,53.539873068210994,18.375,23.25,78.125,0.0,7.375,0.5579888963161022,5.5,19.75,0.2882837397492802,14.375,0.0,133.625
127,97,2026-01-30,1,1,2025-26,New York Knicks,Portland Trail Blazers,108.0,38.625,54.5,14.875,48.375,14.25,34.125,25.5,14.625,1.8834988540870894,12.875,37.5,34.825,27.25,51.125,53.504447963657505,14.875,20.875,72.3125,0.0,9.0,0.6448916687887277,4.375,19.875,0.21465204203691046,14.625,0.0,126.125,111.625,40.875,54.0,16.75,49.25,14.375,34.875,21.125,17.5,1.2379419191919192,13.625,42.5,31.75,27.0,48.5,57.0258123850246,16.75,23.0,72.2125,0.0,9.25,0.5411616161616162,4.75,16.625,0.28272151663695777,17.5,0.0,121.875
99,109,2026-01-30,1,1,2025-26,Utah Jazz,Brooklyn Nets,116.375,34.125,64.25,18.0,40.25,10.5,29.75,32.25,16.25,2.0026260504201683,11.375,32.375,35.0625,32.125,57.375,55.821177924469964,18.0,22.75,79.33749999999999,0.0,8.5,0.5224550346454371,3.875,20.75,0.1886309666640549,16.25,0.0,134.0,102.125,41.25,44.25,16.625,39.75,10.0,29.75,25.375,14.125,2.028605381546558,13.75,38.875,35.8125,22.125,45.375,48.60176431835082,16.625,20.25,80.53750000000001,0.0,6.875,0.5063277204821323,3.875,19.5,0.2027284699304823,14.125,0.0,111.875
122,109,2026-01-30,1,1,2025-26,Denver Nuggets,LA Clippers,107.0,36.375,52.75,17.875,40.0,7.625,32.375,24.375,9.875,2.823076923076923,12.125,33.75,36.5125,26.375,50.0,52.97753652016482,17.875,22.375,79.73750000000001,0.0,6.375,0.7280715811965812,4.875,18.5,0.28453346908939015,9.875,0.0,123.0,116.25,38.25,55.75,22.25,42.0,9.625,32.375,23.25,14.125,1.983709629186603,12.75,35.25,35.95,27.875,49.0,57.018466954134524,22.25,25.5,86.65,0.0,9.5,0.7644587320574163,3.375,16.0,0.22073513109697318,14.125,0.0,133.375
114,106,2026-01-30,1,1,2025-26,New Orleans Pelicans,Memphis Grizzlies,112.125,31.5,60.0,20.625,49.0,15.5,33.5,23.75,11.875,2.1771825396825397,10.5,32.625,32.6375,30.0,59.75,50.33561539937997,20.625,25.375,80.625,0.0,8.5,0.7428675856307435,5.75,18.375,0.3300080580651233,11.875,0.0,130.625,108.5,39.75,53.5,15.25,48.125,14.875,33.25,28.25,17.0,1.7081042271394273,13.25,40.0,32.7625,26.75,52.125,51.76845862174111,15.25,18.625,79.975,0.0,7.0,0.43757445124385497,6.375,18.0,0.3849445844011061,17.0,0.0,125.75
112,93,2026-01-30,1,1,2025-26,Boston Celtics,Sacramento Kings,115.25,44.625,54.25,16.375,47.0,12.375,34.625,24.25,13.5,2.1236168345543347,14.875,41.125,35.712500000000006,27.125,51.375,53.04809603584559,16.375,20.125,80.45,0.0,7.625,0.6630176910507793,5.375,19.0,0.32171313948386904,13.5,0.0,131.75,112.0,31.875,62.75,17.375,43.125,11.625,31.5,26.75,16.375,1.66240017238953,10.625,29.875,35.8125,31.375,55.625,56.51835385845198,17.375,22.25,79.825,0.0,6.375,0.3949567267098227,4.5,21.125,0.2231431342780027,16.375,0.0,128.0
124,131,2026-01-30,1,1,2025-26,Golden State Warriors,Detroit Pistons,121.625,54.75,52.75,14.125,41.0,9.25,31.75,30.75,14.75,2.2158208020050125,18.25,47.625,37.825,26.375,44.875,59.826019889663186,14.125,18.25,77.475,0.0,12.0,0.8756265664160401,5.125,19.5,0.26607495400906356,14.75,0.0,143.75,111.625,32.25,61.5,17.875,43.625,11.25,32.375,26.25,14.5,2.0872444591871835,10.75,32.875,32.3375,30.75,55.375,55.481007558423826,17.875,24.25,74.5125,0.0,11.0,0.8423818430881125,5.5,21.5,0.2614088104877578,14.5,0.0,130.375
111,107,2026-01-31,1,1,2025-26,Houston Rockets,Dallas Mavericks,110.5,34.875,59.5,16.125,47.875,14.375,33.5,24.875,14.875,1.68046656162465,11.625,31.0,37.35,29.75,58.75,51.2575925521623,16.125,23.75,68.3625,0.0,9.625,0.6461878501400561,6.875,15.5,0.49793925880882406,14.875,0.0,128.875,120.5,35.25,64.75,20.5,47.875,11.375,36.5,26.125,13.375,2.2250492992559554,11.75,33.5,33.55,32.375,57.75,56.616443045156906,20.5,28.75,73.0875,0.0,8.125,0.7036615184351253,5.0,18.5,0.2784482652710207,13.375,0.0,138.875
118,125,2026-01-31,1,1,2025-26,Miami Heat,Chicago Bulls,121.5,44.25,56.0,21.25,51.375,16.25,35.125,29.0,13.25,2.7500469924812028,14.75,41.75,35.3,28.0,56.25,50.29397051416575,21.25,26.625,79.8375,0.0,8.125,0.7338189223057644,3.5,17.625,0.20838072745967484,13.25,0.0,139.625,118.25,52.125,51.5,14.625,44.125,8.25,35.875,31.5,12.25,2.7424084595959592,17.375,41.125,41.825,25.75,47.25,55.711059389573215,14.625,18.375,78.675,0.0,6.25,0.5759311868686868,5.0,17.75,0.31466450216450215,12.25,0.0,143.875
129,124,2026-01-31,1,1,2025-26,Indiana Pacers,Atlanta Hawks,107.5,37.875,53.75,15.875,44.375,10.625,33.75,28.875,14.375,2.68725935828877,12.625,38.5,32.962500000000006,26.875,51.25,51.97883212846267,15.875,22.125,71.5875,0.0,7.125,0.580406162464986,4.75,19.625,0.2579229797979798,14.375,0.0,121.75,110.75,45.75,51.0,14.0,44.75,10.875,33.875,28.75,14.375,2.1881944444444446,15.25,40.875,37.875,25.5,51.125,50.16942045767139,14.0,17.5,80.2,0.0,9.0,0.699013772175537,4.875,18.375,0.26376778697308884,14.375,0.0,129.0
124,114,2026-01-31,1,1,2025-26,Philadelphia 76ers,New Orleans Pelicans,115.0,32.625,63.0,19.375,39.0,11.25,27.75,26.875,12.625,2.4305497478098097,10.875,30.125,34.887499999999996,31.5,57.375,55.480869877880096,19.375,24.75,78.80000000000001,0.0,11.25,0.9638329893360853,4.75,19.625,0.25695216301623625,12.625,0.0,133.75,111.875,30.375,61.75,19.75,47.875,15.25,32.625,24.125,12.0,2.1896825396825395,10.125,33.125,30.925,30.875,59.5,52.149809976732435,19.75,24.75,79.35,0.0,9.375,0.7944300856307436,6.0,17.875,0.3518830580651233,12.0,0.0,130.625
114,131,2026-01-31,1,1,2025-26,Memphis Grizzlies,Minnesota Timberwolves,108.5,37.5,55.25,15.75,46.25,14.75,31.5,28.0,16.625,1.7184303140959487,12.5,39.0,31.837500000000002,27.625,52.5,53.14208499536749,15.75,18.625,83.3,0.0,7.5,0.4682809729829854,5.625,18.5,0.32968142650636933,16.625,0.0,125.0,112.375,43.125,51.5,17.75,46.375,11.625,34.75,24.625,16.5,1.6662020271395273,14.375,38.25,37.575,25.75,50.0,51.292739186722166,17.75,24.5,73.23750000000001,0.0,9.625,0.6524459915084915,7.125,21.25,0.3520269484056249,16.5,0.0,128.75
111,106,2026-01-31,1,1,2025-26,Charlotte Hornets,San Antonio Spurs,115.125,45.0,54.5,15.625,47.125,12.75,34.375,27.5,16.75,1.750786737772032,15.0,40.125,37.8375,27.25,47.75,57.49424915314963,15.625,19.5,81.52499999999999,0.0,6.625,0.4178132406808878,3.875,17.75,0.22406658454242245,16.75,0.0,134.0,113.0,41.25,54.0,17.75,43.875,9.875,34.0,27.5,12.625,2.244816335625159,13.75,39.125,35.025,27.0,47.375,57.05267653819483,17.75,24.25,75.775,0.0,6.0,0.49230752907223496,6.375,18.125,0.38139736360131093,12.625,0.0,131.875
130,77,2026-02-01,1,1,2025-26,Detroit Pistons,Brooklyn Nets,114.5,32.625,63.25,18.625,43.5,11.375,32.125,27.0,14.375,2.145608429775419,10.875,32.125,33.637499999999996,31.625,57.875,54.604787505185136,18.625,24.125,76.8125,0.0,11.375,0.8704149313234065,5.0,22.5,0.21937982498051145,14.375,0.0,134.0,101.75,39.375,45.5,16.875,39.75,10.0,29.75,25.0,13.875,2.0419982386894153,13.125,38.875,34.25,22.75,44.25,51.14027972451328,16.875,21.625,77.1,0.0,6.75,0.5063277204821323,4.0,19.875,0.20456670522459997,13.875,0.0,111.375
116,112,2026-02-01,1,1,2025-26,Washington Wizards,Sacramento Kings,110.375,40.5,53.75,16.125,43.625,14.0,29.625,25.125,14.375,1.7997012855565488,13.5,39.625,34.0,26.875,53.5,50.44171659462026,16.125,20.5,79.375,0.0,10.25,0.7488376754824123,5.75,18.875,0.33308622492059026,14.375,0.0,123.625,107.625,30.0,60.0,17.625,43.375,12.0,31.375,24.625,16.0,1.5739955671263721,10.0,29.875,33.8,30.0,55.875,53.566430781528915,17.625,21.375,83.325,0.0,6.25,0.3933119898677174,4.625,21.0,0.2319150641025641,16.0,0.0,121.0
107,100,2026-02-01,1,1,2025-26,Toronto Raptors,Utah Jazz,112.75,32.625,60.75,19.375,42.625,10.875,31.75,30.125,14.625,2.1896406289788644,10.875,31.125,34.325,30.375,55.375,54.831588524885476,19.375,24.0,79.7125,0.0,7.875,0.587750801078007,5.625,19.875,0.2923598267058019,14.625,0.0,134.5,113.5,34.125,62.25,17.125,39.5,9.75,29.75,31.375,15.5,2.0554335370511843,11.375,31.5,35.9,31.125,56.0,55.5108037748101,17.125,22.25,76.78750000000001,0.0,8.125,0.52446038223902,3.875,21.875,0.17465581138455177,15.5,0.0,130.75
112,103,2026-02-01,1,1,2025-26,San Antonio Spurs,Orlando Magic,114.0,41.25,55.0,17.75,43.125,9.125,34.0,28.125,12.5,2.3215208810797043,13.75,38.75,35.4125,27.5,47.125,58.377404799064394,17.75,23.625,78.11250000000001,0.0,6.375,0.5301863169510228,6.75,17.0,0.41327236360131103,12.5,0.0,135.375,110.75,34.875,55.75,20.125,40.375,10.75,29.625,25.875,13.625,2.1699706999871475,11.625,34.25,34.0625,27.875,53.5,51.87613443186243,20.125,24.25,80.98750000000001,0.0,8.875,0.739167630614999,4.875,19.25,0.26233989638952454,13.625,0.0,124.75
111,130,2026-02-01,1,1,2025-26,Portland Trail Blazers,Cleveland Cavaliers,111.625,40.5,54.0,17.125,48.25,14.375,33.875,21.5,17.25,1.2680555555555555,13.5,42.0,31.8,27.0,48.75,56.623765601398865,17.125,23.25,73.3375,0.0,9.0,0.5326388888888889,5.0,16.25,0.30736093971388084,17.25,0.0,121.75,114.125,39.0,58.25,16.875,47.0,13.375,33.625,27.125,16.5,1.8840971426449367,13.0,37.0,35.875,29.125,52.125,56.08910902333189,16.875,22.0,76.11250000000001,0.0,8.625,0.5907082908921144,4.875,18.25,0.26620448179271705,16.5,0.0,133.125
107,79,2026-02-01,1,1,2025-26,Boston Celtics,Milwaukee Bucks,114.375,46.5,53.25,14.625,46.125,11.875,34.25,24.625,12.75,2.3585069444444446,15.5,42.25,36.2375,26.625,50.5,52.98399347174302,14.625,19.0,76.2625,0.0,7.875,0.7399407679738562,5.375,18.375,0.3300687544571311,12.75,0.0,130.625,105.75,42.375,49.5,13.875,41.375,8.0,33.375,26.75,13.125,2.1287417443667445,14.125,38.25,37.1625,24.75,47.5,52.06772259343187,13.875,19.75,70.2,0.0,6.875,0.5317429098679098,5.0,18.0,0.28109335839599,13.125,0.0,119.875
112,100,2026-02-01,1,1,2025-26,New York Knicks,Los Angeles Lakers,111.25,42.75,54.0,14.5,49.25,14.25,35.0,26.25,15.25,1.8229829810712164,14.25,38.0,37.6625,27.0,50.5,53.64961431645097,14.5,19.75,74.875,0.0,8.75,0.5724710338680927,4.0,19.5,0.2012591848940533,15.25,0.0,131.75,116.375,37.875,60.25,18.25,41.75,8.75,33.0,26.125,13.75,2.00028516214178,12.625,32.125,39.2875,30.125,52.75,57.3324881422172,18.25,24.5,75.0875,0.0,8.625,0.6642628205128205,5.0,16.75,0.3136499183006536,13.75,0.0,135.75
134,91,2026-02-01,1,1,2025-26,Miami Heat,Chicago Bulls,121.0,41.625,57.75,21.625,50.875,14.75,36.125,28.5,15.125,1.9835996240601503,13.875,41.375,33.7625,28.875,54.625,53.28235849230783,21.625,27.0,80.1875,0.0,9.375,0.6269110275689223,3.5,17.375,0.21088699312383524,15.125,0.0,139.5,120.25,55.5,50.5,14.25,44.375,7.875,36.5,32.25,14.25,2.4819917929292927,18.5,41.75,44.15,25.25,46.875,55.12895154643595,14.25,18.125,77.69999999999999,0.0,6.0,0.46134785353535346,4.375,18.625,0.25514069264069267,14.25,0.0,144.25
111,121,2026-02-01,1,1,2025-26,Denver Nuggets,Oklahoma City Thunder,107.5,36.375,52.25,18.875,40.5,7.625,32.875,25.5,10.375,2.819871794871795,12.125,32.5,38.3875,26.125,49.75,52.72930956981021,18.875,23.625,79.675,0.0,6.75,0.7398237179487179,5.25,17.625,0.30731124686716793,10.375,0.0,126.375,114.875,40.5,55.75,18.625,42.125,7.25,34.875,24.375,12.5,2.029662004662005,13.5,36.375,36.725,27.875,48.125,58.40343720586661,18.625,22.75,81.15,0.0,7.375,0.6415804681429682,6.75,17.375,0.3974505113050005,12.5,0.0,135.75
93,117,2026-02-01,1,1,2025-26,Phoenix Suns,LA Clippers,112.375,42.375,52.25,17.75,41.75,12.125,29.625,23.625,15.625,1.561152817770465,14.125,37.375,36.425,26.125,48.5,54.474664346580404,17.75,21.5,82.89999999999999,0.0,9.25,0.6170840189222542,3.875,19.25,0.20544616683439204,15.625,0.0,125.875,115.25,36.75,56.5,22.0,41.625,9.875,31.75,24.125,14.625,1.8364874069643804,12.25,34.125,35.7375,28.25,49.375,57.39763783381097,22.0,25.5,85.45,0.0,9.5,0.6866809542796386,3.75,16.75,0.23859227395411606,14.625,0.0,133.125
102,95,2026-02-02,1,1,2025-26,Charlotte Hornets,New Orleans Pelicans,114.5,43.875,54.25,16.375,48.0,13.0,35.0,27.875,16.125,1.864757326007326,14.625,39.0,37.925000000000004,27.125,48.125,56.87632462484775,16.375,20.125,82.5875,0.0,6.625,0.43313186813186816,4.125,17.375,0.2399158668390732,16.125,0.0,135.875,111.625,31.875,60.0,19.75,47.0,14.375,32.625,24.0,12.125,2.1438492063492065,10.625,33.5,31.974999999999998,30.0,58.5,51.48016711958958,19.75,24.375,80.65,0.0,9.375,0.787485641186299,6.5,18.5,0.35827510351966874,12.125,0.0,130.375
137,128,2026-02-02,1,1,2025-26,Memphis Grizzlies,Minnesota Timberwolves,110.5,36.75,57.0,16.75,45.75,14.5,31.25,28.75,16.25,1.8003747585403933,12.25,39.0,31.1625,28.5,52.25,55.02458928353215,16.75,19.875,84.5,0.0,7.375,0.47244763964965203,5.875,19.125,0.3382041537790966,16.25,0.0,128.375,115.625,45.75,52.25,17.625,46.375,11.5,34.875,25.5,16.375,1.7354728604728604,15.25,39.125,39.0625,26.125,50.25,51.763893032876005,17.625,23.125,76.0,0.0,10.25,0.6977584915084915,6.875,20.5,0.3493814457601222,16.375,0.0,134.75
113,128,2026-02-02,1,1,2025-26,LA Clippers,Philadelphia 76ers,115.0,34.875,58.75,21.375,44.5,10.875,33.625,24.125,15.625,1.6975985180754916,11.625,32.5,35.7,29.375,51.0,57.807549403449876,21.375,26.375,81.0375,0.0,8.625,0.5880698431685274,3.5,17.25,0.21478275014459225,15.625,0.0,132.625,116.125,34.5,62.25,19.375,40.875,11.125,29.75,26.875,12.5,2.4623679296279914,11.5,30.625,36.099999999999994,31.125,57.25,54.94755602633129,19.375,25.25,76.85000000000001,0.0,10.5,0.9013329893360853,4.25,19.875,0.21969726105545193,12.5,0.0,135.0
114,118,2026-02-02,1,1,2025-26,Indiana Pacers,Houston Rockets,111.0,39.0,56.75,15.25,45.0,10.25,34.75,29.25,15.875,2.5494135084863982,13.0,37.25,35.25,28.375,52.875,53.24976514281674,15.25,20.875,73.025,0.0,7.125,0.5448330399353417,4.375,19.625,0.2400658369408369,15.875,0.0,126.5,110.625,34.125,61.5,15.0,49.25,15.375,33.875,26.625,13.875,2.1983237044817927,11.375,30.75,36.8,30.75,62.0,50.56617269153512,15.0,21.375,70.175,0.0,9.625,0.765235469187675,7.0,15.125,0.5082653457653458,13.875,0.0,132.25
100,110,2026-02-03,1,1,2025-26,Dallas Mavericks,Boston Celtics,120.25,37.125,63.5,19.625,48.0,11.125,36.875,26.5,14.0,2.107625056831713,12.375,32.125,37.15,31.75,59.0,54.605266430074614,19.625,27.875,71.96249999999999,0.0,7.75,0.6127524275260344,5.125,17.5,0.3013649319376874,14.0,0.0,138.375,111.25,43.875,53.75,13.625,45.75,12.625,33.125,24.25,11.875,2.4599775326797384,14.625,41.0,35.4125,26.875,51.875,51.791685779435326,13.625,17.875,75.65,0.0,7.25,0.7237642973856209,4.625,18.25,0.28687022504536636,11.875,0.0,125.625
94,113,2026-02-03,1,1,2025-26,Golden State Warriors,Philadelphia 76ers,121.375,54.0,51.25,16.125,41.5,9.375,32.125,31.375,15.5,2.160265246449457,18.0,48.5,36.6,25.625,44.125,59.10831654038089,16.125,21.0,77.15,0.0,12.375,0.8721543441938179,4.875,20.0,0.24419995400906358,15.5,0.0,142.125,118.0,39.0,60.0,19.0,41.0,11.0,30.0,28.0,12.125,2.802645707405769,13.0,33.375,37.875,30.0,55.25,54.7971078829254,19.0,23.5,80.45,0.0,9.25,0.8179996560027519,4.0,20.875,0.19209985845804933,12.125,0.0,138.0
115,127,2026-02-03,1,1,2025-26,Miami Heat,Atlanta Hawks,123.75,42.0,61.25,20.5,50.875,14.125,36.75,30.25,13.875,2.39734231411863,14.0,40.5,34.75,30.625,56.5,54.51021678538351,20.5,26.125,78.075,0.0,9.625,0.6985484544695071,3.875,18.25,0.22199810423494634,13.875,0.0,146.5,113.625,44.625,54.5,14.5,44.625,11.25,33.375,29.0,13.125,2.3569444444444443,14.875,38.875,38.8125,27.25,55.125,49.415405573221726,14.5,18.25,79.91250000000001,0.0,9.125,0.7740137721755369,4.625,18.25,0.2513408863882935,13.125,0.0,132.25
131,115,2026-02-03,1,1,2025-26,Milwaukee Bucks,Chicago Bulls,102.625,40.875,48.25,13.5,40.875,8.25,32.625,25.25,13.125,1.9923781080031078,13.625,38.25,35.6875,24.125,47.125,51.13328631892206,13.5,19.125,70.6125,0.0,6.875,0.5317429098679098,4.25,17.75,0.24161967418546365,13.125,0.0,113.5,116.125,50.25,48.75,17.125,44.75,8.5,36.25,29.375,15.5,2.0309684011164273,16.75,41.125,40.5375,24.375,46.625,53.55512908266784,17.125,21.25,80.025,0.0,5.625,0.3831314792663477,4.5,18.375,0.2672934704184704,15.5,0.0,134.125
109,125,2026-02-03,1,1,2025-26,Brooklyn Nets,Los Angeles Lakers,98.625,36.0,44.25,18.375,40.375,10.375,30.0,23.0,15.625,1.751998238689415,12.0,38.125,31.675,22.125,43.75,50.22154266447187,18.375,23.125,78.94999999999999,0.0,6.625,0.4758731750275868,3.75,20.375,0.18439126662810873,15.625,0.0,104.25,114.375,37.5,59.5,17.375,42.875,8.75,34.125,25.625,13.25,2.03058819244481,12.5,33.5,37.625,29.75,51.25,58.35762041734948,17.375,24.25,71.675,0.0,8.25,0.6544143356643356,4.625,15.375,0.3104356325863679,13.25,0.0,133.125
122,131,2026-02-03,1,1,2025-26,Indiana Pacers,Utah Jazz,109.375,37.875,55.25,16.25,43.75,9.5,34.25,28.75,16.25,2.3011992227721128,12.625,35.125,36.6625,27.625,53.25,51.628086228175704,16.25,22.0,74.21249999999999,0.0,7.75,0.5805473256496274,4.25,20.25,0.22807088744588744,16.25,0.0,123.75,111.0,33.375,58.75,18.875,41.375,10.625,30.75,30.125,16.625,1.9096002037178508,11.125,32.125,34.637499999999996,29.375,55.5,52.87670415795186,18.875,24.0,78.3375,0.0,8.75,0.5348770489056867,4.25,21.125,0.19648120820994863,16.625,0.0,126.625
125,130,2026-02-03,1,1,2025-26,Portland Trail Blazers,Phoenix Suns,110.875,40.5,54.25,16.125,47.375,14.5,32.875,21.625,18.25,1.2068236714975844,13.5,41.75,31.974999999999998,27.125,49.375,56.17025086216984,16.125,21.75,73.86250000000001,0.0,8.25,0.46234903381642517,5.0,16.5,0.3024589789295672,18.25,0.0,118.75,110.75,43.875,50.5,16.375,41.5,11.75,29.75,23.5,14.75,1.8569861511037982,14.625,37.875,37.125,25.25,49.375,51.72865370828253,16.375,20.375,80.5875,0.0,9.0,0.6983340189222542,4.125,20.0,0.21217693606516128,14.75,0.0,122.75
128,92,2026-02-03,1,1,2025-26,Oklahoma City Thunder,Orlando Magic,116.125,41.625,54.75,19.75,41.5,7.875,33.625,24.125,12.625,1.9903991841491844,13.875,37.25,36.800000000000004,27.375,46.75,58.987615133794534,19.75,24.25,80.5,0.0,7.75,0.6632150835275835,6.0,18.0,0.3394147970192862,12.625,0.0,135.625,110.625,35.25,55.25,20.125,37.75,9.0,28.75,25.375,13.25,2.175526255542703,11.75,33.875,34.8125,27.625,53.25,51.67446906626264,20.125,23.875,82.8,0.0,8.75,0.7475009639483323,4.5,19.25,0.24260305428426138,13.25,0.0,122.25
101,132,2026-02-03,1,1,2025-26,Washington Wizards,New York Knicks,110.5,41.25,53.75,15.5,44.625,14.75,29.875,26.125,15.125,1.7662788256635007,13.75,39.25,35.1875,26.875,53.625,50.31248727131199,15.5,19.75,79.0125,0.0,10.375,0.7200943599743909,6.0,18.875,0.3444498612842266,15.125,0.0,126.0,111.125,44.25,53.25,13.625,49.875,14.25,35.625,26.5,15.0,1.9063163144045498,14.75,38.5,38.425,26.625,50.0,53.423391751953474,13.625,18.75,74.1,0.0,9.25,0.6287210338680926,4.0,19.625,0.20006870870357712,15.0,0.0,133.5
124,121,2026-02-03,1,1,2025-26,Detroit Pistons,Denver Nuggets,115.625,31.125,64.75,19.75,42.5,11.125,31.375,27.125,13.0,2.450707113985945,10.375,31.875,32.4375,32.375,57.125,56.739421339531155,19.75,25.375,77.75,0.0,11.625,1.0373557207970907,5.0,21.875,0.22624795684864335,13.0,0.0,137.0,106.25,37.125,50.25,18.875,40.625,8.125,32.5,25.25,11.0,2.723183760683761,12.375,32.5,39.1,25.125,49.0,51.51340047890112,18.875,23.75,79.2875,0.0,7.0,0.7350160256410256,5.25,17.5,0.3085017230576441,11.0,0.0,124.5
116,106,2026-02-04,1,1,2025-26,San Antonio Spurs,Oklahoma City Thunder,113.125,38.25,57.25,17.625,42.875,9.125,33.75,28.0,12.5,2.314167939903234,12.75,37.75,33.4625,28.625,48.5,59.01756652413179,17.625,24.25,76.0625,0.0,6.5,0.5375392581274934,7.25,17.375,0.43420537795537795,12.5,0.0,133.75,117.125,41.25,56.5,19.375,42.25,9.0,33.25,25.375,12.125,2.1737325174825175,13.75,38.0,35.4875,28.25,48.0,59.19415249011637,19.375,24.0,79.85,0.0,8.875,0.7745787198912198,5.375,17.5,0.3082744461420932,12.125,0.0,138.25
125,129,2026-02-04,1,1,2025-26,Sacramento Kings,Memphis Grizzlies,107.875,28.875,60.0,19.0,43.0,12.375,30.625,23.625,15.75,1.5349330671263721,9.625,28.625,34.125,30.0,56.875,52.67176988686801,19.0,22.75,84.125,0.0,6.375,0.41116913272486033,5.0,19.625,0.2745432692307692,15.75,0.0,120.5,113.125,38.625,56.5,18.0,44.875,14.125,30.75,28.25,15.375,1.930521817363923,12.875,39.0,32.6875,28.25,52.25,54.49267438991512,18.0,21.25,84.8,0.0,7.5,0.5055358749437697,5.625,18.625,0.3303370209119637,15.375,0.0,130.625
134,127,2026-02-04,1,1,2025-26,New York Knicks,Denver Nuggets,115.25,45.375,56.0,13.875,50.25,13.5,36.75,28.25,14.0,2.23147971309736,15.125,37.625,40.1875,28.0,51.875,54.24886345006668,13.875,19.0,74.32499999999999,0.0,8.875,0.6458778966131907,4.0,20.0,0.19558306277056278,14.0,0.0,141.125,110.5,37.875,51.0,21.625,42.375,8.625,33.75,25.125,11.25,2.645058760683761,12.625,31.5,40.625,25.5,50.5,50.5642518364713,21.625,26.875,79.625,0.0,7.0,0.7131410256410257,5.875,17.75,0.33627950083542185,11.25,0.0,130.5
126,128,2026-02-04,1,1,2025-26,Toronto Raptors,Minnesota Timberwolves,111.5,33.0,58.75,19.75,43.375,11.0,32.375,29.125,14.75,2.126044137750794,11.0,31.375,34.45,29.375,54.75,53.52300953773506,19.75,24.5,79.55,0.0,8.75,0.6323414443528608,6.0,20.125,0.3060761828134624,14.75,0.0,133.5,116.25,46.5,52.25,17.5,46.25,11.625,34.625,25.75,16.125,1.8188061938061937,15.5,40.0,38.787499999999994,26.125,49.375,52.65675017573315,17.5,23.5,74.51250000000002,0.0,9.875,0.6737685925185926,6.875,20.875,0.34460871848739494,16.125,0.0,135.125
91,124,2026-02-04,1,1,2025-26,LA Clippers,Cleveland Cavaliers,114.0,33.375,61.0,19.625,44.5,10.75,33.75,24.0,15.375,1.716571732361206,11.125,31.25,35.5125,30.5,52.125,58.562245288959716,19.625,25.125,77.69999999999999,0.0,7.625,0.5300341288828131,3.375,17.25,0.2082038027761712,15.375,0.0,130.875,115.75,38.625,60.0,17.125,46.625,13.375,33.25,27.5,16.0,1.9862796823274764,12.875,37.0,35.5125,30.0,52.875,56.92760231538555,17.125,22.25,76.5,0.0,9.625,0.6760257512095746,5.125,18.25,0.28287114845938377,16.0,0.0,136.5
93,114,2026-02-04,1,1,2025-26,Houston Rockets,Boston Celtics,110.5,31.875,61.75,16.875,50.375,15.625,34.75,26.5,14.0,2.1790528711484596,10.625,29.0,36.262499999999996,30.875,63.375,49.504919130281564,16.875,23.25,71.5625,0.0,9.375,0.7449229691876751,7.25,15.75,0.5107163261575026,14.0,0.0,132.75,112.125,43.875,57.25,11.0,46.0,12.125,33.875,26.0,11.375,2.68140610410831,14.625,40.75,35.6125,28.625,53.75,53.29544517793157,11.0,14.75,73.15,0.0,7.25,0.7487642973856209,4.625,17.875,0.2901310946105838,11.375,0.0,129.625
141,137,2026-02-04,1,1,2025-26,Milwaukee Bucks,New Orleans Pelicans,105.75,44.625,48.0,13.125,43.25,8.75,34.5,25.75,12.375,2.105770965145965,14.875,38.5,38.7375,24.0,48.375,49.710768159115766,13.125,18.625,70.0375,0.0,6.125,0.5103143384393385,4.25,18.5,0.23090538847117795,12.375,0.0,119.25,108.625,31.125,58.5,19.0,46.0,14.0,32.0,24.125,12.0,2.1976686507936507,10.375,33.875,30.787499999999998,29.25,58.375,50.11742202155037,19.0,23.75,79.65,0.0,10.0,0.8725550856307436,6.5,19.375,0.34876423395445133,12.0,0.0,125.875
123,107,2026-02-05,1,1,2025-26,Toronto Raptors,Chicago Bulls,115.625,36.0,59.0,20.625,43.125,10.875,32.25,29.25,15.125,2.049121060827717,12.0,31.25,37.762499999999996,29.5,54.625,53.85176465170349,20.625,25.625,80.0625,0.0,8.625,0.6025337520451685,6.25,20.875,0.3060761828134624,15.125,0.0,138.375,113.25,48.0,47.25,18.0,44.875,8.625,36.25,27.625,15.25,1.9393017344497607,16.0,41.625,38.55,23.625,46.0,52.61762908266784,18.0,22.625,79.35,0.0,5.5,0.391464812599681,4.5,18.25,0.2738410894660894,15.25,0.0,127.875
97,101,2026-02-05,1,1,2025-26,Phoenix Suns,Golden State Warriors,111.25,43.875,52.0,15.375,42.75,13.125,29.625,23.125,14.5,1.8735945427121896,14.625,38.125,36.8125,26.0,51.625,50.53034543760583,15.375,19.375,79.1375,0.0,10.125,0.8075997531879885,3.875,20.25,0.19592306609612103,14.5,0.0,123.5,116.125,52.5,48.75,14.875,40.5,9.25,31.25,30.5,16.5,1.9748485797827904,17.5,48.0,36.025,24.375,42.75,58.07173117452723,14.875,19.625,72.825,0.0,12.375,0.8388210108604846,4.75,19.125,0.253031475748194,16.5,0.0,134.125
118,98,2026-02-05,1,1,2025-26,Orlando Magic,Brooklyn Nets,110.75,38.625,52.5,19.625,37.25,8.875,28.375,25.375,12.875,2.2014308608058606,12.875,35.375,37.05,26.25,51.875,50.36355804931349,19.625,23.0,84.8875,0.0,8.75,0.7536687271062271,3.875,20.0,0.1992002765064836,12.875,0.0,121.625,97.625,34.125,46.5,17.0,42.875,11.5,31.375,23.0,17.125,1.489498238689415,11.375,38.5,29.7875,23.25,45.0,50.918120110720224,17.0,22.25,75.0875,0.0,6.625,0.41024817502758676,3.625,20.375,0.1784388856757278,17.125,0.0,102.5
117,126,2026-02-05,1,1,2025-26,Detroit Pistons,Washington Wizards,118.125,31.5,65.75,20.875,42.75,11.5,31.25,27.5,13.125,2.450707113985945,10.5,31.125,33.6875,32.875,58.625,56.33303527276773,20.875,26.25,79.35000000000001,0.0,11.625,1.0217307207970907,4.375,22.125,0.19976647536716186,13.125,0.0,139.5,108.75,41.25,51.5,16.0,43.875,13.875,30.0,26.0,15.375,1.7216984060830811,13.75,39.375,35.0375,25.75,52.25,49.51703272585744,16.0,20.125,79.92500000000001,0.0,10.0,0.6755139403939714,5.875,19.5,0.33208355112379884,15.375,0.0,122.875
99,109,2026-02-05,1,1,2025-26,Houston Rockets,Charlotte Hornets,108.25,32.25,59.25,16.75,49.75,16.375,33.375,24.875,13.5,2.120124299719888,10.75,29.375,36.225,29.625,62.875,47.66769385555629,16.75,23.25,70.9875,0.0,10.0,0.8252801120448179,6.75,16.5,0.4452083047671283,13.5,0.0,127.75,113.5,44.25,51.5,17.75,48.875,12.625,36.25,26.125,16.625,1.693942846369317,14.75,41.0,36.875,25.75,45.625,57.2334674819906,17.75,21.875,82.19999999999999,0.0,6.5,0.4167291531997415,4.125,17.375,0.23991586683907318,16.625,0.0,132.25
123,135,2026-02-05,1,1,2025-26,Dallas Mavericks,San Antonio Spurs,114.75,33.375,61.5,19.875,48.375,11.625,36.75,24.5,13.5,2.0435224927291493,11.125,30.375,35.5,30.75,59.75,51.9220878955029,19.875,28.25,71.76249999999999,0.0,6.625,0.5433079830815899,4.75,16.5,0.30076684581328544,13.5,0.0,128.875,111.875,37.875,57.0,17.0,45.375,9.25,36.125,26.875,12.875,2.1485835243188185,12.625,38.25,32.6875,28.5,48.875,58.44250599144413,17.0,23.25,75.975,0.0,7.125,0.567571725659961,7.625,16.75,0.4696220446220446,12.875,0.0,133.75
121,119,2026-02-05,1,1,2025-26,Atlanta Hawks,Utah Jazz,116.25,46.875,55.75,13.625,44.625,10.625,34.0,29.625,12.75,2.527083333333333,15.625,39.375,39.987500000000004,27.875,54.5,51.144222099832376,13.625,17.75,76.575,0.0,8.75,0.7670693277310925,4.375,18.875,0.23329275804604752,12.75,0.0,136.375,113.625,33.375,62.0,18.25,40.875,9.5,31.375,31.0,16.125,2.1078144894321365,11.125,31.125,35.85,31.0,56.0,55.26114175425386,18.25,23.875,76.33749999999999,0.0,9.125,0.6080913346199723,4.625,20.5,0.22021115473401282,16.125,0.0,132.5
119,115,2026-02-05,1,1,2025-26,Los Angeles Lakers,Philadelphia 76ers,116.25,34.875,62.5,18.875,42.0,8.875,33.125,25.625,12.875,2.0826715257781436,11.625,32.875,35.5875,31.25,51.875,60.49764309308644,18.875,27.0,69.7125,0.0,9.25,0.750247668997669,3.875,15.125,0.2604356325863679,12.875,0.0,134.125,118.375,39.75,60.25,18.375,41.875,11.875,30.0,28.375,11.375,2.892220606191194,13.25,33.875,38.1,30.125,54.75,55.455813584003984,18.375,22.75,80.25,0.0,8.875,0.8255907491201608,3.625,18.875,0.22050894936714024,11.375,0.0,140.125
98,96,2026-02-06,1,1,2025-26,Boston Celtics,Miami Heat,111.5,46.5,54.75,10.25,46.375,12.875,33.5,26.25,11.25,2.7105727707749767,15.5,43.25,35.4375,27.375,51.5,53.12675421976692,10.25,14.125,72.275,0.0,7.0,0.7362642973856209,4.625,17.75,0.29232407706672414,11.25,0.0,128.75,121.875,37.125,63.25,21.5,51.75,14.125,37.625,29.25,14.25,2.225226929503245,12.375,39.25,31.625000000000004,31.625,57.5,55.34727035681208,21.5,26.375,81.325,0.0,9.625,0.6812407621618147,3.75,18.5,0.21110066833751043,14.25,0.0,144.375
105,99,2026-02-06,1,1,2025-26,Milwaukee Bucks,Indiana Pacers,110.75,46.125,52.5,12.125,44.0,8.25,35.75,27.25,12.625,2.1750017343767345,15.375,38.375,39.900000000000006,26.25,49.125,53.984272432620045,12.125,17.125,70.95,0.0,6.0,0.4942886974136974,4.25,18.125,0.2338815789473684,12.625,0.0,128.75,114.875,40.125,58.0,16.75,43.25,9.625,33.625,30.625,15.0,2.486199222772113,13.375,35.625,38.287499999999994,29.0,53.375,54.557379157468624,16.75,22.0,76.0625,0.0,6.875,0.5655473256496275,4.25,20.25,0.2280708874458874,15.0,0.0,133.0
115,119,2026-02-06,1,1,2025-26,Minnesota Timberwolves,New Orleans Pelicans,117.0,47.25,53.0,16.75,46.25,11.375,34.875,25.5,16.0,1.8256243756243757,15.75,39.0,40.1875,26.5,50.0,52.693347443137185,16.75,23.25,72.25000000000001,0.0,9.375,0.6374049561549561,6.75,21.25,0.33174107142857145,16.0,0.0,135.625,112.0,36.375,55.25,20.375,45.875,13.875,32.0,24.75,11.25,2.4565972222222223,12.125,36.375,32.5,27.625,56.625,48.731333311872945,20.375,25.5,79.5625,0.0,9.875,0.9238943713450293,6.125,19.125,0.3275588768115942,11.25,0.0,129.0
135,115,2026-02-06,1,1,2025-26,Portland Trail Blazers,Memphis Grizzlies,110.0,41.25,54.25,14.5,48.0,15.25,32.75,22.5,18.5,1.2347648479681728,13.75,43.0,31.537499999999998,27.125,49.25,56.361847056673014,14.5,19.75,73.325,0.0,8.125,0.4461725632281899,5.0,16.375,0.3047567730472142,18.5,0.0,118.5,116.375,41.25,56.75,18.375,43.625,13.5,30.125,28.625,15.125,1.9939833558254612,13.75,39.875,34.125,28.375,51.625,55.361910973437425,18.375,22.5,81.675,0.0,7.75,0.5324589518668467,5.25,20.0,0.2912344568093996,15.125,0.0,133.0
111,114,2026-02-06,1,1,2025-26,Sacramento Kings,LA Clippers,108.875,28.875,60.25,19.75,42.625,13.125,29.5,23.875,15.375,1.6028417209725259,9.625,29.375,33.362500000000004,30.125,57.75,52.075552781604856,19.75,23.625,84.125,0.0,6.125,0.40275567118639877,4.75,19.75,0.2614480311355311,15.375,0.0,119.625,111.625,33.75,61.0,16.875,43.75,10.0,33.75,24.0,16.375,1.6644883990278725,11.25,31.25,35.95,30.5,52.375,58.26416836588279,16.875,21.875,78.3125,0.0,6.875,0.46753412888281315,3.125,16.875,0.19979034123770967,16.375,0.0,126.125
118,80,2026-02-06,1,1,2025-26,Detroit Pistons,New York Knicks,118.75,29.25,67.75,21.75,42.75,11.625,31.125,27.0,12.5,2.471540447319278,9.75,30.375,32.2875,33.875,59.375,57.48331356590317,21.75,27.375,79.3,0.0,11.5,1.0383973874637573,4.0,21.625,0.18891213363046716,12.5,0.0,139.75,119.875,48.75,56.75,14.375,49.25,12.5,36.75,29.0,13.375,2.3613816738816737,16.25,40.0,41.0625,28.375,50.125,56.58480095006668,14.375,18.875,77.35,0.0,8.125,0.6140151515151514,3.625,19.75,0.18145262798795406,13.375,0.0,146.5
126,132,2026-02-07,1,1,2025-26,Sacramento Kings,Cleveland Cavaliers,109.125,29.25,60.0,19.875,42.25,13.125,29.125,23.5,14.75,1.6575292209725259,9.75,29.875,33.325,30.0,57.75,51.84828005433213,19.875,23.625,84.7,0.0,6.625,0.4695170348227624,4.75,20.5,0.24866394022644023,14.75,0.0,119.875,118.25,41.625,62.0,14.625,45.375,12.625,32.75,28.75,14.5,2.283898729946524,13.875,37.75,37.525,31.0,53.0,58.58017123769132,14.625,19.5,74.1875,0.0,10.75,0.8645178147016382,5.125,17.125,0.3051925770308123,14.5,0.0,143.0
106,112,2026-02-07,1,1,2025-26,Oklahoma City Thunder,Houston Rockets,113.375,39.75,54.25,19.375,43.25,9.375,33.875,24.625,12.25,2.0981830669330668,13.25,38.0,34.425000000000004,27.125,48.375,56.236619628640135,19.375,23.25,83.3375,0.0,8.75,0.7580952034077034,5.75,16.5,0.3473369461420932,12.25,0.0,133.625,105.375,28.5,59.75,17.125,49.0,16.0,33.0,23.75,13.625,2.044143907563025,9.5,27.25,34.95,29.875,63.0,47.98549046572578,17.125,22.75,74.1125,0.0,10.5,0.8477474323062558,6.75,16.25,0.4495485825449061,13.625,0.0,125.25
138,125,2026-02-07,1,1,2025-26,San Antonio Spurs,Dallas Mavericks,113.375,38.25,57.75,17.375,46.875,10.25,36.625,27.125,12.875,2.1664406671759613,12.75,38.625,32.612500000000004,28.875,50.5,57.08184655151639,17.375,23.25,77.475,0.0,6.875,0.549714582802818,7.0,16.375,0.4468045843045843,12.875,0.0,135.0,112.875,31.125,62.5,19.25,48.0,10.875,37.125,22.875,13.25,1.9538760280826843,10.375,29.125,34.85,31.25,61.75,50.80087577429077,19.25,26.25,74.75,0.0,6.75,0.5773988921724991,5.5,16.75,0.33687795692439654,13.25,0.0,126.5
122,115,2026-02-07,1,1,2025-26,Portland Trail Blazers,Memphis Grizzlies,112.25,44.625,54.25,13.375,48.375,15.375,33.0,24.125,18.875,1.3000426257459505,14.875,44.25,33.475,27.125,48.875,56.85204313510439,13.375,18.25,74.2375,0.0,8.375,0.45033922989485653,5.375,16.25,0.3284495835047306,18.875,0.0,123.625,115.5,42.375,55.75,17.375,42.875,13.125,29.75,28.875,14.875,2.032177800269906,14.125,40.625,34.4125,27.875,50.25,55.86172755450859,17.375,21.75,80.0875,0.0,8.375,0.5775978407557355,4.75,19.375,0.2740243118818634,14.875,0.0,132.25
103,109,2026-02-07,1,1,2025-26,Phoenix Suns,Philadelphia 76ers,108.875,43.875,51.5,13.5,42.125,12.0,30.125,22.75,13.25,1.960715754833402,14.625,38.625,36.3375,25.75,49.875,51.921250130397326,13.5,17.625,77.05,0.0,10.75,0.8833573289455642,3.75,19.5,0.19235163752469248,13.25,0.0,122.75,116.75,37.5,60.75,18.5,39.625,11.25,28.375,26.875,11.375,2.792220606191194,12.5,32.875,36.4,30.375,55.125,55.45581358400398,18.5,22.875,80.32499999999999,0.0,9.125,0.8422574157868274,3.5,18.75,0.21581527347781215,11.375,0.0,135.0
127,113,2026-02-07,1,1,2025-26,Brooklyn Nets,Washington Wizards,101.625,34.5,49.0,18.125,44.0,12.375,31.625,23.875,17.75,1.500306509366107,11.5,38.375,30.2,24.5,45.5,53.46731510177568,18.125,24.25,74.19999999999999,0.0,6.875,0.411657949463677,3.375,21.375,0.15760555234239446,17.75,0.0,108.0,111.25,43.125,53.25,14.875,43.125,13.375,29.75,26.375,15.0,1.7735366413771985,14.375,40.125,35.8875,26.625,52.125,51.38467978468097,14.875,19.625,76.07499999999999,0.0,10.25,0.6979404109822066,6.0,20.0,0.33252061406086175,15.0,0.0,126.0
105,99,2026-02-07,1,1,2025-26,Los Angeles Lakers,Golden State Warriors,116.75,34.5,63.25,19.0,40.875,8.875,32.0,26.0,14.0,2.0053113859180036,11.5,32.875,35.0875,31.625,51.375,61.70294322080036,19.0,26.375,71.7,0.0,9.875,0.7668560606060607,4.125,15.0,0.27595850840336134,14.0,0.0,135.125,111.875,51.0,45.75,15.125,40.375,9.5,30.875,28.625,16.625,1.8272295321637426,17.0,48.5,34.6875,22.875,39.875,58.70755368534974,15.125,20.0,72.6375,0.0,12.0,0.8072733918128655,4.875,18.5,0.2726393188854489,16.625,0.0,127.75
120,136,2026-02-07,1,1,2025-26,Chicago Bulls,Denver Nuggets,111.625,48.375,47.75,15.5,44.25,9.625,34.625,27.625,15.875,1.8535174207242706,16.125,42.875,37.6875,23.875,45.375,53.877760794927205,15.5,19.5,80.0625,0.0,5.75,0.3847246165212496,4.875,17.625,0.3053581834831835,15.875,0.0,126.0,113.0,37.125,53.25,22.625,44.875,9.875,35.0,25.375,12.625,2.1966212606837607,12.375,33.125,38.8125,26.625,51.125,52.0642518364713,22.625,27.875,80.6,0.0,7.25,0.6256410256410256,5.375,17.75,0.31246997702589807,12.625,0.0,132.75
119,126,2026-02-07,1,1,2025-26,Atlanta Hawks,Charlotte Hornets,117.625,45.375,59.0,13.25,44.5,11.25,33.25,29.75,12.75,2.5395833333333333,15.125,38.5,39.275,29.5,55.625,52.830730036340306,13.25,17.625,75.4,0.0,8.0,0.6920693277310925,4.875,18.75,0.26326351827996564,12.75,0.0,138.125,116.25,47.625,50.0,18.625,48.75,12.5,36.25,26.25,17.75,1.6209533358798065,15.875,40.5,39.6875,25.0,44.75,56.50374377432571,18.625,22.375,84.53750000000001,0.0,6.75,0.38088999236058063,4.25,16.375,0.2598434030709572,17.75,0.0,136.375
120,117,2026-02-07,1,1,2025-26,Orlando Magic,Utah Jazz,109.5,37.875,53.25,18.375,37.625,8.625,29.0,26.0,13.375,2.177109593837535,12.625,36.375,34.8375,26.625,50.875,52.217006325175554,18.375,22.0,83.5375,0.0,9.25,0.7604560574229693,4.875,20.625,0.24123896698267408,13.375,0.0,122.25,112.625,33.375,61.75,17.5,41.375,10.75,30.625,29.5,15.375,2.0957824038706394,11.125,31.25,35.675,30.875,57.625,53.66449289558461,17.5,23.125,75.32499999999999,0.0,9.0,0.6288132597536622,4.625,20.75,0.2183172153400734,15.375,0.0,129.25
89,111,2026-02-08,1,1,2025-26,Boston Celtics,New York Knicks,107.5,42.0,54.25,11.25,47.5,13.375,34.125,24.0,12.125,2.3572741596638656,14.0,41.375,33.525,27.125,50.25,53.81820536919221,11.25,15.0,74.25,0.0,6.875,0.6798406862745099,4.875,16.25,0.3246901484952956,12.125,0.0,124.375,114.875,45.75,54.5,14.625,46.625,12.75,33.875,28.25,13.75,2.2530483405483404,15.25,40.125,37.8375,27.25,50.25,54.12944380720954,14.625,18.875,78.825,0.0,7.625,0.5598484848484848,3.0,19.375,0.14811929465462073,13.75,0.0,134.5
96,115,2026-02-08,1,1,2025-26,Minnesota Timberwolves,LA Clippers,117.0,46.5,52.75,17.75,46.5,12.75,33.75,24.625,15.5,1.8416958041958043,15.5,38.875,39.675,26.375,50.375,52.09894184873159,17.75,24.625,71.1625,0.0,9.5,0.6713335275835276,6.5,20.125,0.3386855158730159,15.5,0.0,134.375,112.125,33.375,59.75,19.0,43.625,9.25,34.375,23.75,16.375,1.6488633990278725,11.125,30.125,37.15,29.875,50.875,58.61094255943118,19.0,24.25,78.775,0.0,6.875,0.46753412888281315,3.375,17.5,0.2003245292718977,16.375,0.0,128.125
122,104,2026-02-08,1,1,2025-26,Toronto Raptors,Indiana Pacers,112.875,33.375,60.25,19.25,42.875,10.75,32.125,28.375,14.5,2.1048808647492856,11.125,31.25,35.1875,30.125,54.75,54.89494317129711,19.25,24.5,78.13749999999999,0.0,9.0,0.655229830476541,6.75,19.5,0.3685761828134624,14.5,0.0,135.375,114.25,39.75,57.0,17.5,42.125,8.75,33.375,30.875,13.125,2.7223103338832235,13.25,36.75,37.0,28.5,51.625,55.793490268579745,17.5,22.875,76.36250000000001,0.0,7.5,0.6697139923162941,3.625,19.0,0.21860119047619048,13.125,0.0,133.25
101,132,2026-02-08,1,1,2025-26,Washington Wizards,Miami Heat,113.25,42.375,55.0,15.875,41.625,12.25,29.375,26.125,15.25,1.73559021280577,14.125,38.5,36.7,27.5,53.125,52.2246499190762,15.875,20.375,77.325,0.0,9.875,0.6644582681250637,6.25,20.0,0.3444253759656236,15.25,0.0,127.375,120.125,38.625,60.25,21.25,52.0,13.625,38.375,28.75,13.875,2.2398102628365786,12.875,38.625,33.1875,30.125,56.875,52.923800969056984,21.25,26.25,80.48750000000001,0.0,9.25,0.6749907621618148,3.625,19.5,0.18193400167084378,13.875,0.0,142.375
104,110,2026-02-09,1,1,2025-26,Charlotte Hornets,Detroit Pistons,116.5,48.0,50.5,18.0,49.0,13.25,35.75,26.875,17.875,1.6464741692131397,16.0,40.875,39.5625,25.25,46.375,55.195604239442,18.0,21.25,86.53750000000001,0.0,6.5,0.3616191590272473,4.125,16.125,0.2555031252931795,17.875,0.0,135.875,120.5,33.0,66.25,21.25,43.875,11.5,32.375,28.125,12.0,2.6078526645138487,11.0,31.375,34.8625,33.125,58.25,57.399458467513185,21.25,26.25,81.28750000000001,0.0,11.625,1.0683747630293683,4.25,21.25,0.20379308601141957,12.0,0.0,145.875
135,118,2026-02-09,1,1,2025-26,Portland Trail Blazers,Philadelphia 76ers,111.625,45.0,53.5,13.125,48.125,15.375,32.75,24.625,18.5,1.3581308610400682,15.0,44.375,33.625,26.75,48.625,56.3456202102032,13.125,18.375,71.7,0.0,8.0,0.43930981813015063,5.125,16.75,0.30954202047952045,18.5,0.0,122.5,116.75,38.25,59.25,19.25,41.25,11.875,29.375,26.125,11.875,2.70293489190548,12.75,32.875,37.2625,29.625,54.75,54.30998025067065,19.25,23.5,81.1375,0.0,8.875,0.8144796380090498,3.5,19.25,0.21200574966828836,11.875,0.0,135.125
118,99,2026-02-09,1,1,2025-26,Orlando Magic,Milwaukee Bucks,112.375,37.5,54.25,20.625,38.5,8.25,30.25,26.125,13.625,2.1488357843137256,12.5,36.875,34.074999999999996,27.125,51.0,53.248290932041556,20.625,24.625,84.05000000000001,0.0,10.25,0.821467962184874,5.25,19.875,0.27097042478318556,13.625,0.0,126.625,109.875,45.0,54.5,10.375,44.125,9.375,34.75,27.5,12.5,2.2150658369408367,15.0,39.25,38.12500000000001,27.25,50.25,54.75014899791521,10.375,14.75,70.2875,0.0,5.5,0.45903228715728717,3.75,17.625,0.21200657894736843,12.5,0.0,126.625
123,115,2026-02-09,1,1,2025-26,Brooklyn Nets,Chicago Bulls,101.75,34.5,51.0,16.25,42.375,12.0,30.375,25.625,17.125,1.6936825777421751,11.5,37.625,30.7875,25.5,45.75,55.0858870588604,16.25,22.375,72.75,0.0,7.25,0.4538588041645317,3.0,20.875,0.14580485304169513,17.125,0.0,110.375,112.375,48.0,47.5,16.875,43.375,10.125,33.25,26.75,16.125,1.7706742834693685,16.0,43.625,36.75,23.75,45.5,53.40519981931745,16.875,21.0,80.375,0.0,6.625,0.43423442044281824,4.5,18.75,0.2709831834831835,16.125,0.0,124.0
138,116,2026-02-09,1,1,2025-26,Minnesota Timberwolves,Atlanta Hawks,118.375,44.625,55.75,18.0,45.375,12.75,32.625,24.75,14.875,1.8659632034632034,14.875,38.25,38.425000000000004,27.875,51.5,54.166015019463295,18.0,24.875,71.6125,0.0,9.75,0.6901064213564213,6.125,20.875,0.31098665223665223,14.875,0.0,135.625,117.0,44.625,59.5,12.875,43.0,10.5,32.5,29.25,11.875,2.6645833333333333,14.875,37.5,39.800000000000004,29.75,56.125,52.841159740136725,12.875,16.75,77.05000000000001,0.0,8.0,0.7383928571428573,4.875,18.25,0.26951351827996567,11.875,0.0,137.375
110,119,2026-02-09,1,1,2025-26,Los Angeles Lakers,Oklahoma City Thunder,116.875,34.5,62.0,20.375,41.75,8.75,33.0,26.625,15.625,1.8629200815701776,11.5,32.125,36.012499999999996,31.0,49.75,62.25489127274841,20.375,27.875,72.675,0.0,9.0,0.6298995388669302,4.375,14.625,0.3064206932773109,15.625,0.0,136.125,111.375,39.75,51.25,20.375,43.25,10.125,33.125,24.75,13.375,1.9070065963448315,13.25,38.0,34.425000000000004,25.625,47.375,54.38476777678828,20.375,24.875,83.03750000000001,0.0,8.5,0.6441246151724094,5.625,17.625,0.32574603705118416,13.375,0.0,129.125
114,113,2026-02-09,1,1,2025-26,Golden State Warriors,Memphis Grizzlies,108.375,50.25,44.25,13.875,40.5,9.0,31.5,28.25,15.875,1.8834036212325687,16.75,49.5,33.475,22.125,39.0,58.25658823819526,13.875,18.125,72.41250000000001,0.0,13.125,0.915066914080072,5.125,19.125,0.28138931888544894,15.875,0.0,125.625,114.0,41.625,55.5,16.875,41.5,12.0,29.5,27.0,14.375,1.966826923076923,13.875,39.5,34.887499999999996,27.75,50.375,55.426944945812934,16.875,21.625,78.2125,0.0,9.625,0.667948717948718,4.25,18.375,0.26967648579490683,14.375,0.0,129.0
117,119,2026-02-09,1,1,2025-26,Denver Nuggets,Cleveland Cavaliers,116.625,39.75,54.5,22.375,44.25,9.875,34.375,27.25,12.625,2.330549832112332,13.25,34.0,40.550000000000004,27.25,50.5,53.85659326697062,22.375,28.75,77.4,0.0,7.0,0.6077838827838827,5.5,18.125,0.31036913668976357,12.625,0.0,137.625,123.0,42.75,64.25,16.0,42.625,11.625,31.0,30.0,13.375,2.477351110898905,14.25,37.125,38.949999999999996,32.125,53.75,59.91999460180212,16.0,20.5,76.1375,0.0,11.125,0.9225535289873525,4.5,16.25,0.284359243697479,13.375,0.0,148.875
120,94,2026-02-09,1,1,2025-26,New Orleans Pelicans,Sacramento Kings,113.875,39.375,55.0,19.5,45.0,12.875,32.125,26.0,10.875,2.5581597222222223,13.125,36.625,35.275,27.5,55.625,49.62706600108389,19.5,24.5,79.375,0.0,8.875,0.8774305555555556,6.0,19.125,0.3213088768115942,10.875,0.0,132.25,110.125,30.375,60.75,19.0,42.125,13.75,28.375,24.0,15.25,1.6120746755179804,10.125,30.375,33.800000000000004,30.375,57.875,52.39260962826697,19.0,23.375,81.5125,0.0,7.125,0.4876988530045806,5.125,20.0,0.268425844988345,15.25,0.0,121.125
111,115,2026-02-09,1,1,2025-26,Miami Heat,Utah Jazz,118.25,39.375,60.25,18.625,51.5,13.0,38.5,28.625,14.125,2.1929352628365786,13.125,38.625,33.725,30.125,56.375,53.32644692821717,18.625,22.875,81.2,0.0,10.25,0.7263300478761004,3.375,19.25,0.1725355054302423,14.125,0.0,141.875,113.625,32.625,62.5,18.5,42.625,10.875,31.75,29.375,16.25,2.024091227400051,10.875,31.375,34.7125,31.25,57.75,54.173372677005375,18.5,24.375,75.075,0.0,9.75,0.6493402205379759,4.75,21.875,0.2148797153400734,16.25,0.0,131.0
102,95,2026-02-10,1,1,2025-26,Houston Rockets,LA Clippers,105.5,30.75,58.0,16.75,48.75,15.75,33.0,24.25,13.375,2.0980654761904765,10.25,29.375,34.9875,29.0,61.375,48.09751876761257,16.75,22.5,73.4875,0.0,10.625,0.8668650793650794,6.5,16.875,0.4281113844772732,13.375,0.0,125.0,112.5,34.125,59.0,19.375,42.125,8.625,33.5,24.0,15.75,1.7134467323612061,11.375,29.625,38.800000000000004,29.5,50.375,58.38471999493369,19.375,25.125,77.13749999999999,0.0,7.25,0.5092007955494798,4.125,18.0,0.23603881498618343,15.75,0.0,129.375
108,136,2026-02-10,1,1,2025-26,Los Angeles Lakers,San Antonio Spurs,116.125,33.0,63.5,19.625,39.25,7.875,31.375,26.5,15.5,1.868128414903511,11.0,31.75,34.9,31.75,49.375,63.998489655497735,19.625,27.125,71.88749999999999,0.0,9.0,0.6335453722002635,3.625,14.75,0.26832545518207285,15.5,0.0,133.125,117.375,38.25,61.25,17.875,47.75,10.0,37.75,28.375,14.0,2.069218444953739,12.75,36.75,34.112500000000004,30.625,51.625,58.953295415152766,17.875,24.5,73.725,0.0,6.625,0.4872145828028181,7.75,16.5,0.48862443724576077,14.0,0.0,142.25
134,137,2026-02-10,1,1,2025-26,New York Knicks,Indiana Pacers,114.75,45.375,54.5,14.875,45.75,11.25,34.5,27.75,13.375,2.3056051587301587,15.125,39.0,38.575,27.25,50.125,54.26762407931838,14.875,18.5,80.72500000000001,0.0,7.5,0.5697916666666667,2.75,18.75,0.1417690272749416,13.375,0.0,134.75,114.25,39.75,57.75,16.75,41.875,8.0,33.875,30.25,13.75,2.616577251176457,13.25,35.25,38.2125,28.875,52.5,55.66593924817157,16.75,21.75,77.2875,0.0,7.5,0.6556162479553919,3.75,19.5,0.22172619047619047,13.75,0.0,133.25
120,111,2026-02-10,1,1,2025-26,Phoenix Suns,Dallas Mavericks,108.875,43.875,49.25,15.75,41.875,12.125,29.75,22.5,13.375,1.9263750954927426,14.625,40.125,35.275,24.625,46.875,53.001223546436314,15.75,20.375,76.425,0.0,9.875,0.8105551311433664,3.375,20.875,0.16110163752469248,13.375,0.0,120.75,114.25,31.125,64.0,19.125,47.0,11.5,35.5,24.125,12.0,2.39505249867092,10.375,29.75,34.050000000000004,32.0,64.0,50.24940518605548,19.125,25.75,75.63749999999999,0.0,6.875,0.6897938501556923,5.375,16.125,0.3383660521624918,12.0,0.0,127.625
108,116,2026-02-11,1,1,2025-26,Orlando Magic,Milwaukee Bucks,114.0,38.625,55.25,20.125,39.375,8.375,31.0,26.875,13.0,2.2915914661319072,12.875,37.125,34.8,27.625,51.375,53.92733749523447,20.125,24.0,84.22500000000001,0.0,11.0,0.918058871275783,5.25,19.625,0.27305375811651894,13.0,0.0,131.625,109.5,43.5,54.5,11.5,43.875,9.5,34.375,25.875,13.0,2.086940836940837,14.5,38.25,37.8,27.25,50.75,54.06833081609703,11.5,16.25,70.875,0.0,5.625,0.4559072871572872,4.5,17.875,0.24772086466165413,13.0,0.0,124.375
121,93,2026-02-11,1,1,2025-26,Utah Jazz,Sacramento Kings,113.5,33.75,60.5,19.25,45.625,11.875,33.75,28.5,16.0,2.004745989304813,11.25,32.75,34.6875,30.25,56.375,53.74360188809279,19.25,24.75,76.5875,0.0,9.625,0.6523164110141665,3.75,21.75,0.1768027922631503,16.0,0.0,131.875,107.375,27.75,61.5,18.125,44.25,14.625,29.625,22.375,15.0,1.541254242081448,9.25,31.125,29.9125,30.75,59.0,52.01873126336168,18.125,21.75,82.2625,0.0,7.25,0.500469750837398,4.625,19.0,0.25560533216783216,15.0,0.0,117.125
95,113,2026-02-11,1,1,2025-26,Toronto Raptors,Detroit Pistons,112.875,32.625,61.25,19.0,43.75,11.0,32.75,28.25,14.75,2.042817927686349,10.875,30.875,34.85,30.625,55.25,55.28586372615209,19.0,25.125,75.38749999999999,0.0,9.125,0.6456144458611563,7.375,19.5,0.4014709196555676,14.75,0.0,135.875,116.875,28.875,66.75,21.25,43.625,11.25,32.375,26.75,10.875,2.653905296092796,9.625,30.625,30.9125,33.375,58.5,57.57418965030888,21.25,26.25,81.2875,0.0,11.25,1.1196905525030525,4.0,21.125,0.1927811812495148,10.875,0.0,140.5
109,136,2026-02-11,1,1,2025-26,Phoenix Suns,Oklahoma City Thunder,111.125,47.25,50.0,13.875,41.0,11.75,29.25,24.75,13.75,2.052998472116119,15.75,42.0,36.775,25.0,45.25,55.16468508489785,13.875,18.25,74.66250000000001,0.0,10.125,0.8138018843901197,2.875,21.25,0.138532193080248,13.75,0.0,125.25,112.0,42.375,50.0,19.625,43.75,11.375,32.375,25.375,14.25,1.8366940963448317,14.125,38.875,36.362500000000004,25.0,47.125,53.50017782969834,19.625,24.75,80.8375,0.0,9.5,0.6823190596168538,5.125,17.25,0.30660728107032287,14.25,0.0,129.5
89,138,2026-02-11,1,1,2025-26,Philadelphia 76ers,New York Knicks,119.875,39.0,59.5,21.375,41.25,11.375,29.875,26.5,11.5,2.761233211233211,13.0,32.875,38.1,29.75,53.75,55.419152733222994,21.375,25.625,82.6875,0.0,8.625,0.8186813186813187,4.125,19.375,0.23960315226569096,11.5,0.0,140.75,118.625,45.75,57.5,15.375,46.0,10.75,35.25,28.875,12.25,2.506498015873016,15.25,40.75,37.3,28.75,51.125,56.079218282216935,15.375,19.625,78.875,0.0,6.625,0.5459821428571429,3.125,20.5,0.15062319394160825,12.25,0.0,138.875
110,115,2026-02-11,1,1,2025-26,Brooklyn Nets,Indiana Pacers,106.0,35.625,54.25,16.125,43.75,12.125,31.625,26.25,17.5,1.6995649306833518,11.875,35.375,34.175,27.125,48.375,55.6811251540985,16.125,23.125,70.2125,0.0,6.75,0.41341762769394347,3.25,21.25,0.15357997265892,17.5,0.0,116.75,116.75,40.5,58.5,17.75,40.875,7.0,33.875,29.75,13.75,2.571122705721911,13.5,36.125,37.949999999999996,29.25,51.75,57.10824694047926,17.75,22.5,79.55,0.0,7.625,0.6669798843190282,4.125,19.375,0.23825698757763972,13.75,0.0,135.5
110,107,2026-02-11,1,1,2025-26,Charlotte Hornets,Atlanta Hawks,114.625,49.875,47.5,17.25,48.125,13.125,35.0,25.875,17.875,1.598855121594092,16.625,42.25,39.75,23.75,45.375,52.703909887282535,17.25,19.625,89.45,0.0,6.0,0.33780963521772345,4.125,17.875,0.23362812529317947,17.875,0.0,131.25,117.75,45.0,58.5,14.25,42.875,11.5,31.375,28.25,11.625,2.6294956140350876,15.0,39.875,37.4375,29.25,56.0,52.04149644047342,14.25,18.25,78.27499999999999,0.0,8.875,0.7875783208020051,4.625,19.0,0.24724631180223283,11.625,0.0,135.125
102,105,2026-02-11,1,1,2025-26,Houston Rockets,LA Clippers,104.75,31.875,56.0,16.875,47.125,15.0,32.125,23.0,13.625,2.0034474206349207,10.625,28.25,37.525,28.0,60.875,46.671493812175854,16.875,22.25,75.225,0.0,10.375,0.8451636904761904,6.75,17.125,0.44093189729778604,13.625,0.0,122.5,108.625,32.625,58.0,18.0,41.375,9.875,31.5,24.5,14.875,1.8318677849927851,10.875,30.25,36.1375,29.0,51.0,56.872032942233616,18.0,24.375,74.075,0.0,7.125,0.5448367604617604,4.125,18.375,0.22909437054173895,14.875,0.0,123.125
113,126,2026-02-11,1,1,2025-26,Golden State Warriors,San Antonio Spurs,108.25,48.75,45.5,14.0,41.125,9.75,31.375,28.5,17.5,1.6893818821021338,16.25,47.875,33.5625,22.75,39.0,59.50658823819526,14.0,18.25,72.55,0.0,12.75,0.7927843053844198,4.375,18.25,0.2522839267285862,17.5,0.0,125.375,118.625,36.375,64.5,17.75,48.25,10.25,38.0,28.875,14.25,2.055232430967725,12.125,35.5,33.800000000000004,32.25,53.5,59.8296436431959,17.75,24.625,72.8125,0.0,7.375,0.5309208765091118,7.125,17.125,0.42452187314319667,14.25,0.0,144.5
122,116,2026-02-11,1,1,2025-26,Denver Nuggets,Memphis Grizzlies,118.5,40.125,55.0,23.375,44.125,10.625,33.5,27.0,13.375,2.131889117826618,13.375,33.875,40.95,27.5,50.375,54.55103771141507,23.375,30.25,76.525,0.0,7.125,0.5631410256410256,5.25,18.625,0.2960670771931961,13.375,0.0,138.375,115.75,42.75,55.5,17.5,39.625,10.375,29.25,27.0,15.0,1.8973824786324787,14.25,38.875,36.4375,27.75,48.25,57.38772925953843,17.5,22.5,77.8125,0.0,10.625,0.699465811965812,4.0,18.0,0.26074791436633543,15.0,0.0,131.875
111,123,2026-02-11,1,1,2025-26,New Orleans Pelicans,Miami Heat,112.25,40.5,54.5,17.25,43.75,11.5,32.25,26.125,11.25,2.484121260683761,13.5,37.0,35.887499999999996,27.25,53.75,51.15236362013152,17.25,22.375,76.5875,0.0,8.125,0.7793536324786325,6.125,18.875,0.3310310990338164,11.25,0.0,130.0,118.25,41.625,57.25,19.375,49.5,12.0,37.5,29.0,14.375,2.188470977122293,13.875,39.875,34.675,28.625,53.375,53.47857674566139,19.375,24.75,79.375,0.0,10.25,0.717401476447529,3.375,19.375,0.17172381711855395,14.375,0.0,139.875
138,113,2026-02-11,1,1,2025-26,Cleveland Cavaliers,Washington Wizards,122.5,43.5,63.5,15.5,41.5,11.125,30.375,30.25,14.0,2.327053491851286,14.5,38.25,38.6,31.75,52.125,60.90846977910708,15.5,19.875,76.175,0.0,11.125,0.8779106718444953,4.625,17.75,0.2704140104317589,14.0,0.0,147.5,111.5,39.75,55.5,16.25,42.625,12.25,30.375,24.625,16.0,1.5503675407409927,13.25,36.375,36.3875,27.75,54.875,50.878260690190025,16.25,21.25,74.8125,0.0,9.0,0.5758955150886265,6.25,18.75,0.37283446687471455,16.0,0.0,122.75
124,105,2026-02-11,1,1,2025-26,Boston Celtics,Chicago Bulls,104.75,39.0,53.75,12.0,48.25,14.125,34.125,23.25,12.625,2.048940826330532,13.0,40.625,31.674999999999997,26.875,50.125,53.464698581861896,12.0,15.75,74.8,0.0,6.125,0.5215073529411764,4.625,17.75,0.27310284690799397,12.625,0.0,119.75,112.0,45.0,48.75,18.25,43.25,11.0,32.25,25.375,16.5,1.6512298390249243,15.0,42.0,35.6375,24.375,48.25,50.753684667802304,18.25,22.75,80.4125,0.0,7.625,0.48284553155392934,5.5,19.0,0.316437728937729,16.5,0.0,121.875
133,109,2026-02-11,1,1,2025-26,Minnesota Timberwolves,Portland Trail Blazers,122.125,45.375,59.75,17.0,43.5,12.5,31.0,25.625,14.0,2.001190476190476,15.125,39.125,38.1875,29.875,52.0,57.666015019463295,17.0,24.25,69.1375,0.0,9.5,0.7052579365079364,6.0,21.375,0.28686384521910835,14.0,0.0,139.375,116.25,48.375,53.25,14.625,48.875,16.125,32.75,26.375,18.875,1.4247975277067348,16.125,45.5,35.099999999999994,26.625,47.375,57.480986598970205,14.625,20.25,72.45,0.0,8.125,0.4365320403523728,5.625,18.5,0.3104511113886114,18.875,0.0,130.625
93,110,2026-02-12,1,1,2025-26,Oklahoma City Thunder,Milwaukee Bucks,116.375,43.875,53.75,18.75,43.75,11.75,32.0,26.25,13.875,2.035557732708468,14.625,38.0,38.375,26.875,49.75,53.63284292403796,18.75,23.25,82.35,0.0,9.625,0.7192508777986719,4.875,16.125,0.3167175751879699,13.875,0.0,136.25,111.5,44.25,55.25,12.0,43.375,9.125,34.25,25.625,13.625,1.9860885642135644,14.75,37.875,38.8125,27.625,50.625,55.034514390976256,12.0,15.875,74.1125,0.0,5.25,0.40761183261183265,4.0,17.25,0.23080357142857144,13.625,0.0,126.125
119,135,2026-02-12,1,1,2025-26,Utah Jazz,Portland Trail Blazers,115.75,34.875,62.25,18.625,47.125,11.75,35.375,29.25,16.125,2.0349747474747475,11.625,33.25,35.2,31.125,56.375,55.529316173807075,18.625,23.75,78.0,0.0,10.0,0.6706987639553429,3.75,22.25,0.17260111159088143,16.125,0.0,137.75,118.125,50.625,53.75,13.75,49.375,17.0,32.375,27.125,19.875,1.4173188952281024,16.875,46.125,36.425,26.875,48.75,56.36659347329888,13.75,18.5,74.27499999999999,0.0,7.25,0.37937392069425313,5.125,18.5,0.28772383866133866,19.875,0.0,131.25
124,104,2026-02-12,1,1,2025-26,Los Angeles Lakers,Dallas Mavericks,113.5,31.125,63.5,18.875,39.125,8.125,31.0,26.125,16.75,1.621600637125733,10.375,30.75,34.3375,31.75,50.75,62.59542843100794,18.875,26.0,72.2125,0.0,9.0,0.5727814833113747,3.5,15.375,0.25582545518207284,16.75,0.0,128.0,112.75,28.125,64.5,20.125,45.5,11.125,34.375,23.25,11.25,2.3936320441254653,9.375,28.125,32.25,32.25,64.5,50.169191282312156,20.125,27.5,74.725,0.0,7.0,0.7103904410647832,5.25,15.5,0.3463317384370016,11.25,0.0,124.125
112,105,2026-02-19,1,1,2025-26,Washington Wizards,Indiana Pacers,111.25,38.625,56.75,15.875,41.875,12.875,29.0,24.5,16.125,1.5259627788362309,12.875,37.25,34.7375,28.375,54.75,52.039862092878515,15.875,20.875,74.5125,0.0,8.625,0.5413717055648171,5.25,19.25,0.3084086965665913,16.125,0.0,119.625,116.625,42.375,57.75,16.5,40.875,7.25,33.625,29.5,13.125,2.6452648625846567,14.125,37.0,38.8375,28.875,50.75,57.49617797496202,16.5,21.125,78.475,0.0,7.625,0.7006808647111851,3.875,20.125,0.20006254313319527,13.125,0.0,136.0
110,121,2026-02-19,1,1,2025-26,Golden State Warriors,Boston Celtics,108.5,48.75,46.0,13.75,40.5,10.25,30.25,29.25,17.5,1.7518818821021338,16.25,47.375,33.8875,23.0,39.0,60.07477005637709,13.75,18.375,70.3875,0.0,11.0,0.6469509720510865,3.875,18.75,0.2262422600619195,17.5,0.0,123.875,107.5,40.875,55.0,11.625,49.125,14.5,34.625,23.875,12.25,2.1313988095238097,13.625,42.0,31.9,27.5,49.375,55.411127153290465,11.625,15.125,74.85,0.0,5.875,0.5209821428571428,5.125,17.0,0.31595998976513684,12.25,0.0,125.5
121,94,2026-02-19,1,1,2025-26,San Antonio Spurs,Phoenix Suns,122.5,35.625,68.5,18.375,48.0,10.75,37.25,30.5,14.0,2.2635657643010583,11.875,34.875,33.5875,34.25,55.625,61.40622021977248,18.375,24.125,76.10000000000001,0.0,7.875,0.5850875431757784,7.125,17.375,0.4201815953654189,14.0,0.0,151.875,111.5,51.0,47.5,13.0,42.375,12.375,30.0,25.25,13.375,2.140498472116119,17.0,44.75,38.1125,23.75,44.375,53.83135175156451,13.0,17.375,72.97500000000001,0.0,9.125,0.7554685510567863,2.875,20.5,0.1558933041913591,13.375,0.0,125.0
101,105,2026-02-19,1,1,2025-26,Charlotte Hornets,Houston Rockets,112.125,50.625,43.5,18.0,47.75,13.25,34.5,24.25,16.75,1.5929176215940921,16.875,43.5,39.225,21.75,44.75,48.50506818844083,18.0,19.875,91.425,0.0,6.25,0.3759346352177235,4.375,18.0,0.24350954821808063,16.75,0.0,126.5,105.125,33.375,54.75,17.0,47.0,14.5,32.5,23.25,14.5,1.9468998015873016,11.125,29.875,37.3375,27.375,57.125,48.63802699295388,17.0,22.25,75.92500000000001,0.0,9.25,0.7558779761904763,6.875,17.0,0.45155281233046574,14.5,0.0,123.25
94,131,2026-02-19,1,1,2025-26,Sacramento Kings,Orlando Magic,108.125,28.5,60.0,19.625,44.0,14.75,29.25,23.125,14.5,1.6396705316742082,9.5,31.5,30.475,30.0,59.0,50.70294178967747,19.625,23.625,81.9,0.0,7.5,0.5378000675794794,4.625,18.875,0.2571678321678322,14.5,0.0,117.875,115.25,42.0,52.25,21.0,37.875,7.625,30.25,28.125,12.625,2.503397021687463,14.0,38.125,36.6,26.125,48.875,53.14811671601368,21.0,24.75,85.775,0.0,11.25,0.980558871275783,5.25,20.25,0.2648300739059926,12.625,0.0,134.5
112,84,2026-02-19,1,1,2025-26,Cleveland Cavaliers,Brooklyn Nets,124.875,43.875,63.75,17.25,43.125,12.125,31.0,30.625,14.5,2.3070955086580085,14.625,38.75,38.35,31.875,51.875,61.51721682402433,17.25,21.75,76.76249999999999,0.0,10.875,0.8505997474747475,4.875,16.5,0.30708067709842557,14.5,0.0,151.25,107.0,36.0,54.0,17.0,45.25,12.125,33.125,25.875,16.875,1.7242975510042073,12.0,35.5,34.4,27.0,49.5,54.18291406286415,17.0,24.0,71.275,0.0,6.625,0.4211047934693445,3.625,20.875,0.17639743297638036,16.875,0.0,118.5
111,126,2026-02-19,1,1,2025-26,New York Knicks,Detroit Pistons,121.0,48.0,56.75,16.25,46.375,10.625,35.75,30.0,11.875,2.6259424603174604,16.0,41.5,38.387499999999996,28.375,50.5,56.074103715932154,16.25,20.75,78.64999999999999,0.0,6.75,0.5709821428571429,3.25,19.875,0.1677362891797035,11.875,0.0,143.375,117.375,31.875,64.0,21.5,44.375,11.75,32.625,26.75,12.0,2.4128338675213676,10.625,31.0,33.6375,32.0,57.5,56.17087074698998,21.5,27.125,79.375,0.0,11.25,1.019244123931624,4.625,21.125,0.2225430860114196,12.0,0.0,140.875
115,114,2026-02-19,1,1,2025-26,LA Clippers,Denver Nuggets,107.375,30.0,58.5,18.875,40.5,9.25,31.25,23.75,14.875,1.7636859668109668,10.0,28.0,36.1625,29.25,51.875,56.40434586740369,18.875,25.0,75.72500000000001,0.0,7.5,0.5789276695526696,4.625,17.875,0.26769086176980916,14.875,0.0,122.125,120.375,40.125,55.75,24.5,43.75,10.125,33.625,27.875,13.375,2.190222451159951,13.375,33.0,42.325,27.875,50.875,54.72438131696207,24.5,31.375,77.44999999999999,0.0,6.875,0.546474358974359,4.25,19.0,0.23233352456161716,13.375,0.0,140.25
101,110,2026-02-19,1,1,2025-26,Chicago Bulls,Toronto Raptors,111.375,45.0,48.5,17.875,41.625,11.0,30.625,25.125,16.75,1.5847962725913578,15.0,42.75,34.800000000000004,24.25,47.625,51.12779006793242,17.875,22.125,81.2625,0.0,8.375,0.5352930840014818,5.75,18.5,0.3341144966144966,16.75,0.0,120.125,111.0,33.0,57.75,20.25,42.375,11.125,31.25,27.5,14.875,1.9858326335687018,11.0,31.25,34.8875,28.875,53.625,53.64549827764711,20.25,25.875,78.7125,0.0,9.125,0.6423975340964505,7.0,19.875,0.37279444906733233,14.875,0.0,131.5
107,117,2026-02-19,1,1,2025-26,Philadelphia 76ers,Atlanta Hawks,113.625,33.0,58.5,22.125,40.25,11.0,29.25,24.125,12.875,2.247344322344322,11.0,31.625,33.9,29.25,53.375,54.87814183733922,22.125,26.375,83.64999999999999,0.0,8.875,0.7561813186813187,4.25,18.875,0.2528607280232667,12.875,0.0,129.25,114.625,42.0,57.5,15.125,42.25,11.375,30.875,27.375,11.5,2.5862263832658567,14.0,39.0,35.675,28.75,55.125,52.02729189501888,15.125,19.875,76.1,0.0,8.5,0.7662871120107962,4.25,19.125,0.22671059751651856,11.5,0.0,129.375
97,128,2026-02-20,1,1,2025-26,Atlanta Hawks,Miami Heat,114.625,39.0,57.75,17.875,43.875,11.875,32.0,26.75,12.125,2.3977343197737935,13.0,37.75,34.225,28.875,55.875,51.54999571338833,17.875,23.25,77.1375,0.0,8.5,0.7117236199473042,4.625,19.625,0.24072661582315474,12.125,0.0,129.125,118.125,41.25,57.0,19.875,50.5,13.125,37.375,28.75,13.125,2.391595977122293,13.75,41.5,32.8875,28.5,53.5,53.1292501463348,19.875,26.0,77.4375,0.0,10.5,0.8007348097808624,3.875,19.0,0.21200159489633175,13.125,0.0,139.75
118,139,2026-02-20,1,1,2025-26,New Orleans Pelicans,Milwaukee Bucks,113.125,41.25,54.25,17.625,42.25,10.125,32.125,26.625,11.625,2.4562366452991453,13.75,36.625,37.012499999999996,27.125,52.875,51.622469695348485,17.625,22.625,77.55,0.0,8.375,0.7899305555555556,5.875,18.875,0.3201615338164251,11.625,0.0,131.0,110.0,45.0,54.75,10.25,44.75,10.0,34.75,25.125,13.5,1.9680961399711399,15.0,38.875,38.3625,27.375,50.75,54.43128507312429,10.25,13.375,74.2375,0.0,5.875,0.4682178932178932,4.25,17.875,0.23325455182072827,13.5,0.0,126.125
125,122,2026-02-20,1,1,2025-26,Los Angeles Lakers,LA Clippers,116.625,31.5,65.5,19.625,40.125,8.375,31.75,27.875,16.375,1.7940765986641947,10.5,30.625,34.862500000000004,32.75,51.5,63.57873084288178,19.625,26.375,74.58749999999999,0.0,9.125,0.5950170602344516,3.5,15.875,0.2511379551820728,16.375,0.0,135.25,108.125,27.75,60.25,20.125,41.875,8.75,33.125,23.5,15.5,1.6019796176046175,9.25,27.125,34.8125,30.125,52.875,56.978017364988226,20.125,26.125,77.21249999999999,0.0,7.75,0.5620625901875903,4.75,18.125,0.2715728493474489,15.5,0.0,123.875
122,111,2026-02-20,1,1,2025-26,Minnesota Timberwolves,Dallas Mavericks,124.0,46.125,59.75,18.125,43.625,12.5,31.125,25.625,14.375,1.9470238095238095,15.375,39.125,38.925,29.875,51.125,58.51900244084694,18.125,25.25,70.2375,0.0,9.375,0.6656746031746033,6.0,20.875,0.2925781309333941,14.375,0.0,142.125,112.0,27.0,65.25,19.75,43.625,10.25,33.375,23.25,11.75,2.3269653774587984,9.0,27.75,31.300000000000004,32.625,63.0,52.13943801670984,19.75,27.0,74.7375,0.0,6.625,0.6550874107617529,4.625,15.375,0.31380249867091975,11.75,0.0,122.0
103,157,2026-02-20,1,1,2025-26,Portland Trail Blazers,Denver Nuggets,121.125,52.125,53.75,15.25,47.25,15.75,31.5,28.0,20.0,1.4533307999900071,17.375,47.125,36.7125,26.875,45.375,59.39156146305561,15.25,19.75,76.6875,0.0,6.875,0.3585405873609198,5.375,19.25,0.2890026110398553,20.0,0.0,135.875,121.25,40.125,56.0,25.125,44.25,10.0,34.25,28.5,14.625,1.9748863167061697,13.375,34.75,40.1375,28.0,49.875,56.00256167122938,25.125,32.125,77.725,0.0,7.125,0.49815503124326654,4.0,20.25,0.20703590551399811,14.625,0.0,140.25
105,86,2026-02-20,1,1,2025-26,Oklahoma City Thunder,Brooklyn Nets,115.0,44.625,52.25,18.125,43.0,11.875,31.125,25.875,13.875,2.012120232708468,14.875,38.875,38.2625,26.125,48.375,53.283755920815615,18.125,22.875,80.9375,0.0,9.5,0.7114383777986719,4.5,15.25,0.33546757518796994,13.875,0.0,133.0,104.625,36.0,52.25,16.375,43.625,11.125,32.5,26.0,17.25,1.6513808843375408,12.0,37.0,33.25,26.125,48.25,53.45648862426766,16.375,23.75,68.675,0.0,7.125,0.44888257124712233,3.375,20.625,0.16699893673577884,17.25,0.0,113.0
123,114,2026-02-20,1,1,2025-26,Memphis Grizzlies,Utah Jazz,118.125,43.125,56.5,18.5,39.625,10.375,29.25,27.125,14.125,2.221100427350428,14.375,38.75,36.875,28.25,49.625,56.86591875297182,18.5,23.625,78.5625,0.0,10.875,0.8533119658119659,3.75,20.75,0.1927791643663354,14.125,0.0,134.5,115.125,34.5,62.0,18.625,47.25,12.0,35.25,28.0,16.125,1.969185273790537,11.5,33.25,34.8625,31.0,56.0,55.701019470510374,18.625,24.375,76.1125,0.0,9.875,0.6641198165869219,3.75,22.875,0.16944454593431574,16.125,0.0,135.375
131,118,2026-02-20,1,1,2025-26,Washington Wizards,Indiana Pacers,111.625,39.75,57.25,14.625,40.0,11.875,28.125,25.625,15.75,1.6990397019131538,13.25,37.5,35.5875,28.625,54.75,52.44969815845228,14.625,19.875,72.72500000000001,0.0,9.375,0.63944862864174,5.0,20.0,0.2656279479034897,15.75,0.0,120.25,115.625,42.375,56.75,16.5,41.75,7.5,34.25,28.5,15.25,2.139830079975961,14.125,37.75,38.087500000000006,28.375,49.75,57.421513963015784,16.5,21.375,77.6625,0.0,7.625,0.5928910096387212,4.0,20.625,0.20195648252713466,15.25,0.0,132.375
113,118,2026-02-20,1,1,2025-26,Charlotte Hornets,Cleveland Cavaliers,110.75,49.5,42.25,19.0,48.125,13.125,35.0,24.25,16.25,1.6319801215940921,16.5,43.5,38.325,21.125,44.0,48.02143723605988,19.0,21.125,90.9,0.0,6.5,0.3993721352177235,4.5,18.125,0.25297924518777765,16.25,0.0,125.875,124.625,44.25,64.0,16.375,44.5,12.25,32.25,31.125,14.25,2.3684794372294373,14.75,40.0,37.1375,32.0,51.5,62.18442815300037,16.375,20.875,75.46249999999999,0.0,11.0,0.8662247474747475,5.125,16.25,0.33272170273945123,14.25,0.0,152.875
113,110,2026-02-21,1,1,2025-26,Phoenix Suns,Orlando Magic,109.0,49.5,49.0,10.5,42.25,13.375,28.875,25.25,12.875,2.190272227772228,16.5,44.75,36.925,24.5,47.625,52.09390001411278,10.5,14.5,70.96249999999999,0.0,9.0,0.7639527139527139,3.125,19.625,0.17865145636527216,12.875,0.0,120.375,115.0,46.125,47.75,21.125,37.75,6.75,31.0,27.125,13.0,2.21053987883032,15.375,39.625,38.0875,23.875,45.625,51.95493489783187,21.125,24.75,86.5125,0.0,11.375,0.9287731569900688,5.0,20.375,0.24736683861187495,13.0,0.0,133.625
108,106,2026-02-21,1,1,2025-26,New York Knicks,Houston Rockets,119.0,43.875,57.75,17.375,44.625,10.0,34.625,29.375,11.625,2.6170138888888888,14.625,40.25,35.975,28.875,50.25,57.2938330606615,17.375,22.5,77.3125,0.0,6.75,0.584375,3.75,20.0,0.18965187359528793,11.625,0.0,139.75,105.25,32.25,56.25,16.75,44.5,12.75,31.75,22.75,14.375,1.9232255591630592,10.75,30.0,36.012499999999996,28.125,56.125,50.88825897563251,16.75,21.375,78.7125,0.0,10.125,0.8429991883116883,6.125,17.5,0.3591285699062233,14.375,0.0,122.5
139,122,2026-02-21,1,1,2025-26,San Antonio Spurs,Sacramento Kings,123.75,38.25,67.0,18.5,48.5,11.125,37.375,30.75,13.625,2.342732430967725,12.75,36.25,35.0875,33.5,54.875,60.924077362629625,18.5,23.625,78.5,0.0,8.0,0.6059208765091117,7.0,17.0,0.4264315953654189,13.625,0.0,154.375,106.0,27.75,59.0,19.25,44.25,14.25,30.0,23.25,14.75,1.629995609073589,9.25,31.625,29.3625,29.5,59.375,49.50363791558546,19.25,23.25,81.575,0.0,7.875,0.5528929468364453,4.5,17.625,0.26137456293706296,14.75,0.0,114.875
110,126,2026-02-21,1,1,2025-26,Chicago Bulls,Detroit Pistons,109.875,43.875,49.0,17.0,40.875,10.375,30.5,24.75,17.625,1.509048989982662,14.625,43.0,33.612500000000004,24.5,46.375,52.73881491265292,17.0,21.125,81.0375,0.0,8.5,0.5288392796536557,5.875,18.25,0.34383671883671885,17.625,0.0,117.875,121.125,34.5,65.0,21.625,45.25,12.0,33.25,27.25,12.75,2.3017227564102565,11.5,31.125,36.4625,32.5,58.125,56.43428070867581,21.625,27.0,80.475,0.0,11.375,0.9831330128205128,5.375,21.25,0.2593851912745775,12.75,0.0,147.0
126,111,2026-02-21,1,1,2025-26,New Orleans Pelicans,Philadelphia 76ers,116.0,39.0,59.0,18.0,40.125,8.625,31.5,26.25,12.25,2.3054429945054946,13.0,34.75,35.887499999999996,29.5,53.25,55.207078771346296,18.0,23.375,76.8125,0.0,8.0,0.6986607142857143,5.125,18.375,0.29145004922258755,12.25,0.0,132.375,112.875,34.125,56.25,22.5,43.0,12.25,30.75,23.125,13.75,2.0329346001221,11.375,32.625,34.0625,28.125,54.125,51.82214023155841,22.5,27.125,82.89999999999999,0.0,9.0,0.7153827075702075,5.5,19.875,0.2933090711031887,13.75,0.0,127.875
136,120,2026-02-21,1,1,2025-26,Miami Heat,Memphis Grizzlies,119.625,41.625,59.25,18.75,51.625,13.25,38.375,29.0,12.5,2.563222961249277,13.875,41.375,33.3625,29.625,54.5,54.05030277791374,18.75,24.75,76.85,0.0,10.0,0.8047030637491163,4.125,19.25,0.22265322396901344,12.5,0.0,143.5,120.25,43.125,57.75,19.375,39.5,9.75,29.75,27.5,13.75,2.2718357214680744,14.375,37.75,37.7625,28.875,50.5,57.126674945931406,19.375,25.875,74.85,0.0,11.375,0.8948560834590246,4.125,20.375,0.21991732226107225,13.75,0.0,137.5
112,129,2026-02-22,1,1,2025-26,Washington Wizards,Charlotte Hornets,114.125,36.0,62.5,15.625,41.125,11.0,30.125,26.625,15.625,1.7648291755973644,12.0,35.125,34.012499999999996,31.25,56.625,54.8672560907161,15.625,21.0,73.8375,0.0,9.875,0.6708813771797518,5.625,19.5,0.3143121584298055,15.625,0.0,127.875,109.5,49.5,40.5,19.5,48.125,15.0,33.125,24.0,16.75,1.5141229787369492,16.5,45.375,36.6875,20.25,42.25,47.82699279161543,19.5,21.625,91.03750000000001,0.0,6.625,0.39401499236058063,3.875,18.875,0.20854190503432496,16.75,0.0,122.375
121,113,2026-02-22,1,1,2025-26,Oklahoma City Thunder,Cleveland Cavaliers,114.25,45.375,50.25,18.625,44.375,12.125,32.25,25.25,14.25,1.9459195748137312,15.125,39.375,38.4625,25.125,47.5,52.19474076930046,18.625,23.5,80.6875,0.0,9.5,0.6978692988513036,4.375,15.75,0.32011669799498743,14.25,0.0,132.0,123.25,41.625,63.25,18.375,43.625,11.875,31.75,30.125,14.5,2.2184794372294374,13.875,37.125,38.262499999999996,31.625,51.875,61.08520308561493,18.375,22.75,77.4625,0.0,10.75,0.8203914141414141,5.25,17.0,0.3339121789299274,14.5,0.0,150.625
77,92,2026-02-22,1,1,2025-26,Phoenix Suns,Portland Trail Blazers,107.375,46.875,49.5,11.0,45.0,15.0,30.0,23.875,11.25,2.291913641913642,15.625,45.625,34.575,24.75,50.75,49.5001772590997,11.0,15.25,70.7875,0.0,8.5,0.831503219003219,3.0,19.75,0.17075671952316687,11.25,0.0,116.25,121.875,52.875,53.25,15.75,47.125,15.75,31.375,28.25,19.75,1.4831919111011183,17.625,47.625,36.925000000000004,26.625,45.5,58.56497576804886,15.75,21.0,75.2375,0.0,7.25,0.3828461429164754,5.375,20.125,0.27217568796293223,19.75,0.0,136.0
108,135,2026-02-22,1,1,2025-26,Minnesota Timberwolves,Philadelphia 76ers,123.875,43.875,61.75,18.25,44.625,12.75,31.875,25.875,14.25,1.9687343358395988,14.625,38.5,37.8375,30.875,53.0,58.472009959643934,18.25,25.375,70.5,0.0,8.75,0.6367272347535505,6.125,21.0,0.2963660097212729,14.25,0.0,141.875,111.25,32.25,55.25,23.75,42.375,12.25,30.125,22.0,13.875,1.898843691031191,10.75,33.875,31.425,27.625,52.875,52.03765747293772,23.75,28.375,83.8875,0.0,9.625,0.7665190712065711,5.625,20.875,0.2888973063973064,13.875,0.0,124.0
94,122,2026-02-22,1,1,2025-26,Milwaukee Bucks,Toronto Raptors,115.0,46.875,57.0,11.125,44.0,10.125,33.875,25.5,14.25,1.8542072510822512,15.625,38.625,40.287499999999994,28.5,50.25,56.90152316836239,11.125,14.5,74.23750000000001,0.0,6.125,0.445995670995671,4.125,17.5,0.235828081232493,14.25,0.0,132.375,111.875,31.125,59.25,21.5,41.75,11.0,30.75,26.875,15.25,1.8730079582440262,10.375,29.875,34.275,29.625,55.5,53.41946498258396,21.5,26.5,81.425,0.0,9.625,0.653761170460087,6.625,19.625,0.35745353997642326,15.25,0.0,131.125
130,134,2026-02-22,1,1,2025-26,Indiana Pacers,Dallas Mavericks,114.25,43.5,54.75,16.0,40.375,7.25,33.125,28.875,15.0,2.1726975747999773,14.5,39.875,36.8125,27.375,47.75,57.80662307726482,16.0,21.375,75.2875,0.0,8.375,0.6317108854151189,3.5,20.0,0.17814695871761085,15.0,0.0,129.25,112.75,28.875,64.75,19.125,43.0,10.375,32.625,23.125,10.875,2.400978535353535,9.625,28.625,33.2125,32.375,63.75,51.23981680458862,19.125,25.75,75.44999999999999,0.0,7.375,0.7406137265512266,4.625,15.25,0.3148989898989899,10.875,0.0,123.0
109,111,2026-02-22,1,1,2025-26,LA Clippers,Orlando Magic,108.75,27.375,61.0,20.375,39.25,8.125,31.125,23.5,15.25,1.6236810064935066,9.125,26.75,34.8875,30.5,53.125,57.35659474759451,20.375,25.5,79.475,0.0,8.375,0.6028612012987014,5.0,18.375,0.2819895160141156,15.25,0.0,124.25,112.5,43.5,50.0,19.0,40.0,7.625,32.375,26.625,13.5,2.1063732121636534,14.5,40.25,35.0375,25.0,47.5,52.200505005690104,19.0,22.5,85.8875,0.0,11.25,0.902731490323402,6.5,20.125,0.3203482050715023,13.5,0.0,131.625
128,117,2026-02-22,1,1,2025-26,Golden State Warriors,Denver Nuggets,111.875,52.875,45.75,13.25,39.875,10.25,29.625,30.375,16.25,2.0303906540319585,17.625,49.375,35.55,22.875,37.125,61.729822321185445,13.25,17.75,68.95,0.0,10.375,0.6725357673727239,3.875,17.75,0.24538101604278076,16.25,0.0,129.625,125.625,42.0,58.5,25.125,46.375,10.75,35.625,29.875,15.0,2.006737278244631,14.0,36.375,39.4,29.25,51.125,57.063167731835435,25.125,32.125,77.725,0.0,7.75,0.5245973389355743,3.875,20.75,0.19630358228167488,15.0,0.0,147.25
99,105,2026-02-22,1,1,2025-26,Chicago Bulls,New York Knicks,108.0,42.75,47.75,17.5,41.0,11.25,29.75,24.125,17.5,1.4895743523015028,14.25,43.0,32.675000000000004,23.875,45.875,51.933890670228685,17.5,21.875,80.86250000000001,0.0,8.75,0.5415204390739455,6.875,17.75,0.4096630493689317,17.5,0.0,116.125,118.5,40.875,59.5,18.125,42.5,9.25,33.25,28.875,11.875,2.5128472222222222,13.625,38.25,35.425,29.75,51.5,57.695943057202484,18.125,23.125,79.1625,0.0,7.25,0.6114583333333333,3.5,20.5,0.17298520692862124,11.875,0.0,137.375
115,104,2026-02-22,1,1,2025-26,Atlanta Hawks,Brooklyn Nets,116.0,40.5,57.25,18.25,43.875,11.625,32.25,27.625,12.25,2.4498176531071265,13.5,37.625,35.6375,28.625,56.25,50.84336803307644,18.25,24.25,73.925,0.0,8.125,0.677268491742176,4.375,19.625,0.22510161582315474,12.25,0.0,130.0,101.75,33.375,51.5,16.875,42.75,11.0,31.75,25.0,18.375,1.483226122432779,11.125,37.125,31.0125,25.75,47.75,53.252854539054624,16.875,23.5,71.1875,0.0,7.75,0.45185876172331274,3.625,21.0,0.1737924149966484,18.375,0.0,107.875
89,111,2026-02-22,1,1,2025-26,Los Angeles Lakers,Boston Celtics,114.5,32.625,62.75,19.125,38.375,7.625,30.75,27.0,15.75,1.837581500624979,10.875,30.375,36.4125,31.375,51.75,60.6941154582664,19.125,25.5,75.21249999999999,0.0,8.0,0.5533503935677849,3.5,17.875,0.20947128851540617,15.75,0.0,129.375,109.375,43.875,54.75,10.75,49.5,14.25,35.25,25.75,11.875,2.313490155677656,14.625,42.75,33.9,27.375,49.375,55.18385442601773,10.75,14.0,75.4,0.0,6.375,0.5648523351648351,5.125,16.125,0.38326768207282913,11.875,0.0,130.875
125,105,2026-02-23,1,1,2025-26,Houston Rockets,Utah Jazz,104.625,33.0,54.0,17.625,43.375,12.125,31.25,21.625,16.125,1.3857255591630593,11.0,30.625,36.0375,27.0,52.0,52.18554618319846,17.625,22.375,79.3375,0.0,9.5,0.665915854978355,6.125,17.5,0.3591285699062234,16.125,0.0,119.75,117.0,35.625,63.0,18.375,49.25,12.75,36.5,28.25,17.75,1.8195640616693247,11.875,33.875,35.325,31.5,57.25,55.29458571056571,18.375,24.0,75.9125,0.0,10.5,0.6532296650717703,4.0,23.0,0.17895541549953314,17.75,0.0,137.875
114,123,2026-02-23,1,1,2025-26,Memphis Grizzlies,Sacramento Kings,121.0,45.0,56.75,19.25,38.5,9.25,29.25,27.75,13.5,2.328245977878331,15.0,38.5,38.75,28.375,50.375,56.319345482941564,19.25,25.625,75.0375,0.0,12.125,0.9628048014077425,4.5,21.125,0.22844004953379954,13.5,0.0,138.5,109.625,27.375,62.75,19.5,42.75,13.625,29.125,25.0,14.25,1.825308109073589,9.125,31.75,28.8375,31.375,60.875,51.48681099250854,19.5,23.5,81.66250000000001,0.0,8.75,0.6362262801697787,4.625,17.875,0.2634578962703963,14.25,0.0,120.375
103,114,2026-02-23,1,1,2025-26,Detroit Pistons,San Antonio Spurs,120.5,35.625,65.5,19.375,44.875,11.75,33.125,27.625,12.5,2.363106684981685,11.875,31.5,37.25,32.75,59.0,56.162541578241026,19.375,24.375,79.5625,0.0,11.25,0.9887133699633699,5.75,20.875,0.2805808434484905,12.5,0.0,146.625,127.875,38.25,70.5,19.125,50.0,11.875,38.125,31.5,14.5,2.269500107735402,12.75,36.25,35.087500000000006,35.25,56.625,62.25559910176006,19.125,24.75,77.1375,0.0,7.75,0.5610976441858795,7.125,17.5,0.4233065953654189,14.5,0.0,159.25
114,135,2026-02-24,1,1,2025-26,Indiana Pacers,Philadelphia 76ers,116.25,46.5,53.75,16.0,41.125,7.5,33.625,29.375,15.75,2.049260074799977,15.5,41.875,36.9875,26.875,46.625,57.944548676256,16.0,21.25,75.7625,0.0,8.125,0.5692108854151188,3.125,19.5,0.16667352876592006,15.75,0.0,130.875,112.125,33.75,55.5,22.875,42.125,11.75,30.375,22.0,14.5,1.605283084970585,11.25,33.625,33.075,27.75,53.5,51.71568777596802,22.875,28.25,80.2875,0.0,10.375,0.7589433136308136,5.375,20.875,0.27753367003367,14.5,0.0,124.0
107,116,2026-02-24,1,1,2025-26,Toronto Raptors,Oklahoma City Thunder,115.625,34.5,60.5,20.625,42.0,11.25,30.75,28.625,13.75,2.279257958244026,11.5,32.375,35.2625,30.25,54.875,55.28660334736384,20.625,25.75,80.4375,0.0,9.875,0.7693861704600868,6.0,19.625,0.324558803134318,13.75,0.0,137.75,114.25,46.125,50.25,17.875,45.0,12.25,32.75,26.375,14.625,1.974765728659885,15.375,38.5,39.9125,25.125,48.5,50.933479508039206,17.875,23.25,78.5,0.0,9.5,0.6762346834666881,4.125,15.5,0.31071820175438597,14.625,0.0,132.75
121,124,2026-02-24,1,1,2025-26,Portland Trail Blazers,Minnesota Timberwolves,119.5,51.375,52.75,15.375,47.125,15.25,31.875,28.125,19.5,1.4896618903971846,17.125,46.75,36.325,26.375,44.25,59.575076778149864,15.375,20.875,72.675,0.0,7.625,0.4043264741794153,6.125,19.375,0.36041098208057926,19.5,0.0,136.0,121.0,40.875,60.5,19.625,43.875,12.125,31.75,25.125,15.0,1.8663533834586468,13.625,38.0,35.55,30.25,51.25,59.39559295559535,19.625,26.875,71.01249999999999,0.0,8.125,0.5783939014202172,6.5,20.25,0.3332707716260348,15.0,0.0,137.0
81,97,2026-02-24,1,1,2025-26,Phoenix Suns,Boston Celtics,105.375,43.125,52.0,10.25,45.75,15.375,30.375,23.25,13.5,1.8538701636527724,14.375,44.25,32.625,26.0,51.125,51.808687897397576,10.25,13.75,74.95,0.0,9.375,0.7325901755249581,2.875,18.5,0.17496345029239765,13.5,0.0,114.625,109.25,42.375,55.25,11.625,50.25,13.625,36.625,26.25,12.75,2.1259901556776555,14.125,41.25,34.075,27.625,49.625,55.432081376372345,11.625,14.625,77.7125,0.0,6.25,0.49342376373626373,5.125,16.375,0.37939771303258146,12.75,0.0,132.25
114,123,2026-02-24,1,1,2025-26,Brooklyn Nets,Dallas Mavericks,105.125,35.25,53.75,16.125,41.625,10.875,30.75,26.5,16.875,1.6770722762789327,11.75,37.5,32.599999999999994,26.875,48.875,54.56587974913866,16.125,22.875,70.0875,0.0,8.5,0.5233972232617743,3.875,20.875,0.18841229803758405,16.875,0.0,114.25,114.375,28.875,65.5,20.0,42.375,10.0,32.375,23.5,11.25,2.3242739898989897,9.625,28.0,33.9625,32.75,63.25,52.208431523203345,20.0,27.75,72.71249999999999,0.0,7.625,0.7335114538239539,3.875,15.0,0.26746309246309247,11.25,0.0,123.875
109,110,2026-02-24,1,1,2025-26,Los Angeles Lakers,Orlando Magic,113.125,31.5,62.5,19.125,38.75,7.75,31.0,26.625,15.375,1.8801951369886152,10.5,28.875,36.5875,31.25,53.625,58.43847636052204,19.125,25.375,75.65,0.0,8.25,0.605907211749603,3.75,18.5,0.21558031107179715,15.375,0.0,128.125,113.5,42.75,50.5,20.25,41.125,8.375,32.75,26.75,13.125,2.16678987883032,14.25,39.375,35.225,25.25,47.375,52.71963068875022,20.25,24.5,84.325,0.0,10.75,0.8839814903234021,6.75,20.375,0.3316264005602241,13.125,0.0,134.25
99,131,2026-02-24,1,1,2025-26,Chicago Bulls,Charlotte Hornets,109.0,46.5,46.75,15.75,41.375,11.0,30.375,24.875,17.25,1.547623887905218,15.5,43.625,35.2,23.375,45.125,51.580629800663466,15.75,20.25,79.125,0.0,9.125,0.5674492316436051,6.375,17.875,0.3774939317218729,17.25,0.0,119.125,111.75,54.0,38.5,19.25,48.375,15.25,33.125,23.625,16.75,1.4828729787369492,18.0,46.75,38.8375,19.25,40.75,47.1827221979661,19.25,22.0,88.67500000000001,0.0,7.125,0.4356816590272473,3.875,18.625,0.21241187407457263,16.75,0.0,125.0
113,109,2026-02-24,1,1,2025-26,New Orleans Pelicans,Golden State Warriors,117.5,42.375,56.0,19.125,41.0,8.125,32.875,26.375,12.125,2.3262763278388277,14.125,34.875,39.1125,28.0,52.25,53.369554593396586,19.125,24.875,76.7375,0.0,7.0,0.6387648809523809,5.375,19.5,0.2845750492225876,12.125,0.0,134.375,110.375,52.125,46.75,11.5,40.125,9.875,30.25,30.75,16.0,2.078307320698625,17.375,49.125,35.275,23.375,38.375,60.781161606899744,11.5,15.5,70.0,0.0,10.25,0.6760079895949462,3.125,18.625,0.1969741532976827,16.0,0.0,127.875
109,94,2026-02-24,1,1,2025-26,Cleveland Cavaliers,New York Knicks,123.25,40.875,63.25,19.125,43.75,11.375,32.375,29.375,13.875,2.2311799719887953,13.625,36.0,38.5125,31.625,52.0,60.93214186112513,19.125,23.75,77.58749999999999,0.0,10.25,0.8127042483660131,5.375,17.625,0.33625175112244077,13.875,0.0,150.75,115.125,40.125,57.75,17.25,42.5,9.375,33.125,28.0,12.375,2.300240384615385,13.375,38.875,34.15,28.875,50.125,57.46570945432738,17.25,22.375,77.775,0.0,7.625,0.6146634615384615,3.375,19.875,0.1739878807254127,12.375,0.0,132.375
119,98,2026-02-24,1,1,2025-26,Atlanta Hawks,Washington Wizards,114.875,41.25,55.75,17.875,45.5,12.25,33.25,28.0,13.125,2.3432000060483036,13.75,38.25,35.65,27.875,54.375,51.21575128589447,17.875,23.375,75.2625,0.0,8.0,0.6132979035068817,4.625,19.375,0.24246272693426585,13.125,0.0,131.375,113.625,37.875,60.0,15.75,40.5,10.5,30.0,25.75,14.875,1.809615271854049,12.625,36.5,34.1375,30.0,54.75,54.475652080691034,15.75,21.25,73.5,0.0,9.375,0.6655337835968641,5.75,18.875,0.3283495915848857,14.875,0.0,126.0
128,117,2026-02-24,1,1,2025-26,Milwaukee Bucks,Miami Heat,116.875,46.5,58.75,11.625,44.75,10.25,34.5,25.625,15.25,1.7794464855320118,15.5,38.375,40.125,29.375,50.875,58.08568197339384,11.625,15.0,74.9375,0.0,6.0,0.4154932786511734,4.625,17.375,0.267078081232493,15.25,0.0,134.875,121.875,41.625,61.25,19.0,52.875,14.25,38.625,30.25,12.375,2.64217032967033,13.875,40.0,34.4125,30.625,55.875,54.38575475531488,19.0,25.0,77.05000000000001,0.0,8.875,0.748416514041514,4.25,19.5,0.226099339257234,12.375,0.0,148.375
103,84,2026-02-25,1,1,2025-26,Denver Nuggets,Boston Celtics,126.375,39.0,61.25,26.125,47.0,11.5,35.5,29.375,14.875,1.9891719187675072,13.0,35.875,36.9125,30.625,53.125,57.61241015607786,26.125,32.75,79.65,0.0,8.25,0.5576855742296919,3.75,19.625,0.20539449137258398,14.875,0.0,147.875,108.0,41.625,55.0,11.375,51.375,14.25,37.125,26.25,12.875,2.0987174284049286,13.875,41.875,33.075,27.5,49.375,55.442498043039016,11.375,14.125,79.21249999999999,0.0,6.25,0.4888783091908092,5.75,16.0,0.4310804053402738,12.875,0.0,132.125
128,97,2026-02-25,1,1,2025-26,Houston Rockets,Sacramento Kings,105.5,37.125,53.5,14.875,43.0,11.0,32.0,23.25,17.5,1.3790704665704665,12.375,32.875,37.6875,26.75,49.625,54.26330538052288,14.875,19.125,79.0875,0.0,9.875,0.6575246512746513,6.375,17.875,0.36501092284739983,17.5,0.0,122.875,111.0,28.125,64.25,18.625,43.75,13.625,30.125,26.125,14.375,1.887808109073589,9.375,32.75,28.3875,32.125,61.125,52.451401957099506,18.625,23.0,79.95,0.0,9.125,0.6558691373126359,4.5,17.875,0.2551245629370629,14.375,0.0,123.375
118,116,2026-02-25,1,1,2025-26,Milwaukee Bucks,Cleveland Cavaliers,116.5,43.875,60.0,12.625,44.125,9.875,34.25,24.625,14.875,1.768894537480064,14.625,38.5,37.6875,30.0,50.75,59.261894714480924,12.625,15.5,78.8,0.0,6.5,0.4755582137161084,4.5,17.375,0.260828081232493,14.875,0.0,133.875,120.625,39.75,60.75,20.125,44.5,11.75,32.75,27.125,13.5,2.126472179781003,13.25,36.125,37.2625,30.375,51.375,59.24523227947871,20.125,25.125,77.53750000000001,0.0,9.75,0.8037756769374416,5.25,18.0,0.3195850844557741,13.5,0.0,144.875
107,110,2026-02-25,1,1,2025-26,Toronto Raptors,San Antonio Spurs,114.0,38.625,57.0,18.375,41.5,11.25,30.25,28.25,14.0,2.218990101101169,12.875,33.625,38.0625,28.5,54.125,52.77767477593527,18.375,23.25,77.96249999999999,0.0,10.125,0.7760825990315154,6.25,19.375,0.3387633485888635,14.0,0.0,134.875,128.125,42.0,68.25,17.875,50.25,12.875,37.375,32.125,14.375,2.320970695970696,14.0,37.625,37.2625,34.125,57.625,59.39061302072077,17.875,23.125,76.4375,0.0,7.75,0.5647741147741148,7.75,17.5,0.45171568627450986,14.375,0.0,159.25
112,133,2026-02-25,1,1,2025-26,Memphis Grizzlies,Golden State Warriors,118.125,42.375,58.0,17.75,37.5,8.875,28.625,28.0,14.5,2.1699126445449974,14.125,37.625,37.375,29.0,51.125,56.745881010842005,17.75,23.75,75.575,0.0,13.125,0.9905825791855203,4.625,20.625,0.2379097465034965,14.5,0.0,135.25,108.5,49.5,48.5,10.5,42.25,11.125,31.125,30.125,16.375,2.017791447682752,16.5,48.25,34.0,24.25,40.125,60.51547334779042,10.5,14.0,70.5,0.0,10.0,0.6541825927695493,3.375,18.75,0.20768843901196843,16.375,0.0,126.75
124,116,2026-02-25,1,1,2025-26,Detroit Pistons,Oklahoma City Thunder,117.125,33.75,64.75,18.625,46.375,13.625,32.75,26.125,13.5,2.011544184981685,11.25,32.0,34.987500000000004,32.375,61.125,53.56483268336231,18.625,23.125,80.6,0.0,10.0,0.7777758699633699,6.0,20.625,0.2974981366815732,13.5,0.0,138.125,112.75,47.625,48.5,16.625,44.625,12.0,32.625,25.5,15.625,1.7708183602388323,15.875,39.125,40.625,24.25,48.125,49.76576790929312,16.625,21.5,79.3,0.0,9.25,0.6056605207872623,4.625,16.0,0.3352796052631579,15.625,0.0,129.125
109,133,2026-02-26,1,1,2025-26,Indiana Pacers,Charlotte Hornets,115.25,46.125,53.0,16.125,41.5,8.125,33.375,28.625,16.125,1.9617600747999775,15.375,42.375,36.275,26.5,47.5,56.06420679591412,16.125,20.625,78.225,0.0,8.375,0.5747664409706743,3.375,19.625,0.17910042935071538,16.125,0.0,128.5,115.375,58.875,39.0,17.5,46.75,15.375,31.375,25.5,16.75,1.5931670963840083,19.625,47.625,41.324999999999996,19.5,41.125,47.22031618292851,17.5,19.75,89.60000000000001,0.0,8.375,0.5092110707919532,4.5,18.0,0.26410360339788086,16.75,0.0,131.875
118,129,2026-02-26,1,1,2025-26,Utah Jazz,New Orleans Pelicans,117.625,35.625,64.0,18.0,46.75,12.125,34.625,28.625,16.25,1.9549807283359915,11.875,34.875,34.825,32.0,57.25,56.220511636491636,18.0,23.5,76.02499999999999,0.0,11.375,0.7782296650717704,3.625,21.625,0.18074112978524742,16.25,0.0,138.0,117.375,40.5,58.0,18.875,41.875,9.375,32.5,26.0,13.0,2.1858351513682397,13.5,35.375,37.025,29.0,52.875,54.551492532506664,18.875,25.0,75.175,0.0,7.875,0.664500175070028,5.125,19.875,0.2578480755383771,13.0,0.0,133.375
113,110,2026-02-26,1,1,2025-26,Phoenix Suns,Los Angeles Lakers,99.25,40.125,48.75,10.375,44.375,14.25,30.125,22.25,13.125,1.839665618198227,13.375,43.625,30.6875,24.375,49.5,50.054119791085284,10.375,13.5,77.1875,0.0,8.25,0.6473629027976854,3.25,18.125,0.20086805555555554,13.125,0.0,105.75,111.125,32.25,60.5,18.375,38.5,7.375,31.125,26.5,15.375,1.8697784703219487,10.75,28.625,37.6375,30.25,53.625,56.586624508670184,18.375,24.0,76.2375,0.0,7.25,0.5225738784162697,4.75,19.25,0.26821189001916557,15.375,0.0,125.875
124,117,2026-02-26,1,1,2025-26,Philadelphia 76ers,Miami Heat,114.875,31.875,59.5,23.5,40.625,9.375,31.25,22.75,14.5,1.6629753926628927,10.625,32.5,32.25,29.75,54.5,54.05335011363036,23.5,28.75,81.26249999999999,0.0,11.0,0.8070202367077366,5.625,22.75,0.2447955747955748,14.5,0.0,128.5,119.75,42.375,57.25,20.125,52.5,14.125,38.375,28.75,13.25,2.2810592185592187,14.125,41.25,33.975,28.625,53.0,53.661117074155456,20.125,26.25,77.95,0.0,8.875,0.6998054029304029,4.25,18.625,0.2358215614794562,13.25,0.0,143.25
108,113,2026-02-26,1,1,2025-26,Orlando Magic,Houston Rockets,115.75,40.5,54.25,21.0,42.25,8.625,33.625,27.375,12.5,2.2981819242848656,13.5,37.875,34.275,27.125,49.5,54.17395761182714,21.0,26.0,81.0625,0.0,11.0,0.9244644448688566,6.75,19.875,0.33683473389355745,12.5,0.0,138.875,109.875,39.375,55.25,15.25,43.75,10.625,33.125,24.875,17.875,1.4579166204166205,13.125,34.0,38.55,27.625,49.0,56.71318263093204,15.25,18.75,82.325,0.0,9.375,0.590216958966959,6.75,17.5,0.39967478839361825,17.875,0.0,131.0
110,126,2026-02-26,1,1,2025-26,Brooklyn Nets,San Antonio Spurs,105.75,36.375,52.0,17.375,39.125,9.5,29.625,26.625,15.75,1.8316177308243873,12.125,36.375,34.625,26.0,48.25,53.602829434673254,17.375,24.5,70.85000000000001,0.0,9.0,0.6046472232617743,4.125,20.875,0.200317059942346,15.75,0.0,115.25,127.375,43.125,66.25,18.0,47.375,11.375,36.0,32.375,14.25,2.358058608058608,14.375,37.25,38.55,33.125,56.125,58.93983768714703,18.0,23.5,76.0,0.0,7.75,0.5723290598290598,7.375,18.125,0.41629901960784316,14.25,0.0,156.625
88,94,2026-02-26,1,1,2025-26,LA Clippers,Minnesota Timberwolves,108.25,25.875,60.5,21.875,40.125,8.625,31.5,22.75,14.75,1.6343952922077922,8.625,26.375,33.275,30.25,54.125,55.754030645030404,21.875,26.5,82.6875,0.0,9.0,0.6796469155844156,5.875,18.25,0.3313316212772735,14.75,0.0,125.0,120.5,41.25,61.0,18.25,44.0,12.125,31.875,25.375,15.875,1.7361450501253133,13.75,37.25,36.75,30.5,51.75,59.32820751085142,18.25,25.375,69.8875,0.0,9.375,0.6322133458646616,6.625,20.25,0.33827077162603475,15.875,0.0,138.125
121,130,2026-02-26,1,1,2025-26,Dallas Mavericks,Sacramento Kings,116.375,28.125,67.75,20.5,41.875,9.875,32.0,24.375,11.875,2.311489898989899,9.375,28.0,32.875,33.875,62.0,55.06706576540428,20.5,27.5,75.4,0.0,7.875,0.7384830447330448,3.875,15.875,0.25211221527011,11.875,0.0,128.75,107.5,26.625,63.25,17.625,43.375,13.875,29.5,25.25,14.25,1.8381286218941018,8.875,32.25,27.3,31.625,60.75,51.95831794070606,17.625,22.0,79.2375,0.0,9.75,0.7111575988510973,4.5,17.125,0.25988646769896767,14.25,0.0,119.25
112,121,2026-02-26,1,1,2025-26,Chicago Bulls,Portland Trail Blazers,107.0,45.375,46.25,15.375,40.125,10.875,29.25,23.875,18.625,1.329766745048075,15.125,42.25,35.5375,23.125,45.375,50.67289170542537,15.375,19.25,81.2625,0.0,9.125,0.5085206602150336,5.125,17.625,0.28969631267425383,18.625,0.0,113.375,119.0,49.875,52.5,16.625,46.75,15.0,31.75,27.625,19.375,1.4726582139265962,16.625,44.625,37.0,26.25,45.625,57.626325701491815,16.625,22.375,73.2375,0.0,7.875,0.42362794476765064,6.0,19.5,0.3507602467864616,19.375,0.0,134.75
126,96,2026-02-26,1,1,2025-26,Atlanta Hawks,Washington Wizards,113.875,37.875,56.25,19.75,47.25,13.625,33.625,27.875,13.375,2.2459777838260813,12.625,38.25,33.4,28.125,55.125,50.93195355627631,19.75,25.0,78.6375,0.0,8.875,0.6751665903755687,4.625,18.875,0.24498797945951833,13.375,0.0,131.25,113.25,37.5,60.75,15.0,40.375,9.5,30.875,26.25,15.75,1.7706729641617411,12.5,36.5,33.737500000000004,30.375,54.5,55.38903115444747,15.0,19.375,75.9875,0.0,9.75,0.6640914759045564,6.375,18.5,0.3639357159867995,15.75,0.0,127.75
148,111,2026-02-27,1,1,2025-26,Boston Celtics,Brooklyn Nets,104.75,41.25,50.75,12.75,51.5,14.125,37.375,25.125,13.375,1.921931714119214,13.75,42.375,32.4,25.375,47.25,53.298857692161825,12.75,15.75,81.43750000000001,0.0,5.875,0.4370925949050949,6.25,16.0,0.4560804053402738,13.375,0.0,126.625,107.25,36.75,53.5,17.0,40.875,10.0,30.875,27.125,15.25,1.9035475553857906,12.25,35.75,35.55,26.75,49.75,53.571116961100316,17.0,23.0,74.1125,0.0,8.75,0.6002612583494936,4.0,20.25,0.19647934064410036,15.25,0.0,120.25
105,124,2026-02-27,1,1,2025-26,Dallas Mavericks,Memphis Grizzlies,119.0,28.5,69.5,21.0,41.0,9.25,31.75,24.625,13.0,2.1795454545454547,9.5,26.875,34.8,34.75,62.125,56.46981833648715,21.0,29.0,73.4625,0.0,7.875,0.710705266955267,3.75,16.5,0.23009516981556455,13.0,0.0,130.5,116.0,42.0,57.25,16.75,36.25,8.75,27.5,28.0,14.875,2.115826106083459,14.0,37.625,37.075,28.625,50.375,56.8348700948477,16.75,22.5,75.22500000000001,0.0,13.0,0.9683470022624434,4.625,19.375,0.24992897727272728,14.875,0.0,131.875
98,127,2026-02-27,1,1,2025-26,Milwaukee Bucks,New York Knicks,113.625,43.125,58.5,12.0,43.25,10.125,33.125,23.625,14.625,1.738125306710833,14.375,38.25,37.37499999999999,29.25,50.5,57.96990505039824,12.0,14.875,76.3,0.0,6.75,0.5011992393571341,4.375,17.625,0.25249474789915966,14.625,0.0,129.0,110.125,37.125,56.0,17.0,42.375,9.625,32.75,27.375,13.0,2.1776913650075413,12.375,37.25,33.025,28.0,50.0,55.843260474735544,17.0,22.625,75.5875,0.0,8.0,0.6244673831070889,4.125,19.75,0.20857286096256683,13.0,0.0,126.5
127,121,2026-02-27,1,1,2025-26,Oklahoma City Thunder,Denver Nuggets,114.0,47.25,49.25,17.5,43.5,12.375,31.125,25.75,15.625,1.7886755030959753,15.75,39.375,40.1625,24.625,48.25,50.459569944445754,17.5,22.375,79.5875,0.0,8.875,0.578874806501548,3.875,16.5,0.2837171052631579,15.625,0.0,128.25,124.125,40.875,60.5,22.75,48.375,11.75,36.625,30.375,14.75,2.128060807656396,13.625,37.5,37.1125,30.25,52.75,57.24448562777597,22.75,29.625,75.85000000000001,0.0,7.875,0.5257411297852475,3.0,19.375,0.17067226915036177,14.75,0.0,145.75
122,119,2026-02-27,1,1,2025-26,Detroit Pistons,Cleveland Cavaliers,117.125,32.625,66.75,17.75,47.5,14.125,33.375,26.375,14.5,1.849779479099332,10.875,31.75,33.975,33.375,60.75,55.46619744763031,17.75,22.625,78.89999999999999,0.0,10.0,0.7189523405516053,7.0,19.875,0.3504081895916261,14.5,0.0,140.375,119.625,38.25,59.75,21.625,44.5,12.125,32.375,26.875,13.75,2.027987331296155,12.75,36.0,36.1375,29.875,50.125,59.767815332856834,21.625,26.875,79.1125,0.0,8.5,0.6472100203717851,4.875,17.75,0.29250175112244076,13.75,0.0,141.875
101,129,2026-02-28,1,1,2025-26,Golden State Warriors,Los Angeles Lakers,113.375,49.5,51.5,12.375,44.125,11.875,32.25,31.375,15.875,2.138103947682752,16.5,48.0,34.212500000000006,25.75,42.125,61.1676472608339,12.375,16.125,74.775,0.0,10.5,0.6979325927695493,3.375,19.375,0.19652772472625413,15.875,0.0,135.25,110.0,33.0,58.5,18.5,38.125,7.375,30.75,25.625,14.25,1.90867707172055,11.0,29.125,37.875,29.25,52.625,55.82172917855747,18.5,23.875,77.1125,0.0,7.25,0.5540424098848012,4.5,19.0,0.25546679197994987,14.25,0.0,124.375
115,105,2026-02-28,1,1,2025-26,Miami Heat,Houston Rockets,120.0,45.75,54.5,19.75,51.5,13.875,37.625,28.75,13.375,2.2638888888888893,15.25,42.25,36.1625,27.25,50.875,53.1375133507512,19.75,26.25,76.5,0.0,9.125,0.7135416666666666,4.375,18.5,0.24534537100326576,13.375,0.0,143.25,111.625,40.5,55.75,15.375,43.875,10.375,33.5,24.875,17.25,1.5220191845191846,13.5,34.75,38.93750000000001,27.875,48.125,58.010352442252795,15.375,18.75,82.95,0.0,8.125,0.5394690957190957,7.25,17.625,0.4267887589818536,17.25,0.0,133.625
105,115,2026-02-28,1,1,2025-26,Utah Jazz,New Orleans Pelicans,116.0,35.25,63.0,17.75,46.625,13.25,33.375,27.375,17.25,1.674425172780436,11.75,35.875,33.275,31.5,56.5,56.164547453568716,17.75,23.375,75.375,0.0,11.5,0.7129518872939925,3.875,22.125,0.1870436507936508,17.25,0.0,133.375,121.625,41.25,60.75,19.625,42.625,10.375,32.25,27.75,14.25,2.083404595812684,13.75,35.375,37.75,30.375,53.375,56.69038142139554,19.625,25.25,77.2875,0.0,8.375,0.6141529528478058,5.625,19.75,0.2815634905581399,14.25,0.0,141.5
125,134,2026-02-28,1,1,2025-26,Washington Wizards,Toronto Raptors,109.5,34.125,59.75,15.625,41.0,9.5,31.5,24.625,15.375,1.701870443153338,11.375,35.5,31.6625,29.875,55.875,53.17181803969337,15.625,19.125,80.76249999999999,0.0,9.5,0.6604150053163211,6.0,18.0,0.35213501668610026,15.375,0.0,121.625,114.0,37.125,58.75,18.125,42.5,11.125,31.375,27.625,13.25,2.2377147974574445,12.375,32.125,38.125,29.375,56.375,52.507342762532886,18.125,22.875,78.2,0.0,9.5,0.7614064856711915,5.75,19.0,0.3202850877192982,13.25,0.0,134.625
109,93,2026-02-28,1,1,2025-26,Charlotte Hornets,Portland Trail Blazers,118.375,60.75,40.75,16.875,46.75,14.75,32.0,27.25,16.125,1.731201855742297,20.25,48.0,42.3625,20.375,40.625,49.94758891020123,16.875,19.375,88.1,0.0,7.875,0.5031950280112045,4.375,18.5,0.2487527262048984,16.125,0.0,138.0,117.25,47.25,52.5,17.5,46.625,15.375,31.25,27.125,18.625,1.5386304361488186,15.75,45.125,34.65,26.25,45.75,57.45625767428093,17.5,23.625,72.225,0.0,8.0,0.46529461143431733,6.125,19.75,0.35192123749853593,18.625,0.0,131.5
106,125,2026-03-01,1,1,2025-26,Indiana Pacers,Memphis Grizzlies,116.5,45.75,54.75,16.0,41.5,9.0,32.5,28.875,16.5,1.892315630355533,15.25,41.375,36.7125,27.375,49.5,55.28963414634146,16.0,20.5,78.1,0.0,8.125,0.522683107637341,3.25,20.0,0.16243376268404872,16.5,0.0,129.0,117.125,40.875,59.25,17.0,37.0,8.75,28.25,28.125,14.25,2.2266215606289137,13.625,36.5,37.1875,29.625,52.125,56.8261501785589,17.0,22.5,76.4125,0.0,13.125,1.0223242749897161,5.125,20.375,0.2627494900932401,14.25,0.0,135.375
128,104,2026-03-01,1,1,2025-26,Los Angeles Lakers,Sacramento Kings,113.0,36.0,59.75,17.25,38.875,8.0,30.875,25.625,12.625,2.1135683760683763,12.0,30.875,38.575,29.875,53.5,56.07683121937379,17.25,22.625,75.8625,0.0,7.25,0.6034989316239315,3.875,18.625,0.2229992595124174,12.625,0.0,128.125,109.875,25.875,66.25,17.75,43.875,14.375,29.5,26.125,13.5,2.313128621894102,8.625,30.875,27.775,33.125,63.25,52.079530061918184,17.75,22.375,78.4375,0.0,9.875,0.8725212352147337,4.25,17.125,0.24852283133533135,13.5,0.0,123.5
92,106,2026-03-01,1,1,2025-26,Orlando Magic,Detroit Pistons,114.5,42.75,51.75,20.0,42.0,9.375,32.625,26.5,11.875,2.323304473304473,14.25,38.5,35.825,25.875,49.625,51.5514085922193,20.0,25.25,79.075,0.0,10.625,0.9361066017316017,5.875,19.25,0.302608543417367,11.875,0.0,134.375,117.75,31.5,68.75,17.5,48.625,15.0,33.625,26.875,14.625,1.8695711457659987,10.5,31.0,33.3375,34.375,63.0,55.04278524339618,17.5,22.625,78.1375,0.0,10.375,0.7366606738849386,7.125,21.125,0.34142126148705093,14.625,0.0,141.875
114,89,2026-03-01,1,1,2025-26,New York Knicks,San Antonio Spurs,116.0,42.0,57.0,17.0,43.5,9.25,34.25,28.75,12.5,2.369358031674208,14.0,38.375,36.25,28.5,49.625,57.279595878462246,17.0,22.5,76.22500000000001,0.0,8.125,0.6540128376525435,4.75,20.375,0.2377395276292335,12.5,0.0,137.625,126.25,43.125,65.0,18.125,46.0,11.25,34.75,32.625,13.625,2.5544871794871797,14.375,37.375,38.425,32.5,55.0,58.98613398344333,18.125,23.75,75.65,0.0,8.5,0.6903846153846154,7.125,18.25,0.4005826453388373,13.625,0.0,155.75
137,117,2026-03-01,1,1,2025-26,LA Clippers,New Orleans Pelicans,107.875,25.5,59.0,23.375,40.5,8.625,31.875,22.875,14.125,1.6683865202779677,8.5,25.625,33.4375,29.5,54.125,54.31172295272272,23.375,28.625,81.13749999999999,0.0,9.25,0.7010284945317841,5.625,18.75,0.3075759651686762,14.125,0.0,125.0,118.875,37.875,61.5,19.5,45.125,10.75,34.375,27.75,15.625,1.7939309116021576,12.625,35.125,35.487500000000004,30.75,52.5,58.53870459212725,19.5,25.25,76.8625,0.0,7.875,0.5064226896899111,6.75,20.875,0.3234889563966492,15.625,0.0,140.75
102,106,2026-03-01,1,1,2025-26,Brooklyn Nets,Cleveland Cavaliers,105.25,37.125,51.5,16.625,38.375,9.5,28.875,26.25,15.125,1.859477042565278,12.375,35.25,36.425,25.75,49.875,51.557664829723656,16.625,22.625,73.50000000000001,0.0,8.625,0.5962548480930834,3.875,20.625,0.18943388609864584,15.125,0.0,114.25,118.0,39.0,58.5,20.5,44.875,12.375,32.5,27.125,14.5,1.937709553518377,13.0,36.0,36.85,29.25,50.875,57.86903055511459,20.5,26.25,77.05,0.0,8.625,0.6229044648162295,5.625,19.0,0.31259103683672645,14.5,0.0,139.375
87,100,2026-03-01,1,1,2025-26,Dallas Mavericks,Oklahoma City Thunder,116.75,27.375,67.75,21.625,41.625,10.0,31.625,24.75,14.5,2.002958152958153,9.125,27.0,33.475,33.875,60.875,56.091030457699276,21.625,30.625,71.175,0.0,7.25,0.6095147907647909,3.25,15.625,0.218556708277103,14.5,0.0,125.25,116.625,46.5,52.0,18.125,45.25,11.75,33.5,26.25,15.0,1.9069353070175439,15.5,39.25,39.587500000000006,26.0,50.5,50.850194944445754,18.125,22.25,82.19999999999999,0.0,9.375,0.6511787280701754,4.875,16.0,0.3493421052631579,15.0,0.0,135.0
120,97,2026-03-01,1,1,2025-26,Chicago Bulls,Milwaukee Bucks,107.625,42.0,48.25,17.375,40.5,10.0,30.5,24.0,19.25,1.2886571193796257,14.0,39.875,34.7,24.125,46.375,51.57765361018728,17.375,22.0,79.9125,0.0,9.0,0.48779873508134375,5.125,19.0,0.2720681075460487,19.25,0.0,114.25,112.75,44.25,55.0,13.5,41.5,9.0,32.5,23.375,15.125,1.6547919733774998,14.75,38.125,38.3625,27.5,48.375,56.58941054490373,13.5,16.875,77.05,0.0,6.875,0.49859507269046743,4.5,17.625,0.26030724789915966,15.125,0.0,126.25
114,98,2026-03-01,1,1,2025-26,Boston Celtics,Philadelphia 76ers,109.0,42.375,53.25,13.375,49.25,12.5,36.75,26.625,13.0,2.101098380785881,14.125,40.25,35.825,26.625,47.875,55.41132855463269,13.375,16.625,81.0,0.0,6.25,0.48084259490509496,6.375,15.875,0.4658843269089012,13.0,0.0,133.875,116.0,36.375,56.5,23.125,43.25,10.25,33.0,22.375,14.375,1.6534515831390832,12.125,34.875,34.587500000000006,28.25,53.375,52.58276187833624,23.125,28.125,82.18749999999999,0.0,10.5,0.7802345224220223,5.625,22.75,0.24479557479557482,14.375,0.0,130.5
135,101,2026-03-01,1,1,2025-26,Atlanta Hawks,Portland Trail Blazers,114.5,39.75,53.5,21.25,48.0,12.625,35.375,27.375,13.875,2.088834926683224,13.25,38.75,34.7,26.75,53.75,49.96659946592222,21.25,26.75,79.2,0.0,10.0,0.7448094475184258,4.375,18.75,0.23436706442683863,13.875,0.0,132.375,113.625,43.5,52.25,17.875,45.5,15.0,30.5,26.125,18.625,1.4798069067370538,14.5,44.625,32.425000000000004,26.125,45.125,58.046292639315894,17.875,24.25,72.0875,0.0,8.125,0.4726475526107879,6.625,19.5,0.38011672622034043,18.625,0.0,125.875
108,117,2026-03-01,1,1,2025-26,Denver Nuggets,Minnesota Timberwolves,123.375,42.75,58.5,22.125,48.375,11.25,37.125,30.125,15.0,2.088998307656396,14.25,37.25,38.55,29.25,52.75,55.42630380959416,22.125,29.0,75.325,0.0,8.125,0.5326855742296919,3.375,19.5,0.18690603538412798,15.0,0.0,145.0,116.25,38.25,59.75,18.25,43.375,11.375,32.0,25.0,16.25,1.6322988962791594,12.75,35.625,35.475,29.875,51.625,58.356489422527154,18.25,24.625,72.1,0.0,9.375,0.6091364227877386,6.625,20.125,0.33991550846814006,16.25,0.0,133.375
101,114,2026-03-02,1,1,2025-26,Golden State Warriors,LA Clippers,113.375,46.5,55.5,11.375,43.5,11.75,31.75,32.5,15.375,2.3100736446524492,15.5,46.625,33.075,27.75,45.375,61.142317980185474,11.375,14.75,75.125,0.0,10.25,0.6994477442847009,3.375,20.25,0.18117684753327168,15.375,0.0,135.5,110.75,28.5,59.75,22.5,40.25,9.25,31.0,23.75,13.25,1.8992892980557454,9.5,27.5,33.975,29.875,54.5,54.62304370743969,22.5,27.75,80.725,0.0,9.875,0.8069312723095619,5.125,19.25,0.2760103086030196,13.25,0.0,128.625
81,108,2026-03-02,1,1,2025-26,Milwaukee Bucks,Boston Celtics,112.5,44.625,54.5,13.375,42.5,9.625,32.875,24.5,15.0,1.7195946049564472,14.875,39.75,37.35,27.25,49.0,55.38347362468109,13.375,16.375,78.425,0.0,7.125,0.5140555990062569,4.125,17.375,0.24432980429013712,15.0,0.0,126.125,111.0,44.625,53.0,13.375,50.375,13.25,37.125,27.875,12.875,2.193285880785881,14.875,41.875,36.4375,26.5,47.125,56.04376903082316,13.375,16.375,81.925,0.0,5.875,0.4594884282384283,6.375,16.25,0.45724945848784854,12.875,0.0,138.0
125,128,2026-03-02,1,1,2025-26,Utah Jazz,Denver Nuggets,114.25,35.25,59.5,19.5,45.5,12.625,32.875,28.0,16.75,1.8870875104427736,11.75,37.5,31.7625,29.75,54.25,54.95540581126204,19.5,25.0,77.475,0.0,11.875,0.8119778613199666,4.0,21.625,0.19746031746031747,16.75,0.0,131.125,119.875,39.0,59.0,21.875,48.75,11.25,37.5,28.125,15.0,1.9461411647992533,13.0,35.875,35.9,29.5,54.125,54.438055946346296,21.875,28.25,76.25,0.0,7.5,0.4880427170868347,3.0,19.125,0.17114973286311957,15.0,0.0,138.375
118,123,2026-03-02,1,1,2025-26,Washington Wizards,Houston Rockets,111.0,36.0,61.0,14.0,41.625,10.375,31.25,25.25,15.125,1.7666025860104808,12.0,36.0,32.962500000000006,30.5,56.5,53.7150909043948,14.0,18.0,78.02499999999999,0.0,9.125,0.6403257196020354,6.0,17.875,0.3545159690670527,15.125,0.0,123.875,110.75,38.25,58.0,14.5,44.625,11.0,33.625,25.0,16.75,1.6091403966403968,12.75,33.875,37.7,29.0,50.5,57.60251345920195,14.5,17.875,81.9125,0.0,7.375,0.5076509139009139,6.875,17.0,0.41350373482726427,16.75,0.0,131.875
95,111,2026-03-03,1,1,2025-26,Toronto Raptors,New York Knicks,115.0,34.875,61.25,18.875,41.75,11.0,30.75,27.625,12.875,2.3271378743805213,11.625,31.0,37.1875,30.625,57.0,53.944124371728286,18.875,23.25,80.0,0.0,9.625,0.7912141779788838,5.25,19.125,0.29566387559808616,12.875,0.0,136.25,116.375,43.125,57.0,16.25,44.5,10.625,33.875,29.25,13.25,2.2510544602456366,14.375,40.0,35.675,28.5,49.75,57.141415606353405,16.25,21.875,74.6125,0.0,9.125,0.6919592662239722,4.75,20.625,0.23541754620508493,13.25,0.0,138.25
103,114,2026-03-03,1,1,2025-26,Sacramento Kings,Phoenix Suns,107.125,22.125,67.25,17.75,45.125,14.5,30.625,26.125,14.125,2.250628621894102,7.375,29.5,25.262500000000003,33.625,64.125,52.09323620226906,17.75,21.75,81.35000000000001,0.0,9.25,0.8225212352147337,4.625,16.5,0.2812609265734266,14.125,0.0,121.5,101.25,42.375,47.75,11.125,44.875,15.375,29.5,22.25,13.125,1.8396656181982267,14.125,44.5,31.537499999999998,23.875,49.25,49.08391882088431,11.125,14.5,76.6,0.0,8.125,0.6369462361310188,3.75,19.125,0.21970863526570047,13.125,0.0,108.0
91,131,2026-03-03,1,1,2025-26,Philadelphia 76ers,San Antonio Spurs,114.625,36.75,56.25,21.625,41.625,10.125,31.5,22.75,12.875,1.9659515831390832,12.25,35.125,34.6875,28.125,54.875,50.95995486079238,21.625,26.625,80.975,0.0,11.125,0.9538456335331335,5.625,21.75,0.25420733950145713,12.875,0.0,128.25,120.125,41.25,60.5,18.375,44.625,11.0,33.625,31.5,14.125,2.460421522921523,13.75,37.25,36.7375,30.25,52.375,57.66436799507123,18.375,24.0,75.9875,0.0,8.75,0.6954351204351205,6.375,18.75,0.3494621971595656,14.125,0.0,146.0
126,109,2026-03-03,1,1,2025-26,Orlando Magic,Washington Wizards,111.0,41.625,50.75,18.625,42.375,10.125,32.25,25.75,12.5,2.2227405635300372,13.875,37.875,35.3375,25.375,49.375,50.65804500742066,18.625,23.625,78.89999999999999,0.0,9.75,0.8548096092503987,5.5,19.25,0.2805497198879552,12.5,0.0,128.875,113.125,38.625,60.5,14.0,39.75,10.0,29.75,24.875,14.375,1.8075944888444888,12.875,35.875,35.5875,30.25,56.375,53.374395415673,14.0,17.75,79.25,0.0,10.125,0.7385038572538573,5.75,19.375,0.31284930240038594,14.375,0.0,126.375
117,90,2026-03-03,1,1,2025-26,Charlotte Hornets,Dallas Mavericks,116.25,60.0,39.25,17.0,47.5,15.25,32.25,26.375,16.125,1.676514355742297,20.0,48.375,41.35,19.625,39.75,49.30983380816042,17.0,20.5,84.1,0.0,8.625,0.5500700280112045,4.0,19.25,0.2253152262048984,16.125,0.0,134.625,112.0,25.125,66.0,20.875,42.625,9.625,33.0,22.875,15.75,1.5250169764875647,8.375,26.25,32.0375,33.0,59.125,55.94805660149012,20.875,29.625,71.175,0.0,6.75,0.47506100925218575,2.875,15.875,0.19425115272154744,15.75,0.0,118.625
124,98,2026-03-03,1,1,2025-26,Miami Heat,Brooklyn Nets,122.375,45.0,57.5,19.875,52.125,14.375,37.75,28.625,13.625,2.220734126984127,15.0,41.125,36.5375,28.75,52.75,54.09090318125968,19.875,26.5,76.225,0.0,8.375,0.6465773809523809,4.5,18.5,0.2522898154477102,13.625,0.0,145.625,102.625,36.75,50.0,15.875,36.5,8.625,27.875,26.125,14.75,1.8830064543299838,12.25,36.125,34.725,25.0,47.375,52.85888299140693,15.875,21.25,74.41250000000001,0.0,8.625,0.6072842598577892,3.625,21.375,0.1732001198648796,14.75,0.0,111.125
110,101,2026-03-03,1,1,2025-26,Los Angeles Lakers,New Orleans Pelicans,115.25,39.0,59.0,17.25,38.875,8.0,30.875,26.75,12.0,2.3302350427350427,13.0,31.875,40.3125,29.5,53.75,55.12057049896213,17.25,22.5,76.25,0.0,8.125,0.7201655982905983,4.75,17.5,0.30484449760765553,12.0,0.0,133.375,118.625,36.75,61.5,20.375,45.375,11.75,33.625,26.875,15.75,1.7291331174845108,12.25,35.0,34.525,30.75,53.75,57.18000893995334,20.375,26.25,77.05,0.0,8.0,0.5114778367487346,6.625,21.0,0.31604848020617304,15.75,0.0,138.125
108,116,2026-03-03,1,1,2025-26,Chicago Bulls,Oklahoma City Thunder,107.625,41.25,49.25,17.125,42.125,9.375,32.75,25.125,19.375,1.3409447010789721,13.75,39.625,34.3875,24.625,45.625,54.10378601436845,17.125,22.375,77.3625,0.0,9.625,0.5188444867153307,5.75,17.75,0.3278716789746201,19.375,0.0,118.75,114.25,44.25,53.25,16.75,45.375,10.875,34.5,26.125,14.125,2.0328033625730995,14.75,40.0,36.85,26.625,50.375,52.151732330888805,16.75,20.5,81.4875,0.0,9.0,0.6824287280701755,5.375,15.75,0.3818498452012384,14.125,0.0,133.25
113,109,2026-03-03,1,1,2025-26,Cleveland Cavaliers,Detroit Pistons,116.375,38.25,56.75,21.375,44.75,11.875,32.875,27.125,15.125,1.861116416263475,12.75,33.75,38.7,28.375,50.375,56.52687320726699,21.375,28.125,75.275,0.0,9.0,0.6265809354044648,5.625,18.0,0.3240852897102897,15.125,0.0,138.0,116.25,26.625,71.5,18.125,50.125,15.75,34.375,26.0,14.75,1.7857799369747898,8.875,29.75,29.6875,35.75,65.5,54.733630573776395,18.125,23.75,76.675,0.0,10.875,0.7655068277310925,7.125,21.125,0.341421261487051,14.75,0.0,139.375
117,110,2026-03-03,1,1,2025-26,Minnesota Timberwolves,Memphis Grizzlies,116.5,38.625,61.0,16.875,42.625,9.75,32.875,26.375,16.75,1.6519417534220167,12.875,35.125,36.275,30.5,50.875,60.38339109228597,16.875,23.75,68.7625,0.0,9.875,0.6198507085020243,6.375,20.5,0.32106630211893367,16.75,0.0,135.5,118.375,40.5,61.0,16.875,37.5,9.75,27.75,30.0,14.0,2.3952113042186576,13.5,36.125,37.2875,30.5,53.75,56.75245821098336,16.875,21.625,79.9875,0.0,12.875,1.0210422237076648,5.5,20.5,0.28306199009324007,14.0,0.0,139.625
89,118,2026-03-04,1,1,2025-26,Boston Celtics,Charlotte Hornets,113.375,49.5,51.5,12.375,51.625,13.875,37.75,29.0,13.0,2.270558608058608,16.5,43.0,39.300000000000004,25.75,46.375,55.25945530533296,12.375,15.625,78.60000000000001,0.0,6.25,0.4890338827838828,6.75,15.625,0.4862673156307057,13.0,0.0,143.625,117.875,60.375,41.0,16.5,48.75,15.5,33.25,27.625,15.375,1.8122286414565827,20.125,48.875,41.2,20.5,40.0,51.385123383449994,16.5,20.75,80.15,0.0,9.5,0.6179271708683474,4.5,20.125,0.23791603265651132,15.375,0.0,140.375
130,107,2026-03-04,1,1,2025-26,LA Clippers,Indiana Pacers,110.625,26.625,61.75,22.25,42.125,10.125,32.0,22.875,13.125,1.8516702504366978,8.875,28.0,31.1125,30.875,55.125,55.88438157592042,22.25,27.125,81.875,0.0,9.625,0.795621748500038,5.25,18.75,0.291766611124028,13.125,0.0,129.125,116.75,46.875,53.75,16.125,40.375,9.0,31.375,29.25,16.5,1.9120524724607961,15.625,42.125,36.975,26.875,47.625,56.35670731707317,16.125,21.125,75.9375,0.0,8.0,0.5161041602689199,4.0,18.625,0.23334722422251025,16.5,0.0,129.625
113,131,2026-03-04,1,1,2025-26,Milwaukee Bucks,Atlanta Hawks,108.125,44.25,51.75,12.125,41.75,9.75,32.0,24.0,15.0,1.688344604956447,14.75,39.75,37.0,25.875,48.125,53.044292338131385,12.125,15.75,75.1375,0.0,7.5,0.5374930990062569,4.0,17.25,0.23746167242200525,15.0,0.0,119.5,116.5,38.625,56.25,21.625,51.0,13.625,37.375,28.125,14.5,2.0138349266832236,12.875,39.125,33.3125,28.125,53.875,52.492994639376214,21.625,27.5,77.9625,0.0,10.125,0.7156427808517593,4.25,19.375,0.22186706442683862,14.5,0.0,137.625
100,103,2026-03-04,1,1,2025-26,New York Knicks,Oklahoma City Thunder,113.5,41.625,57.0,14.875,44.125,10.375,33.75,29.125,14.0,2.129526682467859,13.875,37.875,36.1875,28.5,49.5,57.46192842686622,14.875,20.0,74.72500000000001,0.0,9.875,0.7197370440017499,4.75,19.0,0.24816264424430057,14.0,0.0,137.25,111.75,42.375,52.25,17.125,47.125,11.375,35.75,25.5,14.25,1.9147478070175439,14.125,40.75,34.6125,26.125,50.875,50.66215934181234,17.125,21.125,80.7125,0.0,9.5,0.7275676169590644,5.375,16.375,0.36382099904739224,14.25,0.0,129.625
106,102,2026-03-04,1,1,2025-26,Philadelphia 76ers,Utah Jazz,111.25,36.375,55.25,19.625,42.5,10.25,32.25,22.375,12.875,1.9391658688533688,12.125,36.625,33.075,27.625,55.125,49.766836103855645,19.625,24.5,80.075,0.0,10.625,0.9181313478188478,5.25,21.0,0.24781529404691166,12.875,0.0,122.25,115.25,37.125,58.25,19.875,42.875,12.125,30.75,27.25,14.875,2.064170843776107,12.375,38.5,32.5375,29.125,52.5,55.70095865395476,19.875,25.375,77.725,0.0,11.875,0.9074639724310778,3.875,22.0,0.19085317460317458,14.875,0.0,131.25
114,122,2026-03-04,1,1,2025-26,Memphis Grizzlies,Portland Trail Blazers,118.0,42.375,58.25,17.375,37.0,9.375,27.625,30.125,13.875,2.4131851604278074,14.125,36.875,38.3125,29.125,52.5,55.31175998047165,17.375,22.25,80.0,0.0,11.875,0.9691631387403445,5.625,21.5,0.281459425990676,13.875,0.0,137.75,109.375,40.125,51.5,17.75,43.875,13.625,30.25,24.5,18.5,1.3989245537958772,13.375,42.5,31.724999999999998,25.75,46.0,56.27885077885078,17.75,24.375,71.2375,0.0,7.75,0.4538567029375853,6.5,18.25,0.39511672622034044,18.5,0.0,117.5
112,122,2026-03-05,1,1,2025-26,Washington Wizards,Utah Jazz,112.625,36.0,62.5,14.125,40.0,9.25,30.75,24.5,14.25,1.7962849650349648,12.0,34.125,34.525,31.25,56.625,54.83991265705231,14.125,18.625,76.83749999999999,0.0,9.0,0.6658848096348096,6.0,19.75,0.32028977859086216,14.25,0.0,125.875,113.625,37.875,57.0,18.75,40.875,11.875,29.0,26.375,15.25,1.9454208437761067,12.625,38.875,32.9125,28.5,51.625,55.3501933478323,18.75,23.875,78.675,0.0,11.75,0.8824639724310777,4.375,21.875,0.21210317460317463,15.25,0.0,127.25
121,106,2026-03-05,1,1,2025-26,San Antonio Spurs,Detroit Pistons,119.5,43.125,58.5,17.875,46.0,10.625,35.375,31.75,14.625,2.398204328351387,14.375,38.75,36.8125,29.25,50.5,58.208474312482636,17.875,23.125,76.9,0.0,8.25,0.6343491475844416,6.875,19.0,0.3702955304928989,14.625,0.0,146.875,116.125,28.125,70.0,18.0,50.5,15.25,35.25,27.125,15.25,1.7947085084033614,9.375,29.625,31.875,35.0,64.375,54.551037755760575,18.0,23.875,75.89999999999999,0.0,10.5,0.6958639705882352,7.625,21.5,0.36071473974792057,15.25,0.0,141.125
123,133,2026-03-05,1,1,2025-26,Sacramento Kings,New Orleans Pelicans,108.25,23.25,66.75,18.25,43.875,13.75,30.125,26.875,13.75,2.3341370252554463,7.75,29.0,26.887500000000003,33.375,63.5,52.22162088947728,18.25,22.125,82.73750000000001,0.0,9.625,0.8619119915172547,4.5,16.625,0.2702719155844156,13.75,0.0,124.125,116.25,33.75,61.25,21.25,45.625,12.125,33.5,26.75,16.5,1.6314610527071827,11.25,33.75,32.85,30.625,55.375,55.25463325689323,21.25,26.625,80.42500000000001,0.0,8.5,0.5135021282467103,6.375,21.75,0.29695125798395083,16.5,0.0,134.375
103,105,2026-03-05,1,1,2025-26,Phoenix Suns,Chicago Bulls,102.625,45.375,48.0,9.25,46.5,16.125,30.375,23.375,13.75,1.847184415190708,15.125,44.875,33.4,24.0,50.0,48.337532900079786,9.25,12.75,74.2,0.0,8.5,0.6378860857550789,4.125,17.875,0.24855478911185433,13.75,0.0,112.125,106.75,43.875,47.25,15.625,43.875,9.125,34.75,26.0,19.5,1.3796873911374516,14.625,41.25,35.25,23.625,43.875,53.992921269357375,15.625,20.75,76.15,0.0,8.375,0.448303551042816,5.125,17.75,0.2994625880655292,19.5,0.0,118.625
120,113,2026-03-05,1,1,2025-26,Denver Nuggets,Los Angeles Lakers,121.25,40.125,58.75,22.375,47.75,10.75,37.0,28.125,15.125,1.9312602124183007,13.375,35.75,36.9625,29.375,52.875,56.065040073330415,22.375,28.25,77.675,0.0,6.875,0.4410189075630252,3.125,18.75,0.17821495025442394,15.125,0.0,140.25,115.5,39.0,58.5,18.0,40.625,8.75,31.875,27.5,12.5,2.335285547785548,13.0,33.375,38.525000000000006,29.25,52.0,56.479266151136045,18.0,23.25,76.975,0.0,8.125,0.7113272144522145,6.0,17.125,0.38057979172530254,12.5,0.0,136.875
115,107,2026-03-05,1,1,2025-26,Minnesota Timberwolves,Toronto Raptors,119.125,39.375,61.25,18.5,44.0,10.125,33.875,26.625,16.375,1.6826957216759848,13.125,35.25,36.925000000000004,30.625,50.875,60.63339109228597,18.5,25.25,70.7375,0.0,9.875,0.6277872164385323,6.375,20.75,0.320119332421964,16.375,0.0,140.5,111.5,32.625,59.25,19.625,40.875,10.625,30.25,26.25,13.25,2.162554541047188,10.875,30.25,35.6125,29.625,56.5,52.57716249263703,19.625,24.0,80.61250000000001,0.0,9.375,0.7537141779788838,4.75,19.625,0.2411184210526316,13.25,0.0,128.875
126,110,2026-03-05,1,1,2025-26,Miami Heat,Brooklyn Nets,121.375,42.0,58.5,20.875,50.375,13.5,36.875,27.875,13.125,2.2467757936507935,14.0,39.75,35.462500000000006,29.25,52.5,55.22327957679396,20.875,27.625,76.325,0.0,7.75,0.6413690476190476,5.0,18.5,0.2786056049213944,13.125,0.0,143.5,101.125,33.75,50.75,16.625,35.375,8.375,27.0,26.0,15.0,1.8570776617603242,11.25,36.0,31.775,25.375,47.625,53.33965222217616,16.625,21.75,75.6375,0.0,8.375,0.5879344146565508,3.625,21.5,0.17137263448476261,15.0,0.0,107.375
113,115,2026-03-05,1,1,2025-26,Houston Rockets,Golden State Warriors,113.375,36.375,61.5,15.5,46.5,12.375,34.125,25.25,17.125,1.6021959521959523,12.125,33.5,35.95,30.75,52.5,58.926774506904614,15.5,19.125,81.5125,0.0,7.75,0.5185636123136124,6.875,17.25,0.4086017740429505,17.125,0.0,135.875,113.625,47.625,54.0,12.0,43.875,12.375,31.5,32.625,15.5,2.301831886410691,15.875,46.25,34.0625,27.0,45.875,58.798144538451055,12.0,15.5,76.0,0.0,9.125,0.608101590438547,3.25,19.25,0.18088272988621285,15.5,0.0,134.25
115,114,2026-03-05,1,1,2025-26,Orlando Magic,Dallas Mavericks,112.0,40.125,52.25,19.625,41.625,9.125,32.5,26.5,12.25,2.374255715045189,13.375,35.75,36.175,26.125,50.25,51.11481862595898,19.625,24.875,78.6,0.0,8.375,0.7373853668261563,5.875,19.75,0.29380729564553093,12.25,0.0,130.375,109.375,24.375,64.25,20.75,42.625,9.5,33.125,23.0,15.625,1.542725309820898,8.125,26.25,30.9,32.125,58.75,54.68494471337824,20.75,29.375,71.3125,0.0,6.75,0.4787068425855191,2.75,16.75,0.1684836088618983,15.625,0.0,115.5
118,116,2026-03-06,1,1,2025-26,Phoenix Suns,New Orleans Pelicans,100.5,44.25,45.5,10.75,46.375,15.625,30.75,22.375,13.875,1.7614701294764226,14.75,44.375,32.9375,22.75,49.25,46.65484059238748,10.75,15.0,74.2,0.0,8.375,0.6247908476598408,4.125,16.875,0.2544027423282286,13.875,0.0,107.5,119.0,34.125,62.75,22.125,46.375,12.875,33.5,26.75,16.375,1.653095668091798,11.375,34.125,32.824999999999996,31.375,55.75,56.12873674049979,22.125,27.625,80.55,0.0,8.75,0.5383418718364539,7.375,21.125,0.35703579904675276,16.375,0.0,139.25
120,128,2026-03-06,1,1,2025-26,Charlotte Hornets,Miami Heat,118.875,60.375,43.0,15.5,47.875,15.0,32.875,28.25,14.0,2.2981661414565826,20.125,48.625,41.3875,21.5,40.375,53.53039365372027,15.5,19.75,79.5,0.0,9.5,0.7898021708683474,4.25,19.625,0.2316231264780216,14.0,0.0,143.125,123.25,39.75,63.75,19.75,50.625,13.75,36.875,28.5,13.125,2.2914186507936507,13.25,37.5,35.4625,31.875,56.25,56.222820017970434,19.75,25.125,78.7375,0.0,8.625,0.7038690476190476,5.625,18.25,0.31156015037593987,13.125,0.0,149.5
128,117,2026-03-06,1,1,2025-26,Los Angeles Lakers,Indiana Pacers,114.125,40.125,57.0,17.0,39.125,8.25,30.875,26.875,12.125,2.373747086247086,13.375,33.375,39.725,28.5,52.125,54.98575965762954,17.0,22.5,74.60000000000001,0.0,8.625,0.7844041375291375,5.75,17.25,0.36778217267768354,12.125,0.0,133.25,113.0,43.875,52.25,16.875,39.75,8.875,30.875,28.75,16.75,1.8211433815517055,14.625,41.0,35.45,26.125,47.125,55.435232958098815,16.875,21.75,76.875,0.0,7.5,0.467153111317871,3.875,18.375,0.2294652366448705,16.75,0.0,123.875
116,112,2026-03-06,1,1,2025-26,San Antonio Spurs,LA Clippers,118.875,44.25,56.75,17.875,46.25,9.875,36.375,30.375,14.5,2.2940376616847207,14.75,38.5,38.0,28.375,49.625,57.587906936596106,17.875,23.375,76.1875,0.0,8.125,0.6287935920288861,7.625,19.25,0.4043233082706767,14.5,0.0,146.25,115.0,28.125,64.0,22.875,42.375,8.75,33.625,23.375,13.0,1.9198520686185159,9.375,28.25,32.4625,32.0,55.0,57.96393390501903,22.875,27.375,83.725,0.0,9.25,0.7719475060757957,5.5,19.375,0.2950878671626753,13.0,0.0,136.125
103,142,2026-03-06,1,1,2025-26,Denver Nuggets,New York Knicks,121.0,41.625,56.75,22.625,47.125,10.5,36.625,27.875,15.5,1.877093545751634,13.875,36.875,36.925,28.375,51.0,56.17578737687433,22.625,28.125,78.80000000000001,0.0,7.0,0.44518557422969185,3.125,18.375,0.1794485028860029,15.5,0.0,139.5,108.75,37.875,56.75,14.125,43.75,10.375,33.375,26.875,13.875,1.9932171586583352,12.625,36.75,34.075,28.375,50.25,56.383044444529816,14.125,19.375,73.625,0.0,8.875,0.6560465678112737,4.375,20.0,0.21691264424430057,13.875,0.0,127.5
106,99,2026-03-06,1,1,2025-26,Houston Rockets,Portland Trail Blazers,114.75,37.125,62.5,15.125,47.0,12.875,34.125,25.375,16.75,1.633941983941984,12.375,33.25,36.9375,31.25,54.5,57.90994421237446,15.125,18.75,80.94999999999999,0.0,8.75,0.5770953583453583,6.0,17.25,0.3571311858076564,16.75,0.0,137.375,111.0,39.75,53.75,17.5,44.25,13.875,30.375,25.25,17.375,1.5015829248366013,13.25,42.25,31.6375,26.875,46.375,58.08909410695125,17.5,24.625,68.7125,0.0,8.5,0.508155345471522,7.375,18.25,0.43488945349306773,17.375,0.0,123.375
120,100,2026-03-06,1,1,2025-26,Boston Celtics,Dallas Mavericks,109.0,46.5,48.75,13.75,51.25,13.375,37.875,27.625,13.25,2.152255036630037,15.5,41.875,37.775000000000006,24.375,45.5,53.323408793705056,13.75,16.5,82.78750000000001,0.0,5.25,0.4164892399267399,6.125,15.5,0.44638636324975334,13.25,0.0,135.75,110.625,27.0,62.5,21.125,44.625,10.375,34.25,23.75,15.375,1.6286227457183338,9.0,27.0,33.0125,31.25,58.875,52.924811939094525,21.125,29.75,71.6375,0.0,6.625,0.47806581694449346,3.75,16.625,0.2277156350056892,15.375,0.0,119.75
125,116,2026-03-07,1,1,2025-26,Atlanta Hawks,Philadelphia 76ers,118.375,40.875,57.25,20.25,50.125,12.875,37.25,29.75,13.5,2.257255979314803,13.625,39.125,34.975,28.625,53.0,54.45319952511302,20.25,26.0,76.73750000000001,0.0,9.75,0.7389681397034339,5.0,19.125,0.26675870529371165,13.5,0.0,143.875,113.375,37.5,56.25,19.625,43.125,10.25,32.875,23.375,12.5,2.028054757742258,12.5,37.0,33.9375,28.125,54.75,51.05137114428691,19.625,24.5,80.075,0.0,10.25,0.9056313478188478,5.375,20.875,0.25761921561553913,12.5,0.0,127.0
113,99,2026-03-07,1,1,2025-26,Milwaukee Bucks,Utah Jazz,108.5,42.75,52.5,13.25,40.75,9.375,31.375,24.25,15.5,1.629253695865538,14.25,39.375,36.1,26.25,47.375,54.65509121408482,13.25,17.375,74.9625,0.0,7.375,0.5018870384001962,3.5,17.0,0.21001069202984837,15.5,0.0,118.5,113.75,37.875,57.0,18.875,40.0,12.875,27.125,26.0,14.5,2.0322263993316625,12.625,38.625,33.2125,28.5,52.625,54.20447190135897,18.875,24.5,76.1625,0.0,12.125,0.9449639724310777,4.5,22.0,0.21697330447330446,14.5,0.0,126.125
92,119,2026-03-07,1,1,2025-26,Minnesota Timberwolves,Orlando Magic,116.25,38.25,58.75,19.25,44.0,10.0,34.0,25.125,16.125,1.6134649524452156,12.75,33.875,37.4,29.375,50.875,58.13339109228597,19.25,25.5,73.3875,0.0,9.875,0.6406077292590451,5.875,21.125,0.2893178970152654,16.125,0.0,136.125,112.875,37.5,56.25,19.125,43.75,10.0,33.75,26.5,12.625,2.2666168261563,12.5,34.75,35.0125,28.125,53.125,52.43871025157475,19.125,24.25,78.82499999999999,0.0,8.125,0.6748853668261563,5.375,19.375,0.27446205755029285,12.625,0.0,131.625
104,97,2026-03-07,1,1,2025-26,Oklahoma City Thunder,Golden State Warriors,113.0,42.75,52.5,17.75,46.0,10.0,36.0,25.375,14.25,1.9069353070175439,14.25,40.375,35.2125,26.25,50.0,52.253840156752915,17.75,21.75,81.2125,0.0,10.125,0.7666301169590644,4.625,18.125,0.27007099904739224,14.25,0.0,131.0,113.75,48.75,53.5,11.5,44.75,13.375,31.375,32.375,15.0,2.324143099225336,16.25,46.875,34.5,26.75,46.625,57.467787395593916,11.5,15.0,75.3,0.0,8.875,0.6086736728184097,3.75,20.0,0.2007037017532205,15.0,0.0,134.5
120,123,2026-03-07,1,1,2025-26,Memphis Grizzlies,LA Clippers,117.75,42.0,57.75,18.0,38.125,10.0,28.125,29.75,15.25,2.013675356506239,14.0,36.0,38.974999999999994,28.875,52.875,54.503193546905216,18.0,23.75,78.21249999999999,0.0,11.875,0.8073984328579916,5.75,20.375,0.2945368716428499,15.25,0.0,136.25,115.875,28.5,65.25,22.125,43.5,8.75,34.75,23.5,12.875,1.9562157049821525,9.5,28.875,32.099999999999994,32.625,55.5,58.661854582724075,22.125,26.625,83.14999999999999,0.0,9.125,0.774220233348523,5.0,19.375,0.261754533829342,12.875,0.0,137.375
105,107,2026-03-07,1,1,2025-26,Detroit Pistons,Brooklyn Nets,115.25,27.375,69.0,18.875,50.125,14.875,35.25,26.625,14.5,1.8572085084033612,9.125,28.875,32.0875,34.5,64.875,53.287555475329135,18.875,24.5,77.4,0.0,9.75,0.6677389705882353,7.125,21.75,0.33483482256365554,14.5,0.0,138.625,104.375,34.5,53.0,16.875,37.0,10.25,26.75,26.625,16.0,1.7841609950936574,11.5,35.0,33.075,26.5,49.625,53.86353136447636,16.875,22.0,76.16250000000001,0.0,8.5,0.5608510813232176,3.375,21.5,0.15821473974792052,16.0,0.0,112.125
110,97,2026-03-08,1,1,2025-26,Los Angeles Lakers,New York Knicks,114.5,40.125,57.25,17.125,40.5,8.375,32.125,26.125,12.25,2.291215034965035,13.375,34.125,38.6125,28.625,51.375,56.027426324296215,17.125,22.25,76.0125,0.0,8.25,0.7491477272727273,5.5,17.0,0.3583124757079866,12.25,0.0,134.0,112.625,40.875,58.25,13.5,45.25,10.75,34.5,29.375,13.75,2.243217158658335,13.625,36.625,37.099999999999994,29.125,51.375,56.44215541552603,13.5,18.5,73.775,0.0,9.125,0.6872965678112737,4.0,20.25,0.19797325030490664,13.75,0.0,136.375
122,92,2026-03-08,1,1,2025-26,Toronto Raptors,Dallas Mavericks,109.625,31.875,58.75,19.0,39.125,9.875,29.25,25.375,13.375,2.080136958629606,10.625,29.125,36.387499999999996,29.375,56.125,52.4903138574013,19.0,23.25,80.2,0.0,8.625,0.691900991165697,4.375,19.625,0.22138157894736843,13.375,0.0,124.25,109.25,29.25,60.25,19.75,44.625,9.5,35.125,24.0,15.125,1.6973727457183339,9.75,28.25,34.0125,30.125,57.125,52.368059065531305,19.75,27.625,73.0,0.0,5.375,0.3780658169444935,4.0,16.375,0.24594480167235586,15.125,0.0,118.75
145,120,2026-03-08,1,1,2025-26,San Antonio Spurs,Houston Rockets,118.25,45.75,56.0,16.5,46.5,10.375,36.125,30.25,14.625,2.2603838155308744,15.25,39.0,38.800000000000004,28.0,50.125,56.30086989955907,16.5,22.625,71.1875,0.0,8.125,0.6239858997211938,7.625,19.875,0.38287722983930417,14.625,0.0,144.125,114.875,35.625,63.25,16.0,47.625,12.875,34.75,25.875,18.125,1.5487147112147113,11.875,31.625,36.712500000000006,31.625,55.0,58.0216621865552,16.0,20.375,78.55,0.0,8.0,0.45777717652717653,6.125,18.5,0.3354645191409897,18.125,0.0,136.875
126,110,2026-03-08,1,1,2025-26,Sacramento Kings,Chicago Bulls,112.0,23.625,71.25,17.125,43.875,13.125,30.75,27.5,13.0,2.6212249373433583,7.875,28.75,27.4625,35.625,64.875,54.67905123003455,17.125,21.375,80.53750000000001,0.0,9.0,0.8550438596491229,4.5,17.125,0.26500875768967874,13.0,0.0,129.5,106.75,42.0,48.5,16.25,45.375,9.125,36.25,25.75,19.5,1.3604566219066823,14.0,40.25,34.2125,24.25,44.5,54.48088483474449,16.25,22.25,73.575,0.0,8.25,0.43868816642743147,4.875,18.25,0.28178582038876154,19.5,0.0,119.0
131,111,2026-03-08,1,1,2025-26,Portland Trail Blazers,Indiana Pacers,106.5,37.5,52.0,17.0,43.125,13.5,29.625,24.5,16.75,1.5030710200746966,12.5,41.375,30.6,26.0,46.375,56.10045774331489,17.0,25.125,66.3375,0.0,9.75,0.5993011788048552,6.75,17.875,0.4093459752321981,16.75,0.0,116.5,113.25,41.25,54.25,17.75,39.5,9.25,30.25,29.25,16.125,2.1083457625040865,13.75,40.125,33.85,27.125,48.75,55.47491549778135,17.75,23.0,76.80000000000001,0.0,7.375,0.5311412065559663,3.75,18.5,0.22105880389633248,16.125,0.0,123.75
138,118,2026-03-08,1,1,2025-26,New Orleans Pelicans,Washington Wizards,118.75,36.375,58.75,23.625,47.0,13.75,33.25,26.25,16.5,1.6066670966632268,12.125,34.5,35.287499999999994,29.375,54.875,53.59574553815375,23.625,28.75,82.4375,0.0,8.5,0.5157228242174062,7.125,22.0,0.33589609316439983,16.5,0.0,138.125,112.625,38.625,59.0,15.0,39.625,9.875,29.75,23.5,15.375,1.566021807140228,12.875,34.75,36.175000000000004,29.5,53.375,54.711107036443416,15.0,20.125,76.0625,0.0,8.25,0.543516388582178,5.5,20.125,0.2897750727085093,15.375,0.0,123.25
91,130,2026-03-08,1,1,2025-26,Milwaukee Bucks,Orlando Magic,105.25,42.75,49.0,13.5,42.125,9.25,32.875,24.875,15.0,1.7709203625322045,14.25,40.375,35.15,24.5,45.5,53.65334905380607,13.5,18.625,72.375,0.0,7.125,0.5064324929456508,3.125,17.375,0.18243716261808368,15.0,0.0,115.25,111.375,30.75,60.0,20.625,45.875,11.25,34.625,26.5,13.25,2.149950159489633,10.25,32.75,31.575,30.0,55.25,54.050552356837905,20.625,26.0,79.01249999999999,0.0,7.5,0.5790520334928229,5.375,20.25,0.2658836261777438,13.25,0.0,130.25
121,110,2026-03-08,1,1,2025-26,Miami Heat,Detroit Pistons,123.875,41.25,63.5,19.125,49.125,12.875,36.25,29.25,12.875,2.546626984126984,13.75,36.375,37.6625,31.75,56.75,55.57952263738492,19.125,24.125,79.2625,0.0,8.5,0.7247023809523809,5.125,18.125,0.281203007518797,12.875,0.0,150.375,112.625,26.25,66.75,19.625,49.25,14.875,34.375,25.5,14.375,1.7947085084033612,8.75,28.375,31.4875,33.375,64.375,51.85158560715588,19.625,25.875,76.05000000000001,0.0,10.375,0.7177389705882353,6.875,22.0,0.3189257316545646,14.375,0.0,133.375
98,109,2026-03-08,1,1,2025-26,Cleveland Cavaliers,Boston Celtics,113.25,38.625,54.75,19.875,43.125,11.25,31.875,26.75,13.75,2.0200449876920468,12.875,34.75,38.0625,27.375,49.75,55.03381765171143,19.875,26.75,74.075,0.0,8.75,0.6605095068330362,5.125,18.625,0.2824186230436231,13.75,0.0,132.125,108.875,46.125,48.5,14.25,51.75,13.5,38.25,26.75,12.875,2.1686011904761906,15.375,42.875,36.625,24.25,45.0,53.64872073666406,14.25,17.5,80.4125,0.0,5.125,0.42418154761904764,6.625,16.0,0.44638636324975334,12.875,0.0,134.75
111,99,2026-03-08,1,1,2025-26,Phoenix Suns,Charlotte Hornets,101.625,46.125,43.5,12.0,46.125,15.625,30.5,22.5,14.25,1.715636796143089,15.375,46.375,32.7875,21.75,47.0,47.46734059238748,12.0,16.625,75.1625,0.0,9.0,0.6581241809931742,4.25,18.25,0.23492810464706917,14.25,0.0,108.375,121.25,62.25,43.0,16.0,48.125,15.0,33.125,28.125,13.625,2.3336228722258134,20.75,49.875,41.7875,21.5,40.625,53.232774606101216,16.0,20.0,80.9625,0.0,9.25,0.7831915939452705,5.125,20.375,0.2732897931446883,13.625,0.0,146.0
129,126,2026-03-09,1,1,2025-26,Oklahoma City Thunder,Denver Nuggets,112.875,43.5,51.5,17.875,45.375,9.25,36.125,25.625,13.625,1.9764841791979948,14.5,41.25,35.0375,25.75,48.5,52.77467349008625,17.875,21.625,82.1875,0.0,9.625,0.7567616959064327,4.25,18.0,0.2506996540181525,13.625,0.0,130.875,119.625,39.75,57.5,22.375,45.375,10.75,34.625,28.0,15.25,1.913858251633987,13.25,36.875,35.3625,28.75,50.625,57.54080254370952,22.375,28.0,78.275,0.0,6.75,0.4363620448179272,3.0,17.75,0.17561078358775728,15.25,0.0,136.375
119,116,2026-03-09,1,1,2025-26,Utah Jazz,Golden State Warriors,111.25,37.125,54.75,19.375,41.875,13.0,28.875,25.375,13.625,2.087599206349206,12.375,40.0,31.675,27.375,51.625,52.854297685331105,19.375,24.5,77.8875,0.0,11.125,0.9191964285714286,4.5,21.0,0.22282125768967875,13.625,0.0,123.5,111.75,48.0,52.5,11.25,45.625,14.0,31.625,31.25,15.125,2.207957201789439,16.0,46.625,34.1375,26.25,46.5,56.476772596439574,11.25,15.125,73.375,0.0,9.125,0.6230967497414865,4.0,19.25,0.21632870175322053,15.125,0.0,131.875
126,118,2026-03-09,1,1,2025-26,LA Clippers,New York Knicks,116.875,27.0,66.25,23.625,43.375,9.875,33.5,22.0,13.125,1.8323317764107239,9.0,26.875,32.012499999999996,33.125,56.875,58.138350309219796,23.625,28.5,83.0125,0.0,9.25,0.7719880904913801,4.75,19.0,0.2525154033945594,13.125,0.0,136.625,111.25,40.125,57.0,14.125,47.5,11.0,36.5,29.0,14.625,2.123699614798686,13.375,37.625,35.224999999999994,28.5,50.0,56.69374439857688,14.125,19.125,74.15,0.0,8.625,0.6187658660568877,4.25,20.75,0.20884281552229794,14.625,0.0,135.25
115,101,2026-03-09,1,1,2025-26,Cleveland Cavaliers,Philadelphia 76ers,111.5,39.0,52.25,20.25,41.375,11.5,29.875,26.25,13.125,2.0984180035650626,13.0,36.0,37.3875,26.125,48.5,53.89799746998021,20.25,26.875,75.5,0.0,8.375,0.6535650623885918,5.0,19.375,0.254584614946457,13.125,0.0,127.375,114.5,37.125,60.0,17.375,41.875,10.0,31.875,24.625,13.125,2.0559565434565434,12.375,36.125,34.5875,30.0,55.625,53.57102523233723,17.375,22.125,78.275,0.0,10.375,0.8948426573426573,4.25,20.0,0.22243403043035395,13.125,0.0,128.375
126,115,2026-03-09,1,1,2025-26,Brooklyn Nets,Memphis Grizzlies,107.0,35.625,53.75,17.625,37.625,10.5,27.125,26.75,15.875,1.7960657569984193,11.875,33.625,35.1,26.875,51.125,52.8766892592132,17.625,22.25,78.1125,0.0,8.0,0.539124890847027,3.75,21.625,0.1722545948203843,15.875,0.0,116.625,117.375,43.5,56.0,17.875,36.75,10.0,26.75,29.75,15.0,2.042106729055259,14.5,37.25,39.075,28.0,51.0,54.89803175954004,17.875,22.625,80.67500000000001,0.0,11.0,0.7637709818775995,5.75,22.0,0.27352394060836716,15.0,0.0,135.125
125,116,2026-03-10,1,1,2025-26,San Antonio Spurs,Boston Celtics,119.0,48.75,53.75,16.5,44.5,9.625,34.875,31.0,13.375,2.631911593308652,16.25,39.75,40.587500000000006,26.875,48.625,55.98836989955907,16.5,22.5,71.55,0.0,8.0,0.6517636774989716,7.5,20.625,0.367973383685458,13.375,0.0,145.375,108.625,46.5,47.5,14.625,51.625,13.625,38.0,26.25,12.625,2.1700892857142855,15.5,43.125,36.7,23.75,44.875,52.712087989208,14.625,17.625,81.65,0.0,4.625,0.3914434523809524,6.0,16.125,0.4134916264076481,12.625,0.0,132.75
114,109,2026-03-10,1,1,2025-26,Sacramento Kings,Indiana Pacers,116.0,24.75,73.5,17.75,44.75,13.375,31.375,28.875,11.125,3.507738095238095,8.25,29.0,28.5,36.75,67.0,54.87976487856265,17.75,21.75,81.95,0.0,8.5,0.9520833333333334,4.875,17.75,0.27728554340396444,11.125,0.0,136.875,114.0,40.875,56.25,16.875,38.0,9.75,28.25,29.875,14.75,2.270030545112782,13.625,40.125,33.55,28.125,50.25,56.050157099253965,16.875,22.625,74.42500000000001,0.0,7.625,0.5868477282950967,4.0,18.5,0.23242244025996883,14.75,0.0,124.375
101,103,2026-03-10,1,1,2025-26,Portland Trail Blazers,Charlotte Hornets,110.0,37.5,55.0,17.5,45.25,14.125,31.125,25.0,16.25,1.5883884803921569,12.5,40.625,31.1875,27.5,48.0,57.38250902536616,17.5,24.875,68.76249999999999,0.0,9.375,0.5883884803921569,7.125,17.75,0.43072755417956654,16.25,0.0,124.5,119.5,60.375,44.5,14.625,47.625,13.75,33.875,27.875,13.5,2.332249245852187,20.125,48.5,41.487500000000004,22.25,41.5,54.072567887754964,14.625,19.125,77.3625,0.0,8.75,0.7481641214177979,5.375,20.125,0.2872649484241914,13.5,0.0,143.5
100,138,2026-03-10,1,1,2025-26,Brooklyn Nets,Detroit Pistons,109.75,37.5,54.75,17.5,38.75,10.625,28.125,27.5,16.75,1.7359696031522656,12.5,33.5,37.125,27.375,51.25,53.715678701143815,17.5,21.875,78.8875,0.0,8.125,0.5150864293085655,4.375,22.0,0.19804824561403508,16.75,0.0,122.5,110.625,25.5,64.5,20.625,47.875,14.875,33.0,24.5,14.125,1.7619704131652663,8.5,29.375,29.6,32.25,61.5,52.44120824866531,20.625,27.0,76.7875,0.0,9.5,0.6626794467787115,7.625,22.375,0.3466431229589124,14.125,0.0,129.5
114,129,2026-03-10,1,1,2025-26,Milwaukee Bucks,Phoenix Suns,104.875,44.25,48.25,12.375,40.875,8.75,32.125,25.375,14.75,1.8142640157829786,14.75,41.875,35.325,24.125,43.875,54.70877358210795,12.375,17.875,68.2875,0.0,7.875,0.5536461152366725,3.0,18.25,0.16749151044417063,14.75,0.0,114.875,103.75,47.625,41.75,14.375,45.375,14.5,30.875,22.75,13.625,1.8790983346046275,15.875,46.25,34.0875,20.875,43.875,48.68914510366567,14.375,19.125,77.8875,0.0,8.75,0.6689414886854819,4.25,18.375,0.23263031052942212,13.625,0.0,113.125
139,129,2026-03-10,1,1,2025-26,Philadelphia 76ers,Memphis Grizzlies,113.25,36.75,61.0,15.5,41.25,9.875,31.375,24.75,13.875,1.9871062760768645,12.25,35.125,34.9375,30.5,55.5,54.767833742975526,15.5,20.25,76.38749999999999,0.0,10.0,0.8326768819415877,4.125,19.5,0.22124355423987777,13.875,0.0,126.875,116.75,43.125,55.0,18.625,36.875,10.5,26.375,29.0,15.25,1.952363139311669,14.375,36.25,39.712500000000006,27.5,51.625,53.38824768396649,18.625,23.0,82.65,0.0,10.375,0.704155597262215,5.875,21.125,0.3004178800023065,15.25,0.0,133.25
120,106,2026-03-10,1,1,2025-26,Los Angeles Lakers,Minnesota Timberwolves,117.125,42.375,56.0,18.75,40.875,8.875,32.0,26.375,13.0,2.1885364635364635,14.125,35.875,39.125,28.0,48.875,57.301726940702096,18.75,23.75,78.08749999999999,0.0,8.625,0.7290584415584416,5.5,17.125,0.3566677388658813,13.0,0.0,137.875,111.125,36.375,56.25,18.5,43.25,9.625,33.625,24.0,15.75,1.5738816191118823,12.125,34.625,35.0625,28.125,49.75,56.78797942847808,18.5,25.0,72.3,0.0,9.375,0.628107729259045,5.75,21.125,0.28336551606288446,15.75,0.0,127.125
113,99,2026-03-10,1,1,2025-26,Houston Rockets,Toronto Raptors,116.625,34.125,65.25,17.25,46.75,12.25,34.5,26.0,17.125,1.6591313778813779,11.375,31.25,35.45,32.625,56.25,58.59239895583918,17.25,21.5,79.69999999999999,0.0,8.0,0.47861050986050985,6.0,18.875,0.325138432184468,17.125,0.0,138.5,113.0,31.875,62.75,18.375,40.0,9.5,30.5,27.5,12.25,2.5277472527472526,10.625,29.625,35.949999999999996,31.375,58.125,54.145812477819106,18.375,23.125,77.875,0.0,9.125,0.8123054029304029,4.125,19.5,0.21019736842105263,12.25,0.0,131.0
124,130,2026-03-10,1,1,2025-26,Golden State Warriors,Chicago Bulls,112.5,46.5,53.5,12.5,46.375,15.0,31.375,31.625,15.25,2.203790535122772,15.5,46.25,33.4375,26.75,47.25,56.64542853831815,12.5,16.75,75.4625,0.0,9.5,0.6494856386303756,3.75,20.375,0.18337415629867507,15.25,0.0,133.0,107.875,43.875,47.0,17.0,45.75,8.875,36.875,26.375,18.375,1.4819628330868067,14.625,40.875,35.1875,23.5,43.625,53.72837647354048,17.0,23.875,71.9,0.0,7.75,0.4239366136324004,5.0,18.375,0.28653728237706566,18.375,0.0,121.125
124,112,2026-03-10,1,1,2025-26,Atlanta Hawks,Dallas Mavericks,120.625,42.0,58.75,19.875,49.875,13.375,36.5,30.25,14.5,2.178501400560224,14.0,38.625,36.575,29.375,53.375,55.510184819230666,19.875,25.375,77.15,0.0,10.125,0.7275212532565474,4.5,18.75,0.24493330846831485,14.5,0.0,146.75,104.0,27.0,57.75,19.25,44.875,9.875,35.0,23.125,16.125,1.5125641332781425,9.0,28.5,31.1875,28.875,56.125,51.25781873115304,19.25,26.125,75.425,0.0,4.875,0.30868782651387144,4.625,17.25,0.2704640324415866,16.125,0.0,111.75
150,129,2026-03-10,1,1,2025-26,Miami Heat,Washington Wizards,123.0,40.875,61.5,20.625,48.0,13.125,34.875,29.25,13.25,2.4389880952380953,13.625,36.125,37.575,30.75,56.125,54.537855970718255,20.625,25.5,80.9375,0.0,8.625,0.7073412698412698,5.25,18.375,0.2845673967527514,13.25,0.0,148.125,111.0,41.625,53.5,15.875,38.75,10.25,28.5,22.375,15.25,1.514551218904934,13.875,36.375,37.75,26.75,51.25,52.3185591081812,15.875,21.125,76.3875,0.0,6.75,0.461000048712897,4.75,22.125,0.22687184690205764,15.25,0.0,116.125
117,134,2026-03-11,1,1,2025-26,Utah Jazz,New York Knicks,111.875,36.75,53.5,21.625,42.0,13.125,28.875,25.5,12.75,2.15500116713352,12.25,40.0,31.3125,26.75,50.375,53.00562940445943,21.625,26.125,82.4875,0.0,10.75,0.9207282913165267,4.25,20.125,0.2209830223955611,12.75,0.0,125.75,112.875,39.75,59.25,13.875,47.625,11.5,36.125,29.625,15.5,2.0640842301833016,13.25,37.375,35.1375,29.625,51.0,57.84850630333878,13.875,18.5,75.1875,0.0,8.125,0.5634774045184261,3.875,21.5,0.18486583342511123,15.5,0.0,136.5
122,111,2026-03-11,1,1,2025-26,New Orleans Pelicans,Toronto Raptors,120.25,32.625,63.0,24.625,46.375,14.0,32.375,26.25,15.625,1.7889587633298931,10.875,33.125,32.8375,31.5,57.25,55.05448183731558,24.625,29.875,82.7375,0.0,9.25,0.6459311575507396,6.875,21.375,0.3333960931643998,15.625,0.0,140.125,111.625,32.625,61.25,17.75,38.0,9.0,29.0,27.25,12.125,2.524313186813187,10.875,31.25,35.275,30.625,55.0,55.80270657874306,17.75,22.75,76.8125,0.0,8.625,0.783459249084249,4.25,19.875,0.21318649885583524,12.125,0.0,127.875
129,93,2026-03-11,1,1,2025-26,Denver Nuggets,Houston Rockets,115.75,37.5,56.5,21.75,44.875,11.125,33.75,26.5,14.25,2.046670751633987,12.5,36.375,34.025,28.25,51.375,55.961070800043345,21.75,27.625,77.16250000000001,0.0,5.625,0.3894870448179272,3.0,17.5,0.1773153290423027,14.25,0.0,128.625,115.125,31.125,65.25,18.75,46.625,12.875,33.75,24.375,16.0,1.647557303807304,10.375,29.25,35.0375,32.625,57.75,56.84952039511954,18.75,23.5,79.2,0.0,7.75,0.48786976911976915,5.5,18.75,0.3014542216581522,16.0,0.0,134.625
153,128,2026-03-11,1,1,2025-26,LA Clippers,Minnesota Timberwolves,117.375,30.75,63.25,23.375,42.625,9.75,32.875,22.0,12.125,2.027644276410724,10.25,29.125,33.025,31.625,56.0,56.34342013314208,23.375,28.125,83.23749999999998,0.0,9.875,0.9048005904913801,4.625,18.875,0.24758119286824362,12.125,0.0,136.375,109.125,34.125,55.25,19.75,41.875,8.5,33.375,23.25,14.75,1.639671092796093,11.375,34.375,33.425,27.625,47.625,58.42723381444299,19.75,26.125,74.225,0.0,9.0,0.6275096431346432,5.375,21.375,0.2639526372750057,14.75,0.0,124.5
128,122,2026-03-11,1,1,2025-26,Orlando Magic,Cleveland Cavaliers,113.875,32.25,59.75,21.875,45.375,11.25,34.125,27.375,13.125,2.2207834928229664,10.75,32.0,33.675,29.875,53.75,55.51557219095258,21.875,28.0,77.775,0.0,8.125,0.6238437001594895,3.75,20.0,0.18975580662887165,13.125,0.0,134.125,111.125,41.25,50.0,19.875,41.625,11.25,30.375,26.75,12.875,2.1984180035650622,13.75,38.875,35.9875,25.0,46.5,53.85335461283735,19.875,26.5,75.3875,0.0,7.625,0.5993983957219251,5.625,18.75,0.2992274720893142,12.875,0.0,126.625
109,117,2026-03-11,1,1,2025-26,Sacramento Kings,Charlotte Hornets,115.0,24.0,73.0,18.0,46.875,13.125,33.75,27.5,11.0,3.413988095238095,8.0,27.5,29.3625,36.5,67.75,53.91994344999122,18.0,22.375,80.8625,0.0,8.375,0.9511363636363638,4.875,17.5,0.28214665451507553,11.0,0.0,136.5,116.25,56.25,45.0,15.0,47.5,13.75,33.75,27.125,14.125,2.2054110105580693,18.75,47.5,39.3,22.5,42.625,53.58476300970618,15.0,19.125,78.8625,0.0,9.125,0.742649415535445,5.25,20.5,0.27550024254183847,14.125,0.0,138.125
112,120,2026-03-12,1,1,2025-26,Memphis Grizzlies,Dallas Mavericks,118.625,45.0,55.25,18.375,37.75,11.75,26.0,28.125,15.5,1.8856964726450023,15.0,37.375,40.237500000000004,27.625,51.75,53.48870191177921,18.375,23.125,80.925,0.0,9.375,0.6451278194844372,5.875,22.75,0.29168132086252163,15.5,0.0,133.0,102.625,28.875,54.75,19.0,44.75,10.125,34.625,23.375,15.875,1.5594391332781425,9.625,29.625,31.912499999999998,27.375,55.5,49.26472394144808,19.0,25.875,75.1875,0.0,5.0,0.3231967550853,4.125,16.875,0.24414824296790244,15.875,0.0,109.0
104,102,2026-03-12,1,1,2025-26,Oklahoma City Thunder,Boston Celtics,113.875,42.75,53.25,17.875,44.5,8.0,36.5,25.0,12.0,2.851484179197995,14.25,42.0,33.6875,26.625,48.625,54.55003580892683,17.875,21.125,83.7125,0.0,8.5,0.7880116959064327,4.875,18.125,0.28063386454446826,12.0,0.0,131.75,111.0,48.75,47.0,15.25,48.625,11.5,37.125,26.625,12.25,2.319237012987013,16.25,43.625,37.900000000000006,23.5,43.625,53.76746079622554,15.25,18.625,80.10000000000001,0.0,4.875,0.43973890692640694,5.625,16.75,0.3739617118777335,12.25,0.0,133.625
131,109,2026-03-12,1,1,2025-26,Detroit Pistons,Philadelphia 76ers,115.0,28.875,64.25,21.875,46.0,13.625,32.375,26.375,13.25,2.0979079131652663,9.625,28.75,33.625,32.125,59.5,53.955758513215585,21.875,28.875,75.82499999999999,0.0,10.125,0.7746586134453782,7.0,23.0,0.309636544011544,13.25,0.0,137.75,113.75,33.0,62.25,18.5,41.375,10.125,31.25,24.25,13.875,1.9416517306223189,11.0,34.375,32.275,31.125,54.875,56.45343980358159,18.5,23.375,78.375,0.0,9.875,0.8213132455779515,4.625,19.875,0.24056173605805958,13.875,0.0,128.0
108,123,2026-03-12,1,1,2025-26,Indiana Pacers,Phoenix Suns,112.875,39.0,56.25,17.625,39.0,9.625,29.375,29.5,14.0,2.3212210213032582,13.0,39.375,32.737500000000004,28.125,51.375,54.67820587974177,17.625,22.75,77.45,0.0,7.0,0.5737524901998586,4.25,19.375,0.24329200547736013,14.0,0.0,123.875,105.75,50.625,41.75,13.375,42.125,12.75,29.375,24.375,14.0,1.9450705568268498,16.875,45.75,36.3375,20.875,40.875,51.74517226835158,13.375,17.5,79.26249999999999,0.0,8.5,0.6099137109077041,3.75,18.25,0.20763031052942213,14.0,0.0,117.5
131,136,2026-03-12,1,1,2025-26,San Antonio Spurs,Denver Nuggets,120.375,49.5,53.75,17.125,43.75,8.75,35.0,30.375,12.875,2.663161593308652,16.5,40.625,40.2875,26.875,45.75,58.96507395477909,17.125,23.25,72.14999999999999,0.0,7.375,0.6205136774989716,6.375,20.25,0.31863127842230016,12.875,0.0,146.25,117.25,40.875,55.75,20.625,44.625,10.375,34.25,27.875,13.375,2.3128472222222225,13.625,36.5,37.4375,27.875,50.75,55.92319201216456,20.625,26.75,75.475,0.0,5.5,0.4438988095238095,3.125,18.0,0.17655775328472695,13.375,0.0,133.125
136,131,2026-03-12,1,1,2025-26,Orlando Magic,Washington Wizards,116.0,33.75,59.75,22.5,45.25,10.75,34.5,27.875,12.375,2.5645334928229664,11.25,33.5,33.6125,29.875,52.5,56.84890552428592,22.5,28.75,77.96249999999999,0.0,8.0,0.6759270334928229,3.875,20.25,0.19363779420651142,12.375,0.0,137.5,113.125,40.5,55.5,17.125,38.5,9.625,28.875,22.5,16.875,1.3720322795109945,13.5,35.625,37.6,27.75,52.625,52.784641767660084,17.125,22.625,77.05,0.0,6.75,0.42406823053107884,4.5,24.25,0.20113655278441056,16.875,0.0,116.0
112,105,2026-03-12,1,1,2025-26,Miami Heat,Milwaukee Bucks,124.75,40.875,60.5,23.375,46.875,12.875,34.0,28.625,13.125,2.4169292717086837,13.625,37.0,36.8375,30.25,54.625,55.421375624522796,23.375,28.75,81.42500000000001,0.0,9.625,0.7694327731092436,5.25,18.5,0.2832145828999376,13.125,0.0,148.875,103.125,44.25,46.75,12.125,40.0,8.5,31.5,25.5,15.5,1.7213495772803047,14.75,41.75,35.4625,23.375,42.125,55.19858549433366,12.125,18.0,66.5125,0.0,7.375,0.48412739865913235,2.75,17.375,0.15835689505955525,15.5,0.0,111.625
142,130,2026-03-12,1,1,2025-26,Los Angeles Lakers,Chicago Bulls,118.5,43.125,56.75,18.625,41.875,9.75,32.125,27.25,12.375,2.4921078921078923,14.375,37.0,38.8625,28.375,49.0,57.8530737420489,18.625,23.5,78.3,0.0,8.75,0.7915584415584416,4.75,17.25,0.31653615991851286,12.375,0.0,140.625,110.375,43.125,50.5,16.75,48.25,10.375,37.875,27.0,17.25,1.6279255660060612,14.375,41.75,33.8625,25.25,46.25,54.49323661340061,16.75,23.125,73.4625,0.0,7.25,0.42316021611687243,4.125,18.5,0.23261571374961468,17.25,0.0,125.0
108,97,2026-03-12,1,1,2025-26,Atlanta Hawks,Brooklyn Nets,121.5,43.5,60.5,17.5,49.125,13.25,35.875,30.875,14.0,2.3267156862745098,14.5,39.125,37.525,30.25,53.625,56.78508817932582,17.5,22.625,75.8,0.0,9.75,0.7293069675422617,4.875,18.125,0.27331495098039216,14.0,0.0,149.0,108.0,37.5,51.75,18.75,39.125,10.875,28.25,26.75,17.75,1.5577399380804953,12.5,34.25,36.324999999999996,25.875,49.125,52.87562493770296,18.75,22.75,80.75,0.0,7.125,0.4098232714138287,4.5,23.0,0.19907451819203179,17.75,0.0,118.75
105,138,2026-03-13,1,1,2025-26,Dallas Mavericks,Cleveland Cavaliers,102.5,29.25,54.5,18.75,47.0,11.75,35.25,23.625,16.125,1.5559669110559202,9.75,30.75,30.775,27.25,55.875,48.68883360792631,18.75,24.625,77.3625,0.0,5.5,0.34541897730752225,4.875,17.0,0.2868872135561377,16.125,0.0,111.875,112.25,42.75,49.25,20.25,41.375,11.25,30.125,26.25,12.0,2.292535650623886,14.25,39.5,36.65,24.625,45.875,53.85335461283735,20.25,27.375,74.35,0.0,6.875,0.5707219251336898,5.875,18.75,0.31059110845295057,12.0,0.0,127.0
117,127,2026-03-13,1,1,2025-26,Golden State Warriors,Minnesota Timberwolves,112.0,46.125,52.75,13.125,47.0,15.375,31.625,30.125,14.5,2.2246238684561055,15.375,46.5,33.0125,26.375,48.375,54.492067193780336,13.125,17.5,75.1125,0.0,8.875,0.6460134164081532,5.0,19.625,0.2562908229653417,14.5,0.0,131.0,111.625,34.5,58.0,19.125,40.5,8.625,31.875,24.5,14.75,1.6991949023199024,11.5,33.375,35.1375,29.0,49.375,58.94595851079927,19.125,25.25,74.5875,0.0,8.75,0.6156048812298812,4.5,22.5,0.20249430394167237,14.75,0.0,126.75
107,105,2026-03-13,1,1,2025-26,Houston Rockets,New Orleans Pelicans,110.75,26.25,67.25,17.25,46.625,13.75,32.875,23.875,16.375,1.56402364996115,8.75,28.5,31.099999999999998,33.625,59.875,56.29267199086422,17.25,22.875,72.475,0.0,7.875,0.48486496142746144,5.25,19.25,0.27169231689624745,16.375,0.0,126.375,121.375,34.125,62.5,24.75,45.875,12.625,33.25,27.125,15.5,1.8528374398004814,11.375,31.75,35.75,31.25,57.0,54.859983365517856,24.75,30.0,82.875,0.0,9.0,0.6358208634330925,6.375,21.0,0.3132480668486103,15.5,0.0,142.875
119,108,2026-03-13,1,1,2025-26,LA Clippers,Chicago Bulls,122.875,36.0,62.75,24.125,40.875,9.5,31.375,24.25,12.125,2.2526442764107237,12.0,30.875,36.7375,31.375,54.125,58.218420133142075,24.125,29.125,82.9375,0.0,10.75,0.99230059049138,4.0,19.625,0.20591452620157696,12.125,0.0,144.0,114.25,42.75,55.0,16.5,47.125,10.25,36.875,28.25,17.125,1.717079977770767,14.25,40.5,34.724999999999994,27.5,48.625,56.49535525746841,16.5,22.5,74.7,0.0,7.125,0.4190241867051077,4.25,18.625,0.2387431647300068,17.125,0.0,130.5
92,101,2026-03-13,1,1,2025-26,Indiana Pacers,New York Knicks,110.125,36.0,55.75,18.375,38.625,10.0,28.625,27.875,14.0,2.2196585213032582,12.0,39.125,30.537499999999998,27.875,50.125,55.628297454833344,18.375,23.375,78.45,0.0,6.875,0.5659399901998586,4.375,18.875,0.2533034471249574,14.0,0.0,119.5,117.875,42.375,60.75,14.75,47.75,12.0,35.75,31.375,14.875,2.2803832497911447,14.125,37.75,37.075,30.375,51.375,58.9228783598537,14.75,18.625,78.7875,0.0,8.5,0.6161734829497988,3.25,20.75,0.1628487879705658,14.875,0.0,145.375
124,114,2026-03-13,1,1,2025-26,Portland Trail Blazers,Utah Jazz,111.125,39.75,52.75,18.625,44.625,13.75,30.875,25.0,15.875,1.6112059407096173,13.25,41.25,32.575,26.375,47.625,55.22064649764998,18.625,25.75,72.3625,0.0,8.875,0.570531337535014,6.75,19.375,0.3473942208462332,15.875,0.0,124.125,113.375,40.5,52.5,20.375,42.25,13.25,29.0,26.375,13.125,2.165417833800187,13.5,39.0,35.2875,26.25,50.0,52.40650086415442,20.375,24.75,81.9375,0.0,9.5,0.8019782913165266,4.375,21.375,0.2084830223955611,13.125,0.0,129.125
122,115,2026-03-13,1,1,2025-26,Toronto Raptors,Phoenix Suns,110.25,31.875,60.5,17.875,37.75,9.0,28.75,25.5,12.5,2.220335914085914,10.625,31.0,34.9,30.25,55.25,54.7610399120764,17.875,23.0,76.525,0.0,8.875,0.7593115218115218,4.5,19.625,0.23021436263292502,12.5,0.0,123.875,111.5,52.125,44.5,14.875,42.0,12.625,29.375,25.0,12.875,2.045614035087719,17.375,45.375,38.2,22.25,41.625,53.61124369692301,14.875,19.5,76.9875,0.0,7.875,0.6141838972431078,4.25,18.875,0.2258594771960888,12.875,0.0,125.75
126,110,2026-03-13,1,1,2025-26,Detroit Pistons,Memphis Grizzlies,115.875,30.75,63.0,22.125,44.5,12.875,31.625,27.375,13.25,2.1567314425770308,10.25,29.75,34.4625,31.5,58.5,53.963225657779496,22.125,28.375,78.625,0.0,10.25,0.7820115546218487,6.375,22.875,0.28195797258297256,13.25,0.0,138.375,118.625,43.875,56.0,18.75,38.25,12.25,26.0,27.625,14.75,1.9763214726450022,14.625,38.25,38.7,28.0,52.625,53.2619577257327,18.75,23.625,80.9875,0.0,9.75,0.7154403194844372,6.0,23.0,0.29515354308474384,14.75,0.0,132.375
104,97,2026-03-14,1,1,2025-26,Philadelphia 76ers,Brooklyn Nets,110.5,33.0,59.5,18.0,40.25,10.75,29.5,23.125,14.25,1.8190555767761651,11.0,35.125,31.6875,29.75,53.875,55.25214110228288,18.0,23.25,76.72500000000001,0.0,9.375,0.7648228609625669,5.0,19.375,0.26962336070791953,14.25,0.0,120.5,106.375,37.125,50.25,19.0,37.75,9.5,28.25,25.875,18.375,1.4598232714138286,12.375,34.375,35.8375,25.125,46.875,53.94442100649902,19.0,23.375,79.3875,0.0,7.125,0.399406604747162,5.125,24.25,0.21835763978912798,18.375,0.0,115.75
117,121,2026-03-14,1,1,2025-26,Miami Heat,Orlando Magic,124.125,40.125,60.5,23.5,47.125,13.0,34.125,27.875,12.625,2.437762605042017,13.375,36.125,36.9375,30.25,55.25,54.78198943526448,23.5,28.75,81.8875,0.0,9.125,0.7485994397759104,4.875,18.0,0.2663495035348582,12.625,0.0,147.5,119.25,36.75,58.75,23.75,45.875,10.625,35.25,28.375,12.625,2.5575404858299597,12.25,34.125,36.1125,29.375,52.625,55.98643466181505,23.75,30.125,78.65,0.0,8.625,0.7117661943319837,3.875,20.5,0.19079688511560233,12.625,0.0,141.875
127,125,2026-03-14,1,1,2025-26,Los Angeles Lakers,Denver Nuggets,122.5,45.375,59.5,17.625,42.125,10.25,31.875,28.625,12.0,2.6873001998001995,15.125,37.875,40.025000000000006,29.75,51.125,58.055799759992304,17.625,22.875,76.1625,0.0,8.875,0.8271353646353646,5.0,17.25,0.3332028265851795,12.0,0.0,145.75,121.375,39.75,57.75,23.875,43.75,9.5,34.25,27.75,13.5,2.261458333333333,13.25,35.625,37.237500000000004,28.875,51.0,57.615499704472256,23.875,29.25,80.3625,0.0,6.0,0.48834325396825395,3.125,18.25,0.17377997550694918,13.5,0.0,138.625
115,102,2026-03-14,1,1,2025-26,San Antonio Spurs,Charlotte Hornets,123.0,50.25,54.0,18.75,44.875,9.5,35.375,31.125,12.5,2.8189308240778828,16.75,41.625,39.8875,27.0,45.875,59.09805267818334,18.75,24.375,75.25,0.0,7.0,0.6147444467297409,6.25,20.875,0.3073812784223001,12.5,0.0,150.375,114.5,54.0,44.5,16.0,46.875,13.625,33.25,26.875,14.0,2.204032334087481,18.0,45.375,39.75,22.25,44.125,51.19002616760092,16.0,20.125,79.5125,0.0,8.5,0.7095611802413273,4.375,20.25,0.21448833777993373,14.0,0.0,133.75
111,100,2026-03-14,1,1,2025-26,Boston Celtics,Washington Wizards,113.25,49.125,48.25,15.875,48.125,11.875,36.25,26.875,12.125,2.3508304195804195,16.375,43.5,38.2875,24.125,44.25,54.56607190733665,15.875,18.875,82.25,0.0,5.375,0.48094769813519817,5.125,16.5,0.3517394896555113,12.125,0.0,136.375,117.25,42.0,57.25,18.0,39.5,11.125,28.375,22.875,16.25,1.4449489461776615,14.0,37.5,37.3625,28.625,53.375,53.62010706986667,18.0,23.5,77.6875,0.0,6.5,0.4261515638644121,4.75,25.25,0.19480127013333842,16.25,0.0,120.875
122,99,2026-03-14,1,1,2025-26,Atlanta Hawks,Milwaukee Bucks,122.875,42.0,61.25,19.625,49.75,13.875,35.875,30.375,13.875,2.3058823529411763,14.0,39.375,36.0125,30.625,52.625,58.266470205820625,19.625,25.125,77.5875,0.0,10.75,0.8158454290807232,5.25,17.875,0.3034488795518207,13.875,0.0,152.25,101.5,40.5,47.5,13.5,40.0,7.875,32.125,25.25,15.625,1.6842616651923927,13.5,39.375,34.5125,23.75,43.875,53.78589679584326,13.5,19.75,68.225,0.0,7.75,0.5061054206371544,2.75,18.625,0.15419022839288857,15.625,0.0,109.375
109,118,2026-03-14,1,1,2025-26,LA Clippers,Sacramento Kings,126.75,37.5,65.75,23.5,41.625,10.0,31.625,25.125,10.5,2.697819715007215,12.5,32.125,37.4125,32.875,55.625,59.43536724852669,23.5,28.5,82.4,0.0,10.75,1.1063356782106784,5.25,19.125,0.30659325923325115,10.5,0.0,151.625,113.25,23.25,73.0,17.0,45.625,12.5,33.125,26.75,10.875,3.3782738095238094,7.75,27.0,29.05,36.5,66.875,54.77869676564109,17.0,21.0,81.1875,0.0,7.625,0.9047077922077923,4.75,17.875,0.26547998784840887,10.875,0.0,133.5
120,130,2026-03-15,1,1,2025-26,Cleveland Cavaliers,Dallas Mavericks,115.875,44.625,52.75,18.5,41.375,10.75,30.625,27.375,12.375,2.316886299974535,14.875,39.875,37.9375,26.375,46.0,57.046387994549974,18.5,25.25,72.875,0.0,7.0,0.552864782276547,5.625,19.25,0.2916517145135566,12.375,0.0,133.5,102.5,29.25,54.75,18.5,46.25,11.625,34.625,24.0,15.875,1.590741347146146,9.75,30.875,30.674999999999997,27.375,55.625,49.15179657088928,18.5,23.5,79.4375,0.0,5.5,0.34792524297168265,4.75,17.125,0.27521138938031353,15.875,0.0,112.75
134,123,2026-03-15,1,1,2025-26,Milwaukee Bucks,Indiana Pacers,101.625,39.0,49.5,13.125,40.375,8.0,32.375,25.25,16.5,1.6271964478010883,13.0,38.75,33.8,24.75,44.375,55.72728873723519,13.125,19.25,68.1625,0.0,7.75,0.49421683368063263,2.875,18.875,0.15853050617066636,16.5,0.0,109.875,107.375,34.875,55.0,17.5,39.25,9.375,29.875,27.125,13.125,2.270794884939622,11.625,38.5,30.05,27.5,50.0,55.02497920445628,17.5,22.5,77.65,0.0,6.625,0.5785662528261213,4.25,19.125,0.24484480050841606,13.125,0.0,117.125
110,107,2026-03-15,1,1,2025-26,New York Knicks,Golden State Warriors,114.625,37.5,61.75,15.375,48.875,12.5,36.375,29.75,15.0,2.1137165831244777,12.5,36.0,34.4,30.875,53.125,58.1710667656508,15.375,19.75,77.35,0.0,8.125,0.5782946950710108,3.0,21.0,0.14807606069783852,15.0,0.0,139.25,113.0,47.625,51.5,13.875,44.375,14.5,29.875,29.75,13.0,2.3893064081386446,15.875,46.875,33.875,25.75,48.0,53.64336232721833,13.875,17.75,77.325,0.0,8.875,0.7095054799002167,4.375,19.5,0.22682653725105603,13.0,0.0,130.25
109,103,2026-03-15,1,1,2025-26,Philadelphia 76ers,Portland Trail Blazers,108.0,27.75,61.25,19.0,40.0,10.375,29.625,22.625,14.25,1.7833412910618793,9.25,32.875,28.25,30.625,54.625,56.0648346007349,19.0,24.875,75.0,0.0,9.5,0.7737514323911383,5.875,18.625,0.330702906162465,14.25,0.0,118.25,111.5,40.875,53.0,17.625,45.25,13.5,31.75,25.875,16.875,1.5773517740429506,13.625,42.625,32.2,26.5,46.25,57.169397574308036,17.625,24.0,74.5,0.0,9.625,0.5757396708683473,7.75,19.625,0.39692982456140347,16.875,0.0,128.0
116,111,2026-03-15,1,1,2025-26,Sacramento Kings,Utah Jazz,115.875,25.125,74.5,16.25,46.25,11.625,34.625,27.625,12.0,3.3217261904761903,8.375,26.375,31.8625,37.25,66.125,56.81297396385271,16.25,20.5,79.0,0.0,7.625,0.8645292207792208,5.0,19.125,0.2688133211817422,12.0,0.0,139.25,112.875,40.875,51.5,20.5,42.125,12.625,29.5,26.375,13.125,2.1654178338001864,13.625,38.125,36.650000000000006,25.75,51.125,50.47025618977828,20.5,24.375,83.6,0.0,9.75,0.8158671802054155,4.0,20.875,0.19482756021068715,13.125,0.0,128.25
116,103,2026-03-15,1,1,2025-26,Oklahoma City Thunder,Minnesota Timberwolves,112.375,40.875,53.25,18.25,43.25,7.875,35.375,24.5,11.125,2.909598214285714,13.625,42.5,31.8125,26.625,46.75,57.02162671801774,18.25,21.75,82.86250000000001,0.0,8.125,0.795138888888889,4.75,18.0,0.27551690548014074,11.125,0.0,129.375,112.0,32.625,59.0,20.375,41.0,8.375,32.625,24.375,14.875,1.679893431731667,10.875,32.75,34.0625,29.5,49.25,60.04356373576298,20.375,26.125,77.10000000000001,0.0,7.75,0.5503475282887048,4.125,21.75,0.1953890407837776,14.875,0.0,127.0
119,108,2026-03-15,1,1,2025-26,Toronto Raptors,Detroit Pistons,112.125,30.375,62.75,19.0,39.0,9.125,29.875,24.875,12.0,2.246377580752581,10.125,29.625,35.4625,31.375,56.375,55.79070092902555,19.0,24.0,79.23750000000001,0.0,8.375,0.7436865218115218,3.875,20.25,0.19864870606726848,12.0,0.0,126.75,116.375,33.0,62.5,20.875,44.0,12.625,31.375,28.625,13.625,2.1904485478401887,11.0,30.75,35.975,31.25,56.5,55.44724392261968,20.875,26.5,79.2625,0.0,10.0,0.7515839230429013,6.375,21.875,0.2936538790157211,13.625,0.0,141.125
117,125,2026-03-16,1,1,2025-26,Washington Wizards,Golden State Warriors,117.75,44.25,56.0,17.5,38.75,10.875,27.875,24.25,16.375,1.5264965652252802,14.75,38.25,38.7625,28.0,51.375,54.19843129573188,17.5,23.625,74.05000000000001,0.0,6.75,0.4386515638644121,4.875,24.75,0.20553359336566168,16.375,0.0,123.0,109.75,45.75,50.5,13.5,42.75,14.125,28.625,28.5,13.25,2.287743908138645,15.25,45.875,33.3125,25.25,47.75,52.877552050538476,13.5,17.25,77.6375,0.0,8.5,0.6782554799002167,4.375,19.375,0.22861225153677028,13.25,0.0,123.75
95,114,2026-03-16,1,1,2025-26,Brooklyn Nets,Portland Trail Blazers,104.625,37.5,47.25,19.875,39.875,9.875,30.0,24.75,19.0,1.3047987616099073,12.5,35.5,35.050000000000004,23.625,45.875,51.85102326092736,19.875,24.0,81.5,0.0,7.5,0.40001934984520116,5.5,23.875,0.23676673069821888,19.0,0.0,113.875,109.25,43.5,49.75,16.0,45.75,13.5,32.25,25.75,17.75,1.467154405621898,14.5,43.5,33.5,24.875,45.0,55.09587585792917,16.0,22.75,71.94999999999999,0.0,9.125,0.511046688412207,7.875,19.0,0.42465538847117795,17.75,0.0,124.125
115,119,2026-03-16,1,1,2025-26,LA Clippers,San Antonio Spurs,123.25,34.5,65.5,23.25,41.25,9.875,31.375,23.875,11.0,2.477734244921745,11.5,31.0,35.675,32.75,56.125,58.70299386223077,23.25,28.5,81.5375,0.0,11.0,1.0785579004329005,5.875,18.0,0.36647088161087354,11.0,0.0,146.125,121.625,48.0,55.5,18.125,46.75,10.125,36.625,30.25,13.0,2.597776977924037,16.0,40.5,38.987500000000004,27.75,47.625,58.65549147291027,18.125,23.625,75.3125,0.0,6.25,0.5014965834818776,6.375,21.0,0.3119865415801949,13.0,0.0,148.375
92,100,2026-03-16,1,1,2025-26,Houston Rockets,Los Angeles Lakers,110.0,27.375,65.75,16.875,48.0,14.75,33.25,24.0,16.25,1.5936710858585859,9.125,30.0,30.625,32.875,59.875,54.87757765124158,16.875,22.5,72.0375,0.0,8.0,0.5008906024531025,5.125,19.75,0.2531348939270598,16.25,0.0,125.375,122.25,43.5,60.75,18.0,42.0,9.875,32.125,28.875,12.875,2.552741376270788,14.5,38.0,38.4,30.375,51.375,58.99117390965216,18.0,23.625,75.5875,0.0,9.25,0.8131647764000706,5.125,18.375,0.31388464476699773,12.875,0.0,144.5
124,112,2026-03-16,1,1,2025-26,Atlanta Hawks,Orlando Magic,123.75,42.375,62.25,19.125,49.125,13.875,35.25,30.5,13.375,2.378846153846154,14.125,40.0,35.6875,31.125,53.0,58.79034934812083,19.125,24.75,76.6,0.0,10.75,0.8384698634698634,4.875,18.25,0.2787778269202418,13.375,0.0,152.25,120.875,34.875,61.0,25.0,47.0,10.125,36.875,28.5,13.625,2.459623819163293,11.625,33.5,34.9625,30.5,53.375,57.31512403230009,25.0,30.625,82.41250000000001,0.0,8.0,0.6346828609986505,3.625,21.375,0.17041645033299363,13.625,0.0,144.0
129,111,2026-03-16,1,1,2025-26,New Orleans Pelicans,Dallas Mavericks,118.375,34.125,60.25,24.0,46.875,12.875,34.0,24.875,14.875,1.7785853030483447,11.375,31.5,36.05,30.125,56.75,52.99032524585974,24.0,29.875,80.4125,0.0,8.25,0.612850777963007,6.125,20.625,0.3072672056045912,14.875,0.0,137.0,107.875,31.5,56.5,19.875,45.625,11.625,34.0,25.875,15.375,1.7802209851551956,10.5,30.75,33.3,28.25,56.0,50.394486629368814,19.875,24.875,80.71249999999999,0.0,6.375,0.4288075959128591,5.25,17.5,0.2980288496977739,15.375,0.0,122.625
120,112,2026-03-16,1,1,2025-26,Boston Celtics,Phoenix Suns,108.625,45.375,48.0,15.25,50.125,13.375,36.75,25.75,12.5,2.1966637529137527,15.125,45.0,33.4625,24.0,44.625,53.756110592056196,15.25,17.875,83.25,0.0,5.25,0.4538643648018648,4.75,16.875,0.3252689014202172,12.5,0.0,128.875,115.75,54.375,45.25,16.125,42.0,12.25,29.75,25.25,13.375,1.9726973684210525,18.125,46.125,39.4,22.625,41.0,55.24833060022779,16.125,21.625,75.1625,0.0,8.0,0.6037672305764411,4.375,19.5,0.22251126291037449,13.375,0.0,130.125
132,107,2026-03-16,1,1,2025-26,Chicago Bulls,Memphis Grizzlies,115.375,41.25,57.75,16.375,49.0,10.625,38.375,28.875,16.375,1.8016037872945767,13.75,40.625,33.387499999999996,28.875,50.125,57.78503779715095,16.375,22.25,75.4,0.0,6.625,0.40711942480034585,5.0,19.5,0.2743791296422875,16.375,0.0,134.5,116.875,45.0,53.0,18.875,37.0,12.625,24.375,26.5,15.5,1.7938348416289593,15.0,39.375,38.587500000000006,26.5,51.0,52.07940991152505,18.875,24.0,80.17500000000001,0.0,9.5,0.6485953996983409,5.375,22.25,0.2739996969308977,15.5,0.0,125.75
104,132,2026-03-17,1,1,2025-26,Sacramento Kings,San Antonio Spurs,114.125,26.25,71.25,16.625,46.75,11.125,35.625,27.5,13.625,2.791170634920635,8.75,27.625,31.837500000000002,35.625,62.875,57.29936852167584,16.625,20.875,79.2625,0.0,7.375,0.6520292207792208,4.875,18.75,0.2658228905597327,13.625,0.0,136.625,125.375,48.375,58.0,19.0,48.125,11.625,36.5,30.25,12.125,2.6640648567119154,16.125,40.75,39.150000000000006,29.0,49.375,59.20628706654552,19.0,24.5,76.1375,0.0,6.0,0.503390522875817,6.625,21.25,0.3202681150791597,12.125,0.0,153.75
136,106,2026-03-17,1,1,2025-26,Charlotte Hornets,Miami Heat,110.625,52.5,42.25,15.875,46.0,13.625,32.375,24.75,13.375,2.1341793929110104,17.5,46.375,37.9375,21.125,44.0,48.51374411631887,15.875,19.875,79.95,0.0,8.125,0.7089484351432882,5.125,20.5,0.24769635783005903,13.375,0.0,125.5,124.125,38.25,62.0,23.875,45.5,12.625,32.875,27.875,12.25,2.4986392284186403,12.75,35.875,35.575,31.0,55.625,55.914968158668735,23.875,29.0,82.5375,0.0,9.75,0.8248981410746117,5.25,18.875,0.2782542654396201,12.25,0.0,147.375
117,130,2026-03-17,1,1,2025-26,Washington Wizards,Detroit Pistons,116.75,43.125,55.0,18.625,38.875,10.5,28.375,24.375,17.25,1.4639965652252804,14.375,38.25,37.65,27.5,50.125,54.6929599152605,18.625,24.625,75.47500000000001,0.0,7.25,0.4535325162453645,4.125,25.375,0.16553359336566167,17.25,0.0,121.625,116.625,35.25,60.75,20.625,41.875,12.5,29.375,28.5,13.5,2.1973166797083206,11.75,30.25,39.125,30.375,56.0,54.47535799310663,20.625,26.5,78.225,0.0,9.0,0.684276230735209,6.25,22.5,0.28197805483989696,13.5,0.0,138.75
108,113,2026-03-17,1,1,2025-26,Orlando Magic,Oklahoma City Thunder,123.375,36.375,62.75,24.25,46.875,10.0,36.875,28.5,12.625,2.555317599067599,12.125,34.375,35.5625,31.375,54.75,57.772441105470826,24.25,29.75,82.2,0.0,8.125,0.6843240093240093,3.5,21.625,0.16074152773237443,12.625,0.0,146.625,112.375,39.75,54.75,17.875,44.125,8.25,35.875,24.5,10.25,3.159598214285714,13.25,41.375,31.9125,27.375,48.5,56.969307220284925,17.875,21.5,82.15,0.0,9.25,1.0183531746031746,5.125,17.5,0.3036419054801408,10.25,0.0,132.25
136,110,2026-03-17,1,1,2025-26,New York Knicks,Indiana Pacers,114.125,34.875,62.5,16.75,47.625,12.25,35.375,29.25,15.125,2.0643118212197162,11.625,34.0,33.887499999999996,31.25,53.5,58.50956755058016,16.75,20.25,82.075,0.0,7.625,0.5372232664995823,3.375,20.5,0.17833921859257534,15.125,0.0,138.75,109.125,38.625,52.75,17.75,39.625,9.125,30.5,27.875,14.0,2.202812428799271,12.875,39.375,32.375,26.375,48.375,54.54420997368704,17.75,22.875,77.4375,0.0,6.375,0.5385443230015599,4.625,19.125,0.2698448005084161,14.0,0.0,120.0
116,104,2026-03-17,1,1,2025-26,Minnesota Timberwolves,Phoenix Suns,113.125,35.25,57.25,20.625,41.625,8.5,33.125,23.75,16.375,1.548739585577821,11.75,33.625,35.9,28.625,47.625,59.869121949479094,20.625,26.5,76.975,0.0,7.375,0.4984244513656278,4.125,21.75,0.19538904078377764,16.375,0.0,126.875,115.625,51.0,46.75,17.875,41.25,11.375,29.875,25.75,13.125,2.068530701754386,17.0,44.875,37.9625,23.375,41.75,56.14399370519322,17.875,23.5,76.11250000000001,0.0,7.75,0.5975172305764411,4.5,19.125,0.23283734986689622,13.125,0.0,129.875
116,123,2026-03-17,1,1,2025-26,Milwaukee Bucks,Cleveland Cavaliers,106.25,42.75,50.5,13.0,39.75,8.25,31.5,25.875,15.25,1.8866993717776965,14.25,38.5,36.800000000000004,25.25,44.0,57.180261230580356,13.0,19.5,66.41250000000001,0.0,7.875,0.5738951962537321,2.75,18.625,0.1534995464183444,15.25,0.0,117.75,116.375,46.125,52.5,17.75,40.625,10.0,30.625,27.875,13.0,2.248704481792717,15.375,40.0,39.0625,26.25,46.0,56.78043054774147,17.75,24.5,71.95,0.0,6.75,0.5123818277310924,6.0,20.625,0.2964136192754614,13.0,0.0,133.5
124,96,2026-03-17,1,1,2025-26,Denver Nuggets,Philadelphia 76ers,121.875,40.125,57.75,24.0,42.5,9.0,33.5,28.5,13.25,2.331770833333333,13.375,35.75,37.4,28.875,49.875,58.72715978352363,24.0,29.25,80.925,0.0,6.375,0.5204613095238095,3.0,18.25,0.16809815732513103,13.25,0.0,140.375,109.375,25.875,64.75,18.75,41.75,10.875,30.875,22.125,15.25,1.4976270053475937,8.625,32.125,26.9125,32.375,56.5,57.4445860627232,18.75,24.0,77.575,0.0,9.875,0.6814895276292335,5.875,18.875,0.3276069309302668,15.25,0.0,120.875
120,99,2026-03-18,1,1,2025-26,Boston Celtics,Golden State Warriors,109.375,45.75,47.5,16.125,47.5,11.875,35.625,26.25,12.375,2.2484494671994675,15.25,43.875,34.6875,23.75,44.375,53.48825344919905,16.125,18.625,84.11250000000001,0.0,5.625,0.4830310314685315,4.25,17.125,0.2970734126984127,12.375,0.0,128.875,112.75,44.625,52.5,15.625,42.875,14.75,28.125,28.5,14.0,2.15940166214934,14.875,44.375,33.4125,26.25,49.25,53.00376914393913,15.625,19.625,78.625,0.0,9.375,0.7056618970125162,4.375,19.625,0.22610598587260988,14.0,0.0,127.375
124,109,2026-03-18,1,1,2025-26,New Orleans Pelicans,LA Clippers,120.125,32.625,63.5,24.0,46.75,12.875,33.875,24.75,14.25,1.8448447015445855,10.875,30.375,35.7125,31.75,59.125,53.38158540846136,24.0,30.5,79.0125,0.0,8.5,0.6424560411209018,6.25,19.75,0.341234596908939,14.25,0.0,138.75,123.375,35.25,65.25,22.875,39.375,9.5,29.875,24.75,11.0,2.540234244921745,11.75,30.75,36.7875,32.625,56.875,57.73077164000854,22.875,28.625,79.5,0.0,11.25,1.0964150432900432,5.625,18.75,0.3421742064190577,11.0,0.0,144.375
109,139,2026-03-18,1,1,2025-26,Chicago Bulls,Toronto Raptors,117.875,44.625,57.5,15.75,49.75,11.5,38.25,29.0,15.75,1.8574192953159672,14.875,42.875,34.324999999999996,28.75,49.5,58.368371130484284,15.75,21.125,76.525,0.0,6.75,0.42784134993403566,5.25,18.5,0.3004207963089542,15.75,0.0,138.75,113.625,30.375,64.25,19.0,38.75,10.125,28.625,25.875,12.0,2.323300657675658,10.125,30.25,34.6875,32.125,55.875,57.33654314650956,19.0,24.375,78.175,0.0,8.75,0.7725326756576757,4.0,20.25,0.20489870606726845,12.0,0.0,129.75
120,135,2026-03-18,1,1,2025-26,Dallas Mavericks,Atlanta Hawks,110.5,35.625,57.75,17.125,46.75,12.375,34.375,26.875,15.0,1.9031376518218623,11.875,32.875,36.0875,28.875,57.625,50.15410201398419,17.125,21.375,79.525,0.0,6.75,0.47464092924619244,5.125,17.875,0.2887585147695442,15.0,0.0,127.0,124.375,43.875,61.5,19.0,48.25,13.375,34.875,30.5,13.75,2.2984890109890106,14.625,38.75,37.6875,30.75,52.5,58.57932650800166,19.0,25.125,75.02499999999999,0.0,9.625,0.7240218115218116,5.0,18.5,0.28363893803135287,13.75,0.0,152.0
116,124,2026-03-18,1,1,2025-26,Houston Rockets,Los Angeles Lakers,108.375,25.875,66.0,16.5,47.625,14.75,32.875,23.375,17.875,1.4075915404040404,8.625,28.75,29.9,33.0,59.125,55.88093550221695,16.5,21.75,72.8625,0.0,8.375,0.4795837842712843,5.25,19.75,0.2600793383715042,17.875,0.0,123.625,118.75,39.75,60.75,18.25,41.375,10.25,31.125,26.75,13.125,2.3048247096041217,13.25,37.375,35.5625,30.375,50.75,59.650264818743075,18.25,23.625,76.725,0.0,9.25,0.7839981097334039,4.25,19.125,0.2340235336558866,13.125,0.0,137.375
147,111,2026-03-18,1,1,2025-26,Minnesota Timberwolves,Utah Jazz,113.0,33.375,57.75,21.875,42.625,9.5,33.125,23.125,16.875,1.4485411728794082,11.125,32.625,35.050000000000004,28.875,48.5,59.295142357642355,21.875,27.75,78.7875,0.0,7.0,0.4557657212068977,4.875,21.625,0.23437713602187288,16.875,0.0,126.75,113.625,40.875,53.5,19.25,42.125,12.25,29.875,26.125,14.125,1.9201797385620916,13.625,37.25,37.324999999999996,26.75,50.75,52.76742600109903,19.25,23.375,81.875,0.0,10.0,0.737295751633987,4.0,20.375,0.20264006021068715,14.125,0.0,130.0
92,121,2026-03-18,1,1,2025-26,Brooklyn Nets,Oklahoma City Thunder,103.75,36.75,46.5,20.5,41.375,11.625,29.75,23.75,19.0,1.2459752321981423,12.25,35.75,34.0625,23.25,47.0,49.771416820855805,20.5,25.125,80.75,0.0,7.625,0.40737229102167183,5.875,23.375,0.2553679211744094,19.0,0.0,111.5,110.625,38.625,54.0,18.0,43.75,8.625,35.125,23.25,10.25,3.0554315476190474,12.875,40.625,31.5,27.0,48.125,56.681141236678364,18.0,21.5,82.6125,0.0,8.5,0.9558531746031746,4.25,17.5,0.24895440548014078,10.25,0.0,127.75
119,127,2026-03-18,1,1,2025-26,Indiana Pacers,Portland Trail Blazers,109.625,39.375,53.5,16.75,40.25,9.25,31.0,28.125,13.875,2.227300732892838,13.125,39.25,33.15,26.75,49.125,54.40798786678513,16.75,21.375,77.8125,0.0,6.625,0.5542606972705657,4.375,19.375,0.24163967230328784,13.875,0.0,122.0,111.875,43.5,51.25,17.125,46.375,13.5,32.875,26.75,18.0,1.5027581207921765,14.5,40.875,35.8625,25.625,46.875,54.34801261006593,17.125,24.0,73.1,0.0,9.0,0.49827579057938964,7.375,19.75,0.39360275689223057,18.0,0.0,128.875
125,118,2026-03-18,1,1,2025-26,Memphis Grizzlies,Denver Nuggets,114.625,44.625,51.0,19.0,36.625,12.25,24.375,26.0,16.125,1.675245098039216,14.875,39.875,37.7125,25.5,49.5,51.736820658009,19.0,24.625,77.53750000000001,0.0,9.25,0.60265522875817,4.875,22.5,0.2384094191531199,16.125,0.0,120.625,123.875,43.875,55.75,24.25,43.625,8.75,34.875,30.25,13.25,2.456770833333333,14.625,37.125,40.050000000000004,27.875,48.625,58.15063986738108,24.25,29.75,80.5375,0.0,6.75,0.5472470238095238,2.75,18.5,0.1480088716108453,13.25,0.0,145.25
130,111,2026-03-19,1,1,2025-26,Charlotte Hornets,Orlando Magic,114.0,52.875,45.25,15.875,45.125,12.375,32.75,25.75,13.125,2.232393678625296,17.625,46.375,38.2375,22.625,44.625,50.771869588730056,15.875,19.375,81.575,0.0,8.125,0.7212252208575739,5.5,20.875,0.262696357830059,13.125,0.0,131.125,121.125,39.0,59.75,22.375,47.25,10.875,36.375,27.0,13.0,2.3157342657342657,13.0,37.5,34.8125,29.875,53.75,55.74325733894096,22.375,27.625,82.0125,0.0,8.75,0.725990675990676,3.0,21.25,0.13980851337830744,13.0,0.0,140.5
95,117,2026-03-19,1,1,2025-26,Washington Wizards,Detroit Pistons,116.625,42.0,55.5,19.125,39.875,10.5,29.375,24.375,17.375,1.4502603014890167,14.0,38.5,36.2625,27.75,49.375,55.862602772403356,19.125,25.25,75.5125,0.0,6.25,0.37180174701459534,4.25,25.25,0.1718741730758066,17.375,0.0,121.75,119.25,36.0,62.0,21.25,42.625,13.25,29.375,28.75,13.375,2.2364650313566723,12.0,30.625,39.525,31.0,57.25,54.344330739437865,21.25,26.875,79.2875,0.0,8.875,0.6808421648011431,5.875,22.5,0.26567370701381,13.375,0.0,141.5
101,100,2026-03-19,1,1,2025-26,San Antonio Spurs,Phoenix Suns,125.5,51.0,56.0,18.5,47.375,11.5,35.875,30.875,10.75,3.2535256410256412,17.0,41.25,40.525000000000006,28.0,49.375,56.933559793818254,18.5,23.875,76.3,0.0,5.375,0.5340277777777778,6.0,20.125,0.3145862968973415,10.75,0.0,153.375,114.375,48.75,47.0,18.625,39.625,11.25,28.375,25.0,12.5,2.087797619047619,16.25,43.375,37.5,23.5,43.875,54.45794719356531,18.625,24.25,77.2625,0.0,8.0,0.6412202380952381,4.375,20.375,0.2148607612381337,12.5,0.0,125.75
128,96,2026-03-19,1,1,2025-26,Utah Jazz,Milwaukee Bucks,111.875,40.125,53.0,18.75,43.75,13.375,30.375,26.375,16.0,1.7222630718954246,13.375,37.25,36.675,26.5,51.625,51.30466004365222,18.75,23.375,79.95,0.0,9.875,0.6366013071895426,4.25,19.75,0.2164211161113083,16.0,0.0,126.5,110.625,45.375,52.5,12.75,39.5,8.0,31.5,26.625,14.25,2.1210743717776968,15.125,39.625,37.8375,26.25,44.625,58.97034690989492,12.75,19.25,66.02499999999999,0.0,7.375,0.5660826962537321,3.125,19.75,0.1587443016630996,14.25,0.0,123.625
126,134,2026-03-19,1,1,2025-26,Miami Heat,Los Angeles Lakers,123.0,36.75,60.75,25.5,45.0,12.375,32.625,28.375,12.375,2.5188773236567354,12.25,36.5,33.5625,30.375,54.875,55.551200969669694,25.5,30.75,83.7125,0.0,9.875,0.8314457601222307,5.125,19.375,0.2675219422072969,12.375,0.0,145.0,120.5,41.25,61.5,17.75,39.625,9.5,30.125,26.875,12.125,2.407909125188537,13.75,36.75,37.7125,30.75,50.5,60.84838734838735,17.75,23.75,74.5,0.0,9.125,0.7977968110321051,3.75,19.5,0.19578823953823954,12.125,0.0,139.0
118,139,2026-03-19,1,1,2025-26,Sacramento Kings,Philadelphia 76ers,114.125,29.25,69.0,15.875,45.375,9.875,35.5,27.75,12.125,3.103670634920635,9.75,28.875,33.8125,34.5,62.0,56.18917115325479,15.875,20.625,75.28750000000001,0.0,7.375,0.6895292207792207,4.125,18.5,0.2211800334168755,12.125,0.0,135.25,110.0,25.5,66.0,18.5,42.0,10.875,31.125,23.375,15.125,1.6075171152377035,8.5,32.0,26.6875,33.0,56.5,58.62383134574206,18.5,23.5,78.55000000000001,0.0,9.625,0.6677532638929697,6.5,20.125,0.33662135400718995,15.125,0.0,124.375
110,115,2026-03-19,1,1,2025-26,Chicago Bulls,Cleveland Cavaliers,116.5,41.25,59.0,16.25,48.0,11.75,36.25,27.75,15.875,1.779202921046961,13.75,40.625,33.3625,29.5,51.875,56.615725627838785,16.25,21.75,76.75,0.0,6.625,0.4161454435012871,4.5,19.75,0.23940889154704942,15.875,0.0,132.75,116.875,45.75,52.5,18.625,41.25,9.875,31.375,27.25,11.625,2.5086251167133518,15.25,40.125,38.5875,26.25,44.875,57.92449834435163,18.625,25.375,72.61250000000001,0.0,5.875,0.49650881185807655,5.375,20.125,0.27453861927546136,11.625,0.0,134.75
105,99,2026-03-19,1,1,2025-26,New Orleans Pelicans,LA Clippers,121.0,34.125,63.5,23.375,46.625,12.75,33.875,26.0,14.5,1.893606311451706,11.375,30.875,36.5625,31.75,57.875,54.74028106063528,23.375,29.375,80.5,0.0,9.25,0.6772857624831309,6.5,18.875,0.37099650167084375,14.5,0.0,143.25,120.75,34.125,65.0,21.625,38.0,10.5,27.5,24.25,11.625,2.409552426739927,11.375,30.625,35.725,32.5,56.875,57.51147339439451,21.625,27.125,79.1125,0.0,11.5,1.0836309523809524,5.0,18.0,0.31883661051112927,11.625,0.0,138.75
112,117,2026-03-20,1,1,2025-26,Memphis Grizzlies,Boston Celtics,116.5,45.0,52.25,19.25,38.5,13.125,25.375,25.375,15.25,1.75171568627451,15.0,41.25,36.8625,26.125,50.5,51.96703469484324,19.25,25.0,77.3875,0.0,9.625,0.6864787581699348,5.5,21.375,0.2853551205105859,15.25,0.0,123.875,110.875,43.5,49.75,17.625,46.875,11.375,35.5,25.125,13.0,2.06805173992674,14.5,42.5,34.175000000000004,24.875,45.375,54.73039181397892,17.625,19.875,87.6125,0.0,6.25,0.49723557692307696,3.625,17.625,0.25644841269841273,13.0,0.0,129.0
92,93,2026-03-20,1,1,2025-26,Brooklyn Nets,New York Knicks,103.0,38.625,44.25,20.125,41.75,11.75,30.0,22.875,19.5,1.1804717997038634,12.875,36.125,35.6375,22.125,45.75,48.63505318449217,20.125,25.25,79.1875,0.0,7.875,0.4113768676807107,5.75,23.625,0.24628270814182793,19.5,0.0,109.75,117.25,37.875,62.5,16.875,48.375,13.875,34.5,30.0,14.0,2.3698673767752716,12.625,35.5,35.0625,31.25,54.375,57.482840040801804,16.875,20.375,82.3125,0.0,8.0,0.6483343776106933,3.25,19.875,0.18017745388669304,14.0,0.0,143.375
115,101,2026-03-20,1,1,2025-26,Detroit Pistons,Golden State Warriors,120.625,34.875,65.0,20.75,44.125,13.625,30.5,30.25,13.375,2.386465031356672,11.625,30.875,37.9125,32.5,58.25,56.00130012977432,20.75,26.375,78.9,0.0,9.75,0.7683421648011431,6.375,21.375,0.3153631480075988,13.375,0.0,147.125,112.5,42.0,54.25,16.25,42.75,14.625,28.125,28.5,14.0,2.15940166214934,14.0,43.75,31.900000000000002,27.125,49.5,54.64088498318263,16.25,20.5,78.65,0.0,10.0,0.7503047541553732,4.5,19.625,0.23345892704908047,14.0,0.0,127.875
117,95,2026-03-20,1,1,2025-26,Houston Rockets,Atlanta Hawks,107.5,26.625,65.5,15.375,45.0,13.625,31.375,24.0,16.75,1.5534248737373737,8.875,29.625,29.7,32.75,58.125,56.36790742227767,15.375,20.375,73.175,0.0,8.375,0.5242266414141414,4.75,20.25,0.22926701344153222,16.75,0.0,121.75,125.5,44.25,64.5,16.75,46.5,13.5,33.0,31.25,13.375,2.439722777222777,14.75,38.25,38.525,32.25,54.375,59.257426393191096,16.75,22.25,75.05,0.0,9.375,0.7305153180153181,4.375,19.0,0.24267255147673103,13.375,0.0,152.5
121,115,2026-03-20,1,1,2025-26,Denver Nuggets,Toronto Raptors,122.625,42.75,57.5,22.375,44.625,8.625,36.0,31.375,13.75,2.4721217105263156,14.25,36.75,39.4375,28.75,51.0,56.755137221878435,22.375,28.125,78.775,0.0,7.0,0.5533873746867168,3.125,19.0,0.16155053827751195,13.75,0.0,144.5,114.25,32.25,62.25,19.75,39.75,9.875,29.875,26.125,13.0,2.1649673243423244,10.75,31.625,34.875,31.125,54.375,57.336543146509555,19.75,25.125,78.5125,0.0,8.625,0.7266993423243424,4.0,20.375,0.20415759934790087,13.0,0.0,130.25
104,108,2026-03-20,1,1,2025-26,Minnesota Timberwolves,Portland Trail Blazers,116.75,36.375,58.75,21.625,41.875,9.375,32.5,25.625,16.75,1.6033614343173166,12.125,33.25,37.15,29.375,49.375,59.251282708519554,21.625,27.25,79.275,0.0,7.875,0.510504283298401,5.25,21.5,0.25113438239868446,16.75,0.0,133.875,115.125,44.625,53.0,17.5,48.125,15.125,33.0,27.875,17.5,1.6413327814256609,14.875,42.0,35.825,26.5,47.5,55.438921700975015,17.5,24.0,74.55,0.0,9.0,0.5095880077739599,7.5,19.875,0.3982902568922305,17.5,0.0,135.5
111,132,2026-03-21,1,1,2025-26,Washington Wizards,Oklahoma City Thunder,114.875,45.0,51.75,18.125,39.0,9.625,29.375,24.0,18.0,1.376482106000295,15.0,39.25,38.462500000000006,25.875,47.375,54.32851186331245,18.125,23.625,75.85000000000001,0.0,6.125,0.35582430340557275,4.75,24.875,0.20014798259961614,18.0,0.0,119.5,113.25,40.875,53.5,18.875,43.625,8.875,34.75,23.75,11.5,2.9209286236424394,13.625,40.125,33.9375,26.75,47.75,56.64812236875383,18.875,22.375,83.9375,0.0,9.375,0.9361163324979115,3.875,17.875,0.2213808760683761,11.5,0.0,131.375
126,110,2026-03-21,1,1,2025-26,Atlanta Hawks,Golden State Warriors,120.5,42.0,62.25,16.25,44.375,13.0,31.375,29.5,13.75,2.2925005550005553,14.0,37.625,37.05,31.125,54.125,57.35358023934494,16.25,21.5,75.5625,0.0,9.75,0.7374597624597624,4.875,18.5,0.27124398004815964,13.75,0.0,143.375,110.75,41.25,52.25,17.25,41.625,13.625,28.0,27.75,14.875,2.0791891115420524,13.75,43.125,31.85,26.125,47.875,54.40728863766767,17.25,21.875,78.625,0.0,9.5,0.7133614343173166,4.625,18.875,0.25040266106442577,14.875,0.0,123.625
106,111,2026-03-21,1,1,2025-26,New Orleans Pelicans,Cleveland Cavaliers,121.5,36.0,62.0,23.5,46.5,12.5,34.0,25.0,14.125,1.8668793377674957,12.0,31.5,37.887499999999996,31.0,55.75,55.410921895210535,23.5,29.75,79.5375,0.0,9.125,0.6842758940620783,6.375,18.25,0.36852939640768584,14.125,0.0,143.875,118.0,46.125,53.75,18.125,43.25,10.875,32.375,27.375,11.5,2.5279265873015873,15.375,41.875,36.8375,26.875,45.75,58.31984718156094,18.125,24.625,72.625,0.0,6.125,0.5162698412698412,5.125,19.625,0.26963665849114765,11.5,0.0,136.5
131,138,2026-03-21,1,1,2025-26,Dallas Mavericks,LA Clippers,111.25,34.5,59.25,17.5,46.625,12.375,34.25,26.625,15.75,1.8049595141700405,11.5,32.375,35.525,29.625,58.125,51.04809945970578,17.5,21.5,80.475,0.0,7.0,0.4695802005012532,4.75,17.25,0.2850820441813089,15.75,0.0,127.125,119.125,33.375,63.75,22.0,37.75,10.75,27.0,24.0,12.375,2.290802426739927,11.125,30.5,35.0875,31.875,55.75,57.53827442355403,22.0,28.625,76.53750000000001,0.0,11.375,1.0195684523809523,4.875,18.75,0.3057413724158912,12.375,0.0,134.875
123,122,2026-03-21,1,1,2025-26,Houston Rockets,Miami Heat,108.0,26.625,65.0,16.375,45.25,13.0,32.25,24.875,17.0,1.5791193181818182,8.875,29.125,30.387499999999996,32.5,57.0,56.923293910409136,16.375,22.0,72.5,0.0,8.375,0.5165877525252526,5.125,19.75,0.2626380541655141,17.0,0.0,124.25,123.25,36.375,61.75,25.125,44.375,12.125,32.25,28.75,12.25,2.5794833842627964,12.125,36.75,33.0,30.875,55.0,56.31418798265671,25.125,30.5,83.0,0.0,8.75,0.7414836389101094,4.375,20.25,0.22450574787531308,12.25,0.0,143.125
104,105,2026-03-21,1,1,2025-26,Orlando Magic,Los Angeles Lakers,120.625,39.375,58.25,23.0,45.25,10.625,34.625,26.125,13.25,2.207103313353313,13.125,37.875,34.8125,29.125,52.875,55.18967383657449,23.0,28.25,82.3875,0.0,8.875,0.7200382950382951,3.25,21.5,0.14964288190832814,13.25,0.0,137.125,123.125,41.625,60.75,20.75,41.5,10.375,31.125,26.0,12.5,2.2540629713423828,13.875,36.875,37.949999999999996,30.375,49.625,61.10348938920367,20.75,27.5,75.6125,0.0,8.625,0.724719887955182,4.0,19.375,0.2085858585858586,12.5,0.0,141.75
105,108,2026-03-21,1,1,2025-26,Phoenix Suns,Milwaukee Bucks,114.0,48.0,48.0,18.0,39.5,10.75,28.75,25.375,12.0,2.194615800865801,16.0,42.125,37.787499999999994,24.0,45.0,54.34431082992894,18.0,23.0,78.4875,0.0,8.25,0.685159632034632,4.375,20.625,0.2129810619900134,12.0,0.0,127.375,108.5,46.125,49.25,13.125,38.75,7.5,31.25,25.75,14.875,2.0210743717776967,15.375,40.25,37.9375,24.625,43.0,57.2416235056396,13.125,19.625,66.5125,0.0,7.5,0.5556660295870655,3.125,20.125,0.15596652388532184,14.875,0.0,119.0
134,119,2026-03-21,1,1,2025-26,San Antonio Spurs,Indiana Pacers,123.0,49.875,55.0,18.125,46.875,11.625,35.25,30.75,11.375,3.1255494505494505,16.625,40.875,39.8125,27.5,49.625,55.59834485677961,18.125,23.0,77.7125,0.0,5.5,0.518154761904762,5.25,20.0,0.27873103373944674,11.375,0.0,148.75,111.125,40.125,55.5,15.5,40.375,9.875,30.5,28.875,13.75,2.3106340662261715,13.375,38.125,35.225,27.75,51.125,54.27777953345179,15.5,19.625,78.7625,0.0,7.5,0.6287799280397964,4.875,19.75,0.26024086277947833,13.75,0.0,126.75
116,126,2026-03-21,1,1,2025-26,Utah Jazz,Philadelphia 76ers,115.125,42.375,54.5,18.25,44.375,13.25,31.125,27.875,16.25,1.7889297385620915,14.125,38.375,37.512499999999996,27.25,50.625,54.328552527475026,18.25,23.5,76.8625,0.0,10.25,0.6517973856209152,3.75,19.0,0.19906000500019713,16.25,0.0,132.25,114.125,28.5,66.75,18.875,42.75,11.5,31.25,24.375,14.375,1.851961559682148,9.5,32.125,29.375,33.375,58.125,57.751904530419026,18.875,23.875,78.8375,0.0,9.875,0.7288643750040809,6.5,20.75,0.32492349304462304,14.375,0.0,130.875
124,101,2026-03-21,1,1,2025-26,Charlotte Hornets,Memphis Grizzlies,115.625,53.625,44.75,17.25,44.125,12.0,32.125,25.25,14.0,2.1248179210495386,17.875,45.75,39.3125,22.375,44.25,50.69237833276821,17.25,20.375,84.1375,0.0,7.875,0.6806949178272709,4.875,20.0,0.2448872180451128,14.0,0.0,130.875,116.25,45.0,53.0,18.25,38.125,12.375,25.75,25.25,14.25,1.9012254901960786,15.0,42.625,35.4625,26.5,49.5,53.73202502366336,18.25,23.0,79.35000000000001,0.0,9.0,0.6954656862745099,5.125,21.375,0.269050772684499,14.25,0.0,124.125
126,122,2026-03-22,1,1,2025-26,Sacramento Kings,Brooklyn Nets,116.0,31.125,68.25,16.625,45.5,10.0,35.5,27.875,12.125,3.1125992063492065,10.375,29.5,35.2625,34.125,61.25,56.241385021258125,16.625,22.0,74.1875,0.0,6.375,0.6181006493506493,4.625,19.0,0.2449895572263993,12.125,0.0,136.625,100.75,37.875,43.0,19.875,40.625,10.125,30.5,22.625,18.875,1.2263051330371966,12.625,35.75,35.362500000000004,21.5,45.0,48.05634948078847,19.875,24.25,83.35,0.0,7.75,0.4217935343473773,6.25,24.75,0.2599105276907001,18.875,0.0,108.125
145,113,2026-03-22,1,1,2025-26,New York Knicks,Washington Wizards,116.375,37.125,61.5,17.75,48.875,14.0,34.875,29.875,15.0,2.289510233918129,12.375,34.75,34.9375,30.75,53.625,57.231936789095656,17.75,21.625,82.2125,0.0,8.625,0.6605097022860181,3.5,18.75,0.2062191205533597,15.0,0.0,143.125,114.75,44.25,53.5,17.0,37.875,8.875,29.0,24.75,17.5,1.465078597228365,14.75,38.875,38.224999999999994,26.75,49.5,53.9095558193564,17.0,21.875,76.27499999999999,0.0,6.125,0.369859391124871,5.0,25.625,0.20832105952269306,17.5,0.0,119.25
120,98,2026-03-22,1,1,2025-26,Phoenix Suns,Toronto Raptors,112.375,46.125,49.25,17.0,39.125,10.375,28.75,25.375,11.375,2.307115800865801,15.375,39.75,38.287499999999994,24.625,47.25,52.78181082992894,17.0,22.0,76.78750000000001,0.0,8.0,0.697659632034632,4.125,20.375,0.2041818901473633,11.375,0.0,125.625,116.75,33.0,64.0,19.75,41.25,10.625,30.625,27.125,12.375,2.3649673243423246,11.0,32.0,35.3375,32.0,55.125,58.17606077174147,19.75,25.625,76.5625,0.0,8.625,0.7600326756576757,4.125,21.5,0.19999093268123422,12.375,0.0,135.5
92,102,2026-03-22,1,1,2025-26,Boston Celtics,Minnesota Timberwolves,114.375,43.875,52.0,18.5,48.375,12.5,35.875,25.25,12.625,2.1101190476190474,14.625,43.25,33.975,26.0,45.875,56.62920428305364,18.5,21.125,86.575,0.0,6.625,0.5278846153846154,3.5,18.375,0.2421626984126984,12.625,0.0,134.375,115.375,34.875,58.25,22.25,42.125,10.375,31.75,25.25,16.75,1.5745152804711626,11.625,32.875,35.925,29.125,51.0,57.35842556566241,22.25,28.0,79.39999999999999,0.0,8.0,0.5201196679137856,5.25,21.125,0.25562002833169883,16.75,0.0,130.375
128,112,2026-03-22,1,1,2025-26,Denver Nuggets,Portland Trail Blazers,122.75,42.75,58.75,21.25,44.25,8.875,35.375,31.25,12.75,2.6096217105263158,14.25,36.625,39.625,29.375,51.875,57.005805671076295,21.25,27.375,76.9875,0.0,7.25,0.5950540413533835,3.25,19.5,0.16623803827751196,12.75,0.0,145.0,113.375,42.375,52.25,18.75,47.875,14.875,33.0,27.375,17.5,1.6119210167197784,14.125,41.25,34.5,26.125,47.875,54.32441121146453,18.75,24.75,77.85,0.0,8.75,0.4948821254210186,6.875,19.875,0.36988116598313964,17.5,0.0,131.875
127,143,2026-03-23,1,1,2025-26,Utah Jazz,Toronto Raptors,114.375,40.125,54.0,20.25,43.625,12.5,31.125,27.625,15.75,1.919138071895425,13.375,39.0,34.9625,27.0,50.5,54.00743723925447,20.25,25.125,79.525,0.0,9.75,0.6517973856209152,4.25,19.375,0.21633273227292443,15.75,0.0,129.875,115.625,33.0,63.0,19.625,40.0,10.125,29.875,27.875,13.125,2.343538752913753,11.0,32.875,33.987500000000004,31.5,53.25,59.17125637915396,19.625,25.375,76.75,0.0,9.0,0.7627112470862472,4.625,21.375,0.22959619583912894,13.125,0.0,134.625
146,107,2026-03-23,1,1,2025-26,Atlanta Hawks,Memphis Grizzlies,119.875,39.375,63.5,17.0,44.5,12.75,31.75,28.875,14.625,2.1119449994449995,13.125,37.0,35.5625,31.75,54.375,58.30342826366105,17.0,22.0,77.58749999999999,0.0,9.875,0.7046314796314797,4.5,18.5,0.24918515651874784,14.625,0.0,141.5,113.875,45.0,51.25,17.625,38.125,12.125,26.0,24.125,14.0,1.8518665158371044,15.0,43.0,35.1625,25.625,49.0,52.28316138729972,17.625,22.375,78.8,0.0,9.25,0.7249528657616894,4.5,20.25,0.24943870371898177,14.0,0.0,119.75
132,124,2026-03-23,1,1,2025-26,Chicago Bulls,Houston Rockets,116.75,40.5,60.25,16.0,47.25,12.0,35.25,27.75,15.5,1.8125088420995927,13.5,40.0,33.2875,30.125,53.0,56.65840855466805,16.0,21.5,76.28750000000001,0.0,7.625,0.48234610139602396,5.0,20.0,0.25882177033492826,15.5,0.0,134.0,110.125,30.75,63.25,16.125,45.25,13.625,31.625,26.125,15.875,1.7657451923076923,10.25,31.125,32.8125,31.625,56.25,56.13640020555877,16.125,21.375,73.48750000000001,0.0,7.875,0.513528311965812,4.375,18.625,0.24107555416551413,15.875,0.0,127.125
131,137,2026-03-23,1,1,2025-26,Dallas Mavericks,Golden State Warriors,115.125,34.125,62.0,19.0,46.875,13.5,33.375,26.875,15.875,1.8015504232609496,11.375,32.25,35.3,31.0,59.375,52.3095091960141,19.0,23.625,79.55000000000001,0.0,7.375,0.501398382319435,4.875,17.25,0.2928945441813089,15.875,0.0,131.375,112.375,41.625,53.25,17.5,39.375,12.75,26.625,27.125,15.875,1.9468631042160454,13.875,42.75,32.425,26.625,47.5,56.13693980045838,17.5,21.75,80.55,0.0,9.625,0.6900097859656683,4.5,19.25,0.24147408963585432,15.875,0.0,123.125
129,96,2026-03-23,1,1,2025-26,LA Clippers,Milwaukee Bucks,121.0,39.75,62.0,19.25,37.25,9.5,27.75,26.25,11.875,2.517364926739927,13.25,33.625,38.4,31.0,53.625,58.235389808169415,19.25,25.25,76.675,0.0,11.125,1.0247767857142858,5.875,19.0,0.35005955423407303,11.875,0.0,140.625,107.875,46.5,48.5,12.875,38.0,7.625,30.375,24.125,15.625,1.7931331953071084,15.5,39.625,38.800000000000004,24.25,42.75,56.68658910914179,12.875,18.75,67.7125,0.0,7.375,0.5202382221004344,3.0,19.75,0.1541282885912042,15.625,0.0,116.25
111,136,2026-03-23,1,1,2025-26,Miami Heat,San Antonio Spurs,122.75,39.0,59.75,24.0,43.875,12.0,31.875,29.0,11.625,2.75111036838978,13.0,38.5,33.7125,29.875,53.375,56.29503969834299,24.0,29.5,81.4375,0.0,7.875,0.7087455436720143,3.5,20.125,0.18108469524373416,11.625,0.0,140.875,125.25,48.375,57.75,19.125,46.5,11.375,35.125,31.25,11.25,3.190453296703297,16.125,40.0,39.4,28.875,50.75,56.82188983032459,19.125,23.375,82.4875,0.0,5.375,0.5125457875457875,5.125,20.25,0.2667341297146789,11.25,0.0,152.25
126,128,2026-03-23,1,1,2025-26,Orlando Magic,Indiana Pacers,118.75,40.125,56.25,22.375,43.25,10.25,33.0,26.0,13.625,2.1612699800199797,13.375,38.25,35.2125,28.125,51.5,54.7463099921809,22.375,27.25,83.3125,0.0,9.0,0.7158716283716284,3.0,21.875,0.13806880783425407,13.625,0.0,133.25,111.375,43.125,53.0,15.25,38.625,8.875,29.75,29.5,14.125,2.196348351940457,14.375,38.125,38.074999999999996,26.5,49.5,53.738096993769254,15.25,19.0,79.77499999999999,0.0,6.875,0.5127084994683679,4.625,19.125,0.25178221616293694,14.125,0.0,126.375
103,123,2026-03-23,1,1,2025-26,Philadelphia 76ers,Oklahoma City Thunder,115.375,27.0,67.5,20.875,45.25,12.25,33.0,24.375,13.75,1.9021847739678623,9.0,32.25,27.337500000000002,33.75,58.75,57.735878889393376,20.875,25.625,81.4375,0.0,9.125,0.7005905654802713,7.0,21.5,0.33838503150616156,13.75,0.0,134.375,115.25,41.25,55.0,19.0,44.125,9.5,34.625,24.75,12.0,2.899561102274918,13.75,38.625,35.55,27.5,48.5,57.149375501585915,19.0,23.125,82.275,0.0,8.875,0.8549197513013302,4.25,18.25,0.23940972222222223,12.0,0.0,135.25
134,99,2026-03-23,1,1,2025-26,Portland Trail Blazers,Brooklyn Nets,115.0,43.875,53.5,17.625,48.125,14.625,33.5,28.75,16.875,1.8079437439925057,14.625,42.625,34.65,26.75,48.25,55.27339573757671,17.625,22.125,80.125,0.0,7.25,0.41888780723920044,6.625,19.375,0.3573811659831397,16.875,0.0,134.875,102.625,39.375,44.75,18.5,38.125,9.5,28.625,23.875,17.25,1.6370194187514824,13.125,36.125,36.5,22.375,45.625,49.07907675351574,18.5,23.25,81.3,0.0,7.75,0.5030435343473774,5.5,25.0,0.227057963588136,17.25,0.0,109.625
113,110,2026-03-23,1,1,2025-26,Detroit Pistons,Los Angeles Lakers,121.875,33.0,68.5,20.375,43.875,13.375,30.5,31.25,13.5,2.440631698023339,11.0,30.25,36.075,34.25,59.0,58.185133245810825,20.375,26.125,78.25,0.0,10.0,0.7766754981344764,6.125,21.125,0.3062722389166897,13.5,0.0,149.875,120.25,38.25,61.5,20.5,41.5,11.375,30.125,25.25,12.375,2.2115950226244343,12.75,36.25,35.3375,30.75,50.5,60.85727726799155,20.5,28.25,72.3875,0.0,9.375,0.7912262982115924,4.5,19.125,0.23472222222222222,12.375,0.0,137.5
123,125,2026-03-24,1,1,2025-26,Phoenix Suns,Denver Nuggets,113.5,46.875,51.25,15.375,39.5,10.875,28.625,25.375,12.75,2.090010537707906,15.625,39.625,39.037499999999994,25.625,48.625,53.345720604365034,15.375,20.0,78.22500000000001,0.0,8.875,0.6984820004556846,4.25,20.75,0.20491718426501032,12.75,0.0,127.125,125.875,46.5,59.25,20.125,45.625,8.5,37.125,32.125,12.25,2.780076255980861,15.5,37.375,42.012499999999996,29.625,52.0,57.38239129475494,20.125,25.25,79.77499999999999,0.0,7.25,0.6132358595352017,3.5,19.5,0.17939593301435405,12.25,0.0,152.75
134,90,2026-03-24,1,1,2025-26,Charlotte Hornets,Sacramento Kings,116.375,53.25,46.0,17.125,44.875,12.25,32.625,25.125,15.625,1.6484290321606498,17.75,45.0,39.7,23.0,44.5,51.85309261848249,17.125,20.75,82.35,0.0,7.5,0.4793060289383819,4.875,19.75,0.24798319327731094,15.625,0.0,130.75,116.375,33.375,65.0,18.0,46.625,10.875,35.75,28.0,13.375,2.815330298786181,11.125,29.0,38.525,32.5,59.625,55.1117058768731,18.0,23.375,75.60000000000001,0.0,6.25,0.5582266997708174,4.875,18.875,0.2599749373433584,13.375,0.0,138.375
136,131,2026-03-24,1,1,2025-26,Cleveland Cavaliers,Orlando Magic,117.75,44.25,56.0,17.5,45.375,11.25,34.125,27.25,12.0,2.422569444444444,14.75,41.0,36.0625,28.0,46.875,59.410408406050735,17.5,24.125,71.53750000000001,0.0,6.0,0.4823412698412698,5.125,19.25,0.27404842319703004,12.0,0.0,137.75,118.25,39.375,57.5,21.375,41.625,10.125,31.5,25.75,13.125,2.232482101232101,13.125,38.375,34.325,28.75,53.125,54.001629141117064,21.375,25.875,83.39999999999999,0.0,8.25,0.6810231435231435,2.875,21.75,0.1318553575418564,13.125,0.0,129.5
121,116,2026-03-24,1,1,2025-26,New York Knicks,New Orleans Pelicans,116.75,37.5,61.25,18.0,48.625,13.875,34.75,28.375,15.375,2.0752245196324144,12.5,34.5,35.6875,30.625,53.75,56.901423832987774,18.0,21.375,84.52499999999999,0.0,8.0,0.5890811308574466,3.25,17.25,0.20621912055335967,15.375,0.0,141.125,118.125,36.0,59.5,22.625,45.0,12.0,33.0,25.375,13.75,2.0022960044341622,12.0,32.25,37.225,29.75,54.0,54.934359395210535,22.625,28.875,78.8875,0.0,9.5,0.7502481162843004,5.875,18.375,0.3381931390977443,13.75,0.0,139.375
129,130,2026-03-25,1,1,2025-26,Detroit Pistons,Atlanta Hawks,122.25,33.0,68.5,20.75,43.625,13.125,30.5,31.875,13.375,2.522071091962733,11.0,28.875,37.65,34.25,60.125,57.19228479784978,20.75,26.125,79.8125,0.0,10.125,0.7927739829829612,5.125,21.125,0.2627939780471245,13.375,0.0,150.5,122.5,43.875,61.25,17.375,45.125,12.75,32.375,29.5,13.375,2.3419233544233546,14.625,39.75,36.275,30.625,52.75,58.10992981164867,17.375,22.0,79.08749999999999,0.0,10.0,0.7755189255189254,5.0,18.625,0.2747699518403853,13.375,0.0,146.875
98,123,2026-03-25,1,1,2025-26,Memphis Grizzlies,San Antonio Spurs,112.875,45.0,50.0,17.875,37.875,11.25,26.625,23.5,15.0,1.752228834677684,15.0,44.0,34.237500000000004,25.0,46.875,53.14390700133481,17.875,22.5,79.3625,0.0,9.25,0.6988659092399502,4.0,20.875,0.2077720370523151,15.0,0.0,117.0,124.125,46.125,58.5,19.5,50.25,12.75,37.5,30.625,12.125,2.8717032967032967,15.375,40.375,37.2,29.25,52.0,56.121458795841825,19.5,23.5,83.4625,0.0,5.75,0.5083791208791208,5.5,19.25,0.30038797586852506,12.125,0.0,152.375
157,137,2026-03-25,1,1,2025-26,Philadelphia 76ers,Chicago Bulls,115.625,29.25,66.5,19.875,45.5,12.375,33.125,25.5,13.875,1.9565148393273393,9.75,33.25,28.35,33.25,58.875,56.539070378755085,19.875,24.5,78.64999999999999,0.0,9.5,0.7185644216894217,6.875,20.375,0.3458255076966377,13.875,0.0,135.375,120.125,45.0,58.25,16.875,47.125,11.75,35.375,28.625,15.875,1.8257299959457467,15.0,41.25,36.4125,29.125,52.25,55.5808223477715,16.875,21.875,78.55000000000001,0.0,7.625,0.46792302447294704,5.125,19.875,0.2655858395989975,15.875,0.0,138.375
110,133,2026-03-25,1,1,2025-26,Utah Jazz,Washington Wizards,117.875,40.5,55.75,21.625,41.875,12.0,29.875,27.875,16.5,1.8531658496732026,13.5,37.375,36.4125,27.875,51.25,55.12964792944648,21.625,26.875,79.2125,0.0,10.0,0.6413807189542484,4.625,19.375,0.2360695743781876,16.5,0.0,133.25,114.125,45.75,53.0,15.375,36.25,8.25,28.0,24.5,17.25,1.4748825187969925,15.25,39.5,38.85,26.5,48.625,54.462276907791775,15.375,20.125,74.7375,0.0,7.375,0.45515350877192984,5.125,24.25,0.22122428532914465,17.25,0.0,119.0
130,99,2026-03-25,1,1,2025-26,Portland Trail Blazers,Milwaukee Bucks,115.375,45.0,52.0,18.375,47.125,14.0,33.125,28.625,18.125,1.6948485058972675,15.0,42.25,36.0,26.0,47.0,55.31918328336426,18.375,23.75,78.6875,0.0,7.875,0.4263282834296766,6.625,20.0,0.34641625370243795,18.125,0.0,133.875,108.5,47.625,48.0,12.875,38.25,7.875,30.375,25.0,16.375,1.7889771850769294,15.875,39.25,39.987500000000004,24.0,43.125,55.603740271932494,12.875,18.25,70.275,0.0,6.875,0.47931750598790246,2.875,19.0,0.1525298231180584,16.375,0.0,117.25
130,137,2026-03-25,1,1,2025-26,Indiana Pacers,Los Angeles Lakers,113.5,43.875,53.5,16.125,38.25,8.125,30.125,30.125,13.75,2.3595427963849014,14.625,37.25,39.625,26.75,48.75,55.082938422914175,16.125,19.0,83.425,0.0,6.375,0.48840294391281236,4.375,19.0,0.2415008308815517,13.75,0.0,131.375,120.25,35.625,64.0,20.625,41.125,11.0,30.125,26.125,12.25,2.2926389786683905,11.875,34.375,34.525,32.0,52.125,61.60052051123479,20.625,28.375,72.46249999999999,0.0,8.875,0.7596328916181858,4.625,18.875,0.24513888888888888,12.25,0.0,138.375
103,120,2026-03-25,1,1,2025-26,Cleveland Cavaliers,Miami Heat,122.5,43.875,59.75,18.875,44.25,10.75,33.5,27.375,11.875,2.478125,14.625,39.125,37.45,29.875,48.125,61.77171878386039,18.875,25.125,73.825,0.0,6.375,0.5361607142857143,4.875,19.625,0.2573020117137764,11.875,0.0,144.5,120.625,38.25,58.5,23.875,43.125,11.5,31.625,28.75,12.375,2.40736036838978,12.75,40.25,31.637500000000003,29.25,51.375,56.970049552501436,23.875,28.875,83.3125,0.0,8.375,0.6774955436720143,3.875,20.75,0.18907341704824543,12.375,0.0,137.75
119,94,2026-03-25,1,1,2025-26,LA Clippers,Toronto Raptors,121.375,39.375,63.25,18.75,37.0,8.875,28.125,26.875,12.375,2.439239926739927,13.125,33.5,38.2125,31.625,52.25,61.169283003690516,18.75,24.25,78.6,0.0,11.25,0.9726934523809524,6.125,18.875,0.3654104314270555,12.375,0.0,143.75,118.25,36.75,62.0,19.5,39.125,9.875,29.25,29.125,14.25,2.0944578705608117,12.25,33.0,37.275,31.0,52.25,59.453742254860174,19.5,26.125,74.3625,0.0,9.125,0.6790715412038941,5.375,22.75,0.24494707303211138,14.25,0.0,138.125
109,106,2026-03-25,1,1,2025-26,Golden State Warriors,Brooklyn Nets,115.0,42.0,55.0,18.0,39.75,12.5,27.25,27.875,17.625,1.7374881042160455,14.0,42.125,33.099999999999994,27.5,48.375,56.82645910699895,18.0,22.125,81.58749999999999,0.0,10.25,0.6358431192990016,4.75,19.875,0.24897408963585432,17.625,0.0,126.875,99.25,36.0,43.5,19.75,36.75,9.0,27.75,22.25,17.5,1.5432694187514824,12.0,35.625,33.5125,21.75,45.5,47.99498927236944,19.75,24.5,82.2125,0.0,7.875,0.5030435343473774,4.75,26.5,0.1848501713803438,17.5,0.0,101.25
142,135,2026-03-25,1,1,2025-26,Denver Nuggets,Dallas Mavericks,125.75,45.75,59.75,20.25,44.875,8.25,36.625,32.875,12.5,2.7644512559808616,15.25,36.75,42.025000000000006,29.875,51.375,58.377707454005524,20.25,25.375,79.88749999999999,0.0,7.125,0.5913608595352016,3.375,20.375,0.16990519227361334,12.5,0.0,153.375,120.0,38.25,63.25,18.5,44.25,12.5,31.75,28.75,16.375,1.8579005376774256,12.75,33.0,38.7625,31.625,58.5,54.42242332718381,18.5,23.625,77.05000000000001,0.0,8.375,0.5391558193903732,4.375,17.625,0.2654488920073958,16.375,0.0,137.125
119,109,2026-03-25,1,1,2025-26,Boston Celtics,Oklahoma City Thunder,110.875,41.25,50.5,19.125,47.75,12.375,35.375,23.75,12.75,1.9408008658008657,13.75,41.375,33.225,25.25,47.25,54.07148764801253,19.125,21.5,88.65,0.0,7.0,0.5551573426573427,2.5,18.75,0.13639346764346766,12.75,0.0,127.125,117.75,42.0,58.25,17.5,45.375,10.5,34.875,26.25,11.875,3.0104986022749176,14.0,38.5,36.275,29.125,50.75,57.947598016398295,17.5,21.25,83.025,0.0,8.625,0.8424197513013302,5.5,17.375,0.32274305555555555,11.875,0.0,141.75
110,108,2026-03-25,1,1,2025-26,Minnesota Timberwolves,Houston Rockets,116.625,36.0,59.75,20.875,44.5,10.875,33.625,26.125,17.0,1.6117176614235438,12.0,32.0,37.6625,29.875,52.75,57.211481991994695,20.875,26.0,80.125,0.0,7.625,0.4784530012471189,5.5,20.5,0.28054562356979407,17.0,0.0,135.375,110.625,31.875,64.25,14.5,45.75,13.625,32.125,26.375,16.5,1.7038579374057314,10.625,32.75,32.5875,32.125,55.25,58.24673586524638,14.5,20.375,70.36250000000001,0.0,8.25,0.5202685080442434,4.625,18.0,0.26251275223314696,16.5,0.0,128.0
129,108,2026-03-26,1,1,2025-26,Detroit Pistons,New Orleans Pelicans,121.125,30.375,71.25,19.5,44.0,13.625,30.375,31.5,14.0,2.3167139491055897,10.125,29.125,34.612500000000004,35.625,62.0,57.57473246290615,19.5,24.25,80.775,0.0,10.125,0.7332501734591518,5.375,20.625,0.2784189780471245,14.0,0.0,148.0,118.125,37.875,60.25,20.0,44.0,10.75,33.25,27.25,12.75,2.4415817187198767,12.625,33.0,38.275000000000006,30.125,53.875,55.742440203291345,20.0,25.875,78.65,0.0,9.125,0.7728671639033481,5.875,17.75,0.34230498120300745,12.75,0.0,141.625
121,117,2026-03-26,1,1,2025-26,Orlando Magic,Sacramento Kings,118.625,40.125,56.25,22.25,41.25,10.75,30.5,25.5,13.625,1.9658154345654344,13.375,38.875,34.525,28.125,52.5,53.501629141117064,22.25,26.0,85.45,0.0,8.25,0.6310231435231435,2.625,21.75,0.1209857923244651,13.625,0.0,129.0,111.875,32.625,63.0,16.25,44.125,10.5,33.625,27.25,14.375,2.065330298786181,10.875,28.875,37.8,31.5,58.0,54.746208800849715,16.25,21.875,72.1375,0.0,6.125,0.4436433664374841,4.5,18.125,0.24926065162907268,14.375,0.0,129.375
114,103,2026-03-26,1,1,2025-26,Charlotte Hornets,New York Knicks,118.125,55.875,46.0,16.25,46.0,12.25,33.75,26.125,15.875,1.6843264680580856,18.625,45.375,41.05,23.0,43.875,52.65437466976455,16.25,20.25,79.85,0.0,7.75,0.4895624391947922,4.375,19.5,0.22454569327731094,15.875,0.0,134.875,119.75,39.375,62.25,18.125,47.875,13.75,34.125,29.125,14.375,2.2534541847041845,13.125,34.375,37.675,31.125,54.25,57.322096909910854,18.125,21.5,84.575,0.0,7.75,0.5998466810966812,3.5,16.625,0.22312733311374616,14.375,0.0,145.875
119,106,2026-03-27,1,1,2025-26,Toronto Raptors,New Orleans Pelicans,117.625,37.125,63.25,17.25,41.125,10.875,30.25,30.0,14.0,2.210716611819553,12.375,32.125,38.4625,31.625,55.375,57.610280989757115,17.25,24.0,69.0875,0.0,8.875,0.6738267859591389,5.375,22.375,0.24820794259732878,14.0,0.0,138.75,114.375,38.625,59.0,16.75,43.75,11.25,32.5,27.375,13.625,2.267623385386543,12.875,33.25,38.975,29.5,54.375,54.41668262753377,16.75,23.0,74.5375,0.0,9.25,0.7009921639033482,6.0,17.75,0.3485549812030075,13.625,0.0,135.625
131,113,2026-03-27,1,1,2025-26,Oklahoma City Thunder,Chicago Bulls,118.375,40.875,60.25,17.25,44.5,10.125,34.375,25.375,11.0,3.0997843165606325,13.625,37.875,35.862500000000004,30.125,51.625,59.25573755128201,17.25,21.5,81.15,0.0,8.625,0.9049197513013303,5.75,17.875,0.33284406565656566,11.0,0.0,141.625,123.5,44.25,62.0,17.25,47.0,11.875,35.125,29.0,15.875,1.852515710231461,14.75,41.5,35.675,31.0,53.75,57.89982687265838,17.25,21.5,80.5875,0.0,7.75,0.4768515959015185,4.75,20.125,0.243969298245614,15.875,0.0,142.375
109,119,2026-03-27,1,1,2025-26,Memphis Grizzlies,Houston Rockets,109.0,44.625,46.75,17.625,36.5,9.25,27.25,23.5,14.0,1.8605621680110174,14.875,44.875,33.300000000000004,23.375,44.625,52.217981075408886,17.625,22.375,78.5875,0.0,9.625,0.7509492425732835,4.0,19.25,0.21650859619210006,14.0,0.0,112.625,110.0,31.5,63.75,14.75,46.0,13.875,32.125,27.0,16.875,1.712786508834303,10.5,33.375,31.250000000000004,31.875,56.0,57.22976388248776,14.75,20.125,72.1375,0.0,8.0,0.5004272382029735,5.375,17.5,0.3195302960927961,16.875,0.0,127.125
93,100,2026-03-27,1,1,2025-26,Portland Trail Blazers,Dallas Mavericks,119.0,46.125,53.0,19.875,48.625,14.625,34.0,29.5,18.5,1.7136977122464738,15.375,42.125,37.025,26.5,46.75,56.898295228329864,19.875,25.625,78.5,0.0,8.5,0.4501378072392004,7.0,18.625,0.410518817805002,18.5,0.0,141.375,122.875,37.875,65.25,19.75,44.125,12.25,31.875,29.125,15.125,2.5766505376774256,12.625,33.375,37.974999999999994,32.625,59.5,55.19900636183136,19.75,25.125,77.3125,0.0,8.0,0.5793343908189446,4.75,18.375,0.2824943465528504,15.125,0.0,140.75
113,114,2026-03-27,1,1,2025-26,Indiana Pacers,LA Clippers,116.125,45.0,55.25,15.875,36.5,7.75,28.75,30.875,14.125,2.3609316852737905,15.0,36.75,40.975,27.625,48.375,57.343576720786515,15.875,19.125,81.85,0.0,6.375,0.4786807216905901,4.375,19.25,0.24063126566416038,14.125,0.0,134.375,117.125,38.25,61.5,17.375,39.5,9.25,30.25,25.375,12.5,2.2619671994671995,12.75,33.25,37.5,30.75,52.5,58.91750995404513,17.375,22.75,78.0875,0.0,10.125,0.8522389069264069,7.125,17.625,0.45171995523657926,12.5,0.0,139.125
131,126,2026-03-27,1,1,2025-26,Golden State Warriors,Washington Wizards,113.125,37.875,55.75,19.5,39.0,12.0,27.0,26.75,19.375,1.525949642677584,12.625,38.75,32.637499999999996,27.875,47.125,59.175813482895656,19.5,24.375,80.2,0.0,10.5,0.594977734683617,3.625,20.375,0.18268621084797554,19.375,0.0,123.375,114.625,45.0,55.0,14.625,38.875,9.375,29.5,24.75,16.625,1.5223057644110276,15.0,39.0,38.7125,27.5,49.75,55.01385937888125,14.625,19.5,73.5875,0.0,8.125,0.5028508771929825,5.25,23.25,0.229425642795208,16.625,0.0,123.875
135,129,2026-03-27,1,1,2025-26,Denver Nuggets,Utah Jazz,127.375,46.5,59.75,21.125,45.25,7.875,37.375,32.875,12.375,2.8144512559808614,15.5,37.5,41.6375,29.875,50.875,58.930292124237255,21.125,26.25,80.7125,0.0,5.75,0.4552497484240905,3.0,21.875,0.14120148856990963,12.375,0.0,153.75,116.75,38.625,58.25,19.875,40.625,11.75,28.875,28.5,16.25,1.9232638888888889,12.875,36.75,35.012499999999996,29.125,53.5,55.07634302539531,19.875,26.375,74.075,0.0,10.375,0.6742238562091503,5.125,19.375,0.2654813390840699,16.25,0.0,130.375
149,128,2026-03-27,1,1,2025-26,Cleveland Cavaliers,Miami Heat,121.0,42.375,60.0,18.625,44.125,10.625,33.5,27.125,12.375,2.360267857142857,14.125,38.25,36.95,30.0,48.625,61.4308096929513,18.625,25.0,73.2625,0.0,6.375,0.521875,4.0,20.25,0.20075439266615738,12.375,0.0,141.125,120.5,40.5,56.75,23.25,42.0,10.5,31.5,28.75,12.625,2.361229416008828,13.5,41.75,32.087500000000006,28.375,48.375,58.845049552501436,23.25,28.5,82.0375,0.0,8.625,0.6819598293863,3.625,20.0,0.18395832753417893,12.625,0.0,137.375
109,102,2026-03-27,1,1,2025-26,Boston Celtics,Atlanta Hawks,112.125,42.375,50.0,19.75,47.0,12.0,35.0,23.75,12.875,1.9207688145188144,14.125,41.75,33.775,25.0,46.5,54.34322677844731,19.75,22.375,88.0625,0.0,7.375,0.5824009324009324,3.0,18.875,0.16020299145299144,12.875,0.0,128.625,123.25,45.375,60.5,17.375,45.75,13.375,32.375,29.75,14.625,2.1731733544233545,15.125,41.75,35.7375,30.25,52.0,58.24184538568129,17.375,21.875,79.575,0.0,10.0,0.7255189255189255,4.125,18.75,0.22579334365325077,14.625,0.0,145.375
116,99,2026-03-27,1,1,2025-26,Los Angeles Lakers,Brooklyn Nets,122.375,34.875,65.75,21.75,40.125,10.125,30.0,26.0,13.125,2.006924692954105,11.625,32.5,35.8,32.875,53.5,61.63839929911358,21.75,29.375,73.62499999999999,0.0,9.875,0.7685614630467572,4.875,19.125,0.2553661616161616,13.125,0.0,141.0,100.0,35.625,46.25,18.125,36.25,8.75,27.5,22.375,17.25,1.5684242175130922,11.875,35.0,33.7875,23.125,47.625,48.57462636914363,18.125,22.875,81.07499999999999,0.0,9.625,0.6083066922421142,4.625,26.625,0.1802524702309185,17.25,0.0,103.25
123,113,2026-03-28,1,1,2025-26,Atlanta Hawks,Sacramento Kings,122.5,46.5,59.5,16.5,43.75,12.5,31.25,29.875,13.625,2.662756687756688,15.5,42.0,36.449999999999996,29.75,51.5,57.65227622468355,16.5,20.5,80.1875,0.0,9.25,0.7880189255189255,3.875,19.625,0.196031438891346,13.625,0.0,143.375,112.25,35.25,62.25,14.75,42.0,10.625,31.375,28.25,14.375,2.156239389695272,11.75,30.5,38.724999999999994,31.125,56.125,55.72023477487569,14.75,20.125,71.8875,0.0,5.75,0.40955245734657497,4.0,18.875,0.21627454051796155,14.375,0.0,128.75
95,127,2026-03-28,1,1,2025-26,Milwaukee Bucks,San Antonio Spurs,106.625,46.875,47.0,12.75,37.625,8.5,29.125,24.5,16.375,1.7595654203710471,15.625,40.125,38.6125,23.5,43.125,54.467376635568854,12.75,18.25,69.65,0.0,7.625,0.5234351530467259,3.125,20.5,0.15791443850267378,16.375,0.0,113.5,123.875,44.625,60.0,19.25,52.125,13.25,38.875,31.75,12.5,2.8904532967032965,14.875,40.25,36.225,30.0,52.625,56.9476521862947,19.25,23.125,83.4875,0.0,6.25,0.5354624542124542,6.375,19.0,0.3534065517199183,12.5,0.0,156.0
87,109,2026-03-28,1,1,2025-26,Minnesota Timberwolves,Detroit Pistons,117.125,37.125,61.0,19.0,45.25,11.875,33.375,26.75,17.75,1.5602470731882496,12.375,31.625,38.925,30.5,56.625,54.4077848088961,19.0,23.75,79.05,0.0,8.5,0.5138808087337499,6.375,20.375,0.3197213482074752,17.75,0.0,136.125,120.875,30.75,71.0,19.125,44.625,13.375,31.25,31.125,14.25,2.268339336102494,10.25,28.25,36.3125,35.5,62.375,56.94120419779893,19.125,24.375,78.625,0.0,10.0,0.7189312880102354,5.25,20.375,0.27633564471379113,14.25,0.0,147.5
134,109,2026-03-28,1,1,2025-26,Phoenix Suns,Utah Jazz,112.75,44.25,50.75,17.75,39.75,11.125,28.625,24.25,11.625,2.746260537707906,14.75,39.125,37.675,25.375,49.125,51.99860280987882,17.75,23.25,77.46249999999999,0.0,8.5,0.8547320004556846,4.875,20.875,0.23616718426501032,11.625,0.0,124.875,118.25,35.25,63.25,19.75,41.25,11.125,30.125,29.0,15.625,2.098263888888889,11.75,36.375,32.175,31.625,54.875,58.06495782615433,19.75,26.375,73.425,0.0,10.75,0.7408905228758169,5.125,19.875,0.26131467241740325,15.625,0.0,134.25
125,124,2026-03-28,1,1,2025-26,Memphis Grizzlies,Chicago Bulls,108.625,44.25,46.75,17.625,36.625,9.25,27.375,23.75,14.125,1.8537439861928355,14.75,43.5,34.0375,23.375,45.125,51.717981075408886,17.625,21.875,80.6125,0.0,9.75,0.7509492425732835,3.75,19.5,0.2005363739698778,14.125,0.0,113.625,121.375,44.25,59.75,17.375,44.875,10.625,34.25,27.875,15.625,1.809360948326699,14.75,41.5,35.675,29.875,52.0,57.54160666149699,17.375,21.875,79.69999999999999,0.0,7.5,0.4649468339967565,4.625,20.5,0.2320645363408521,15.625,0.0,137.25
114,118,2026-03-28,1,1,2025-26,Charlotte Hornets,Philadelphia 76ers,120.0,56.25,46.75,17.0,46.25,12.125,34.125,26.625,16.5,1.6480016817332992,18.75,44.875,41.762499999999996,23.375,43.125,54.704971778501196,17.0,20.875,81.5125,0.0,8.25,0.5146692768016298,4.125,19.25,0.21514719703670943,16.5,0.0,139.0,117.875,33.375,66.75,17.75,46.125,12.0,34.125,26.375,13.5,2.1809466575091574,11.125,35.25,29.762500000000003,33.375,59.0,56.62429765148235,17.75,22.25,77.7,0.0,9.0,0.7114621489621489,7.5,20.25,0.37290884102997107,13.5,0.0,139.125
139,87,2026-03-29,1,1,2025-26,Toronto Raptors,Orlando Magic,118.625,35.625,66.5,16.5,41.5,10.75,30.75,32.0,14.375,2.304872455975397,11.875,30.125,38.95,33.25,57.25,58.66797329744942,16.5,23.125,68.6125,0.0,8.25,0.5975280846604376,5.75,23.25,0.2531099033816425,14.375,0.0,142.875,116.75,39.375,55.0,22.375,39.25,10.25,29.0,24.5,13.5,1.9065205627705628,13.125,38.0,35.025,27.5,50.125,54.621874144340794,22.375,25.75,86.46249999999999,0.0,7.0,0.5364718614718614,2.25,20.75,0.11043384427251705,13.5,0.0,125.375
99,114,2026-03-29,1,1,2025-26,Charlotte Hornets,Boston Celtics,121.375,57.375,46.5,17.5,46.375,12.75,33.625,26.25,15.5,1.743589917027417,19.125,47.0,41.025,23.25,42.0,55.49765470533046,17.5,21.75,80.775,0.0,7.25,0.4819895382395383,3.75,19.5,0.1958290152185276,15.5,0.0,138.625,111.25,40.5,50.25,20.5,48.875,13.0,35.875,23.625,13.875,1.7020188145188144,13.5,39.75,34.1125,25.125,47.5,53.29917643519788,20.5,23.125,88.82499999999999,0.0,6.625,0.48865093240093244,3.0,19.125,0.15742521367521367,13.875,0.0,128.25
123,88,2026-03-29,1,1,2025-26,Portland Trail Blazers,Washington Wizards,115.125,42.75,51.5,20.875,48.5,14.625,33.875,27.25,18.625,1.6166143789131406,14.25,40.125,35.7375,25.75,47.5,54.33540960896584,20.875,27.75,75.4875,0.0,7.5,0.4068044739058671,6.375,19.125,0.36961492764481896,18.625,0.0,131.625,114.0,46.5,54.5,13.0,37.5,8.25,29.25,25.125,16.125,1.6351845522898154,15.5,38.5,40.275,27.25,49.0,55.35763935969353,13.0,17.75,72.65,0.0,7.875,0.5013357256778309,4.375,22.75,0.1994336943249987,16.125,0.0,123.25
135,118,2026-03-29,1,1,2025-26,Indiana Pacers,Miami Heat,116.75,46.5,55.75,14.5,37.625,7.5,30.125,32.125,14.625,2.3859316852737904,15.5,36.25,42.775,27.875,49.5,56.52074758913386,14.5,17.875,80.0125,0.0,6.25,0.46149322169059015,4.375,19.875,0.2351488095238095,14.625,0.0,136.75,117.75,41.25,55.0,21.5,41.625,10.0,31.625,28.0,12.125,2.373672854922855,13.75,42.125,32.3875,27.5,48.125,57.278855699073546,21.5,25.875,82.925,0.0,7.25,0.6123896936396935,3.5,20.0,0.17827650935236072,12.125,0.0,132.625
111,100,2026-03-29,1,1,2025-26,Oklahoma City Thunder,New York Knicks,118.625,39.0,61.5,18.125,47.125,11.625,35.5,25.625,11.875,2.3372843165606323,13.0,37.625,34.699999999999996,30.75,52.875,59.01311332767953,18.125,22.75,80.89999999999999,0.0,9.375,0.8924197513013303,5.75,17.75,0.3358045919723551,11.875,0.0,143.25,117.875,38.25,62.0,17.625,44.5,12.625,31.875,28.375,13.125,2.378454184704185,12.75,33.0,38.0375,31.0,54.625,56.633417664627835,17.625,20.625,86.3125,0.0,8.125,0.6685966810966811,3.625,16.375,0.2295973124098124,13.125,0.0,142.5
113,127,2026-03-29,1,1,2025-26,Milwaukee Bucks,LA Clippers,105.375,48.75,45.0,11.625,37.75,9.25,28.5,24.0,17.0,1.672159405333453,16.25,42.625,38.087500000000006,22.5,41.125,54.766905946651434,11.625,16.625,70.85,0.0,7.5,0.49335996507680113,3.5,19.0,0.1843033273915627,17.0,0.0,111.125,116.5,39.75,59.25,17.5,39.5,10.0,29.5,24.375,13.25,1.8869671994671995,13.25,33.5,38.762499999999996,29.625,52.25,57.336108744367706,17.5,23.125,77.5125,0.0,10.625,0.8105722402597404,6.125,18.375,0.36265112932564814,13.25,0.0,135.375
116,93,2026-03-29,1,1,2025-26,Denver Nuggets,Golden State Warriors,127.25,49.125,58.25,19.875,45.625,8.875,36.75,33.75,13.0,2.7602845893141947,16.375,39.0,42.425000000000004,29.125,50.25,58.15287804895084,19.875,25.5,79.0375,0.0,5.375,0.3969164150907572,3.0,21.5,0.14561325327579197,13.0,0.0,152.625,114.875,39.375,56.0,19.5,39.625,11.375,28.25,27.875,19.75,1.5398385315664729,13.125,38.25,34.125,28.0,46.125,60.675315722816016,19.5,25.125,77.875,0.0,10.125,0.5359499569058392,3.875,19.625,0.20322192513368983,19.75,0.0,127.75
102,134,2026-03-29,1,1,2025-26,New Orleans Pelicans,Houston Rockets,112.375,36.0,59.25,17.125,43.0,11.875,31.125,26.625,13.375,2.244185885386543,12.0,33.125,36.0625,29.625,55.125,54.00273217121044,17.125,23.125,75.6625,0.0,8.875,0.6853671639033482,6.375,18.0,0.36504803675856307,13.375,0.0,131.25,113.25,34.5,62.25,16.5,47.625,14.5,33.125,27.625,16.625,1.7853311516914459,11.5,33.375,34.2875,31.125,55.5,56.474555549154424,16.5,21.625,76.8125,0.0,8.25,0.5260968810601163,5.5,17.0,0.3403636294261294,16.625,0.0,134.25
116,99,2026-03-29,1,1,2025-26,Brooklyn Nets,Sacramento Kings,100.25,34.875,48.25,17.125,36.25,9.75,26.5,23.0,16.5,1.6639599317988065,11.625,35.5,32.699999999999996,24.125,50.125,47.72114130513226,17.125,22.0,78.9125,0.0,10.375,0.6752709779563999,4.125,26.5,0.1633189726939727,16.5,0.0,102.75,112.75,36.75,61.25,14.75,42.875,11.625,31.25,28.625,14.5,2.166953675409558,12.25,31.375,39.412499999999994,30.625,56.5,54.50839192580842,14.75,20.0,72.6375,0.0,5.875,0.4143143621084798,3.375,18.875,0.18155231829573934,14.5,0.0,128.75
105,131,2026-03-30,1,1,2025-26,Memphis Grizzlies,Phoenix Suns,110.5,43.125,50.5,16.875,37.125,8.875,28.25,25.125,13.75,1.9834708769491383,14.375,43.125,33.4125,25.25,47.75,52.61245571309004,16.875,21.0,80.275,0.0,10.5,0.8218526039178213,3.875,21.0,0.1997551239698778,13.75,0.0,118.0,114.125,45.75,51.25,17.125,42.25,12.25,30.0,25.25,11.5,2.83760669155406,15.25,41.75,36.6125,25.625,48.5,53.21096275385641,17.125,23.125,74.975,0.0,8.375,0.8512979345216187,4.75,20.375,0.2386181646571672,11.5,0.0,127.875
113,122,2026-03-30,1,1,2025-26,Utah Jazz,Cleveland Cavaliers,117.625,34.125,64.25,19.25,42.0,11.25,30.75,29.25,15.125,2.171676587301587,11.375,35.5,32.2,32.125,55.75,58.196444502171154,19.25,26.0,72.3125,0.0,9.75,0.7012079831932774,5.25,20.0,0.2670336266657693,15.125,0.0,134.25,124.375,43.125,61.5,19.75,44.625,10.0,34.625,28.875,12.375,2.5352678571428573,14.375,37.875,37.9125,30.75,50.0,61.29688112152273,19.75,25.625,75.575,0.0,7.125,0.596875,3.5,20.75,0.17715299406475876,12.375,0.0,147.5
129,114,2026-03-30,1,1,2025-26,San Antonio Spurs,Chicago Bulls,123.375,42.75,62.75,17.875,51.125,12.875,38.25,31.875,12.625,2.8631805694305696,14.25,38.75,36.175,31.375,53.375,58.79950403814655,17.875,21.625,82.69999999999999,0.0,6.875,0.583189726939727,6.125,16.625,0.3750732183865849,12.625,0.0,156.5,120.625,42.375,58.5,19.75,46.375,10.375,36.0,26.875,16.5,1.685040296152786,14.125,41.125,34.25,29.25,50.75,57.822651282735315,19.75,25.25,78.8375,0.0,7.625,0.45373759486632176,5.625,20.75,0.27998120300751883,16.5,0.0,136.625
114,110,2026-03-30,1,1,2025-26,Oklahoma City Thunder,Detroit Pistons,119.5,38.625,60.5,20.375,47.125,11.75,35.375,25.5,12.25,2.2831176498939656,12.875,35.625,36.037499999999994,30.25,53.75,56.5995494978923,20.375,25.375,81.53750000000001,0.0,9.75,0.9028364179679969,5.25,18.25,0.30802681419457734,12.25,0.0,143.625,118.75,30.0,69.75,19.0,44.625,12.25,32.375,30.125,14.375,2.206497230839336,10.0,27.125,36.8375,34.875,62.25,55.97394229303703,19.0,24.25,78.46249999999999,0.0,9.875,0.7087339195891827,5.625,21.0,0.28373696050326486,14.375,0.0,144.875
120,101,2026-03-30,1,1,2025-26,Los Angeles Lakers,Washington Wizards,119.125,32.625,63.0,23.5,41.0,9.125,31.875,24.375,13.75,1.7694246929541049,10.875,31.125,35.4,31.5,51.25,61.59871675943104,23.5,32.0,73.32499999999999,0.0,9.875,0.7310614630467571,5.5,19.25,0.2923453282828283,13.75,0.0,137.625,112.5,42.75,55.75,14.0,37.625,8.25,29.375,23.625,16.25,1.526851218956482,14.25,36.375,38.3,27.875,51.5,54.438835940890115,14.0,18.375,75.3625,0.0,7.625,0.48102322567783096,4.125,24.0,0.18058448797579232,16.25,0.0,119.125
94,124,2026-03-30,1,1,2025-26,Dallas Mavericks,Minnesota Timberwolves,120.375,36.375,64.0,20.0,41.25,10.5,30.75,29.0,14.75,2.5968711259127195,12.125,32.375,37.325,32.0,59.0,54.59144236988428,20.0,25.875,76.16250000000001,0.0,8.5,0.6175696849365917,4.25,19.0,0.244726966873706,14.75,0.0,135.5,112.0,36.375,56.75,18.875,46.5,12.625,33.875,25.0,17.0,1.519770882712059,12.125,33.875,36.0375,28.375,55.375,51.35146612757742,18.875,24.25,77.3625,0.0,8.875,0.5507855706385119,6.75,19.0,0.35297455333568034,17.0,0.0,128.0
112,102,2026-03-30,1,1,2025-26,Atlanta Hawks,Boston Celtics,122.625,47.25,58.5,16.875,42.875,12.25,30.625,30.5,13.625,2.710833610833611,15.75,42.375,36.725,29.25,50.375,57.967517452753725,16.875,21.0,80.125,0.0,9.25,0.7880189255189255,4.125,18.75,0.22070249152292493,13.625,0.0,143.875,112.75,40.875,51.75,20.125,48.25,12.5,35.75,24.0,13.125,1.920425407925408,13.625,38.75,35.387499999999996,25.875,48.0,54.33092246694391,20.125,23.375,86.0375,0.0,6.375,0.5188707126207126,2.875,19.125,0.15048076923076922,13.125,0.0,130.625
119,109,2026-03-30,1,1,2025-26,Miami Heat,Philadelphia 76ers,118.5,40.875,57.25,20.375,40.25,9.375,30.875,28.375,11.5,2.6206966644466645,13.625,41.625,32.5125,28.625,49.5,58.04972856434868,20.375,24.75,81.76249999999999,0.0,7.375,0.6600087412587412,3.75,20.375,0.18983113120110023,11.5,0.0,133.5,119.0,36.375,64.25,18.375,46.875,11.5,35.375,26.25,12.625,2.2885855463980462,12.125,35.125,32.7875,32.125,58.125,55.14702492420963,18.375,22.875,78.3375,0.0,8.625,0.7305593711843711,7.125,21.25,0.3390853116182064,12.625,0.0,141.75
115,111,2026-03-31,1,1,2025-26,Orlando Magic,Phoenix Suns,112.5,39.0,52.0,21.5,37.625,10.0,27.625,23.75,14.5,1.8333062770562771,13.0,38.75,34.075,26.0,48.5,53.4157337934636,21.5,25.0,85.4875,0.0,6.75,0.5168290043290044,2.125,20.375,0.10581427905512573,14.5,0.0,116.5,116.125,45.375,55.75,15.0,43.875,14.0,29.875,27.625,11.375,3.0724551764025447,15.125,42.125,35.975,27.875,51.75,54.05389038543535,15.0,20.375,72.475,0.0,9.375,0.9469418739155582,4.625,19.625,0.24457054560954816,11.375,0.0,134.0
111,94,2026-03-31,1,1,2025-26,Houston Rockets,New York Knicks,116.625,36.0,63.5,17.125,48.5,15.0,33.5,28.625,16.125,2.0405394850247793,12.0,33.75,35.1375,31.75,56.5,56.694939093849754,17.125,22.125,77.96249999999999,0.0,8.375,0.5833885477267831,5.5,16.5,0.3515681112188465,16.125,0.0,140.0,113.625,37.5,59.5,16.625,44.0,12.625,31.375,26.125,14.0,2.118037518037518,12.5,32.375,38.0875,29.75,54.0,54.766600970683484,16.625,20.0,83.9375,0.0,7.875,0.6170615933773829,3.625,17.5,0.22115981240981242,14.0,0.0,133.75
104,114,2026-03-31,1,1,2025-26,LA Clippers,Portland Trail Blazers,118.75,41.25,59.75,17.75,40.0,9.75,30.25,25.375,13.625,1.9152123917748918,13.75,33.875,40.012499999999996,29.875,51.0,59.26779967381899,17.75,23.0,78.7375,0.0,10.75,0.7949472402597404,5.625,19.125,0.3120438418762554,13.625,0.0,140.375,117.625,40.875,54.75,22.0,48.5,14.125,34.375,27.0,18.0,1.6598474616199075,13.625,38.0,35.887499999999996,27.375,48.875,56.245666019222256,22.0,29.125,76.1375,0.0,7.75,0.43875936112391223,6.5,20.375,0.3413411181210094,18.0,0.0,136.375
127,113,2026-03-31,1,1,2025-26,Los Angeles Lakers,Cleveland Cavaliers,118.25,30.0,63.75,24.5,41.25,9.375,31.875,24.125,13.5,1.783150183150183,10.0,28.875,34.887499999999996,31.875,51.75,61.67447433518862,24.5,32.75,74.9125,0.0,9.5,0.7158653846153846,5.625,18.625,0.3131786616161616,13.5,0.0,138.25,122.375,38.625,62.25,21.5,45.125,10.25,34.875,29.0,12.125,2.5933035714285717,12.875,37.125,34.3375,31.125,50.625,61.170823867131055,21.5,27.375,78.075,0.0,6.75,0.5834821428571428,3.875,20.125,0.20589630957278018,12.125,0.0,145.375
123,99,2026-03-31,1,1,2025-26,Milwaukee Bucks,Dallas Mavericks,107.125,51.75,43.75,11.625,36.5,9.125,27.375,23.875,16.875,1.6724064409065755,17.25,43.5,39.725,21.875,40.375,54.3298430095885,11.625,16.25,72.6625,0.0,8.5,0.5400496883969592,3.125,20.5,0.16069221628045158,16.875,0.0,112.875,119.0,35.625,62.75,20.625,42.875,10.75,32.125,28.25,14.25,2.5942395469653516,11.875,31.875,36.925,31.375,59.75,52.87847940692131,20.625,27.125,74.9375,0.0,8.75,0.6412538954629075,4.25,19.0,0.24472696687370601,14.25,0.0,134.0
86,117,2026-03-31,1,1,2025-26,Brooklyn Nets,Charlotte Hornets,102.625,35.625,50.25,16.75,36.0,9.75,26.25,24.25,16.25,1.7669011082693948,11.875,35.25,33.525,25.125,49.875,50.20384881501368,16.75,21.875,77.57499999999999,0.0,10.375,0.6850748995250274,4.0,26.375,0.15871940559440562,16.25,0.0,107.75,119.125,54.75,47.0,17.375,45.875,12.375,33.5,25.0,15.0,1.7149440836940837,18.25,47.375,38.575,23.5,40.75,57.49765470533046,17.375,22.0,78.875,0.0,6.5,0.4403228715728716,3.75,20.125,0.1927652897283315,15.0,0.0,134.25
127,116,2026-03-31,1,1,2025-26,Detroit Pistons,Toronto Raptors,119.0,32.25,68.25,18.5,45.5,12.5,33.0,31.0,14.75,2.21971838468549,10.75,29.25,36.675,34.125,61.625,55.19318271990457,18.5,24.125,76.65,0.0,10.625,0.744791611896875,6.0,21.25,0.295412784679089,14.75,0.0,145.75,120.75,35.25,68.75,16.75,41.5,10.625,30.875,34.0,14.25,2.5103648802178213,11.75,30.375,38.0625,34.375,58.0,59.77292766511566,16.75,23.375,68.8375,0.0,10.0,0.7623008119331649,5.75,22.125,0.26005434782608694,14.25,0.0,148.875
115,123,2026-04-01,1,1,2025-26,Toronto Raptors,Sacramento Kings,120.375,36.0,68.0,16.375,39.875,9.875,30.0,35.0,14.375,2.564623121976063,12.0,30.5,38.8,34.0,57.625,59.505070522258514,16.375,23.5,67.3125,0.0,10.5,0.7918337789661319,5.5,22.375,0.2458498023715415,14.375,0.0,147.625,110.375,36.0,58.75,15.625,42.25,12.0,30.25,27.625,13.75,2.1693346277905103,12.0,32.0,37.775,29.375,56.125,52.57657374399024,15.625,21.125,73.325,0.0,5.625,0.4190762668703846,3.25,18.625,0.17785666612182632,13.75,0.0,123.125
117,130,2026-04-01,1,1,2025-26,Utah Jazz,Denver Nuggets,117.875,35.25,63.75,18.875,42.0,11.375,30.625,30.5,15.125,2.2550099206349206,11.75,34.625,34.5,31.875,56.875,56.666783485222005,18.875,25.375,72.5625,0.0,9.375,0.6762079831932774,5.0,20.875,0.24427547449185621,15.125,0.0,135.25,126.125,49.125,58.0,19.0,45.5,8.75,36.75,33.5,12.5,2.8253887559808613,16.375,37.875,43.5125,29.0,50.25,57.88113891851606,19.0,24.25,80.275,0.0,5.125,0.4099372484240905,2.875,21.0,0.14498194014447885,12.5,0.0,152.625
101,130,2026-04-01,1,1,2025-26,Orlando Magic,Atlanta Hawks,112.875,37.5,51.75,23.625,38.375,10.125,28.25,24.25,16.25,1.7260335497835497,12.5,37.0,34.3125,25.875,48.25,53.4157337934636,23.625,27.25,86.375,0.0,7.25,0.479556277056277,1.875,21.625,0.0903877817774488,16.25,0.0,117.875,121.125,46.875,58.75,15.5,41.75,11.5,30.25,29.875,13.25,2.734372571872572,15.625,42.125,36.6625,29.375,50.5,58.08107440593332,15.5,19.25,79.8,0.0,9.5,0.8229215229215229,4.5,18.875,0.23766677723721066,13.25,0.0,142.125
119,130,2026-04-01,1,1,2025-26,Memphis Grizzlies,New York Knicks,110.25,42.0,51.0,17.25,36.625,8.375,28.25,24.625,14.375,1.9164418914418917,14.0,42.0,33.5125,25.5,47.5,53.46351954287728,17.25,21.125,81.6625,0.0,9.875,0.7795820725168551,3.875,20.375,0.21310982482457866,14.375,0.0,117.0,112.75,38.25,58.75,15.75,42.5,12.75,29.75,26.375,13.875,2.159704184704185,12.75,33.125,38.1875,29.375,52.875,55.09748332362466,15.75,18.875,83.8125,0.0,8.0,0.632213108528898,3.375,16.75,0.21405753968253968,13.875,0.0,132.125
119,113,2026-04-01,1,1,2025-26,Houston Rockets,Milwaukee Bucks,119.0,39.75,62.0,17.25,47.75,13.875,33.875,30.375,14.375,2.3686644850247793,13.25,34.875,38.1,31.0,55.25,56.76075743522755,17.25,22.25,78.175,0.0,8.0,0.611513547726783,5.875,16.375,0.37485242494433674,14.375,0.0,145.75,105.75,50.625,42.5,12.625,38.875,9.0,29.875,23.5,18.0,1.4362953297954646,16.875,44.75,37.8125,21.25,39.375,54.17252035512627,12.625,17.125,74.2125,0.0,8.125,0.4497719106191815,4.0,20.75,0.20519686024329986,18.0,0.0,111.75
113,127,2026-04-01,1,1,2025-26,Golden State Warriors,San Antonio Spurs,113.125,39.375,54.75,19.0,40.375,11.125,29.25,28.125,19.375,1.5940051982331394,13.125,38.75,33.6875,27.375,45.75,59.69139111084262,19.0,24.625,77.26249999999999,0.0,10.125,0.5484499569058392,3.375,19.375,0.17961081402257872,19.375,0.0,126.125,125.125,43.875,63.5,17.75,51.25,13.0,38.25,32.125,12.5,2.907251082251082,14.625,38.875,37.162499999999994,31.75,53.75,59.07629463410063,17.75,22.0,80.8375,0.0,7.0,0.599215367965368,5.875,15.875,0.3732875041008707,12.5,0.0,158.375
126,145,2026-04-01,1,1,2025-26,Chicago Bulls,Indiana Pacers,121.375,42.75,58.5,20.125,44.75,9.75,35.0,27.25,16.0,1.7888281749406647,14.25,41.5,34.275,29.25,50.125,58.53126806278067,20.125,26.25,76.22500000000001,0.0,7.875,0.49161638274510966,5.625,20.875,0.27767857142857144,16.0,0.0,136.625,122.125,49.5,58.25,14.375,37.125,7.0,30.125,34.0,14.75,2.5222953216374266,16.5,36.375,45.262499999999996,29.125,49.75,58.64801358987377,14.375,17.625,80.5875,0.0,5.875,0.4245614035087719,4.625,19.375,0.2540563725490196,14.75,0.0,145.25
129,147,2026-04-01,1,1,2025-26,Miami Heat,Boston Celtics,118.75,40.5,58.0,20.25,43.375,10.5,32.875,28.25,11.5,2.609333028083028,13.5,41.875,32.0,29.0,49.875,58.34689837566944,20.25,24.875,80.98750000000001,0.0,6.5,0.5804632867132867,3.625,19.5,0.19578351215348117,11.5,0.0,135.125,111.625,41.625,49.75,20.25,47.375,11.375,36.0,22.625,13.125,1.8287587412587412,13.875,37.625,36.85,24.875,48.125,52.0869065094971,20.25,24.25,83.5,0.0,6.125,0.502204045954046,3.25,18.875,0.17409188034188033,13.125,0.0,126.875
131,153,2026-04-01,1,1,2025-26,Washington Wizards,Philadelphia 76ers,110.5,40.5,57.5,12.5,37.25,7.75,29.5,23.75,14.75,1.7312162983215615,13.5,36.5,36.025,28.75,53.25,54.09596760233212,12.5,16.75,74.3875,0.0,8.125,0.592134336788942,4.125,23.625,0.18194812433942867,14.75,0.0,117.25,119.625,39.75,62.5,17.375,46.25,11.625,34.625,26.75,12.125,2.4171569749694752,13.25,36.75,35.2375,31.25,58.25,53.50606908633909,17.375,21.375,79.45000000000002,0.0,7.5,0.6609165140415141,6.5,22.0,0.28936940252729726,12.125,0.0,140.0
127,107,2026-04-02,1,1,2025-26,Charlotte Hornets,Phoenix Suns,121.0,52.5,50.0,18.5,46.875,12.625,34.25,26.25,15.125,1.7966748529248528,17.5,45.5,38.2625,25.0,41.875,59.60102008994585,18.5,23.0,80.075,0.0,6.5,0.4347138972138973,3.0,20.25,0.1559687529317947,15.125,0.0,139.125,116.0,45.75,55.0,15.25,44.625,14.375,30.25,27.375,12.625,2.897455176402545,15.25,42.875,35.7125,27.5,51.625,53.32714619938885,15.25,21.125,71.3375,0.0,9.625,0.9156918739155582,4.375,21.125,0.22269554560954818,12.625,0.0,131.75
139,96,2026-04-02,1,1,2025-26,Oklahoma City Thunder,Los Angeles Lakers,119.25,36.75,60.75,21.75,46.875,10.625,36.25,24.125,13.625,1.9011732054495214,12.25,34.875,35.025,30.375,52.0,58.513571123284684,21.75,27.0,81.2875,0.0,8.875,0.6796221322537112,5.25,19.25,0.29240181419457734,13.625,0.0,141.25,121.625,31.875,64.5,25.25,41.875,8.875,33.0,25.25,13.5,1.8769001831501833,10.625,28.5,37.1875,32.25,52.0,62.11678202749631,25.25,33.25,76.225,0.0,8.875,0.6637820512820513,5.875,18.75,0.32560556220095693,13.5,0.0,144.375
113,108,2026-04-02,1,1,2025-26,Detroit Pistons,Minnesota Timberwolves,118.625,33.0,67.25,18.375,43.5,11.375,32.125,31.25,15.75,2.1180700330371387,11.0,28.75,38.65,33.625,60.0,55.99873827546013,18.375,23.875,76.9375,0.0,10.5,0.7095352016404648,6.125,21.125,0.3020827451533973,15.75,0.0,144.625,111.625,37.125,57.5,17.0,47.25,12.0,35.25,26.0,16.25,1.7109473533002943,12.375,34.0,36.6875,28.75,57.0,50.29377381988511,17.0,22.5,74.63749999999999,0.0,9.125,0.5975770144887792,6.875,20.0,0.3478575942713529,16.25,0.0,129.25
99,118,2026-04-02,1,1,2025-26,LA Clippers,San Antonio Spurs,117.375,40.875,58.75,17.75,39.125,9.25,29.875,24.625,13.625,1.8616409632034632,13.625,34.0,39.4375,29.375,49.25,60.20982865932624,17.75,22.875,79.15,0.0,10.375,0.7681615259740261,6.125,18.125,0.35986992883277713,13.625,0.0,138.625,126.125,45.75,62.5,17.875,50.75,11.875,38.875,33.25,12.5,2.982251082251082,15.25,40.25,37.675000000000004,31.25,52.375,59.719887311446165,17.875,22.125,80.925,0.0,7.375,0.6242153679653679,5.75,15.5,0.3727440258400011,12.5,0.0,160.375
118,106,2026-04-02,1,1,2025-26,Portland Trail Blazers,New Orleans Pelicans,117.625,42.375,53.75,21.5,49.0,15.0,34.0,26.0,17.75,1.6242437464496289,14.125,40.375,34.7625,26.875,47.875,56.36643896608215,21.5,27.75,78.8875,0.0,7.875,0.45153025895672955,6.625,19.375,0.35575288282689177,17.75,0.0,135.875,112.0,34.5,60.25,17.25,41.5,11.0,30.5,26.625,13.125,2.2774026686033264,11.5,32.75,34.862500000000004,30.125,55.75,54.373852279172645,17.25,23.375,75.5,0.0,8.5,0.6635140170502013,6.75,17.875,0.38807435254803674,13.125,0.0,129.25
111,118,2026-04-02,1,1,2025-26,Golden State Warriors,Cleveland Cavaliers,111.625,41.25,52.5,17.875,40.125,10.25,29.875,27.75,19.125,1.6003777472527474,13.75,39.125,35.175,26.25,44.75,58.715153158034376,17.875,23.375,76.9625,0.0,9.25,0.5028617216117216,3.25,20.0,0.17022436713613184,19.125,0.0,123.5,121.5,37.5,62.5,21.5,44.75,10.375,34.375,28.25,11.875,2.575446428571429,12.5,36.875,33.625,31.25,50.75,61.27055790968425,21.5,27.125,78.95,0.0,6.75,0.5890625,3.5,19.875,0.18929229954771754,11.875,0.0,143.375
129,108,2026-04-03,1,1,2025-26,Charlotte Hornets,Indiana Pacers,119.875,52.875,49.0,18.0,46.75,12.75,34.0,25.625,15.0,1.7705759518259518,17.625,46.375,37.7875,24.5,40.625,60.25337699230275,18.0,22.25,80.78750000000001,0.0,6.0,0.4038073038073039,3.125,19.5,0.16728454240547894,15.0,0.0,137.25,124.875,49.125,62.5,13.25,37.25,6.875,30.375,35.875,14.125,2.736111111111111,16.375,37.125,44.225,31.25,51.625,60.71354065540084,13.25,16.0,82.05000000000001,0.0,7.0,0.5166666666666667,4.5,20.25,0.2324654634581105,14.125,0.0,151.5
96,128,2026-04-03,1,1,2025-26,Memphis Grizzlies,Toronto Raptors,109.5,42.0,50.25,17.25,33.125,7.625,25.5,25.25,14.875,1.8825133200133202,14.0,40.375,34.975,25.125,46.375,54.01836648165279,17.25,20.875,82.3125,0.0,9.625,0.7188677868025694,3.25,21.0,0.16966062696361608,14.875,0.0,114.625,117.375,34.125,67.75,15.5,38.5,9.75,28.75,35.0,13.5,2.710456455309396,11.375,29.25,38.3875,33.875,58.0,58.81062607781408,15.5,23.375,64.925,0.0,10.875,0.8524398395721925,5.75,22.125,0.2593073593073593,13.5,0.0,144.125
115,103,2026-04-03,1,1,2025-26,Philadelphia 76ers,Minnesota Timberwolves,125.125,43.5,64.25,17.375,45.0,11.125,33.875,29.25,11.75,2.6858258061383062,14.5,38.0,37.8125,32.125,57.25,55.67620797522798,17.375,21.5,78.725,0.0,7.0,0.6471178127428128,6.25,21.875,0.276942501942502,11.75,0.0,148.125,112.25,36.375,58.5,17.375,46.5,11.625,34.875,26.5,14.875,1.8173759247288659,12.125,35.125,34.875,29.25,57.0,51.430137456248744,17.375,22.875,75.05000000000001,0.0,9.5,0.6440055859173507,7.25,20.125,0.3649628574292476,14.875,0.0,130.875
136,96,2026-04-03,1,1,2025-26,New York Knicks,Chicago Bulls,115.25,39.375,60.25,15.625,43.125,13.25,29.875,28.0,14.375,2.204879623300676,13.125,33.125,39.35,30.125,53.25,56.080874932016265,15.625,19.0,82.7875,0.0,7.75,0.6032657401078454,3.375,17.25,0.203531223893066,14.375,0.0,136.625,120.625,40.875,59.5,20.25,44.625,9.875,34.75,26.25,16.375,1.7057399396465471,13.625,40.375,33.75,29.75,51.75,57.52552093634388,20.25,26.875,74.65,0.0,7.5,0.4629399121568744,5.375,20.625,0.26651785714285714,16.375,0.0,132.625
117,113,2026-04-03,1,1,2025-26,Sacramento Kings,New Orleans Pelicans,111.25,36.375,58.75,16.125,42.0,12.875,29.125,27.125,13.25,2.18917589763178,12.125,31.625,38.5,29.375,57.375,51.279444722890275,16.125,21.25,74.7,0.0,5.375,0.4190762668703846,3.25,19.0,0.1751652785620177,13.25,0.0,123.125,109.125,33.75,58.25,17.125,39.875,11.0,28.875,25.875,13.75,2.1650906385281385,11.25,31.25,35.825,29.125,55.875,52.60814189665898,17.125,22.375,77.5125,0.0,8.75,0.6602245433659908,5.875,18.5,0.32408625730994156,13.75,0.0,123.75
101,133,2026-04-03,1,1,2025-26,Milwaukee Bucks,Boston Celtics,105.375,49.5,43.25,12.625,39.625,10.0,29.625,23.125,18.875,1.2362953297954644,16.5,44.125,37.575,21.625,40.125,54.154722538325125,12.625,17.0,74.7625,0.0,8.125,0.42789691061918145,3.375,20.0,0.17891845115239077,18.875,0.0,110.25,115.0,43.125,53.0,18.875,48.625,11.875,36.75,23.0,12.5,2.024195249195249,14.375,38.125,37.5,26.5,49.625,53.62536804795864,18.875,23.375,80.675,0.0,5.875,0.5091484903984904,3.875,18.375,0.2150582668965022,12.5,0.0,132.5
140,106,2026-04-03,1,1,2025-26,Houston Rockets,Utah Jazz,119.375,42.375,59.25,17.75,48.25,13.875,34.375,30.875,13.875,2.5665811516914454,14.125,36.125,39.162499999999994,29.625,53.5,55.94625649360796,17.75,22.875,77.95,0.0,7.625,0.6167218810601164,6.25,15.375,0.40736158245349424,13.875,0.0,147.5,118.625,34.875,65.0,18.75,41.75,10.75,31.0,31.25,13.625,2.4529265873015875,11.625,34.375,34.387499999999996,32.5,57.375,57.313335209359934,18.75,25.25,72.4125,0.0,9.0,0.6970413165266107,4.875,20.75,0.23982883417565068,13.625,0.0,137.75
127,138,2026-04-03,1,1,2025-26,Dallas Mavericks,Orlando Magic,115.125,33.75,61.0,20.375,43.625,11.375,32.25,26.125,14.375,2.4184153711411756,11.25,32.625,34.15,30.5,60.125,51.08023379288622,20.375,27.25,73.66250000000001,0.0,8.625,0.6233967526057645,4.125,18.75,0.24128085158548546,14.375,0.0,125.375,112.0,33.375,54.0,24.625,37.875,9.875,28.0,25.25,17.125,1.6980730234677603,11.125,34.75,32.4125,27.0,49.875,54.074994590805794,24.625,28.625,85.825,0.0,7.125,0.4422755753018911,2.25,22.25,0.10327155370727337,17.125,0.0,116.875
107,141,2026-04-03,1,1,2025-26,Brooklyn Nets,Atlanta Hawks,101.5,34.875,49.5,17.125,34.25,8.25,26.0,23.625,16.125,1.7365702259164535,11.625,35.375,32.7125,24.75,48.125,51.342512782625015,17.125,21.625,79.6,0.0,9.875,0.6588800465838509,3.75,25.75,0.15515580910317753,16.125,0.0,105.25,120.5,47.25,56.5,16.75,42.875,11.375,31.5,28.75,14.0,2.523811074546369,15.75,42.375,36.725,28.25,49.0,57.70454794731731,16.75,20.875,79.7,0.0,10.125,0.819579276932218,4.875,19.875,0.24567170334558505,14.0,0.0,141.625
136,134,2026-04-04,1,1,2025-26,Denver Nuggets,San Antonio Spurs,126.875,49.125,58.25,19.5,45.5,9.125,36.375,32.875,12.5,2.7807458988380045,16.375,38.625,42.575,29.125,50.125,58.2439836209834,19.5,24.25,81.8875,0.0,5.625,0.44565153413837627,3.125,21.25,0.1571347179222566,12.5,0.0,153.5,124.375,40.875,65.5,18.0,50.5,12.5,38.0,31.875,13.75,2.362459415584415,13.625,38.0,36.1375,32.75,54.0,60.861234998846484,18.0,22.25,81.0625,0.0,7.625,0.5747362012987013,5.375,16.75,0.3278306059265812,13.75,0.0,156.125
152,136,2026-04-04,1,1,2025-26,Miami Heat,Washington Wizards,121.625,46.875,55.75,19.0,42.625,10.5,32.125,28.375,10.75,2.767666361416362,15.625,43.25,35.9625,27.875,49.25,56.71560906749334,19.0,23.5,80.3,0.0,6.625,0.6165743978243978,3.75,18.75,0.20998805760802663,10.75,0.0,138.75,112.25,40.5,59.25,12.5,36.875,7.75,29.125,25.25,14.5,1.8859782030834662,13.5,36.875,35.625,29.625,54.0,54.93525331661783,12.5,16.5,75.55,0.0,7.75,0.5713010034556087,3.875,22.5,0.18155992558166473,14.5,0.0,119.75
93,116,2026-04-04,1,1,2025-26,Philadelphia 76ers,Detroit Pistons,127.5,43.5,65.25,18.75,46.375,11.125,35.25,28.875,12.125,2.608301767676768,14.5,36.125,39.3875,32.625,57.625,56.21529153317947,18.75,23.125,78.6,0.0,7.125,0.6441130050505051,6.5,20.625,0.3226155788655789,12.125,0.0,153.25,118.125,33.375,66.25,18.5,42.5,10.375,32.125,30.875,16.375,1.959736699703805,11.125,27.875,40.3375,33.125,59.5,55.61968117998512,18.5,24.25,76.375,0.0,10.0,0.6303685349737981,6.0,21.75,0.2767068053037733,16.375,0.0,142.25
108,122,2026-04-05,1,1,2025-26,Minnesota Timberwolves,Charlotte Hornets,110.625,38.25,56.0,16.375,45.75,11.375,34.375,25.625,14.125,1.8416814802844215,12.75,37.0,34.9375,28.0,57.25,49.01326553506649,16.375,21.75,74.125,0.0,9.5,0.6717833636951284,6.375,20.25,0.3200223812387714,14.125,0.0,124.875,119.75,53.625,49.5,16.625,47.625,13.0,34.625,26.0,13.5,1.9989850427350428,17.875,46.75,37.9375,24.75,42.25,58.75149964561939,16.625,20.75,80.5125,0.0,5.875,0.45267094017094023,3.75,18.75,0.20547898684992338,13.5,0.0,139.0
146,111,2026-04-05,1,1,2025-26,Oklahoma City Thunder,Utah Jazz,122.5,40.5,62.0,20.0,46.5,10.875,35.625,25.75,13.375,2.103256538782855,13.5,36.5,36.8,31.0,51.875,59.661112106891245,20.0,25.25,79.7875,0.0,9.375,0.7462887989203778,5.5,19.5,0.30368653641679955,13.375,0.0,147.125,115.875,30.0,67.0,18.875,41.5,11.375,30.125,29.75,13.125,2.4144650488400488,10.0,31.75,32.012499999999996,33.5,60.875,55.05105171695979,18.875,25.5,72.1875,0.0,8.625,0.6908195970695972,5.125,21.125,0.24974946909628562,13.125,0.0,132.0
109,138,2026-04-05,1,1,2025-26,Sacramento Kings,LA Clippers,112.875,34.875,61.0,17.0,42.625,13.625,29.0,26.75,14.125,1.9308425642984466,11.625,31.25,37.425,30.5,57.375,53.25312893341658,17.0,22.125,76.3875,0.0,5.75,0.41490960020371787,3.75,19.25,0.20418313570487484,14.125,0.0,126.0,116.125,39.375,58.5,18.25,39.375,8.75,30.625,24.125,12.875,1.9241409632034632,13.125,33.5,38.125,29.25,50.375,58.94387969600885,18.25,23.5,79.2625,0.0,10.125,0.7900365259740261,6.25,18.25,0.36599737981316927,12.875,0.0,136.375
121,115,2026-04-05,1,1,2025-26,Brooklyn Nets,Washington Wizards,103.375,35.25,51.75,16.375,33.25,7.25,26.0,24.5,15.75,1.7941789215686275,11.75,34.5,34.15,25.875,49.0,52.84652347781218,16.375,20.25,80.95,0.0,10.125,0.6779017857142857,3.75,25.75,0.15515580910317753,15.75,0.0,109.5,117.375,41.25,62.25,13.875,38.0,9.125,28.875,26.25,13.25,2.1432881446039342,13.75,37.125,36.0,31.125,56.75,55.21934422570874,13.875,18.0,77.1125,0.0,8.875,0.7182308280170122,3.25,23.0,0.1470361160578552,13.25,0.0,127.375
131,115,2026-04-05,1,1,2025-26,Milwaukee Bucks,Memphis Grizzlies,106.0,51.75,42.5,11.75,39.0,10.0,29.0,23.625,18.0,1.3420645605646953,17.25,44.5,38.9,21.25,40.375,52.76583364943623,11.75,15.75,75.1375,0.0,7.625,0.4197238336961045,3.625,20.375,0.18883908607302569,18.0,0.0,111.5,107.5,40.875,49.0,17.625,33.5,8.375,25.125,24.0,16.25,1.6366799866799868,13.625,40.25,34.175,24.5,45.875,53.2576044826424,17.625,22.0,80.1875,0.0,9.5,0.6591455645803471,3.25,22.0,0.16545305333107752,16.25,0.0,109.125
108,112,2026-04-05,1,1,2025-26,New Orleans Pelicans,Orlando Magic,107.75,33.0,57.75,17.0,39.375,10.25,29.125,24.875,13.0,2.1853335535078955,11.0,30.875,35.575,28.875,56.375,51.49944624448507,17.0,22.375,76.925,0.0,8.75,0.6966617903295536,5.5,19.0,0.2913481620718463,13.0,0.0,120.5,115.375,33.375,56.0,26.0,39.375,9.25,30.125,26.625,17.5,1.7411402503585167,11.125,32.75,34.975,28.0,50.75,55.05961257593088,26.0,30.625,84.65,0.0,7.0,0.41759070135231124,1.875,22.5,0.08653242327249075,17.5,0.0,123.75
134,128,2026-04-05,1,1,2025-26,Dallas Mavericks,Los Angeles Lakers,117.125,33.75,61.0,22.375,42.375,11.125,31.25,25.875,14.5,2.377549986525791,11.25,33.0,33.825,30.5,58.625,52.386474721768664,22.375,29.375,75.7,0.0,8.5,0.6057685474775595,4.375,19.0,0.25027706370669756,14.5,0.0,126.875,118.125,28.875,63.5,25.75,42.375,9.25,33.125,24.0,14.0,1.747931929181929,9.625,28.25,34.237500000000004,31.75,52.625,60.19771894771894,25.75,33.25,78.07499999999999,0.0,9.125,0.6657661782661783,5.5,17.5,0.3381055622009569,14.0,0.0,138.125
110,120,2026-04-05,1,1,2025-26,Chicago Bulls,Phoenix Suns,119.0,41.625,57.75,19.625,44.625,9.875,34.75,26.25,16.0,1.735345202804442,13.875,40.875,34.050000000000004,28.875,50.75,56.871334140852746,19.625,26.625,72.9375,0.0,6.375,0.4086635963674007,5.375,20.5,0.26697075569358175,16.0,0.0,129.75,116.375,46.875,55.5,14.0,43.5,13.375,30.125,27.0,12.375,2.9034075573549254,15.625,43.125,36.45,27.75,50.625,54.57714619938885,14.0,19.5,70.85000000000001,0.0,8.5,0.8412871120107962,4.75,20.875,0.24158788515406163,12.375,0.0,131.875
117,108,2026-04-05,1,1,2025-26,Cleveland Cavaliers,Indiana Pacers,120.875,39.0,61.5,20.375,44.75,10.375,34.375,28.375,12.875,2.326636904761905,13.0,36.875,35.0125,30.75,50.25,60.8357753009886,20.375,26.125,77.675,0.0,7.25,0.5938244047619048,3.125,19.125,0.17322087097628897,12.875,0.0,142.375,124.625,48.375,62.75,13.5,38.375,7.25,31.125,35.625,13.375,2.8229166666666665,16.125,36.875,43.849999999999994,31.375,52.875,59.673040468764036,13.5,16.375,81.875,0.0,6.75,0.5201388888888888,3.75,20.625,0.1810765745692216,13.375,0.0,150.625
115,101,2026-04-05,1,1,2025-26,Boston Celtics,Toronto Raptors,116.625,44.25,53.75,18.625,48.5,11.25,37.25,24.375,11.625,2.3106535825285826,14.75,37.875,38.75,26.875,49.5,54.48258865753774,18.625,23.375,79.3625,0.0,5.25,0.5126207126207126,4.25,17.5,0.24726980535804066,11.625,0.0,136.875,119.0,33.75,68.0,17.25,39.875,10.5,29.375,34.875,14.25,2.5526439553093963,11.25,28.375,39.0375,34.0,58.625,58.375020017208016,17.25,25.625,65.1375,0.0,11.125,0.8305648395721925,6.0,21.75,0.2741883116883117,14.25,0.0,146.5
116,117,2026-04-05,1,1,2025-26,Golden State Warriors,Houston Rockets,113.125,42.0,53.25,17.875,41.0,10.0,31.0,27.625,18.875,1.628651556776557,14.0,39.25,35.675,26.625,45.125,59.050259541013105,17.875,22.875,78.7375,0.0,9.125,0.5103021978021978,3.5,20.375,0.17941554360672007,18.875,0.0,126.75,122.25,42.75,61.25,18.25,47.625,13.625,34.0,30.5,12.75,2.701240242600537,14.25,36.375,39.1875,30.625,54.375,56.8424829087023,18.25,23.125,79.05,0.0,7.25,0.6388809719692072,6.25,16.0,0.3940068815987934,12.75,0.0,150.375
105,108,2026-04-06,1,1,2025-26,Atlanta Hawks,New York Knicks,126.25,51.375,57.5,17.375,43.375,11.25,32.125,30.5,13.375,2.7171871429224366,17.125,42.875,39.925000000000004,28.75,49.125,58.55258716300358,17.375,21.75,79.3,0.0,9.875,0.8350707299236712,4.875,19.5,0.2546002747741565,13.375,0.0,151.0,115.25,38.25,59.5,17.5,43.75,12.5,31.25,27.0,14.375,2.093768512189565,12.75,32.875,38.675,29.75,52.375,56.38644859564077,17.5,20.875,84.3375,0.0,7.5,0.5754879623300676,3.375,18.375,0.19013836675020884,14.375,0.0,136.375
137,132,2026-04-06,1,1,2025-26,Denver Nuggets,Portland Trail Blazers,129.125,51.375,58.0,19.75,45.25,9.25,36.0,32.875,10.875,3.2653950216450216,17.125,39.875,43.224999999999994,29.0,50.25,57.886239513239296,19.75,24.25,83.02499999999999,0.0,5.5,0.5103445165945166,3.25,21.0,0.16518396034649907,10.875,0.0,156.625,116.5,43.875,52.0,20.625,48.125,14.0,34.125,25.375,18.125,1.5274889387573212,14.625,41.0,35.3125,26.0,46.125,56.4828469483438,20.625,26.75,78.51249999999999,0.0,8.625,0.4893908358798065,6.625,19.5,0.35253597106218587,18.125,0.0,134.5
123,107,2026-04-06,1,1,2025-26,Orlando Magic,Detroit Pistons,116.375,31.875,58.0,26.5,41.25,9.75,31.5,26.625,16.875,1.8132556349739013,10.625,32.25,33.9125,29.0,52.5,55.14113431506132,26.5,32.25,81.91250000000001,0.0,6.625,0.41278300904461895,2.25,22.0,0.10444707705670975,16.875,0.0,125.375,118.25,35.625,64.25,18.375,43.75,11.25,32.5,31.375,16.0,2.0618200330371383,11.875,28.75,42.275,32.125,58.75,54.707034504626584,18.375,23.625,77.64999999999999,0.0,9.5,0.6220352016404648,6.0,21.125,0.2850401386371066,16.0,0.0,144.125
115,102,2026-04-06,1,1,2025-26,San Antonio Spurs,Philadelphia 76ers,128.5,42.75,67.25,18.5,51.5,12.875,38.625,32.625,13.375,2.486647727272727,14.25,39.375,36.625,33.625,54.875,61.62654112129546,18.5,22.75,81.225,0.0,7.5,0.5779829545454546,5.5,17.125,0.329026778175385,13.375,0.0,161.625,121.75,40.125,63.5,18.125,44.375,10.25,34.125,27.0,12.875,2.30552398989899,13.375,35.25,36.9375,31.75,55.625,56.52589759378552,18.125,22.5,78.05,0.0,7.125,0.5996685606060607,5.875,20.0,0.29754873394579273,12.875,0.0,143.125
126,142,2026-04-06,1,1,2025-26,Memphis Grizzlies,Cleveland Cavaliers,109.25,41.25,49.5,18.5,34.0,9.125,24.875,24.625,16.375,1.6675865800865801,13.75,40.25,34.45,24.75,46.625,53.02662622177284,18.5,23.125,80.15,0.0,9.875,0.6790631469979296,3.25,22.125,0.16515543428345847,16.375,0.0,111.625,121.125,39.75,61.75,19.625,43.75,9.5,34.25,28.375,12.125,2.448511904761905,13.25,37.625,35.0,30.875,49.625,61.8357753009886,19.625,24.625,79.07499999999999,0.0,6.875,0.6078869047619048,3.25,19.5,0.17395616509393602,12.125,0.0,143.125
105,119,2026-04-07,1,1,2025-26,Phoenix Suns,Houston Rockets,118.875,47.625,56.75,14.5,42.75,13.5,29.25,26.375,13.0,2.7684643755367437,15.875,42.625,37.699999999999996,28.375,50.875,55.45832642267433,14.5,20.125,70.95,0.0,8.625,0.8171393847380689,5.125,21.0,0.25782165138782787,13.0,0.0,133.875,121.5,41.625,61.75,18.125,46.875,13.0,33.875,30.125,12.875,2.6517896931499876,13.875,35.625,39.075,30.875,54.375,57.332678987133676,18.125,22.875,79.45,0.0,7.125,0.6265183346065699,6.75,16.0,0.4252568815987934,12.875,0.0,149.5
98,129,2026-04-07,1,1,2025-26,Washington Wizards,Chicago Bulls,117.875,38.625,64.75,14.5,38.875,9.375,29.5,25.25,14.25,2.0186504634445135,12.875,35.375,35.375,32.375,57.0,57.311580692945206,14.5,19.25,76.125,0.0,9.0,0.7004772048286064,3.25,22.0,0.1534463724681116,14.25,0.0,128.125,119.0,39.75,58.75,20.5,44.5,10.125,34.375,26.125,16.375,1.6954603343833894,13.25,40.25,32.9875,29.375,51.0,57.57325721777582,20.5,27.375,74.63749999999999,0.0,6.25,0.3885155700516112,4.75,20.375,0.24138198757763973,16.375,0.0,128.75
121,95,2026-04-07,1,1,2025-26,Toronto Raptors,Miami Heat,119.375,33.375,69.0,17.0,40.0,10.375,29.625,35.25,13.625,2.6359772886427297,11.125,27.375,40.025,34.5,60.75,57.17821150656972,17.0,25.125,65.6375,0.0,10.75,0.8243148395721924,5.375,21.5,0.24293831168831168,13.625,0.0,146.5,124.875,48.75,56.0,20.125,43.625,10.25,33.375,29.75,11.25,2.765393634143634,16.25,43.375,37.4625,28.0,49.0,57.24470959659387,20.125,25.0,80.0,0.0,6.875,0.6211198523698523,4.875,17.625,0.28125502593381846,11.25,0.0,145.75
96,90,2026-04-07,1,1,2025-26,Brooklyn Nets,Milwaukee Bucks,107.0,35.625,53.75,17.625,32.625,7.5,25.125,24.625,15.25,1.8903910427807487,11.875,34.75,34.2375,26.875,49.0,54.92985681114551,17.625,21.875,79.325,0.0,10.5,0.7362351190476191,4.125,24.625,0.18758062113325272,15.25,0.0,114.375,108.875,51.75,45.25,11.875,39.25,10.375,28.875,24.875,18.375,1.3825057370352833,17.25,43.625,40.025,22.625,41.875,53.72737211097469,11.875,16.125,74.6125,0.0,8.25,0.444356186637281,3.75,20.625,0.19232205820924858,18.375,0.0,116.75
104,124,2026-04-07,1,1,2025-26,Indiana Pacers,Minnesota Timberwolves,123.25,50.25,58.25,14.75,38.875,7.5,31.375,35.125,13.125,2.8395833333333336,16.75,39.0,43.125,29.125,50.125,57.794320230668795,14.75,17.875,81.625,0.0,6.5,0.5138888888888888,3.0,19.5,0.15295157456922162,13.125,0.0,147.25,105.75,36.75,53.5,15.5,44.875,11.5,33.375,23.75,14.25,1.7215834410687352,12.25,36.875,33.762499999999996,26.75,55.75,48.22379185085595,15.5,20.875,73.5,0.0,8.625,0.6170448016036252,6.25,19.625,0.3206262459730709,14.25,0.0,116.0
116,103,2026-04-07,1,1,2025-26,LA Clippers,Dallas Mavericks,121.0,43.125,59.5,18.375,39.125,8.875,30.25,25.375,12.75,2.017890963203463,14.375,34.625,40.3125,29.75,51.25,58.949450105991026,18.375,22.125,83.7375,0.0,10.625,0.8290990259740261,6.125,18.125,0.3603426179084073,12.75,0.0,144.0,118.875,34.875,61.25,22.75,41.75,10.75,31.0,26.0,13.0,2.688640212089701,11.625,33.5,34.3875,30.625,58.375,52.848297381867184,22.75,30.25,74.65,0.0,8.875,0.7495655399587624,4.25,20.25,0.21618615461578847,13.0,0.0,129.625
87,123,2026-04-07,1,1,2025-26,Los Angeles Lakers,Oklahoma City Thunder,117.375,26.625,66.0,24.75,42.625,9.0,33.625,25.625,13.875,1.901778083028083,8.875,27.625,32.4625,33.0,54.5,60.416947264045476,24.75,31.75,78.475,0.0,8.875,0.6513431013431014,5.25,17.875,0.3247903448096526,13.875,0.0,138.625,125.625,44.25,61.75,19.625,46.625,10.75,35.875,27.5,13.0,2.244703907203907,14.75,37.75,38.4625,30.875,51.5,59.889835511146565,19.625,24.5,81.0625,0.0,8.375,0.703525641025641,5.875,18.625,0.34935961333987653,13.0,0.0,152.5
110,105,2026-04-07,1,1,2025-26,Golden State Warriors,Sacramento Kings,115.0,42.75,54.5,17.75,40.125,9.5,30.625,29.0,16.875,1.9430746336996336,14.25,40.125,35.5,27.25,45.25,60.31875848393065,17.75,22.125,80.85000000000001,0.0,9.25,0.5689560439560439,3.125,20.625,0.1550347386531597,16.875,0.0,131.375,111.75,33.75,62.25,15.75,42.75,13.375,29.375,26.625,14.875,1.8549497071555894,11.25,31.25,36.25,31.125,56.875,54.94544935711734,15.75,21.0,74.0125,0.0,6.5,0.4443738859180036,4.0,19.375,0.21514804798557657,14.875,0.0,125.75
156,137,2026-04-07,1,1,2025-26,New Orleans Pelicans,Utah Jazz,108.125,31.875,58.0,18.25,40.25,10.375,29.875,24.5,12.875,2.171271053507896,10.625,30.5,34.8375,29.0,57.5,50.57749084139759,18.25,24.125,76.425,0.0,8.25,0.6690576236628868,6.25,20.0,0.3152273043720412,12.875,0.0,120.25,115.25,31.875,66.75,16.625,42.0,11.75,30.25,29.75,14.125,2.1879025488400488,10.625,31.625,33.6875,33.375,61.5,54.2972460963509,16.625,23.5,69.6625,0.0,9.0,0.6517570970695972,4.5,19.625,0.23859562294243947,14.125,0.0,130.375
113,102,2026-04-07,1,1,2025-26,Boston Celtics,Charlotte Hornets,116.375,43.125,56.25,17.0,46.875,10.5,36.375,25.125,12.25,2.3015723859473862,14.375,36.125,39.05,28.125,51.125,54.89482270009093,17.0,21.625,78.6875,0.0,6.0,0.5436036186036186,4.375,17.375,0.2545066474633038,12.25,0.0,137.125,119.5,54.0,49.25,16.25,47.25,13.375,33.875,26.75,13.125,2.083707264957265,18.0,47.0,37.975,24.625,42.875,57.630678976926376,16.25,19.625,83.0125,0.0,6.0,0.4707264957264957,3.5,19.125,0.188567222144041,13.125,0.0,139.25
122,116,2026-04-08,1,1,2025-26,Cleveland Cavaliers,Atlanta Hawks,125.0,39.75,64.25,21.0,42.875,9.375,33.5,29.625,12.0,2.562522893772894,13.25,36.75,35.8375,32.125,50.625,62.9546439010602,21.0,26.5,79.3375,0.0,7.625,0.6697000915750916,3.375,18.75,0.20136258220623546,12.0,0.0,149.0,123.625,52.5,54.25,16.875,44.25,12.5,31.75,29.875,13.0,2.7144093651446592,17.5,43.125,40.625,27.125,49.625,54.812694979715175,16.875,21.375,78.2375,0.0,9.5,0.82395961881256,4.875,19.625,0.2529662878460519,13.0,0.0,146.5
136,119,2026-04-08,1,1,2025-26,Denver Nuggets,Memphis Grizzlies,131.125,50.625,60.5,20.0,46.125,10.25,35.875,34.25,11.125,3.3258116883116884,16.875,40.875,41.3375,30.25,51.75,58.469806273276646,20.0,24.125,84.46249999999999,0.0,6.125,0.5520111832611833,3.625,21.75,0.1767224218849606,11.125,0.0,160.5,111.625,46.875,48.25,16.5,33.625,9.375,24.25,26.125,15.125,1.866583235604975,15.625,42.25,36.525,24.125,46.0,52.17841193605855,16.5,21.125,77.8375,0.0,9.625,0.697457795827361,3.25,23.0,0.158673952801977,15.125,0.0,116.0
110,128,2026-04-08,1,1,2025-26,LA Clippers,Oklahoma City Thunder,118.25,40.5,58.75,19.0,41.125,9.625,31.5,24.125,13.125,1.8658076298701298,13.5,34.0,38.787499999999994,29.375,52.125,57.27331374235467,19.0,23.375,82.25,0.0,10.375,0.7957656926406927,6.0,17.625,0.3660244360902255,13.125,0.0,139.125,124.5,48.0,58.0,18.5,45.5,9.875,35.625,27.25,12.875,2.2487103174603176,16.0,39.125,40.275,29.0,49.625,58.401740273051324,18.5,22.5,83.025,0.0,9.5,0.8020833333333333,5.375,19.25,0.3143893752446384,12.875,0.0,151.5
132,120,2026-04-08,1,1,2025-26,Orlando Magic,Minnesota Timberwolves,116.0,31.5,56.5,28.0,41.125,9.375,31.75,26.5,17.375,1.71704351376178,10.5,31.25,34.7875,28.25,51.875,54.459316133243135,28.0,34.25,81.91250000000001,0.0,8.0,0.4892981605597705,3.25,22.125,0.15671315892805476,17.375,0.0,126.875,108.25,39.75,54.0,14.5,44.375,11.0,33.375,24.5,15.125,1.6884103641456583,13.25,38.5,34.9375,27.0,53.875,50.418732327046435,14.5,19.25,75.3125,0.0,9.25,0.6112755708343943,6.125,20.0,0.3104587818582384,15.125,0.0,120.5
112,107,2026-04-08,1,1,2025-26,Phoenix Suns,Dallas Mavericks,118.875,44.625,56.75,17.5,42.25,13.25,29.0,24.875,14.125,2.5296485860630598,14.875,41.625,35.7125,28.375,50.125,56.310599149947066,17.5,22.75,74.9,0.0,9.0,0.7954288584222795,5.5,20.875,0.27776212757830404,14.125,0.0,132.625,115.375,32.25,59.75,23.375,42.625,10.5,32.125,25.125,12.75,2.6545493029987917,10.75,33.375,31.887500000000003,29.875,58.25,51.824921613649444,23.375,30.125,77.21249999999999,0.0,9.375,0.8177473581405807,4.375,20.75,0.2130611546157885,12.75,0.0,126.375
112,101,2026-04-08,1,1,2025-26,San Antonio Spurs,Portland Trail Blazers,126.125,42.0,65.5,18.625,51.25,12.375,38.875,32.375,13.25,2.4951704545454545,14.0,39.125,36.15,32.75,54.125,60.92687529005068,18.625,23.375,79.28750000000001,0.0,7.875,0.6168087121212122,5.375,17.625,0.31672700700833695,13.25,0.0,158.5,119.5,49.875,48.75,20.875,46.625,13.125,33.5,25.875,18.25,1.5450542982344453,16.625,42.875,38.2875,24.375,43.875,55.40790837340522,20.875,27.25,77.83749999999999,0.0,8.625,0.4861228620235973,6.5,19.75,0.3444867286379435,18.25,0.0,136.75
137,111,2026-04-08,1,1,2025-26,Detroit Pistons,Milwaukee Bucks,117.5,35.25,65.0,17.25,43.5,10.875,32.625,31.5,17.25,1.9000234962406015,11.75,29.25,41.15,32.5,57.875,56.132987583805466,17.25,23.0,74.73750000000001,0.0,10.0,0.6133771929824561,6.375,21.25,0.2997593415356573,17.25,0.0,143.0,108.125,51.375,45.0,11.75,40.0,10.125,29.875,24.375,18.0,1.3811470413831095,17.125,44.125,39.3125,22.5,41.0,54.56716539262844,11.75,16.0,74.0875,0.0,8.25,0.4492474909851071,4.375,21.0,0.22136617585630744,18.0,0.0,117.375
108,119,2026-04-09,1,1,2025-26,Washington Wizards,Chicago Bulls,116.0,36.0,65.0,15.0,41.125,9.375,31.75,24.875,15.125,1.9353171301111805,12.0,34.25,34.199999999999996,32.5,57.75,56.641937835802345,15.0,20.25,75.2125,0.0,8.5,0.6459317502831519,3.625,21.875,0.17449900404705895,15.125,0.0,126.25,118.625,38.25,60.0,20.375,45.375,10.375,35.0,26.75,16.0,1.7976237959218508,12.75,41.125,30.9,30.0,50.625,59.23142048308194,20.375,27.25,74.5625,0.0,7.0,0.4606309546669958,5.125,20.5,0.2573451910408432,16.0,0.0,131.0
128,114,2026-04-09,1,1,2025-26,Toronto Raptors,Miami Heat,116.625,30.375,69.75,16.5,42.625,11.5,31.125,33.375,13.0,2.629849837662338,10.125,26.25,38.625,34.875,63.25,55.35896268027864,16.5,23.625,67.5375,0.0,10.375,0.8298295454545455,4.75,20.125,0.23416638186375027,13.0,0.0,143.125,121.5,47.25,53.5,20.75,44.0,10.125,33.875,29.125,12.0,2.5515047452547455,15.75,43.75,36.0,26.75,48.5,55.231776763886316,20.75,25.375,81.8125,0.0,6.5,0.562786519036519,5.125,17.125,0.29967607856539746,12.0,0.0,139.875
112,106,2026-04-09,1,1,2025-26,New York Knicks,Boston Celtics,117.125,39.375,61.5,16.25,43.125,12.375,30.75,27.875,13.75,2.182003806307212,13.125,33.375,39.3875,30.75,52.875,57.8674665347313,16.25,19.0,84.9125,0.0,7.375,0.584846251100121,3.625,18.25,0.21097170008354219,13.75,0.0,140.25,119.0,46.125,56.5,16.375,45.875,10.5,35.375,25.75,12.625,2.304819139194139,15.375,37.25,40.7,28.25,49.0,57.07672234166799,16.375,20.875,78.6875,0.0,5.625,0.4949023199023199,4.375,17.375,0.2545066474633038,12.625,0.0,140.875
103,119,2026-04-09,1,1,2025-26,Golden State Warriors,Los Angeles Lakers,115.0,43.5,53.0,18.5,41.375,10.125,31.25,29.5,16.375,2.0046992835595776,14.5,39.625,36.625,26.5,45.75,57.87557666574884,18.5,23.0,81.1875,0.0,9.375,0.5889140271493212,3.5,19.875,0.18479664341506447,16.375,0.0,133.5,115.125,27.0,64.0,24.125,42.0,8.25,33.75,26.5,14.5,1.8950378869496516,9.0,26.875,33.6625,32.0,53.5,59.48851399518668,24.125,32.0,75.9375,0.0,8.375,0.588230356245062,4.875,16.875,0.3185403448096526,14.5,0.0,135.125
113,102,2026-04-09,1,1,2025-26,Houston Rockets,Philadelphia 76ers,120.875,42.75,60.0,18.125,48.625,15.0,33.625,30.0,13.125,2.624312912964229,14.25,35.25,40.324999999999996,30.0,55.75,54.2689534969376,18.125,21.875,83.3625,0.0,7.125,0.6203263841421736,6.25,17.5,0.38914577048768223,13.125,0.0,149.25,118.75,41.625,59.5,17.625,43.375,10.375,33.0,25.75,12.375,2.2716698232323234,13.875,35.75,38.2,29.75,54.625,54.09674779621468,17.625,22.125,77.4625,0.0,7.5,0.6413352272727273,5.5,19.375,0.28884910024615906,12.375,0.0,137.25
94,123,2026-04-09,1,1,2025-26,Brooklyn Nets,Indiana Pacers,103.75,33.75,51.75,18.25,33.5,7.0,26.5,23.125,16.125,1.5153910427807487,11.25,33.875,33.2625,25.875,48.25,53.77957851801008,18.25,22.25,80.73750000000001,0.0,11.0,0.7094494047619048,4.125,23.0,0.20681139036402194,16.125,0.0,110.375,121.375,47.625,57.75,16.0,39.875,7.625,32.25,33.375,14.75,2.495018115942029,15.875,37.875,41.737500000000004,28.875,49.75,57.70921384769007,16.0,19.375,81.8375,0.0,7.25,0.5111714975845411,2.875,19.75,0.14290693171207877,14.75,0.0,143.75
116,97,2026-04-10,1,1,2025-26,Portland Trail Blazers,LA Clippers,118.125,48.375,49.75,20.0,46.375,12.75,33.625,25.25,18.875,1.395906570961718,16.125,41.25,38.3375,24.875,45.0,55.18944332781251,20.0,26.5,74.71249999999999,0.0,9.125,0.49961718020541546,7.125,19.625,0.3861533953046101,18.875,0.0,135.375,115.875,39.375,57.75,18.75,41.375,10.375,31.0,23.75,13.25,1.8129230144855146,13.125,33.25,38.675,28.875,53.5,54.57090202831505,18.75,24.125,78.08749999999999,0.0,9.875,0.7468874875124876,5.625,17.625,0.34519110275689224,13.25,0.0,133.125
117,140,2026-04-10,1,1,2025-26,Washington Wizards,Miami Heat,112.875,34.875,62.25,15.75,40.625,10.25,30.375,24.5,15.125,1.9155802880059172,11.625,35.0,32.4125,31.125,57.25,54.81351736861659,15.75,20.625,77.0625,0.0,8.5,0.6459317502831519,4.125,20.875,0.2108237903718453,15.125,0.0,121.125,121.875,46.5,56.0,19.375,43.5,10.0,33.5,29.875,12.375,2.5410880785880785,15.5,41.625,37.15,28.0,49.0,57.34706622454936,19.375,24.625,77.075,0.0,5.25,0.456536519036519,4.5,17.875,0.262044499618029,12.375,0.0,140.25
100,118,2026-04-10,1,1,2025-26,Charlotte Hornets,Detroit Pistons,115.5,50.25,49.25,16.0,45.125,13.625,31.5,25.75,12.875,2.0478098290598292,16.75,46.25,36.150000000000006,24.625,42.875,57.63067897692638,16.0,19.25,83.25,0.0,5.75,0.46047008547008556,3.25,19.125,0.17294222214404104,12.875,0.0,131.5,118.5,37.125,62.75,18.625,43.875,11.0,32.875,32.125,17.0,2.001213972431078,12.375,28.875,43.574999999999996,31.375,56.0,56.21350288171207,18.625,24.375,75.4625,0.0,9.625,0.599984335839599,7.0,21.375,0.32803315105946684,17.0,0.0,147.25
147,101,2026-04-10,1,1,2025-26,Utah Jazz,Memphis Grizzlies,116.5,30.75,71.0,14.75,42.25,11.875,30.375,31.375,13.875,2.3111664377289376,10.25,31.125,33.0875,35.5,64.625,54.8476302571074,14.75,21.125,70.1375,0.0,9.375,0.6830070970695972,3.875,19.5,0.2060663831763576,13.875,0.0,133.125,114.25,48.0,49.5,16.75,34.25,10.25,24.0,25.875,14.375,2.0957499022716415,16.0,42.25,37.275,24.75,46.75,52.77365003129665,16.75,21.5,77.7875,0.0,9.25,0.7182911291606944,3.0,23.25,0.14409061946864365,14.375,0.0,119.25
139,120,2026-04-10,1,1,2025-26,San Antonio Spurs,Dallas Mavericks,123.125,40.5,65.25,17.375,49.125,11.625,37.5,31.75,13.5,2.4260528074866308,13.5,37.375,36.525,32.625,54.25,60.5944673414826,17.375,22.25,77.9875,0.0,8.625,0.6540636140819964,5.0,17.125,0.3077984355797655,13.5,0.0,153.75,112.375,31.125,57.0,24.25,44.75,11.125,33.625,23.875,11.375,2.7347123464770524,10.375,33.375,30.85,28.5,58.5,48.906867599591,24.25,30.375,80.44999999999999,0.0,8.25,0.7887618508942039,4.625,19.625,0.24139966393255866,11.375,0.0,123.375
124,118,2026-04-10,1,1,2025-26,Sacramento Kings,Golden State Warriors,109.125,32.625,62.5,14.0,41.5,12.875,28.625,25.625,14.625,1.8176948051948052,10.875,31.75,34.2,31.25,57.0,55.05096883763683,14.0,18.875,73.275,0.0,7.125,0.48996212121212124,4.125,19.75,0.21614011147764006,14.625,0.0,121.375,110.75,40.5,52.5,17.75,40.0,9.875,30.125,27.625,15.75,1.959469020401683,13.5,37.5,35.85,26.25,45.375,57.84834355028042,17.75,21.5,84.3125,0.0,8.375,0.5582122727633564,3.25,17.5,0.20646331008173113,15.75,0.0,127.375
94,105,2026-04-10,1,1,2025-26,Indiana Pacers,Philadelphia 76ers,120.75,44.625,61.25,14.875,43.75,8.5,35.25,34.75,15.125,2.4984903381642516,14.875,37.375,39.24999999999999,30.625,52.25,58.01883594994476,14.875,18.625,79.4,0.0,7.125,0.48339371980676327,3.0,19.125,0.15815990790255496,15.125,0.0,146.375,118.625,39.375,60.25,19.0,43.75,10.25,33.5,24.75,12.125,2.2343434343434345,13.125,34.0,37.875,30.125,55.25,54.214672324516556,19.0,23.875,80.0625,0.0,7.5,0.6500157828282829,5.875,20.875,0.28884910024615906,12.125,0.0,137.5
144,118,2026-04-10,1,1,2025-26,Boston Celtics,New Orleans Pelicans,117.375,45.375,57.0,15.0,45.75,11.25,34.5,25.5,12.375,2.32579816017316,15.125,37.5,39.8625,28.5,49.125,57.53403941483872,15.0,19.25,78.85,0.0,5.5,0.4922799422799423,4.0,16.75,0.23850962365377998,12.375,0.0,138.5,114.375,32.625,63.0,18.75,41.25,10.375,30.875,24.75,13.875,1.9898985044882878,10.875,29.75,36.2375,31.5,60.25,51.98721306361982,18.75,24.5,77.3,0.0,8.875,0.6404628524210567,6.0,19.875,0.303896895015316,13.875,0.0,128.0
125,108,2026-04-10,1,1,2025-26,Milwaukee Bucks,Brooklyn Nets,109.625,52.5,44.25,12.875,39.75,10.125,29.625,24.875,17.875,1.4225073355007565,17.5,44.75,39.675000000000004,22.125,40.0,54.91438761485066,12.875,17.0,75.78750000000001,0.0,7.375,0.40007469686746,4.5,20.875,0.22719950918964077,17.875,0.0,119.0,103.125,33.75,52.75,16.625,34.875,7.125,27.75,22.875,14.625,1.6403910427807489,11.25,35.0,32.449999999999996,26.375,49.125,53.90212753761792,16.625,21.0,77.8625,0.0,9.875,0.6719494047619047,4.375,21.5,0.22520965876229035,14.625,0.0,109.625
101,73,2026-04-10,1,1,2025-26,Los Angeles Lakers,Phoenix Suns,116.25,30.0,64.75,21.5,41.25,8.125,33.125,27.75,15.25,1.878843554965846,10.0,26.875,37.1125,32.375,53.625,60.076749289304324,21.5,29.125,73.26249999999999,0.0,9.375,0.6226433117106492,4.5,16.25,0.30571983198913977,15.25,0.0,138.125,117.875,43.125,56.75,18.0,42.625,13.0,29.625,24.375,13.0,2.6217538492209544,14.375,41.0,35.0875,28.375,51.0,55.41774200708991,18.0,23.625,72.7,0.0,8.125,0.7789814900012269,5.75,20.375,0.30276212757830406,13.0,0.0,130.875
132,136,2026-04-10,1,1,2025-26,Houston Rockets,Minnesota Timberwolves,121.5,43.5,60.5,17.5,48.5,14.875,33.625,29.375,12.375,2.644551008202324,14.5,35.625,40.75,30.25,55.375,54.95735001333104,17.5,22.0,80.5125,0.0,7.875,0.684612098427888,5.125,17.875,0.3127568815987934,12.375,0.0,149.25,110.5,42.0,54.0,14.5,41.5,10.625,30.875,24.25,15.375,1.6459996498599438,14.0,39.875,35.5,27.0,52.375,51.93672333154419,14.5,19.125,76.025,0.0,9.625,0.6269005708343943,6.125,20.5,0.2995212818582384,15.375,0.0,120.75
127,107,2026-04-10,1,1,2025-26,Denver Nuggets,Oklahoma City Thunder,132.125,49.125,62.5,20.5,47.375,10.75,36.625,33.5,11.25,3.2282738095238095,16.375,39.625,41.3125,31.25,53.0,58.69076586923623,20.5,25.125,82.45,0.0,6.125,0.5463293650793651,3.875,21.875,0.18823557977969743,11.25,0.0,162.125,125.125,46.125,59.25,19.75,45.0,9.25,35.75,26.875,12.625,2.262171855921856,15.375,38.25,39.5625,29.625,49.625,59.67725047713296,19.75,24.25,81.67500000000001,0.0,9.875,0.8386217948717949,5.0,20.25,0.26909952017217464,12.625,0.0,151.875
103,127,2026-04-10,1,1,2025-26,Chicago Bulls,Orlando Magic,116.375,36.0,60.25,20.125,45.75,10.75,35.0,26.25,16.25,1.732891653064708,12.0,39.0,30.6625,30.125,52.125,57.88921693499604,20.125,26.5,76.07499999999999,0.0,8.125,0.5275952403812816,5.25,20.5,0.2632975719932242,16.25,0.0,130.125,116.125,30.75,59.5,25.875,42.25,10.125,32.125,27.25,18.25,1.6221905725853096,10.25,30.0,35.475,29.75,54.5,54.345679769606775,25.875,32.375,80.1875,0.0,7.875,0.4510628664421234,3.625,21.5,0.1805658159328857,18.25,0.0,127.875
124,102,2026-04-10,1,1,2025-26,Atlanta Hawks,Cleveland Cavaliers,119.875,47.625,57.0,15.25,44.125,12.25,31.875,28.125,13.25,2.51510866584396,15.875,40.625,39.25,28.5,52.875,53.753895637609915,15.25,20.125,75.075,0.0,9.0,0.7645190593720006,4.875,20.375,0.2434926036355256,13.25,0.0,138.75,123.25,39.75,62.25,21.25,44.625,9.875,34.75,29.375,12.375,2.437522893772894,13.25,37.125,35.3875,31.125,51.125,60.4769255409889,21.25,27.25,78.125,0.0,7.5,0.6285069097569097,3.625,17.75,0.2322067380503913,12.375,0.0,146.125
112,95,2026-04-10,1,1,2025-26,New York Knicks,Toronto Raptors,113.0,38.625,59.0,15.375,40.875,11.375,29.5,27.5,12.875,2.4141466634500692,12.875,33.75,38.1125,29.5,50.75,57.98395398992844,15.375,18.5,82.2375,0.0,7.75,0.6919891082429783,3.625,18.875,0.20484424910315005,12.875,0.0,134.625,120.875,31.5,70.0,19.375,41.875,10.875,31.0,32.875,12.375,2.8116680194805195,10.5,26.375,39.725,35.0,61.875,56.68159061204836,19.375,26.5,72.9125,0.0,10.5,0.9264204545454546,4.5,19.5,0.22583304853041694,12.375,0.0,148.375
96,110,2026-04-12,1,1,2025-26,New York Knicks,Charlotte Hornets,111.875,36.75,59.5,15.625,40.375,10.875,29.5,26.875,13.0,2.3346012089046146,12.25,33.5,36.4125,29.75,49.75,59.90703091300536,15.625,19.125,81.0625,0.0,8.375,0.7393375930914631,3.125,18.625,0.17706647132537226,13.0,0.0,132.875,113.75,49.125,48.25,16.375,44.875,13.875,31.0,24.25,12.625,1.9783653846153846,16.375,47.0,34.737500000000004,24.125,43.375,55.58717205537068,16.375,19.625,83.575,0.0,6.375,0.5038728632478633,3.75,18.875,0.20544996208212152,12.625,0.0,127.25
136,101,2026-04-12,1,1,2025-26,Toronto Raptors,Brooklyn Nets,117.875,31.5,67.0,19.375,40.125,10.125,30.0,31.375,12.875,2.656906114718615,10.5,26.0,40.2625,33.5,59.75,56.14473163768939,19.375,26.75,72.0125,0.0,10.375,0.9036029942279943,3.5,19.5,0.18416638186375028,12.875,0.0,141.25,103.375,36.0,51.0,16.375,36.125,7.625,28.5,23.375,13.875,1.7821022727272728,12.0,36.5,32.9,25.5,48.0,53.28113394787433,16.375,20.375,79.275,0.0,8.625,0.6264948593073594,4.375,19.375,0.23610709465972624,13.875,0.0,111.0
118,128,2026-04-12,1,1,2025-26,San Antonio Spurs,Denver Nuggets,125.125,39.375,67.0,18.75,47.75,11.625,36.125,31.0,13.0,2.4669618983957218,13.125,35.625,37.25,33.5,56.375,59.581870442257795,18.75,22.875,81.5,0.0,8.25,0.6411848262032086,4.625,16.875,0.29162196499153026,13.0,0.0,154.25,132.375,52.125,61.0,19.25,47.25,10.25,37.0,32.625,12.125,2.996656162464986,17.375,41.0,42.3375,30.5,52.25,58.04790872637909,19.25,23.0,84.82499999999999,0.0,7.125,0.594858776844071,4.5,19.75,0.2664763205204382,12.125,0.0,162.625
122,110,2026-04-12,1,1,2025-26,Portland Trail Blazers,Sacramento Kings,115.875,46.125,49.5,20.25,46.5,13.5,33.0,24.625,17.75,1.4417399042950514,15.375,41.375,36.2625,24.75,45.25,54.553620816990005,20.25,25.875,76.675,0.0,9.375,0.5475338468720822,7.0,18.5,0.4028200619712768,17.75,0.0,133.5,113.375,35.625,61.5,16.25,43.25,13.625,29.625,25.375,15.125,1.7317573051948052,11.875,33.75,35.012499999999996,30.75,54.75,56.16207994874794,16.25,21.75,74.5125,0.0,7.875,0.5264204545454545,4.5,20.5,0.2268543971919258,15.125,0.0,127.875
126,106,2026-04-12,1,1,2025-26,Philadelphia 76ers,Milwaukee Bucks,112.125,33.0,60.75,18.375,45.375,11.125,34.25,22.625,12.125,1.9687184343434345,11.0,31.75,34.175000000000004,30.375,57.625,52.56883899118323,18.375,22.75,81.2125,0.0,8.0,0.7125157828282829,4.875,19.625,0.2546229097699686,12.125,0.0,128.5,113.375,56.25,43.5,13.625,40.625,10.0,30.625,26.625,17.625,1.5424763757484345,18.75,45.0,42.125,21.75,39.0,55.551859898664404,13.625,18.25,73.975,0.0,6.875,0.37762887643402354,4.75,20.5,0.25081062030075185,17.625,0.0,126.5
121,133,2026-04-12,1,1,2025-26,Indiana Pacers,Detroit Pistons,116.25,43.875,58.0,14.375,46.0,9.125,36.875,33.5,15.5,2.4042443064182195,14.625,38.75,37.625,29.0,51.125,55.75819765207241,14.375,17.75,80.55000000000001,0.0,7.0,0.4704968944099379,3.75,17.875,0.2148265745692216,15.5,0.0,141.375,117.125,34.875,63.5,18.75,44.375,12.0,32.375,31.5,16.5,2.0191964285714286,11.625,28.75,41.0375,31.75,56.625,56.23472529257794,18.75,24.75,74.8125,0.0,10.125,0.6491071428571429,7.25,21.625,0.33636648439280015,16.5,0.0,145.875
132,126,2026-04-12,1,1,2025-26,Minnesota Timberwolves,New Orleans Pelicans,113.75,42.75,55.0,16.0,38.5,9.5,29.0,24.25,14.25,1.8693452380952382,14.25,39.0,37.3625,27.5,50.875,53.93003915871057,16.0,21.0,76.775,0.0,9.125,0.6553932178932178,5.5,20.25,0.2759705572205572,14.25,0.0,123.75,114.625,30.375,64.25,20.0,42.5,11.375,31.125,23.375,14.625,1.612151251741035,10.125,29.5,34.2375,32.125,61.5,51.878706119175376,20.0,26.625,75.475,0.0,9.0,0.6088694458276502,6.0,19.875,0.3038968950153161,14.625,0.0,125.5
103,135,2026-04-12,1,1,2025-26,Oklahoma City Thunder,Phoenix Suns,124.875,46.875,59.75,18.25,46.375,10.625,35.75,27.875,13.375,2.1989850427350426,15.625,39.125,39.4875,29.875,51.125,58.482747305885596,18.25,22.5,80.94999999999999,0.0,10.375,0.8193910256410256,4.75,19.375,0.2603873989600534,13.375,0.0,151.875,111.625,39.375,56.0,16.25,43.375,14.0,29.375,23.5,15.5,1.7141451535687806,13.125,40.125,32.75,28.0,50.375,55.28904187838978,16.25,21.625,71.57499999999999,0.0,8.375,0.572459750870792,5.25,20.125,0.2784565720227485,15.5,0.0,121.875
131,107,2026-04-12,1,1,2025-26,Los Angeles Lakers,Utah Jazz,111.75,29.625,61.25,20.875,40.75,7.75,33.0,27.375,14.875,1.9178045939268848,9.875,26.5,37.224999999999994,30.625,51.5,59.19935287619362,20.875,28.625,72.55,0.0,9.625,0.6818965584638959,4.375,15.75,0.3038258925952004,14.875,0.0,133.75,121.125,33.75,73.25,14.125,45.25,12.0,33.25,32.5,14.0,2.3637706043956044,11.25,31.875,35.4375,36.625,65.625,55.591411351634754,14.125,20.125,69.525,0.0,10.0,0.7163404304029305,3.5,18.5,0.21668729820903734,14.0,0.0,142.75
113,108,2026-04-12,1,1,2025-26,Boston Celtics,Orlando Magic,121.75,51.0,56.75,14.0,44.75,10.75,34.0,26.625,12.125,2.43517316017316,17.0,40.5,41.012499999999996,28.375,48.0,58.78257055467421,14.0,18.25,77.6875,0.0,6.625,0.5726370851370852,4.125,17.5,0.23754808519224152,12.125,0.0,144.375,116.875,30.75,61.75,24.375,43.625,10.75,32.875,28.625,18.625,1.6680239059186428,10.25,31.25,33.85,30.875,55.75,55.059565547882244,24.375,31.375,77.5875,0.0,9.125,0.5302295331087901,4.125,22.5,0.19679958216665194,18.625,0.0,130.875
130,117,2026-04-12,1,1,2025-26,Cleveland Cavaliers,Washington Wizards,123.125,37.875,64.5,20.75,44.625,10.0,34.625,29.25,13.0,2.3698537208405632,12.625,35.875,34.575,32.25,53.0,60.72249564884714,20.75,26.5,78.9875,0.0,8.0,0.6454242029899925,4.25,17.625,0.2637543570980104,13.0,0.0,146.5,111.75,33.375,62.25,16.125,39.25,10.375,28.875,24.125,15.5,1.8181776906033198,11.125,33.625,32.7,31.125,58.25,53.823724606476155,16.125,21.125,76.88749999999999,0.0,9.25,0.6873278541792558,4.0,20.125,0.2092253248986995,15.5,0.0,118.25
143,117,2026-04-12,1,1,2025-26,Miami Heat,Atlanta Hawks,124.375,47.25,57.25,19.875,43.5,10.5,33.0,30.625,13.0,2.5077234169339433,15.75,40.625,38.9125,28.625,50.125,57.06928844677158,19.875,25.125,77.425,0.0,4.875,0.4109538122696017,4.25,18.25,0.24623567608861727,13.0,0.0,143.0,119.125,46.875,56.25,16.0,43.625,11.75,31.875,27.625,12.375,2.5809740504593446,15.625,39.625,39.474999999999994,28.125,52.375,53.60468500996262,16.0,21.125,75.25,0.0,9.5,0.829903674756616,5.25,20.25,0.26469143404488227,12.375,0.0,139.375
132,101,2026-04-12,1,1,2025-26,Houston Rockets,Memphis Grizzlies,123.125,40.5,64.75,17.875,46.25,13.625,32.625,29.25,12.25,2.655540019191335,13.5,33.875,38.8375,32.375,56.375,57.298036287840844,17.875,22.25,81.2,0.0,7.25,0.6427164940322835,5.25,18.375,0.3058124371543489,12.25,0.0,150.125,113.25,47.25,50.25,15.75,35.25,9.875,25.375,25.75,15.5,1.9463180840898235,15.75,44.125,35.5375,25.125,47.125,53.102597399717695,15.75,20.375,77.78750000000001,0.0,9.125,0.6557911291606944,2.875,22.625,0.14200728613531033,15.5,0.0,115.75
115,110,2026-04-12,1,1,2025-26,LA Clippers,Golden State Warriors,113.125,38.25,57.0,17.875,39.625,10.375,29.25,22.875,14.0,1.6651957417582417,12.75,33.875,37.025,28.5,53.0,54.342054922921676,17.875,22.625,80.68749999999999,0.0,9.75,0.7114596800258566,4.5,19.25,0.251937134502924,14.0,0.0,125.5,111.875,42.375,52.0,17.5,39.125,9.625,29.5,28.75,14.5,2.0928824819401446,14.125,38.625,36.55,26.0,45.875,56.561080677651695,17.5,20.5,86.2,0.0,8.5,0.599077657378741,3.375,17.5,0.2121451282635493,14.5,0.0,129.75
149,128,2026-04-12,1,1,2025-26,Dallas Mavericks,Chicago Bulls,110.5,32.25,55.5,22.75,43.875,11.625,32.25,23.25,11.75,2.230248060762767,10.75,34.0,31.25,27.75,58.0,48.11432032484127,22.75,28.5,80.3875,0.0,8.75,0.8200118508942039,5.0,19.25,0.2638278935976304,11.75,0.0,120.375,115.125,34.125,60.75,20.25,45.125,10.75,34.375,26.25,17.25,1.6287249863980415,11.375,38.0,29.875,30.375,51.75,58.80833458205487,20.25,27.125,74.72500000000001,0.0,8.875,0.5484285737146148,5.25,20.375,0.2647856672313194,17.25,0.0,128.5
107,98,2026-04-18,1,1,2025-26,Los Angeles Lakers,Houston Rockets,113.625,31.125,63.5,19.0,40.875,8.375,32.5,29.75,15.125,2.0398634174562966,10.375,27.625,37.2375,31.75,53.25,59.32647152026142,19.0,25.5,74.225,0.0,10.0,0.695131852581543,4.0,16.25,0.2710133925952004,15.125,0.0,137.875,122.875,39.0,65.5,18.375,46.875,13.5,33.375,28.0,12.625,2.401278655554971,13.0,34.5,37.3,32.75,55.75,58.53486298573311,18.375,23.375,79.65,0.0,7.375,0.6157278576686471,5.25,17.5,0.3469889077425842,12.625,0.0,148.25
113,102,2026-04-18,1,1,2025-26,New York Knicks,Atlanta Hawks,111.0,37.5,58.25,15.25,42.25,11.75,30.5,26.75,13.125,2.2936921179955236,12.5,34.875,35.7375,29.125,49.375,59.09571015828838,15.25,19.0,77.76249999999999,0.0,8.625,0.7529739567278267,3.25,19.125,0.18016170942061036,13.125,0.0,132.375,121.0,47.625,58.25,15.125,45.0,12.125,32.875,28.625,14.0,2.090165226929933,15.875,39.875,39.8375,29.125,52.875,55.214662334225665,15.125,20.375,73.6875,0.0,9.125,0.6644624982860277,5.0,19.75,0.25558779258829967,14.0,0.0,141.75
126,113,2026-04-18,1,1,2025-26,Cleveland Cavaliers,Toronto Raptors,120.75,37.5,63.75,19.5,45.5,11.25,34.25,28.375,14.25,2.088603720840563,12.5,36.125,34.025,31.875,51.75,61.5085981333192,19.5,25.25,78.025,0.0,7.875,0.5829242029899925,4.625,16.625,0.28672444256809587,14.25,0.0,143.625,117.5,31.125,66.5,19.875,40.0,9.625,30.375,30.75,12.75,2.640997023809524,10.375,25.75,40.212500000000006,33.25,58.25,57.45822946062117,19.875,27.625,71.275,0.0,9.0,0.788830266955267,4.125,19.75,0.21333304853041696,12.75,0.0,140.5
116,105,2026-04-18,1,1,2025-26,Denver Nuggets,Minnesota Timberwolves,130.625,49.125,63.0,18.5,48.875,12.0,36.875,31.875,12.5,2.809156162464986,16.375,40.0,40.675,31.5,54.625,57.414155224978536,18.5,22.125,84.575,0.0,7.5,0.6226365546218487,5.0,18.375,0.30090919089080853,12.5,0.0,161.0,119.375,43.125,59.25,17.0,39.625,9.375,30.25,26.0,13.75,2.0829816017316016,14.375,38.25,38.125,29.625,52.125,56.98635784002926,17.0,22.25,76.9875,0.0,8.75,0.645544733044733,6.625,22.0,0.29769420394420393,13.75,0.0,135.0
101,112,2026-04-19,1,1,2025-26,Detroit Pistons,Orlando Magic,120.125,36.75,64.0,19.375,43.875,12.25,31.625,32.375,16.25,2.087251984126984,12.25,29.625,41.9125,32.0,56.625,56.68115386400651,19.375,25.375,75.47500000000001,0.0,10.25,0.6636904761904762,6.875,20.75,0.3336091314516237,16.25,0.0,149.25,119.5,31.875,62.25,25.375,45.375,11.375,34.0,28.875,17.5,1.7234750337381914,10.625,31.875,34.375,31.125,56.25,55.059565547882244,25.375,32.75,77.0625,0.0,9.375,0.5518460744621735,4.625,22.375,0.2234443190087572,17.5,0.0,136.5
119,84,2026-04-19,1,1,2025-26,Oklahoma City Thunder,Phoenix Suns,121.375,48.375,57.25,15.75,43.625,9.875,33.75,28.25,13.375,2.2364850427350427,16.125,39.25,40.487500000000004,28.625,50.25,56.984022816089684,15.75,19.75,75.8375,0.0,10.375,0.8193910256410256,4.5,18.0,0.310551872644264,13.375,0.0,146.0,111.75,40.5,56.25,15.0,42.625,13.0,29.625,23.375,15.5,1.704529768953396,13.5,38.625,34.8375,28.125,51.5,54.21061050584076,15.0,19.75,70.0875,0.0,8.0,0.5436135970246382,5.5,19.125,0.34545003607503605,15.5,0.0,122.5
111,98,2026-04-19,1,1,2025-26,San Antonio Spurs,Portland Trail Blazers,124.0,39.75,65.75,18.5,48.25,12.25,36.0,30.0,12.75,2.4442346256684493,13.25,37.125,36.2375,32.875,56.125,58.6915570519444,18.5,22.625,81.15,0.0,7.25,0.5629019979203803,5.0,18.375,0.2846775205470858,12.75,0.0,150.5,114.875,45.0,51.5,18.375,45.5,13.875,31.625,24.375,16.625,1.5548351423902895,15.0,42.0,34.825,25.75,47.25,54.227280490649676,18.375,23.625,76.45,0.0,9.125,0.5758076563958917,6.0,19.5,0.31490797405918886,16.625,0.0,129.5
123,91,2026-04-19,1,1,2025-26,Boston Celtics,Philadelphia 76ers,121.625,52.875,54.0,14.75,45.625,10.75,34.875,26.75,13.375,2.2009294626941687,17.625,42.5,40.6125,27.0,46.5,57.38295665506031,14.75,18.25,81.1,0.0,7.125,0.539023639758934,4.5,18.125,0.24932344751108212,13.375,0.0,144.375,113.125,33.0,62.5,17.625,45.875,11.625,34.25,23.75,12.75,1.9548295454545457,11.0,32.625,33.1625,31.25,57.875,54.06883899118323,17.625,21.75,81.25,0.0,8.75,0.7313649891774893,4.5,18.875,0.24278080450681067,12.75,0.0,130.875
106,107,2026-04-20,1,1,2025-26,New York Knicks,Atlanta Hawks,112.625,36.375,59.5,16.75,42.75,10.625,32.125,27.125,12.125,2.4186921179955236,12.125,33.625,36.375,29.75,50.375,59.41969468440057,16.75,20.625,78.6125,0.0,8.5,0.7798878323259127,3.5,19.0,0.191203376087277,12.125,0.0,136.375,118.375,46.875,57.0,14.5,45.0,11.5,33.5,27.5,13.875,2.0236588166735228,15.625,39.375,39.6875,28.5,53.125,53.662579000892336,14.5,20.0,71.925,0.0,8.5,0.6203919854655149,5.0,20.875,0.24219493544544254,13.875,0.0,136.625
115,105,2026-04-20,1,1,2025-26,Cleveland Cavaliers,Toronto Raptors,121.25,41.25,60.5,19.5,43.5,10.75,32.75,27.25,14.875,1.9213243090758572,13.75,36.125,37.925,30.25,50.625,59.81524837962461,19.5,25.375,77.6625,0.0,7.875,0.5553506735782278,3.75,18.0,0.2352538543328017,14.875,0.0,140.125,117.125,32.25,64.25,20.625,39.0,8.375,30.625,30.25,13.25,2.547743055555556,10.75,25.5,41.9125,32.125,56.25,57.40141127880299,20.625,28.125,72.5,0.0,7.75,0.6935921717171717,4.25,19.875,0.21802672441974502,13.25,0.0,138.75
114,119,2026-04-20,1,1,2025-26,Denver Nuggets,Minnesota Timberwolves,128.25,45.75,63.5,19.0,48.5,11.125,37.375,31.0,12.375,2.7668942577030813,15.25,38.5,39.199999999999996,31.75,55.125,57.36200670599648,19.0,22.25,85.775,0.0,7.75,0.643469887955182,4.625,18.375,0.27885036736139673,12.375,0.0,157.875,117.0,42.0,57.25,17.75,38.625,9.5,29.125,24.5,14.0,1.9099046786546787,14.0,38.625,36.525,28.625,50.625,56.71059586615408,17.75,23.125,77.86250000000001,0.0,8.625,0.6219433344433345,6.25,21.75,0.28491642616642615,14.0,0.0,129.0
101,94,2026-04-21,1,1,2025-26,Los Angeles Lakers,Houston Rockets,112.0,32.25,61.75,18.0,39.25,7.625,31.625,29.75,15.75,1.9794467507896298,10.75,27.0,40.1625,30.875,52.25,58.896104015425834,18.0,24.75,72.6375,0.0,10.0,0.6805485192482097,4.125,17.5,0.25268005926186704,15.75,0.0,135.0,121.25,37.5,64.75,19.0,47.625,15.375,32.25,26.625,13.0,2.194547886324202,12.5,34.25,36.1,32.375,57.875,55.68602577643079,19.0,24.5,78.775,0.0,8.25,0.6657278576686472,4.875,18.125,0.3199167152292152,13.0,0.0,142.875
97,111,2026-04-21,1,1,2025-26,Boston Celtics,Philadelphia 76ers,124.25,53.625,56.0,14.625,45.0,10.125,34.875,28.375,12.75,2.4384294626941685,17.875,43.375,40.4375,28.0,46.25,59.794641437669014,14.625,17.75,82.1125,0.0,7.25,0.576523639758934,4.0,18.5,0.21856947925711384,12.75,0.0,149.25,110.875,30.0,63.25,17.625,45.625,11.875,33.75,23.0,13.375,1.796496212121212,10.0,30.75,31.3875,31.625,59.0,53.81793832211478,17.625,22.25,79.3,0.0,8.75,0.7188649891774892,4.0,18.625,0.2206217135977198,13.375,0.0,126.125
103,106,2026-04-21,1,1,2025-26,San Antonio Spurs,Portland Trail Blazers,121.75,40.125,63.25,18.375,47.0,11.625,35.375,29.125,13.0,2.3356036732874967,13.375,37.0,36.775,31.625,54.75,57.76255641943333,18.375,22.0,82.825,0.0,7.0,0.5331400931584755,5.125,19.0,0.28185797167490534,13.0,0.0,146.625,115.5,45.75,53.0,16.75,44.25,13.125,31.125,25.875,14.875,1.7930169605721076,15.25,43.0,34.775,26.5,47.75,55.1995561933836,16.75,21.0,78.14999999999999,0.0,9.25,0.638080383668619,5.375,18.75,0.29157037815126047,14.875,0.0,132.125
98,83,2026-04-22,1,1,2025-26,Detroit Pistons,Orlando Magic,119.0,34.5,63.0,21.5,43.0,11.125,31.875,31.0,16.0,2.0225198412698413,11.5,28.25,41.175000000000004,31.5,55.5,56.727450160302816,21.5,27.25,78.4875,0.0,9.875,0.6502976190476191,6.625,19.375,0.3420124927961615,16.0,0.0,147.0,119.125,31.875,64.5,22.75,45.25,11.625,33.625,29.125,15.875,1.874308367071525,10.625,32.5,33.737500000000004,32.25,57.0,56.39885126216796,22.75,30.0,75.6,0.0,9.125,0.6014294077955069,5.25,21.75,0.250383974181171,15.875,0.0,138.125
120,107,2026-04-22,1,1,2025-26,Oklahoma City Thunder,Phoenix Suns,122.375,49.875,58.0,14.5,45.5,10.75,34.75,29.125,12.5,2.498985042735043,16.625,41.5,39.825,29.0,50.25,57.78189515651521,14.5,17.875,77.05,0.0,10.75,0.9391826923076924,5.375,18.0,0.3503245999169912,12.5,0.0,151.125,105.875,39.0,50.75,16.125,42.375,12.25,30.125,20.5,16.5,1.3666111086663144,13.0,37.875,34.275,25.375,49.0,51.33419005129531,16.125,21.0,72.8625,0.0,6.75,0.41562316640262864,5.125,19.5,0.31767225829725826,16.5,0.0,110.75
113,96,2026-04-23,1,1,2025-26,Minnesota Timberwolves,Denver Nuggets,118.375,42.375,58.25,17.75,39.75,10.0,29.75,25.5,13.75,2.025976107226107,14.125,37.625,37.800000000000004,29.125,52.125,56.08153742459563,17.75,23.75,76.275,0.0,8.375,0.613014763014763,5.5,23.0,0.2432497594997595,13.75,0.0,131.25,128.0,44.25,63.25,20.5,48.875,11.0,37.875,30.625,12.0,2.832866479925304,14.75,38.625,37.8375,31.625,55.0,57.22915646445058,20.5,24.5,83.9,0.0,7.0,0.5983309990662933,4.25,19.125,0.25628092291695237,12.0,0.0,155.5
109,108,2026-04-23,1,1,2025-26,Atlanta Hawks,New York Knicks,117.75,44.625,57.75,15.375,43.875,11.125,32.75,26.75,14.0,1.934643665158371,14.875,38.375,38.5,28.875,52.75,54.779136735097126,15.375,21.0,72.55,0.0,8.75,0.6345965309200603,5.125,21.5,0.24013449588500296,14.0,0.0,135.25,114.125,36.75,60.0,17.375,43.5,10.875,32.625,27.125,12.5,2.365120689424095,12.25,33.625,36.75000000000001,30.0,50.625,59.65091924969838,17.375,22.0,77.11250000000001,0.0,8.5,0.7677125076505882,3.75,19.625,0.19938789989680084,12.5,0.0,137.875
126,104,2026-04-23,1,1,2025-26,Toronto Raptors,Cleveland Cavaliers,115.875,31.5,64.75,19.625,40.25,9.25,31.0,29.0,14.625,2.3034248737373737,10.5,25.875,40.3875,32.375,56.625,57.43796098640532,19.625,26.25,74.2,0.0,7.625,0.6367739898989899,4.0,20.25,0.20388981965784025,14.625,0.0,135.875,121.5,41.25,60.75,19.5,43.5,10.375,33.125,26.75,14.875,1.8856100233615714,13.75,36.25,37.824999999999996,30.375,50.0,61.014376286601355,19.5,25.75,76.39999999999999,0.0,8.875,0.6267792450067993,4.125,18.125,0.2533459595959596,14.875,0.0,141.5
108,112,2026-04-24,1,1,2025-26,Houston Rockets,Los Angeles Lakers,118.125,33.375,66.25,18.5,47.625,16.0,31.625,25.75,13.875,1.9174645529908687,11.125,32.625,33.75,33.125,59.75,55.338803554208575,18.5,24.125,77.83749999999999,0.0,8.375,0.6230195243353138,5.125,19.25,0.31554608585858585,13.875,0.0,137.375,108.75,32.25,58.75,17.75,39.25,7.75,31.5,29.125,16.125,1.8836134174562966,10.75,26.625,40.725,29.375,51.25,56.88561450493632,17.75,25.0,70.925,0.0,10.25,0.6784651859148763,4.25,17.625,0.2576142697881828,16.125,0.0,130.5
100,108,2026-04-24,1,1,2025-26,Philadelphia 76ers,Boston Celtics,105.625,30.75,58.25,16.625,45.75,12.125,33.625,20.625,13.125,1.6260416666666666,10.25,31.25,31.4,29.125,57.375,51.10654126329124,16.625,21.625,75.17500000000001,0.0,8.375,0.6999255952380952,4.25,18.5,0.23614458941471325,13.125,0.0,117.25,118.0,50.625,52.75,14.625,45.25,11.0,34.25,27.125,13.25,2.196976471241177,16.875,44.125,37.725,26.375,44.625,58.432461950489525,14.625,17.5,83.08749999999999,0.0,7.0,0.5359253491606434,3.5,18.5,0.1891577145512315,13.25,0.0,139.25
108,120,2026-04-24,1,1,2025-26,Portland Trail Blazers,San Antonio Spurs,113.375,46.125,51.25,16.0,43.5,13.625,29.875,25.375,15.0,1.7453979129530601,15.375,43.25,34.8875,25.625,47.875,53.327007173775755,16.0,19.875,78.4,0.0,9.25,0.6333184789067142,5.5,18.625,0.2992696535135793,15.0,0.0,128.0,118.75,37.125,63.75,17.875,46.625,11.5,35.125,27.25,13.25,2.1919762223071046,12.375,34.125,36.4375,31.875,56.75,56.132121636824635,17.875,21.75,81.75,0.0,7.625,0.5620616617859265,5.0,19.125,0.27411987643681013,13.25,0.0,141.5
112,96,2026-04-25,1,1,2025-26,Minnesota Timberwolves,Denver Nuggets,119.625,40.5,61.0,18.125,41.0,9.875,31.125,26.75,13.625,2.1594988344988346,13.5,36.5,37.0375,30.5,52.25,58.32437786878032,18.125,23.875,77.67500000000001,0.0,8.125,0.5978632478632478,5.625,23.75,0.24258838383838383,13.625,0.0,137.0,123.75,41.25,61.25,21.25,47.25,10.25,37.0,28.375,11.5,2.7150093370681607,13.75,37.75,35.8375,30.625,54.75,55.49838723368135,21.25,25.625,83.41250000000001,0.0,6.5,0.5804738562091503,4.0,19.125,0.24239203402806345,11.5,0.0,145.875
113,105,2026-04-25,1,1,2025-26,Orlando Magic,Detroit Pistons,116.875,32.625,61.75,22.5,45.875,12.25,33.625,27.625,15.875,1.7953609986504722,10.875,32.5,34.5125,30.875,56.0,54.613136976453674,22.5,30.125,74.5125,0.0,10.25,0.6606399341112964,5.375,21.875,0.2543423075145043,15.875,0.0,135.75,115.375,31.875,63.5,20.0,45.875,12.375,33.5,29.625,16.25,1.9456564872325741,10.625,28.625,37.00000000000001,31.75,56.625,55.96897558403162,20.0,26.5,74.9375,0.0,10.125,0.6575439958592133,7.375,19.5,0.3733860105827228,16.25,0.0,142.75
98,114,2026-04-25,1,1,2025-26,Atlanta Hawks,New York Knicks,115.125,43.875,56.25,15.0,43.125,11.375,31.75,25.75,13.875,1.884551753393665,14.625,37.875,38.3625,28.125,52.5,53.63848493406797,15.0,20.875,71.47500000000001,0.0,8.125,0.6024274132730015,5.375,20.0,0.27309595633125044,13.875,0.0,130.125,111.375,35.625,58.75,17.0,43.125,10.125,33.0,25.0,12.375,2.260223028605382,11.875,34.0,35.25,29.375,51.0,58.16189103653224,17.0,21.5,77.42500000000001,0.0,8.875,0.7911043205160853,3.625,19.375,0.19667892156862743,12.375,0.0,131.375
109,121,2026-04-25,1,1,2025-26,Phoenix Suns,Oklahoma City Thunder,105.375,37.875,52.5,15.0,42.75,12.75,30.0,20.375,16.75,1.3472929268481328,12.625,36.0,34.9125,26.25,50.5,51.56567153277679,15.0,19.375,73.44999999999999,0.0,6.5,0.3991458936753559,4.75,18.625,0.30704725829725826,16.75,0.0,111.0,123.125,51.375,58.25,13.5,45.25,11.5,33.75,30.0,11.5,2.680929487179487,17.125,42.25,40.525,29.125,50.75,57.442929783131824,13.5,17.0,76.1125,0.0,11.375,1.0516826923076923,5.375,17.625,0.354788885631277,11.5,0.0,153.375
93,89,2026-04-26,1,1,2025-26,Toronto Raptors,Cleveland Cavaliers,115.625,33.375,65.0,17.25,38.25,8.5,29.75,28.75,14.125,2.363320707070707,11.125,25.75,43.3125,32.5,57.125,57.17754431973866,17.25,23.75,71.88749999999999,0.0,7.75,0.6732323232323232,3.75,20.25,0.19198505775307834,14.125,0.0,134.25,119.75,40.5,59.75,19.5,43.0,11.125,31.875,26.125,15.75,1.7829585082100563,13.5,37.375,36.1625,29.875,48.75,61.588047784185896,19.5,25.375,77.5375,0.0,8.875,0.6082186389461932,4.75,18.25,0.29441738816738816,15.75,0.0,138.125
93,114,2026-04-26,1,1,2025-26,Portland Trail Blazers,San Antonio Spurs,112.625,45.75,50.5,16.375,43.125,13.375,29.75,25.25,14.25,1.8222695707070706,15.25,42.375,35.324999999999996,25.25,48.625,51.790635936317564,16.375,21.25,75.225,0.0,9.125,0.654040404040404,5.5,19.5,0.2906912221410303,14.25,0.0,126.0,119.0,38.625,61.25,19.125,46.875,12.0,34.875,26.875,13.125,2.1826012223071047,12.875,34.375,37.6625,30.625,56.375,54.24372007737044,19.125,23.5,80.86250000000001,0.0,7.5,0.5573741617859265,5.75,19.625,0.3022151145320482,13.125,0.0,141.25
115,96,2026-04-26,1,1,2025-26,Houston Rockets,Los Angeles Lakers,114.125,31.875,64.5,17.75,48.0,17.0,31.0,24.625,14.625,1.7309672267876604,10.625,33.5,31.4125,32.25,59.625,53.98287135081874,17.75,23.25,77.48750000000001,0.0,9.25,0.6424045510732816,5.25,19.5,0.31832386363636367,14.625,0.0,130.875,110.75,34.125,58.5,18.125,40.125,7.875,32.25,30.125,16.5,1.9113911952340743,11.375,26.5,42.9875,29.25,51.375,56.49785940289551,18.125,25.625,70.57499999999999,0.0,10.75,0.6943382017878922,4.375,19.25,0.22772296544035675,16.5,0.0,134.875
96,128,2026-04-26,1,1,2025-26,Philadelphia 76ers,Boston Celtics,103.75,31.875,56.75,15.125,43.75,12.625,31.125,19.5,12.5,1.6196496212121212,10.625,32.375,31.3625,28.375,56.875,50.2136841204341,15.125,20.125,73.8375,0.0,8.25,0.7134199134199134,3.75,19.0,0.19239458941471324,12.5,0.0,111.25,114.875,51.75,48.5,14.625,44.875,11.625,33.25,25.625,14.25,1.893054902613726,17.25,45.375,37.3125,24.25,42.375,56.38212258397368,14.625,17.25,84.325,0.0,6.875,0.48282077399724466,4.375,19.25,0.22306459714232463,14.25,0.0,133.5
94,88,2026-04-27,1,1,2025-26,Orlando Magic,Detroit Pistons,113.75,33.0,58.75,22.0,46.5,13.125,33.375,26.0,15.5,1.7344366289025732,11.0,33.375,33.475,29.375,55.75,52.188568010936436,22.0,29.625,74.225,0.0,10.0,0.6585390937751618,6.25,21.75,0.291008974181171,15.5,0.0,130.625,114.375,32.25,62.25,19.875,45.125,12.5,32.625,29.0,16.375,1.8914898205659074,10.75,29.75,35.8625,31.125,55.375,55.95025740493609,19.875,25.875,76.3,0.0,10.0,0.64608566252588,8.0,20.25,0.3873333790037754,16.375,0.0,140.875
125,113,2026-04-27,1,1,2025-26,Denver Nuggets,Minnesota Timberwolves,118.75,36.375,60.5,21.875,46.5,10.75,35.75,26.75,12.0,2.269176003734827,12.125,35.5,33.35,30.25,55.25,54.40054439855038,21.875,26.375,83.325,0.0,6.75,0.5638071895424837,4.125,19.125,0.24807385220988162,12.0,0.0,138.0,120.125,38.625,62.5,19.0,42.375,10.25,32.125,26.5,12.875,2.2219988344988346,12.875,34.875,36.9375,31.25,54.625,57.51708620211365,19.0,24.25,79.9125,0.0,7.875,0.6048076923076923,5.75,24.25,0.24321969696969695,12.875,0.0,139.125
122,131,2026-04-27,1,1,2025-26,Phoenix Suns,Oklahoma City Thunder,105.625,36.75,52.25,16.625,43.75,12.75,31.0,20.75,16.625,1.402217169272375,12.25,36.25,33.75,26.125,49.75,52.10914979364635,16.625,21.0,75.57499999999999,0.0,6.25,0.380206499735962,4.375,19.125,0.2872853535353535,16.625,0.0,112.125,120.875,48.75,57.5,14.625,44.375,10.875,33.5,28.875,11.25,2.640304487179487,16.25,41.625,38.925000000000004,28.75,50.0,57.58181867202071,14.625,18.0,77.8125,0.0,10.625,0.9954326923076923,5.5,18.125,0.3541575724999638,11.25,0.0,149.0
114,95,2026-04-28,1,1,2025-26,San Antonio Spurs,Portland Trail Blazers,116.5,38.25,60.5,17.75,45.625,11.625,34.0,26.5,13.375,2.10305576776165,12.75,32.875,38.8,30.25,56.125,53.81382589747626,17.75,22.25,79.5875,0.0,8.375,0.61594059535236,6.25,19.5,0.32764801496494866,13.375,0.0,139.375,109.5,42.0,50.5,17.0,42.375,12.5,29.875,23.625,14.5,1.708554292929293,14.0,39.875,34.4625,25.25,49.625,50.695563761106015,17.0,21.875,75.825,0.0,8.5,0.6097695707070707,5.25,19.875,0.2704706339057362,14.5,0.0,119.625
126,97,2026-04-28,1,1,2025-26,New York Knicks,Atlanta Hawks,108.625,35.25,57.25,16.125,41.75,10.0,31.75,24.125,13.125,2.0352230286053814,11.75,33.0,36.087500000000006,28.625,51.0,56.719583344224546,16.125,20.875,76.05,0.0,8.625,0.7133265427383074,3.625,19.625,0.19512612653757155,13.125,0.0,125.25,109.75,40.125,54.5,15.125,42.75,11.875,30.875,23.75,14.625,1.66997685460824,13.375,38.125,35.0,27.25,51.375,53.18330286123883,15.125,21.0,71.575,0.0,7.75,0.5492897614511392,4.875,20.375,0.2403578610931552,14.625,0.0,119.5
97,113,2026-04-28,1,1,2025-26,Boston Celtics,Philadelphia 76ers,116.5,57.75,43.25,15.5,45.75,11.875,33.875,26.0,13.625,1.9886745607333842,19.25,48.5,39.4,21.625,39.125,54.87476964279722,15.5,18.75,83.08749999999999,0.0,6.25,0.4614532526297233,4.625,19.5,0.23308965979896623,13.625,0.0,135.5,104.125,32.25,56.0,15.875,43.375,12.125,31.25,20.5,11.75,1.825205176767677,10.75,32.5,31.6625,28.0,56.875,49.4636841204341,15.875,20.75,74.9125,0.0,8.0,0.73008658008658,4.375,19.5,0.21935537372843872,11.75,0.0,113.125
116,109,2026-04-29,1,1,2025-26,Detroit Pistons,Orlando Magic,110.875,30.375,60.5,20.0,45.625,12.0,33.625,27.125,17.375,1.6602398205659075,10.125,30.0,33.45,30.25,54.5,55.18021177260232,20.0,26.375,75.325,0.0,9.125,0.55233566252588,9.75,22.0,0.4315862525669938,17.375,0.0,134.625,111.5,33.75,55.75,22.0,45.875,13.125,32.75,24.5,15.375,1.6310712442871886,11.25,33.625,34.0375,27.875,55.375,49.91883116883117,22.0,29.375,74.7375,0.0,10.25,0.6841801194161875,6.375,22.0,0.2938350611376927,15.375,0.0,125.875
93,99,2026-04-29,1,1,2025-26,Los Angeles Lakers,Houston Rockets,106.75,33.0,56.75,17.0,38.625,7.75,30.875,28.5,18.0,1.656182861900741,11.0,25.875,42.125,28.375,49.875,56.5729795952032,17.0,24.125,70.85,0.0,10.75,0.6630882017878922,5.125,18.875,0.2660381828316611,18.0,0.0,128.25,113.875,31.5,63.5,18.875,47.625,17.375,30.25,23.25,14.5,1.6458023916228253,10.5,33.625,30.8125,31.75,59.625,53.00247919395599,18.875,24.75,77.0375,0.0,10.875,0.7701518038205345,4.875,20.25,0.2863636363636364,14.5,0.0,129.125
125,120,2026-04-29,1,1,2025-26,Cleveland Cavaliers,Toronto Raptors,116.25,38.25,58.5,19.5,44.25,12.0,32.25,24.75,16.75,1.562125174876723,12.75,36.5,35.0375,29.25,49.0,59.93911161397314,19.5,25.875,75.825,0.0,8.5,0.5429408611684153,4.625,19.125,0.2800655363155363,16.75,0.0,131.75,114.625,31.875,63.75,19.0,41.75,10.375,31.375,27.25,13.75,2.3029040404040404,10.625,27.0,39.975,31.875,57.5,55.96485775257448,19.0,26.0,72.2375,0.0,8.375,0.7378156565656565,4.25,20.625,0.21336663670044675,13.75,0.0,133.5
110,98,2026-04-30,1,1,2025-26,Minnesota Timberwolves,Denver Nuggets,118.75,36.75,62.5,19.5,42.25,10.125,32.125,26.375,13.5,2.1832488344988343,12.25,33.25,37.1125,31.25,55.25,56.80462551028975,19.5,25.125,78.5125,0.0,6.625,0.5348076923076923,5.5,24.875,0.22975168350168348,13.5,0.0,135.375,117.25,36.0,59.5,21.75,44.5,9.25,35.25,26.5,12.5,2.1571968370681605,12.0,34.375,34.1375,29.75,54.125,54.79736979537577,21.75,26.5,82.3875,0.0,7.5,0.584640522875817,4.25,19.5,0.2498974596369373,12.5,0.0,136.0
106,93,2026-04-30,1,1,2025-26,Philadelphia 76ers,Boston Celtics,105.5,34.125,56.0,15.375,43.25,10.625,32.625,21.375,11.5,1.9481218434343435,11.375,33.875,32.0875,28.0,54.25,52.533859559030596,15.375,20.0,75.4375,0.0,7.75,0.7196699134199134,4.125,19.375,0.20834346896653397,11.5,0.0,117.125,114.5,55.5,43.0,16.0,46.25,12.125,34.125,26.375,13.375,2.0526626559714796,18.5,48.125,37.8625,21.5,39.75,53.90254742057499,16.0,20.125,80.2875,0.0,6.25,0.4703818240582947,4.375,20.0,0.213858890568197,13.375,0.0,132.375
89,140,2026-04-30,1,1,2025-26,Atlanta Hawks,New York Knicks,108.75,39.0,55.0,14.75,40.125,10.125,30.0,24.0,14.0,1.7908101879415734,13.0,38.125,34.1125,27.5,49.875,55.31169678668753,14.75,21.0,69.3625,0.0,7.75,0.5784564281178058,4.625,21.375,0.22219546793076203,14.0,0.0,117.5,110.875,35.25,58.0,17.625,41.875,9.5,32.375,23.75,12.375,2.11744227994228,11.75,32.125,37.2125,29.0,51.25,57.14041205306658,17.625,23.0,75.675,0.0,8.25,0.7153318903318904,3.5,20.75,0.16523482218974544,12.375,0.0,127.875
78,98,2026-05-01,1,1,2025-26,Houston Rockets,Los Angeles Lakers,111.375,31.5,60.5,19.375,45.0,15.125,29.875,23.125,13.5,1.7588406691347869,10.5,33.875,30.5875,30.25,56.25,53.53819347967028,19.375,25.875,74.8125,0.0,11.125,0.8311565885095297,5.0,19.25,0.29659090909090907,13.5,0.0,126.25,107.5,32.25,57.25,18.0,39.0,8.375,30.625,27.625,17.75,1.6233397246458392,10.75,26.0,41.0375,28.625,50.125,56.83350933901561,18.0,23.625,75.38749999999999,0.0,10.5,0.6532842802192648,5.375,19.875,0.2660381828316611,17.75,0.0,129.875
79,93,2026-05-01,1,1,2025-26,Orlando Magic,Detroit Pistons,109.75,36.0,53.5,20.25,45.625,13.375,32.25,23.625,15.5,1.5618004109538552,12.0,35.125,34.3375,26.75,53.75,49.35064935064935,20.25,28.125,72.02499999999999,0.0,9.75,0.6445967860828542,5.875,22.875,0.25866299636036477,15.5,0.0,121.125,112.0,30.375,59.75,21.875,47.375,13.0,34.375,25.625,16.875,1.616822453619129,10.125,29.75,33.75,29.875,54.125,54.87863834602889,21.875,28.375,76.77499999999999,0.0,9.125,0.5663412647667763,9.5,21.625,0.42488982399556524,16.875,0.0,136.375
112,110,2026-05-01,1,1,2025-26,Toronto Raptors,Cleveland Cavaliers,114.5,33.0,61.75,19.75,40.75,10.375,30.375,27.0,14.125,2.2154040404040405,11.0,28.25,39.550000000000004,30.875,55.75,55.810422368339246,19.75,27.125,72.1375,0.0,8.25,0.7107323232323233,4.625,20.875,0.22809094747738912,14.125,0.0,131.5,114.125,40.5,54.75,18.875,42.625,10.875,31.75,22.75,17.0,1.3826379953895434,13.5,37.0,36.6,27.375,47.5,58.11162623385618,18.875,24.75,76.4125,0.0,8.0,0.4942229124504667,5.0,19.75,0.2857473544973545,17.0,0.0,126.0
100,109,2026-05-02,1,1,2025-26,Boston Celtics,Philadelphia 76ers,112.875,54.0,43.5,15.375,46.75,11.5,35.25,25.75,13.625,1.9643759426847662,18.0,47.875,36.875,21.75,40.25,53.86189701407093,15.375,20.125,76.3875,0.0,6.625,0.4922349709114415,4.625,20.25,0.22687972390153033,13.625,0.0,129.875,106.0,34.125,56.25,15.625,43.375,10.25,33.125,21.5,11.0,2.01322601010101,11.375,34.0,31.95,28.125,54.625,52.41593503072871,15.625,19.5,78.475,0.0,7.375,0.7144615800865801,4.125,18.25,0.22709346896653398,11.0,0.0,118.375
114,102,2026-05-03,1,1,2025-26,Cleveland Cavaliers,Toronto Raptors,112.625,40.125,54.75,17.75,43.25,12.0,31.25,22.875,17.875,1.2923602176117657,13.375,38.0,35.4,27.375,47.125,58.49187098910093,17.75,23.75,75.21249999999999,0.0,8.25,0.48159664982420397,4.75,20.625,0.2559854497354498,17.875,0.0,123.5,112.5,33.0,60.75,18.75,40.5,10.375,30.125,27.375,15.375,1.9263415404040403,11.0,29.0,38.65,30.375,55.125,55.508426570019914,18.75,25.75,72.5375,0.0,8.75,0.6247948232323233,5.5,22.125,0.25642428081072244,15.375,0.0,129.5
116,94,2026-05-03,1,1,2025-26,Detroit Pistons,Orlando Magic,106.5,28.5,57.0,21.0,48.125,12.875,35.25,22.875,16.75,1.4028073021039773,9.5,29.375,32.075,28.5,54.0,52.432796277545314,21.0,27.875,75.13749999999999,0.0,8.625,0.5294094465849581,9.25,21.625,0.4129850620908033,16.75,0.0,126.375,103.125,34.875,48.25,20.0,44.375,12.0,32.375,22.0,14.75,1.5464260794030529,11.625,36.0,32.2875,24.125,50.75,47.32142857142857,20.0,27.875,71.7625,0.0,9.875,0.6760138983823194,5.75,23.375,0.2466680468654153,14.75,0.0,111.5
102,104,2026-05-04,1,1,2025-26,San Antonio Spurs,Minnesota Timberwolves,116.375,38.625,59.5,18.25,45.0,11.375,33.625,26.0,14.125,1.9493124522536287,12.875,32.625,39.5,29.75,54.625,54.63253934776866,18.25,23.125,79.125,0.0,8.0,0.5617962103256221,6.625,19.625,0.342140768588137,14.125,0.0,138.375,117.5,32.625,64.75,20.125,44.375,11.375,33.0,26.875,12.5,2.4176238344988343,10.875,31.375,35.0125,32.375,57.625,56.39074591162755,20.125,26.375,76.65,0.0,6.375,0.5816826923076923,5.0,25.0,0.20385882635882635,12.5,0.0,135.625
137,98,2026-05-04,1,1,2025-26,New York Knicks,Philadelphia 76ers,114.375,34.5,60.25,19.625,43.875,10.0,33.875,24.25,12.75,2.0120851370851374,11.5,32.25,36.3625,30.125,51.75,58.80140978549288,19.625,25.375,76.4375,0.0,9.125,0.7546176046176045,4.0,21.375,0.18461984892771338,12.75,0.0,134.75,106.5,36.375,54.0,16.125,41.625,8.625,33.0,22.5,11.125,2.0948232323232325,12.125,33.875,34.712500000000006,27.0,52.0,52.73074984554352,16.125,20.0,78.82499999999999,0.0,5.75,0.5113365800865801,4.0,18.875,0.21581527347781218,11.125,0.0,118.625
108,90,2026-05-05,1,1,2025-26,Oklahoma City Thunder,Los Angeles Lakers,119.0,46.125,56.75,16.125,43.5,11.5,32.0,27.375,11.375,2.5336868401206636,15.375,40.25,38.5125,28.375,50.125,56.63434526776539,16.125,19.75,77.7125,0.0,10.25,0.9696973981900452,5.0,19.0,0.30223449557688686,11.375,0.0,143.5,104.875,30.75,55.0,19.125,41.625,9.25,32.375,25.375,16.75,1.595827762923351,10.25,25.875,39.5,27.5,51.375,53.66330683178322,19.125,25.625,74.8625,0.0,9.25,0.6066335625159154,6.125,20.625,0.2964025553012967,16.75,0.0,124.5
111,101,2026-05-05,1,1,2025-26,Detroit Pistons,Cleveland Cavaliers,106.25,31.125,54.25,20.875,47.125,12.25,34.875,23.0,16.625,1.4289977782944536,10.375,30.125,33.974999999999994,27.125,52.125,51.82366793162905,20.875,27.375,76.22500000000001,0.0,8.125,0.5014332561087677,9.0,21.75,0.3986993478050891,16.625,0.0,125.625,114.125,41.625,53.5,19.0,45.75,13.375,32.375,22.625,17.625,1.2970041804600627,13.875,39.5,35.6875,26.75,45.5,59.04916649389091,19.0,26.125,72.5375,0.0,8.25,0.48778860028860027,4.625,21.0,0.24565936277892803,17.625,0.0,126.25
108,102,2026-05-06,1,1,2025-26,New York Knicks,Philadelphia 76ers,117.5,38.625,60.5,18.375,44.125,10.375,33.75,25.5,13.125,2.0454184704184706,12.875,33.0,39.5625,30.25,52.125,58.46896297698224,18.375,24.125,75.075,0.0,9.125,0.7337842712842713,4.75,22.5,0.21461984892771335,13.125,0.0,140.125,103.0,34.5,51.0,17.5,39.5,8.25,31.25,20.875,11.75,1.9435074428495482,11.5,32.5,34.425000000000004,25.5,51.125,50.50400565949701,17.5,21.625,79.22500000000001,0.0,4.875,0.4347388357256778,3.875,19.5,0.2078657120743034,11.75,0.0,109.625
133,95,2026-05-06,1,1,2025-26,San Antonio Spurs,Minnesota Timberwolves,115.125,38.25,58.75,18.125,45.25,11.625,33.625,25.5,13.75,1.9577158135981665,12.75,33.5,38.2375,29.375,53.625,54.96072146807441,18.125,23.0,78.9875,0.0,6.875,0.5019222607457902,7.625,21.0,0.3585693400167084,13.75,0.0,136.75,113.5,30.75,63.5,19.25,47.0,12.0,35.0,26.0,13.125,2.188056526806527,10.25,30.875,33.575,31.75,58.25,54.818314767559755,19.25,25.875,74.2875,0.0,6.375,0.5396153846153846,4.75,25.125,0.19060125060125058,13.125,0.0,130.75
125,107,2026-05-07,1,1,2025-26,Oklahoma City Thunder,Los Angeles Lakers,117.125,43.125,58.0,16.0,43.25,11.375,31.875,27.375,11.875,2.45816600678733,14.375,38.875,37.525000000000006,29.0,51.0,56.97525435867448,16.0,19.5,78.4625,0.0,9.375,0.8759473981900452,5.625,18.125,0.352829733672125,11.875,0.0,140.875,103.5,31.5,54.5,17.5,42.375,10.25,32.125,25.25,17.625,1.469565136660725,10.5,27.125,38.6625,27.25,52.125,52.45736991156058,17.5,23.5,74.8875,0.0,8.125,0.46900729988965284,6.25,20.375,0.3068192219679634,17.625,0.0,120.375
107,97,2026-05-07,1,1,2025-26,Detroit Pistons,Cleveland Cavaliers,103.5,29.25,52.25,22.0,46.75,12.75,34.0,21.5,15.875,1.4255255560722313,9.75,29.25,33.099999999999994,26.125,52.375,49.83013344887043,22.0,29.0,75.63749999999999,0.0,8.125,0.5430999227754343,8.625,21.875,0.37541503407959886,15.875,0.0,119.875,110.5,40.125,51.5,18.875,44.25,12.625,31.625,21.625,17.625,1.2470041804600627,13.375,38.875,35.05,25.75,45.0,57.444611628466475,18.875,25.5,74.7375,0.0,8.125,0.4815386002886003,4.75,21.5,0.24629067591024112,17.625,0.0,120.25
108,115,2026-05-08,1,1,2025-26,Minnesota Timberwolves,San Antonio Spurs,108.875,30.375,61.25,17.25,46.5,12.0,34.5,24.375,14.5,1.9323747086247087,10.125,30.0,33.95,30.625,59.0,52.00830150496028,17.25,24.375,71.4375,0.0,6.625,0.52256993006993,3.375,24.875,0.1404160654160654,14.5,0.0,119.875,114.375,39.375,56.75,18.25,46.125,11.625,34.5,25.375,14.375,1.8433692226890757,13.125,34.375,38.2875,28.375,52.5,54.36023127199598,18.25,23.75,77.175,0.0,8.0,0.5580302152912446,8.0,22.625,0.3487479114452799,14.375,0.0,136.625
94,108,2026-05-08,1,1,2025-26,Philadelphia 76ers,New York Knicks,104.375,37.875,48.5,18.0,39.375,8.25,31.125,20.875,12.125,1.9157296650717703,12.625,33.875,37.025,24.25,47.875,51.12286259433502,18.0,22.25,79.36250000000001,0.0,5.5,0.4652943912812334,4.5,19.875,0.23422440772647732,12.125,0.0,113.375,119.0,36.375,62.25,20.375,43.875,10.0,33.875,25.5,13.375,2.001712176712177,12.125,31.25,38.8625,31.125,52.5,59.75198184490677,20.375,26.25,77.7625,0.0,9.125,0.7163017538017538,4.625,21.875,0.21211984892771338,13.375,0.0,142.375
116,109,2026-05-09,1,1,2025-26,Cleveland Cavaliers,Detroit Pistons,106.875,36.75,51.25,18.875,44.625,12.875,31.75,21.125,16.875,1.2978063194974958,12.25,38.875,31.5375,25.625,45.0,57.18950958765015,18.875,25.375,75.1,0.0,7.875,0.49490758424581954,5.5,20.375,0.28576436012076745,16.875,0.0,116.625,104.25,30.75,53.25,20.25,47.125,13.5,33.625,21.75,15.75,1.457805775852451,10.25,28.75,35.4375,26.625,53.25,50.00641550015248,20.25,26.75,75.475,0.0,8.125,0.5492812414567529,8.5,22.5,0.3597064779298662,15.75,0.0,122.375
108,131,2026-05-09,1,1,2025-26,Los Angeles Lakers,Oklahoma City Thunder,100.5,30.0,52.5,18.0,40.0,10.125,29.875,23.625,18.125,1.3403634559884559,10.0,26.5,37.8875,26.25,50.875,51.97310841034992,18.0,24.0,75.3,0.0,7.5,0.42243867243867245,5.5,21.125,0.26931922196796343,18.125,0.0,111.875,116.75,43.5,57.0,16.25,41.75,11.75,30.0,26.875,12.0,2.401847325468649,14.5,39.125,37.6125,28.5,50.5,56.65779404121416,16.25,19.75,78.6625,0.0,9.75,0.8965517937944408,5.375,17.875,0.3445481601731602,12.0,0.0,138.375
114,109,2026-05-10,1,1,2025-26,Minnesota Timberwolves,San Antonio Spurs,109.25,31.5,60.0,17.75,47.875,13.0,34.875,24.5,14.375,1.9596182983682984,10.5,30.75,34.275,30.0,59.75,50.25342462616271,17.75,24.625,72.9375,0.0,6.125,0.4865122377622378,3.875,24.875,0.16041606541606543,14.375,0.0,120.375,114.0,38.25,56.0,19.75,46.5,10.875,35.625,25.25,14.5,1.7933692226890756,12.75,32.625,38.85,28.0,52.5,53.63907742584213,19.75,25.625,77.625,0.0,8.5,0.6010857708468003,8.25,23.25,0.35206916748392725,14.5,0.0,137.75
114,144,2026-05-10,1,1,2025-26,Philadelphia 76ers,New York Knicks,102.25,34.125,49.25,18.875,38.25,7.875,30.375,21.5,12.375,1.9270933014354066,11.375,33.0,34.45,24.625,48.0,51.73089426854316,18.875,22.875,82.7125,0.0,5.625,0.46150651249335456,4.375,20.875,0.21981264302059497,12.375,0.0,110.625,118.375,35.25,63.0,20.125,44.375,10.875,33.5,25.875,13.875,1.96004551004551,11.75,31.5,37.025,31.5,51.75,61.24085011948932,20.125,26.5,76.33749999999999,0.0,9.0,0.6867562992562993,4.5,21.5,0.20988770607057053,13.875,0.0,141.875
110,115,2026-05-11,1,1,2025-26,Los Angeles Lakers,Oklahoma City Thunder,100.625,31.5,51.0,18.125,40.25,11.5,28.75,23.875,17.75,1.3870546324590443,10.5,27.875,37.150000000000006,25.5,51.375,49.876737947271074,18.125,23.875,76.125,0.0,7.375,0.422806319497496,4.625,20.0,0.23713172196796337,17.75,0.0,110.0,119.75,44.625,59.0,16.125,41.375,11.375,30.0,27.5,11.625,2.5364627100840336,14.875,38.375,39.225,29.5,50.625,58.32987196329209,16.125,19.5,79.2875,0.0,9.875,0.94078256302521,5.625,18.75,0.35326028138528137,11.625,0.0,144.5
112,103,2026-05-11,1,1,2025-26,Cleveland Cavaliers,Detroit Pistons,107.0,36.375,51.25,19.375,44.375,12.5,31.875,21.125,17.0,1.2847110814022578,12.125,37.875,32.1625,25.625,44.875,57.40407215686389,19.375,26.125,75.1875,0.0,6.625,0.40383615567439096,5.75,20.0,0.30598494835606155,17.0,0.0,116.125,105.625,31.875,53.0,20.75,45.0,13.5,31.5,21.875,14.875,1.5179280584611468,10.625,28.625,37.05,26.5,54.125,49.07549613702973,20.75,26.5,78.41250000000001,0.0,8.5,0.5941181979784921,7.625,22.75,0.31992386923421406,14.875,0.0,122.375
126,97,2026-05-12,1,1,2025-26,San Antonio Spurs,Minnesota Timberwolves,113.75,34.875,58.5,20.375,46.0,11.125,34.875,24.375,14.5,1.7308692226890756,11.625,31.75,36.05,29.25,53.625,54.80329311211664,20.375,26.625,76.82499999999999,0.0,9.375,0.6635857708468003,8.0,23.375,0.337924430641822,14.5,0.0,136.25,108.625,30.0,60.75,17.875,47.875,13.75,34.125,23.25,15.0,1.7941771218977103,10.0,29.875,33.75,30.375,61.125,49.75035959417977,17.875,23.625,76.3875,0.0,6.0,0.46077694364459065,3.75,24.0,0.15751751469142775,15.0,0.0,118.125
113,117,2026-05-13,1,1,2025-26,Detroit Pistons,Cleveland Cavaliers,105.375,31.5,54.5,19.375,44.125,13.625,30.5,21.75,15.375,1.4741780584611468,10.5,27.5,38.1875,27.25,55.0,49.61008733199828,19.375,25.0,77.375,0.0,9.0,0.6097431979784921,6.5,23.0,0.27381275812310296,15.375,0.0,121.0,108.0,36.375,50.75,20.875,43.25,12.0,31.25,21.125,16.125,1.3456959298871063,12.125,37.375,32.537499999999994,25.375,45.0,56.52194002473175,20.875,27.5,76.425,0.0,7.125,0.45573009506833034,6.0,20.0,0.3226516150227282,16.125,0.0,117.875
109,139,2026-05-15,1,1,2025-26,Minnesota Timberwolves,San Antonio Spurs,106.625,30.0,57.75,18.875,46.5,13.5,33.0,21.5,15.625,1.574716894624983,10.0,29.75,33.85,28.875,60.0,48.08510535689164,18.875,24.75,76.8625,0.0,6.125,0.44728262546277253,3.625,23.625,0.1552026998766129,15.625,0.0,112.0,116.625,36.375,59.75,20.5,46.625,11.0,35.625,25.125,14.25,1.7994966736694678,12.125,32.75,36.7,29.875,53.0,56.4480299542219,20.5,26.5,77.625,0.0,8.875,0.6429975355526826,8.375,23.75,0.3498291925465839,14.25,0.0,141.625
94,115,2026-05-15,1,1,2025-26,Cleveland Cavaliers,Detroit Pistons,111.5,37.875,50.75,22.875,41.75,11.625,30.125,22.375,16.0,1.4253527926322043,12.625,36.75,34.412499999999994,25.375,44.75,56.781987306055626,22.875,29.375,78.475,0.0,7.25,0.4651255199049317,6.5,18.625,0.36981596687458007,16.0,0.0,123.375,108.5,33.375,56.0,19.125,43.0,14.0,29.0,23.0,14.75,1.5950113917944801,11.125,27.875,39.85,28.0,56.25,49.85047194738289,19.125,24.0,79.7,0.0,9.625,0.6618265313118255,5.5,22.625,0.2443034743034743,14.75,0.0,125.0
94,125,2026-05-17,1,1,2025-26,Detroit Pistons,Cleveland Cavaliers,108.375,35.625,55.5,17.25,42.25,13.625,28.625,23.625,14.875,1.6215636793761792,11.875,28.875,40.9375,27.75,55.5,50.21627462296818,17.25,22.0,78.25,0.0,9.5,0.6507971195471196,5.625,22.75,0.24863247863247862,14.875,0.0,125.0,107.625,35.625,49.0,23.0,42.375,13.125,29.25,21.75,16.625,1.3524361259655377,11.875,36.625,32.449999999999996,24.5,44.375,55.19468571875404,23.0,29.625,78.26249999999999,0.0,7.375,0.45470885323826504,5.875,18.875,0.32814930020791344,16.625,0.0,117.125
115,122,2026-05-18,1,1,2025-26,Oklahoma City Thunder,San Antonio Spurs,121.25,42.0,61.0,18.25,41.125,11.0,30.125,25.875,11.875,2.3343793767507,14.0,36.5,38.775,30.5,50.75,60.21252502451658,18.25,21.375,85.5375,0.0,10.25,0.95328256302521,4.75,20.75,0.24388528138528137,11.875,0.0,145.5,119.0,37.125,61.25,20.625,47.875,10.75,37.125,26.0,14.375,1.8401216736694679,12.375,33.375,36.5625,30.625,52.5,58.41099291718486,20.625,26.375,78.44999999999999,0.0,8.375,0.6086225355526826,9.0,23.25,0.3872101449275363,14.375,0.0,147.25
115,104,2026-05-19,1,1,2025-26,New York Knicks,Cleveland Cavaliers,123.125,40.5,62.0,20.625,44.375,11.0,33.375,27.25,13.5,2.1386169386169387,13.5,32.75,40.075,31.0,51.0,61.02005525798792,20.625,26.75,77.51249999999999,0.0,9.125,0.7102952602952602,4.5,21.625,0.20880545498831946,13.5,0.0,149.5,109.5,35.625,49.75,24.125,42.125,12.5,29.625,22.75,16.0,1.4907908268202386,11.875,35.75,33.15,24.875,44.25,56.06666912750215,24.125,31.75,77.4125,0.0,7.625,0.4953071438365556,5.875,19.0,0.3270670491256623,16.0,0.0,121.0
122,113,2026-05-20,1,1,2025-26,Oklahoma City Thunder,San Antonio Spurs,120.75,43.125,60.0,17.625,39.375,9.75,29.625,25.5,12.75,2.1052127100840337,14.375,36.375,39.7,30.0,51.875,58.122859371021136,17.625,20.875,84.65,0.0,10.375,0.8668242296918767,4.875,21.25,0.24257409257409257,12.75,0.0,141.0,120.0,36.75,61.0,22.25,50.5,11.5,39.0,25.875,15.625,1.7259912388868592,12.25,34.625,35.0375,30.5,52.375,58.30180353912756,22.25,27.875,79.7875,0.0,8.25,0.5530205288637194,8.625,23.0,0.3737389669826741,15.625,0.0,147.75
109,93,2026-05-21,1,1,2025-26,New York Knicks,Cleveland Cavaliers,124.0,40.5,62.5,21.0,44.5,10.375,34.125,27.375,13.625,2.1382514415409153,13.5,32.375,40.4125,31.25,50.75,61.697395159465756,21.0,28.25,74.46249999999999,0.0,9.125,0.7066402895350263,4.125,22.75,0.18165613372135112,13.625,0.0,149.875,108.25,37.5,48.0,22.75,39.375,11.375,28.0,22.75,16.5,1.458577941666177,12.5,37.125,33.625,24.0,43.5,54.97971260576303,22.75,30.0,76.9875,0.0,8.0,0.5019598049009814,6.0,19.75,0.3257552050477013,16.5,0.0,116.5
108,123,2026-05-22,1,1,2025-26,San Antonio Spurs,Oklahoma City Thunder,119.875,38.25,60.0,21.625,50.875,12.625,38.25,25.25,16.125,1.6584142080745343,12.75,35.875,35.0375,30.0,52.25,57.34852071084474,21.625,26.375,82.1875,0.0,8.25,0.5460177277432713,8.375,22.625,0.36778658603029313,16.125,0.0,146.375,121.0,42.75,60.75,17.5,39.5,10.375,29.125,26.75,12.75,2.2302127100840337,14.25,35.875,39.837500000000006,30.375,52.75,57.91156795790416,17.5,20.75,84.55000000000001,0.0,10.375,0.8668242296918768,4.5,21.25,0.22471694971694972,12.75,0.0,142.125
108,121,2026-05-23,1,1,2025-26,Cleveland Cavaliers,New York Knicks,107.25,35.625,48.0,23.625,39.5,11.625,27.875,21.75,15.0,1.549202941666177,11.875,36.75,32.2375,24.0,43.875,54.54320466925509,23.625,32.0,73.8625,0.0,7.625,0.5207098049009814,6.0,19.5,0.3285961141386104,15.0,0.0,114.0,123.375,40.125,63.5,19.75,44.125,9.5,34.625,28.5,12.75,2.4465847748742484,13.375,33.0,39.275,31.75,50.375,63.115173809387265,19.75,27.125,71.8125,0.0,8.625,0.7097652895350264,4.375,22.625,0.19376087680435505,12.75,0.0,150.625
103,82,2026-05-24,1,1,2025-26,San Antonio Spurs,Oklahoma City Thunder,120.625,39.375,58.0,23.25,49.625,12.125,37.5,25.5,16.25,1.6607951604554865,13.125,36.5,35.525,29.0,50.75,56.97144680435906,23.25,28.25,82.6875,0.0,8.75,0.5769701086956522,7.375,23.0,0.3245723003160074,16.25,0.0,145.5,121.25,44.625,58.0,18.625,39.25,10.25,29.0,27.5,13.125,2.2003831646294882,14.875,36.0,41.375,29.0,51.375,56.66802790622458,18.625,22.25,83.8375,0.0,10.5,0.8526196842373313,4.0,21.625,0.20062604062604064,13.125,0.0,142.25
93,130,2026-05-25,1,1,2025-26,Cleveland Cavaliers,New York Knicks,108.625,37.5,48.75,22.375,39.25,11.625,27.625,22.0,15.875,1.4747079921712276,12.5,37.875,33.1625,24.375,43.125,56.37637979977241,22.375,31.0,71.575,0.0,7.625,0.4897754614666379,5.375,19.875,0.29480424810990224,15.875,0.0,114.25,122.75,40.125,63.0,19.625,42.75,9.5,33.25,28.625,13.25,2.376130229419703,13.375,33.25,38.9,31.5,49.875,63.25957119098141,19.625,26.25,73.7375,0.0,9.25,0.7332501380198748,4.125,22.125,0.18746797062586537,13.25,0.0,149.375
127,114,2026-05-26,1,1,2025-26,Oklahoma City Thunder,San Antonio Spurs,115.125,40.5,57.25,17.375,40.25,10.0,30.25,26.75,13.5,2.132000811688312,13.5,35.875,37.4,28.625,52.625,54.80919169932803,17.375,20.75,84.1125,0.0,11.0,0.8721049783549784,4.125,22.25,0.20062604062604064,13.5,0.0,134.0,116.875,36.75,57.25,22.875,49.25,12.25,37.0,25.0,15.875,1.674617275840102,12.25,35.75,33.8125,28.625,51.5,55.565358053069076,22.875,28.125,81.83749999999999,0.0,8.5,0.581176839464883,7.5,22.0,0.346893728887436,15.875,0.0,139.625
118,91,2026-05-28,1,1,2025-26,San Antonio Spurs,Oklahoma City Thunder,116.75,36.75,56.75,23.25,48.375,13.125,35.25,24.875,16.5,1.5579506091734352,12.25,36.75,32.925,28.375,51.375,55.20242441807662,23.25,28.0,83.3,0.0,9.125,0.5853435061315496,7.0,22.75,0.3217812851093251,16.5,0.0,137.375,117.5,40.875,56.5,20.125,40.75,10.625,30.125,26.375,13.625,2.096614782276547,13.625,36.125,37.4625,28.25,52.125,54.59083162802678,20.125,24.0,83.50000000000001,0.0,11.125,0.8757814489432136,3.875,23.25,0.16653513153513153,13.625,0.0,135.75
103,111,2026-05-30,1,1,2025-26,Oklahoma City Thunder,San Antonio Spurs,113.25,39.375,55.0,18.875,42.0,11.0,31.0,25.875,13.5,2.0760103866721513,13.125,36.625,35.725,27.5,53.25,51.7667575539527,18.875,22.25,84.8625,0.0,10.75,0.855177053338818,3.625,23.25,0.15463036963036964,13.5,0.0,129.375,117.875,40.125,54.5,23.25,49.75,12.875,36.875,26.5,16.375,1.6946264333492596,13.375,38.625,34.6125,27.25,49.75,54.825651368431224,23.25,27.75,84.075,0.0,8.375,0.5365797698678133,7.5,22.0,0.36553128510932503,16.375,0.0,141.375
95,105,2026-06-03,1,1,2025-26,San Antonio Spurs,New York Knicks,116.0,42.375,51.25,22.375,48.5,13.375,35.125,26.0,16.0,1.705043100015926,14.125,39.625,35.625,25.625,48.625,52.9204978596593,22.375,26.75,83.5625,0.0,8.375,0.5553297698678133,6.75,21.25,0.3377535073315473,16.0,0.0,136.75,121.5,42.375,61.0,18.125,44.5,10.875,33.625,28.625,13.875,2.238630229419703,14.125,34.125,39.9125,30.5,50.625,60.411704771686416,18.125,24.5,73.1875,0.0,9.125,0.6582501380198749,3.625,21.875,0.1658770615349563,13.875,0.0,147.0
104,105,2026-06-05,1,1,2025-26,San Antonio Spurs,New York Knicks,110.5,39.75,48.75,22.0,47.75,13.625,34.125,23.75,15.625,1.5932642538620798,13.25,40.25,32.9,24.375,48.125,50.87701959878974,22.0,26.5,82.91250000000001,0.0,8.625,0.5781663083293518,5.625,21.5,0.2821116853853775,15.625,0.0,125.375,117.5,39.375,59.5,18.625,45.75,11.125,34.625,26.875,13.125,2.233074673864148,13.125,34.0,37.3125,29.75,52.0,57.403634338817746,18.625,24.625,75.475,0.0,8.875,0.6860279157976527,3.375,21.625,0.15761619196973886,13.125,0.0,140.125
111,115,2026-06-08,1,1,2025-26,New York Knicks,San Antonio Spurs,117.125,42.375,56.75,18.0,46.625,11.25,35.375,27.375,13.375,2.2343567251461987,14.125,35.5,38.8875,28.375,51.75,55.01277233363832,18.0,24.125,74.5,0.0,9.0,0.6815407363104732,3.875,22.0,0.1777248876219128,13.375,0.0,139.75,108.25,39.0,48.25,21.0,45.375,12.375,33.0,23.375,14.75,1.6292696886446887,13.0,38.5,33.862500000000004,24.125,47.625,50.905899075108564,21.0,26.25,80.075,0.0,8.125,0.5730711996336997,5.625,21.625,0.2798090538064301,14.75,0.0,121.75
107,106,2026-06-10,1,1,2025-26,New York Knicks,San Antonio Spurs,117.5,43.875,56.25,17.375,46.25,11.125,35.125,26.5,13.125,2.1991003148897885,14.625,36.75,39.1125,28.125,52.0,54.23246020878838,17.375,22.875,75.7375,0.0,8.75,0.6700022747720116,4.125,22.25,0.1865240594645629,13.125,0.0,138.5,108.5,37.5,48.75,22.25,44.375,11.125,33.25,24.125,13.125,1.9358173076923078,12.5,37.75,33.275,24.375,48.375,50.55362634783583,22.25,28.125,78.8125,0.0,8.375,0.6526842948717948,5.75,21.625,0.2857614347588111,13.125,0.0,122.875
90,94,2026-06-13,1,1,2025-26,San Antonio Spurs,New York Knicks,108.25,39.0,48.25,21.0,45.0,11.5,33.5,23.875,12.75,1.969150641025641,13.0,38.0,34.25,24.125,48.875,49.346112931020095,21.0,26.5,79.2125,0.0,8.625,0.6901842948717949,5.5,20.75,0.2827852442826206,12.75,0.0,123.25,112.875,40.125,55.5,17.25,45.25,10.25,35.0,25.25,13.625,2.0157669815564554,13.375,35.25,37.875,27.75,51.875,53.556003224514555,17.25,22.75,75.61250000000001,0.0,8.75,0.6518204565901935,4.125,22.125,0.18760631054681398,13.625,0.0,131.125
