placar_casa,placar_visitante,data,round,stage,ano,equipe_casa,equipe_visitante,Pts_casa,3P_casa,2P_casa,LL_casa,RT_casa,RO_casa,RD_casa,AS_casa,ER_casa,IA%_casa,3PC_casa,3PT_casa,3P%_casa,2PC_casa,2PT_casa,2P%_casa,LLC_casa,LLT_casa,LL%_casa,EN_casa,BR_casa,B/E_casa,TO_casa,FC_casa,T/FC_casa,ET_casa,VI_casa,EF_casa,Pts_visitante,3P_visitante,2P_visitante,LL_visitante,RT_visitante,RO_visitante,RD_visitante,AS_visitante,ER_visitante,IA%_visitante,3PC_visitante,3PT_visitante,3P%_visitante,2PC_visitante,2PT_visitante,2P%_visitante,LLC_visitante,LLT_visitante,LL%_visitante,EN_visitante,BR_visitante,B/E_visitante,TO_visitante,FC_visitante,T/FC_visitante,ET_visitante,VI_visitante,EF_visitante
94,102,2016-10-27,1,1,2016-17,Sacramento Kings,San Antonio Spurs,113.0,18.0,76.0,19.0,41.0,10.0,31.0,24.0,14.0,1.7142857142857142,6.0,21.0,28.599999999999998,38.0,65.0,58.46153846153847,19.0,26.0,73.1,0.0,5.0,0.35714285714285715,5.0,20.0,0.25,14.0,0.0,125.0,129.0,36.0,70.0,23.0,55.0,21.0,34.0,25.0,14.0,1.7857142857142858,12.0,24.0,50.0,35.0,74.0,47.2972972972973,23.0,26.0,88.5,0.0,13.0,0.9285714285714286,3.0,19.0,0.15789473684210525,14.0,0.0,157.0
114,122,2016-10-28,1,1,2016-17,New Orleans Pelicans,Golden State Warriors,102.0,9.0,70.0,23.0,33.0,5.0,28.0,31.0,11.0,2.8181818181818183,3.0,19.0,15.8,35.0,73.0,47.94520547945205,23.0,26.0,88.5,0.0,16.0,1.4545454545454546,5.0,29.0,0.1724137931034483,11.0,0.0,119.0,100.0,21.0,66.0,13.0,35.0,8.0,27.0,24.0,16.0,1.5,7.0,33.0,21.2,33.0,52.0,63.46153846153846,13.0,18.0,72.2,0.0,11.0,0.6875,6.0,19.0,0.3157894736842105,16.0,0.0,110.0
91,97,2016-10-28,1,1,2016-17,Miami Heat,Charlotte Hornets,108.0,12.0,86.0,10.0,52.0,16.0,36.0,27.0,12.0,2.25,4.0,16.0,25.0,43.0,81.0,53.086419753086425,10.0,16.0,62.5,0.0,5.0,0.4166666666666667,7.0,22.0,0.3181818181818182,12.0,0.0,131.0,107.0,21.0,66.0,20.0,51.0,11.0,40.0,27.0,10.0,2.7,7.0,23.0,30.4,33.0,66.0,50.0,20.0,24.0,83.3,0.0,5.0,0.5,10.0,22.0,0.45454545454545453,10.0,0.0,137.0
98,106,2016-10-28,1,1,2016-17,Dallas Mavericks,Houston Rockets,121.0,54.0,54.0,13.0,49.0,10.0,39.0,26.0,15.0,1.7333333333333334,18.0,48.0,37.5,27.0,56.0,48.214285714285715,13.0,18.0,72.2,0.0,8.0,0.5333333333333333,8.0,27.0,0.2962962962962963,15.0,0.0,133.0,114.0,21.0,74.0,19.0,39.0,10.0,29.0,29.0,15.0,1.9333333333333333,7.0,29.0,24.099999999999998,37.0,57.0,64.91228070175438,19.0,27.0,70.39999999999999,0.0,10.0,0.6666666666666666,1.0,23.0,0.043478260869565216,15.0,0.0,128.0
91,94,2016-10-28,1,1,2016-17,Toronto Raptors,Cleveland Cavaliers,109.0,9.0,76.0,24.0,51.0,14.0,37.0,17.0,12.0,1.4166666666666667,3.0,18.0,16.7,38.0,68.0,55.88235294117647,24.0,29.0,82.8,0.0,8.0,0.6666666666666666,0.0,22.0,0.0,12.0,0.0,123.0,117.0,39.0,64.0,14.0,51.0,11.0,40.0,31.0,15.0,2.066666666666667,13.0,35.0,37.1,32.0,59.0,54.23728813559322,14.0,19.0,73.7,0.0,12.0,0.8,5.0,22.0,0.22727272727272727,15.0,0.0,147.0
108,82,2016-10-28,1,1,2016-17,Detroit Pistons,Orlando Magic,91.0,12.0,62.0,17.0,40.0,8.0,32.0,17.0,14.0,1.2142857142857142,4.0,22.0,18.2,31.0,62.0,50.0,17.0,22.0,77.3,0.0,8.0,0.5714285714285714,0.0,24.0,0.0,14.0,0.0,88.0,96.0,18.0,56.0,22.0,45.0,15.0,30.0,20.0,11.0,1.8181818181818181,6.0,18.0,33.300000000000004,28.0,71.0,39.436619718309856,22.0,28.0,78.60000000000001,0.0,5.0,0.45454545454545453,4.0,15.0,0.26666666666666666,11.0,0.0,98.0
103,94,2016-10-28,1,1,2016-17,Brooklyn Nets,Indiana Pacers,117.0,45.0,56.0,16.0,44.0,15.0,29.0,22.0,16.0,1.375,15.0,44.0,34.1,28.0,53.0,52.83018867924528,16.0,20.0,80.0,0.0,8.0,0.5,3.0,19.0,0.15789473684210525,16.0,0.0,120.0,130.0,30.0,74.0,26.0,52.0,8.0,44.0,30.0,16.0,1.875,10.0,19.0,52.6,37.0,74.0,50.0,26.0,34.0,76.5,0.0,11.0,0.6875,6.0,23.0,0.2608695652173913,16.0,0.0,159.0
96,89,2016-10-28,1,1,2016-17,Utah Jazz,Los Angeles Lakers,104.0,24.0,64.0,16.0,31.0,6.0,25.0,19.0,14.0,1.3571428571428572,8.0,24.0,33.300000000000004,32.0,58.0,55.172413793103445,16.0,16.0,100.0,0.0,9.0,0.6428571428571429,5.0,19.0,0.2631578947368421,14.0,0.0,112.0,120.0,36.0,66.0,18.0,39.0,11.0,28.0,21.0,16.0,1.3125,12.0,35.0,34.300000000000004,33.0,54.0,61.111111111111114,18.0,22.0,81.8,0.0,10.0,0.625,4.0,24.0,0.16666666666666666,16.0,0.0,130.0
113,110,2016-10-28,1,1,2016-17,Oklahoma City Thunder,Phoenix Suns,103.0,18.0,66.0,19.0,53.0,13.0,40.0,19.0,10.0,1.9,6.0,22.0,27.3,33.0,72.0,45.83333333333333,19.0,26.0,73.1,0.0,7.0,0.7,3.0,23.0,0.13043478260869565,10.0,0.0,113.0,94.0,12.0,64.0,18.0,41.0,10.0,31.0,20.0,18.0,1.1111111111111112,4.0,16.0,25.0,32.0,61.0,52.459016393442624,18.0,27.0,66.7,0.0,6.0,0.3333333333333333,3.0,29.0,0.10344827586206896,18.0,0.0,96.0
106,103,2016-10-29,1,1,2016-17,Sacramento Kings,Minnesota Timberwolves,103.5,18.0,60.0,25.5,40.5,8.0,32.5,23.0,15.0,1.5446428571428572,6.0,20.5,29.299999999999997,30.0,57.5,51.23076923076923,25.5,32.0,78.65,0.0,6.0,0.3973214285714286,2.5,20.5,0.125,15.0,0.0,112.0,98.0,18.0,60.0,20.0,45.0,15.0,30.0,20.0,11.0,1.8181818181818181,6.0,18.0,33.300000000000004,30.0,68.0,44.11764705882353,20.0,29.0,69.0,0.0,6.0,0.5454545454545454,5.0,23.0,0.21739130434782608,11.0,0.0,104.0
110,108,2016-10-29,1,1,2016-17,Milwaukee Bucks,Brooklyn Nets,96.0,9.0,72.0,15.0,46.0,10.0,36.0,23.0,8.0,2.875,3.0,16.0,18.8,36.0,76.0,47.368421052631575,15.0,20.0,75.0,0.0,4.0,0.5,5.0,22.0,0.22727272727272727,8.0,0.0,108.0,110.0,37.5,56.0,16.5,48.0,13.5,34.5,21.0,16.0,1.3125,12.5,38.5,32.2,28.0,53.5,52.341020265548565,16.5,20.0,82.5,0.0,7.0,0.4375,3.5,21.0,0.16590389016018306,16.0,0.0,118.5
105,99,2016-10-29,1,1,2016-17,Cleveland Cavaliers,Orlando Magic,105.5,37.5,53.0,15.0,45.5,10.0,35.5,25.5,16.5,1.588888888888889,12.5,33.5,37.3,26.5,53.0,49.4590695997115,15.0,20.5,73.2,0.0,10.0,0.6222222222222222,4.0,18.5,0.21363636363636362,16.5,0.0,121.0,89.0,21.0,53.0,15.0,44.5,14.5,30.0,20.0,10.0,2.0202020202020203,7.0,22.0,32.050000000000004,26.5,70.0,37.834251888140436,15.0,20.0,72.65,0.0,6.5,0.6717171717171717,3.5,14.0,0.24871794871794872,10.0,0.0,90.0
118,101,2016-10-29,1,1,2016-17,Chicago Bulls,Indiana Pacers,105.0,33.0,50.0,22.0,55.0,18.0,37.0,25.0,12.0,2.0833333333333335,11.0,25.0,44.0,25.0,67.0,37.3134328358209,22.0,30.0,73.3,0.0,5.0,0.4166666666666667,1.0,21.0,0.047619047619047616,12.0,0.0,115.0,112.0,25.5,67.0,19.5,50.5,11.0,39.5,26.0,14.5,1.7836538461538463,8.5,21.5,40.9,33.5,74.0,45.270270270270274,19.5,27.0,70.75,0.0,9.0,0.6129807692307692,6.0,22.5,0.26679841897233203,14.5,0.0,128.0
113,115,2016-10-29,1,1,2016-17,Denver Nuggets,Portland Trail Blazers,107.0,24.0,58.0,25.0,58.0,11.0,47.0,18.0,25.0,0.72,8.0,24.0,33.300000000000004,29.0,59.0,49.152542372881356,25.0,33.0,75.8,0.0,7.0,0.28,4.0,22.0,0.18181818181818182,25.0,0.0,115.0,109.5,25.5,61.0,23.0,41.0,7.0,34.0,20.0,13.5,1.489010989010989,8.5,18.5,45.300000000000004,30.5,61.5,49.33368869936034,23.0,27.0,87.5,0.0,4.5,0.3351648351648352,3.5,26.0,0.14215686274509803,13.5,0.0,120.0
72,104,2016-10-29,1,1,2016-17,Philadelphia 76ers,Atlanta Hawks,97.0,21.0,58.0,18.0,43.0,5.0,38.0,21.0,14.0,1.5,7.0,24.0,29.2,29.0,60.0,48.333333333333336,18.0,25.0,72.0,0.0,5.0,0.35714285714285715,10.0,22.0,0.45454545454545453,14.0,0.0,107.0,114.0,36.0,64.0,14.0,52.0,14.0,38.0,28.0,21.0,1.3333333333333333,12.0,26.0,46.2,32.0,62.0,51.61290322580645,14.0,18.0,77.8,0.0,13.0,0.6190476190476191,7.0,19.0,0.3684210526315789,21.0,0.0,145.0
98,104,2016-10-29,1,1,2016-17,Charlotte Hornets,Boston Celtics,102.0,21.0,61.0,20.0,50.0,12.0,38.0,23.5,9.0,2.6,7.0,22.5,31.1,30.5,68.0,45.0,20.0,24.0,83.3,0.0,7.5,0.875,9.5,21.0,0.45227272727272727,9.0,0.0,126.5,110.5,28.5,67.0,15.0,41.5,7.5,34.0,29.0,15.5,1.8640350877192982,9.5,27.5,34.599999999999994,33.5,55.0,60.758027143330025,15.0,21.0,72.9,0.0,9.5,0.5921052631578947,7.5,22.5,0.345,15.5,0.0,137.0
98,79,2016-10-29,1,1,2016-17,San Antonio Spurs,New Orleans Pelicans,115.5,27.0,65.0,23.5,47.5,15.0,32.5,24.0,12.0,2.0428571428571427,9.0,21.0,41.650000000000006,32.5,67.5,48.238812583074875,23.5,26.5,88.7,0.0,11.5,0.9642857142857143,5.5,22.5,0.23279352226720648,12.0,0.0,142.0,108.0,12.0,77.0,19.0,41.0,8.5,32.5,30.0,13.0,2.375757575757576,4.0,20.5,19.25,38.5,75.5,50.89567966280295,19.0,24.5,76.85,0.0,12.0,0.9939393939393939,5.0,26.5,0.19037356321839083,13.0,0.0,124.0
111,104,2016-10-29,1,1,2016-17,New York Knicks,Memphis Grizzlies,88.0,27.0,46.0,15.0,42.0,13.0,29.0,17.0,18.0,0.9444444444444444,9.0,27.0,33.300000000000004,23.0,60.0,38.333333333333336,15.0,20.0,75.0,0.0,6.0,0.3333333333333333,6.0,22.0,0.2727272727272727,18.0,0.0,81.0,102.0,33.0,50.0,19.0,45.0,11.0,34.0,19.0,13.0,1.4615384615384615,11.0,24.0,45.800000000000004,25.0,56.0,44.642857142857146,19.0,27.0,70.39999999999999,0.0,6.0,0.46153846153846156,11.0,25.0,0.44,13.0,0.0,118.0
100,106,2016-10-30,1,1,2016-17,Phoenix Suns,Golden State Warriors,102.0,13.5,69.0,19.5,42.5,8.5,34.0,17.5,16.5,1.0555555555555556,4.5,22.0,21.45,34.5,63.5,54.25981122702434,19.5,29.5,66.15,0.0,8.5,0.5333333333333333,3.0,29.0,0.10344827586206896,16.5,0.0,100.5,111.0,24.0,68.0,19.0,42.0,8.5,33.5,28.0,15.0,1.8928571428571428,8.0,30.5,26.65,34.0,57.5,59.50854700854701,19.0,23.0,80.75,0.0,9.5,0.6294642857142857,4.0,20.5,0.20334928229665072,15.0,0.0,129.5
88,75,2016-10-30,1,1,2016-17,LA Clippers,Utah Jazz,114.0,24.0,58.0,32.0,48.0,15.0,33.0,12.0,8.0,1.5,8.0,29.0,27.6,29.0,62.0,46.774193548387096,32.0,46.0,69.6,0.0,10.0,1.25,4.0,25.0,0.16,8.0,0.0,112.0,100.0,21.0,57.0,22.0,39.0,9.5,29.5,16.5,14.0,1.1785714285714286,7.0,24.5,28.650000000000002,28.5,54.0,52.58620689655172,22.0,28.0,85.0,0.0,6.5,0.4642857142857143,6.0,18.5,0.3260233918128655,14.0,0.0,105.0
93,92,2016-10-30,1,1,2016-17,Houston Rockets,Dallas Mavericks,110.0,33.0,55.0,22.0,40.0,7.5,32.5,25.0,17.0,1.5192982456140351,11.0,30.5,35.5,27.5,47.5,56.14035087719298,22.0,29.0,75.5,0.0,8.0,0.49122807017543857,1.0,22.5,0.044466403162055336,17.0,0.0,120.5,109.5,39.0,54.0,16.5,41.5,8.0,33.5,19.5,12.5,1.5166666666666666,13.0,38.5,32.55,27.0,53.5,50.57773109243698,16.5,21.0,77.75,0.0,9.5,0.8166666666666667,5.0,24.0,0.19576719576719576,12.5,0.0,116.0
112,103,2016-10-30,1,1,2016-17,Memphis Grizzlies,Washington Wizards,103.0,30.0,53.0,20.0,42.5,11.0,31.5,19.0,12.5,1.5224358974358974,10.0,24.5,40.900000000000006,26.5,58.5,45.272248243559716,20.0,26.5,75.6,0.0,4.5,0.3557692307692308,6.5,27.5,0.25333333333333335,12.5,0.0,110.0,99.0,18.0,68.0,13.0,40.0,12.0,28.0,25.0,19.0,1.3157894736842106,6.0,20.0,30.0,34.0,74.0,45.94594594594595,13.0,18.0,72.2,0.0,14.0,0.7368421052631579,4.0,20.0,0.2,19.0,0.0,104.0
98,83,2016-10-30,1,1,2016-17,Detroit Pistons,Milwaukee Bucks,99.5,16.5,72.0,11.0,46.5,8.5,38.0,22.0,13.0,1.7321428571428572,5.5,20.5,27.5,36.0,69.0,51.973684210526315,11.0,14.0,80.3,0.0,8.0,0.6190476190476191,2.0,17.5,0.18181818181818182,13.0,0.0,114.0,103.0,16.5,69.0,17.5,45.0,9.0,36.0,24.0,11.0,2.330357142857143,5.5,19.0,27.6,34.5,71.0,48.68421052631579,17.5,22.0,79.15,0.0,9.0,0.75,5.0,22.5,0.22233201581027667,11.0,0.0,120.5
99,106,2016-10-30,1,1,2016-17,Miami Heat,San Antonio Spurs,99.5,27.0,61.0,11.5,52.0,13.5,38.5,23.0,16.0,1.6,9.0,25.0,33.099999999999994,30.5,66.5,43.85090218423552,11.5,18.0,63.75,0.0,3.5,0.25833333333333336,5.5,22.5,0.24604743083003952,16.0,0.0,109.0,109.66666666666667,28.0,60.0,21.666666666666668,48.333333333333336,12.0,36.333333333333336,23.0,11.333333333333334,2.0619047619047617,9.333333333333334,22.0,41.666666666666664,30.0,64.66666666666667,46.28350217402732,21.666666666666668,25.333333333333332,85.23333333333333,0.0,9.666666666666666,0.8428571428571429,6.0,20.0,0.3107512370670265,11.333333333333334,0.0,134.33333333333334
113,96,2016-10-30,1,1,2016-17,Oklahoma City Thunder,Los Angeles Lakers,108.0,16.5,68.0,23.5,55.0,13.5,41.5,16.0,16.0,1.2454545454545454,5.5,21.5,25.549999999999997,34.0,73.5,46.25,23.5,32.0,73.4,0.0,9.0,0.6,3.0,23.5,0.12771739130434784,16.0,0.0,111.0,104.5,31.5,56.0,17.0,41.0,11.0,30.0,18.5,16.5,1.1268382352941178,10.5,29.0,36.7,28.0,57.5,49.408014571948996,17.0,21.5,79.0,0.0,8.0,0.48897058823529416,5.5,26.5,0.20402298850574713,16.5,0.0,108.5
116,98,2016-10-31,1,1,2016-17,LA Clippers,Phoenix Suns,101.0,21.0,57.0,23.0,48.5,14.5,34.0,14.5,10.5,1.4038461538461537,7.0,28.0,24.9,28.5,59.0,48.38709677419355,23.0,33.0,69.8,0.0,9.0,0.9326923076923077,4.0,19.5,0.22285714285714286,10.5,0.0,105.0,101.33333333333333,17.0,65.33333333333333,19.0,45.0,9.333333333333334,35.666666666666664,18.0,15.0,1.2314814814814816,5.666666666666667,22.333333333333332,25.899999999999995,32.666666666666664,64.66666666666667,50.601068181200304,19.0,28.0,68.10000000000001,0.0,9.0,0.6333333333333333,4.0,28.0,0.14588859416445624,15.0,0.0,104.66666666666667
106,95,2016-10-31,1,1,2016-17,Atlanta Hawks,Sacramento Kings,109.0,25.5,69.0,14.5,49.5,10.0,39.5,29.5,16.5,1.9583333333333335,8.5,23.0,35.6,34.5,63.5,54.267990074441684,14.5,20.5,71.5,0.0,12.0,0.7678571428571428,7.0,16.5,0.4342105263157895,16.5,0.0,141.0,104.33333333333333,21.0,60.0,23.333333333333332,37.333333333333336,9.0,28.333333333333332,23.333333333333332,14.333333333333334,1.64514652014652,7.0,22.333333333333332,31.066666666666663,30.0,58.0,51.10299869621904,23.333333333333332,29.666666666666668,77.76666666666667,0.0,6.0,0.41872710622710624,3.3333333333333335,21.666666666666668,0.1527777777777778,14.333333333333334,0.0,110.33333333333333
88,118,2016-10-31,1,1,2016-17,Brooklyn Nets,Chicago Bulls,109.33333333333333,36.0,54.666666666666664,18.666666666666668,47.0,12.666666666666666,34.333333333333336,21.666666666666668,16.666666666666668,1.3009259259259258,12.0,37.0,32.266666666666666,27.333333333333332,52.333333333333336,52.227346843699046,18.666666666666668,22.666666666666668,82.36666666666666,0.0,8.666666666666666,0.5138888888888888,4.333333333333333,21.333333333333332,0.20151168434921293,16.666666666666668,0.0,120.33333333333333,111.5,30.0,61.0,20.5,51.0,15.5,35.5,29.5,12.0,2.4583333333333335,10.0,23.0,43.45,30.5,66.0,46.34902411021814,20.5,25.5,81.9,0.0,6.5,0.5416666666666666,3.5,17.5,0.23809523809523808,12.0,0.0,136.5
105,102,2016-10-31,1,1,2016-17,Toronto Raptors,Denver Nuggets,100.0,10.5,69.0,20.5,51.0,16.0,35.0,14.5,15.0,1.0416666666666667,3.5,17.0,20.85,34.5,71.0,48.88712241653418,20.5,23.5,88.6,0.0,8.5,0.5833333333333333,1.5,21.0,0.075,15.0,0.0,107.5,110.0,21.0,61.0,28.0,59.5,13.5,46.0,18.5,21.0,0.9188235294117647,7.0,23.5,29.700000000000003,30.5,68.0,45.35549196566146,28.0,36.0,77.65,0.0,8.5,0.43411764705882355,4.5,21.5,0.20995670995670995,21.0,0.0,118.0
101,103,2016-11-01,1,1,2016-17,Philadelphia 76ers,Orlando Magic,84.5,18.0,52.0,14.5,41.0,4.5,36.5,18.5,17.0,1.15,6.0,21.0,28.5,26.0,61.0,42.715053763440864,14.5,20.0,72.65,0.0,7.0,0.4035714285714286,7.5,21.0,0.3522727272727273,17.0,0.0,86.0,92.33333333333333,22.0,55.333333333333336,15.0,46.333333333333336,14.0,32.333333333333336,20.333333333333332,13.666666666666666,1.6801346801346801,7.333333333333333,24.0,30.900000000000002,27.666666666666668,65.33333333333333,43.07997744923648,15.0,22.0,67.66666666666667,0.0,6.333333333333333,0.543049543049543,4.0,17.0,0.23827573392790782,13.666666666666666,0.0,94.33333333333333
116,80,2016-11-01,1,1,2016-17,Minnesota Timberwolves,Memphis Grizzlies,100.5,19.5,60.0,21.0,40.5,11.0,29.5,19.5,12.5,1.5876623376623376,6.5,20.0,32.550000000000004,30.0,58.0,53.30882352941177,21.0,30.0,70.0,0.0,6.0,0.487012987012987,5.0,24.0,0.20869565217391306,12.5,0.0,108.5,106.0,35.0,51.333333333333336,19.666666666666668,44.0,11.0,33.0,20.666666666666668,13.0,1.5863858363858363,11.666666666666666,26.666666666666668,43.4,25.666666666666668,58.0,44.21658654833806,19.666666666666668,26.333333333333332,74.76666666666667,0.0,6.0,0.45146520146520147,5.0,27.0,0.19452991452991453,13.0,0.0,114.66666666666667
91,106,2016-11-01,1,1,2016-17,San Antonio Spurs,Utah Jazz,108.75,28.5,58.5,21.75,47.25,12.5,34.75,22.25,12.25,1.8797619047619047,9.5,21.0,45.150000000000006,29.25,64.5,45.25950163052049,21.75,25.5,85.075,0.0,8.25,0.6988095238095238,5.75,21.5,0.28114035087719297,12.25,0.0,129.5,91.66666666666667,21.0,52.666666666666664,18.0,40.333333333333336,8.666666666666666,31.666666666666668,17.0,15.333333333333334,1.119047619047619,7.0,22.666666666666668,31.366666666666664,26.333333333333332,54.0,48.63771817794807,18.0,23.0,82.3,0.0,7.0,0.4576719576719577,4.666666666666667,19.666666666666668,0.24765195817827398,15.333333333333334,0.0,97.0
128,120,2016-11-01,1,1,2016-17,Cleveland Cavaliers,Houston Rockets,105.33333333333333,36.0,52.0,17.333333333333332,43.666666666666664,11.0,32.666666666666664,22.666666666666668,14.0,1.6888888888888889,12.0,34.666666666666664,34.766666666666666,26.0,52.333333333333336,49.312582347520085,17.333333333333332,23.666666666666668,73.23333333333333,0.0,9.333333333333334,0.7111111111111111,4.666666666666667,21.333333333333332,0.2164983164983165,14.0,0.0,116.33333333333333,104.33333333333333,33.0,52.0,19.333333333333332,42.333333333333336,8.0,34.333333333333336,22.0,17.0,1.3265909872721018,11.0,30.666666666666668,35.5,26.0,48.333333333333336,52.760233918128655,19.333333333333332,26.333333333333332,72.56666666666666,0.0,7.0,0.4255245958032336,2.0,22.0,0.09313633226676704,17.0,0.0,111.66666666666667
104,127,2016-11-01,1,1,2016-17,Portland Trail Blazers,Golden State Warriors,111.33333333333333,27.0,64.0,20.333333333333332,42.333333333333336,6.333333333333333,36.0,21.0,14.333333333333334,1.4718406593406594,9.0,23.0,40.63333333333333,32.0,63.0,50.56589347634124,20.333333333333332,25.0,82.13333333333333,0.0,6.333333333333333,0.4317765567765568,5.0,27.333333333333332,0.18366013071895426,14.333333333333334,0.0,122.0,109.33333333333333,24.0,63.333333333333336,22.0,42.333333333333336,8.0,34.333333333333336,27.666666666666668,15.333333333333334,1.8244047619047619,8.0,30.0,26.96666666666667,31.666666666666668,56.333333333333336,56.339031339031344,22.0,26.333333333333332,82.10000000000001,0.0,8.333333333333334,0.5446428571428571,4.333333333333333,21.333333333333332,0.20802995631370916,15.333333333333334,0.0,125.66666666666667
102,89,2016-11-01,1,1,2016-17,Detroit Pistons,New York Knicks,99.0,16.0,70.66666666666667,12.333333333333334,50.333333333333336,11.0,39.333333333333336,22.333333333333332,14.0,1.6339285714285714,5.333333333333333,20.333333333333332,26.666666666666668,35.333333333333336,68.66666666666667,51.31578947368421,12.333333333333334,16.0,78.53333333333333,0.0,8.0,0.5793650793650794,2.6666666666666665,16.333333333333332,0.21645021645021645,14.0,0.0,116.33333333333333,99.5,22.5,57.0,20.0,41.5,9.5,32.0,20.5,15.5,1.3952991452991452,7.5,24.0,30.950000000000003,28.5,57.5,50.07575757575758,20.0,29.5,69.55,0.0,5.0,0.3205128205128205,5.0,23.5,0.21636363636363637,15.5,0.0,101.0
113,117,2016-11-01,1,1,2016-17,New Orleans Pelicans,Milwaukee Bucks,98.33333333333333,12.0,70.0,16.333333333333332,42.333333333333336,8.0,34.333333333333336,24.666666666666668,12.0,2.0505050505050506,4.0,21.0,18.900000000000002,35.0,71.66666666666667,48.51378644186863,16.333333333333332,21.333333333333332,75.66666666666667,0.0,10.0,0.8626262626262626,5.0,24.0,0.21463500705787456,12.0,0.0,109.66666666666667,96.33333333333333,15.0,66.0,15.333333333333334,43.333333333333336,9.333333333333334,34.0,23.333333333333332,11.333333333333334,2.1646825396825395,5.0,18.333333333333332,26.23333333333333,33.0,70.66666666666667,46.741854636591476,15.333333333333334,19.333333333333332,78.96666666666667,0.0,9.333333333333334,0.7777777777777778,4.666666666666667,20.333333333333332,0.2315546772068511,11.333333333333334,0.0,110.66666666666667
115,108,2016-11-01,1,1,2016-17,Indiana Pacers,Los Angeles Lakers,108.33333333333333,24.0,68.66666666666667,15.666666666666666,44.666666666666664,10.0,34.666666666666664,28.666666666666668,14.0,2.0608974358974357,8.0,20.333333333333332,40.233333333333334,34.333333333333336,72.66666666666667,47.32303732303732,15.666666666666666,21.0,76.8,0.0,8.666666666666666,0.6137820512820512,6.333333333333333,20.333333333333332,0.3236989459815547,14.0,0.0,126.66666666666667,101.66666666666667,28.0,56.0,17.666666666666668,41.0,11.0,30.0,19.0,18.333333333333332,1.0542557932263814,9.333333333333334,30.0,31.76666666666667,28.0,56.666666666666664,49.9083733509963,17.666666666666668,22.333333333333332,79.06666666666666,0.0,10.333333333333334,0.55325311942959,4.333333333333333,23.666666666666668,0.1730523627075351,18.333333333333332,0.0,104.0
108,96,2016-11-01,1,1,2016-17,Miami Heat,Sacramento Kings,99.33333333333333,25.0,60.666666666666664,13.666666666666666,46.666666666666664,11.0,35.666666666666664,21.666666666666668,14.666666666666666,1.5944444444444443,8.333333333333334,23.333333333333332,33.73333333333333,30.333333333333332,64.33333333333333,45.90060145615701,13.666666666666666,20.666666666666668,65.56666666666666,0.0,4.666666666666667,0.3666666666666667,5.666666666666667,23.0,0.24736495388669302,14.666666666666666,0.0,107.33333333333333,102.0,23.25,58.0,20.75,37.5,8.25,29.25,24.0,15.5,1.5759651532677847,7.75,22.5,34.175,29.0,56.5,50.82724902216428,20.75,27.0,75.425,0.0,7.0,0.44562427703875074,4.0,24.75,0.15870098039215685,15.5,0.0,110.5
99,118,2016-11-02,1,1,2016-17,New York Knicks,Houston Rockets,96.0,22.0,56.666666666666664,17.333333333333332,42.0,9.0,33.0,19.666666666666668,14.333333333333334,1.43019943019943,7.333333333333333,23.333333333333332,31.233333333333334,28.333333333333332,59.666666666666664,47.967171717171716,17.333333333333332,24.666666666666668,73.03333333333333,0.0,5.333333333333333,0.3803418803418803,6.333333333333333,22.333333333333332,0.29424242424242425,14.333333333333334,0.0,100.33333333333333,108.25,37.5,52.0,18.75,39.75,8.75,31.0,24.0,14.5,2.0663718118826475,12.5,34.0,36.275,26.0,47.75,53.70061022120518,18.75,26.0,71.425,0.0,6.5,0.49771487542385373,2.0,22.75,0.08985224920007528,14.5,0.0,115.5
103,113,2016-11-02,1,1,2016-17,Washington Wizards,Toronto Raptors,101.0,16.5,67.0,17.5,40.0,10.0,30.0,22.0,16.5,1.336466165413534,5.5,22.5,25.0,33.5,67.5,50.02215330084183,17.5,21.5,80.1,0.0,11.0,0.6541353383458646,4.0,21.5,0.18695652173913044,16.5,0.0,106.5,101.66666666666667,11.0,70.66666666666667,20.0,48.333333333333336,14.333333333333334,34.0,15.0,12.666666666666666,1.3611111111111114,3.6666666666666665,16.666666666666668,22.233333333333334,35.333333333333336,71.33333333333333,49.72104457398575,20.0,24.0,84.39999999999999,0.0,8.0,0.6805555555555555,4.0,23.333333333333332,0.15714285714285714,12.666666666666666,0.0,111.33333333333333
83,85,2016-11-02,1,1,2016-17,LA Clippers,Oklahoma City Thunder,106.0,20.0,60.666666666666664,25.333333333333332,47.0,11.333333333333334,35.666666666666664,16.666666666666668,12.333333333333334,1.373397435897436,6.666666666666667,24.0,29.099999999999998,30.333333333333332,60.666666666666664,49.96639784946237,25.333333333333332,34.666666666666664,72.83333333333333,0.0,8.666666666666666,0.7884615384615384,4.0,20.666666666666668,0.2065424430641822,12.333333333333334,0.0,113.0,109.66666666666667,20.0,69.33333333333333,20.333333333333332,51.666666666666664,12.333333333333334,39.333333333333336,20.333333333333332,17.333333333333332,1.3136363636363637,6.666666666666667,23.0,28.566666666666663,34.666666666666664,72.0,48.224637681159415,20.333333333333332,27.0,76.39999999999999,0.0,11.0,0.65,4.0,23.0,0.17605401844532279,17.333333333333332,0.0,119.0
109,101,2016-11-02,1,1,2016-17,Brooklyn Nets,Detroit Pistons,104.0,30.75,55.0,18.25,46.5,13.5,33.0,19.75,16.25,1.2090277777777778,10.25,35.5,28.225,27.5,55.5,49.939740902005056,18.25,22.25,82.025,0.0,9.5,0.5854166666666667,4.0,19.75,0.2011337632619097,16.25,0.0,110.25,99.75,18.0,69.5,12.25,49.75,10.75,39.0,21.5,13.25,1.6572646103896105,6.0,18.5,35.375,34.75,70.5,49.3421052631579,12.25,17.25,73.175,0.0,7.75,0.5936147186147186,3.25,16.25,0.24046266233766234,13.25,0.0,115.5
97,81,2016-11-02,1,1,2016-17,Utah Jazz,Dallas Mavericks,95.25,27.0,51.0,17.25,40.0,7.0,33.0,18.25,14.25,1.3392857142857144,9.0,24.75,35.625,25.5,51.75,49.25606641123882,17.25,21.75,82.55,0.0,6.5,0.4568903318903319,5.5,19.75,0.2857389686337055,14.25,0.0,104.75,103.66666666666667,37.0,50.0,16.666666666666668,42.0,9.666666666666666,32.333333333333336,18.666666666666668,12.666666666666666,1.4470085470085472,12.333333333333334,36.0,33.53333333333333,25.0,54.0,46.445760122230716,16.666666666666668,20.666666666666668,80.16666666666667,0.0,9.0,0.7495726495726496,4.333333333333333,21.666666666666668,0.1893349932565619,12.666666666666666,0.0,108.33333333333333
89,83,2016-11-02,1,1,2016-17,Memphis Grizzlies,New Orleans Pelicans,99.5,29.25,50.0,20.25,41.0,10.25,30.75,18.0,15.0,1.3088369963369964,9.75,26.0,36.725,25.0,56.25,44.43694971517511,20.25,27.0,75.05,0.0,8.75,0.5409798534798536,4.75,25.75,0.19135198135198134,15.0,0.0,102.75,102.0,15.75,66.0,20.25,42.25,8.25,34.0,24.25,12.25,1.9801864801864801,5.25,22.25,22.825,33.0,67.75,48.438911259972905,20.25,26.25,76.25,0.0,10.75,0.896969696969697,5.0,22.25,0.23450566705811182,12.25,0.0,114.25
118,115,2016-11-02,1,1,2016-17,Phoenix Suns,Portland Trail Blazers,100.5,16.5,64.0,20.0,44.75,9.5,35.25,18.25,16.5,1.1498015873015872,5.5,20.5,27.75,32.0,65.75,48.82036635329153,20.0,28.75,69.625,0.0,9.5,0.6059523809523809,3.0,29.25,0.10941644562334218,16.5,0.0,102.0,109.5,30.75,59.5,19.25,39.75,6.25,33.5,21.5,15.25,1.423324938949939,10.25,27.0,39.45,29.75,59.0,50.15846266044742,19.25,24.0,80.65,0.0,7.75,0.4904990842490843,4.75,24.75,0.1965686274509804,15.25,0.0,117.25
109,93,2016-11-02,1,1,2016-17,Charlotte Hornets,Philadelphia 76ers,100.66666666666667,23.0,56.0,21.666666666666668,46.0,10.0,36.0,23.0,9.0,2.5481481481481483,7.666666666666667,25.666666666666668,30.099999999999998,28.0,61.0,46.31205673758865,21.666666666666668,27.0,80.8,0.0,7.666666666666667,0.8796296296296297,8.333333333333334,19.666666666666668,0.41916221033868095,9.0,0.0,120.33333333333333,90.0,21.0,55.333333333333336,13.666666666666666,41.333333333333336,5.333333333333333,36.0,21.666666666666668,16.666666666666668,1.3499999999999999,7.0,20.666666666666668,34.0,27.666666666666668,61.0,45.41659321934309,13.666666666666666,18.666666666666668,73.43333333333334,0.0,6.333333333333333,0.3732142857142857,7.666666666666667,20.666666666666668,0.36818181818181817,16.666666666666668,0.0,98.33333333333333
116,123,2016-11-02,1,1,2016-17,Atlanta Hawks,Los Angeles Lakers,108.0,28.0,60.666666666666664,19.333333333333332,47.333333333333336,12.333333333333334,35.0,27.666666666666668,15.333333333333334,1.920940170940171,9.333333333333334,25.333333333333332,35.96666666666667,30.333333333333332,58.666666666666664,51.14464644418561,19.333333333333332,29.333333333333332,68.23333333333333,0.0,11.666666666666666,0.7939560439560439,6.666666666666667,17.666666666666668,0.38947368421052636,15.333333333333334,0.0,131.66666666666666,103.25,25.5,59.0,18.75,41.75,11.0,30.75,17.75,18.75,0.9656918449197861,8.5,29.5,29.175,29.5,57.75,51.36570624275542,18.75,23.0,81.3,0.0,9.75,0.5149398395721925,3.75,24.0,0.14978927203065134,18.75,0.0,104.0
107,100,2016-11-02,1,1,2016-17,Boston Celtics,Chicago Bulls,108.33333333333333,34.0,60.666666666666664,13.666666666666666,41.666666666666664,6.333333333333333,35.333333333333336,27.666666666666668,14.666666666666666,1.8837156995051731,11.333333333333334,28.666666666666668,39.199999999999996,30.333333333333332,53.333333333333336,56.505351428886684,13.666666666666666,19.666666666666668,70.16666666666667,0.0,7.666666666666667,0.49730094466936575,7.0,23.666666666666668,0.3069230769230769,14.666666666666666,0.0,131.33333333333334,113.66666666666667,31.0,63.333333333333336,19.333333333333332,53.333333333333336,14.666666666666666,38.666666666666664,28.333333333333332,14.666666666666666,2.0722222222222224,10.333333333333334,24.333333333333332,42.53333333333333,31.666666666666668,64.66666666666667,49.17891929928521,19.333333333333332,23.0,86.06666666666666,0.0,7.333333333333333,0.5111111111111112,5.333333333333333,19.0,0.2950937950937951,14.666666666666666,0.0,142.66666666666666
125,107,2016-11-03,1,1,2016-17,Milwaukee Bucks,Indiana Pacers,101.5,18.75,66.5,16.25,44.75,9.75,35.0,25.0,12.5,2.0922619047619047,6.25,21.75,27.5,33.25,67.75,49.463170638460554,16.25,19.75,81.85,0.0,9.25,0.7239583333333334,4.75,21.5,0.22366600790513835,12.5,0.0,119.25,110.0,25.5,67.0,17.5,44.25,10.25,34.0,26.25,14.75,1.8250848416289593,8.5,22.25,39.1,33.5,69.25,48.627871212616974,17.5,23.0,77.425,0.0,9.0,0.6073953619909502,6.75,20.25,0.342774209486166,14.75,0.0,126.5
102,94,2016-11-03,1,1,2016-17,Orlando Magic,Sacramento Kings,95.0,21.0,59.5,14.5,44.5,13.5,31.0,22.5,12.75,1.98510101010101,7.0,24.25,29.175,29.75,66.0,45.54527720457442,14.5,20.75,69.875,0.0,6.5,0.5822871572871573,4.5,16.5,0.2787068004459309,12.75,0.0,100.5,100.8,21.6,58.0,21.2,40.6,8.4,32.2,21.6,15.4,1.420772122614228,7.2,22.6,31.679999999999996,29.0,58.4,49.44967800561021,21.2,27.0,77.38,0.0,6.4,0.4098327549643339,4.0,24.4,0.16174339300937768,15.4,0.0,107.4
128,122,2016-11-03,1,1,2016-17,Cleveland Cavaliers,Boston Celtics,111.0,39.0,52.5,19.5,44.25,11.25,33.0,22.5,13.25,1.7666666666666666,13.0,34.0,38.575,26.25,52.0,50.21973087828712,19.5,25.5,75.9,0.0,8.0,0.6242424242424243,4.0,21.25,0.18618326118326117,13.25,0.0,123.75,108.0,36.0,59.0,13.0,41.0,7.25,33.75,27.75,14.0,1.9961201079622133,12.0,29.5,40.349999999999994,29.5,53.75,54.651740844392286,13.0,19.0,68.8,0.0,8.25,0.5813090418353577,6.25,23.75,0.2718589743589744,14.0,0.0,129.5
99,102,2016-11-03,1,1,2016-17,Minnesota Timberwolves,Denver Nuggets,105.66666666666667,25.0,60.666666666666664,20.0,43.666666666666664,10.666666666666666,33.0,22.666666666666668,15.333333333333334,1.5187590187590188,8.333333333333334,20.0,41.7,30.333333333333332,58.0,53.3553076402975,20.0,27.666666666666668,72.76666666666667,0.0,7.333333333333333,0.48340548340548334,5.0,23.333333333333332,0.21488801054018447,15.333333333333334,0.0,122.0,107.33333333333333,23.0,56.666666666666664,27.666666666666668,55.0,12.666666666666666,42.333333333333336,17.0,16.666666666666668,1.1958823529411766,7.666666666666667,23.0,33.43333333333334,28.333333333333332,65.0,43.796316677672614,27.666666666666668,35.666666666666664,77.46666666666667,0.0,6.333333333333333,0.3727450980392157,6.0,20.333333333333332,0.30663780663780665,16.666666666666668,0.0,115.0
122,96,2016-11-03,1,1,2016-17,Golden State Warriors,Oklahoma City Thunder,113.75,25.5,67.5,20.75,43.0,7.75,35.25,29.75,15.5,1.9308035714285714,8.5,29.0,29.85,33.75,58.0,58.12728937728937,20.75,25.5,80.05,0.0,9.75,0.6272321428571428,4.25,20.75,0.2086540461826503,15.5,0.0,135.5,103.5,18.75,66.5,18.25,51.75,11.75,40.0,18.75,18.5,1.1443181818181818,6.25,22.25,27.674999999999997,33.25,70.0,47.49660326086956,18.25,25.25,72.3,0.0,10.25,0.5784090909090909,4.0,23.25,0.17370718050065875,18.5,0.0,110.0
95,99,2016-11-04,1,1,2016-17,Brooklyn Nets,Charlotte Hornets,105.0,32.4,55.2,17.4,46.2,11.8,34.4,21.2,16.8,1.2514327485380117,10.8,33.8,32.2,27.6,54.2,51.38036415017547,17.4,21.2,82.1,0.0,9.6,0.5735964912280702,3.8,20.4,0.1869939671312669,16.8,0.0,115.6,102.75,27.0,55.0,20.75,45.5,9.75,35.75,23.5,10.5,2.327777777777778,9.0,27.75,32.125,27.5,57.0,49.17848699763593,20.75,26.75,77.89999999999999,0.0,7.75,0.7930555555555555,7.0,19.0,0.35848930481283425,10.5,0.0,121.75
88,99,2016-11-04,1,1,2016-17,Memphis Grizzlies,LA Clippers,97.4,28.2,50.0,19.2,43.2,10.8,32.4,18.4,16.0,1.247069597069597,9.4,26.2,35.3,25.0,58.4,43.01224633930427,19.2,25.6,75.03999999999999,0.0,9.4,0.5527838827838828,4.8,25.0,0.19853613053613053,16.0,0.0,100.6,100.25,20.25,59.0,21.0,45.5,10.5,35.0,18.0,14.0,1.3195217611336032,6.75,23.5,29.775,29.5,61.75,47.859413771712155,21.0,30.5,65.725,0.0,9.75,0.7623987854251012,4.25,20.25,0.22069630598234719,14.0,0.0,105.25
117,97,2016-11-04,1,1,2016-17,Los Angeles Lakers,Golden State Warriors,107.2,25.8,62.8,18.6,41.8,11.0,30.8,19.0,18.0,1.0925534759358289,8.6,28.0,31.52,31.4,59.8,52.56315322949846,18.6,22.4,83.03999999999999,0.0,10.0,0.5586185383244207,4.8,24.2,0.19183141762452108,18.0,0.0,113.2,115.4,28.8,66.8,19.8,43.6,9.2,34.4,29.2,15.6,1.882142857142857,9.6,29.2,33.220000000000006,33.4,58.2,57.34928912895015,19.8,24.4,80.03999999999999,0.0,9.6,0.6142857142857142,6.2,20.2,0.32247879250167577,15.6,0.0,139.4
95,92,2016-11-04,1,1,2016-17,Washington Wizards,Atlanta Hawks,101.66666666666667,14.0,70.66666666666667,17.0,38.666666666666664,8.666666666666666,30.0,21.666666666666668,18.0,1.224310776942356,4.666666666666667,18.333333333333332,26.666666666666668,35.333333333333336,65.66666666666667,54.31584413604509,17.0,22.333333333333332,75.63333333333334,0.0,10.0,0.5630743525480367,4.333333333333333,21.0,0.20797101449275365,18.0,0.0,109.0,110.0,29.25,60.5,20.25,44.75,11.75,33.0,28.25,16.0,1.857371794871795,9.75,27.0,35.575,30.25,57.25,52.509428229365625,20.25,29.25,71.0,0.0,11.25,0.7343559218559219,5.25,18.0,0.30526315789473685,16.0,0.0,130.25
104,117,2016-11-04,1,1,2016-17,Chicago Bulls,New York Knicks,110.25,28.5,61.5,20.25,52.25,14.75,37.5,26.5,15.75,1.830482456140351,9.5,23.25,40.65,30.75,63.75,48.35959931052948,20.25,25.0,83.1,0.0,7.25,0.4754385964912281,5.75,19.0,0.31342560947824105,15.75,0.0,134.75,96.75,22.5,57.0,17.25,40.0,8.5,31.5,19.25,14.75,1.3538995726495726,7.5,22.5,33.425,28.5,61.0,47.12922494172494,17.25,24.75,71.775,0.0,6.5,0.44150641025641024,6.25,22.25,0.2888636363636363,14.75,0.0,99.0
95,105,2016-11-04,1,1,2016-17,Dallas Mavericks,Portland Trail Blazers,98.0,33.0,50.5,14.5,40.5,8.75,31.75,18.5,12.75,1.4314102564102564,11.0,33.5,31.875,25.25,53.25,47.57941813088872,14.5,18.0,80.125,0.0,7.75,0.639102564102564,4.25,21.25,0.1920012449424214,12.75,0.0,102.25,110.6,31.8,59.6,19.2,42.4,7.0,35.4,22.2,15.2,1.4719932844932846,10.6,28.2,38.839999999999996,29.8,60.8,48.950299540122636,19.2,23.4,82.62,0.0,7.8,0.4990659340659341,5.4,24.4,0.22682011935208868,15.2,0.0,120.4
111,112,2016-11-04,1,1,2016-17,New Orleans Pelicans,Phoenix Suns,98.2,19.2,60.4,18.6,42.4,7.6,34.8,22.8,14.2,1.7386946386946387,6.4,24.6,24.74,30.2,63.6,46.83623539095704,18.6,24.2,76.0,0.0,10.2,0.7903030303030303,5.8,23.0,0.25683530287725864,14.2,0.0,108.0,104.0,16.2,66.8,21.0,47.6,10.4,37.2,17.6,15.6,1.16984126984127,5.4,19.6,28.46,33.4,70.0,48.02181032401254,21.0,29.0,72.36,0.0,9.6,0.6514285714285715,3.4,27.4,0.13753315649867376,15.6,0.0,107.8
96,87,2016-11-04,1,1,2016-17,Toronto Raptors,Miami Heat,104.5,15.75,69.5,19.25,44.0,11.75,32.25,16.5,12.75,1.4246794871794872,5.25,18.75,26.675,34.75,66.5,53.156168045873926,19.25,24.25,80.3,0.0,10.0,0.8181089743589743,3.5,23.5,0.1386904761904762,12.75,0.0,115.5,101.5,28.5,57.5,15.5,46.25,9.75,36.5,22.25,15.25,1.5487745098039216,9.5,24.75,36.5,28.75,62.5,44.95176688159144,15.5,22.75,67.27499999999999,0.0,6.0,0.4220588235294118,6.5,22.5,0.29266657255787687,15.25,0.0,111.0
86,100,2016-11-04,1,1,2016-17,Utah Jazz,San Antonio Spurs,95.6,28.8,50.0,16.8,40.2,7.0,33.2,18.2,13.8,1.3714285714285714,9.6,24.8,38.1,25.0,51.8,48.251006975144904,16.8,22.6,77.58,0.0,6.4,0.46551226551226554,5.0,20.0,0.257162603478393,13.8,0.0,103.8,105.2,26.4,57.6,21.2,44.6,10.8,33.8,21.6,11.8,1.8838095238095238,8.8,20.8,42.120000000000005,28.8,62.8,45.85045844727354,21.2,24.6,86.16,0.0,7.8,0.679047619047619,5.6,20.2,0.29157894736842105,11.8,0.0,123.6
112,97,2016-11-05,1,1,2016-17,Atlanta Hawks,Houston Rockets,106.4,26.4,59.2,20.8,45.2,11.4,33.8,27.0,16.4,1.7303418803418804,8.8,26.6,32.46,29.6,57.4,51.31788741107871,20.8,30.6,69.58,0.0,11.4,0.7208180708180708,4.8,19.2,0.26921052631578946,16.4,0.0,123.0,110.2,39.0,52.4,18.8,42.6,10.8,31.8,24.2,15.6,1.903097449506118,13.0,35.2,36.519999999999996,26.2,48.0,53.98089634022945,18.8,26.2,71.22,0.0,7.6,0.518171900339083,3.2,22.4,0.14807227555053643,15.6,0.0,120.8
88,86,2016-11-05,1,1,2016-17,Orlando Magic,Washington Wizards,96.4,22.8,58.8,14.8,44.4,13.4,31.0,22.8,13.0,1.9309379509379512,7.6,25.4,30.0,29.4,63.6,46.806592134029906,14.8,21.2,69.82000000000001,0.0,6.2,0.5372582972582973,4.4,16.0,0.2801082974996018,13.0,0.0,102.8,100.0,14.25,66.0,19.75,40.5,9.25,31.25,19.5,18.25,1.0892857142857144,4.75,18.75,26.25,33.0,64.25,51.57021643536715,19.75,25.5,76.725,0.0,9.25,0.5144110275689223,4.0,21.5,0.18858695652173912,18.25,0.0,104.0
92,116,2016-11-05,1,1,2016-17,San Antonio Spurs,LA Clippers,104.33333333333333,25.0,58.333333333333336,21.0,45.333333333333336,10.5,34.833333333333336,20.833333333333332,11.666666666666666,1.8274170274170274,8.333333333333334,20.666666666666668,40.1,29.166666666666668,62.833333333333336,46.40977357378615,21.0,24.166666666666668,86.95,0.0,8.0,0.7022366522366522,6.0,21.0,0.2963157894736842,11.666666666666666,0.0,123.66666666666667,100.0,21.0,56.8,22.2,45.8,10.6,35.2,18.2,13.6,1.3722840755735493,7.0,24.2,29.74,28.4,61.0,46.563393086335246,22.2,31.0,68.94,0.0,11.2,0.8932523616734145,4.6,20.8,0.228730957829356,13.6,0.0,107.6
103,86,2016-11-05,1,1,2016-17,Detroit Pistons,Denver Nuggets,100.0,19.8,66.8,13.4,47.4,10.6,36.8,21.4,13.2,1.6488886113886114,6.6,19.8,35.5,33.4,69.0,48.3625730994152,13.4,18.0,75.67999999999999,0.0,8.4,0.6441225441225441,3.8,16.6,0.2590367965367965,13.2,0.0,114.4,106.0,21.75,59.0,25.25,52.25,11.25,41.0,18.75,18.0,1.1696390374331551,7.25,22.75,31.900000000000002,29.5,63.5,46.830288355712085,25.25,33.0,76.1,0.0,7.25,0.3931951871657754,5.0,21.25,0.2508116883116883,18.0,0.0,114.0
101,102,2016-11-05,1,1,2016-17,Philadelphia 76ers,Cleveland Cavaliers,90.75,24.75,52.5,13.5,40.25,6.0,34.25,22.0,17.25,1.3151315789473683,8.25,25.0,33.4,26.25,57.75,45.520778247840646,13.5,17.75,76.75,0.0,6.75,0.3851738721804511,6.25,21.5,0.296969696969697,17.25,0.0,96.25,114.4,39.6,52.8,22.0,43.8,10.4,33.4,22.8,12.2,2.013333333333333,13.2,34.0,39.1,26.4,51.6,50.975784702629696,22.0,27.8,78.02000000000001,0.0,7.6,0.6493939393939394,4.4,20.8,0.21210450368345102,12.2,0.0,129.0
117,91,2016-11-05,1,1,2016-17,Milwaukee Bucks,Sacramento Kings,106.2,22.2,67.2,16.8,44.0,10.2,33.8,26.4,14.2,1.9785714285714284,7.4,22.8,30.879999999999995,33.6,65.2,52.29780923804117,16.8,20.6,81.32000000000001,0.0,9.4,0.6744047619047618,5.0,21.8,0.23110671936758892,14.2,0.0,126.0,99.66666666666667,21.5,58.666666666666664,19.5,40.333333333333336,8.833333333333334,31.5,20.833333333333332,15.166666666666666,1.3863577212261422,7.166666666666667,21.833333333333332,32.88333333333333,29.333333333333332,59.0,49.54139833800851,19.5,25.333333333333332,75.26666666666667,0.0,6.666666666666667,0.43676539104170686,3.5,24.166666666666668,0.14203253765274226,15.166666666666666,0.0,105.66666666666667
112,92,2016-11-05,1,1,2016-17,Oklahoma City Thunder,Minnesota Timberwolves,102.0,21.0,63.2,17.8,49.6,12.0,37.6,19.0,18.0,1.1654545454545455,7.0,23.2,29.54,31.6,68.0,46.330615942028984,17.8,25.8,69.25999999999999,0.0,9.8,0.5627272727272727,4.4,22.6,0.198965744400527,18.0,0.0,106.2,104.0,25.5,58.5,20.0,43.5,11.5,32.0,22.0,15.5,1.4515692640692641,8.5,20.5,41.5,29.25,60.0,49.86496557870797,20.0,27.0,74.575,0.0,7.5,0.4875541125541125,4.75,23.0,0.2066205533596838,15.5,0.0,116.5
111,94,2016-11-05,1,1,2016-17,Indiana Pacers,Chicago Bulls,109.4,26.4,64.8,18.2,41.8,10.2,31.6,26.8,16.0,1.7362583494936437,8.8,22.4,39.980000000000004,32.4,67.0,48.55746938388668,18.2,23.8,77.5,0.0,10.0,0.6192496229260935,6.2,20.8,0.309001976284585,16.0,0.0,124.4,109.0,27.6,60.8,20.6,50.2,14.8,35.4,24.2,15.2,1.6951551956815116,9.2,23.2,39.48,30.4,63.2,48.19587616973506,20.6,25.4,82.78,0.0,6.6,0.441889338731444,5.4,18.4,0.30074048758259286,15.2,0.0,128.6
86,75,2016-11-06,1,1,2016-17,Dallas Mavericks,Milwaukee Bucks,97.4,32.4,50.0,15.0,41.2,8.4,32.8,18.4,12.8,1.422051282051282,10.8,32.4,32.64,25.0,53.6,46.790807231983706,15.0,18.4,81.1,0.0,7.2,0.5882051282051283,4.0,21.2,0.1821724245253657,12.8,0.0,101.8,108.0,25.5,65.0,17.5,45.5,11.333333333333334,34.166666666666664,26.666666666666668,14.666666666666666,1.9233193277310925,8.5,24.5,32.8,32.5,62.5,52.7651811677554,17.5,21.333333333333332,81.76666666666667,0.0,9.833333333333334,0.6796510270774977,5.833333333333333,21.833333333333332,0.26834650856389985,14.666666666666666,0.0,131.33333333333334
119,108,2016-11-06,1,1,2016-17,Los Angeles Lakers,Phoenix Suns,108.83333333333333,25.5,64.66666666666667,18.666666666666668,43.333333333333336,11.833333333333334,31.5,20.166666666666668,17.666666666666668,1.1812945632798575,8.5,28.333333333333332,30.71666666666667,32.333333333333336,60.666666666666664,53.2898071784282,18.666666666666668,22.166666666666668,84.28333333333333,0.0,9.833333333333334,0.5592654486036839,4.833333333333333,23.333333333333332,0.20371916380990793,17.666666666666668,0.0,117.66666666666667,105.33333333333333,17.5,66.33333333333333,21.5,49.5,10.666666666666666,38.833333333333336,17.666666666666668,15.666666666666666,1.1623677248677249,5.833333333333333,20.333333333333332,29.26666666666667,33.166666666666664,69.83333333333333,47.74764386904426,21.5,28.833333333333332,74.58333333333333,0.0,9.166666666666666,0.6157738095238096,3.1666666666666665,27.333333333333332,0.12695664276124047,15.666666666666666,0.0,110.66666666666667
94,100,2016-11-06,1,1,2016-17,Memphis Grizzlies,Portland Trail Blazers,95.83333333333333,28.0,49.0,18.833333333333332,44.0,11.166666666666666,32.833333333333336,19.666666666666668,16.5,1.2672948396632606,9.333333333333334,26.166666666666668,35.18333333333333,24.5,58.333333333333336,42.16537769654666,18.833333333333332,25.0,75.41666666666667,0.0,8.5,0.4957409549514813,5.5,25.5,0.21901820401820404,16.5,0.0,100.16666666666667,109.66666666666667,32.5,57.666666666666664,19.5,42.333333333333336,7.0,35.333333333333336,22.0,15.0,1.4766610704110705,10.833333333333334,28.666666666666668,38.81666666666667,28.833333333333332,58.833333333333336,48.95518158955798,19.5,23.833333333333332,82.31666666666666,0.0,8.0,0.5230311355311356,5.0,23.666666666666668,0.21401676612674056,15.0,0.0,119.83333333333333
91,96,2016-11-06,1,1,2016-17,Toronto Raptors,Sacramento Kings,102.8,16.2,68.0,18.6,45.2,12.0,33.2,16.0,13.4,1.3147435897435897,5.4,20.0,26.139999999999997,34.0,65.0,53.03340901297033,18.6,23.0,82.02000000000001,0.0,9.4,0.7419871794871795,3.8,22.0,0.17345238095238097,13.4,0.0,113.8,98.42857142857143,22.714285714285715,56.857142857142854,18.857142857142858,39.714285714285715,9.428571428571429,30.285714285714285,21.714285714285715,15.142857142857142,1.4454494753366933,7.571428571428571,22.714285714285715,33.285714285714285,28.428571428571427,58.57142857142857,48.331402657068516,18.857142857142858,24.428571428571427,75.78571428571429,0.0,6.857142857142857,0.45056081136908205,3.4285714285714284,23.428571428571427,0.14429856610836556,15.142857142857142,0.0,104.14285714285714
107,123,2016-11-06,1,1,2016-17,Boston Celtics,Denver Nuggets,110.8,35.4,61.2,14.2,40.6,7.8,32.8,27.2,12.8,2.2218960863697705,11.8,30.0,39.16,30.6,55.8,54.658892675513826,14.2,19.6,72.32000000000001,0.0,7.4,0.5650472334682861,6.2,24.6,0.26034432234432237,12.8,0.0,130.6,102.0,21.6,56.8,23.6,51.4,12.2,39.2,18.0,17.6,1.123211229946524,7.2,23.2,31.120000000000005,28.4,64.6,44.42075242370011,23.6,30.4,77.88,0.0,7.4,0.41455614973262034,4.4,20.0,0.2273160173160173,17.6,0.0,106.6
109,114,2016-11-06,1,1,2016-17,New York Knicks,Utah Jazz,100.8,23.4,60.4,17.0,40.0,9.0,31.0,21.8,12.8,2.3631196581196585,7.8,22.2,35.32,30.2,62.4,48.58573289455642,17.0,24.0,72.66,0.0,6.6,0.6332051282051282,5.4,22.4,0.24848221343873517,12.8,0.0,108.2,94.0,29.5,48.0,16.5,40.5,7.333333333333333,33.166666666666664,17.666666666666668,13.5,1.3511904761904763,9.833333333333334,25.0,38.800000000000004,24.0,52.166666666666664,46.07337001015162,16.5,22.833333333333332,75.06666666666666,0.0,6.5,0.4851491101491101,4.833333333333333,19.833333333333332,0.24938988886357308,13.5,0.0,100.33333333333333
97,85,2016-11-07,1,1,2016-17,Oklahoma City Thunder,Miami Heat,103.66666666666667,21.0,65.33333333333333,17.333333333333332,48.166666666666664,11.833333333333334,36.333333333333336,19.833333333333332,17.0,1.3045454545454545,7.0,22.0,31.916666666666668,32.666666666666664,68.33333333333333,47.65646566597653,17.333333333333332,25.5,68.13333333333333,0.0,9.666666666666666,0.5939393939393939,5.166666666666667,22.333333333333332,0.2372333584290106,17.0,0.0,110.66666666666667,98.6,28.2,56.0,14.4,45.6,10.2,35.4,21.6,14.8,1.5313273001508296,9.4,25.4,35.62,28.0,62.0,44.294746838606486,14.4,21.2,67.16,0.0,6.8,0.49149321266968327,6.2,22.4,0.27958780350084694,14.8,0.0,107.2
112,80,2016-11-07,1,1,2016-17,Chicago Bulls,Orlando Magic,106.5,26.0,60.0,20.5,48.5,14.5,34.0,23.0,15.666666666666666,1.5700367371420005,8.666666666666666,22.333333333333332,38.449999999999996,30.0,62.833333333333336,47.8135033654896,20.5,25.333333333333332,82.31666666666666,0.0,6.833333333333333,0.4423151896836108,5.333333333333333,17.5,0.3147196370880581,15.666666666666666,0.0,123.16666666666667,95.0,23.5,56.333333333333336,15.166666666666666,44.166666666666664,12.833333333333334,31.333333333333332,22.5,12.333333333333334,1.998003848003848,7.833333333333333,25.833333333333332,30.350000000000005,28.166666666666668,61.333333333333336,46.33882677835825,15.166666666666666,22.166666666666668,68.68333333333334,0.0,5.833333333333333,0.5217893217893218,4.666666666666667,16.0,0.29592358124966817,12.333333333333334,0.0,101.66666666666667
122,100,2016-11-07,1,1,2016-17,Charlotte Hornets,Indiana Pacers,102.0,27.6,54.4,20.0,46.2,9.2,37.0,23.6,11.6,2.1622222222222223,9.2,28.2,32.36,27.2,56.8,48.62850388382303,20.0,26.2,76.47999999999999,0.0,7.6,0.7219444444444444,6.2,18.8,0.3201247771836007,11.6,0.0,119.2,109.66666666666667,28.0,65.33333333333333,16.333333333333332,40.833333333333336,9.833333333333334,31.0,26.833333333333332,15.333333333333334,1.8218819579113699,9.333333333333334,23.0,41.016666666666666,32.666666666666664,65.83333333333333,49.909002264350015,16.333333333333332,21.833333333333332,74.3,0.0,9.666666666666666,0.6271524635495224,6.666666666666667,20.666666666666668,0.33250164690382084,15.333333333333334,0.0,126.0
116,106,2016-11-07,1,1,2016-17,Golden State Warriors,New Orleans Pelicans,112.33333333333333,26.5,67.0,18.833333333333332,43.0,9.166666666666666,33.833333333333336,28.666666666666668,16.333333333333332,1.7851190476190475,8.833333333333334,29.666666666666668,30.283333333333335,33.5,57.5,58.284901434618945,18.833333333333332,23.666666666666668,78.36666666666666,0.0,10.166666666666666,0.6202380952380953,5.666666666666667,19.0,0.3071938655462683,16.333333333333332,0.0,133.83333333333334,100.33333333333333,21.0,61.333333333333336,18.0,42.5,7.333333333333333,35.166666666666664,23.666666666666668,13.333333333333334,1.9674307174307175,7.0,25.5,26.166666666666668,30.666666666666668,63.666666666666664,47.62394615913087,18.0,24.833333333333332,72.26666666666667,0.0,9.666666666666666,0.7882154882154883,7.0,22.666666666666668,0.3172040222389854,13.333333333333334,0.0,111.5
106,114,2016-11-07,1,1,2016-17,Washington Wizards,Houston Rockets,97.2,15.0,64.0,18.2,42.2,10.2,32.0,17.8,16.8,1.0714285714285716,5.0,18.4,28.060000000000002,32.0,65.2,49.37211517727923,18.2,23.8,75.5,0.0,8.2,0.4842560947824105,4.2,21.8,0.19434782608695653,16.8,0.0,100.6,108.0,38.5,52.0,17.5,42.666666666666664,11.0,31.666666666666668,23.833333333333332,17.333333333333332,1.7269401822807395,12.833333333333334,35.333333333333336,35.983333333333334,26.0,48.166666666666664,53.487481644068765,17.5,24.0,73.45,0.0,7.833333333333333,0.48950222464154347,3.8333333333333335,23.0,0.1682653578305752,17.333333333333332,0.0,117.66666666666667
84,109,2016-11-07,1,1,2016-17,Philadelphia 76ers,Utah Jazz,92.8,28.2,52.4,12.2,41.2,5.8,35.4,21.8,17.2,1.2991640866873067,9.4,27.6,34.08,26.2,56.0,47.028867496231705,12.2,16.6,73.06,0.0,7.2,0.4140214506855374,6.8,21.8,0.315836627140975,17.2,0.0,100.2,96.85714285714286,28.714285714285715,49.714285714285715,18.428571428571427,39.57142857142857,7.285714285714286,32.285714285714285,18.142857142857142,13.142857142857142,1.4308905380333952,9.571428571428571,25.0,37.82857142857143,24.857142857142858,51.857142857142854,48.06288858012996,18.428571428571427,24.571428571428573,76.58571428571429,0.0,6.428571428571429,0.49376417233560094,4.714285714285714,19.714285714285715,0.24383794985298746,13.142857142857142,0.0,104.0
114,82,2016-11-07,1,1,2016-17,LA Clippers,Detroit Pistons,102.66666666666667,22.0,60.0,20.666666666666668,45.0,10.0,35.0,19.166666666666668,12.833333333333334,1.5880145074224021,7.333333333333333,24.0,31.3,30.0,62.166666666666664,48.11655306214212,20.666666666666668,28.166666666666668,72.93333333333334,0.0,10.666666666666666,0.8925251162093267,4.833333333333333,20.5,0.24324071047183174,12.833333333333334,0.0,113.16666666666667,100.5,20.0,66.66666666666667,13.833333333333334,47.333333333333336,10.333333333333334,37.0,21.5,13.333333333333334,1.6359786047286047,6.666666666666667,19.833333333333332,35.416666666666664,33.333333333333336,68.16666666666667,48.89589424951267,13.833333333333334,18.666666666666668,75.18333333333334,0.0,8.5,0.6439116439116439,4.666666666666667,16.5,0.3096139971139971,13.333333333333334,0.0,116.33333333333333
97,109,2016-11-08,1,1,2016-17,Los Angeles Lakers,Dallas Mavericks,110.28571428571429,26.142857142857142,64.28571428571429,19.857142857142858,44.714285714285715,12.285714285714286,32.42857142857143,20.428571428571427,17.857142857142858,1.177951730931607,8.714285714285714,27.571428571428573,32.542857142857144,32.142857142857146,61.57142857142857,52.28678568385531,19.857142857142858,24.0,83.25714285714285,0.0,9.571428571428571,0.5395207604572929,4.857142857142857,23.142857142857142,0.20708395859031067,17.857142857142858,0.0,119.57142857142857,95.5,31.5,49.666666666666664,14.333333333333334,42.0,8.666666666666666,33.333333333333336,17.666666666666668,13.333333333333334,1.3308760683760683,10.5,33.333333333333336,31.150000000000002,24.833333333333332,53.0,46.992339359986424,14.333333333333334,17.333333333333332,82.86666666666666,0.0,8.0,0.6151709401709402,3.6666666666666665,21.0,0.16847702043780477,13.333333333333334,0.0,99.5
108,107,2016-11-08,1,1,2016-17,Memphis Grizzlies,Denver Nuggets,95.57142857142857,26.571428571428573,49.142857142857146,19.857142857142858,44.0,11.285714285714286,32.714285714285715,19.0,16.0,1.251087884546531,8.857142857142858,26.142857142857142,33.457142857142856,24.571428571428573,57.857142857142854,42.6352588048322,19.857142857142858,26.0,76.25714285714285,0.0,8.571428571428571,0.52382191743094,5.428571428571429,24.714285714285715,0.22344417487274632,16.0,0.0,99.85714285714286,105.5,23.5,58.333333333333336,23.666666666666668,50.666666666666664,11.666666666666666,39.0,18.5,17.666666666666668,1.1304538027332145,7.833333333333333,23.166666666666668,33.9,29.166666666666668,64.0,46.0336871290397,23.666666666666668,30.5,77.8,0.0,7.333333333333333,0.41027827292533176,4.666666666666667,20.5,0.23290827529957966,17.666666666666668,0.0,112.0
102,94,2016-11-08,1,1,2016-17,Sacramento Kings,New Orleans Pelicans,98.125,21.75,57.0,19.375,40.625,9.875,30.75,21.625,14.625,1.5034046545559703,7.25,21.875,33.037499999999994,28.5,59.0,48.13675151848334,19.375,25.25,75.5875,0.0,6.5,0.4396952554024922,3.625,23.25,0.15467033625391075,14.625,0.0,104.875,101.14285714285714,21.0,61.714285714285715,18.428571428571427,42.57142857142857,7.857142857142857,34.714285714285715,24.0,14.285714285714286,1.8720834720834723,7.0,24.857142857142858,27.185714285714287,30.857142857142858,63.0,48.56870929862549,18.428571428571427,25.142857142857142,73.05714285714285,0.0,9.428571428571429,0.7327561327561327,6.142857142857143,21.714285714285715,0.28081773334770177,14.285714285714286,0.0,112.28571428571429
106,110,2016-11-08,1,1,2016-17,Cleveland Cavaliers,Atlanta Hawks,112.33333333333333,40.0,51.666666666666664,20.666666666666668,44.666666666666664,10.5,34.166666666666664,22.833333333333332,12.833333333333334,1.917361111111111,13.333333333333334,34.666666666666664,38.71666666666666,25.833333333333332,51.833333333333336,49.71252498804048,20.666666666666668,26.166666666666668,77.98333333333333,0.0,8.0,0.6453282828282828,4.5,19.833333333333332,0.2323093086250981,12.833333333333334,0.0,126.66666666666667,107.33333333333333,26.0,61.666666666666664,19.666666666666668,45.0,11.666666666666666,33.333333333333336,27.333333333333332,17.0,1.6836182336182335,8.666666666666666,25.5,33.71666666666667,30.833333333333332,58.666666666666664,52.25208566307841,19.666666666666668,29.5,67.7,0.0,12.333333333333334,0.7423483923483923,5.0,18.166666666666668,0.3012651821862348,17.0,0.0,125.5
124,121,2016-11-08,1,1,2016-17,Portland Trail Blazers,Phoenix Suns,108.28571428571429,33.857142857142854,54.57142857142857,19.857142857142858,41.57142857142857,6.714285714285714,34.857142857142854,21.571428571428573,15.0,1.4466618698761555,11.285714285714286,29.285714285714285,39.32857142857143,27.285714285714285,55.857142857142854,48.72850151285421,19.857142857142858,24.285714285714285,82.2,0.0,7.857142857142857,0.5149790685504971,5.0,23.857142857142858,0.2120143709657776,15.0,0.0,118.28571428571429,105.71428571428571,17.571428571428573,66.57142857142857,21.571428571428573,48.142857142857146,10.714285714285714,37.42857142857143,18.0,16.0,1.155045351473923,5.857142857142857,20.285714285714285,29.371428571428574,33.285714285714285,70.0,47.76759816541822,21.571428571428573,28.714285714285715,75.15714285714286,0.0,9.0,0.5912981859410431,3.0,27.714285714285715,0.11834378903344421,16.0,0.0,109.57142857142857
119,110,2016-11-08,1,1,2016-17,Brooklyn Nets,Minnesota Timberwolves,103.33333333333333,31.5,54.666666666666664,17.166666666666668,46.166666666666664,11.0,35.166666666666664,21.0,16.666666666666668,1.2511939571150097,10.5,34.166666666666664,31.0,27.333333333333332,53.666666666666664,51.313702151290016,17.166666666666668,21.166666666666668,81.11666666666666,0.0,10.0,0.6029970760233918,3.8333333333333335,20.666666666666668,0.18613133624575273,16.666666666666668,0.0,113.66666666666667,101.6,22.8,58.4,20.4,43.0,12.6,30.4,20.0,15.8,1.3024318818436467,7.6,20.2,37.42,29.2,61.0,48.8150493860433,20.4,27.4,74.84,0.0,7.4,0.4723962312197606,5.4,22.2,0.24950696900353647,15.8,0.0,110.2
107,100,2016-11-09,1,1,2016-17,Phoenix Suns,Detroit Pistons,107.625,18.0,67.25,22.375,47.25,11.25,36.0,18.0,16.0,1.1512896825396826,6.0,20.375,29.8625,33.625,69.375,48.71972531781787,22.375,29.25,76.3625,0.0,9.125,0.5955109126984127,2.875,27.625,0.11281007466352294,16.0,0.0,111.875,97.85714285714286,18.857142857142858,64.57142857142857,14.428571428571429,46.142857142857146,10.428571428571429,35.714285714285715,20.428571428571427,13.0,1.5840855572998431,6.285714285714286,18.714285714285715,35.114285714285714,32.285714285714285,68.42857142857143,47.21688894856188,14.428571428571429,19.714285714285715,74.32857142857142,0.0,8.0,0.6168593311450454,4.285714285714286,16.857142857142858,0.2804210200826742,13.0,0.0,109.85714285714286
104,98,2016-11-09,1,1,2016-17,Charlotte Hornets,Utah Jazz,105.33333333333333,29.0,55.0,21.333333333333332,45.666666666666664,8.166666666666666,37.5,24.666666666666668,11.666666666666666,2.218518518518519,9.666666666666666,28.833333333333332,33.21666666666667,27.5,56.0,49.81862503139099,21.333333333333332,27.166666666666668,78.31666666666666,0.0,8.333333333333334,0.768287037037037,5.833333333333333,18.166666666666668,0.311215092097445,11.666666666666666,0.0,124.66666666666667,98.375,29.25,51.5,17.625,40.25,7.625,32.625,18.375,12.75,1.5020292207792207,9.75,24.25,40.3375,25.75,53.625,48.11563356821977,17.625,24.0,74.5125,0.0,6.875,0.5570436507936508,5.5,20.0,0.275858206121364,12.75,0.0,107.875
102,112,2016-11-09,1,1,2016-17,Oklahoma City Thunder,Toronto Raptors,102.71428571428571,21.857142857142858,64.0,16.857142857142858,48.0,11.571428571428571,36.42857142857143,20.428571428571427,17.142857142857142,1.3086580086580086,7.285714285714286,22.857142857142858,31.942857142857143,32.0,66.71428571428571,47.86594300191472,16.857142857142858,24.285714285714285,70.17142857142856,0.0,9.428571428571429,0.5725829725829726,5.142857142857143,21.714285714285715,0.24302541833597732,17.142857142857142,0.0,110.85714285714286,100.83333333333333,17.0,64.33333333333333,19.5,44.833333333333336,12.166666666666666,32.666666666666664,17.0,12.166666666666666,1.7067307692307692,5.666666666666667,21.666666666666668,25.666666666666668,32.166666666666664,63.166666666666664,51.29327294290738,19.5,24.333333333333332,81.25,0.0,8.833333333333334,0.7849893162393163,4.0,22.666666666666668,0.17659493284493286,12.166666666666666,0.0,111.5
99,101,2016-11-09,1,1,2016-17,San Antonio Spurs,Houston Rockets,102.57142857142857,25.714285714285715,55.714285714285715,21.142857142857142,44.57142857142857,10.0,34.57142857142857,20.571428571428573,12.142857142857142,1.7473098330241186,8.571428571428571,21.285714285714285,40.08571428571429,27.857142857142858,60.857142857142854,45.61070971047559,21.142857142857142,24.285714285714285,87.10000000000001,0.0,7.571428571428571,0.6495361781076067,5.857142857142857,20.571428571428573,0.29366750208855474,12.142857142857142,0.0,120.14285714285714,108.85714285714286,40.285714285714285,51.42857142857143,17.142857142857142,41.857142857142854,10.285714285714286,31.571428571428573,24.428571428571427,17.428571428571427,1.7024566641771417,13.428571428571429,35.57142857142857,37.4,25.714285714285715,47.285714285714285,54.00967814389567,17.142857142857142,23.142857142857142,74.85714285714286,0.0,7.571428571428571,0.4671923830260849,4.285714285714286,22.285714285714285,0.19978300512462002,17.428571428571427,0.0,119.85714285714286
115,107,2016-11-09,1,1,2016-17,Atlanta Hawks,Chicago Bulls,107.71428571428571,27.0,61.42857142857143,19.285714285714285,45.714285714285715,11.571428571428571,34.142857142857146,26.571428571428573,17.285714285714285,1.6085148769359296,9.0,26.0,34.31428571428571,30.714285714285715,57.714285714285715,53.02926023868259,19.285714285714285,28.714285714285715,68.14285714285714,0.0,10.714285714285714,0.6438174190053889,4.857142857142857,18.571428571428573,0.28543818337051424,17.285714285714285,0.0,124.85714285714286,107.28571428571429,23.571428571428573,62.57142857142857,21.142857142857142,49.57142857142857,14.571428571428571,35.0,23.428571428571427,14.714285714285714,1.7584441873915557,7.857142857142857,21.857142857142858,35.214285714285715,31.285714285714285,63.857142857142854,48.942186558174754,21.142857142857142,26.142857142857142,82.07142857142857,0.0,6.857142857142857,0.490238416554206,5.142857142857143,16.571428571428573,0.3217077408806732,14.714285714285714,0.0,126.0
116,95,2016-11-09,1,1,2016-17,Golden State Warriors,Dallas Mavericks,112.85714285714286,29.571428571428573,65.71428571428571,17.571428571428573,42.285714285714285,9.285714285714286,33.0,29.571428571428573,16.142857142857142,1.8634353741496599,9.857142857142858,30.428571428571427,32.48571428571429,32.857142857142854,57.142857142857146,57.49095447642663,17.571428571428573,22.0,79.07142857142857,0.0,10.714285714285714,0.6649659863945578,5.428571428571429,18.714285714285715,0.29692247298923835,16.142857142857142,0.0,135.42857142857142,97.42857142857143,31.285714285714285,52.0,14.142857142857142,41.285714285714285,8.571428571428571,32.714285714285715,18.571428571428573,13.0,1.4524392274392273,10.428571428571429,31.857142857142858,32.91428571428572,26.0,53.857142857142854,48.26946279282129,14.142857142857142,17.0,83.41428571428571,0.0,8.428571428571429,0.6701465201465202,3.7142857142857144,19.714285714285715,0.19202792228002313,13.0,0.0,104.28571428571429
111,80,2016-11-09,1,1,2016-17,LA Clippers,Portland Trail Blazers,104.28571428571429,24.428571428571427,59.42857142857143,20.428571428571427,45.142857142857146,8.857142857142858,36.285714285714285,20.428571428571427,12.714285714285714,1.694488625409678,8.142857142857142,24.142857142857142,34.25714285714286,29.714285714285715,60.57142857142857,49.08589702245234,20.428571428571427,27.285714285714285,74.85714285714286,0.0,10.285714285714286,0.8602596234175183,5.142857142857143,20.428571428571427,0.25849203754728434,12.714285714285714,0.0,118.85714285714286,110.25,34.875,55.5,19.875,40.75,6.75,34.0,21.625,15.625,1.4033291361416362,11.625,29.5,40.0625,27.75,55.125,50.38743882374743,19.875,24.75,80.85,0.0,7.5,0.481856684981685,4.875,24.25,0.20403109311357392,15.625,0.0,119.25
122,115,2016-11-09,1,1,2016-17,Indiana Pacers,Philadelphia 76ers,108.28571428571429,27.857142857142858,64.85714285714286,15.571428571428571,42.42857142857143,10.142857142857142,32.285714285714285,26.285714285714285,15.714285714285714,1.7441527893208566,9.285714285714286,24.428571428571427,39.05714285714286,32.42857142857143,65.14285714285714,50.039097959606806,15.571428571428571,20.857142857142858,74.15714285714286,0.0,9.428571428571429,0.6010513179630826,6.285714285714286,21.285714285714285,0.3078585544889893,15.714285714285714,0.0,123.85714285714286,91.33333333333333,27.0,51.666666666666664,12.666666666666666,41.333333333333336,6.333333333333333,35.0,20.833333333333332,17.333333333333332,1.2307848870542368,9.0,26.5,33.949999999999996,25.833333333333332,56.0,46.33358005638356,12.666666666666666,17.5,72.25,0.0,6.833333333333333,0.39131417186757744,6.0,21.333333333333332,0.2807410489332686,17.333333333333332,0.0,96.5
110,96,2016-11-09,1,1,2016-17,New York Knicks,Brooklyn Nets,102.16666666666667,23.5,61.666666666666664,17.0,39.833333333333336,9.166666666666666,30.666666666666668,21.166666666666668,12.833333333333334,2.2000356125356126,7.833333333333333,21.833333333333332,36.1,30.833333333333332,62.5,49.48281974017268,17.0,23.166666666666668,75.46666666666667,0.0,6.833333333333333,0.6302350427350427,5.333333333333333,23.0,0.23911979325022803,12.833333333333334,0.0,110.66666666666667,105.57142857142857,32.142857142857146,55.42857142857143,18.0,45.714285714285715,10.142857142857142,35.57142857142857,20.857142857142858,17.285714285714285,1.2085063850101443,10.714285714285714,34.0,31.771428571428572,27.714285714285715,52.142857142857146,53.949950681172176,18.0,21.857142857142858,82.17142857142858,0.0,9.285714285714286,0.5508682420336556,4.0,20.428571428571427,0.19713513031590835,17.285714285714285,0.0,116.57142857142857
107,123,2016-11-09,1,1,2016-17,Orlando Magic,Minnesota Timberwolves,92.85714285714286,24.0,55.142857142857146,13.714285714285714,43.42857142857143,11.857142857142858,31.571428571428573,23.285714285714285,12.714285714285714,1.9792413935271078,8.0,26.428571428571427,30.300000000000004,27.571428571428573,60.42857142857143,45.952760615216164,13.714285714285714,19.857142857142858,70.77142857142857,0.0,5.857142857142857,0.5043908472479901,4.857142857142857,17.0,0.2909158646736287,12.714285714285714,0.0,100.14285714285714,103.0,25.0,57.666666666666664,20.333333333333332,42.666666666666664,13.0,29.666666666666668,20.0,16.0,1.2814383329089212,8.333333333333334,21.5,38.333333333333336,28.833333333333332,61.5,47.710457821702754,20.333333333333332,27.5,74.26666666666667,0.0,8.0,0.5015066632713691,5.0,22.0,0.23173199797913757,16.0,0.0,109.66666666666667
118,93,2016-11-09,1,1,2016-17,Washington Wizards,Boston Celtics,98.66666666666667,17.5,63.0,18.166666666666668,42.666666666666664,11.166666666666666,31.5,18.166666666666668,16.666666666666668,1.1011904761904763,5.833333333333333,19.833333333333332,29.55,31.5,65.5,48.35735966265806,18.166666666666668,23.166666666666668,77.91666666666667,0.0,8.833333333333334,0.5285467456520089,4.333333333333333,20.833333333333332,0.21403985507246379,16.666666666666668,0.0,103.0,110.16666666666667,33.5,62.0,14.666666666666666,40.333333333333336,8.333333333333334,32.0,27.833333333333332,12.666666666666666,2.2821356275303644,11.166666666666666,29.166666666666668,37.96666666666666,31.0,57.333333333333336,54.01061569113332,14.666666666666666,19.833333333333332,73.76666666666667,0.0,6.666666666666667,0.5125393612235718,5.833333333333333,24.5,0.24473137973137973,12.666666666666666,0.0,128.66666666666666
101,125,2016-11-10,1,1,2016-17,Denver Nuggets,Golden State Warriors,105.71428571428571,24.428571428571427,57.142857142857146,24.142857142857142,49.0,10.857142857142858,38.142857142857146,19.285714285714285,18.285714285714285,1.124804558186911,8.142857142857142,23.285714285714285,35.01428571428571,28.571428571428573,61.42857142857143,47.221421265884956,24.142857142857142,31.0,78.02857142857144,0.0,7.142857142857143,0.39062813003989477,4.571428571428571,20.857142857142858,0.22448038503939124,18.285714285714285,0.0,112.57142857142857,113.25,32.25,64.0,17.0,41.875,8.75,33.125,30.0,16.0,1.9055059523809526,10.75,30.75,34.862500000000004,32.0,55.125,58.23141443516598,17.0,22.0,76.575,0.0,9.75,0.606845238095238,5.375,19.125,0.2882162547746745,16.0,0.0,136.125
91,101,2016-11-10,1,1,2016-17,Sacramento Kings,Los Angeles Lakers,96.75,22.5,55.25,19.0,40.375,9.25,31.125,21.625,14.125,1.5891189402702561,7.5,22.375,33.4625,27.625,57.875,47.74870206793389,19.0,24.5,76.45,0.0,6.75,0.4825523982596351,3.625,23.375,0.1531822410158155,14.125,0.0,104.375,108.625,26.625,63.25,18.75,43.75,11.75,32.0,20.375,17.75,1.177766588094568,8.875,27.375,33.2875,31.625,60.375,52.48170670414262,18.75,22.75,82.675,0.0,9.125,0.5161983124589549,4.375,22.625,0.1877774111349429,17.75,0.0,117.25
106,112,2016-11-10,1,1,2016-17,Milwaukee Bucks,New Orleans Pelicans,103.28571428571429,24.428571428571427,62.57142857142857,16.285714285714285,46.285714285714285,11.0,35.285714285714285,24.857142857142858,16.428571428571427,1.7226334978435818,8.142857142857142,25.142857142857142,31.071428571428573,31.285714285714285,61.142857142857146,51.69630083920813,16.285714285714285,20.0,80.8,0.0,10.0,0.6407590814103419,5.285714285714286,22.428571428571427,0.2410003040437823,16.428571428571427,0.0,122.71428571428571,100.25,20.25,62.25,17.75,42.25,7.75,34.5,23.875,13.875,1.8994366744366744,6.75,24.375,26.7625,31.125,63.0,49.04523968391635,17.75,24.25,72.95,0.0,8.875,0.697979797979798,6.5,21.875,0.29462856015749994,13.875,0.0,111.875
95,98,2016-11-10,1,1,2016-17,Miami Heat,Chicago Bulls,96.33333333333333,25.5,55.666666666666664,15.166666666666666,44.833333333333336,10.5,34.333333333333336,20.0,14.333333333333334,1.4427727501256913,8.5,24.0,33.6,27.833333333333332,62.833333333333336,43.628706942619836,15.166666666666666,21.333333333333332,70.36666666666666,0.0,7.0,0.5206887883358472,6.333333333333333,21.333333333333332,0.3059065029173725,14.333333333333334,0.0,103.5,107.25,24.0,62.75,20.5,47.25,13.75,33.5,23.5,14.625,1.7529243782533257,8.0,22.5,34.975,31.375,63.875,49.07441323840291,20.5,25.5,81.3375,0.0,7.75,0.5539586144849302,4.875,17.125,0.2993514161277319,14.625,0.0,124.0
74,87,2016-11-11,1,1,2016-17,Orlando Magic,Utah Jazz,94.625,24.0,55.75,14.875,42.875,11.875,31.0,22.875,12.25,2.009613997113997,8.0,26.125,30.675,27.875,60.5,46.356206521920704,14.875,21.125,71.5125,0.0,5.375,0.4691197691197691,4.875,17.25,0.28744611843153034,12.25,0.0,101.375,97.625,29.25,51.0,17.375,42.125,8.125,34.0,19.0,12.75,1.546672077922078,9.75,25.5,39.1125,25.5,52.375,49.03158184408184,17.375,24.25,71.7375,0.0,6.375,0.5213293650793651,5.625,20.375,0.27705437837016783,12.75,0.0,108.5
122,120,2016-11-11,1,1,2016-17,Portland Trail Blazers,Sacramento Kings,106.125,32.25,55.25,18.625,42.375,7.5,34.875,20.875,15.75,1.3346478174603176,10.75,30.875,34.0125,27.625,55.375,49.97179842965876,18.625,23.75,79.0625,0.0,7.375,0.4694940476190476,4.875,24.875,0.19950210760632753,15.75,0.0,112.875,96.375,23.25,56.25,16.875,40.75,9.875,30.875,21.125,14.0,1.567243940270256,7.75,22.5,34.475,28.125,59.625,47.32682706793389,16.875,22.25,75.30000000000001,0.0,7.5,0.5361982315929684,4.0,23.125,0.17291908312107868,14.0,0.0,104.125
96,86,2016-11-11,1,1,2016-17,San Antonio Spurs,Detroit Pistons,102.125,25.125,55.25,21.75,43.875,10.0,33.875,20.75,11.875,1.8038961038961039,8.375,21.5,38.875,27.625,60.875,45.23723984912515,21.75,25.0,87.05,0.0,8.375,0.7433441558441558,5.75,19.875,0.298625730994152,11.875,0.0,119.375,98.125,19.875,62.25,16.0,45.5,10.25,35.25,20.375,12.875,1.594408195970696,6.625,19.125,35.8375,31.125,68.25,45.60582260611105,16.0,21.25,75.58749999999999,0.0,8.375,0.654335248085248,4.375,17.75,0.2714100592390066,12.875,0.0,109.0
111,113,2016-11-11,1,1,2016-17,Charlotte Hornets,Toronto Raptors,105.14285714285714,28.285714285714285,55.714285714285715,21.142857142857142,44.42857142857143,7.714285714285714,36.714285714285715,24.571428571428573,11.285714285714286,2.2825396825396824,9.428571428571429,28.428571428571427,32.871428571428574,27.857142857142858,56.0,50.354739822824925,21.142857142857142,27.428571428571427,76.98571428571428,0.0,8.285714285714286,0.785515873015873,5.428571428571429,18.285714285714285,0.28931218420382504,11.285714285714286,0.0,123.14285714285714,102.42857142857143,19.285714285714285,64.28571428571429,18.857142857142858,43.42857142857143,11.428571428571429,32.0,18.142857142857142,12.285714285714286,1.7376373626373627,6.428571428571429,22.285714285714285,28.042857142857144,32.142857142857146,62.285714285714285,51.985712647805315,18.857142857142858,24.0,79.38571428571429,0.0,9.0,0.7827380952380952,4.285714285714286,22.857142857142858,0.18708137100994243,12.285714285714286,0.0,113.85714285714286
115,87,2016-11-11,1,1,2016-17,Boston Celtics,New York Knicks,107.71428571428571,33.0,60.285714285714285,14.428571428571429,39.0,8.142857142857142,30.857142857142858,26.857142857142858,12.428571428571429,2.2288435248961567,11.0,29.428571428571427,37.15714285714286,30.142857142857142,56.285714285714285,53.43767059239998,14.428571428571429,20.142857142857142,71.67142857142856,0.0,6.428571428571429,0.5042545174124121,5.571428571428571,23.714285714285715,0.23984494202539317,12.428571428571429,0.0,122.85714285714286,103.28571428571429,24.428571428571427,62.57142857142857,16.285714285714285,41.285714285714285,9.142857142857142,32.142857142857146,21.714285714285715,13.0,2.1408468515611374,8.142857142857142,23.0,35.7,31.285714285714285,62.42857142857143,50.247946874065065,16.285714285714285,22.285714285714285,74.77142857142857,0.0,7.428571428571429,0.6524463631606489,5.285714285714286,22.714285714285715,0.23897342822808662,13.0,0.0,114.0
94,105,2016-11-11,1,1,2016-17,Washington Wizards,Cleveland Cavaliers,101.42857142857143,19.285714285714285,64.28571428571429,17.857142857142858,44.285714285714285,12.285714285714286,32.0,19.714285714285715,16.0,1.2891156462585034,6.428571428571429,20.0,32.128571428571426,32.142857142857146,66.28571428571429,48.69262618972301,17.857142857142858,22.714285714285715,78.21428571428571,0.0,8.857142857142858,0.560182924844579,4.714285714285714,21.571428571428573,0.22192427138079313,16.0,0.0,110.42857142857143,111.42857142857143,39.0,51.714285714285715,20.714285714285715,43.857142857142854,10.857142857142858,33.0,22.571428571428573,11.857142857142858,2.143452380952381,13.0,35.714285714285715,36.92857142857143,25.857142857142858,52.57142857142857,49.127026430851735,20.714285714285715,26.0,78.84285714285714,0.0,8.571428571428571,0.8388528138528139,4.0,19.857142857142858,0.20626512167865552,11.857142857142858,0.0,123.85714285714286
109,105,2016-11-11,1,1,2016-17,Philadelphia 76ers,Indiana Pacers,94.71428571428571,29.142857142857142,53.42857142857143,12.142857142857142,41.57142857142857,6.857142857142857,34.714285714285715,21.142857142857142,17.285714285714285,1.248235785542287,9.714285714285714,27.857142857142858,34.65714285714286,26.714285714285715,56.42857142857143,47.46268121055637,12.142857142857142,17.714285714285715,68.7,0.0,7.428571428571429,0.4278491221049823,6.0,21.285714285714285,0.2814515113305568,17.285714285714285,0.0,100.14285714285714,110.0,27.75,66.75,15.5,42.5,9.75,32.75,26.125,15.75,1.7214461906557494,9.25,23.75,40.1,33.375,65.875,50.826464235782716,15.5,20.75,74.2625,0.0,9.375,0.5962324032176973,6.25,20.75,0.31349388223668917,15.75,0.0,126.25
108,110,2016-11-11,1,1,2016-17,Oklahoma City Thunder,LA Clippers,102.625,23.625,60.75,18.25,46.875,11.5,35.375,20.125,17.625,1.2522186147186147,7.875,24.25,32.3625,30.375,63.375,47.82020012667538,18.25,25.125,72.6875,0.0,9.0,0.5367243867243867,5.125,21.625,0.24240914580588493,17.625,0.0,109.875,105.125,25.5,58.75,20.875,46.375,9.5,36.875,20.875,12.0,1.911248975804897,8.5,25.125,34.275,29.375,59.875,49.08652353100944,20.875,28.0,74.5875,0.0,10.125,0.9134414562046141,5.375,19.75,0.28451386618720714,12.0,0.0,121.625
99,126,2016-11-12,1,1,2016-17,New Orleans Pelicans,Los Angeles Lakers,101.5,22.5,61.0,18.0,44.0,8.5,35.5,22.75,13.75,1.822163947163947,7.5,25.125,29.287499999999998,30.5,61.875,48.91146399898484,18.0,24.375,73.4625,0.0,8.0,0.6286616161616162,6.75,20.625,0.31912946759851624,13.75,0.0,113.875,106.25,25.5,62.25,18.5,44.125,10.875,33.25,20.0,18.375,1.1208469452374252,8.5,26.375,33.1625,31.125,59.5,52.55558377270054,18.5,22.75,81.53750000000001,0.0,8.875,0.4856923600780025,4.125,22.0,0.18010197253845164,18.375,0.0,114.5
104,122,2016-11-12,1,1,2016-17,Phoenix Suns,Brooklyn Nets,109.25,19.5,66.75,23.0,48.25,11.25,37.0,18.0,16.0,1.1512896825396826,6.5,21.125,31.2875,33.375,69.5,48.210735365411736,23.0,29.625,77.6125,0.0,9.25,0.6024553571428571,3.25,26.5,0.13737904018076433,16.0,0.0,114.625,104.375,32.25,54.0,18.125,45.0,9.75,35.25,20.625,17.375,1.1893875313283209,10.75,33.875,31.9625,27.0,51.375,53.18446771559087,18.125,22.5,80.7,0.0,9.25,0.5445097117794486,4.0,20.375,0.1974932390264198,17.375,0.0,114.0
118,107,2016-11-12,1,1,2016-17,Toronto Raptors,New York Knicks,103.75,19.125,65.5,19.125,43.625,11.0,32.625,18.125,11.375,1.9704326923076922,6.375,22.25,27.95,32.75,63.0,52.28896915506495,19.125,23.75,81.4,0.0,8.875,0.8848958333333333,4.375,22.625,0.1934581043956044,11.375,0.0,116.625,101.25,23.625,61.5,16.125,43.25,10.625,32.625,21.375,14.5,1.9682409951159952,7.875,23.0,34.5,30.75,63.5,48.72047464156749,16.125,21.625,76.45,0.0,7.375,0.6058905677655677,6.0,23.125,0.26198636508419115,14.5,0.0,111.375
117,96,2016-11-12,1,1,2016-17,Atlanta Hawks,Philadelphia 76ers,108.625,27.0,62.0,19.625,46.0,11.75,34.25,26.25,18.0,1.537885299927634,9.0,25.25,35.65,31.0,58.375,52.94822175646632,19.625,28.5,69.8125,0.0,10.375,0.6068185024992805,5.125,18.75,0.29350841044919995,18.0,0.0,125.875,96.5,29.625,53.0,13.875,43.125,7.625,35.5,21.5,17.625,1.2422063123495013,9.875,28.375,34.625,26.5,56.125,47.31688309627386,13.875,19.375,70.6,0.0,7.375,0.41811798184185955,6.0,21.25,0.2819843581285229,17.625,0.0,103.25
100,106,2016-11-12,1,1,2016-17,Houston Rockets,San Antonio Spurs,107.875,39.0,51.75,17.125,42.25,10.0,32.25,24.5,17.75,1.645899581154999,13.0,34.875,36.8875,25.875,47.375,54.28971837590871,17.125,23.0,75.1625,0.0,7.5,0.4525433351478243,4.25,22.5,0.19564346281737585,17.75,0.0,119.375,98.0,24.0,53.25,20.75,42.625,8.625,34.0,20.625,11.125,1.955681818181818,8.0,21.0,38.25,26.625,59.25,44.8578645722089,20.75,24.125,85.85,0.0,7.75,0.7522727272727272,5.625,19.125,0.2981196581196581,11.125,0.0,114.5
99,105,2016-11-12,1,1,2016-17,Indiana Pacers,Boston Celtics,106.875,25.875,66.0,15.0,41.0,9.25,31.75,25.25,15.375,1.7082250368095955,8.625,23.75,36.8125,33.0,65.25,50.735884525637786,15.0,19.375,76.6625,0.0,9.75,0.6449102878330819,5.875,21.375,0.2942780437273724,15.375,0.0,121.625,108.625,33.0,58.75,16.875,40.75,9.5,31.25,26.375,12.875,2.129925584284137,11.0,29.125,37.6,29.375,57.125,51.51986653025475,16.875,23.0,72.6,0.0,7.625,0.5662227027358606,5.25,23.0,0.23069765760555233,12.875,0.0,123.75
105,119,2016-11-12,1,1,2016-17,Minnesota Timberwolves,LA Clippers,105.85714285714286,27.0,58.57142857142857,20.285714285714285,43.0,12.571428571428571,30.428571428571427,21.0,14.714285714285714,1.6493961220851978,9.0,21.714285714285715,40.92857142857143,29.285714285714285,61.857142857142854,48.03753527574521,20.285714285714285,27.285714285714285,74.64285714285714,0.0,8.0,0.5931281603550511,5.0,22.142857142857142,0.22968332746037876,14.714285714285714,0.0,115.85714285714286,104.625,26.625,58.5,19.5,46.0,9.0,37.0,21.625,12.25,1.9487489758048968,8.875,24.875,35.9125,29.25,59.5,49.17195272729156,19.5,26.625,73.3875,0.0,10.0,0.8696914562046142,5.25,19.125,0.2832638661872071,12.25,0.0,121.875
91,102,2016-11-12,1,1,2016-17,Miami Heat,Utah Jazz,96.14285714285714,27.428571428571427,54.285714285714285,14.428571428571429,45.0,11.0,34.0,20.285714285714285,14.142857142857142,1.4784205990088342,9.142857142857142,24.714285714285715,35.2,27.142857142857142,62.285714285714285,42.96504178616809,14.428571428571429,20.428571428571427,69.84285714285714,0.0,7.142857142857143,0.5342167636285283,6.142857142857143,21.0,0.29979955889158244,14.142857142857142,0.0,103.85714285714286,96.5,29.625,51.25,15.625,42.75,8.0,34.75,19.625,12.875,1.5800054112554112,9.875,25.875,39.2375,25.625,52.75,48.91365731577996,15.625,21.25,73.925,0.0,7.0,0.5606150793650794,5.625,20.375,0.2770543783701679,12.875,0.0,109.875
106,96,2016-11-12,1,1,2016-17,Milwaukee Bucks,Memphis Grizzlies,103.625,23.625,63.25,16.75,46.5,11.0,35.5,24.625,15.75,1.7686679469767705,7.875,24.25,31.35,31.625,62.625,51.05618104252629,16.75,20.625,80.7,0.0,9.25,0.6061187416885946,5.25,22.125,0.24212526603830953,15.75,0.0,122.25,97.125,25.875,52.25,19.0,42.5,10.875,31.625,20.25,15.75,1.3536304704067863,8.625,25.875,32.925,26.125,58.375,44.765528873583015,19.0,25.125,75.275,0.0,9.25,0.5833441777520725,5.375,25.375,0.21634698634698635,15.75,0.0,103.125
106,95,2016-11-12,1,1,2016-17,Chicago Bulls,Washington Wizards,106.375,22.125,64.25,20.0,46.375,13.0,33.375,22.625,14.625,1.680007711586659,7.375,21.375,34.1625,32.125,64.625,49.7184533120075,20.0,24.25,83.42500000000001,0.0,8.0,0.5747919478182636,5.0,16.0,0.3142323685086843,14.625,0.0,123.0,100.5,18.0,65.0,17.5,44.5,12.0,32.5,19.25,15.875,1.2613095238095238,6.0,19.375,30.612499999999997,32.5,67.0,48.68243680489652,17.5,22.25,78.3,0.0,8.625,0.54849339257234,4.75,21.5,0.22394564222009875,15.875,0.0,109.125
95,106,2016-11-12,1,1,2016-17,Denver Nuggets,Detroit Pistons,105.125,26.25,56.25,22.625,48.375,11.625,36.75,20.125,18.375,1.1552566199924945,8.75,24.875,35.15,28.125,61.0,46.7066746421321,22.625,29.25,77.1,0.0,7.125,0.38785224536385526,4.375,20.5,0.21725367024280068,18.375,0.0,111.125,97.5,20.25,61.25,16.0,45.75,10.375,35.375,20.0,12.75,1.5772378663003663,6.75,19.5,36.0625,30.625,66.875,45.973469664934576,16.0,21.125,76.05,0.0,7.625,0.6021374458874459,4.875,16.5,0.3071243449532923,12.75,0.0,108.875
100,93,2016-11-13,1,1,2016-17,Cleveland Cavaliers,Charlotte Hornets,110.625,39.375,50.75,20.5,44.25,11.125,33.125,21.75,12.25,2.0088541666666666,13.125,35.375,37.6125,25.375,52.625,48.17482737227829,20.5,26.0,78.125,0.0,8.625,0.8089962121212121,4.25,20.0,0.21619626718310928,12.25,0.0,122.25,105.875,31.125,54.0,20.75,46.0,9.0,37.0,24.25,11.375,2.2263888888888888,10.375,30.0,33.95,27.0,55.5,49.10847426804874,20.75,27.0,76.7375,0.0,7.375,0.6977430555555555,5.25,18.0,0.28439816117834693,11.375,0.0,123.0
112,105,2016-11-13,1,1,2016-17,Portland Trail Blazers,Denver Nuggets,108.125,35.625,54.5,18.0,40.875,7.25,33.625,22.25,15.625,1.4527796855921857,11.875,32.75,36.1625,27.25,53.625,50.98911749471086,18.0,23.125,78.4875,0.0,7.875,0.5107028388278388,4.875,23.625,0.2056295585867197,15.625,0.0,116.0,103.625,26.625,55.75,21.25,46.375,12.0,34.375,19.75,17.25,1.1824441199924944,8.875,25.0,35.4875,27.875,61.0,46.28294582857278,21.25,27.5,76.8375,0.0,7.0,0.3997272453638553,4.375,19.5,0.23024068322981367,17.25,0.0,108.375
133,120,2016-11-13,1,1,2016-17,Golden State Warriors,Phoenix Suns,116.375,34.875,63.75,17.75,43.0,8.875,34.125,31.125,15.875,1.9930059523809525,11.625,30.375,38.050000000000004,31.875,55.5,57.57144940020095,17.75,22.25,79.425,0.0,10.25,0.645907738095238,5.375,19.0,0.2904092372308148,15.875,0.0,143.375,108.5,20.625,65.5,22.375,49.625,12.5,37.125,19.0,15.625,1.265873015873016,6.875,21.75,32.075,32.75,70.5,46.60856501324138,22.375,28.25,78.9375,0.0,9.0,0.6045386904761905,3.25,25.375,0.1431980056980057,15.625,0.0,115.25
125,99,2016-11-13,1,1,2016-17,Minnesota Timberwolves,Los Angeles Lakers,105.75,26.625,59.25,19.875,42.5,12.875,29.625,21.625,14.5,1.693221606824548,8.875,21.75,40.3625,29.625,62.5,48.002992620008406,19.875,26.5,75.4375,0.0,8.375,0.6247563710799005,4.75,23.25,0.21306968572137983,14.5,0.0,116.125,110.875,28.125,65.5,17.25,44.625,10.75,33.875,22.5,17.5,1.4531998864138957,9.375,27.25,34.9375,32.75,59.875,54.87371901860218,17.25,21.0,82.72500000000001,0.0,9.125,0.5415747130191789,3.875,20.5,0.18669426462770114,17.5,0.0,124.75
117,119,2016-11-13,1,1,2016-17,Oklahoma City Thunder,Orlando Magic,103.25,27.375,58.0,17.875,45.875,11.0,34.875,20.375,18.5,1.169130379424497,9.125,25.0,36.0875,29.0,61.875,46.67436679334205,17.875,24.25,74.07499999999999,0.0,8.5,0.47128321025379843,4.875,22.125,0.2307344276094276,18.5,0.0,109.25,91.875,24.75,53.25,13.875,42.625,11.0,31.625,22.0,12.375,1.9177579365079365,8.25,26.375,31.5125,26.625,58.875,45.30593940195956,13.875,20.0,70.89999999999999,0.0,6.125,0.5268849206349207,5.125,17.625,0.29577945176486364,12.375,0.0,98.875
94,90,2016-11-14,1,1,2016-17,San Antonio Spurs,Miami Heat,98.5,23.625,54.75,20.125,42.0,7.75,34.25,20.375,11.375,1.8869318181818182,7.875,21.0,37.5625,27.375,58.875,46.46894427825751,20.125,23.75,84.6375,0.0,7.25,0.6897727272727272,6.0,18.25,0.3320265407107513,11.375,0.0,114.5,95.5,25.875,55.75,13.875,44.25,10.125,34.125,20.375,13.5,1.5852846907993967,8.625,23.75,34.475,27.875,62.5,44.03972406289708,13.875,20.25,67.6875,0.0,6.875,0.5368841126194067,5.875,20.5,0.291736378736017,13.5,0.0,103.25
127,95,2016-11-14,1,1,2016-17,LA Clippers,Brooklyn Nets,108.5,28.5,58.75,21.25,45.125,8.375,36.75,22.625,12.375,2.008501723057644,9.5,24.5,38.862500000000004,29.375,59.0,49.89310657344541,21.25,28.75,74.1,0.0,9.875,0.8552683792815372,5.25,19.75,0.27386536994660565,12.375,0.0,126.875,105.0,32.625,53.0,19.375,46.375,8.625,37.75,20.625,17.5,1.1792772372106737,10.875,33.0,33.1,26.5,50.625,52.96367285408947,19.375,23.75,81.5375,0.0,9.0,0.5261273588382721,4.875,20.375,0.24354587060536717,17.5,0.0,117.75
88,69,2016-11-14,1,1,2016-17,Indiana Pacers,Orlando Magic,107.5,25.5,66.0,16.0,39.875,8.875,31.0,24.625,15.5,1.6484722895568484,8.5,24.125,35.9375,33.0,63.375,52.024249161460055,16.0,20.375,77.9125,0.0,10.0,0.6579597383825325,6.25,21.375,0.3113234982728269,15.5,0.0,122.375,96.5,25.875,55.75,14.875,41.875,10.25,31.625,22.5,12.5,1.9399801587301588,8.625,26.125,33.3875,27.875,58.0,47.833405507616405,14.875,21.0,72.5625,0.0,5.625,0.46577380952380953,5.625,18.5,0.3106832979187098,12.5,0.0,105.875
115,88,2016-11-14,1,1,2016-17,Houston Rockets,Philadelphia 76ers,106.125,42.0,47.25,16.875,43.125,10.75,32.375,23.625,17.625,1.6006614859169037,14.0,37.125,37.8625,23.625,45.5,51.83044519295132,16.875,22.25,76.4875,0.0,7.0,0.42278143038591953,4.625,22.0,0.2165244696823644,17.625,0.0,116.5,96.375,31.125,52.0,13.25,42.625,8.25,34.375,21.5,18.25,1.1928642070863433,10.375,29.0,35.7125,26.0,55.375,47.062253466644236,13.25,18.75,69.725,0.0,8.5,0.46558038785689715,5.25,21.0,0.25016617631034105,18.25,0.0,102.5
106,105,2016-11-14,1,1,2016-17,New Orleans Pelicans,Boston Celtics,99.625,22.875,58.75,18.0,43.125,8.5,34.625,21.625,13.125,1.8304972804972803,7.625,24.875,30.2,29.375,60.875,48.07355191107276,18.0,23.875,75.175,0.0,7.5,0.6119949494949495,6.75,18.875,0.3555878009318496,13.125,0.0,110.875,106.5,31.875,56.25,18.375,40.75,9.875,30.875,24.625,12.25,2.0895120504495504,10.625,28.25,37.300000000000004,28.125,56.875,49.54219507889909,18.375,24.875,72.4125,0.0,6.875,0.5431963869463869,5.0,23.125,0.216114324272219,12.25,0.0,118.625
93,77,2016-11-14,1,1,2016-17,New York Knicks,Dallas Mavericks,103.625,22.875,65.0,15.75,44.125,11.125,33.0,21.625,14.25,1.9986229395604396,7.625,22.5,34.1375,32.5,65.25,50.17880797490083,15.75,21.125,76.45,0.0,7.0,0.5876614010989011,5.5,23.25,0.2387650212106734,14.25,0.0,114.625,97.125,29.625,52.5,15.0,41.375,9.125,32.25,18.75,12.25,1.6280271811521811,9.875,31.375,31.475,26.25,54.375,48.270262702339316,15.0,18.375,82.3625,0.0,8.625,0.7649496336996338,3.5,19.75,0.18052443199502022,12.25,0.0,104.125
104,88,2016-11-14,1,1,2016-17,Detroit Pistons,Oklahoma City Thunder,97.25,19.125,61.5,16.625,43.75,10.625,33.125,19.5,12.375,1.615432310744811,6.375,19.375,34.2375,30.75,66.375,46.521715278969666,16.625,22.125,74.5625,0.0,8.0,0.6715818903318903,4.5,17.125,0.26948229949874686,12.375,0.0,106.5,103.75,28.125,59.25,16.375,44.0,10.75,33.25,21.5,17.125,1.3452667430608607,9.375,25.5,36.6125,29.625,60.875,48.30372002717289,16.375,22.75,72.55,0.0,7.625,0.45423775570834396,5.25,21.5,0.2545831118199539,17.125,0.0,111.25
96,102,2016-11-14,1,1,2016-17,Utah Jazz,Memphis Grizzlies,99.875,29.25,54.25,16.375,43.0,7.875,35.125,18.875,11.75,1.621672077922078,9.75,26.0,38.387499999999996,27.125,53.625,50.78827783794146,16.375,22.0,74.8375,0.0,6.625,0.5745039682539682,5.875,20.0,0.2920065314802157,11.75,0.0,114.125,96.375,24.0,53.25,19.125,40.875,9.875,31.0,20.375,15.75,1.3632458550221709,8.0,26.625,29.7,26.625,57.375,46.737255064059205,19.125,24.375,78.375,0.0,9.5,0.6025749469828416,4.5,25.5,0.1805777555777556,15.75,0.0,101.25
108,115,2016-11-15,1,1,2016-17,Minnesota Timberwolves,Charlotte Hornets,109.125,29.25,59.0,20.875,42.375,12.125,30.25,22.625,14.375,1.8159488795518208,9.75,22.875,42.2125,29.5,60.625,49.32790937916489,20.875,28.125,75.15,0.0,8.875,0.6815745528980823,4.625,22.75,0.21221156215158576,14.375,0.0,121.75,104.125,32.625,52.0,19.5,45.25,8.875,36.375,23.75,10.75,2.463888888888889,10.875,30.75,34.8875,26.0,55.5,47.59332275289722,19.5,25.5,76.7375,0.0,7.625,0.8102430555555555,4.375,17.625,0.24731682146542827,10.75,0.0,119.0
125,118,2016-11-15,1,1,2016-17,Los Angeles Lakers,Brooklyn Nets,111.25,28.5,64.75,18.0,44.375,10.0,34.375,22.0,16.875,1.4572105816010616,9.5,26.25,36.362500000000004,32.375,58.875,55.15901882517858,18.0,21.75,83.2375,0.0,8.0,0.5004650873507298,4.25,22.125,0.19296666606139293,16.875,0.0,126.0,104.0,32.625,52.0,19.375,44.5,8.25,36.25,20.375,18.25,1.125299964483401,10.875,33.0,33.1,26.0,49.375,53.3003731907898,19.375,24.0,80.575,0.0,9.0,0.5133432679291813,4.625,20.125,0.23371150207534647,18.25,0.0,114.125
90,93,2016-11-15,1,1,2016-17,Miami Heat,Atlanta Hawks,93.25,25.875,53.25,14.125,42.875,9.375,33.5,19.75,13.625,1.5155731523378582,8.625,23.625,34.6875,26.625,61.0,43.382182463326494,14.125,20.875,67.0125,0.0,8.0,0.619416163901458,6.0,20.625,0.2954419123328549,13.625,0.0,100.125,109.0,27.375,62.75,18.875,46.0,11.875,34.125,26.625,17.375,1.6134061332609673,9.125,26.0,34.95,31.375,58.5,53.44105329768495,18.875,28.0,67.225,0.0,10.0,0.6075625501183282,5.0,18.125,0.3010272074416811,17.375,0.0,126.125
88,113,2016-11-15,1,1,2016-17,Portland Trail Blazers,Chicago Bulls,107.75,34.875,53.5,19.375,40.75,8.375,32.375,22.0,14.625,1.6012171855921857,11.625,32.375,35.7,26.75,54.125,49.89604390163727,19.375,24.5,79.725,0.0,7.625,0.5575778388278388,4.875,22.75,0.21577448612295158,14.625,0.0,115.125,104.875,20.625,63.75,20.5,47.0,13.25,33.75,21.0,14.375,1.5883410449199922,6.875,20.625,32.9625,31.875,66.75,47.97830321819886,20.5,24.75,83.61250000000001,0.0,7.875,0.5789586144849304,5.0,16.75,0.29816093993725573,14.375,0.0,118.5
121,117,2016-11-15,1,1,2016-17,Cleveland Cavaliers,Toronto Raptors,108.5,39.75,49.0,19.75,44.5,11.25,33.25,21.0,11.5,2.0977430555555556,13.25,35.75,37.574999999999996,24.5,52.0,47.182203392366176,19.75,25.5,75.57499999999999,0.0,7.5,0.7506628787878789,4.625,18.875,0.2647102531970953,11.5,0.0,118.875,104.875,20.625,64.0,20.25,42.75,10.625,32.125,18.25,11.25,1.9978948135198136,6.875,22.75,29.837500000000002,32.0,62.125,51.861052086598214,20.25,24.875,81.9,0.0,9.125,0.9151988636363636,5.125,22.375,0.23095810439560438,11.25,0.0,118.25
107,111,2016-11-16,1,1,2016-17,LA Clippers,Memphis Grizzlies,109.875,31.5,58.75,19.625,45.0,8.875,36.125,24.0,11.875,2.1777725563909773,10.5,25.625,41.175000000000004,29.375,59.125,49.79094311190695,19.625,26.625,74.3625,0.0,11.0,0.9698517126148705,5.5,19.625,0.2862171486027321,11.875,0.0,131.625,96.125,23.625,53.25,19.25,41.375,10.25,31.125,19.625,16.25,1.2668916883555044,7.875,26.125,29.9625,26.625,56.625,47.36318650966278,19.25,24.375,78.85,0.0,9.625,0.6025749469828416,4.5,25.0,0.18185980685980688,16.25,0.0,101.625
105,103,2016-11-16,1,1,2016-17,Oklahoma City Thunder,Houston Rockets,100.625,26.625,57.25,16.75,44.75,11.125,33.625,19.875,16.5,1.2973500763941939,8.875,25.625,34.6,28.625,59.875,47.5196858147709,16.75,23.375,71.9125,0.0,6.125,0.3854877557083439,5.25,21.375,0.25620648844333055,16.5,0.0,105.5,107.25,42.75,49.5,15.0,44.875,12.125,32.75,23.5,17.5,1.6013924800689507,14.25,38.125,37.3125,24.75,47.125,52.5270396201959,15.0,20.5,73.7625,0.0,7.0,0.4249744128420599,5.75,21.625,0.27663212518475677,17.5,0.0,119.125
105,102,2016-11-16,1,1,2016-17,New York Knicks,Detroit Pistons,101.375,24.0,62.75,14.625,45.375,12.125,33.25,20.875,14.75,1.9002066499676793,8.0,23.0,35.0625,31.375,65.0,48.34776166272244,14.625,18.5,79.55,0.0,7.125,0.5859645685197156,5.625,22.125,0.25782752121067337,14.75,0.0,113.125,98.0,19.125,62.5,16.375,42.375,9.125,33.25,19.75,11.625,1.748244810744811,6.375,18.875,35.025,31.25,67.375,46.521715278969666,16.375,21.625,75.35,0.0,7.5,0.6590818903318904,5.125,17.125,0.314125156641604,11.625,0.0,107.25
109,102,2016-11-16,1,1,2016-17,Philadelphia 76ers,Washington Wizards,98.375,31.125,53.5,13.75,42.625,9.0,33.625,21.75,17.375,1.2659411301632664,10.375,29.5,35.075,26.75,56.125,47.75603904539186,13.75,19.0,71.58749999999999,0.0,8.625,0.5054842340107433,5.5,20.625,0.27038676454563515,17.375,0.0,105.75,100.0,17.25,65.0,17.75,45.625,12.125,33.5,18.5,15.0,1.2947525062656642,5.75,18.5,30.7125,32.5,67.5,48.387911510371225,17.75,22.25,79.6875,0.0,7.25,0.4876381294144452,5.125,21.75,0.23871836949282602,15.0,0.0,109.25
121,127,2016-11-16,1,1,2016-17,Toronto Raptors,Golden State Warriors,108.125,24.0,64.5,19.625,41.375,9.875,31.5,19.75,10.0,2.2895614801864803,8.0,24.375,32.3125,32.25,61.25,52.781282018022175,19.625,24.875,78.4375,0.0,9.375,1.0245738636363635,5.375,23.0,0.2372081043956044,10.0,0.0,123.375,117.75,37.5,62.25,18.0,42.25,8.75,33.5,31.125,16.125,1.9572916666666669,12.5,31.0,40.1,31.125,54.375,57.339967918719466,18.0,22.625,79.15,0.0,10.25,0.6369791666666667,6.0,18.75,0.32279560086717846,16.125,0.0,144.875
89,82,2016-11-16,1,1,2016-17,Orlando Magic,New Orleans Pelicans,92.75,24.75,53.75,14.25,42.125,9.75,32.375,21.375,11.875,1.9087301587301586,8.25,25.75,32.3125,26.875,58.375,45.797993885340375,14.25,19.375,74.96249999999999,0.0,5.25,0.45349702380952384,5.625,17.75,0.3202740907575845,11.875,0.0,101.125,103.0,23.625,59.0,20.375,43.25,8.625,34.625,21.875,14.0,1.7731443393208097,7.875,24.75,31.5,29.5,60.125,48.854801911072755,20.375,26.5,76.425,0.0,7.875,0.6031714200831848,6.625,18.625,0.35210482879562666,14.0,0.0,115.0
90,83,2016-11-16,1,1,2016-17,Boston Celtics,Dallas Mavericks,107.25,33.375,55.25,18.625,41.75,10.875,30.875,24.25,12.25,2.0582620504495504,11.125,30.5,36.6125,27.625,57.0,48.4852418993044,18.625,24.375,75.225,0.0,7.25,0.5744463869463869,4.25,23.375,0.18611432427221902,12.25,0.0,118.0,91.625,24.75,52.5,14.375,40.25,9.25,31.0,17.375,12.0,1.5555912837162835,8.25,28.75,29.1,26.25,54.5,48.164529619632546,14.375,17.5,82.425,0.0,8.625,0.775206043956044,3.375,18.375,0.19817489495798318,12.0,0.0,97.375
103,93,2016-11-16,1,1,2016-17,Indiana Pacers,Cleveland Cavaliers,105.875,25.875,63.75,16.25,41.875,8.75,33.125,23.125,15.0,1.6271047681893271,8.625,25.0,35.075,31.875,62.75,50.78798542519631,16.25,20.5,79.3,0.0,10.125,0.7060366614594555,6.5,21.125,0.3369931411299698,15.0,0.0,121.0,111.875,40.125,51.5,20.25,45.25,11.375,33.875,21.75,11.375,2.1500306372549023,13.375,35.875,37.81249999999999,25.75,52.375,49.34709700938745,20.25,26.25,75.4125,0.0,7.0,0.7245190879382056,5.125,19.25,0.28832136430820643,11.375,0.0,124.5
105,110,2016-11-16,1,1,2016-17,Sacramento Kings,San Antonio Spurs,98.125,22.125,58.0,18.0,42.875,10.125,32.75,20.375,14.25,1.4864747095010253,7.375,21.875,33.725,29.0,60.625,47.87387993917092,18.0,23.5,75.80000000000001,0.0,7.625,0.5368392572339941,3.75,22.75,0.16473455931155487,14.25,0.0,106.875,98.0,22.875,54.75,20.375,42.25,8.75,33.5,20.75,12.25,1.8009024064171124,7.625,19.875,39.0125,27.375,59.875,45.8365132132436,20.375,24.25,84.1125,0.0,7.0,0.6441844919786096,6.0,18.25,0.3320265407107512,12.25,0.0,113.125
120,104,2016-11-16,1,1,2016-17,Denver Nuggets,Phoenix Suns,102.625,28.5,54.0,20.125,46.125,12.0,34.125,18.75,17.375,1.1191271265284424,9.5,25.75,36.9625,27.0,59.125,46.12846321441275,20.125,26.25,76.3875,0.0,6.25,0.3539756113769272,4.5,20.0,0.23047877846790887,17.375,0.0,106.375,111.0,20.625,67.75,22.625,48.125,12.125,36.0,20.0,15.75,1.3275717338217339,6.875,21.875,31.887500000000003,33.875,70.375,48.395086949017056,22.625,28.375,79.55,0.0,9.0,0.5965258699633699,2.875,25.75,0.12728288633461046,15.75,0.0,118.0
107,100,2016-11-16,1,1,2016-17,Atlanta Hawks,Milwaukee Bucks,107.625,27.75,61.25,18.625,44.5,11.875,32.625,25.0,18.5,1.3976323237371577,9.25,25.625,36.237500000000004,30.625,58.25,52.47646233309399,18.625,27.5,67.625,0.0,10.375,0.5763125501183282,4.625,18.0,0.2769887459032196,18.5,0.0,120.75,104.875,25.125,61.5,18.25,45.125,10.375,34.75,24.25,16.5,1.5878643755481991,8.375,24.5,33.8625,30.75,59.375,52.385128410947345,18.25,22.625,80.7,0.0,9.875,0.6239758845457375,5.25,21.875,0.2449661751292186,16.5,0.0,123.75
96,73,2016-11-17,1,1,2016-17,Miami Heat,Milwaukee Bucks,93.125,23.25,56.0,13.875,42.375,10.125,32.25,19.0,14.0,1.4674753262509017,7.75,22.25,33.337500000000006,28.0,62.75,44.54768362882766,13.875,20.125,68.7125,0.0,9.125,0.6666987725971102,6.375,20.625,0.31174626015894186,14.0,0.0,100.5,103.625,25.125,61.0,17.5,45.5,11.25,34.25,24.25,16.625,1.5729834231672466,8.375,25.75,32.4375,30.5,59.375,52.00634053215947,17.5,21.875,80.0125,0.0,9.25,0.5739758845457374,4.875,22.125,0.22779226208574033,16.625,0.0,120.25
119,112,2016-11-17,1,1,2016-17,Washington Wizards,New York Knicks,99.875,18.375,64.25,17.25,45.625,12.5,33.125,18.375,14.625,1.3296551036682616,6.125,18.25,32.5625,32.125,68.375,47.14032231075695,17.25,22.25,77.6875,0.0,7.25,0.5071186488949647,4.75,22.125,0.2217869313657357,14.625,0.0,107.875,103.375,24.75,64.0,14.625,46.5,13.5,33.0,21.625,14.375,2.0460399833010126,8.25,23.375,35.5875,32.0,65.5,48.94518813331068,14.625,19.0,77.45,0.0,7.375,0.6345756796308266,5.625,21.0,0.30385024848340064,14.375,0.0,117.125
110,86,2016-11-17,1,1,2016-17,Minnesota Timberwolves,Philadelphia 76ers,109.75,32.25,57.25,20.25,43.25,13.0,30.25,23.375,14.875,1.8199171335200746,10.75,24.5,43.599999999999994,28.625,61.375,46.83948345323897,20.25,26.875,76.4,0.0,8.625,0.6557809021044315,4.625,22.0,0.22010629899369102,14.875,0.0,121.625,99.375,31.5,53.75,14.125,42.5,8.75,33.75,22.0,17.5,1.267779365457384,10.5,30.5,33.9125,26.875,54.625,49.56684533512087,14.125,19.75,70.7375,0.0,8.75,0.5105393810695668,4.625,21.375,0.2251944568533275,17.5,0.0,106.375
126,109,2016-11-17,1,1,2016-17,Houston Rockets,Portland Trail Blazers,108.5,43.875,50.25,14.375,44.875,12.5,32.375,24.625,17.375,1.6790579212454213,14.625,39.25,37.25,25.125,47.375,53.0270396201959,14.375,19.625,73.46249999999999,0.0,7.625,0.46633470695970697,5.75,20.25,0.3028226013752329,17.375,0.0,121.875,105.75,33.0,54.0,18.75,42.875,9.5,33.375,21.25,13.75,1.6346767815517815,11.0,31.75,34.525,27.0,55.875,48.901973444713654,18.75,24.125,77.83749999999999,0.0,7.125,0.5651535964035964,4.875,22.875,0.214140499194847,13.75,0.0,113.125
77,85,2016-11-17,1,1,2016-17,Utah Jazz,Chicago Bulls,98.625,26.625,55.25,16.75,41.75,8.375,33.375,18.25,11.5,1.607783189033189,8.875,25.625,35.9125,27.625,53.625,51.89938894905257,16.75,22.5,74.64999999999999,0.0,7.0,0.6287968975468976,5.0,20.875,0.2466361611098453,11.5,0.0,110.625,104.25,19.125,63.75,21.375,48.125,14.0,34.125,19.75,13.125,1.6258410449199923,6.375,19.75,32.25,31.875,68.75,46.57218245723939,21.375,26.0,82.52499999999999,0.0,7.625,0.6102086144849302,4.375,16.375,0.2733403657745763,13.125,0.0,116.125
64,80,2016-11-18,1,1,2016-17,Dallas Mavericks,Memphis Grizzlies,89.75,24.75,52.25,12.75,40.0,9.125,30.875,17.75,11.875,1.615313505938506,8.25,28.0,30.0,26.125,55.625,46.96354922747569,12.75,15.75,80.7625,0.0,8.375,0.762706043956044,3.5,18.125,0.20600697515848443,11.875,0.0,95.25,96.0,23.625,53.5,18.875,40.875,10.0,30.875,19.625,16.625,1.2290765623050839,7.875,25.5,31.125,26.75,56.5,47.680385757783085,18.875,23.5,80.23750000000001,0.0,9.25,0.5663354511845224,4.5,24.5,0.1836080586080586,16.625,0.0,101.625
111,113,2016-11-18,1,1,2016-17,Denver Nuggets,Toronto Raptors,104.875,28.125,57.25,19.5,46.5,12.375,34.125,19.875,18.125,1.1057342693855852,9.375,25.125,37.7375,28.625,61.25,47.12924376749036,19.5,24.875,78.2125,0.0,7.0,0.3941541828054986,3.875,20.75,0.18881211180124222,18.125,0.0,110.25,110.125,26.25,62.0,21.875,41.75,10.125,31.625,19.75,10.875,2.1728948135198136,8.75,25.5,34.1875,31.0,59.375,52.27872353849001,21.875,26.875,80.21249999999999,0.0,9.5,0.9818655303030303,4.375,22.25,0.20271135114885114,10.875,0.0,124.5
115,121,2016-11-18,1,1,2016-17,Sacramento Kings,LA Clippers,99.375,21.75,58.25,19.375,43.875,10.625,33.25,19.75,14.0,1.4698338426279602,7.25,21.5,33.9125,29.125,61.125,47.650665653456635,19.375,25.0,76.925,0.0,7.0,0.5078144894321365,3.375,20.625,0.16473455931155487,14.0,0.0,107.5,112.875,32.25,59.0,21.625,44.25,8.875,35.375,23.125,10.5,2.267410714285714,10.75,26.0,41.7,29.5,58.0,50.848635419599255,21.625,28.625,77.6375,0.0,11.0,1.0874503968253968,5.75,19.625,0.29937504333957426,10.5,0.0,135.75
88,104,2016-11-18,1,1,2016-17,Boston Celtics,Golden State Warriors,105.5,30.375,55.75,19.375,43.125,12.0,31.125,23.375,13.0,1.9362984876965141,10.125,29.25,34.725,27.875,57.625,48.394332808395305,19.375,25.125,76.375,0.0,7.5,0.5754585326953748,3.875,22.25,0.1793269939554769,13.0,0.0,115.75,120.375,39.375,63.25,17.75,41.25,8.75,32.5,31.875,15.625,2.090104166666667,13.125,31.875,41.16250000000001,31.625,54.0,58.688007134405744,17.75,22.0,80.16250000000001,0.0,10.625,0.6838541666666667,6.25,19.0,0.33062168782370016,15.625,0.0,149.375
104,81,2016-11-18,1,1,2016-17,Cleveland Cavaliers,Detroit Pistons,110.375,40.125,51.25,19.0,46.625,11.125,35.5,22.0,12.5,2.0458639705882353,13.375,35.0,38.6875,25.625,53.0,48.57678888613815,19.0,25.0,73.75,0.0,6.375,0.6342413101604278,5.0,17.875,0.29960608653042864,12.5,0.0,122.875,98.0,19.125,62.75,16.125,41.375,8.875,32.5,19.75,11.625,1.7482448107448108,6.375,20.125,31.6875,31.375,65.625,47.94892240969972,16.125,20.5,78.625,0.0,7.375,0.647718253968254,4.625,16.875,0.28399122807017546,11.625,0.0,107.125
107,116,2016-11-18,1,1,2016-17,Los Angeles Lakers,San Antonio Spurs,113.375,29.625,64.25,19.5,45.75,10.375,35.375,23.25,15.875,1.6197105816010615,9.875,26.25,37.7,32.125,59.25,54.44180571042448,19.5,24.0,82.125,0.0,8.125,0.5442150873507298,4.25,21.125,0.19767254841433407,15.875,0.0,130.875,98.5,23.25,56.0,19.25,41.375,8.125,33.25,21.875,11.75,1.9637811942959003,7.75,21.375,36.65,28.0,59.125,47.45962743738153,19.25,23.125,83.10000000000001,0.0,7.875,0.7358511586452763,6.25,17.625,0.34965474583895634,11.75,0.0,115.5
113,101,2016-11-18,1,1,2016-17,New Orleans Pelicans,Portland Trail Blazers,99.125,22.875,58.0,18.25,44.0,8.625,35.375,21.375,14.625,1.6839349376114083,7.625,24.125,31.3375,29.0,60.75,47.54113095088541,18.25,23.75,76.53750000000001,0.0,6.875,0.512893642305407,7.125,18.5,0.38565262291327373,14.625,0.0,110.125,105.0,32.25,54.25,18.5,41.375,9.5,31.875,21.125,13.5,1.657112678987679,10.75,31.125,34.4375,27.125,55.125,49.63726756236071,18.5,24.125,76.64999999999999,0.0,6.875,0.5561792374292375,4.375,22.375,0.196978027798966,13.5,0.0,111.25
96,116,2016-11-18,1,1,2016-17,Indiana Pacers,Phoenix Suns,104.375,25.875,64.25,14.25,41.5,8.0,33.5,23.5,14.125,1.7623988858363857,8.625,25.0,35.074999999999996,32.125,62.625,51.33225778054406,14.25,18.25,77.33749999999999,0.0,9.875,0.7325072496947497,7.0,20.625,0.38074314112996976,14.125,0.0,121.25,111.75,21.75,68.0,22.0,47.0,11.75,35.25,19.375,15.125,1.3238514957264957,7.25,22.5,32.725,34.0,69.125,49.52810095049089,22.0,28.125,78.03750000000001,0.0,8.625,0.5935496794871794,3.375,25.25,0.1445242656449553,15.125,0.0,118.5
124,105,2016-11-18,1,1,2016-17,Oklahoma City Thunder,Brooklyn Nets,103.125,29.25,57.0,16.875,43.75,10.5,33.25,21.25,15.75,1.4131171218487393,9.75,26.25,37.475,28.5,59.25,47.78782670460141,16.875,22.625,76.025,0.0,6.0,0.3947207102537985,5.625,20.25,0.2937064884433305,15.75,0.0,111.0,105.25,33.0,53.75,18.5,44.75,8.0,36.75,20.375,17.75,1.1709348851183217,11.0,33.875,32.712500000000006,26.875,50.375,53.912442156307044,18.5,23.0,80.3125,0.0,8.5,0.5014385060244193,4.625,20.75,0.22739837076221517,17.75,0.0,114.875
100,96,2016-11-18,1,1,2016-17,Charlotte Hornets,Atlanta Hawks,106.375,34.125,53.0,19.25,43.75,7.75,36.0,24.375,11.375,2.3917735042735044,11.375,31.0,36.6375,26.5,53.75,49.73617989575436,19.25,25.25,76.55,0.0,7.625,0.7501469017094017,4.0,17.25,0.23518446852425182,11.375,0.0,121.875,107.75,27.375,62.0,18.375,44.0,10.125,33.875,25.625,18.875,1.3934255929679271,9.125,25.875,35.5625,31.0,57.125,54.676717435134805,18.375,25.5,70.8,0.0,9.75,0.5174183193490973,4.875,17.625,0.29831227531498433,18.875,0.0,123.125
121,116,2016-11-19,1,1,2016-17,New Orleans Pelicans,Charlotte Hornets,102.875,22.125,62.25,18.5,43.25,8.125,35.125,23.125,13.0,2.0178995840760545,7.375,22.875,31.975,31.125,62.125,50.246560151178876,18.5,24.25,75.91250000000001,0.0,7.0,0.5924390968508615,7.5,17.875,0.4138119635726144,13.0,0.0,118.5,106.625,34.5,54.0,18.125,44.5,8.0,36.5,24.75,11.625,2.370308857808858,11.5,30.625,37.4375,27.0,55.5,49.15194550440452,18.125,24.125,75.4125,0.0,8.0,0.7640357905982906,3.75,17.125,0.22231682146542828,11.625,0.0,122.375
111,102,2016-11-19,1,1,2016-17,Houston Rockets,Utah Jazz,109.25,42.75,51.75,14.75,47.625,13.25,34.375,24.125,18.125,1.3933436355311355,14.25,37.75,37.9,25.875,49.5,52.311028578097904,14.75,19.625,74.96249999999999,0.0,7.75,0.4347413003663004,6.25,19.25,0.3369402484340565,18.125,0.0,124.875,96.125,24.0,55.75,16.375,42.625,8.75,33.875,17.375,11.625,1.5260524198024197,8.0,25.625,32.4125,27.875,53.75,52.26676921030076,16.375,21.0,78.15,0.0,6.75,0.604758436008436,5.0,20.0,0.2555647325384167,11.625,0.0,108.125
95,87,2016-11-19,1,1,2016-17,Orlando Magic,Dallas Mavericks,91.0,26.25,50.75,14.0,43.5,9.875,33.625,19.875,12.125,1.723313492063492,8.75,26.0,33.9375,25.375,57.5,44.098379613402095,14.0,19.625,72.6375,0.0,5.25,0.43891369047619044,5.75,17.75,0.3286074240909178,12.125,0.0,98.25,86.25,22.5,51.0,12.75,40.25,8.75,31.5,16.75,12.375,1.5180284380652027,7.5,27.25,28.0625,25.5,54.75,46.35748862141508,12.75,16.0,79.8,0.0,7.75,0.7078417905623788,4.0,17.75,0.2464481516290727,12.375,0.0,90.375
102,95,2016-11-19,1,1,2016-17,LA Clippers,Chicago Bulls,115.625,34.125,59.75,21.75,43.0,8.125,34.875,24.125,10.75,2.310565476190476,11.375,26.25,43.6,29.875,56.625,52.857072690325595,21.75,28.75,77.71249999999999,0.0,9.75,0.9728670634920635,5.75,19.75,0.2980163476874003,10.75,0.0,138.875,102.375,18.375,63.75,20.25,47.75,13.875,33.875,18.125,11.75,1.61268315018315,6.125,19.375,31.55,31.875,70.25,45.62899808715181,20.25,24.125,84.1875,0.0,7.625,0.6735309829059829,4.25,16.0,0.2741627341956289,11.75,0.0,112.875
121,124,2016-11-19,1,1,2016-17,Milwaukee Bucks,Golden State Warriors,102.375,26.25,58.75,17.375,46.5,11.5,35.0,24.0,17.0,1.5104834231672468,8.75,26.5,33.3,29.375,58.375,50.883068642758545,17.375,21.75,79.80000000000001,0.0,8.5,0.5031425512124041,5.375,22.625,0.24654226208574034,17.0,0.0,118.625,117.5,39.0,62.0,16.5,41.875,9.0,32.875,31.5,15.0,2.183854166666667,13.0,32.125,40.362500000000004,31.0,53.875,57.80795081080103,16.5,20.625,78.21249999999999,0.0,10.125,0.6881155303030303,6.625,19.125,0.348055898350016,15.0,0.0,146.5
120,105,2016-11-19,1,1,2016-17,Philadelphia 76ers,Phoenix Suns,98.5,30.375,53.75,14.375,42.875,9.375,33.5,21.0,17.25,1.2267576936307587,10.125,29.75,33.475,26.875,55.0,49.22983553119929,14.375,20.25,69.7625,0.0,8.875,0.5240842727104338,4.625,20.5,0.229483672539602,17.25,0.0,105.0,111.5,23.25,67.5,20.75,45.375,12.25,33.125,20.125,15.125,1.3863514957264957,7.75,23.75,33.1375,33.75,67.125,50.43873718167107,20.75,26.625,78.0375,0.0,9.125,0.6352163461538461,3.625,26.25,0.1445242656449553,15.125,0.0,119.375
93,71,2016-11-19,1,1,2016-17,Memphis Grizzlies,Minnesota Timberwolves,96.0,25.5,53.25,17.25,42.875,9.875,33.0,20.375,15.625,1.3233989066274283,8.5,25.625,33.5375,26.625,56.625,47.33159239428384,17.25,21.375,80.125,0.0,8.0,0.5324526673017385,4.375,24.875,0.1758807858807859,15.625,0.0,104.75,109.0,30.0,58.75,20.25,43.0,13.5,29.5,22.0,13.875,1.8203750089779502,10.0,25.125,39.099999999999994,29.375,61.5,47.99743202132781,20.25,26.5,77.86250000000001,0.0,8.25,0.6635647848883143,5.0,21.625,0.24432878703196853,13.875,0.0,119.875
111,114,2016-11-19,1,1,2016-17,Washington Wizards,Miami Heat,101.875,22.875,61.75,17.25,45.75,12.625,33.125,19.0,14.0,1.4077801036682616,7.625,20.125,36.3125,30.875,67.625,45.75063337066479,17.25,21.5,80.4625,0.0,7.125,0.514187101275917,4.375,22.25,0.2024416932704976,14.0,0.0,110.625,92.75,23.25,56.5,13.0,45.25,11.5,33.75,19.0,13.5,1.5664336595842352,7.75,23.5,31.875000000000004,28.25,63.625,44.267832882559006,13.0,19.5,66.6125,0.0,8.875,0.6719071059304436,6.625,19.875,0.33605181571449744,13.5,0.0,101.375
92,94,2016-11-19,1,1,2016-17,Detroit Pistons,Boston Celtics,95.5,18.0,61.5,16.0,42.125,9.0,33.125,20.0,10.875,1.9570360195360195,6.0,19.375,31.1375,30.75,67.0,46.2785019892793,16.0,20.375,78.5375,0.0,6.625,0.6312347374847375,4.375,16.5,0.2756578947368421,10.875,0.0,103.75,103.125,29.25,54.0,19.875,43.625,11.625,32.0,22.25,13.125,1.827324128722155,9.75,29.25,33.55,27.0,57.125,47.1599299563454,19.875,25.375,78.15,0.0,7.0,0.5289841737210158,3.75,20.75,0.1897436606221436,13.125,0.0,111.5
111,115,2016-11-20,1,1,2016-17,Oklahoma City Thunder,Indiana Pacers,106.625,28.125,61.25,17.25,44.375,10.125,34.25,21.625,15.75,1.4365546218487393,9.375,26.125,36.2125,30.625,59.625,50.9128267046014,17.25,22.125,78.7875,0.0,6.125,0.4025332102537985,5.5,20.75,0.2822481551099972,15.75,0.0,117.875,103.0,22.5,66.0,14.5,41.875,8.0,33.875,22.125,13.75,1.7147798382173383,7.5,23.0,31.424999999999997,33.0,64.0,51.6383547320683,14.5,18.5,77.525,0.0,8.75,0.6838961385836385,7.5,20.125,0.41163558964255564,13.75,0.0,119.0
109,129,2016-11-20,1,1,2016-17,Brooklyn Nets,Portland Trail Blazers,107.375,35.25,52.75,19.375,42.875,6.875,36.0,21.0,17.875,1.202705718451655,11.75,33.625,35.4375,26.375,49.0,54.08338232724721,19.375,24.125,80.1875,0.0,7.75,0.44831350602441933,4.5,21.25,0.21555626549905726,17.875,0.0,116.375,104.5,32.25,53.5,18.75,42.125,10.25,31.875,20.875,13.5,1.639255536130536,10.75,31.5,34.0125,26.75,55.75,48.37592969387999,18.75,24.125,77.6125,0.0,6.0,0.4936792374292374,4.125,22.5,0.18418040875134695,13.5,0.0,109.0
104,94,2016-11-20,1,1,2016-17,New York Knicks,Atlanta Hawks,105.0,26.25,64.0,14.75,46.75,13.875,32.875,22.25,14.375,2.0851024833010126,8.75,24.5,35.762499999999996,32.0,64.5,49.72791417919461,14.75,18.375,80.2,0.0,7.25,0.6267631796308266,5.0,20.75,0.27600933939249156,14.375,0.0,120.0,105.25,25.875,62.5,16.875,45.5,9.875,35.625,25.0,18.75,1.3689157890463584,8.625,25.375,34.387499999999996,31.25,57.5,54.74410287987874,16.875,24.0,68.975,0.0,9.625,0.5141503454928882,5.5,17.5,0.3333999946132299,18.75,0.0,122.0
110,118,2016-11-20,1,1,2016-17,Los Angeles Lakers,Chicago Bulls,111.375,30.75,61.25,19.375,46.125,10.875,35.25,23.25,15.75,1.6339962958867758,10.25,26.625,38.587500000000006,30.625,58.5,52.71623645046243,19.375,24.125,81.0,0.0,7.5,0.5061198492554917,3.25,20.625,0.15862492936671505,15.75,0.0,126.75,101.25,18.75,62.5,20.0,47.625,13.875,33.75,18.375,11.875,1.6202380952380953,6.25,20.25,30.950000000000003,31.25,68.5,46.069353859736395,20.0,23.75,84.41250000000001,0.0,8.0,0.6975694444444445,4.25,16.5,0.26791273419562894,11.875,0.0,112.625
102,99,2016-11-20,1,1,2016-17,Sacramento Kings,Toronto Raptors,101.75,23.625,58.0,20.125,41.875,10.625,31.25,20.875,14.0,1.5448338426279602,7.875,21.875,36.0125,29.0,60.375,47.99157474436573,20.125,26.0,76.6375,0.0,7.375,0.5328144894321365,3.375,20.75,0.1638287622101056,14.0,0.0,110.0,110.125,25.5,62.5,22.125,43.375,10.375,33.0,20.0,10.625,2.2323353729603728,8.5,25.25,33.5375,31.25,61.75,50.508003061783626,22.125,27.625,79.37500000000001,0.0,8.5,0.9189284673659673,4.375,22.375,0.2022946844821845,10.625,0.0,123.0
105,91,2016-11-20,1,1,2016-17,Denver Nuggets,Utah Jazz,106.0,27.375,57.75,20.875,48.375,12.625,35.75,20.5,17.75,1.1601601067061593,9.125,25.5,36.324999999999996,28.875,61.125,47.6808217920374,20.875,26.625,78.5125,0.0,6.625,0.38338863256626415,4.125,21.0,0.1976262143653448,17.75,0.0,113.5,98.125,24.375,57.75,16.0,42.75,8.25,34.5,18.25,11.875,1.566230991230991,8.125,25.75,32.675,28.875,53.125,54.756376164193426,16.0,20.125,79.1625,0.0,6.25,0.5586274836274836,5.125,19.75,0.26601364894708546,11.875,0.0,112.625
96,99,2016-11-21,1,1,2016-17,Detroit Pistons,Houston Rockets,94.125,18.0,60.75,15.375,42.5,9.25,33.25,20.0,10.0,2.153464590964591,6.0,19.375,31.1375,30.375,67.25,45.51500767109748,15.375,19.625,78.05,0.0,6.125,0.6401633089133089,3.75,16.125,0.2438069331983806,10.0,0.0,102.0,108.375,41.625,52.5,14.25,45.75,12.125,33.625,24.5,16.25,1.9370936355311352,13.875,36.75,37.9,26.25,51.125,51.47166057283129,14.25,18.75,75.5375,0.0,7.25,0.5597413003663003,5.625,18.625,0.3127587008150089,16.25,0.0,123.0
90,105,2016-11-21,1,1,2016-17,Charlotte Hornets,Memphis Grizzlies,107.5,35.25,53.75,18.5,45.5,7.875,37.625,25.25,11.625,2.4036421911421915,11.75,31.75,37.025,26.875,56.625,47.71676031921934,18.5,24.375,76.13749999999999,0.0,7.875,0.7557024572649572,4.0,17.625,0.23001990269792127,11.625,0.0,122.875,96.5,23.25,53.75,19.5,42.125,9.875,32.25,19.75,14.375,1.3858989066274283,7.75,24.5,31.224999999999998,26.875,55.5,48.4863788070476,19.5,23.625,81.6,0.0,7.5,0.5574526673017385,4.625,24.5,0.19352432655064233,14.375,0.0,106.625
123,115,2016-11-21,1,1,2016-17,LA Clippers,Toronto Raptors,113.875,34.875,56.5,22.5,42.625,8.625,34.0,23.625,11.25,2.1695398351648354,11.625,26.75,43.800000000000004,28.25,54.375,52.12177857267854,22.5,29.875,76.425,0.0,9.5,0.9194482600732601,5.25,19.875,0.271042663476874,11.25,0.0,135.0,110.5,26.625,61.0,22.875,43.125,10.75,32.375,20.25,10.5,2.2562937062937065,8.875,25.125,35.225,30.5,62.0,49.06315727128626,22.875,28.375,79.725,0.0,8.5,0.9225743006993008,4.5,23.0,0.1989464701964702,10.5,0.0,123.125
83,120,2016-11-21,1,1,2016-17,Indiana Pacers,Golden State Warriors,103.5,22.125,64.75,16.625,43.75,8.875,34.875,21.625,15.0,1.5642116563991566,7.375,22.5,31.9,32.375,64.875,49.965469159929,16.625,20.875,79.91250000000001,0.0,9.375,0.6744264416139416,6.625,20.125,0.3678855896425556,15.0,0.0,118.0,117.75,39.0,61.0,17.75,41.75,9.375,32.375,31.875,14.5,2.285416666666667,13.0,33.125,39.125,30.5,53.625,57.16864067104486,17.75,22.125,78.375,0.0,10.0,0.7011363636363637,5.5,20.0,0.27583367612779375,14.5,0.0,144.75
93,99,2016-11-21,1,1,2016-17,Minnesota Timberwolves,Boston Celtics,105.5,29.25,56.75,19.5,41.875,12.375,29.5,21.5,14.25,1.769388166872687,9.75,25.125,37.9625,28.375,58.5,48.43033245422824,19.5,26.125,75.8125,0.0,7.875,0.6339595217304196,5.125,22.0,0.24660151430469582,14.25,0.0,115.5,99.625,29.625,50.5,19.5,44.5,11.5,33.0,21.875,13.125,1.780449128722155,9.875,29.125,34.0875,25.25,55.5,45.471051279874814,19.5,24.75,79.11250000000001,0.0,6.875,0.5133591737210158,3.875,18.875,0.2302656386441216,13.125,0.0,108.875
106,101,2016-11-21,1,1,2016-17,Washington Wizards,Phoenix Suns,103.875,25.125,63.0,15.75,45.0,12.875,32.125,20.125,13.125,1.5514204545454544,8.375,21.0,38.275,31.5,67.875,46.583966703998115,15.75,19.875,79.55000000000001,0.0,7.375,0.5618844696969697,4.25,22.125,0.19750098180804704,13.125,0.0,114.375,110.625,22.5,67.75,20.375,43.5,12.25,31.25,20.125,15.0,1.3957264957264957,7.5,23.375,32.55,33.875,67.375,50.45149488732529,20.375,27.375,75.05,0.0,9.625,0.6721955128205128,4.25,25.25,0.18131763796464342,15.0,0.0,116.75
93,89,2016-11-21,1,1,2016-17,Milwaukee Bucks,Orlando Magic,102.875,26.25,59.25,17.375,45.5,11.375,34.125,23.625,16.625,1.5357238077826314,8.75,25.0,35.6375,29.625,59.625,50.201417942684856,17.375,22.25,77.98750000000001,0.0,8.25,0.5001377435200964,4.875,22.375,0.226977044694436,16.625,0.0,117.375,90.125,25.5,50.25,14.375,44.25,9.5,34.75,19.0,12.875,1.6152777777777778,8.5,24.875,34.5375,25.125,57.875,43.318652517885525,14.375,19.5,74.73750000000001,0.0,5.375,0.4317708333333333,6.25,18.625,0.34051218599567973,12.875,0.0,97.875
101,94,2016-11-21,1,1,2016-17,Philadelphia 76ers,Miami Heat,100.875,31.5,54.25,15.125,42.75,9.5,33.25,22.5,17.5,1.289451192082771,10.5,29.375,34.95,27.125,55.25,49.459927568014024,15.125,21.25,70.6,0.0,9.125,0.5302762231748299,4.625,20.5,0.229483672539602,17.5,0.0,109.25,93.5,23.25,58.0,12.25,45.5,12.875,32.625,18.625,13.5,1.5443748360548233,7.75,23.25,32.2875,29.0,63.75,45.47019222920147,12.25,19.125,64.775,0.0,8.375,0.6424953412245612,6.375,19.875,0.3241470538097355,13.5,0.0,101.75
96,91,2016-11-21,1,1,2016-17,San Antonio Spurs,Dallas Mavericks,101.625,24.75,57.75,19.125,41.375,8.0,33.375,23.25,12.0,2.0387811942959,8.25,21.875,38.1125,28.875,58.875,49.303212093466186,19.125,22.875,83.625,0.0,8.125,0.7441844919786097,6.375,18.0,0.3496547458389564,12.0,0.0,121.375,87.0,24.75,47.75,14.5,40.0,8.625,31.375,16.125,12.5,1.4610229435597082,8.25,27.5,30.5,23.875,54.5,43.30126613241948,14.5,18.125,79.9875,0.0,8.25,0.7408088235294118,4.125,17.25,0.26051065162907266,12.5,0.0,89.5
107,103,2016-11-22,1,1,2016-17,New York Knicks,Portland Trail Blazers,103.375,26.625,62.75,14.0,48.0,13.875,34.125,20.875,15.625,1.4601024833010128,8.875,25.25,35.025,31.375,63.625,49.483820640139655,14.0,17.5,79.60000000000001,0.0,7.375,0.5184298462974933,4.875,20.75,0.27057455678379594,15.625,0.0,116.75,108.125,32.625,57.5,18.0,43.75,10.625,33.125,21.375,13.5,1.6725888694638695,10.875,31.875,33.925,28.75,57.125,51.12834645005614,18.0,23.375,76.95,0.0,5.625,0.46867923742923745,4.375,23.125,0.18834707541801363,13.5,0.0,115.0
94,112,2016-11-22,1,1,2016-17,Atlanta Hawks,New Orleans Pelicans,105.5,26.25,62.75,16.5,45.625,10.375,35.25,24.375,18.125,1.379599549730119,8.75,24.875,35.4625,31.375,58.25,54.39388736263736,16.5,23.125,69.6125,0.0,9.0,0.49812470446724716,5.875,16.375,0.36777499461322993,18.125,0.0,122.625,104.125,23.625,61.25,19.25,44.5,8.625,35.875,23.0,13.375,1.9102606951871657,7.875,23.625,32.675,30.625,61.875,49.64802184472727,19.25,23.875,79.7125,0.0,7.25,0.5889668746286394,6.625,18.125,0.36903970684383597,13.375,0.0,120.5
110,107,2016-11-22,1,1,2016-17,Denver Nuggets,Chicago Bulls,108.375,27.75,60.25,20.375,48.5,12.125,36.375,22.5,16.875,1.473528162261715,9.25,25.125,37.375,30.125,60.5,49.973620705080876,20.375,27.875,73.30000000000001,0.0,6.125,0.3764441881218197,4.25,21.5,0.20069638980394128,16.875,0.0,119.125,104.25,19.5,64.75,20.0,49.625,14.25,35.375,19.625,11.875,1.6896825396825397,6.5,20.75,31.337500000000002,32.375,69.0,47.44703355708822,20.0,24.125,83.3375,0.0,7.75,0.6836805555555556,4.0,16.875,0.24327331111870587,11.875,0.0,118.375
111,109,2016-11-22,1,1,2016-17,Los Angeles Lakers,Oklahoma City Thunder,110.5,32.625,59.0,18.875,44.375,10.125,34.25,23.25,15.0,1.7558712958867757,10.875,26.75,40.487500000000004,29.5,58.125,51.246013125400395,18.875,24.125,78.6125,0.0,7.75,0.5733073492554916,3.0,20.625,0.14546703462987293,15.0,0.0,124.125,106.5,29.25,60.25,17.0,45.375,10.625,34.75,22.125,16.75,1.3615546218487393,9.75,28.625,34.2125,30.125,59.0,50.665573957348656,17.0,21.375,80.0,0.0,6.25,0.3712832102537985,5.25,21.0,0.2667202047994382,16.75,0.0,116.625
116,101,2016-11-23,1,1,2016-17,Sacramento Kings,Oklahoma City Thunder,102.75,25.125,56.5,21.125,41.625,9.75,31.875,22.0,14.0,1.6251909854851032,8.375,23.0,36.2375,28.25,59.375,47.528611781402766,21.125,27.0,78.05,0.0,7.375,0.5328144894321365,4.25,20.125,0.2139495351569655,14.0,0.0,112.375,108.0,30.0,61.75,16.25,44.5,10.75,33.75,22.75,16.5,1.4214504551820728,10.0,28.5,35.2875,30.875,60.0,51.063684618617216,16.25,20.625,78.7875,0.0,6.625,0.40166515469824293,5.375,20.5,0.28556941114864454,16.5,0.0,118.75
99,104,2016-11-23,1,1,2016-17,Philadelphia 76ers,Memphis Grizzlies,103.0,33.0,54.75,15.25,42.5,9.25,33.25,23.125,17.125,1.35334008097166,11.0,30.0,36.074999999999996,27.375,54.75,50.35278471087117,15.25,21.0,72.075,0.0,9.5,0.5622206676192745,5.0,21.25,0.2413257778027599,17.125,0.0,113.875,98.625,24.375,55.25,19.0,41.125,9.0,32.125,19.5,13.25,1.514846275048481,8.125,24.5,32.675,27.625,55.5,49.779482255323465,19.0,23.0,81.5,0.0,7.875,0.6186368778280543,4.5,24.0,0.19501242178873757,13.25,0.0,110.125
102,115,2016-11-23,1,1,2016-17,Houston Rockets,Toronto Raptors,108.625,40.875,52.5,15.25,46.125,12.125,34.0,24.5,15.25,1.9841021825396825,13.625,36.125,37.775,26.25,50.875,51.743045722635884,15.25,20.5,73.7625,0.0,6.625,0.5442498473748474,5.5,17.875,0.31660485466116267,15.25,0.0,123.75,113.5,27.0,63.25,23.25,41.75,9.625,32.125,19.875,11.125,2.013869463869464,9.0,23.75,37.575,31.625,62.875,50.29646024639251,23.25,28.5,80.6,0.0,9.0,0.9112106643356644,4.125,23.625,0.1829725247870409,11.125,0.0,125.875
108,83,2016-11-23,1,1,2016-17,Utah Jazz,Denver Nuggets,95.25,24.0,56.75,14.5,44.625,9.125,35.5,17.5,11.75,1.5150946275946275,8.0,26.0,31.912499999999998,28.375,54.125,52.85982444005549,14.5,18.625,78.2375,0.0,5.875,0.5279456654456653,5.375,20.125,0.27378876856431034,11.75,0.0,109.0,106.75,27.375,60.25,19.125,49.5,13.125,36.375,23.125,15.875,1.6526948289283816,9.125,25.0,37.0875,30.125,62.625,48.499787161575206,19.125,26.125,73.925,0.0,5.875,0.3903330770107086,4.25,20.375,0.22165912272319593,15.875,0.0,118.25
92,111,2016-11-23,1,1,2016-17,Brooklyn Nets,Boston Celtics,107.375,34.125,52.5,20.75,41.75,7.625,34.125,20.375,16.75,1.3000741395042867,11.375,34.625,33.0,26.25,50.125,52.75949070163145,20.75,25.875,79.9625,0.0,7.125,0.4450240323402088,4.5,20.875,0.2180019176729703,16.75,0.0,112.125,98.625,31.125,48.75,18.75,44.5,10.875,33.625,20.5,13.125,1.6658657953888216,10.375,30.75,34.0375,24.375,53.125,46.19011482502531,18.75,23.875,78.8125,0.0,7.125,0.5341925070543492,3.875,18.5,0.23324182912031208,13.125,0.0,107.25
85,96,2016-11-23,1,1,2016-17,Indiana Pacers,Atlanta Hawks,101.375,21.0,63.75,16.625,43.375,9.25,34.125,20.375,14.375,1.5294894341769343,7.0,21.25,31.75,31.875,67.25,47.831760143535554,16.625,20.5,82.21249999999999,0.0,9.0,0.6669478091353092,6.625,19.875,0.3696247200773382,14.375,0.0,112.875,103.25,27.0,60.75,15.5,45.125,9.5,35.625,23.5,17.5,1.3816828830634524,9.0,26.0,34.775,30.375,57.125,53.751717032967036,15.5,21.375,69.825,0.0,7.5,0.43354137113391383,5.875,16.625,0.3600826869209222,17.5,0.0,118.125
104,124,2016-11-23,1,1,2016-17,Dallas Mavericks,LA Clippers,86.5,24.0,48.5,14.0,39.5,9.0,30.5,15.875,13.0,1.4055930793063147,8.0,27.375,29.7375,24.25,53.5,45.02757174170382,14.0,18.125,77.4875,0.0,8.875,0.7662613122171945,4.125,17.5,0.2589578565980168,13.0,0.0,89.125,115.0,33.75,56.75,24.5,42.125,9.125,33.0,23.0,11.625,2.0695398351648353,11.25,26.75,42.300000000000004,28.375,54.125,52.65699265831279,24.5,32.375,76.0375,0.0,9.125,0.8777815934065935,4.875,20.375,0.24812599681020736,11.625,0.0,133.375
137,125,2016-11-23,1,1,2016-17,Cleveland Cavaliers,Portland Trail Blazers,107.375,38.25,51.75,17.375,47.375,10.25,37.125,22.5,12.75,2.0458639705882353,12.75,34.125,37.9375,25.875,53.875,48.20914182731462,17.375,22.875,74.875,0.0,6.375,0.6272483031674208,5.75,17.0,0.3591298960542381,12.75,0.0,121.75,105.5,29.625,57.75,18.125,44.875,11.125,33.75,20.875,13.0,1.6757138694638694,9.875,30.75,31.6875,28.875,58.875,49.62834645005614,18.125,23.125,78.125,0.0,5.625,0.47649173742923745,4.5,21.375,0.21790547997641818,13.0,0.0,112.5
87,92,2016-11-23,1,1,2016-17,Orlando Magic,Phoenix Suns,90.25,24.75,51.0,14.5,45.625,9.5,36.125,19.0,14.875,1.428611111111111,8.25,24.5,34.025,25.5,58.125,43.82826790250091,14.5,19.125,76.23750000000001,0.0,5.875,0.4162152777777778,6.125,18.875,0.328359408217902,14.875,0.0,98.5,109.75,24.375,66.25,19.125,45.0,12.5,32.5,20.375,15.375,1.3877899877899877,8.125,24.25,33.887499999999996,33.125,66.5,49.934329394367545,19.125,25.75,75.225,0.0,9.0,0.6344971001221,4.875,24.5,0.2094426379646434,15.375,0.0,117.5
117,96,2016-11-23,1,1,2016-17,New Orleans Pelicans,Minnesota Timberwolves,104.875,25.125,61.75,18.0,44.125,7.875,36.25,23.375,12.25,2.07730614973262,8.375,24.125,34.012499999999996,30.875,62.125,49.83557394253221,18.0,22.0,81.45,0.0,7.625,0.6639668746286393,7.625,18.125,0.4315397068438359,12.25,0.0,124.375,105.625,29.25,57.5,18.875,43.125,12.25,30.875,22.875,14.0,1.8728195394217066,9.75,25.75,37.412499999999994,28.75,58.125,49.30502228053097,18.875,25.625,74.82499999999999,0.0,7.625,0.6241556001617921,4.625,22.0,0.22028572483101158,14.0,0.0,117.75
107,84,2016-11-23,1,1,2016-17,Detroit Pistons,Miami Heat,95.875,19.125,61.5,15.25,42.5,9.375,33.125,20.625,10.375,2.164016539016539,6.375,20.0,32.125,30.75,67.25,46.05072195681176,15.25,19.375,78.25,0.0,6.375,0.6458451270951271,3.875,16.25,0.2493990384615385,10.375,0.0,104.625,94.375,22.5,58.5,13.375,46.375,14.0,32.375,18.375,13.75,1.5033491950291822,7.5,23.625,31.1,29.25,63.375,46.18291152744708,13.375,20.75,64.925,0.0,8.0,0.6046748284040484,6.5,19.875,0.3298288719915537,13.75,0.0,102.25
149,106,2016-11-23,1,1,2016-17,Golden State Warriors,Los Angeles Lakers,120.625,42.0,59.25,19.375,44.25,9.75,34.5,32.5,13.5,2.4458333333333333,14.0,33.625,41.6875,29.625,53.625,55.548270300674496,19.375,23.625,80.175,0.0,9.5,0.7136363636363636,6.375,20.5,0.3205169340463458,13.5,0.0,151.875,109.5,34.125,58.25,17.125,42.125,9.0,33.125,23.625,14.75,1.7949579831932774,11.375,27.25,41.5375,29.125,56.75,51.712431035848155,17.125,21.75,79.13749999999999,0.0,7.75,0.579499299719888,3.25,20.0,0.16852853195607614,14.75,0.0,123.375
114,119,2016-11-23,1,1,2016-17,Charlotte Hornets,San Antonio Spurs,106.375,34.875,52.5,19.0,44.25,8.0,36.25,24.75,11.0,2.4434149184149185,11.625,31.875,36.4875,26.25,54.875,48.16318889064791,19.0,25.5,75.2375,0.0,7.75,0.7691967754467753,4.75,17.0,0.29572503090304947,11.0,0.0,121.5,101.125,25.5,56.75,18.875,40.125,7.875,32.25,24.125,12.375,2.059885090399796,8.5,21.875,39.3625,28.375,57.875,49.28878207903617,18.875,23.25,81.26249999999999,0.0,8.125,0.7222689075630253,5.5,17.125,0.3165991902834008,12.375,0.0,119.375
99,105,2016-11-25,1,1,2016-17,Milwaukee Bucks,Toronto Raptors,98.875,24.75,57.25,16.875,45.0,10.75,34.25,22.75,15.75,1.5684619030207267,8.25,25.25,33.5375,28.625,59.875,48.16792511971835,16.875,21.875,77.0125,0.0,9.0,0.5834710768534297,5.25,22.25,0.24550471267862572,15.75,0.0,111.875,113.875,27.375,63.0,23.5,42.125,10.625,31.5,20.25,11.5,1.9922348484848484,9.125,23.375,38.8125,31.5,63.875,49.24045484828186,23.5,28.375,82.19999999999999,0.0,9.5,0.9244318181818182,4.25,22.5,0.21005585812037425,11.5,0.0,127.0
129,132,2016-11-25,1,1,2016-17,Denver Nuggets,Oklahoma City Thunder,103.75,27.0,58.75,18.0,50.75,14.125,36.625,21.875,14.375,1.6913311925647452,9.0,25.375,36.0375,29.375,64.5,45.59975152365646,18.0,25.75,71.2625,0.0,5.75,0.41874216791979946,4.375,20.25,0.22832908319750425,14.375,0.0,112.875,107.875,28.125,63.25,16.5,44.375,10.0,34.375,22.75,15.0,1.5643075980392156,9.375,27.375,34.375,31.625,61.375,51.25363559900937,16.5,21.5,77.36250000000001,0.0,6.75,0.46317309120617944,5.625,20.5,0.29747417305340645,15.0,0.0,119.625
108,97,2016-11-25,1,1,2016-17,Detroit Pistons,LA Clippers,96.75,18.0,64.25,14.5,43.5,9.5,34.0,20.875,10.625,2.1521117771117773,6.0,19.625,30.962500000000002,32.125,66.625,48.61451589036978,14.5,18.5,78.2,0.0,6.0,0.6026903651903652,4.125,15.625,0.26941000337381915,10.625,0.0,108.5,116.625,35.25,57.0,24.375,40.625,8.125,32.5,23.25,12.0,1.9659684065934067,11.75,26.75,43.8625,28.5,53.875,53.124402606854815,24.375,32.125,76.225,0.0,9.375,0.8545673076923077,4.5,20.625,0.21920442818275634,12.0,0.0,134.25
104,117,2016-11-25,1,1,2016-17,Sacramento Kings,Houston Rockets,105.875,25.875,58.75,21.25,42.875,9.5,33.375,21.875,13.5,1.6956455309396485,8.625,23.0,37.1375,29.375,60.625,48.45528927058025,21.25,26.75,79.95,0.0,6.875,0.5116023682200153,4.0,20.625,0.19964747566039798,13.5,0.0,116.875,107.125,39.75,52.5,14.875,46.375,12.75,33.625,24.625,16.5,1.919122023809524,13.25,36.75,36.2,26.25,50.125,52.933521913112074,14.875,19.75,75.85,0.0,6.625,0.529368894993895,5.5,18.375,0.30776647082277886,16.5,0.0,121.5
85,109,2016-11-25,1,1,2016-17,Los Angeles Lakers,Golden State Warriors,110.625,33.375,59.25,18.0,42.125,8.875,33.25,23.875,14.125,1.8770658263305322,11.125,26.5,41.725,29.625,59.375,50.46111385987345,18.0,22.75,79.53750000000001,0.0,7.625,0.5874649859943978,3.25,20.75,0.1669495845876551,14.125,0.0,123.5,124.75,43.125,60.5,21.125,45.5,9.25,36.25,34.0,12.875,2.741666666666667,14.375,33.75,42.574999999999996,30.25,53.0,57.4573612097654,21.125,26.5,78.3375,0.0,8.625,0.684469696969697,6.5,20.875,0.32235516934046343,12.875,0.0,159.0
128,90,2016-11-25,1,1,2016-17,Cleveland Cavaliers,Dallas Mavericks,108.5,40.875,51.75,15.875,47.25,10.5,36.75,23.25,13.125,2.011773061497326,13.625,34.375,40.074999999999996,25.875,54.375,47.70914182731462,15.875,21.625,73.32499999999999,0.0,6.375,0.601680121349239,5.375,16.5,0.34465621184371187,13.125,0.0,122.625,88.75,24.75,49.25,14.75,39.25,9.0,30.25,17.0,13.0,1.4759055793063145,8.25,25.625,32.5,24.625,54.75,44.65257174170382,14.75,18.875,77.82499999999999,0.0,8.25,0.7271988122171945,4.25,18.0,0.2620828565980168,13.0,0.0,92.875
95,68,2016-11-25,1,1,2016-17,Utah Jazz,Atlanta Hawks,95.125,22.875,56.5,15.75,45.375,8.375,37.0,17.375,12.25,1.4347374847374847,7.625,26.875,28.525,28.25,52.5,54.110539134166416,15.75,20.0,79.6125,0.0,5.125,0.4386599511599511,4.375,20.5,0.22628876856431035,12.25,0.0,107.375,101.5,24.75,61.0,15.75,45.875,10.25,35.625,22.875,17.875,1.3335369500490983,8.25,24.875,33.1625,30.5,58.75,52.501717032967036,15.75,21.125,71.775,0.0,8.75,0.4894624237654928,6.25,16.25,0.38488427422250954,17.875,0.0,117.125
119,104,2016-11-25,1,1,2016-17,Portland Trail Blazers,New Orleans Pelicans,111.125,32.25,60.0,18.875,43.75,10.875,32.875,22.25,12.375,1.9078567266067266,10.75,30.625,34.7875,30.0,59.25,51.20762853032748,18.875,23.75,79.25,0.0,5.875,0.524110785048285,4.875,21.375,0.23420982780250513,12.375,0.0,121.5,107.75,26.625,62.5,18.625,44.75,7.5,37.25,23.875,13.0,2.01447192513369,8.875,24.5,35.725,31.25,61.625,50.915073538980955,18.625,22.625,82.2125,0.0,8.25,0.6806781045751634,7.25,17.875,0.41834094907986075,13.0,0.0,128.875
103,109,2016-11-25,1,1,2016-17,Boston Celtics,San Antonio Spurs,100.875,33.0,50.0,17.875,47.0,11.5,35.5,21.125,13.5,1.6593722888953153,11.0,31.625,34.9375,25.0,54.375,46.19011482502531,17.875,22.125,80.80000000000001,0.0,8.125,0.5934457538075959,4.125,18.875,0.24101694873753696,13.5,0.0,113.5,104.5,26.625,59.5,18.375,39.375,8.0,31.375,25.25,11.75,2.251551757066463,8.875,22.625,39.6,29.75,58.625,51.232195808164185,18.375,22.625,81.51249999999999,0.0,8.625,0.7931022408963585,5.875,17.125,0.33743252361673415,11.75,0.0,125.0
118,97,2016-11-25,1,1,2016-17,Indiana Pacers,Brooklyn Nets,96.75,20.25,60.5,16.0,42.625,9.25,33.375,19.25,14.875,1.4341769341769341,6.75,22.25,29.0625,30.25,65.5,46.71055925398774,16.0,19.75,81.76249999999999,0.0,9.75,0.6903853091353092,6.5,20.25,0.35675707301851467,14.875,0.0,105.5,107.0,34.5,52.0,20.5,41.625,7.875,33.75,20.125,17.125,1.2622451921358655,11.5,34.0,33.9125,26.0,50.625,51.84148713656906,20.5,26.0,78.38749999999999,0.0,6.5,0.39732666391915616,4.875,19.625,0.26819131161236426,17.125,0.0,110.375
85,98,2016-11-25,1,1,2016-17,Phoenix Suns,Minnesota Timberwolves,106.125,25.125,63.25,17.75,45.375,11.375,34.0,20.0,15.5,1.3574591054370466,8.375,24.375,34.8375,31.625,64.75,48.89360541246709,17.75,24.375,74.28750000000001,0.0,8.5,0.6004897471809236,5.5,23.625,0.24393337870538415,15.5,0.0,114.25,103.875,25.875,58.25,19.75,43.125,11.375,31.75,23.25,14.0,1.8948783629511183,8.625,24.375,34.25,29.125,58.75,49.46636738922662,19.75,26.25,76.125,0.0,7.75,0.6315085413382627,4.625,21.75,0.2221654240791319,14.0,0.0,116.75
81,90,2016-11-25,1,1,2016-17,Memphis Grizzlies,Miami Heat,99.875,25.875,56.0,18.0,41.375,8.625,32.75,20.625,13.5,1.5706155058177118,8.625,24.875,34.1,28.0,57.375,49.097664073505285,18.0,22.0,80.7125,0.0,8.375,0.6404317496229261,5.0,25.0,0.203940993217309,13.5,0.0,112.125,94.25,23.625,56.75,13.875,45.875,13.375,32.5,19.25,14.0,1.5479920521720394,7.875,24.75,31.525000000000002,28.375,61.125,46.247638910937795,13.875,21.75,63.7125,0.0,7.625,0.5659843522135721,6.125,20.625,0.2978686447188264,14.0,0.0,101.625
91,94,2016-11-25,1,1,2016-17,Orlando Magic,Washington Wizards,91.125,24.0,51.5,15.625,46.25,10.125,36.125,17.625,14.375,1.388459595959596,8.0,23.875,33.775,25.75,59.5,43.29796487219788,15.625,21.25,73.4375,0.0,6.25,0.4684880050505051,6.375,18.375,0.3483822915130964,14.375,0.0,98.0,106.375,26.625,62.75,17.0,44.5,12.875,31.625,21.875,13.25,1.6868371212121211,8.875,22.375,38.324999999999996,31.375,67.125,46.86864579302504,17.0,22.0,78.8125,0.0,7.875,0.5997632575757577,4.125,21.625,0.19664285823825295,13.25,0.0,117.25
89,105,2016-11-25,1,1,2016-17,Philadelphia 76ers,Chicago Bulls,101.0,32.25,52.5,16.25,44.125,9.0,35.125,23.25,18.375,1.2953335450239476,10.75,30.0,35.375,26.25,54.5,48.61698334304482,16.25,21.5,75.3875,0.0,9.25,0.5230049813447646,5.5,22.625,0.24467399208847418,18.375,0.0,112.0,103.625,20.625,64.25,18.75,48.625,13.625,35.0,19.125,11.625,1.7214285714285715,6.875,20.625,33.525,32.125,69.875,46.489241349296016,18.75,22.5,83.675,0.0,7.625,0.6936011904761905,4.875,17.75,0.2742076545530493,11.625,0.0,117.0
113,111,2016-11-25,1,1,2016-17,New York Knicks,Charlotte Hornets,103.125,27.0,63.25,12.875,48.5,13.875,34.625,21.875,15.625,1.5370255602240896,9.0,26.375,33.9,31.625,64.125,49.45420680455567,12.875,16.125,80.91250000000001,0.0,7.375,0.5184298462974933,4.875,20.375,0.27371000828881265,15.625,0.0,117.0,105.375,34.5,53.75,17.125,44.375,9.125,35.25,24.75,11.5,2.365289918414918,11.5,30.375,38.675,26.875,57.0,47.35145533434913,17.125,23.75,73.325,0.0,6.625,0.6676342754467753,4.625,17.125,0.28582919756971614,11.5,0.0,118.625
106,88,2016-11-26,1,1,2016-17,Oklahoma City Thunder,Detroit Pistons,110.875,27.0,66.5,17.375,43.75,9.75,34.0,23.75,14.375,1.7119791666666666,9.0,27.125,33.487500000000004,33.25,62.625,52.92030226567604,17.375,22.75,76.75,0.0,7.75,0.555697601010101,6.0,19.75,0.3166540672333006,14.375,0.0,124.875,99.5,19.5,67.0,13.0,43.5,9.5,34.0,22.375,10.25,2.3424963924963924,6.5,18.875,34.387499999999996,33.5,69.125,48.687009676616675,13.0,16.75,77.0,0.0,6.625,0.670959595959596,3.625,16.625,0.23369571765953345,10.25,0.0,113.625
107,110,2016-11-26,1,1,2016-17,Miami Heat,Memphis Grizzlies,93.625,23.25,56.25,14.125,45.625,12.875,32.75,18.625,13.5,1.572564701744689,7.75,25.0,30.762500000000003,28.125,60.5,46.2358686661167,14.125,22.125,63.712500000000006,0.0,7.625,0.6001723864016063,6.5,20.875,0.31259295549576877,13.5,0.0,100.875,96.5,24.75,53.0,18.75,43.75,9.625,34.125,18.75,14.0,1.4089091566113625,8.25,24.25,33.0875,26.5,57.5,46.59830411446791,18.75,22.5,82.4875,0.0,7.0,0.5362650829562594,6.125,23.25,0.2924826598839757,14.0,0.0,107.375
100,112,2016-11-26,1,1,2016-17,Washington Wizards,San Antonio Spurs,104.875,25.125,64.0,15.75,43.5,11.75,31.75,22.625,12.75,1.8014204545454544,8.375,22.625,36.287499999999994,32.0,66.125,48.66158786233948,15.75,20.75,77.5625,0.0,7.625,0.6101799242424243,4.0,21.75,0.1869921229441353,12.75,0.0,116.5,105.75,28.125,59.75,17.875,40.125,8.375,31.75,25.5,12.625,2.153022345301757,9.375,22.75,41.525000000000006,29.875,58.125,51.82537958728412,17.875,22.0,81.675,0.0,7.375,0.6475140056022409,6.25,16.75,0.37909919028340083,12.625,0.0,126.625
107,102,2016-11-26,1,1,2016-17,Charlotte Hornets,New York Knicks,106.25,34.5,55.0,16.75,45.5,9.75,35.75,24.875,12.0,2.2723412004662005,11.5,30.75,38.275,27.5,58.0,47.49096426292056,16.75,23.5,72.575,0.0,6.375,0.614215472027972,4.75,16.5,0.3018066411787387,12.0,0.0,119.25,103.5,27.375,63.25,12.875,49.125,14.375,34.75,22.0,16.0,1.5049877450980391,9.125,26.125,34.65,31.625,65.0,48.758788384733315,12.875,15.625,83.625,0.0,7.125,0.4863920311714429,5.25,20.375,0.2915671511459555,16.0,0.0,117.875
115,102,2016-11-26,1,1,2016-17,Golden State Warriors,Minnesota Timberwolves,123.875,40.875,62.0,21.0,46.125,9.125,37.0,33.75,13.25,2.6819444444444445,13.625,33.125,41.050000000000004,31.0,54.75,56.8032592142,21.0,25.875,79.77499999999999,0.0,9.5,0.7289141414141415,7.125,20.75,0.3534698879551821,13.25,0.0,159.0,100.75,23.625,57.0,20.125,42.375,11.5,30.875,21.875,15.25,1.5303825646317906,7.875,24.25,31.162499999999998,28.5,58.625,48.57351024636948,20.125,26.125,78.0125,0.0,8.625,0.5989455161281786,5.0,22.25,0.2320285480726907,15.25,0.0,110.875
114,130,2016-11-27,1,1,2016-17,Portland Trail Blazers,Houston Rockets,110.75,31.875,60.75,18.125,45.75,11.5,34.25,22.375,12.125,1.9699196636696639,10.625,30.5,34.55,30.375,61.125,50.09428224841849,18.125,22.5,80.0125,0.0,5.75,0.5267331626706626,5.0,20.875,0.2446264944691718,12.125,0.0,122.5,109.125,43.875,50.5,14.75,46.0,12.75,33.25,24.875,16.0,1.973809523809524,14.625,39.25,37.287499999999994,25.25,48.5,52.687986198826366,14.75,19.5,76.1875,0.0,6.75,0.548118894993895,5.25,17.75,0.30009103222628764,16.0,0.0,123.375
114,120,2016-11-27,1,1,2016-17,Phoenix Suns,Denver Nuggets,103.375,24.375,62.25,16.75,45.25,11.625,33.625,19.625,16.5,1.3003009857789272,8.125,24.875,33.175,31.125,63.625,48.977293787391005,16.75,23.25,73.625,0.0,9.0,0.604763251454428,5.5,24.375,0.235279532551538,16.5,0.0,110.5,107.25,26.625,61.5,19.125,51.75,13.625,38.125,22.875,14.125,1.7702785609857978,8.875,25.125,35.9375,30.75,65.625,46.92823839962146,19.125,27.0,72.1625,0.0,6.0,0.4388660069290874,4.875,20.625,0.24916241653083757,14.125,0.0,119.625
91,81,2016-11-27,1,1,2016-17,Dallas Mavericks,New Orleans Pelicans,86.375,24.0,48.25,14.125,39.5,9.375,30.125,17.625,13.375,1.4621068780076134,8.0,27.125,29.925,24.125,54.375,44.13426060368929,14.125,18.5,75.325,0.0,7.5,0.6468416693600517,4.25,19.125,0.2442257137408739,13.375,0.0,88.125,106.75,28.125,60.75,17.875,43.125,6.375,36.75,23.625,13.5,1.9180433537051185,9.375,24.25,38.2875,30.375,60.25,50.48022684086775,17.875,22.875,78.825,0.0,7.5,0.5949638188608777,7.375,17.25,0.44371688892948485,13.5,0.0,125.125
91,70,2016-11-27,1,1,2016-17,Indiana Pacers,LA Clippers,98.375,22.5,61.25,14.625,43.5,9.875,33.625,19.5,15.125,1.4213564213564216,7.5,23.125,31.0625,30.625,64.5,48.13310617724743,14.625,18.875,78.4,0.0,9.375,0.6474365911865912,6.75,19.125,0.37625895271776283,15.125,0.0,108.625,115.0,33.75,57.0,24.25,39.125,7.5,31.625,24.25,12.5,1.9731112637362638,11.25,26.0,42.9375,28.5,53.0,53.92296844779354,24.25,31.0,78.33749999999999,0.0,8.75,0.7777815934065934,4.75,20.125,0.23951692818275636,12.5,0.0,133.375
109,94,2016-11-27,1,1,2016-17,Los Angeles Lakers,Atlanta Hawks,108.625,31.875,58.75,18.0,42.5,10.125,32.375,24.125,13.75,1.9088118580765638,10.625,25.875,40.400000000000006,29.375,62.0,47.71158319654428,18.0,22.875,79.15,0.0,8.125,0.6231792717086836,3.375,20.375,0.17722918985081298,13.75,0.0,120.25,95.625,24.375,57.25,14.0,44.875,9.375,35.5,21.25,16.75,1.3013164531546884,8.125,25.5,31.5375,28.625,58.125,49.83340833017557,14.0,19.25,69.925,0.0,8.75,0.517412734324499,5.875,15.75,0.3723842742225095,16.75,0.0,107.5
105,122,2016-11-27,1,1,2016-17,Brooklyn Nets,Sacramento Kings,104.25,34.125,50.75,19.375,41.0,8.375,32.625,20.625,17.0,1.2931975730882466,11.375,34.125,33.4125,25.375,50.875,50.06500134845537,19.375,25.625,74.9375,0.0,6.875,0.4175647591572514,4.75,19.375,0.26470833947614136,17.0,0.0,106.0,106.875,27.375,59.0,20.5,41.625,8.375,33.25,22.25,13.875,1.6712948815889992,9.125,25.0,36.7375,29.5,58.875,50.42101507703187,20.5,25.5,80.8,0.0,7.25,0.5286478227654698,4.125,20.125,0.21290505141797375,13.875,0.0,118.0
96,104,2016-11-27,1,1,2016-17,Orlando Magic,Milwaukee Bucks,89.125,23.625,51.0,14.5,47.5,10.375,37.125,17.375,15.625,1.229102870813397,7.875,23.75,33.4125,25.5,59.0,43.290774765784306,14.5,20.0,72.60000000000001,0.0,6.625,0.47360496411483255,6.625,18.0,0.3701750546709912,15.625,0.0,96.75,96.625,24.0,57.5,15.125,43.125,9.5,33.625,22.5,15.0,1.6580340955340955,8.0,24.75,33.412499999999994,28.75,60.0,48.28017001767753,15.125,20.25,73.8,0.0,8.0,0.5406903281903281,4.25,21.875,0.20184442559728602,15.0,0.0,106.375
108,112,2016-11-27,1,1,2016-17,Philadelphia 76ers,Cleveland Cavaliers,98.5,31.5,51.75,15.25,43.375,8.375,35.0,22.5,18.25,1.2637545976555264,10.5,28.75,36.1875,25.875,54.75,47.74066059172207,15.25,20.375,75.125,0.0,9.25,0.525307612923712,5.75,22.625,0.2565787539932361,18.25,0.0,108.875,111.75,43.125,51.75,16.875,47.0,10.25,36.75,24.125,12.875,2.099942704354469,14.375,35.0,41.287499999999994,25.875,53.0,49.12985162066592,16.875,22.375,75.0625,0.0,6.25,0.6039122642063819,5.125,16.625,0.3264270451770452,12.875,0.0,128.125
122,95,2016-11-28,1,1,2016-17,Toronto Raptors,Philadelphia 76ers,112.875,30.375,59.75,22.75,41.25,11.0,30.25,20.25,12.125,1.7672348484848484,10.125,24.625,40.875,29.875,61.625,48.43898426004656,22.75,28.0,80.125,0.0,8.875,0.7619318181818182,4.25,22.0,0.2170586592408224,12.125,0.0,123.875,100.0,33.0,52.5,14.5,44.75,8.75,36.0,23.5,17.875,1.3521592029186844,11.0,29.375,36.9625,26.25,55.25,47.98810631330572,14.5,19.125,75.75,0.0,8.125,0.47226484976581723,5.875,23.125,0.25762042065990276,17.875,0.0,112.375
101,95,2016-11-28,1,1,2016-17,Washington Wizards,Sacramento Kings,102.625,23.625,64.0,15.0,41.75,10.875,30.875,21.625,13.0,1.6868371212121211,7.875,22.75,33.75,32.0,65.5,49.14174151150721,15.0,20.0,76.4875,0.0,7.875,0.61464420995671,3.25,21.75,0.15814596909798148,13.0,0.0,110.75,109.375,29.25,59.5,20.625,42.375,8.875,33.5,22.25,14.5,1.5712948815889993,9.75,24.75,39.8,29.75,59.75,50.04899126750806,20.625,25.75,80.46249999999999,0.0,7.75,0.5328144894321365,3.875,19.0,0.21439314665606898,14.5,0.0,121.0
105,100,2016-11-28,1,1,2016-17,Golden State Warriors,Atlanta Hawks,122.625,39.75,62.5,20.375,46.25,9.5,36.75,32.75,13.625,2.5805555555555557,13.25,32.125,41.4625,31.25,55.25,56.733921771981194,20.375,25.5,78.19999999999999,0.0,8.75,0.6664141414141413,7.375,20.25,0.3832317927170868,13.625,0.0,156.125,92.75,24.0,55.25,13.5,43.125,8.375,34.75,20.5,16.25,1.319545619821355,8.0,25.875,30.75,27.625,56.875,49.256888414033014,13.5,18.75,67.7875,0.0,8.125,0.49137106765783234,5.875,16.375,0.3582865298616073,16.25,0.0,101.75
104,112,2016-11-28,1,1,2016-17,Miami Heat,Boston Celtics,95.625,25.5,55.25,14.875,45.625,13.375,32.25,18.25,13.625,1.5058980350780222,8.5,26.75,31.525,27.625,58.75,47.0405561661167,14.875,22.75,65.475,0.0,7.375,0.568227941957162,6.75,21.375,0.31889547650417216,13.625,0.0,102.75,99.375,33.375,51.5,14.5,44.875,10.125,34.75,22.25,12.75,1.8796847888953154,11.125,32.5,34.2625,25.75,53.625,48.0071574315416,14.5,17.875,80.6375,0.0,7.125,0.568445753807596,4.25,19.25,0.24399313921372745,12.75,0.0,112.5
103,112,2016-11-28,1,1,2016-17,New York Knicks,Oklahoma City Thunder,105.375,29.625,62.75,13.0,47.875,13.125,34.75,22.875,13.875,1.8162377450980391,9.875,27.25,36.075,31.375,64.5,48.66944636245037,13.0,16.0,82.6,0.0,7.375,0.5920170311714429,4.625,20.5,0.2664603135391179,13.875,0.0,120.75,109.5,27.375,65.0,17.125,43.875,9.5,34.375,23.875,14.375,1.723342803030303,9.125,26.875,34.337500000000006,32.5,61.75,52.540949031845194,17.125,22.75,75.7875,0.0,7.75,0.555697601010101,5.625,19.375,0.30061788302277437,14.375,0.0,123.625
103,112,2016-11-28,1,1,2016-17,Minnesota Timberwolves,Utah Jazz,100.375,24.375,56.75,19.25,41.5,10.625,30.875,21.375,15.375,1.476811136060362,8.125,25.875,30.187499999999996,28.375,57.0,49.77928691856406,19.25,25.0,78.3,0.0,8.25,0.5646048567875193,5.0,20.25,0.24493177387914228,15.375,0.0,109.0,94.75,23.625,55.25,15.875,46.5,8.25,38.25,16.5,12.5,1.3532642704517703,7.875,26.875,29.2625,27.625,52.25,53.091517395035986,15.875,20.0,80.3,0.0,5.625,0.46432959401709395,4.75,19.75,0.2625103594734013,12.5,0.0,107.875
85,104,2016-11-28,1,1,2016-17,Memphis Grizzlies,Charlotte Hornets,98.25,25.875,52.75,19.625,44.0,9.5,34.5,19.125,13.125,1.6957681309703367,8.625,23.625,35.0875,26.375,57.5,46.337887447801236,19.625,24.0,80.8125,0.0,6.625,0.5635086726998492,6.25,22.375,0.30614662749531174,13.125,0.0,110.625,105.75,31.125,56.5,18.125,44.875,8.75,36.125,24.125,11.75,2.243174533799534,10.375,28.375,37.6375,28.25,58.75,48.26185285708502,18.125,25.75,71.825,0.0,6.625,0.6412988053613053,5.375,16.25,0.3509137840358816,11.75,0.0,118.875
89,112,2016-11-29,1,1,2016-17,Charlotte Hornets,Detroit Pistons,107.125,30.375,57.0,19.75,45.125,8.625,36.5,24.25,12.875,1.8824602480852481,10.125,28.0,37.225,28.5,57.5,49.55379008652225,19.75,28.125,70.6875,0.0,6.125,0.4930845196470196,5.5,15.625,0.3668912276449041,12.875,0.0,120.0,97.25,18.375,65.5,13.375,42.875,8.875,34.0,20.875,10.25,2.175829725829726,6.125,19.0,32.275,32.75,68.0,48.53820015280715,13.375,17.125,77.63749999999999,0.0,6.125,0.6154040404040404,3.625,17.125,0.23213321765953346,10.25,0.0,108.625
127,122,2016-11-29,1,1,2016-17,Brooklyn Nets,LA Clippers,105.375,36.0,50.75,18.625,41.25,8.625,32.625,20.625,16.75,1.3096906286438021,12.0,35.0,34.25,25.375,51.0,49.93780430867738,18.625,24.0,77.75,0.0,6.625,0.4097522591572514,4.375,19.5,0.2456607204285223,16.75,0.0,107.5,108.875,31.125,54.25,23.5,38.875,7.125,31.75,22.5,13.25,1.818646978021978,10.375,26.0,39.3,27.125,52.25,51.843118949465776,23.5,29.75,79.0625,0.0,9.0,0.7715315934065934,4.75,19.375,0.25166267717061064,13.25,0.0,123.75
120,101,2016-11-29,1,1,2016-17,Utah Jazz,Houston Rockets,97.875,22.5,57.75,17.625,45.25,8.25,37.0,16.5,12.125,1.3928476037851039,7.5,25.625,28.9125,28.875,53.25,54.336491103665736,17.625,22.25,79.6625,0.0,5.625,0.483079594017094,4.25,20.125,0.231756391219433,12.125,0.0,110.25,112.875,44.625,53.0,15.25,44.75,11.625,33.125,25.375,15.625,2.0728354978354977,14.875,37.875,39.2,26.5,49.0,54.913659076673156,15.25,20.375,75.4375,0.0,6.875,0.574092920967921,5.75,18.25,0.31725350362216864,15.625,0.0,129.375
83,95,2016-11-29,1,1,2016-17,San Antonio Spurs,Orlando Magic,107.75,28.125,60.75,18.875,39.25,7.875,31.375,25.25,13.375,1.9744509167303286,9.375,23.25,40.587500000000006,30.375,56.875,53.89063191772449,18.875,23.25,81.72500000000001,0.0,7.25,0.5850140056022409,6.75,17.25,0.4039860681114551,13.375,0.0,128.125,91.875,23.25,54.25,14.375,47.875,10.625,37.25,18.75,15.125,1.4686862041467306,7.75,24.75,31.5375,27.125,59.75,45.46615192095672,14.375,19.75,72.95,0.0,6.0,0.4527716307814992,6.5,17.875,0.3652730938866775,15.125,0.0,100.875
105,88,2016-11-29,1,1,2016-17,New Orleans Pelicans,Los Angeles Lakers,104.5,27.75,58.75,18.0,43.125,6.125,37.0,23.25,13.875,1.831504892166657,9.25,24.25,37.6625,29.375,58.625,50.06982583836148,18.0,22.75,80.075,0.0,8.0,0.6218868957839546,7.125,18.375,0.400953731034748,13.875,0.0,123.125,106.5,28.875,58.25,19.375,43.25,10.75,32.5,22.125,13.625,1.7365896358543416,9.625,24.625,38.7375,29.125,63.375,46.346999863210954,19.375,24.5,79.0625,0.0,8.0,0.6204014939309057,3.0,20.125,0.15713115063512673,13.625,0.0,114.875
118,101,2016-11-29,1,1,2016-17,Milwaukee Bucks,Cleveland Cavaliers,100.25,24.75,59.75,15.75,43.375,9.625,33.75,23.75,13.0,1.8659465534465536,8.25,24.125,34.9875,29.875,61.125,49.27301846563857,15.75,21.25,73.175,0.0,7.375,0.5579462204462204,4.75,20.625,0.2391040409819014,13.0,0.0,113.875,112.5,43.5,51.75,17.25,47.875,10.375,37.5,23.875,13.375,1.899942704354469,14.5,34.75,41.762499999999996,25.875,52.375,49.678097234701006,17.25,22.75,75.275,0.0,5.375,0.41641226420638183,5.375,15.875,0.34696275946275945,13.375,0.0,129.375
126,115,2016-11-30,1,1,2016-17,Oklahoma City Thunder,Washington Wizards,112.5,28.5,67.5,16.5,44.125,10.0,34.125,25.0,14.25,1.8132237554112554,9.5,26.25,36.575,33.75,62.875,53.58895839952669,16.5,22.25,74.4625,0.0,7.875,0.5664118867243868,5.75,19.5,0.30467632458121585,14.25,0.0,129.375,103.5,26.25,61.5,15.75,42.125,11.0,31.125,22.375,14.125,1.6680871212121213,8.75,24.0,36.25,30.75,64.0,48.27368595595166,15.75,20.875,76.72500000000001,0.0,8.375,0.6136025432900433,3.5,22.0,0.16642754259694628,14.125,0.0,112.125
114,121,2016-11-30,1,1,2016-17,Boston Celtics,Detroit Pistons,100.25,34.5,52.0,13.75,44.0,9.0,35.0,22.75,12.25,2.008256217466744,11.5,32.75,35.35,26.0,53.75,48.34400808089225,13.75,17.0,80.5125,0.0,6.75,0.5559457538075959,3.75,20.0,0.21621536143594966,12.25,0.0,113.0,98.25,21.0,64.25,13.0,42.5,9.5,33.0,20.375,10.5,2.082079725829726,7.0,20.5,33.724999999999994,32.125,66.5,48.73351265280715,13.0,16.5,78.83749999999999,0.0,6.5,0.638320707070707,3.0,17.75,0.1780918642760748,10.5,0.0,108.75
109,107,2016-11-30,1,1,2016-17,Phoenix Suns,Atlanta Hawks,104.625,25.5,60.5,18.625,44.125,10.625,33.5,18.125,16.375,1.1857176524455937,8.5,23.875,35.65,30.25,62.375,48.4547008819856,18.625,25.125,74.8625,0.0,8.5,0.5678314332726097,6.0,24.875,0.2529878658848713,16.375,0.0,111.0,93.625,24.375,54.75,14.5,45.0,9.25,35.75,20.75,16.0,1.343981710046919,8.125,27.375,29.35,27.375,56.0,49.57930904895365,14.5,20.125,67.9875,0.0,7.75,0.4804061553771306,5.875,17.5,0.3425522641273415,16.0,0.0,103.5
87,94,2016-11-30,1,1,2016-17,Dallas Mavericks,San Antonio Spurs,85.875,25.5,46.75,13.625,40.0,9.125,30.875,17.5,14.0,1.3028806875314227,8.5,27.0,31.875,23.375,53.375,43.5997778450686,13.625,17.5,76.575,0.0,7.125,0.5411869074552899,4.375,18.875,0.2525590470742073,14.0,0.0,88.5,104.875,28.125,57.5,19.25,40.5,8.875,31.625,25.0,14.25,1.8807009167303286,9.375,23.5,40.2375,28.75,56.625,51.265939799497886,19.25,23.5,82.4,0.0,7.625,0.5817245319180304,5.875,17.0,0.3610294117647059,14.25,0.0,123.375
120,105,2016-11-30,1,1,2016-17,Toronto Raptors,Memphis Grizzlies,113.375,32.625,59.0,21.75,41.0,10.625,30.375,20.75,12.25,1.7918560606060607,10.875,24.25,45.45,29.5,61.25,48.131607210866235,21.75,27.125,79.35,0.0,9.0,0.7628787878787879,4.5,21.25,0.2509872306693939,12.25,0.0,125.875,96.125,25.5,53.0,17.625,43.75,8.75,35.0,20.125,12.625,1.8129556309703367,8.5,24.625,33.3375,26.5,58.125,46.01591775083155,17.625,22.375,76.0125,0.0,7.375,0.6364253393665158,6.5,22.25,0.31653124287992707,12.625,0.0,108.75
104,106,2016-11-30,1,1,2016-17,Minnesota Timberwolves,New York Knicks,97.625,22.125,56.75,18.75,40.875,10.75,30.125,21.125,16.0,1.3434778027270289,7.375,24.875,28.775,28.375,58.125,48.78643847060302,18.75,22.875,81.96249999999999,0.0,8.0,0.506271523454186,4.75,20.75,0.2294855496228494,16.0,0.0,105.0,104.875,29.25,61.0,14.625,46.75,12.5,34.25,23.0,12.5,2.1678002450980394,9.75,26.75,36.225,30.5,64.25,47.6277796957837,14.625,17.5,84.3875,0.0,8.125,0.7935795311714429,5.75,19.625,0.34152824832172657,12.5,0.0,122.375
98,106,2016-11-30,1,1,2016-17,Denver Nuggets,Miami Heat,110.375,28.125,61.25,21.0,52.625,13.125,39.5,23.625,13.625,1.8718410609857978,9.375,25.625,37.037499999999994,30.625,65.75,46.624566083237276,21.0,28.625,74.275,0.0,5.875,0.44407434026242076,4.5,22.0,0.21844813081655184,13.625,0.0,124.375,97.375,26.25,55.0,16.125,45.625,13.0,32.625,18.5,13.625,1.5251288043087916,8.75,28.625,30.6875,27.5,56.375,49.06229529655148,16.125,24.125,66.9375,0.0,6.375,0.491304865034085,6.0,21.625,0.2854172156346069,13.625,0.0,103.5
90,96,2016-11-30,1,1,2016-17,Chicago Bulls,Los Angeles Lakers,103.375,19.5,64.75,19.125,51.125,14.0,37.125,19.125,11.625,1.7214285714285713,6.5,19.875,32.9375,32.375,70.5,46.39866163915109,19.125,23.125,83.2875,0.0,7.125,0.6578869047619048,5.125,17.25,0.29311521757825937,11.625,0.0,118.75,105.125,27.75,60.0,17.375,44.25,11.25,33.0,23.375,13.0,1.8897759103641456,9.25,25.375,36.6625,30.0,64.625,46.715607552647306,17.375,23.0,74.9,0.0,8.25,0.6596171802054156,3.0,18.375,0.17373456619489902,13.0,0.0,114.625
131,109,2016-11-30,1,1,2016-17,Portland Trail Blazers,Indiana Pacers,111.0,33.375,60.0,17.625,44.625,10.75,33.875,22.75,13.0,1.8417946636696636,11.125,31.0,35.65,30.0,58.625,51.5585679627042,17.625,22.125,79.33749999999999,0.0,5.625,0.460066496003996,4.25,21.0,0.21156490026627325,13.0,0.0,122.25,97.375,22.125,62.5,12.75,45.0,10.125,34.875,20.625,15.125,1.5017135642135644,7.375,22.125,31.575000000000003,31.25,66.25,47.77032465878909,12.75,16.25,79.73750000000001,0.0,9.25,0.6385080197580197,6.125,19.0,0.34893211289092296,15.125,0.0,110.0
94,113,2016-12-01,1,1,2016-17,Cleveland Cavaliers,LA Clippers,112.0,43.5,50.75,17.75,46.375,9.625,36.75,24.0,14.0,1.8728593710211356,14.5,35.5,40.95,25.375,50.25,50.73941798941799,17.75,23.375,75.4125,0.0,5.125,0.38516226420638183,5.375,15.625,0.3507221579590001,14.0,0.0,127.375,108.25,30.75,54.0,23.5,40.5,7.375,33.125,21.125,13.5,1.6728136446886448,10.25,27.875,36.3625,27.0,52.75,51.282918280569454,23.5,29.875,78.6,0.0,8.125,0.6837339743589744,4.375,20.25,0.2305028025624601,13.5,0.0,119.125
110,111,2016-12-01,1,1,2016-17,Utah Jazz,Miami Heat,100.125,25.875,55.75,18.5,44.625,8.125,36.5,17.875,12.25,1.513680937118437,8.625,26.625,31.8625,27.875,51.375,54.43449538021599,18.5,23.25,79.7875,0.0,5.5,0.4636351495726495,4.375,20.25,0.2366906017457488,12.25,0.0,114.0,99.375,27.0,55.75,16.625,45.625,12.25,33.375,20.125,11.5,1.9961432970624147,9.0,28.75,31.575000000000003,27.875,56.75,49.3669725034026,16.625,25.625,64.325,0.0,6.75,0.7231889230050995,6.0,21.875,0.2823737373737374,11.5,0.0,108.75
93,111,2016-12-01,1,1,2016-17,Brooklyn Nets,Milwaukee Bucks,106.0,34.875,52.75,18.375,41.125,8.875,32.25,20.625,16.25,1.3594643842999106,11.625,35.125,33.125,26.375,53.375,49.615431645879184,18.375,24.75,75.25,0.0,7.0,0.4521730736368894,3.5,20.0,0.1961755945703987,16.25,0.0,105.125,101.75,25.125,61.0,15.625,42.75,9.5,33.25,24.25,13.75,1.803112328847623,8.375,24.25,35.425,30.5,60.375,50.72722006040448,15.625,21.0,73.5,0.0,8.75,0.6227857926387338,4.875,20.875,0.2419449500728105,13.75,0.0,117.5
95,94,2016-12-01,1,1,2016-17,Memphis Grizzlies,Orlando Magic,95.375,24.0,53.0,18.375,42.125,9.125,33.0,19.125,12.25,1.7793421855921854,8.0,24.75,31.2125,26.5,58.0,46.11737878979258,18.375,23.25,76.0625,0.0,8.25,0.7083791208791209,6.375,22.625,0.3101676065162907,12.25,0.0,105.875,88.875,21.375,53.75,13.75,48.125,10.75,37.375,18.875,15.5,1.409070819531346,7.125,23.625,30.8125,26.875,60.875,44.21955946298307,13.75,18.75,74.4125,0.0,7.0,0.5181562461661146,6.125,18.0,0.34533261769620127,15.5,0.0,98.0
97,87,2016-12-01,1,1,2016-17,Charlotte Hornets,Dallas Mavericks,103.875,29.625,54.5,19.75,45.5,8.75,36.75,23.75,12.875,1.8439987096237096,9.875,28.375,35.6625,27.25,56.875,47.803089806410206,19.75,28.0,71.17500000000001,0.0,5.75,0.46423836580086575,5.375,15.5,0.3618360805860806,12.875,0.0,115.0,87.125,27.375,45.75,14.0,39.625,8.75,30.875,17.625,13.875,1.3253165849673203,9.125,27.375,33.725,22.875,52.125,43.7957464900854,14.0,17.875,77.3125,0.0,6.75,0.5163471638655462,3.875,19.125,0.2187048804075406,13.875,0.0,89.75
127,132,2016-12-01,1,1,2016-17,Golden State Warriors,Houston Rockets,119.125,38.25,61.5,19.375,46.0,9.375,36.625,31.875,13.5,2.5388888888888888,12.75,32.375,39.6875,30.75,54.75,56.270958809018225,19.375,24.625,77.2125,0.0,8.5,0.6539141414141414,7.75,20.25,0.4019817927170868,13.5,0.0,150.875,111.125,42.375,52.75,16.0,42.625,11.5,31.125,24.625,14.25,2.183946608946609,14.125,36.625,38.475,26.375,50.25,53.62388087030864,16.0,21.0,77.175,0.0,6.75,0.6217119685869686,5.25,18.375,0.2889640299379581,14.25,0.0,124.75
107,105,2016-12-02,1,1,2016-17,San Antonio Spurs,Washington Wizards,104.875,29.25,56.75,18.875,39.25,8.0,31.25,24.0,13.625,1.870896995161701,9.75,24.0,40.8125,28.375,54.75,51.89022223348181,18.875,23.125,81.9875,0.0,8.0,0.6252294338788147,5.75,16.5,0.37087789661319076,13.625,0.0,123.375,106.0,28.5,61.5,16.0,42.0,10.75,31.25,23.125,14.125,1.730587121212121,9.5,25.875,36.8625,30.75,63.0,48.896396578662284,16.0,21.875,74.4875,0.0,9.0,0.6656858766233766,3.0,22.375,0.14165481532421903,14.125,0.0,114.5
96,114,2016-12-02,1,1,2016-17,New Orleans Pelicans,LA Clippers,104.375,28.5,59.0,16.875,44.125,6.75,37.375,24.25,12.875,2.047191166676461,9.5,25.5,37.3125,29.5,58.5,50.398773206782536,16.875,21.375,80.16250000000001,0.0,8.125,0.6945993140846082,7.0,18.375,0.3936007898582774,12.875,0.0,125.5,109.0,32.25,54.25,22.5,42.0,8.125,33.875,23.375,14.0,1.7821886446886448,10.75,28.625,37.1,27.125,53.0,51.282918280569454,22.5,28.625,78.1125,0.0,7.375,0.5535256410256411,3.875,21.875,0.19616892098351277,14.0,0.0,121.75
85,121,2016-12-02,1,1,2016-17,Atlanta Hawks,Detroit Pistons,93.625,24.0,57.5,12.125,45.125,9.75,35.375,19.625,16.75,1.2310555736832827,8.0,26.5,29.9375,28.75,59.0,48.79805904895365,12.125,17.5,67.1,0.0,8.125,0.48466751901349425,5.625,18.125,0.31781964380648586,16.75,0.0,101.25,100.625,21.375,65.5,13.75,44.0,10.125,33.875,21.5,10.5,2.184352453102453,7.125,20.125,35.0,32.75,67.125,49.15479334611481,13.75,17.625,77.95,0.0,6.25,0.6155934343434344,3.875,18.375,0.22179487179487178,10.5,0.0,114.5
110,128,2016-12-02,1,1,2016-17,Denver Nuggets,Houston Rockets,109.5,26.625,62.75,20.125,52.125,12.875,39.25,25.75,13.75,1.9796626984126984,8.875,24.75,36.275,31.375,66.625,47.200185531577624,20.125,28.0,72.60000000000001,0.0,5.75,0.43603340458990614,4.625,21.5,0.23011479748321853,13.75,0.0,125.0,114.75,42.375,54.75,17.625,43.75,11.875,31.875,24.75,14.875,2.1433960137085135,14.125,37.125,38.075,27.375,51.75,54.01450587030864,17.625,23.0,78.3,0.0,6.875,0.609063159063159,5.25,20.625,0.25682117279510097,14.875,0.0,127.75
113,80,2016-12-02,1,1,2016-17,Toronto Raptors,Los Angeles Lakers,113.75,33.75,56.25,23.75,41.375,10.375,31.0,20.625,13.75,1.5606060606060606,11.25,24.625,46.1,28.125,57.5,49.40732322538821,23.75,29.0,81.6125,0.0,8.5,0.6347537878787879,4.375,21.25,0.24598723066939385,13.75,0.0,126.875,101.5,25.125,59.75,16.625,44.875,11.75,33.125,22.5,14.5,1.7283175770308121,8.375,22.875,35.775,29.875,65.75,45.7738267307295,16.625,22.75,73.55,0.0,8.625,0.6283671802054156,3.125,19.25,0.17465368384195784,14.5,0.0,109.625
97,92,2016-12-02,1,1,2016-17,Boston Celtics,Sacramento Kings,101.375,35.625,51.75,14.0,42.625,8.75,33.875,23.625,11.5,2.3520062174667435,11.875,32.875,36.15,25.875,53.125,48.703040582781895,14.0,17.0,81.7625,0.0,6.375,0.587195753807596,4.125,18.75,0.23827418496536143,11.5,0.0,115.375,109.875,27.375,61.75,20.75,42.5,9.125,33.375,22.5,15.125,1.5462948815889994,9.125,24.75,36.824999999999996,30.875,60.75,51.04725515639694,20.75,26.5,78.77499999999999,0.0,8.0,0.5182311560988031,4.0,19.625,0.21548963788413916,15.125,0.0,120.5
88,105,2016-12-02,1,1,2016-17,Philadelphia 76ers,Orlando Magic,100.875,36.375,50.75,13.75,44.625,9.0,35.625,24.625,18.25,1.390019779841761,12.125,30.875,39.275,25.375,53.25,47.94568549882608,13.75,18.625,73.375,0.0,8.0,0.4464235036119711,5.5,23.625,0.22995935623413244,18.25,0.0,113.875,92.0,21.75,55.0,15.25,46.875,10.5,36.375,19.25,15.75,1.4194874861980125,7.25,23.5,31.4375,27.5,59.75,46.30854251383053,15.25,21.0,73.675,0.0,7.25,0.5294409683883368,6.625,18.25,0.36777843812963784,15.75,0.0,102.0
118,114,2016-12-02,1,1,2016-17,New York Knicks,Minnesota Timberwolves,106.5,30.75,61.75,14.0,45.25,12.25,33.0,23.75,12.125,2.2497330182072828,10.25,27.625,36.8,30.875,65.0,47.663756670519874,14.0,17.125,82.4375,0.0,8.5,0.8282433967176615,5.5,20.875,0.3168888252448035,12.125,0.0,122.75,97.125,18.0,58.5,20.625,40.5,10.375,30.125,20.125,15.625,1.3115333582825843,6.0,22.875,26.05,29.25,58.625,49.92788163790826,20.625,25.125,82.1,0.0,8.625,0.5534937456764082,4.75,20.5,0.23335551866309706,15.625,0.0,104.75
111,105,2016-12-02,1,1,2016-17,Chicago Bulls,Cleveland Cavaliers,102.375,18.75,64.0,19.625,50.875,14.25,36.625,19.625,11.875,1.7303571428571427,6.25,20.5,30.625,32.0,70.125,46.090442461068896,19.625,24.25,81.52499999999999,0.0,8.125,0.7188988095238095,6.25,19.0,0.32516649962954147,11.875,0.0,118.375,111.25,41.625,49.25,20.375,44.25,8.875,35.375,22.375,15.125,1.6089704821322468,13.875,33.75,41.0375,24.625,49.125,50.23015873015873,20.375,26.375,78.05000000000001,0.0,5.375,0.3782178197619374,4.75,17.0,0.2894240810359231,15.125,0.0,122.5
105,98,2016-12-03,1,1,2016-17,Utah Jazz,Denver Nuggets,101.875,29.25,54.75,17.875,44.875,8.0,36.875,18.75,12.5,1.5502970987345985,9.75,26.875,35.375,27.375,51.125,53.62054189184389,17.875,22.625,79.125,0.0,5.125,0.4093422202797202,5.25,18.625,0.3034895435446906,12.5,0.0,117.75,108.25,27.0,62.75,18.5,52.75,14.125,38.625,25.625,14.0,1.9461805555555556,9.0,26.5,34.0125,31.375,66.25,47.45027565414432,18.5,27.0,68.175,0.0,5.375,0.40366733316133474,4.625,21.0,0.23428146414988518,14.0,0.0,121.75
107,82,2016-12-03,1,1,2016-17,Dallas Mavericks,Chicago Bulls,87.625,27.75,45.0,14.875,40.75,9.25,31.5,17.875,14.375,1.276171285822021,9.25,28.375,33.0,22.5,51.5,43.606352550691454,14.875,18.875,78.2875,0.0,6.375,0.44903947155785395,3.75,19.875,0.20896803830227742,14.375,0.0,89.875,103.0,18.0,66.5,18.5,50.5,14.375,36.125,20.875,12.125,1.7907738095238095,6.0,20.875,28.55,33.25,69.625,47.95879768308266,18.5,23.25,80.32499999999999,0.0,8.625,0.7459821428571428,6.0,18.5,0.31891649962954144,12.125,0.0,120.875
128,84,2016-12-03,1,1,2016-17,Toronto Raptors,Atlanta Hawks,112.75,34.5,57.75,20.5,41.125,9.625,31.5,21.75,13.25,1.7113636363636362,11.5,25.125,46.275,28.875,57.125,51.12515948269816,20.5,25.5,80.91250000000001,0.0,8.5,0.6589962121212122,4.875,20.75,0.2750276347097979,13.25,0.0,128.875,92.25,23.625,56.0,12.625,43.0,9.5,33.5,19.25,15.5,1.4400891871286607,7.875,26.0,29.9375,28.0,60.0,46.73332690609651,12.625,17.875,68.3875,0.0,7.75,0.5256339055681161,5.125,17.375,0.2969863104731526,15.5,0.0,96.5
138,109,2016-12-03,1,1,2016-17,Golden State Warriors,Phoenix Suns,119.125,37.875,61.5,19.75,48.375,10.125,38.25,31.625,14.125,2.423080065359477,12.625,33.375,38.587500000000006,30.75,55.875,55.13125292666529,19.75,25.75,75.39999999999999,0.0,8.875,0.6483994355317884,7.75,20.5,0.39938920012449425,14.125,0.0,149.75,103.25,26.25,58.5,18.5,44.5,11.25,33.25,16.625,16.875,1.0363963854772678,8.75,23.5,37.4375,29.25,62.625,46.77243706736884,18.5,25.0,74.75,0.0,8.625,0.55255994005994,6.125,23.375,0.26946859610799506,16.875,0.0,107.625
106,107,2016-12-03,1,1,2016-17,Philadelphia 76ers,Boston Celtics,98.25,36.0,49.5,12.75,45.25,10.25,35.0,23.875,17.375,1.4694315445476436,12.0,31.375,38.325,24.75,55.0,45.139563049846494,12.75,17.125,73.6,0.0,7.625,0.4398058565531476,6.125,22.625,0.2668183305931068,17.375,0.0,109.75,102.25,37.125,51.5,13.625,41.625,8.5,33.125,24.5,11.0,2.4419184981684983,12.375,33.75,36.9,25.75,53.75,48.002283007024324,13.625,16.0,84.1875,0.0,6.875,0.631055402930403,4.875,19.375,0.2673517250723133,11.0,0.0,117.375
120,125,2016-12-03,1,1,2016-17,Charlotte Hornets,Minnesota Timberwolves,103.5,27.75,55.25,20.5,44.875,8.25,36.625,23.625,12.75,1.8599078005328005,9.25,27.0,34.825,27.625,56.25,48.96673149259287,20.5,28.875,71.7125,0.0,5.0,0.40173836580086575,5.625,15.75,0.37225274725274726,12.75,0.0,115.125,97.625,19.5,57.0,21.125,39.875,10.25,29.625,21.0,15.75,1.361670720919947,6.5,23.25,27.512499999999996,28.5,58.75,48.547231920394125,21.125,25.625,82.3125,0.0,8.5,0.5397574819401445,4.5,21.25,0.21072393971572864,15.75,0.0,104.25
99,92,2016-12-03,1,1,2016-17,Portland Trail Blazers,Miami Heat,116.375,34.5,63.5,18.375,43.5,10.625,32.875,24.25,12.5,2.1664699883449883,11.5,30.75,37.025,31.75,58.75,54.29852036883853,18.375,22.25,82.8875,0.0,6.25,0.6013002622377623,4.0,21.625,0.19465668770588682,12.5,0.0,131.75,101.25,27.375,56.75,17.125,43.25,11.75,31.5,19.75,11.25,2.032601630395748,9.125,27.375,33.925,28.375,56.75,50.113241160119024,17.125,25.375,67.6375,0.0,7.0,0.7908972563384329,5.25,21.5,0.24348484848484847,11.25,0.0,110.375
103,100,2016-12-03,1,1,2016-17,Memphis Grizzlies,Los Angeles Lakers,97.25,23.25,54.0,20.0,41.0,9.25,31.75,19.375,11.875,1.8504960317460317,7.75,23.875,31.575,27.0,59.125,46.156786103790054,20.0,25.25,76.5125,0.0,8.5,0.7535714285714286,7.125,22.625,0.34016760651629074,11.875,0.0,107.875,98.125,22.875,59.5,15.75,45.0,12.25,32.75,21.5,15.0,1.625142973856209,7.625,23.0,32.6625,29.75,66.375,45.18102461228944,15.75,22.25,70.77499999999999,0.0,8.625,0.6164624183006536,3.25,18.875,0.18259019177846575,15.0,0.0,103.0
112,103,2016-12-03,1,1,2016-17,Milwaukee Bucks,Brooklyn Nets,102.375,28.125,59.0,15.25,44.375,10.625,33.75,24.625,14.375,1.7758566897498786,9.375,26.25,36.074999999999996,29.5,59.875,49.18374179953491,15.25,20.125,74.475,0.0,8.625,0.5950602287289594,5.5,20.625,0.2801393945172549,14.375,0.0,119.0,105.75,35.625,52.25,17.875,41.5,9.25,32.25,20.875,15.75,1.3960805459160721,11.875,36.0,33.0875,26.125,54.0,48.40949472565656,17.875,24.0,75.75,0.0,7.375,0.48058216454598035,4.375,20.125,0.23540719630200047,15.75,0.0,106.0
92,98,2016-12-04,1,1,2016-17,Detroit Pistons,Orlando Magic,105.625,25.5,67.5,12.625,45.25,10.125,35.125,22.125,11.5,2.0069715007215008,8.5,21.375,38.375,33.75,65.375,51.727991544313,12.625,16.625,75.66250000000001,0.0,6.125,0.5596410533910534,3.75,18.375,0.21346153846153848,11.5,0.0,122.875,94.0,22.875,55.0,16.125,46.5,9.75,36.75,20.125,15.75,1.4924041528646792,7.625,23.375,33.0625,27.5,58.625,47.15974049617605,16.125,21.875,75.0875,0.0,7.375,0.5398576350550035,6.125,18.875,0.3281951047963045,15.75,0.0,105.75
102,111,2016-12-04,1,1,2016-17,LA Clippers,Indiana Pacers,108.125,31.125,56.25,20.75,43.25,9.0,34.25,23.375,13.375,1.9161172161172162,10.375,28.0,36.7125,28.125,55.125,50.93800471673966,20.75,26.375,78.75,0.0,7.25,0.5743589743589743,4.0,21.125,0.2135300320946239,13.375,0.0,122.375,100.0,21.375,63.25,15.375,42.875,9.75,33.125,20.25,16.125,1.33586389101095,7.125,20.75,32.9375,31.625,65.375,49.043534207860716,15.375,19.375,78.3125,0.0,8.5,0.5355668432874315,5.5,19.0,0.30428925574806576,16.125,0.0,109.625
106,98,2016-12-04,1,1,2016-17,New York Knicks,Sacramento Kings,108.125,31.875,60.75,15.5,44.125,11.25,32.875,24.0,12.875,2.133066351540616,10.625,28.375,37.1375,30.375,63.375,48.18848929084072,15.5,18.5,84.5375,0.0,8.625,0.7921322856065502,5.125,21.75,0.2562827646387429,12.875,0.0,123.375,106.375,27.375,59.25,19.75,42.875,9.25,33.625,23.0,15.0,1.5927234530175707,9.125,25.375,36.1375,29.625,60.125,49.58781846886686,19.75,25.25,78.77499999999999,0.0,8.25,0.5402549656226127,4.875,19.0,0.2757574950269963,15.0,0.0,118.125
101,92,2016-12-04,1,1,2016-17,Oklahoma City Thunder,New Orleans Pelicans,115.125,28.5,69.0,17.625,44.5,10.5,34.0,25.375,14.0,1.8679112554112556,9.5,26.875,35.575,34.5,63.625,54.195216548157724,17.625,24.375,71.725,0.0,8.25,0.6010101010101011,5.375,20.375,0.26907026397515527,14.0,0.0,131.375,106.125,27.75,61.75,16.625,43.125,6.875,36.25,24.5,12.25,2.1171697991550933,9.25,25.375,36.275000000000006,30.875,59.0,52.22411999114571,16.625,21.625,78.0375,0.0,8.125,0.707954014939309,6.375,18.125,0.3590025755725631,12.25,0.0,126.75
101,107,2016-12-05,1,1,2016-17,Los Angeles Lakers,Utah Jazz,96.875,20.625,59.5,16.75,45.875,12.75,33.125,20.25,16.0,1.4112540849673203,6.875,21.75,31.5875,29.75,66.125,45.3691966553002,16.75,23.25,71.7625,0.0,8.125,0.5275735294117647,3.375,18.75,0.19063112745098038,16.0,0.0,100.75,105.375,30.75,55.0,19.625,43.875,7.625,36.25,19.875,12.0,1.7223056457431456,10.25,26.875,37.375,27.5,51.125,53.85639094844767,19.625,24.375,80.02499999999999,0.0,5.625,0.48199179292929295,5.25,18.5,0.30554998310513015,12.0,0.0,123.0
101,109,2016-12-05,1,1,2016-17,Dallas Mavericks,Charlotte Hornets,93.0,30.75,47.75,14.5,40.375,9.625,30.75,20.625,13.5,1.5974948152337858,10.25,29.125,35.737500000000004,23.875,52.5,45.466471598310505,14.5,18.375,78.35000000000001,0.0,7.375,0.5644806480284422,3.125,20.5,0.15962593303911954,13.5,0.0,99.625,104.0,27.375,56.5,20.125,44.625,8.875,35.75,23.75,12.75,1.868241133866134,9.125,26.125,35.325,28.25,57.625,48.948925224786606,20.125,28.625,70.9875,0.0,4.875,0.39340503246753245,6.0,15.125,0.4049908424908425,12.75,0.0,115.625
113,118,2016-12-05,1,1,2016-17,Brooklyn Nets,Washington Wizards,103.875,35.25,49.75,18.875,41.375,9.375,32.0,20.625,15.75,1.3782234030589293,11.75,36.0,32.775,24.875,53.0,47.04742576013931,18.875,25.625,74.83749999999999,0.0,7.125,0.46272502168883745,4.25,20.0,0.2316678800626842,15.75,0.0,102.375,106.375,28.125,62.5,15.75,42.375,10.5,31.875,24.0,15.25,1.6822916666666665,9.375,24.375,40.4625,31.25,63.25,49.45311926773791,15.75,21.0,76.6,0.0,9.625,0.6560267857142857,3.25,22.375,0.1512701999396036,15.25,0.0,118.125
108,110,2016-12-05,1,1,2016-17,New Orleans Pelicans,Memphis Grizzlies,103.5,26.625,60.25,16.625,44.875,8.25,36.625,22.5,12.5,1.8570687890540831,8.875,25.875,34.262499999999996,30.125,60.5,49.8226421586334,16.625,21.5,78.5,0.0,8.0,0.6738631058483999,5.625,18.25,0.3216649132349008,12.5,0.0,119.75,98.5,26.25,55.0,17.25,40.625,9.375,31.25,21.5,12.125,1.9963293650793652,8.75,25.375,34.35,27.5,59.125,47.01885506930731,17.25,22.375,74.825,0.0,9.125,0.7889880952380952,7.125,22.625,0.34016760651629074,12.125,0.0,111.375
99,102,2016-12-05,1,1,2016-17,Atlanta Hawks,Oklahoma City Thunder,91.0,24.0,56.0,11.0,41.75,9.375,32.375,19.75,16.25,1.4147855434039642,8.0,26.875,29.4875,28.0,59.5,47.097910239429844,11.0,16.0,66.0125,0.0,7.75,0.5043788448393711,5.0,17.125,0.2950632335500757,16.25,0.0,93.625,112.25,28.125,67.25,16.875,46.125,10.625,35.5,25.5,14.0,1.8757237554112556,9.375,27.125,34.887499999999996,33.625,63.375,53.03401436236537,16.875,24.625,68.075,0.0,8.0,0.585385101010101,5.375,19.25,0.28469526397515527,14.0,0.0,128.0
142,106,2016-12-05,1,1,2016-17,Golden State Warriors,Indiana Pacers,123.375,39.75,61.5,22.125,46.875,9.75,37.125,32.125,14.875,2.3201388888888888,13.25,32.5,42.9125,30.75,55.25,55.75023991025329,22.125,28.5,77.675,0.0,8.75,0.6009395424836602,7.5,20.375,0.3885339369665995,14.875,0.0,153.625,101.0,19.5,63.5,18.0,42.375,9.75,32.625,20.125,16.25,1.2995002546473133,6.5,19.0,32.9375,31.75,66.25,48.46992678080501,18.0,22.375,80.3625,0.0,8.625,0.5378395705601589,4.25,20.0,0.22095592241473247,16.25,0.0,108.75
112,116,2016-12-05,1,1,2016-17,Toronto Raptors,Cleveland Cavaliers,114.625,36.375,59.0,19.25,41.625,10.375,31.25,22.375,13.75,1.6833333333333333,12.125,25.25,48.7,29.5,56.75,52.31612882818283,19.25,23.0,83.475,0.0,9.25,0.6847537878787878,5.5,19.75,0.316498222945092,13.75,0.0,135.5,109.25,40.5,50.25,18.5,42.625,8.375,34.25,22.875,15.5,1.6052940115440115,13.5,32.875,40.925000000000004,25.125,50.0,50.15559732664995,18.5,24.125,75.375,0.0,5.5,0.38005605505605505,4.0,16.625,0.24914630325814535,15.5,0.0,118.875
107,106,2016-12-05,1,1,2016-17,Houston Rockets,Boston Celtics,115.0,43.5,53.75,17.75,42.125,11.0,31.125,24.625,14.875,2.133780629093129,14.5,37.75,38.3375,26.875,50.25,54.52804461914151,17.75,23.0,78.8,0.0,7.5,0.6571400821400822,5.375,20.25,0.27520352573627743,14.875,0.0,127.875,104.625,36.0,54.0,14.625,40.875,8.375,32.5,24.875,10.75,2.5092261904761903,12.0,33.0,36.45,27.0,53.625,50.600322222710595,14.625,17.25,84.2375,0.0,6.75,0.6301812770562771,4.875,20.5,0.25395886792945616,10.75,0.0,121.0
96,97,2016-12-05,1,1,2016-17,Milwaukee Bucks,San Antonio Spurs,103.875,27.375,59.75,16.75,44.25,9.625,34.625,24.625,14.0,1.8279400230832121,9.125,25.25,36.074999999999996,29.875,59.25,50.279742793076885,16.75,22.375,73.775,0.0,8.625,0.6138102287289594,6.5,20.5,0.32222272785058825,14.0,0.0,122.75,104.5,28.125,56.5,19.875,39.25,8.375,30.875,23.75,14.125,1.7663515406162467,9.375,22.75,41.225,28.25,55.0,51.452003842677215,19.875,25.125,80.375,0.0,8.0,0.5918961005454814,5.375,16.0,0.35862299465240643,14.125,0.0,121.375
110,112,2016-12-05,1,1,2016-17,Chicago Bulls,Portland Trail Blazers,99.125,16.5,65.25,17.375,47.5,13.375,34.125,20.0,13.375,1.6470238095238097,5.5,20.0,27.0625,32.625,67.125,48.76007973436471,17.375,22.375,78.5375,0.0,8.25,0.6834821428571428,6.125,18.875,0.32100980106494814,13.375,0.0,113.625,115.125,34.125,62.5,18.5,44.25,10.875,33.375,23.625,12.0,2.1995896464646463,11.375,30.25,37.25,31.25,59.125,53.240828061146225,18.5,22.625,82.1375,0.0,6.25,0.6269412878787879,4.625,21.375,0.2345173688204379,12.0,0.0,131.0
98,106,2016-12-05,1,1,2016-17,Philadelphia 76ers,Denver Nuggets,100.75,38.25,49.0,13.5,45.0,9.625,35.375,24.5,17.375,1.5061962504299966,12.75,31.5,40.5,24.5,54.0,45.56135967547349,13.5,18.0,73.83749999999999,0.0,7.125,0.4103940918472652,6.25,23.375,0.26841679606625257,17.375,0.0,113.5,106.625,30.375,60.0,16.25,50.0,13.875,36.125,24.375,13.375,1.9250339390142022,10.125,26.375,38.7875,30.0,66.375,44.991917968580324,16.25,23.875,68.7,0.0,5.375,0.4201147015823873,4.75,20.375,0.2448125996810207,13.375,0.0,117.5
102,91,2016-12-06,1,1,2016-17,Detroit Pistons,Chicago Bulls,105.625,26.625,67.0,12.0,44.5,10.0,34.5,21.375,12.25,1.7679605117105117,8.875,22.25,38.625,33.5,64.5,51.97837675232533,12.0,16.25,72.83749999999999,0.0,6.5,0.547278416028416,3.625,18.25,0.20625,12.25,0.0,120.75,102.25,17.25,65.25,19.75,48.0,13.5,34.5,21.0,14.25,1.655357142857143,5.75,20.75,27.1875,32.625,65.5,49.79889251975283,19.75,25.125,78.45,0.0,8.375,0.6407738095238096,6.75,19.0,0.35501715400612466,14.25,0.0,118.875
103,114,2016-12-06,1,1,2016-17,Miami Heat,New York Knicks,98.5,24.75,57.25,16.5,43.125,10.625,32.5,20.0,10.875,2.0835470085470087,8.25,26.75,31.325,28.625,57.5,49.897723918739715,16.5,24.0,68.7625,0.0,7.0,0.8003510378510378,5.125,20.625,0.2553896103896104,10.875,0.0,108.0,107.375,31.5,60.5,15.375,46.875,11.75,35.125,23.625,13.25,2.084957798909037,10.5,28.375,36.7,30.25,63.625,47.76104355786422,15.375,19.0,82.13749999999999,0.0,8.125,0.7547145224486556,6.25,22.375,0.3000327646387429,13.25,0.0,124.125
116,124,2016-12-06,1,1,2016-17,Washington Wizards,Orlando Magic,106.25,27.75,63.0,15.5,42.125,10.625,31.5,24.0,14.5,1.8041666666666667,9.25,25.5,38.1125,31.5,63.5,49.660939464782246,15.5,21.0,75.2125,0.0,10.875,0.8138392857142858,3.625,22.5,0.16777452894393263,14.5,0.0,118.625,94.375,22.5,57.25,14.625,45.125,9.0,36.125,20.875,14.625,1.6475177892283155,7.5,23.625,32.1,28.625,58.5,49.27048611021114,14.625,20.875,70.5375,0.0,7.625,0.5932667259640945,6.0,17.625,0.36012151172271145,14.625,0.0,107.125
96,91,2016-12-06,1,1,2016-17,Memphis Grizzlies,Philadelphia 76ers,99.125,26.625,55.25,17.25,43.25,10.25,33.0,21.375,12.625,1.901686507936508,8.875,26.375,33.35,27.625,60.625,46.16294373925804,17.25,22.875,73.0,0.0,9.25,0.7729166666666667,6.625,22.375,0.32122821257689677,12.625,0.0,110.875,98.0,36.0,48.0,14.0,45.0,10.375,34.625,22.875,17.375,1.420669934640523,12.0,31.0,38.8625,24.0,54.5,44.15316003197972,14.0,18.375,74.95,0.0,7.25,0.4169730392156863,6.375,23.625,0.2695037525879917,17.375,0.0,108.25
112,105,2016-12-06,1,1,2016-17,Utah Jazz,Phoenix Suns,106.0,31.125,54.5,20.375,43.375,8.375,35.0,20.375,11.75,1.7967104076479077,10.375,27.5,36.9,27.25,51.0,53.47905251307351,20.375,25.875,78.96249999999999,0.0,5.875,0.5072894119769119,5.5,18.625,0.31739638833388834,11.75,0.0,123.0,103.875,27.375,58.25,18.25,44.625,12.125,32.5,17.875,16.75,1.127021385477268,9.125,25.0,36.7375,29.125,62.625,46.56057266058919,18.25,24.0,76.51249999999999,0.0,8.625,0.5567266067266067,5.875,23.375,0.2608479064528227,16.75,0.0,109.0
91,105,2016-12-06,1,1,2016-17,Minnesota Timberwolves,San Antonio Spurs,104.375,20.625,62.0,21.75,42.0,11.375,30.625,23.0,14.75,1.6200439266615738,6.875,23.875,28.1625,31.0,63.375,49.20274729109938,21.75,25.625,85.16250000000001,0.0,9.125,0.6204991087344027,5.125,20.5,0.25151341339993916,14.75,0.0,115.625,102.125,27.375,56.0,18.75,40.75,9.5,31.25,23.25,14.5,1.6705182072829132,9.125,23.25,39.5875,28.0,56.375,49.735479626153,18.75,24.5,76.575,0.0,7.75,0.558562767212148,5.25,16.5,0.34536541889483063,14.5,0.0,116.375
98,115,2016-12-07,1,1,2016-17,LA Clippers,Golden State Warriors,108.125,30.75,56.5,20.875,44.875,9.625,35.25,23.25,14.25,1.8425595238095238,10.25,28.375,35.7875,28.25,55.25,51.06055373634751,20.875,27.0,77.35,0.0,7.125,0.5479166666666666,4.625,21.625,0.2374883654279572,14.25,0.0,122.5,125.625,39.75,64.5,21.375,48.0,9.5,38.5,34.0,14.75,2.5190025252525254,13.25,32.375,43.0375,32.25,56.5,57.07257560022449,21.375,27.75,77.125,0.0,9.25,0.6539698455139631,8.5,20.0,0.4373975733302359,14.75,0.0,160.875
94,126,2016-12-07,1,1,2016-17,New York Knicks,Cleveland Cavaliers,108.625,30.375,62.75,15.5,47.25,12.625,34.625,23.75,12.75,2.159957798909037,10.125,28.125,35.575,31.375,65.125,48.22421445388937,15.5,19.25,81.8125,0.0,7.875,0.756229673963807,6.875,21.75,0.3362646486967139,12.75,0.0,126.125,112.125,41.625,50.75,19.75,42.25,8.625,33.625,23.125,15.25,1.637412067099567,13.875,33.125,41.8125,25.375,49.5,51.0484544695071,19.75,25.0,78.0625,0.0,5.625,0.3904727217227217,3.75,17.25,0.2279409461152882,15.25,0.0,123.0
87,77,2016-12-07,1,1,2016-17,Charlotte Hornets,Detroit Pistons,106.375,25.125,60.5,20.75,46.375,9.0,37.375,23.875,12.875,1.8597184065934067,8.375,24.5,33.7875,30.25,60.0,50.28089243790136,20.75,28.0,74.65,0.0,4.375,0.3460565476190476,5.5,15.875,0.35134711779448624,12.875,0.0,120.5,106.375,27.0,67.75,11.625,45.125,9.625,35.5,22.0,11.625,1.9316509879009878,9.0,22.75,38.2375,33.875,64.125,52.769954577485244,11.625,15.875,72.325,0.0,6.875,0.6236673049173049,3.875,18.625,0.21467391304347824,11.625,0.0,124.375
87,117,2016-12-07,1,1,2016-17,Orlando Magic,Boston Celtics,98.75,24.375,58.75,15.625,43.75,8.75,35.0,21.25,13.125,1.7732870199975461,8.125,23.75,34.375,29.375,59.125,50.05911633963084,15.625,22.375,70.1875,0.0,7.5,0.6205744182717867,6.875,17.625,0.40873262283382256,13.125,0.0,112.875,106.125,35.625,56.5,14.0,40.375,8.5,31.875,25.5,11.125,2.4722943722943724,11.875,33.125,35.912499999999994,28.25,55.625,51.23684548873342,14.0,16.625,83.9375,0.0,7.25,0.6628517316017316,4.5,21.375,0.21165117562176386,11.125,0.0,121.375
116,111,2016-12-07,1,1,2016-17,Brooklyn Nets,Denver Nuggets,104.875,35.25,51.0,18.625,43.875,10.125,33.75,21.375,16.5,1.371831357604384,11.75,35.75,33.125,25.5,53.0,48.204833167546724,18.625,25.625,74.0,0.0,7.0,0.4442591125979284,4.375,19.5,0.2435099853258421,16.5,0.0,106.5,106.75,31.125,57.75,17.875,49.5,13.625,35.875,22.625,14.625,1.6063204887218046,10.375,27.0,38.8625,28.875,64.5,44.72884398898849,17.875,24.375,72.85,0.0,6.5,0.4500854618163055,5.375,20.5,0.2750757575757576,14.625,0.0,117.375
115,107,2016-12-07,1,1,2016-17,Milwaukee Bucks,Portland Trail Blazers,106.75,27.0,60.5,19.25,43.625,9.0,34.625,24.125,13.875,1.8041304992736882,9.0,25.375,35.4,30.25,57.625,52.16832080492679,19.25,25.0,75.18749999999999,0.0,8.625,0.6161911811099118,6.375,20.0,0.32691022785058826,13.875,0.0,126.125,116.5,33.0,66.25,17.25,43.0,10.5,32.5,24.375,11.5,2.342446789321789,11.0,29.0,37.525,33.125,61.0,54.90145608046989,17.25,21.625,80.10000000000001,0.0,7.125,0.721584145021645,5.5,22.125,0.265602024905094,11.5,0.0,134.75
94,109,2016-12-07,1,1,2016-17,Phoenix Suns,Indiana Pacers,102.5,26.25,57.25,19.0,44.0,11.375,32.625,17.0,17.375,1.011212561947856,8.75,24.0,36.574999999999996,28.625,62.0,46.29648815354693,19.0,24.875,76.6,0.0,7.5,0.4476579792756263,5.0,23.375,0.22959790645282266,17.375,0.0,104.125,102.25,20.25,62.75,19.25,43.0,9.625,33.375,20.375,15.75,1.3530716832187422,6.75,20.0,33.65,31.375,66.375,47.8436327849458,19.25,23.125,82.2375,0.0,9.25,0.5924030626236509,3.875,20.25,0.19808624822926882,15.75,0.0,110.875
89,120,2016-12-07,1,1,2016-17,Dallas Mavericks,Sacramento Kings,94.75,30.75,50.5,13.5,40.5,10.125,30.375,21.875,12.625,1.8921376723766428,10.25,30.125,34.45,25.25,53.0,47.810522426188825,13.5,17.25,77.8875,0.0,6.875,0.5644806480284421,2.75,20.875,0.13372132777596163,12.625,0.0,102.75,105.5,27.375,58.0,20.125,43.5,10.25,33.25,22.625,14.25,1.642857142857143,9.125,26.375,34.525,29.0,61.75,47.546540000957954,20.125,25.25,79.9875,0.0,9.25,0.6512175324675324,5.125,19.0,0.29046337737993744,14.25,0.0,116.625
103,95,2016-12-07,1,1,2016-17,Atlanta Hawks,Miami Heat,91.625,22.875,55.5,13.25,41.25,9.5,31.75,20.25,16.625,1.4120077656261867,7.625,26.0,29.150000000000002,27.75,59.375,46.76105959007919,13.25,18.75,67.8875,0.0,8.75,0.5529899559504823,4.625,18.25,0.26068823355007564,16.625,0.0,94.375,99.625,26.25,57.25,16.125,42.625,10.0,32.625,20.5,10.25,2.204380341880342,8.75,26.0,34.0,28.625,58.375,49.25010878716077,16.125,23.875,67.6875,0.0,7.125,0.8420177045177046,4.875,19.875,0.2525487012987013,10.25,0.0,109.75
134,95,2016-12-07,1,1,2016-17,Houston Rockets,Los Angeles Lakers,114.5,43.5,51.75,19.25,43.0,10.625,32.375,23.625,16.375,1.580839452622541,14.5,38.5,37.6,25.875,47.25,55.71649962763047,19.25,24.375,80.3125,0.0,7.5,0.5159636115518469,5.875,20.0,0.31426602573627743,16.375,0.0,127.625,95.625,17.25,61.0,17.375,46.875,13.875,33.0,19.0,15.25,1.397885101010101,5.75,20.125,29.5625,30.5,68.25,44.941114463519376,17.375,24.125,71.3875,0.0,8.125,0.5596590909090909,2.625,19.5,0.14459532182438192,15.25,0.0,98.125
124,110,2016-12-08,1,1,2016-17,Toronto Raptors,Minnesota Timberwolves,116.25,37.875,59.0,19.375,39.75,9.625,30.125,23.125,12.75,1.9428571428571428,12.625,26.25,49.0875,29.5,56.125,52.773535151367845,19.375,23.375,82.66250000000001,0.0,9.375,0.7692775974025974,5.375,19.875,0.3091930281398972,12.75,0.0,136.875,104.125,21.75,61.25,21.125,40.75,10.75,30.0,22.5,14.75,1.5867105933282404,7.25,23.375,30.450000000000003,30.625,63.375,48.597908581421954,21.125,24.75,85.0,0.0,9.0,0.6121657754010695,4.875,20.625,0.237697623926255,14.75,0.0,114.0
88,99,2016-12-08,1,1,2016-17,New Orleans Pelicans,Philadelphia 76ers,101.875,25.125,60.25,16.5,45.0,7.75,37.25,21.75,12.625,1.77774186597716,8.375,25.375,33.3125,30.125,61.125,49.38631572627904,16.5,21.0,79.89999999999999,0.0,7.75,0.6474207981560922,5.75,17.25,0.34738955091606016,12.625,0.0,117.0,96.75,37.125,46.0,13.625,45.625,10.625,35.0,22.875,17.5,1.409732434640523,12.375,32.875,37.837500000000006,23.0,53.125,43.3909649100285,13.625,19.125,71.2,0.0,6.875,0.38936887254901964,6.625,23.875,0.2769111599953991,17.5,0.0,105.125
88,86,2016-12-08,1,1,2016-17,Memphis Grizzlies,Portland Trail Blazers,98.125,23.625,56.0,18.5,44.125,10.625,33.5,20.625,12.375,1.874763431013431,7.875,24.875,30.5125,28.0,60.5,46.77888576824355,18.5,24.25,73.625,0.0,8.625,0.7415064102564103,6.125,22.0,0.30604964114832534,12.375,0.0,110.0,113.75,33.75,62.75,17.25,42.25,10.75,31.5,24.625,11.625,2.3460926226551226,11.25,29.5,37.625,31.375,60.5,51.78354224827035,17.25,21.375,81.1,0.0,7.5,0.7429383116883117,5.125,21.125,0.2591626309657,11.625,0.0,130.125
95,91,2016-12-08,1,1,2016-17,Chicago Bulls,San Antonio Spurs,101.75,14.625,67.0,20.125,48.5,12.75,35.75,20.75,14.25,1.6375,4.875,18.875,25.1,33.5,67.125,49.87424712968191,20.125,26.125,77.02499999999999,0.0,8.25,0.6318452380952381,7.125,19.0,0.3737671540061246,14.25,0.0,118.5,103.25,28.5,56.25,18.5,40.25,8.875,31.375,22.875,14.125,1.6948688566335626,9.5,23.75,40.3125,28.125,55.75,50.59911598978937,18.5,23.75,78.10000000000001,0.0,7.625,0.5691147152640961,5.5,16.75,0.3571709744503862,14.125,0.0,118.25
92,85,2016-12-08,1,1,2016-17,Washington Wizards,Denver Nuggets,106.875,27.75,63.5,15.625,42.375,10.25,32.125,23.75,14.5,1.7833333333333334,9.25,25.0,39.0,31.75,64.5,49.30379660763939,15.625,21.25,74.975,0.0,10.375,0.772172619047619,3.625,22.875,0.1664108925802963,14.5,0.0,118.375,106.875,31.5,57.25,18.125,49.875,14.75,35.125,21.625,15.5,1.4136734298982752,10.5,28.875,36.887499999999996,28.625,63.25,45.13891186229166,18.125,24.875,72.075,0.0,6.75,0.4390560500515996,4.875,21.75,0.23192099567099567,15.5,0.0,114.75
99,106,2016-12-08,1,1,2016-17,Utah Jazz,Golden State Warriors,108.625,33.0,54.0,21.625,41.625,7.375,34.25,21.375,12.5,1.7888979076479077,11.0,27.5,39.212500000000006,27.0,49.5,54.39734336764623,21.625,27.0,80.1125,0.0,6.375,0.5244769119769119,5.625,18.75,0.3213489575038488,12.5,0.0,126.75,125.0,37.5,66.5,21.0,46.25,9.5,36.75,34.125,14.5,2.596085858585859,12.5,31.75,41.35000000000001,33.25,57.0,58.36567904850035,21.0,27.375,76.925,0.0,9.5,0.6977198455139632,7.875,20.875,0.38990982823219666,14.5,0.0,158.875
90,117,2016-12-09,1,1,2016-17,Minnesota Timberwolves,Detroit Pistons,105.875,24.0,62.75,19.125,41.0,11.75,29.25,22.0,14.375,1.5872358034122742,8.0,24.75,32.262499999999996,31.375,62.25,50.663125972726306,19.125,22.5,83.9375,0.0,7.875,0.5507161955691366,4.625,21.5,0.2227684741286841,14.375,0.0,116.0,102.625,26.25,66.75,9.625,46.125,9.25,36.875,21.875,11.5,1.9371454933954935,8.75,23.75,36.137499999999996,33.375,64.125,51.96350296458202,9.625,13.75,69.6375,0.0,6.25,0.5810848873348874,4.0,18.5,0.22417683702008642,11.5,0.0,119.5
99,102,2016-12-09,1,1,2016-17,Oklahoma City Thunder,Houston Rockets,111.125,28.125,65.5,17.5,45.375,9.75,35.625,25.25,13.875,1.8717763869902029,9.375,26.5,35.45,32.75,61.375,53.383307925944656,17.5,25.875,67.08749999999999,0.0,7.875,0.5820956273258904,5.125,19.75,0.26979993386243384,13.875,0.0,126.75,118.875,45.375,54.5,19.0,43.75,11.0,32.75,25.25,16.625,1.6468116748447632,15.125,39.125,38.775,27.25,48.625,56.82618414707288,19.0,23.625,81.6375,0.0,9.5,0.6131858337740691,5.375,20.25,0.2881296620999138,16.625,0.0,136.125
110,114,2016-12-09,1,1,2016-17,Milwaukee Bucks,Atlanta Hawks,106.0,27.0,59.0,20.0,43.625,8.375,35.25,23.125,13.5,1.7820151146583036,9.0,25.875,34.3625,29.5,55.625,52.72205337260521,20.0,26.5,74.1375,0.0,8.75,0.6488834888022194,7.125,18.75,0.38878313754958493,13.5,0.0,125.625,92.5,22.5,57.5,12.5,40.125,9.125,31.0,21.5,15.625,1.5564882851067061,7.5,25.875,28.6625,28.75,59.875,47.864738519845076,12.5,17.875,67.925,0.0,8.5,0.5708470988076251,4.875,18.5,0.26832712243896456,15.625,0.0,97.0
115,119,2016-12-09,1,1,2016-17,Los Angeles Lakers,Phoenix Suns,94.25,16.125,60.25,17.875,47.125,14.75,32.375,18.0,17.25,1.2312184343434343,5.375,20.125,27.6875,30.125,67.5,44.872110169918884,17.875,24.75,71.35000000000001,0.0,9.125,0.5656114718614718,3.0,19.125,0.16232259455165465,17.25,0.0,95.25,101.125,27.375,55.25,18.5,43.5,11.0,32.5,16.875,18.125,0.9624030381383322,9.125,25.5,36.4125,27.625,59.625,46.49624438323274,18.5,22.875,80.675,0.0,7.875,0.4393246459422929,4.625,24.875,0.1996743071319398,18.125,0.0,103.125
94,101,2016-12-09,1,1,2016-17,Boston Celtics,Toronto Raptors,108.375,33.75,59.0,15.625,41.625,9.125,32.5,26.625,10.875,2.6264610389610388,11.25,31.625,35.324999999999996,29.5,57.125,51.930248787084246,15.625,18.5,84.4625,0.0,7.5,0.6982683982683983,4.5,21.125,0.21415744128592426,10.875,0.0,126.875,117.375,39.375,58.75,19.25,41.0,11.125,29.875,23.875,12.5,2.074170274170274,13.125,27.25,49.375,29.375,56.0,52.67449143552085,19.25,23.5,81.9625,0.0,8.75,0.7250856782106782,5.75,18.375,0.3340232488529702,12.5,0.0,139.25
109,88,2016-12-09,1,1,2016-17,Charlotte Hornets,Orlando Magic,103.0,23.25,58.0,21.75,47.25,8.125,39.125,21.75,11.625,1.89617673992674,7.75,24.625,30.4875,29.0,59.75,48.599084088344796,21.75,29.375,74.675,0.0,4.875,0.46845238095238095,5.375,15.25,0.35063689052175895,11.625,0.0,115.375,98.75,25.875,57.0,15.875,42.875,8.375,34.5,21.625,13.5,1.7586766303871566,8.625,23.875,36.1625,28.5,57.75,49.45305573357024,15.875,22.5,70.91250000000001,0.0,7.25,0.5808016909990594,6.0,18.5,0.36090873619414643,13.5,0.0,111.875
100,103,2016-12-09,1,1,2016-17,Sacramento Kings,New York Knicks,106.125,27.375,60.25,18.5,43.875,9.875,34.0,23.5,14.125,1.717857142857143,9.125,25.875,35.4,30.125,62.0,49.17288408697946,18.5,23.5,79.15,0.0,9.625,0.6821699134199134,5.0,18.875,0.2859343918726911,14.125,0.0,120.375,107.0,31.125,59.75,16.125,47.25,13.0,34.25,23.25,13.125,2.081832798909037,10.375,28.375,36.1375,29.875,63.75,46.86493940058446,16.125,20.125,80.14999999999999,0.0,7.625,0.7261815970407302,6.625,21.625,0.32613619019869017,13.125,0.0,122.75
114,84,2016-12-09,1,1,2016-17,Cleveland Cavaliers,Miami Heat,114.875,45.75,47.75,21.375,41.5,9.25,32.25,22.75,15.125,1.6269954004329004,15.25,35.0,43.1875,23.875,47.25,50.1109544695071,21.375,27.125,76.9375,0.0,6.5,0.46659451659451656,3.25,17.75,0.18429015246449457,15.125,0.0,124.875,101.0,27.75,58.0,15.25,42.125,10.125,32.0,20.625,10.625,2.1817963082668963,9.25,26.125,35.725,29.0,58.875,49.57259627272102,15.25,22.625,68.1,0.0,7.25,0.8414924944336709,5.125,19.125,0.27669642857142857,10.625,0.0,111.375
111,103,2016-12-09,1,1,2016-17,Dallas Mavericks,Indiana Pacers,94.5,31.5,49.25,13.75,40.5,10.0,30.5,22.0,13.375,1.8668819179009395,10.5,30.5,34.9125,24.625,53.125,46.358838029025705,13.75,17.25,79.1375,0.0,6.5,0.5289947145246059,3.0,20.75,0.1458260708589656,13.375,0.0,101.125,101.5,18.75,62.5,20.25,42.75,9.25,33.5,19.5,15.25,1.333500976148035,6.25,20.125,31.200000000000003,31.25,64.875,48.796821387388135,20.25,24.375,82.3125,0.0,9.0,0.5949283151489034,4.0,19.75,0.2090237482292688,15.25,0.0,109.875
116,105,2016-12-10,1,1,2016-17,Cleveland Cavaliers,Charlotte Hornets,112.0,41.25,50.25,20.5,42.25,9.5,32.75,21.875,15.125,1.547449945887446,13.75,33.5,40.587500000000006,25.125,47.875,51.69993752035456,20.5,26.125,76.22500000000001,0.0,6.625,0.47795815295815297,4.0,17.875,0.22960265246449457,15.125,0.0,123.5,102.75,23.625,57.25,21.875,48.875,8.5,40.375,21.5,11.625,1.8769459706959708,7.875,23.75,32.15,28.625,59.625,48.112352937551144,21.875,28.875,76.58749999999999,0.0,4.625,0.4492216117216117,5.5,15.125,0.3629995278843963,11.625,0.0,117.75
110,89,2016-12-10,1,1,2016-17,Memphis Grizzlies,Golden State Warriors,99.0,24.375,56.0,18.625,45.0,10.5,34.5,20.5,11.75,1.9025412087912086,8.125,25.0,31.625,28.0,61.0,46.4827474124037,18.625,25.125,71.6375,0.0,9.25,0.7975961538461538,4.625,23.5,0.2056032125768968,11.75,0.0,110.25,119.625,34.875,64.75,20.0,46.125,9.875,36.25,31.5,15.375,2.1997623291740935,11.625,30.875,39.925000000000004,32.375,57.125,56.483326107323876,20.0,25.875,77.05,0.0,9.875,0.683749257278669,7.75,21.25,0.38039895866697926,15.375,0.0,149.625
113,121,2016-12-10,1,1,2016-17,Orlando Magic,Denver Nuggets,98.375,26.625,56.25,15.5,41.75,7.75,34.0,22.125,12.125,1.9840055777555778,8.875,25.25,35.675,28.125,57.75,48.79516099672813,15.5,21.75,71.98750000000001,0.0,7.375,0.6416569541569541,5.375,18.625,0.3209271185470876,12.125,0.0,110.625,107.125,30.75,58.5,17.875,49.375,14.75,34.625,22.875,17.875,1.342121705760344,10.25,29.5,35.462500000000006,29.25,61.125,48.06365105752265,17.875,24.0,73.15,0.0,7.125,0.41103880867228926,4.5,22.0,0.2139285714285714,17.875,0.0,115.875
133,105,2016-12-10,1,1,2016-17,LA Clippers,New Orleans Pelicans,105.0,30.0,56.25,18.75,45.5,11.0,34.5,22.25,14.0,1.7951236263736265,10.0,28.5,34.6375,28.125,57.375,48.965624855704334,18.75,24.75,76.3125,0.0,6.875,0.5350961538461538,4.375,21.625,0.22707169876129057,14.0,0.0,116.25,98.875,23.625,58.25,17.0,45.875,8.5,37.375,20.375,12.75,1.6356964114317056,7.875,25.375,31.3125,29.125,60.875,47.92757718779613,17.0,22.25,76.9625,0.0,6.75,0.5536707981560922,4.875,17.375,0.29178293326900134,12.75,0.0,109.5
109,87,2016-12-10,1,1,2016-17,Houston Rockets,Dallas Mavericks,118.875,44.25,54.75,19.875,45.375,11.625,33.75,24.875,15.0,1.734014055797144,14.75,39.125,37.887499999999996,27.375,50.375,54.74285081373955,19.875,25.875,77.05,0.0,9.875,0.6614001194883548,4.625,20.5,0.2535652681605199,15.0,0.0,135.25,95.375,33.0,48.5,13.875,39.125,9.375,29.75,22.0,12.5,2.006638862345384,11.0,31.5,35.050000000000004,24.25,51.625,46.983838029025705,13.875,18.0,76.7125,0.0,6.625,0.5854183256357169,2.75,20.125,0.13678001822738664,12.5,0.0,101.375
118,111,2016-12-10,1,1,2016-17,Indiana Pacers,Portland Trail Blazers,104.0,21.75,60.25,22.0,41.375,7.875,33.5,20.5,15.25,1.4104240530711118,7.25,20.375,34.9375,30.125,60.375,49.691707751024495,22.0,26.125,82.875,0.0,9.0,0.5949283151489034,4.0,19.125,0.21506239557226398,15.25,0.0,116.125,111.625,34.125,59.25,18.25,43.25,11.0,32.25,24.0,11.125,2.3408842893217896,11.375,30.25,37.3375,29.625,59.25,49.700208914937015,18.25,23.125,80.0625,0.0,7.625,0.7663758116883117,4.875,22.375,0.2273900557148639,11.125,0.0,126.875
130,101,2016-12-10,1,1,2016-17,San Antonio Spurs,Brooklyn Nets,99.75,27.0,56.0,16.75,41.375,9.25,32.125,22.0,14.625,1.5323688566335627,9.0,23.375,39.0875,28.0,57.5,48.98844405303047,16.75,21.875,76.85000000000001,0.0,8.0,0.5637575724069532,5.5,16.75,0.3571709744503862,14.625,0.0,113.0,105.75,34.875,52.25,18.625,44.625,10.0,34.625,20.875,17.125,1.246831357604384,11.625,34.625,33.875,26.125,53.125,49.16552866725449,18.625,25.625,74.0,0.0,7.75,0.47342577926459506,4.625,19.375,0.2576547221679474,17.125,0.0,109.5
110,105,2016-12-10,1,1,2016-17,Washington Wizards,Milwaukee Bucks,105.125,26.25,64.0,14.875,41.125,9.5,31.625,23.25,15.375,1.6610745614035087,8.75,23.875,38.4875,32.0,64.0,50.090721547106696,14.875,19.125,78.65,0.0,10.75,0.7612077067669174,3.5,23.0,0.15884510310661204,15.375,0.0,117.0,108.125,28.5,60.25,19.375,44.375,8.625,35.75,23.25,13.625,1.7754674956106844,9.5,25.75,36.275,30.125,56.75,52.86160680163233,19.375,25.625,74.13749999999999,0.0,8.125,0.5976930126117432,6.625,19.125,0.3626467739132213,13.625,0.0,127.75
105,100,2016-12-10,1,1,2016-17,Chicago Bulls,Miami Heat,98.875,13.125,65.5,20.25,47.875,12.125,35.75,20.375,14.5,1.5999999999999999,4.375,18.25,23.4875,32.75,66.875,48.90965616509095,20.25,26.0,77.82499999999999,0.0,8.375,0.6339285714285714,7.375,18.625,0.39840657708304766,14.5,0.0,114.625,100.25,25.5,59.0,15.75,42.375,11.75,30.625,20.75,11.375,2.0956851971557855,8.5,25.625,33.6625,29.5,60.0,49.67180262192738,15.75,23.0,69.2875,0.0,7.0,0.7803813833225599,4.5,18.75,0.2499107142857143,11.375,0.0,108.625
104,84,2016-12-10,1,1,2016-17,Utah Jazz,Sacramento Kings,107.5,33.75,53.0,20.75,41.0,8.375,32.625,21.5,12.625,1.785921717171717,11.25,29.0,38.65,26.5,49.25,53.703669671752785,20.75,25.75,80.1625,0.0,6.875,0.5554292929292929,5.5,18.375,0.3177125938674852,12.625,0.0,124.25,105.875,25.875,61.0,19.0,44.125,10.125,34.0,23.25,13.25,1.9142857142857141,8.625,26.0,33.4375,30.5,62.625,49.31805043977293,19.0,23.75,80.3,0.0,9.875,0.7893127705627706,4.125,19.125,0.23662883631713552,13.25,0.0,119.75
112,118,2016-12-11,1,1,2016-17,Los Angeles Lakers,New York Knicks,98.0,17.625,61.25,19.125,47.625,14.25,33.375,17.75,17.0,1.2329545454545454,5.875,20.625,29.175,30.625,66.625,46.261333892194685,19.125,26.125,72.2125,0.0,8.125,0.5135281385281385,2.875,19.75,0.15078985645641654,17.0,0.0,99.625,105.75,30.75,57.75,17.25,47.125,12.875,34.25,22.75,13.125,2.052421034203155,10.25,28.5,35.5375,28.875,62.0,46.614610019820304,17.25,21.625,79.1125,0.0,6.875,0.6820639499819067,6.375,22.125,0.3085171425796426,13.125,0.0,120.0
79,97,2016-12-11,1,1,2016-17,Detroit Pistons,Philadelphia 76ers,103.75,28.125,64.25,11.375,46.125,9.5,36.625,21.5,11.125,2.022859779109779,9.375,25.0,36.25,32.125,62.125,51.63699848314796,11.375,15.75,71.03750000000001,0.0,6.125,0.6007277444777445,4.125,18.625,0.2296116196287821,11.125,0.0,120.5,96.75,37.125,47.0,12.625,44.375,11.0,33.375,23.25,15.375,1.6361213235294116,12.375,33.375,37.425,23.5,52.375,44.96475231972922,12.625,17.875,70.6125,0.0,6.75,0.44770220588235293,6.375,22.375,0.2878486599953991,15.375,0.0,107.0
99,96,2016-12-11,1,1,2016-17,Oklahoma City Thunder,Boston Celtics,109.875,26.625,63.75,19.5,46.125,9.5,36.625,23.875,14.125,1.7702138869902029,8.875,26.625,33.487500000000004,31.875,59.875,53.212770915785,19.5,28.375,67.675,0.0,7.625,0.5586581273258905,5.0,20.375,0.24912324213311055,14.125,0.0,123.75,106.25,34.5,55.0,16.75,41.0,8.625,32.375,26.375,10.875,2.6086038961038964,11.5,32.125,35.45,27.5,54.75,49.94854147001108,16.75,20.25,83.61250000000001,0.0,6.5,0.6268398268398269,4.25,20.625,0.20784430997279296,10.875,0.0,122.125
119,120,2016-12-11,1,1,2016-17,Phoenix Suns,New Orleans Pelicans,103.375,28.125,56.25,19.0,42.5,10.5,32.0,17.375,16.5,1.2377006571859512,9.375,25.875,36.7375,28.125,59.75,47.181340537078896,19.0,23.625,80.2,0.0,8.5,0.54646750308515,4.75,24.875,0.20488264046527316,16.5,0.0,107.25,97.375,23.25,57.25,16.875,44.5,9.0,35.5,20.125,12.625,1.6324794996669998,7.75,24.75,31.8875,28.625,61.5,46.55045854372833,16.875,22.625,75.35,0.0,5.875,0.5035788863913864,4.25,16.625,0.264401980888049,12.625,0.0,103.875
108,116,2016-12-11,1,1,2016-17,Minnesota Timberwolves,Golden State Warriors,104.875,22.5,64.5,17.875,40.75,11.25,29.5,22.375,13.75,1.6675054112554113,7.5,24.0,30.6375,32.25,62.125,52.16082182526086,17.875,21.875,80.5625,0.0,6.5,0.4820887445887446,3.875,20.125,0.20135643709164708,13.75,0.0,114.25,117.125,34.125,63.0,20.0,45.875,10.625,35.25,29.5,16.0,2.066006290526751,11.375,30.75,39.175000000000004,31.5,56.5,55.4605988345966,20.0,26.25,75.72500000000001,0.0,9.375,0.6469135084863985,7.5,21.5,0.3643534100127349,16.0,0.0,142.75
112,92,2016-12-12,1,1,2016-17,Dallas Mavericks,Denver Nuggets,95.0,34.125,46.5,14.375,38.25,8.75,29.5,20.625,11.875,1.9977102909168125,11.375,31.375,36.237500000000004,23.25,50.25,46.34395707664475,14.375,18.25,79.0875,0.0,6.875,0.637997690715082,2.625,19.75,0.13380382775119617,11.875,0.0,100.625,106.125,29.25,59.25,17.625,48.375,14.25,34.125,21.75,17.25,1.3525383724270108,9.75,27.625,36.3125,29.625,60.75,48.96442064707489,17.625,23.75,72.925,0.0,6.25,0.3656956714173873,4.125,21.875,0.19726190476190475,17.25,0.0,114.25
112,101,2016-12-12,1,1,2016-17,Miami Heat,Washington Wizards,99.375,23.25,61.0,15.125,42.875,12.5,30.375,21.625,11.625,2.131101863822452,7.75,24.25,32.35,30.5,62.625,48.93588712896963,15.125,22.25,68.58749999999999,0.0,7.25,0.7949647166558931,4.375,18.875,0.24260551948051948,11.625,0.0,108.125,107.125,27.0,63.5,16.625,41.5,10.125,31.375,23.625,15.125,1.7527412280701755,9.0,22.875,40.6625,31.75,65.0,48.85748097032957,16.625,21.375,78.47500000000001,0.0,10.75,0.7820410401002507,3.375,23.0,0.15149216193014148,15.125,0.0,119.375
121,120,2016-12-12,1,1,2016-17,LA Clippers,Portland Trail Blazers,106.125,30.75,58.5,16.875,45.125,11.375,33.75,23.25,14.0,1.8951236263736262,10.25,29.0,34.675,29.25,58.0,50.335989201833165,16.875,22.0,78.15,0.0,6.75,0.5225961538461539,4.125,22.25,0.20902357041904457,14.0,0.0,118.75,109.875,35.25,56.75,17.875,43.625,11.0,32.625,23.375,12.375,2.1106211314270524,11.75,31.25,37.137499999999996,28.375,57.25,49.39966246684958,17.875,22.75,79.95,0.0,7.625,0.7225161625655048,4.625,22.0,0.21978136006268997,12.375,0.0,123.5
110,94,2016-12-12,1,1,2016-17,Indiana Pacers,Charlotte Hornets,108.125,24.75,59.75,23.625,41.625,8.25,33.375,21.5,14.375,1.5411932838403428,8.25,20.625,38.1625,29.875,60.0,49.55769215648259,23.625,27.875,84.21249999999999,0.0,8.5,0.6069475459181342,4.5,18.25,0.27035085711072554,14.375,0.0,123.125,102.5,24.375,57.75,20.375,47.25,8.75,38.5,22.5,12.125,1.891231684981685,8.125,24.375,32.225,28.875,59.75,48.43745521691993,20.375,26.625,76.8125,0.0,4.875,0.45636446886446885,4.375,16.375,0.2826423850272534,12.125,0.0,116.0
122,100,2016-12-12,1,1,2016-17,Toronto Raptors,Milwaukee Bucks,115.625,38.25,57.25,20.125,42.5,10.25,32.25,21.875,11.875,1.9917839105339104,12.75,26.875,48.475,28.625,55.625,51.75327555462755,20.125,24.25,82.95,0.0,8.125,0.7179834054834054,5.125,19.25,0.28705355188327325,11.875,0.0,136.125,108.875,28.875,60.0,20.0,44.625,8.625,36.0,22.75,14.75,1.617512950156139,9.625,25.25,37.6,30.0,57.25,52.11160680163233,20.0,26.0,76.85,0.0,7.75,0.5584884671571978,6.75,19.375,0.367346022033522,14.75,0.0,127.125
122,118,2016-12-12,1,1,2016-17,Houston Rockets,Brooklyn Nets,117.875,43.5,54.5,19.875,46.125,11.875,34.25,25.375,14.875,1.7814098891304773,14.5,37.5,39.06249999999999,27.25,50.625,54.03821760910634,19.875,26.125,76.1375,0.0,9.375,0.6322334528216881,4.5,20.125,0.24821987342367777,14.875,0.0,135.75,106.875,33.75,53.5,19.625,44.875,10.25,34.625,21.25,16.75,1.2924728049728051,11.25,34.125,33.074999999999996,26.75,53.75,49.75264987937571,19.625,26.0,77.05,0.0,7.625,0.4742481476856477,4.0,19.875,0.2003630555012807,16.75,0.0,111.625
116,92,2016-12-12,1,1,2016-17,Sacramento Kings,Los Angeles Lakers,101.875,24.75,59.25,17.875,42.625,10.25,32.375,22.125,13.125,1.8313311688311689,8.25,25.75,32.4,29.625,62.375,48.14025687916687,17.875,23.25,75.2625,0.0,10.625,0.8688582251082251,4.5,18.0,0.2669083394227256,13.125,0.0,113.0,98.375,18.375,60.75,19.25,46.125,13.5,32.625,18.5,17.75,1.1718434343434343,6.125,21.625,28.6375,30.375,64.75,47.26133389219468,19.25,26.375,71.8125,0.0,8.125,0.47463924963924964,2.75,20.625,0.13980500797156808,17.75,0.0,99.125
94,99,2016-12-13,1,1,2016-17,Chicago Bulls,Minnesota Timberwolves,98.625,11.25,65.5,21.875,47.75,12.375,35.375,19.75,15.0,1.4003246753246752,3.75,17.0,20.887500000000003,32.75,66.75,48.98868897438692,21.875,27.625,78.7,0.0,8.625,0.6176948051948051,6.75,18.25,0.3720176881941588,15.0,0.0,113.5,105.625,22.125,63.5,20.0,43.125,12.25,30.875,21.75,13.875,1.6127435064935065,7.375,22.625,31.75,31.75,62.5,50.90594853091389,20.0,24.875,79.525,0.0,5.875,0.43566017316017314,3.75,20.875,0.188261198996409,13.875,0.0,115.375
113,111,2016-12-13,1,1,2016-17,Phoenix Suns,New York Knicks,106.75,30.0,57.75,19.0,44.125,11.5,32.625,18.125,16.375,1.2914690395388924,10.0,28.25,35.8875,28.875,60.25,48.11716941408424,19.0,24.125,78.71249999999999,0.0,8.5,0.5492248560263266,4.25,25.75,0.17502152935416201,16.375,0.0,110.625,107.75,30.0,59.25,18.5,46.75,12.5,34.25,22.125,13.5,1.8848073978395186,10.0,27.25,36.5375,29.625,61.375,48.20043091534269,18.5,23.0,79.6,0.0,6.875,0.643711677254634,7.0,20.625,0.37240603146853146,13.5,0.0,123.5
120,131,2016-12-13,1,1,2016-17,Atlanta Hawks,Orlando Magic,98.25,24.0,60.0,14.25,40.875,9.5,31.375,24.125,16.125,1.6804962216146426,8.0,27.0,29.075,30.0,58.875,50.98542817501749,14.25,20.0,69.075,0.0,8.375,0.5480296384901648,5.375,17.875,0.32798621334805544,16.125,0.0,107.25,100.5,28.125,56.5,15.875,39.875,7.125,32.75,22.5,11.75,2.2840055777555777,9.375,25.125,37.637499999999996,28.25,57.375,49.29785054590845,15.875,22.625,70.7625,0.0,7.5,0.7229069541569542,5.375,18.75,0.31888463488695684,11.75,0.0,112.375
109,113,2016-12-13,1,1,2016-17,New Orleans Pelicans,Golden State Warriors,99.375,24.375,57.0,18.0,46.375,10.5,35.875,20.625,12.375,1.7039080710955712,8.125,26.875,29.825000000000003,28.5,62.0,45.95049164535031,18.0,23.375,77.1625,0.0,7.0,0.6017931721056721,3.75,18.25,0.21149192797799607,12.375,0.0,107.125,117.25,34.875,60.75,21.625,44.875,9.875,35.0,30.125,14.875,2.3090618460823062,11.625,32.0,38.0,30.375,55.5,54.384659984480294,21.625,27.875,76.67500000000001,0.0,9.375,0.7094135084863985,7.0,22.75,0.3137581719174969,14.875,0.0,142.0
114,95,2016-12-13,1,1,2016-17,Portland Trail Blazers,Oklahoma City Thunder,110.0,34.5,56.5,19.0,42.375,11.125,31.25,22.75,13.0,1.9650245405179616,11.5,29.875,38.4,28.25,57.0,49.40523287683176,19.0,23.75,81.3875,0.0,7.5,0.6898457080200502,4.875,22.5,0.22498969339602332,13.0,0.0,122.625,109.625,25.125,67.0,17.5,47.5,10.75,36.75,23.75,14.625,1.6836754254517412,8.375,26.125,31.775,33.5,61.25,54.746610257973494,17.5,27.0,64.3,0.0,7.875,0.5479743666421298,5.0,18.875,0.3046787976886661,14.625,0.0,124.125
103,86,2016-12-13,1,1,2016-17,Cleveland Cavaliers,Memphis Grizzlies,110.5,38.625,51.75,20.125,41.375,9.25,32.125,21.25,15.625,1.4532039141414141,12.875,32.0,40.0125,25.875,47.875,53.485651806068844,20.125,26.625,73.25,0.0,6.5,0.45315656565656565,3.875,18.875,0.21658181913116123,15.625,0.0,120.25,99.0,24.0,56.5,18.5,46.625,11.625,35.0,20.5,12.5,1.6629578754578755,8.0,25.125,30.975,28.25,62.625,45.33862172934359,18.5,24.625,72.625,0.0,9.875,0.7975961538461539,4.625,23.5,0.2056032125768968,12.5,0.0,110.5
132,98,2016-12-14,1,1,2016-17,Houston Rockets,Sacramento Kings,116.875,43.5,53.5,19.875,46.5,12.375,34.125,25.0,15.25,1.6913124865330749,14.5,38.375,38.099999999999994,26.75,50.875,52.66819949316431,19.875,27.125,74.05,0.0,9.75,0.6419737125619479,4.125,20.375,0.22974161255411255,15.25,0.0,131.75,103.375,25.125,61.0,17.25,43.875,11.375,32.5,22.0,14.125,1.7477272727272728,8.375,24.625,34.325,30.5,64.0,47.90972409228162,17.25,23.25,72.27499999999999,0.0,11.75,0.897267316017316,4.5,18.25,0.2627416727560589,14.125,0.0,115.625
109,106,2016-12-14,1,1,2016-17,Washington Wizards,Charlotte Hornets,107.25,26.625,63.0,17.625,41.125,9.875,31.25,23.125,15.25,1.7069078947368421,8.875,23.0,39.9625,31.5,64.375,49.00651226690185,17.625,22.375,79.775,0.0,10.375,0.7504934210526316,3.375,22.5,0.15236628780426734,15.25,0.0,118.25,101.25,24.75,55.5,21.0,47.125,8.75,38.375,21.5,12.0,1.8307921245421244,8.25,24.375,32.7125,27.75,60.0,46.2899798474618,21.0,26.75,78.47500000000001,0.0,5.5,0.5065018315018315,4.375,16.5,0.28026143264630105,12.0,0.0,113.625
85,95,2016-12-14,1,1,2016-17,Dallas Mavericks,Detroit Pistons,97.625,34.875,49.25,13.5,36.75,8.375,28.375,21.0,11.75,2.049793624250146,11.625,31.25,37.3875,24.625,50.375,48.932192370762394,13.5,17.25,78.875,0.0,7.125,0.6673537513211426,3.125,19.375,0.17130382775119618,11.75,0.0,104.75,102.625,29.625,62.0,11.0,46.375,10.0,36.375,22.0,11.875,1.9950820013320014,9.875,25.0,38.875,31.0,62.125,49.85128419743368,11.0,15.375,70.4,0.0,7.125,0.6285055222555223,4.25,18.375,0.237250508517671,11.875,0.0,119.875
114,123,2016-12-14,1,1,2016-17,Philadelphia 76ers,Toronto Raptors,97.75,36.375,49.25,12.125,43.625,10.625,33.0,24.0,15.5,1.6677002708978328,12.125,32.75,37.462500000000006,24.625,51.75,47.652077249701215,12.125,17.25,70.6875,0.0,7.25,0.4703995743034056,5.875,21.375,0.27869115083789,15.5,0.0,110.125,117.75,38.25,58.25,21.25,43.5,10.625,32.875,22.875,12.375,1.9989267676767677,12.75,26.0,50.0,29.125,56.375,52.00327555462755,21.25,25.375,83.8,0.0,8.625,0.7429834054834055,4.75,19.375,0.2641777348898092,12.375,0.0,140.5
109,89,2016-12-14,1,1,2016-17,Utah Jazz,Oklahoma City Thunder,108.625,34.875,52.75,21.0,40.875,8.875,32.0,22.25,13.375,1.7837910353535353,11.625,28.375,40.574999999999996,26.375,49.5,53.160191410883215,21.0,25.75,81.55,0.0,6.875,0.5362531565656565,5.625,18.375,0.3255250938674852,13.375,0.0,126.25,105.0,23.25,64.5,17.25,47.875,11.875,36.0,22.375,15.75,1.4887349492612652,7.75,26.25,29.224999999999998,32.25,60.0,53.704943591306815,17.25,26.875,63.7625,0.0,7.75,0.49291484283260595,4.75,18.875,0.29277403578390415,15.75,0.0,116.125
95,89,2016-12-14,1,1,2016-17,Miami Heat,Indiana Pacers,100.375,24.375,62.0,14.0,43.625,13.0,30.625,21.75,11.875,2.1086659663865546,8.125,23.75,34.175,31.0,64.125,48.193951645098664,14.0,20.625,68.53750000000001,0.0,7.25,0.7872724089635855,4.5,18.0,0.2534388528138528,11.875,0.0,110.25,107.125,27.0,57.0,23.125,41.0,7.75,33.25,21.375,13.875,1.605587223234282,9.0,21.875,38.775,28.5,58.875,48.22572494336784,23.125,27.125,84.3625,0.0,7.625,0.5607354247060129,5.25,18.5,0.30293231074481075,13.875,0.0,121.25
93,85,2016-12-14,1,1,2016-17,Memphis Grizzlies,Cleveland Cavaliers,99.125,22.875,57.0,19.25,46.75,12.0,34.75,20.25,13.0,1.5926453754578755,7.625,24.25,30.2375,28.5,63.125,45.35164256267692,19.25,24.875,76.85,0.0,9.875,0.7715544871794873,4.875,23.25,0.2182119082290707,13.0,0.0,111.0,109.375,38.625,51.5,19.25,41.375,8.75,32.625,21.5,16.625,1.3615372474747476,12.875,30.875,41.1,25.75,47.625,53.485651806068844,19.25,26.0,71.775,0.0,6.875,0.4462121212121212,4.0,19.125,0.22104610484544693,16.625,0.0,119.875
108,101,2016-12-14,1,1,2016-17,San Antonio Spurs,Boston Celtics,102.375,28.125,58.25,16.0,41.875,8.625,33.25,23.75,13.75,1.8308982683982684,9.375,23.625,40.0875,29.125,58.875,49.685038480275054,16.0,21.0,76.9625,0.0,8.875,0.6718458077010709,5.375,17.5,0.322448752228164,13.75,0.0,119.5,105.375,34.125,54.75,16.5,41.5,9.125,32.375,25.875,11.375,2.458603896103896,11.375,31.875,35.3375,27.375,54.875,49.619594101590025,16.5,20.125,81.7,0.0,6.625,0.6071969696969697,4.25,20.75,0.20676205889054186,11.375,0.0,120.625
107,97,2016-12-14,1,1,2016-17,Brooklyn Nets,Los Angeles Lakers,109.5,32.25,56.0,21.25,45.25,9.875,35.375,20.875,16.75,1.2737228049728049,10.75,32.375,33.4,28.0,55.625,50.099872101597924,21.25,27.625,78.8125,0.0,7.75,0.4804981476856477,4.0,21.125,0.18946980931391688,16.75,0.0,115.0,98.875,20.25,58.5,20.125,45.125,14.5,30.625,17.5,18.75,1.013510101010101,6.75,20.75,31.9875,29.25,65.25,44.95690478664392,20.125,26.75,75.0875,0.0,8.625,0.46630591630591633,2.5,20.5,0.1264778020892151,18.75,0.0,97.25
108,113,2016-12-14,1,1,2016-17,Orlando Magic,LA Clippers,105.0,31.5,57.25,16.25,38.375,6.625,31.75,23.875,11.25,2.5436209623709622,10.5,27.5,38.15,28.625,55.125,51.97855742871472,16.25,23.625,68.05,0.0,7.0,0.7186334498834499,5.5,18.25,0.33183981695978604,11.25,0.0,117.625,109.125,32.25,59.25,17.625,45.75,12.25,33.5,23.25,13.875,1.9129807692307694,10.75,29.25,36.4875,29.625,59.75,49.476432092276056,17.625,22.25,80.15,0.0,7.375,0.5734203296703296,4.5,22.75,0.21996107041904456,13.875,0.0,122.875
92,107,2016-12-15,1,1,2016-17,Phoenix Suns,San Antonio Spurs,110.25,31.125,58.5,20.625,45.75,12.0,33.75,17.625,15.375,1.300016048085901,10.375,28.75,36.75,29.25,61.5,47.73906219635438,20.625,25.625,80.3875,0.0,8.25,0.5588402406417112,4.375,26.0,0.17742537550800816,15.375,0.0,115.25,101.875,27.75,59.5,14.625,41.875,8.5,33.375,25.125,14.0,1.8922821969696968,9.25,23.375,39.95,29.75,59.75,49.84561995424396,14.625,19.125,77.76249999999999,0.0,9.125,0.6796583077010709,5.0,17.5,0.3003899286987522,14.0,0.0,120.375
108,97,2016-12-15,1,1,2016-17,Milwaukee Bucks,Chicago Bulls,108.375,27.375,61.25,19.75,42.625,8.875,33.75,23.125,14.75,1.6516038592470481,9.125,25.25,35.525,30.625,57.625,52.766073302873025,19.75,25.625,76.925,0.0,8.0,0.5812157398844705,6.375,19.875,0.33922102203352206,14.75,0.0,124.75,97.25,10.5,65.5,21.25,46.625,12.625,34.0,19.25,14.5,1.4360389610389612,3.5,16.25,20.65,32.75,67.125,48.73204646230962,21.25,26.75,78.77499999999999,0.0,8.25,0.6159090909090909,6.875,18.125,0.3821279823118059,14.5,0.0,111.125
132,120,2016-12-15,1,1,2016-17,Denver Nuggets,Portland Trail Blazers,102.625,27.0,59.75,15.875,47.625,15.5,32.125,21.5,17.75,1.2822258724270108,9.0,27.125,34.2125,29.875,60.5,49.582236739028914,15.875,22.0,72.0125,0.0,6.375,0.3604873380840539,4.375,20.625,0.21726190476190477,17.75,0.0,109.875,110.0,33.0,58.25,18.75,42.625,11.125,31.5,22.625,12.875,1.9703816833751044,11.0,28.625,38.2,29.125,57.875,50.08067147332299,18.75,23.5,81.1625,0.0,8.0,0.7297266604010025,5.75,22.75,0.2578422574985874,12.875,0.0,125.0
103,90,2016-12-15,1,1,2016-17,Golden State Warriors,New York Knicks,118.25,35.625,61.5,21.125,45.375,10.125,35.25,30.75,14.5,2.413228512748973,11.875,31.875,38.862500000000004,30.75,56.875,53.87236490251308,21.125,27.25,76.6375,0.0,9.375,0.7219135084863985,6.375,21.75,0.3033415052508302,14.5,0.0,143.375,108.75,30.375,59.5,18.875,47.125,12.375,34.75,22.5,14.625,1.5901645406966614,10.125,27.375,36.962500000000006,29.75,62.0,48.024565114476886,18.875,24.25,77.64999999999999,0.0,7.0,0.5079973915403482,6.125,22.0,0.30498704998704995,14.625,0.0,122.0
102,95,2016-12-15,1,1,2016-17,New Orleans Pelicans,Indiana Pacers,102.875,27.75,57.0,18.125,46.75,10.0,36.75,21.75,12.875,1.731623003222268,9.25,28.75,31.700000000000003,28.5,60.75,47.116971675212206,18.125,23.75,76.175,0.0,7.5,0.6131053893002423,4.75,18.125,0.26814397476162183,12.875,0.0,113.375,106.875,28.5,54.25,24.125,39.25,6.875,32.375,19.875,13.25,1.5678888105358693,9.5,22.875,39.65,27.125,57.5,47.07128393585569,24.125,28.375,83.95,0.0,7.625,0.6004179643885527,5.375,18.5,0.3088846916971917,13.25,0.0,117.75
96,88,2016-12-16,1,1,2016-17,Boston Celtics,Charlotte Hornets,104.0,33.75,54.25,16.0,40.875,9.375,31.5,25.75,11.75,2.3739885114885118,11.25,32.375,34.2875,27.125,54.5,49.514304344177624,16.0,19.375,82.22500000000001,0.0,7.625,0.6725815850815852,4.25,19.0,0.22171932384780682,11.75,0.0,118.875,103.375,26.625,56.0,20.75,46.25,8.75,37.5,22.0,12.625,1.8024801587301587,8.875,25.125,33.85,28.0,58.75,48.214896155448415,20.75,26.75,77.2875,0.0,5.5,0.4878052503052503,4.75,16.75,0.2967544882018566,12.625,0.0,116.25
98,102,2016-12-16,1,1,2016-17,Miami Heat,LA Clippers,99.0,23.625,61.5,13.875,44.875,13.375,31.5,21.375,13.0,1.7586659663865547,7.875,23.875,32.987500000000004,30.75,62.625,48.97579756424435,13.875,20.5,68.325,0.0,6.0,0.5289390756302521,4.375,16.875,0.2653138528138528,13.0,0.0,108.125,114.5,35.625,60.75,18.125,46.0,12.375,33.625,24.5,12.75,2.0828671328671327,11.875,29.375,40.9,30.375,60.125,50.70757672404181,18.125,23.5,78.75,0.0,7.0,0.5853521478521478,4.625,23.625,0.21274953195750612,12.75,0.0,131.25
103,100,2016-12-16,1,1,2016-17,Utah Jazz,Dallas Mavericks,108.25,38.25,51.0,19.0,40.375,7.875,32.5,22.625,13.625,1.78230294011544,12.75,29.0,44.8625,25.5,48.0,53.18110141422881,19.0,23.375,81.25,0.0,6.25,0.47821744227994223,6.0,18.5,0.3417588601012514,13.625,0.0,126.75,97.375,34.125,49.5,13.75,35.875,8.125,27.75,21.375,11.75,2.081043624250146,11.375,30.625,37.225,24.75,51.125,48.47554845265722,13.75,17.5,79.21249999999999,0.0,8.125,0.750687084654476,3.125,19.875,0.16751594896331737,11.75,0.0,104.75
122,100,2016-12-16,1,1,2016-17,Houston Rockets,New Orleans Pelicans,120.75,47.625,54.0,19.125,47.625,11.5,36.125,28.25,16.375,1.7538124865330749,15.875,39.875,40.0625,27.0,48.625,55.47986552442623,19.125,26.375,72.77499999999999,0.0,10.125,0.6151879982762336,4.0,19.25,0.24905979437229436,16.375,0.0,141.5,102.5,28.5,56.0,18.0,46.875,9.75,37.125,21.625,13.75,1.5779771698889347,9.5,28.25,33.1,28.0,60.875,46.141472582653215,18.0,24.125,74.6,0.0,7.125,0.5289040004113533,5.375,18.0,0.3085851512322101,13.75,0.0,112.0
122,108,2016-12-16,1,1,2016-17,Washington Wizards,Detroit Pistons,108.25,24.75,66.75,16.75,40.125,10.0,30.125,23.75,14.0,1.8333959899749372,8.25,22.125,38.4375,33.375,65.5,51.04455574516272,16.75,21.25,79.975,0.0,10.875,0.8271303258145364,2.875,21.875,0.1351561428767311,14.0,0.0,121.375,100.5,27.0,61.5,12.0,47.125,10.125,37.0,21.625,12.75,1.8947530539635802,9.0,23.625,37.1875,30.75,60.875,50.581897623359595,12.0,16.75,69.2625,0.0,6.75,0.5819046450625398,4.0,18.375,0.22409261378082887,12.75,0.0,117.75
92,96,2016-12-16,1,1,2016-17,Memphis Grizzlies,Sacramento Kings,97.625,23.25,56.5,17.875,49.875,12.25,37.625,21.0,13.375,1.6115529384830856,7.75,23.75,31.674999999999997,28.25,63.5,44.62672093258288,17.875,23.625,74.875,0.0,9.375,0.721659529196294,5.125,23.5,0.2271007971179596,13.375,0.0,112.625,100.375,24.375,59.75,16.25,43.25,11.75,31.5,22.375,14.25,1.7586647727272726,8.125,25.75,31.5625,29.875,63.625,47.19543837799591,16.25,21.875,72.8375,0.0,11.375,0.8681006493506493,5.0,18.75,0.2861791727560589,14.25,0.0,111.125
118,111,2016-12-16,1,1,2016-17,Orlando Magic,Brooklyn Nets,106.75,34.5,57.5,14.75,38.0,7.25,30.75,25.625,10.0,2.8925792957042957,11.5,28.625,40.324999999999996,28.75,55.875,51.47855742871472,14.75,22.25,65.425,0.0,7.0,0.7620362276612277,4.5,19.5,0.27693963547158273,10.0,0.0,120.125,109.75,30.375,56.0,23.375,47.625,11.125,36.5,20.875,16.75,1.2737228049728049,10.125,31.75,32.324999999999996,28.0,56.125,49.6409651345558,23.375,30.875,76.575,0.0,7.75,0.4804981476856477,4.375,21.75,0.20274819759230514,16.75,0.0,116.375
69,95,2016-12-16,1,1,2016-17,Chicago Bulls,Milwaukee Bucks,98.125,10.875,66.0,21.25,46.0,11.625,34.375,19.375,14.875,1.408728036669213,3.625,16.125,21.4,33.0,65.125,50.67649090675406,21.25,26.75,78.775,0.0,7.0,0.5187452253628724,5.875,16.875,0.3526808669271905,14.875,0.0,111.375,107.125,28.875,60.0,18.25,42.5,9.25,33.25,23.75,13.625,1.9530744474823423,9.625,25.375,37.8,30.0,58.625,51.15662056655461,18.25,24.375,73.325,0.0,7.125,0.5959216222374117,6.25,19.625,0.33638011294261294,13.625,0.0,122.625
89,100,2016-12-16,1,1,2016-17,Philadelphia 76ers,Los Angeles Lakers,98.5,34.125,50.75,13.625,42.75,10.75,32.0,24.0,15.25,1.7000663423264044,11.375,32.125,35.825,25.375,51.625,49.073734841957716,13.625,19.125,71.4375,0.0,7.25,0.4759799314462627,5.75,21.75,0.2711680026897418,15.25,0.0,110.5,99.0,21.75,58.0,19.25,43.75,14.5,29.25,16.75,17.0,1.0624684343434343,7.25,23.125,31.6375,29.0,64.125,45.31274810856172,19.25,25.875,74.275,0.0,8.125,0.5038059163059163,2.875,20.75,0.13969895593536896,17.0,0.0,95.875
121,125,2016-12-16,1,1,2016-17,Toronto Raptors,Atlanta Hawks,117.875,37.125,58.75,22.0,43.125,11.5,31.625,22.75,12.25,2.0083964646464647,12.375,27.25,45.7625,29.375,56.375,52.43431003738617,22.0,26.0,84.4875,0.0,8.375,0.7306727994227995,4.125,20.125,0.21149916346123776,12.25,0.0,138.125,101.5,23.625,61.75,16.125,41.75,10.25,31.5,24.625,16.5,1.6617462216146426,7.875,26.125,29.7,30.875,59.875,51.5847167614697,16.125,21.375,75.3875,0.0,8.5,0.5459463051568315,5.125,17.5,0.3197625291375291,16.5,0.0,112.5
119,108,2016-12-17,1,1,2016-17,Cleveland Cavaliers,Los Angeles Lakers,107.375,36.75,51.75,18.875,41.875,8.75,33.125,20.625,15.5,1.3689236111111112,12.25,29.125,41.1125,25.875,49.375,51.985651806068844,18.875,26.0,70.5625,0.0,7.25,0.5160984848484849,3.5,18.75,0.19719742063492063,15.5,0.0,117.625,101.5,22.875,58.25,20.375,43.75,13.125,30.625,17.125,17.25,1.0701073232323233,7.625,23.625,32.5,29.125,61.875,47.34975694194583,20.375,26.5,77.725,0.0,8.625,0.5246392496392496,3.125,21.125,0.14961959085600388,17.25,0.0,102.0
127,114,2016-12-17,1,1,2016-17,Denver Nuggets,New York Knicks,106.875,30.0,59.0,17.875,45.25,14.375,30.875,21.375,17.25,1.3230153461112213,10.0,28.25,36.2875,29.5,58.5,50.57006829494907,17.875,23.375,75.27499999999999,0.0,7.25,0.4240838293121241,4.0,21.5,0.19345238095238096,17.25,0.0,114.75,106.75,27.375,60.75,18.625,48.375,12.625,35.75,21.875,14.5,1.5585711341032549,9.125,26.0,34.8625,30.375,63.625,47.82152839131304,18.625,24.75,74.4125,0.0,7.25,0.5327226662656229,6.375,20.0,0.3530639730639731,14.5,0.0,119.875
90,105,2016-12-17,1,1,2016-17,Detroit Pistons,Indiana Pacers,98.875,27.375,59.75,11.75,45.625,9.75,35.875,20.875,12.5,1.8821267913373176,9.125,24.625,36.025,29.875,59.75,50.20232994451246,11.75,16.75,68.075,0.0,6.625,0.578116766274661,3.125,18.375,0.17803998220188152,12.5,0.0,112.25,105.125,27.375,55.0,22.75,41.0,7.25,33.75,20.375,12.625,1.6677662615162614,9.125,23.75,36.075,27.5,58.5,46.85576669447637,22.75,27.0,83.2875,0.0,8.0,0.6408591408591409,5.375,19.375,0.29697992979242976,12.625,0.0,117.375
114,101,2016-12-17,1,1,2016-17,Oklahoma City Thunder,Phoenix Suns,102.875,22.5,62.0,18.375,47.25,12.25,35.0,21.25,15.625,1.4023713128976287,7.5,25.75,28.825,31.0,60.375,51.38351501987825,18.375,27.0,67.6875,0.0,7.75,0.4974602973780605,4.75,19.125,0.2901698691172375,15.625,0.0,112.0,107.5,30.75,58.25,18.5,44.375,12.25,32.125,18.125,15.75,1.3089446195144725,10.25,29.0,35.875,29.125,60.75,48.028663489457834,18.5,23.375,79.35,0.0,8.75,0.5823792016806721,3.875,26.125,0.15596704217467483,15.75,0.0,111.625
135,90,2016-12-17,1,1,2016-17,Golden State Warriors,Portland Trail Blazers,115.25,34.5,62.75,18.0,45.75,10.375,35.375,32.0,14.5,2.486757924513679,11.5,30.375,38.9625,31.375,57.375,54.44528156917974,18.0,23.625,73.0875,0.0,8.75,0.6851488026040455,6.75,20.5,0.34446350960812866,14.5,0.0,143.5,108.625,31.5,56.75,20.375,42.75,11.25,31.5,21.75,13.75,1.6489531119465328,10.5,27.5,37.8625,28.375,58.25,48.56392209367038,20.375,25.625,80.3875,0.0,7.125,0.5511552318295739,6.0,23.0,0.2669726922811961,13.75,0.0,120.375
109,111,2016-12-17,1,1,2016-17,Minnesota Timberwolves,Houston Rockets,105.125,21.75,64.25,19.125,44.25,12.75,31.5,21.5,13.75,1.6103625541125541,7.25,22.875,30.725,32.125,62.875,51.21302049121166,19.125,24.5,77.1875,0.0,5.25,0.3957792207792208,4.5,19.75,0.2488202052075891,13.75,0.0,115.125,119.5,51.375,50.0,18.125,47.75,11.25,36.5,28.375,15.5,1.8401220103425986,17.125,42.0,41.0,25.0,44.75,55.657422342608044,18.125,25.0,72.825,0.0,9.625,0.6122118078000431,4.0,18.0,0.2589804292929293,15.5,0.0,142.25
99,107,2016-12-17,1,1,2016-17,Atlanta Hawks,Charlotte Hornets,104.625,25.125,63.25,16.25,41.0,10.5,30.5,25.375,15.875,1.7623101313890785,8.375,25.625,32.1875,31.625,60.5,52.2836336232964,16.25,21.625,75.2375,0.0,7.875,0.5271493126756285,5.375,17.5,0.3311261655011655,15.875,0.0,116.875,102.25,27.75,54.5,20.0,48.0,10.25,37.75,21.625,12.875,1.7212301587301586,9.25,26.625,33.7125,27.25,60.125,45.99607952431835,20.0,25.25,78.9375,0.0,6.125,0.529471916971917,4.5,17.125,0.2788973453447137,12.875,0.0,114.125
79,109,2016-12-18,1,1,2016-17,Orlando Magic,Toronto Raptors,108.375,32.25,59.5,16.625,38.25,8.0,30.25,25.375,9.375,3.0354364385614385,10.75,29.0,37.0875,29.75,57.875,51.59167960066043,16.625,24.25,66.6,0.0,7.0,0.8215600371850371,5.5,19.125,0.3390719884127592,9.375,0.0,121.125,118.0,34.875,62.5,20.625,41.25,11.25,30.0,22.375,11.0,2.114646464646465,11.625,25.875,45.4625,31.25,59.875,52.11726222033835,20.625,25.125,82.0625,0.0,8.375,0.7744227994227995,4.25,20.375,0.2146473116093859,11.0,0.0,135.875
73,82,2016-12-18,1,1,2016-17,Memphis Grizzlies,Utah Jazz,97.25,22.5,56.0,18.75,50.875,12.875,38.0,21.125,13.75,1.5692452461753932,7.5,24.625,29.3125,28.0,62.375,45.06808284935464,18.75,24.625,75.125,0.0,9.125,0.6764672215039862,5.0,24.25,0.21435886163408863,13.75,0.0,112.25,106.125,35.625,51.75,18.75,40.5,8.25,32.25,22.0,14.375,1.6354279401154401,11.875,28.25,42.71249999999999,25.875,47.625,54.546116581064,18.75,23.375,80.325,0.0,6.25,0.45946744227994224,5.75,18.875,0.32681320792733837,14.375,0.0,123.5
117,110,2016-12-18,1,1,2016-17,Washington Wizards,LA Clippers,109.125,25.5,66.25,17.375,38.625,9.0,29.625,24.375,13.25,2.197979323308271,8.5,21.75,39.975,33.125,63.25,52.66543486604184,17.375,21.375,81.9875,0.0,10.625,0.868796992481203,2.625,21.625,0.12559092548542677,13.25,0.0,124.75,112.0,33.375,59.75,18.875,45.25,11.875,33.375,24.0,12.25,2.107867132867133,11.125,27.5,40.3375,29.875,58.75,50.97931585447659,18.875,24.375,79.0,0.0,5.875,0.5085664335664336,4.625,22.5,0.2185684974747475,12.25,0.0,128.75
108,107,2016-12-18,1,1,2016-17,Philadelphia 76ers,Brooklyn Nets,97.75,31.125,51.75,14.875,44.0,11.25,32.75,23.375,15.375,1.6508935482087572,10.375,31.75,33.1,25.875,52.25,49.487027689461094,14.875,20.5,72.6875,0.0,7.0,0.4571380196815569,5.75,21.25,0.27677024358610036,15.375,0.0,109.125,107.75,29.625,55.0,23.125,46.5,10.875,35.625,20.75,17.25,1.216596108140226,9.875,30.375,33.1375,27.5,54.875,49.83035907394974,23.125,29.625,78.8125,0.0,7.25,0.43072439202953905,4.75,22.875,0.2098813497662182,17.25,0.0,115.375
95,105,2016-12-18,1,1,2016-17,Miami Heat,Boston Celtics,97.375,22.875,60.5,14.0,45.75,13.0,32.75,21.875,13.0,1.841999299719888,7.625,24.875,30.5,30.25,62.5,48.31998571440265,14.0,21.25,66.4625,0.0,5.75,0.4872724089635854,4.75,17.875,0.2758210991906644,13.0,0.0,105.75,101.75,31.5,54.25,16.0,42.5,8.875,33.625,25.75,12.625,2.082321844821845,10.5,30.625,33.8375,27.125,54.625,49.38675332376946,16.0,20.125,79.48750000000001,0.0,7.75,0.6148892773892773,4.875,18.75,0.2663271669850617,12.625,0.0,118.25
113,100,2016-12-18,1,1,2016-17,San Antonio Spurs,New Orleans Pelicans,104.875,27.75,62.25,14.875,42.5,8.375,34.125,25.125,14.125,1.886032196969697,9.25,22.875,40.737500000000004,31.125,60.0,52.03927758971193,14.875,19.125,78.72500000000001,0.0,8.75,0.6579477813852814,4.75,17.875,0.28347816399286985,14.125,0.0,125.125,103.0,30.0,55.25,17.75,47.75,10.125,37.625,21.125,13.5,1.569235911147676,10.0,29.125,34.1375,27.625,61.625,45.060757523064915,17.75,24.0,73.7375,0.0,7.0,0.5262816227889757,5.625,18.25,0.3197458655179244,13.5,0.0,111.625
99,79,2016-12-18,1,1,2016-17,Dallas Mavericks,Sacramento Kings,99.0,35.25,49.5,14.25,34.125,7.875,26.25,21.375,11.0,2.2293952726017943,11.75,30.25,38.9625,24.75,50.375,49.11562266416001,14.25,17.875,80.2,0.0,8.5,0.8537090626764541,2.875,19.75,0.1575159489633174,11.0,0.0,107.125,100.5,25.875,57.0,17.625,43.375,11.75,31.625,22.125,13.25,1.8211647727272726,8.625,26.125,33.425,28.5,61.625,46.47619234624988,17.625,23.25,74.275,0.0,10.125,0.8264339826839826,5.25,18.875,0.29534583942272563,13.25,0.0,111.875
115,108,2016-12-19,1,1,2016-17,Minnesota Timberwolves,Phoenix Suns,105.75,22.875,65.25,17.625,46.125,13.0,33.125,23.0,14.625,1.6334686147186148,7.625,23.125,32.25,32.625,64.5,50.733418742790086,17.625,23.0,76.1875,0.0,5.25,0.3719155844155844,4.625,20.25,0.2477697850395219,14.625,0.0,117.375,106.5,30.0,58.5,18.0,44.625,12.625,32.0,18.25,15.875,1.3097616129785248,10.0,29.125,34.475,29.25,60.75,48.212487018869595,18.0,22.75,79.225,0.0,8.0,0.536219070961718,4.0,26.875,0.15372919051227074,15.875,0.0,110.125
108,110,2016-12-19,1,1,2016-17,Oklahoma City Thunder,Atlanta Hawks,103.125,22.125,61.0,20.0,45.875,11.375,34.5,21.625,15.625,1.4291570271833431,7.375,25.0,29.75,30.5,59.75,51.13626227262551,20.0,29.0,68.5375,0.0,8.75,0.568888868806632,4.375,19.0,0.27420666565403407,15.625,0.0,112.25,103.625,25.5,61.75,16.375,41.875,10.75,31.125,26.125,14.625,1.9195071010860483,8.5,25.75,32.5,30.875,60.0,51.5023836232964,16.375,22.375,72.27499999999999,0.0,7.25,0.5176796157059315,4.875,17.0,0.3109241452991453,14.625,0.0,116.75
117,107,2016-12-19,1,1,2016-17,Denver Nuggets,Dallas Mavericks,109.0,30.375,59.75,18.875,43.625,12.75,30.875,21.875,16.5,1.4761403461112215,10.125,27.75,37.2875,29.875,57.25,52.170959793100835,18.875,25.0,75.5625,0.0,7.375,0.4600213293121241,4.375,22.375,0.20085978835978835,16.5,0.0,118.625,98.0,35.25,48.0,14.75,34.375,7.0,27.375,20.0,11.125,2.0691679998745216,11.75,30.5,38.650000000000006,24.0,48.875,49.05474604078338,14.75,18.375,80.69999999999999,0.0,8.375,0.8298454263128175,3.375,19.0,0.20205036191878295,11.125,0.0,105.75
107,105,2016-12-19,1,1,2016-17,Indiana Pacers,Washington Wizards,104.375,27.75,55.0,21.625,42.875,7.75,35.125,20.25,12.375,1.7069076756576758,9.25,24.375,35.5625,27.5,58.375,46.95793015601484,21.625,25.75,82.7875,0.0,7.625,0.6219197469197468,5.5,18.375,0.3100007631257631,12.375,0.0,118.125,110.625,26.625,66.0,18.0,37.375,9.0,28.375,24.25,12.625,2.2417293233082707,8.875,22.75,38.6,33.0,62.25,53.24723210106488,18.0,22.875,79.625,0.0,10.25,0.8708803258145363,2.75,21.375,0.13200118189568316,12.625,0.0,124.625
113,82,2016-12-19,1,1,2016-17,Chicago Bulls,Detroit Pistons,92.875,11.625,60.75,20.5,46.125,12.0,34.125,17.625,14.875,1.26289470333588,3.875,16.5,22.2875,30.375,64.25,47.6745046301199,20.5,26.5,75.1375,0.0,6.5,0.47707855869620575,5.625,16.625,0.3392880097843333,14.875,0.0,101.375,95.0,24.75,57.5,12.75,43.875,9.625,34.25,20.125,11.75,1.95434901355954,8.25,24.75,32.8625,28.75,59.0,48.836589203771716,12.75,18.0,68.825,0.0,6.875,0.628116766274661,2.875,18.75,0.15998442664632595,11.75,0.0,105.0
126,121,2016-12-20,1,1,2016-17,Sacramento Kings,Portland Trail Blazers,98.875,26.625,55.75,16.5,42.25,10.75,31.5,21.375,13.5,1.7497362012987012,8.875,26.75,33.7625,27.875,59.5,47.14375507026421,16.5,22.25,72.3625,0.0,9.875,0.8007643398268398,4.5,19.5,0.24103036323224944,13.5,0.0,108.125,107.5,31.125,56.5,19.875,40.75,10.625,30.125,21.375,14.0,1.5668824048758259,10.375,28.0,36.75,28.25,57.375,48.975062677224756,19.875,25.125,79.7625,0.0,7.25,0.5473673530416951,5.375,23.25,0.22711201116664503,14.0,0.0,116.25
93,108,2016-12-20,1,1,2016-17,Philadelphia 76ers,New Orleans Pelicans,100.25,32.25,51.5,16.5,44.125,11.0,33.125,23.25,16.25,1.5200111952675808,10.75,31.25,34.95,25.75,51.875,49.5465514989849,16.5,22.125,74.8125,0.0,7.25,0.45640272556390976,5.625,21.25,0.26982579914165594,16.25,0.0,112.0,104.0,31.5,55.5,17.0,46.0,9.625,36.375,22.875,13.625,1.7008646990264638,10.5,28.875,36.275,27.75,60.75,45.85440831671571,17.0,23.375,71.6625,0.0,7.0,0.518705865213218,5.625,17.625,0.32977260348583876,13.625,0.0,114.125
108,114,2016-12-20,1,1,2016-17,Milwaukee Bucks,Cleveland Cavaliers,105.125,27.0,61.75,16.375,43.125,8.875,34.25,24.125,12.75,2.0725919913419912,9.0,24.25,37.287499999999994,30.875,60.0,51.59044970461716,16.375,22.375,71.625,0.0,7.0,0.61620670995671,5.5,19.125,0.3026499542124542,12.75,0.0,121.75,110.5,39.0,54.75,16.75,42.875,9.375,33.5,22.875,14.25,1.7543402777777777,13.0,30.25,42.1125,27.375,50.75,53.62751688543393,16.75,23.375,69.60000000000001,0.0,7.625,0.6063762626262627,3.5,17.25,0.21282242063492063,14.25,0.0,125.875
109,112,2016-12-20,1,1,2016-17,Memphis Grizzlies,Boston Celtics,93.5,19.5,54.75,19.25,51.5,13.5,38.0,18.625,13.625,1.3722755492056964,6.5,23.75,26.2375,27.375,63.875,43.02990550945315,19.25,25.0,76.375,0.0,8.5,0.6319596457464105,4.25,25.375,0.17277051576942695,13.625,0.0,103.25,102.75,30.75,56.0,16.0,41.5,8.875,32.625,25.25,12.375,2.0759115884115884,10.25,30.625,32.9375,28.0,54.875,50.630032893661934,16.0,20.625,77.0375,0.0,8.125,0.6565559440559441,4.0,18.0,0.23081580334869806,12.375,0.0,117.375
100,102,2016-12-20,1,1,2016-17,Houston Rockets,San Antonio Spurs,117.375,51.375,48.5,17.5,48.5,11.25,37.25,28.375,16.0,1.7835609243697481,17.125,43.75,39.425000000000004,24.25,44.0,54.90578835567994,17.5,24.375,72.325,0.0,10.0,0.6093837535014005,3.625,19.0,0.219207702020202,16.0,0.0,138.625,107.25,27.75,64.5,15.0,43.375,9.0,34.375,27.0,14.375,1.9961512445887446,9.25,23.25,39.75,32.25,61.5,52.805503551250396,15.0,18.875,80.1,0.0,8.625,0.6386025432900433,4.75,18.375,0.26529634581105166,14.375,0.0,129.5
130,136,2016-12-20,1,1,2016-17,Miami Heat,Orlando Magic,97.75,24.0,59.25,14.5,45.125,12.75,32.375,21.875,14.125,1.7616421568627452,8.0,25.125,31.775,29.625,60.125,49.56998571440265,14.5,22.5,65.125,0.0,5.875,0.47174445865302644,4.625,18.625,0.25349967061923584,14.125,0.0,105.5,106.0,30.75,58.5,16.75,38.625,8.75,29.875,24.125,10.5,2.8553228021978025,10.25,28.75,35.074999999999996,29.25,58.625,50.02917960066043,16.75,23.625,71.4625,0.0,6.625,0.7619009462759463,5.0,19.875,0.2815853573967164,10.5,0.0,115.125
119,102,2016-12-20,1,1,2016-17,LA Clippers,Denver Nuggets,111.625,31.125,61.5,19.0,44.375,11.625,32.75,23.375,12.625,1.9974504662004662,10.375,26.625,38.75,30.75,59.375,51.87217299733373,19.0,24.375,79.5125,0.0,5.875,0.4939831002331002,4.375,21.375,0.21228453008344314,12.625,0.0,126.75,111.375,30.375,61.75,19.25,44.125,12.75,31.375,23.5,16.25,1.6398308223016975,10.125,27.875,37.0125,30.875,56.75,54.35894130311625,19.25,25.5,75.4625,0.0,7.375,0.4704379959787908,3.75,21.375,0.17109788359788358,16.25,0.0,124.0
116,104,2016-12-20,1,1,2016-17,Toronto Raptors,Brooklyn Nets,117.5,33.0,63.25,21.25,41.625,11.625,30.0,21.75,11.0,2.057828282828283,11.0,25.625,43.525000000000006,31.625,60.625,51.97837333144946,21.25,26.125,81.01249999999999,0.0,8.625,0.7971500721500722,4.5,20.125,0.23461258938716367,11.0,0.0,134.5,109.5,29.625,55.5,24.375,46.875,10.25,36.625,21.5,17.0,1.280832219251337,9.875,29.625,33.8,27.75,54.625,50.6010928993948,24.375,31.5,77.92500000000001,0.0,7.125,0.43072439202953905,4.25,22.625,0.18999498612985455,17.0,0.0,118.5
117,113,2016-12-20,1,1,2016-17,Charlotte Hornets,Los Angeles Lakers,100.625,27.0,54.75,18.875,47.125,9.5,37.625,21.125,12.5,1.742063492063492,9.0,25.5,34.4,27.375,59.625,46.57930777148102,18.875,23.625,78.93749999999999,0.0,6.375,0.5628052503052503,3.875,17.25,0.23845616887412555,12.5,0.0,113.125,102.5,26.25,57.5,18.75,43.375,12.625,30.75,18.875,16.5,1.271496212121212,8.75,25.625,33.7375,28.75,60.5,47.893974629020654,18.75,24.5,77.42500000000001,0.0,8.125,0.5072781385281385,2.875,20.875,0.1374668130782261,16.5,0.0,104.875
118,111,2016-12-20,1,1,2016-17,New York Knicks,Indiana Pacers,106.25,25.875,60.25,20.125,47.375,12.375,35.0,20.875,14.25,1.5149813905135112,8.625,25.0,34.375,30.125,63.875,47.151671931982904,20.125,25.875,75.95,0.0,6.875,0.5154149739579307,6.125,21.125,0.32991582491582494,14.25,0.0,117.375,104.5,29.25,55.5,19.75,43.0,7.75,35.25,20.0,12.5,1.678336247086247,9.75,25.125,37.225,27.75,57.875,47.68303838112306,19.75,24.0,81.71249999999999,0.0,7.125,0.5826340326340326,5.5,18.25,0.31148885836385837,12.5,0.0,117.875
104,74,2016-12-20,1,1,2016-17,Golden State Warriors,Utah Jazz,114.875,34.5,63.25,17.125,48.0,10.75,37.25,31.875,14.25,2.514699100984267,11.5,31.25,36.875,31.625,57.625,54.608826023535975,17.125,22.625,72.66250000000001,0.0,8.5,0.6773056653491436,6.75,20.125,0.3506312727660234,14.25,0.0,144.5,102.625,32.25,51.5,18.875,41.875,8.25,33.625,21.25,14.875,1.5127006673881673,10.75,27.875,39.324999999999996,25.75,47.125,54.91135212071815,18.875,24.375,77.7625,0.0,6.125,0.43598259379509374,6.125,19.625,0.32413463649876695,14.875,0.0,119.125
84,92,2016-12-21,1,1,2016-17,Atlanta Hawks,Minnesota Timberwolves,106.75,26.625,63.25,16.875,42.25,10.625,31.625,26.375,15.625,1.7266499582289057,8.875,25.625,34.2625,31.625,58.5,54.116566315604096,16.875,22.875,72.8,0.0,7.125,0.45220342522974105,4.875,18.0,0.302590811965812,15.625,0.0,122.125,105.875,21.75,66.25,17.875,45.875,12.75,33.125,23.125,15.25,1.5813069605832764,7.25,22.0,32.3875,33.125,65.375,50.804936155725414,17.875,23.125,76.725,0.0,5.5,0.3709757347915243,4.75,20.25,0.2527697850395219,15.25,0.0,117.625
86,98,2016-12-21,1,1,2016-17,Detroit Pistons,Memphis Grizzlies,93.75,22.125,58.25,13.375,42.375,9.625,32.75,20.5,11.5,2.016411950622477,7.375,24.25,29.862499999999997,29.125,59.125,49.36271914727454,13.375,18.0,73.625,0.0,6.875,0.642102780260675,2.875,18.25,0.17560942664632595,11.5,0.0,103.375,93.375,19.125,54.0,20.25,50.375,14.0,36.375,18.625,13.5,1.3880722525023994,6.375,23.25,26.4625,27.0,63.125,42.92945908088173,20.25,25.625,78.7375,0.0,8.75,0.6566849204716853,4.125,26.375,0.16254324304215423,13.5,0.0,103.375
97,107,2016-12-21,1,1,2016-17,Chicago Bulls,Washington Wizards,96.75,13.5,63.75,19.5,46.5,11.75,34.75,20.75,14.0,1.5335677802589567,4.5,16.875,25.65,31.875,65.25,49.189656145271414,19.5,24.75,78.7125,0.0,7.125,0.5386170202346673,5.625,15.5,0.3589558419521655,14.0,0.0,111.75,109.0,24.375,65.75,18.875,39.125,9.75,29.375,23.375,13.25,2.0750626566416037,8.125,22.625,36.475,32.875,61.875,53.38437943648808,18.875,23.875,80.0,0.0,8.75,0.7000469924812031,2.875,21.375,0.13768300007750134,13.25,0.0,121.375
110,121,2016-12-21,1,1,2016-17,New Orleans Pelicans,Oklahoma City Thunder,104.0,31.5,55.75,16.75,46.25,10.875,35.375,23.75,13.5,1.7906082887700534,10.5,27.0,39.7125,27.875,61.875,45.37817108183747,16.75,24.0,68.4125,0.0,6.375,0.4722315062388591,5.125,17.75,0.29487677015250546,13.5,0.0,114.25,100.875,21.375,59.75,19.75,45.5,12.125,33.375,19.75,15.375,1.3145736938500097,7.125,25.625,28.325,29.875,58.125,51.568954580317815,19.75,28.375,69.275,0.0,8.5,0.562936487854251,4.25,18.5,0.2723127262600947,15.375,0.0,108.125
113,102,2016-12-21,1,1,2016-17,Cleveland Cavaliers,Milwaukee Bucks,111.625,41.625,51.0,19.0,44.125,9.75,34.375,21.5,13.0,1.8043402777777777,13.875,32.0,42.6125,25.5,50.0,50.85403907325642,19.0,25.5,74.0,0.0,7.625,0.6376262626262627,3.625,18.0,0.21639384920634921,13.0,0.0,126.375,104.625,27.375,61.5,15.75,43.75,9.375,34.375,23.75,13.125,1.995508658008658,9.125,24.625,37.39999999999999,30.75,59.875,51.49823658986306,15.75,21.5,71.64999999999999,0.0,6.625,0.5724567099567099,5.0,18.75,0.28628090659340655,13.125,0.0,120.25
95,96,2016-12-21,1,1,2016-17,Portland Trail Blazers,Dallas Mavericks,108.625,29.25,57.5,21.875,41.125,11.25,29.875,22.0,13.875,1.6710490715424926,9.75,28.5,33.85,28.75,56.0,51.07401320196239,21.875,27.875,79.8,0.0,6.75,0.5043117974861395,4.875,23.75,0.2062040063876725,13.875,0.0,117.5,98.75,35.625,49.25,13.875,33.625,6.375,27.25,19.75,11.75,1.877203714160236,11.875,29.125,41.1375,24.625,49.125,49.98527777320191,13.875,17.25,80.7,0.0,8.375,0.8000835215509129,3.625,18.75,0.21830423188782322,11.75,0.0,107.25
93,94,2016-12-21,1,1,2016-17,Utah Jazz,Sacramento Kings,98.75,32.25,49.5,17.0,42.375,8.625,33.75,20.375,16.625,1.3055750635234329,10.75,28.5,38.574999999999996,24.75,46.25,53.67058099684612,17.0,23.375,73.025,0.0,5.75,0.3520453957274609,6.125,20.125,0.3173473061820249,16.625,0.0,111.125,102.375,27.0,57.75,17.625,39.75,9.0,30.75,21.625,13.375,1.7951907467532466,9.0,26.125,35.1875,28.875,57.0,50.8113090483772,17.625,23.75,71.9375,0.0,8.625,0.6905370670995672,4.375,20.875,0.22212280020703934,13.375,0.0,112.0
111,125,2016-12-21,1,1,2016-17,Phoenix Suns,Houston Rockets,106.375,29.25,58.0,19.125,44.375,11.875,32.5,17.25,16.125,1.227408671802054,9.75,27.75,35.5375,29.0,61.0,47.59425973351255,19.125,24.5,78.625,0.0,8.375,0.5504347572362278,4.375,26.125,0.17228241390057658,16.125,0.0,109.25,116.5,49.125,50.25,17.125,49.125,12.875,36.25,28.625,16.0,1.798266806722689,16.375,43.75,37.449999999999996,25.125,46.0,54.38190921337974,17.125,23.875,72.55,0.0,10.25,0.6240896358543417,3.375,19.375,0.19347240790255496,16.0,0.0,136.875
115,107,2016-12-22,1,1,2016-17,Miami Heat,Los Angeles Lakers,101.125,24.375,62.0,14.75,45.375,11.875,33.5,22.0,14.375,1.728308823529412,8.125,25.75,31.275,31.0,61.875,50.38629180414624,14.75,22.375,66.3625,0.0,5.375,0.4134111253196931,4.875,20.375,0.24724967061923583,14.375,0.0,108.25,104.0,30.375,56.0,17.625,43.0,12.0,31.0,20.625,16.625,1.403125,10.125,28.0,35.3375,28.0,58.5,48.21240769799446,17.625,23.0,77.8625,0.0,7.75,0.46845238095238095,4.25,20.5,0.20703203046953048,16.625,0.0,109.25
106,95,2016-12-22,1,1,2016-17,New York Knicks,Orlando Magic,107.75,26.625,61.0,20.125,45.75,11.125,34.625,21.375,13.75,1.5834024431450902,8.875,24.25,36.7,30.5,64.625,47.18100700369085,20.125,25.5,77.22500000000001,0.0,7.0,0.5325202371158254,5.875,20.25,0.3354713804713805,13.75,0.0,119.125,107.5,30.375,61.0,16.125,39.125,8.5,30.625,24.125,10.25,2.897280844155844,10.125,28.25,35.55,30.5,61.875,49.40563278180606,16.125,23.0,70.9,0.0,6.125,0.7286841630591631,4.125,20.75,0.2232520240633831,10.25,0.0,114.375
106,101,2016-12-22,1,1,2016-17,LA Clippers,San Antonio Spurs,112.25,33.375,60.5,18.375,43.125,10.75,32.375,24.0,13.125,1.9301427738927739,11.125,28.125,39.0875,30.25,57.625,52.78623549733373,18.375,24.0,77.225,0.0,6.0,0.4779574592074592,3.75,20.75,0.18290418820310123,13.125,0.0,126.0,106.625,29.25,62.75,14.625,44.125,8.75,35.375,26.25,14.875,1.9093091393255865,9.75,23.625,41.275,31.375,60.75,51.90272577347262,14.625,17.875,81.14999999999999,0.0,8.875,0.6324621924128504,4.875,18.375,0.2726492869875223,14.875,0.0,129.375
102,109,2016-12-22,1,1,2016-17,Indiana Pacers,Boston Celtics,104.75,28.875,56.75,19.125,42.375,7.625,34.75,20.75,11.375,1.8727806915306915,9.625,25.125,36.6875,28.375,59.5,47.38557848807493,19.125,23.0,82.1875,0.0,7.0,0.6451340326340327,5.75,18.0,0.3326942155067155,11.375,0.0,118.75,103.375,32.25,53.75,17.375,42.0,9.125,32.875,25.25,12.625,2.03745004995005,10.75,32.0,33.1375,26.875,54.125,49.09594198457103,17.375,21.75,78.3125,0.0,8.375,0.6670454545454545,4.25,18.125,0.24136775140064612,12.625,0.0,117.75
101,117,2016-12-22,1,1,2016-17,Brooklyn Nets,Golden State Warriors,109.625,29.25,56.25,24.125,47.625,10.75,36.875,21.375,17.375,1.2403910427807487,9.75,28.875,34.025,28.125,55.375,50.65466432796623,24.125,30.875,78.6625,0.0,7.5,0.44332943404634584,4.25,22.25,0.19313043763487128,17.375,0.0,119.875,110.125,32.625,61.0,16.5,47.5,9.875,37.625,29.25,14.125,2.303335464620631,10.875,29.5,37.0375,30.5,57.625,52.929721545924025,16.5,21.5,74.075,0.0,8.625,0.7034420289855073,5.5,19.625,0.29760096973572037,14.125,0.0,136.125
103,91,2016-12-23,1,1,2016-17,Charlotte Hornets,Chicago Bulls,101.625,30.0,53.5,18.125,46.0,10.375,35.625,22.25,12.25,1.898313492063492,10.0,26.375,37.8125,26.75,60.625,44.79444200764163,18.125,23.125,77.7375,0.0,6.75,0.6044719169719169,3.5,16.5,0.22479220126278948,12.25,0.0,112.625,95.125,13.125,64.75,17.25,46.375,12.0,34.375,21.875,14.0,1.6085677802589566,4.375,16.625,25.425,32.375,67.0,48.76172821734349,17.25,22.375,77.725,0.0,6.625,0.505283686901334,4.875,15.625,0.31279571123321126,14.0,0.0,108.875
98,104,2016-12-23,1,1,2016-17,Utah Jazz,Toronto Raptors,97.0,30.75,49.25,17.0,42.875,8.125,34.75,19.5,16.5,1.2506508210991907,10.25,27.875,37.6625,24.625,46.125,53.54314305358371,17.0,22.5,75.4875,0.0,6.0,0.3795075169395821,6.0,20.625,0.3028271041618228,16.5,0.0,110.25,116.0,31.125,61.75,23.125,41.625,11.625,30.0,20.625,10.75,2.0071872571872573,10.375,24.875,42.3,30.875,61.25,50.44734996319805,23.125,28.625,80.4625,0.0,8.5,0.8054834054834056,4.75,20.625,0.23671342972329812,10.75,0.0,130.375
112,117,2016-12-23,1,1,2016-17,Boston Celtics,Oklahoma City Thunder,103.75,31.875,53.0,18.875,42.25,9.0,33.25,24.25,12.5,1.9681318681318682,10.625,32.875,32.0375,26.5,52.375,49.91613347992444,18.875,23.625,77.5,0.0,8.75,0.7125,4.0,19.0,0.2256270106599054,12.5,0.0,117.625,103.375,23.25,59.5,20.625,44.25,12.375,31.875,19.5,14.625,1.4020736938500098,7.75,25.625,30.5625,29.75,58.0,51.480156766110156,20.625,28.125,73.4375,0.0,8.625,0.608248987854251,4.375,19.125,0.268146059593428,14.625,0.0,111.875
115,109,2016-12-23,1,1,2016-17,Memphis Grizzlies,Houston Rockets,93.625,22.875,52.0,18.75,48.5,13.375,35.125,19.5,13.0,1.5622175516476986,7.625,24.875,29.9875,26.0,61.0,42.84236320574237,18.75,23.625,79.2625,0.0,8.875,0.7047618435486083,4.0,26.5,0.15677401227292345,13.0,0.0,104.375,115.375,50.25,48.25,16.875,47.25,12.125,35.125,28.0,15.0,1.892016806722689,16.75,44.0,38.1625,24.125,44.75,53.91495519039123,16.875,24.5,69.6375,0.0,8.25,0.5407563025210084,4.125,19.375,0.22756331699346405,15.0,0.0,132.5
113,119,2016-12-23,1,1,2016-17,Detroit Pistons,Golden State Warriors,91.75,21.375,55.25,15.125,42.625,9.75,32.875,19.625,12.5,1.8080786172891437,7.125,24.5,28.362499999999997,27.625,56.875,48.494610709869725,15.125,20.0,74.75,0.0,5.875,0.5179197737247272,2.625,17.625,0.16926884693618102,12.5,0.0,98.5,110.375,34.5,61.0,14.875,48.125,9.75,38.375,28.875,14.5,2.182181618466785,11.5,30.25,38.2625,30.5,58.75,51.916468843916824,14.875,19.625,73.55,0.0,9.625,0.748634336677815,5.75,19.0,0.3176119346480011,14.5,0.0,136.5
88,90,2016-12-23,1,1,2016-17,LA Clippers,Dallas Mavericks,112.75,33.75,61.0,18.0,41.75,9.5,32.25,23.875,12.125,1.998892773892774,11.25,27.875,39.8375,30.5,58.125,52.77732284136225,18.0,23.25,77.9625,0.0,6.375,0.5300407925407925,3.625,20.5,0.18053676396067703,12.125,0.0,126.75,99.625,34.5,50.75,14.375,33.375,6.5,26.875,19.375,10.25,1.943903318903319,11.5,29.25,39.8,25.375,49.625,50.98688033730446,14.375,17.625,81.65,0.0,9.0,0.8984036796536797,3.625,18.5,0.2211451409787323,10.25,0.0,109.5
123,96,2016-12-23,1,1,2016-17,Milwaukee Bucks,Washington Wizards,105.375,28.5,62.25,14.625,43.25,9.25,34.0,24.75,12.5,2.1859848484848485,9.5,24.375,39.387499999999996,31.125,60.625,51.512151246634865,14.625,20.875,69.675,0.0,7.0,0.6339646464646465,5.125,19.375,0.2792124542124542,12.5,0.0,122.375,107.875,21.375,67.5,19.0,39.375,9.25,30.125,23.75,13.0,2.1542293233082708,7.125,22.0,32.587500000000006,33.75,61.125,55.304022293630936,19.0,24.0,80.15,0.0,9.0,0.7354636591478697,3.0,20.75,0.14643300007750137,13.0,0.0,122.75
108,109,2016-12-23,1,1,2016-17,Denver Nuggets,Atlanta Hawks,110.875,30.75,62.5,17.625,44.25,13.375,30.875,24.125,15.5,1.739527178577001,10.25,29.375,35.9125,31.25,57.0,54.844135380747296,17.625,23.75,74.025,0.0,6.375,0.43298860326624017,2.875,20.75,0.12943121693121692,15.5,0.0,122.0,106.75,26.625,63.0,17.125,41.875,10.0,31.875,26.125,14.5,1.8259920634920634,8.875,25.375,34.5,31.5,58.0,54.31001869655647,17.125,22.75,75.19999999999999,0.0,7.375,0.5186507936507936,5.25,18.25,0.3211805555555556,14.5,0.0,124.25
105,109,2016-12-23,1,1,2016-17,Minnesota Timberwolves,Sacramento Kings,101.75,21.375,63.25,17.125,46.0,12.875,33.125,21.75,16.0,1.372082361652795,7.125,22.25,31.637500000000003,31.625,62.25,50.81079644639583,17.125,22.125,77.5375,0.0,5.0,0.3014570182139842,4.25,19.25,0.2551621295371295,16.0,0.0,112.0,99.125,27.0,54.5,17.625,39.875,9.25,30.625,19.75,13.0,1.6929180194805193,9.0,26.0,35.45,27.25,55.875,49.01200898751293,17.625,24.125,70.75,0.0,8.0,0.6580695346320347,4.375,20.375,0.22555529448621553,13.0,0.0,106.0
123,116,2016-12-23,1,1,2016-17,Phoenix Suns,Philadelphia 76ers,107.125,30.375,58.5,18.25,44.75,12.125,32.625,18.0,15.125,1.4022452731092436,10.125,28.625,35.875,29.25,61.25,47.77808326292431,18.25,23.875,76.875,0.0,8.625,0.6108922735760971,5.125,25.5,0.2048911095527505,15.125,0.0,112.375,98.625,30.75,52.0,15.875,44.75,10.75,34.0,23.0,15.75,1.546029294815092,10.25,31.25,33.425,26.0,52.625,49.34484290857199,15.875,21.5,74.23750000000001,0.0,7.375,0.47733032737386455,6.25,20.875,0.303521451315569,15.75,0.0,111.0
119,99,2016-12-23,1,1,2016-17,Cleveland Cavaliers,Brooklyn Nets,111.25,42.0,51.5,17.75,43.375,9.25,34.125,22.625,12.5,1.9527777777777777,14.0,31.375,44.087500000000006,25.75,51.0,50.43737240658976,17.75,24.5,71.7125,0.0,7.5,0.6376262626262627,4.125,17.875,0.24228670634920635,12.5,0.0,127.0,108.125,30.0,55.25,22.875,47.125,10.0,37.125,21.0,17.875,1.204114819004525,10.0,29.875,33.575,27.625,55.0,50.06915234539542,22.875,29.125,78.875,0.0,7.625,0.44376649698340875,4.625,22.25,0.21813043763487128,17.875,0.0,117.125
91,87,2016-12-23,1,1,2016-17,New Orleans Pelicans,Miami Heat,106.75,31.875,57.75,17.125,44.5,10.25,34.25,24.625,13.125,1.9503305109922755,10.625,26.375,41.2125,28.875,63.0,46.11969650556628,17.125,24.125,69.675,0.0,6.5,0.4965370617944147,5.25,17.875,0.30100422113289765,13.125,0.0,117.625,103.625,24.375,64.75,14.5,47.125,12.125,35.0,22.625,13.875,1.8216346153846152,8.125,25.125,32.4375,32.375,63.0,51.81660221193687,14.5,22.5,64.7,0.0,5.5,0.4366011705685619,4.875,20.25,0.2503746706192358,13.875,0.0,114.25
109,90,2016-12-23,1,1,2016-17,Orlando Magic,Los Angeles Lakers,108.5,28.125,64.75,15.625,39.625,8.75,30.875,24.25,10.5,2.8827719155844154,9.375,28.375,32.575,32.375,62.875,51.83348270965599,15.625,22.0,71.9375,0.0,6.125,0.7208716630591631,4.875,19.25,0.2809443317556908,10.5,0.0,117.0,105.5,33.75,55.25,16.5,43.125,11.375,31.75,21.125,14.875,1.5013392857142858,11.25,30.25,36.8125,27.625,56.625,49.05195993680043,16.5,21.5,78.51249999999999,0.0,7.0,0.47291666666666665,4.0,19.5,0.2021619005994006,14.875,0.0,112.875
90,110,2016-12-23,1,1,2016-17,Portland Trail Blazers,San Antonio Spurs,107.125,26.625,58.0,22.5,41.0,11.125,29.875,20.75,14.0,1.5860306891895513,8.875,26.875,33.1625,29.0,56.0,51.629568757517944,22.5,29.0,78.65,0.0,6.625,0.49374194454496306,4.875,23.5,0.2084767336603998,14.0,0.0,114.875,107.125,28.5,62.5,16.125,45.25,9.5,35.75,25.375,14.625,1.8753347803512277,9.5,22.5,41.650000000000006,31.25,61.75,51.057098797708655,16.125,19.25,83.6125,0.0,9.125,0.6593852693359272,5.125,18.5,0.28228367433930096,14.625,0.0,130.75
112,100,2016-12-25,1,1,2016-17,Oklahoma City Thunder,Minnesota Timberwolves,105.25,23.625,60.25,21.375,44.375,12.625,31.75,19.625,13.875,1.4906364468864468,7.875,25.0,31.8125,30.125,58.625,51.53684610851379,21.375,29.125,73.73750000000001,0.0,8.125,0.5971153846153846,4.5,18.375,0.2807121971595656,13.875,0.0,114.625,103.5,23.25,62.0,18.25,46.125,13.0,33.125,21.625,15.75,1.3868259513963848,7.75,23.75,31.950000000000003,31.0,60.375,51.34700097625169,18.25,23.125,79.3,0.0,5.125,0.31620060795757393,4.5,19.375,0.26647165334665335,15.75,0.0,114.875
114,119,2016-12-25,1,1,2016-17,New York Knicks,Boston Celtics,106.75,27.375,58.75,20.625,45.625,11.125,34.5,21.875,14.25,1.550069109811757,9.125,23.625,38.825,29.375,65.0,45.423616953222215,20.625,25.625,79.64999999999999,0.0,7.375,0.5393384189340071,6.25,20.25,0.3563047138047138,14.25,0.0,118.5,103.125,32.625,52.0,18.5,41.0,8.875,32.125,24.25,12.875,1.884478021978022,10.875,33.125,32.6875,26.0,53.25,48.31135894411543,18.5,23.25,77.25,0.0,8.875,0.7019230769230769,3.75,20.25,0.2079319108413936,12.875,0.0,113.875
119,100,2016-12-25,1,1,2016-17,San Antonio Spurs,Chicago Bulls,107.75,28.875,62.25,16.625,46.5,10.75,35.75,25.125,14.75,1.8346150833815307,9.625,22.0,43.425000000000004,31.125,62.75,49.87606431495003,16.625,19.5,84.9875,0.0,9.25,0.6622261784268364,5.125,18.125,0.2855924978687127,14.75,0.0,132.125,95.125,15.0,64.75,15.375,47.25,13.0,34.25,22.5,13.375,1.7524169866081631,5.0,17.5,27.737499999999997,32.375,68.75,47.539881370496644,15.375,19.625,78.7375,0.0,6.5,0.5211567027743498,4.75,15.625,0.3065457112332113,13.375,0.0,109.625
109,108,2016-12-25,1,1,2016-17,Cleveland Cavaliers,Golden State Warriors,110.375,36.75,56.5,17.125,44.0,9.375,34.625,23.25,12.375,2.031376262626263,12.25,30.75,40.074999999999996,28.25,54.0,52.35143490658976,17.125,23.625,72.16250000000001,0.0,7.625,0.6594065656565656,4.125,18.125,0.23950892857142858,12.375,0.0,126.25,112.0,34.125,62.25,15.625,47.375,9.125,38.25,30.0,15.25,2.181222539182897,11.375,30.0,38.175,31.125,58.625,53.298821785093295,15.625,19.75,76.3125,0.0,9.5,0.72401796839137,5.5,18.75,0.30777756611798035,15.25,0.0,138.875
111,102,2016-12-25,1,1,2016-17,Los Angeles Lakers,LA Clippers,102.375,33.375,53.25,15.75,42.75,11.625,31.125,20.875,15.125,1.471825396825397,11.125,29.875,36.837500000000006,26.625,57.0,47.19168842040699,15.75,20.25,79.3625,0.0,7.5,0.49722222222222223,4.5,18.625,0.24382856726606728,15.125,0.0,109.25,111.5,35.625,59.25,16.625,41.0,8.125,32.875,24.125,13.0,1.9609120046620045,11.875,28.25,41.587500000000006,29.625,55.5,53.30762587166528,16.625,21.625,76.53750000000001,0.0,7.125,0.5574446386946387,3.875,19.5,0.20137009729401034,13.0,0.0,127.375
120,118,2016-12-26,1,1,2016-17,Brooklyn Nets,Charlotte Hornets,106.0,29.625,54.75,21.625,47.375,9.625,37.75,21.5,18.375,1.198851661109788,9.875,30.375,32.5875,27.375,54.5,50.107673146628095,21.625,27.5,79.2125,0.0,7.0,0.39157351452726835,4.875,22.625,0.2250084280654933,18.375,0.0,114.875,103.625,29.625,55.5,18.5,45.625,11.25,34.375,23.75,12.75,1.9399801587301586,9.875,26.0,37.7125,27.75,60.5,46.37743612794918,18.5,23.0,79.39999999999999,0.0,6.625,0.5336385836385836,4.875,16.125,0.4051899285355168,12.75,0.0,118.375
112,102,2016-12-26,1,1,2016-17,Orlando Magic,Memphis Grizzlies,111.125,28.875,67.0,15.25,40.5,8.5,32.0,24.625,11.25,2.7622362012987014,9.625,27.5,34.35,33.5,63.5,53.20586527898253,15.25,22.0,69.25,0.0,6.625,0.7164073773448774,6.0,19.625,0.33498844940274963,11.25,0.0,123.0,97.0,25.5,52.75,18.75,46.0,12.625,33.375,20.75,12.875,1.6768008849810319,8.5,25.5,32.7375,26.375,59.625,44.42818410126476,18.75,23.0,80.92500000000001,0.0,8.875,0.7111720999588647,4.125,25.0,0.17128294084435203,12.875,0.0,109.375
91,95,2016-12-26,1,1,2016-17,Portland Trail Blazers,Toronto Raptors,107.625,28.5,59.25,19.875,38.625,10.75,27.875,21.75,14.625,1.6050257872287672,9.5,27.125,35.0375,29.625,55.375,53.330249029626785,19.875,26.0,75.8375,0.0,6.875,0.49006547395672784,4.75,23.0,0.20533028057115493,14.625,0.0,115.5,115.0,29.25,64.25,21.5,42.0,11.0,31.0,19.375,11.125,1.7643301143301144,9.75,23.5,41.987500000000004,32.125,61.75,52.158659487007576,21.5,27.125,78.14999999999999,0.0,9.0,0.8126262626262626,4.625,20.25,0.23462012828789142,11.125,0.0,129.875
111,104,2016-12-26,1,1,2016-17,New Orleans Pelicans,Dallas Mavericks,105.0,33.0,55.25,16.75,46.625,10.625,36.0,23.625,12.375,1.9675180109922756,11.0,27.5,40.862500000000004,27.625,62.625,44.37789322687776,16.75,23.5,69.8375,0.0,7.25,0.5855995617944146,6.0,18.5,0.33642088779956425,12.375,0.0,117.875,97.0,31.5,52.25,13.25,34.5,7.625,26.875,19.125,10.625,1.8432088744588744,10.5,28.875,36.95,26.125,50.875,51.20239757868377,13.25,16.5,79.775,0.0,9.625,0.9227092352092352,4.0,17.875,0.25028047932459696,10.625,0.0,107.25
106,90,2016-12-26,1,1,2016-17,Detroit Pistons,Cleveland Cavaliers,96.25,23.625,56.0,16.625,40.0,9.5,30.5,19.75,12.625,1.8025841117946382,7.875,24.75,30.824999999999996,28.0,56.125,49.812295041666964,16.625,22.5,74.525,0.0,7.0,0.5962164770214305,2.0,18.125,0.13075874592608003,12.625,0.0,101.5,109.75,37.875,53.5,18.375,43.625,10.25,33.375,22.875,12.5,1.9783459595959596,12.625,32.125,39.675,26.75,54.125,49.720785189075634,18.375,25.25,72.6,0.0,8.5,0.7256944444444444,3.25,18.5,0.18235432330827067,12.5,0.0,121.75
102,106,2016-12-26,1,1,2016-17,LA Clippers,Denver Nuggets,107.625,33.0,56.75,17.875,41.25,8.25,33.0,22.875,13.75,1.7234120046620047,11.0,27.375,40.0,28.375,55.25,51.36027365491651,17.875,23.25,75.65,0.0,7.0,0.5027571386946387,4.25,19.25,0.221256460930374,13.75,0.0,120.625,110.5,29.625,62.0,18.875,42.75,11.0,31.75,25.25,15.25,1.8321742374005305,9.875,27.875,36.2,31.0,55.125,55.98522861049202,18.875,25.5,73.7875,0.0,5.875,0.4065180150309461,3.5,21.375,0.1491869640576537,15.25,0.0,123.875
131,115,2016-12-26,1,1,2016-17,Houston Rockets,Phoenix Suns,116.25,53.625,46.5,16.125,45.75,11.375,34.375,28.125,14.875,1.916421568627451,17.875,45.25,39.7,23.25,43.125,53.74603627147231,16.125,22.625,72.5625,0.0,7.75,0.5103991596638655,4.375,19.125,0.23940043820558526,14.875,0.0,133.625,110.75,31.5,59.75,19.5,45.125,12.375,32.75,19.0,15.0,1.4573047969187676,10.5,27.75,38.2375,29.875,61.375,48.84393957642214,19.5,26.25,74.2,0.0,7.75,0.5713089402427637,5.375,24.625,0.220012077294686,15.0,0.0,117.5
102,100,2016-12-26,1,1,2016-17,Sacramento Kings,Philadelphia 76ers,100.25,30.0,54.25,16.0,39.25,9.25,30.0,20.125,13.5,1.5711647727272726,10.0,26.125,38.7875,27.125,54.875,49.69745265650595,16.0,22.5,69.02499999999999,0.0,7.625,0.5590435606060606,4.625,20.75,0.2356096423123025,13.5,0.0,108.0,100.875,31.5,53.25,16.125,42.75,10.25,32.5,23.375,15.875,1.558200347446671,10.5,31.25,34.225,26.625,52.25,50.861451300180384,16.125,21.375,75.8,0.0,6.75,0.4421329589528119,5.75,21.625,0.2777149997026657,15.875,0.0,112.0
90,85,2016-12-26,1,1,2016-17,Chicago Bulls,Indiana Pacers,95.75,16.125,65.0,14.625,45.625,13.375,32.25,22.0,12.625,1.7809884151795918,5.375,17.625,29.662499999999998,32.5,69.375,47.27144066087946,14.625,18.75,78.3875,0.0,6.75,0.5577638456314927,4.25,16.375,0.2650477355247092,12.625,0.0,108.5,104.625,26.25,59.25,19.125,43.875,8.125,35.75,20.625,12.125,1.8024365619760359,8.75,24.875,33.4875,29.625,61.375,48.20414551426908,19.125,23.375,80.9375,0.0,7.0,0.6299518463992148,5.625,18.375,0.3227735805860806,12.125,0.0,117.5
107,102,2016-12-26,1,1,2016-17,Washington Wizards,Milwaukee Bucks,108.375,21.75,67.75,18.875,38.75,8.875,29.875,24.125,12.5,2.2160714285714285,7.25,22.625,32.2875,33.875,60.625,55.97813631520258,18.875,24.125,78.8,0.0,7.875,0.6797619047619047,2.875,20.875,0.13958776198226325,12.5,0.0,122.125,106.375,28.125,63.75,14.5,43.25,9.625,33.625,26.0,12.75,2.2505681818181817,9.375,24.5,38.675,31.875,60.875,52.61849773033984,14.5,19.625,72.33749999999999,0.0,7.0,0.6172979797979797,5.0,19.75,0.25877976190476193,12.75,0.0,125.625
104,90,2016-12-26,1,1,2016-17,Minnesota Timberwolves,Atlanta Hawks,102.25,21.375,61.75,19.125,45.25,12.375,32.875,21.625,15.625,1.3998754019458353,7.125,21.75,32.1,30.875,61.75,50.00897280723761,19.125,24.125,79.925,0.0,6.125,0.3951841244410904,4.625,18.75,0.2735687229437229,15.625,0.0,113.75,108.0,27.0,63.5,17.5,42.375,10.25,32.125,26.125,13.25,2.051686507936508,9.0,25.75,34.525,31.75,58.75,54.11627801101251,17.5,22.875,76.05,0.0,7.0,0.5846230158730159,5.375,18.375,0.3255555555555556,13.25,0.0,126.5
107,123,2016-12-27,1,1,2016-17,Dallas Mavericks,Houston Rockets,99.125,32.25,53.0,13.875,34.5,7.375,27.125,20.25,10.875,1.9000270562770563,10.75,28.625,37.97500000000001,26.5,50.625,52.34580843139696,13.875,17.5,78.725,0.0,9.25,0.8709415584415584,3.75,18.375,0.23512896417308182,10.875,0.0,110.375,119.0,52.125,49.75,17.125,45.625,11.375,34.25,27.75,15.5,1.8330882352941178,17.375,46.0,37.637499999999996,24.875,44.625,55.573118455697355,17.125,23.625,73.475,0.0,8.625,0.5458158263305323,4.75,19.875,0.25431521093285797,15.5,0.0,135.375
94,106,2016-12-27,1,1,2016-17,Miami Heat,Oklahoma City Thunder,104.0,25.125,65.5,13.375,48.75,10.625,38.125,22.75,14.125,1.8113404977375567,8.375,24.25,34.6625,32.75,63.5,52.08016534863433,13.375,21.5,61.900000000000006,0.0,5.25,0.4160129352744442,5.0,20.5,0.2545413372859025,14.125,0.0,116.875,106.875,24.0,62.0,20.875,43.875,12.625,31.25,20.625,13.5,1.5823031135531136,8.0,24.5,32.85,31.0,59.25,52.496507787108456,20.875,28.25,74.475,0.0,8.0,0.6012820512820513,4.375,19.0,0.26865079365079364,13.5,0.0,118.125
100,102,2016-12-27,1,1,2016-17,Los Angeles Lakers,Utah Jazz,102.25,32.625,53.25,16.375,43.625,12.125,31.5,19.875,15.0,1.4158730158730157,10.875,29.5,36.375,26.625,56.875,47.304682770689475,16.375,21.25,78.725,0.0,7.5,0.5013888888888889,4.75,18.5,0.25600389194139195,15.0,0.0,109.25,95.25,30.0,49.5,15.75,43.5,8.5,35.0,19.25,16.75,1.216796654432524,10.0,27.875,36.7375,24.75,46.875,53.03101930776431,15.75,21.125,75.2625,0.0,6.0,0.37343112805069323,5.375,19.75,0.2804086259009533,16.75,0.0,107.25
113,103,2016-12-27,1,1,2016-17,Boston Celtics,Memphis Grizzlies,106.25,31.5,56.25,18.5,40.125,9.375,30.75,24.375,12.0,2.1166208791208794,10.5,32.375,32.4875,28.125,55.25,50.84131187522368,18.5,23.0,78.1,0.0,9.5,0.8358516483516484,3.5,20.5,0.19265413306361584,12.0,0.0,118.25,96.0,26.25,51.5,18.25,44.5,11.625,32.875,20.0,12.125,1.7913842183143653,8.75,25.375,33.8875,25.75,58.375,44.408094098050356,18.25,22.875,79.53750000000001,0.0,8.5,0.7528387666255313,4.0,25.0,0.16470399347593098,12.125,0.0,107.0
101,120,2016-12-28,1,1,2016-17,Orlando Magic,Charlotte Hornets,111.0,29.625,66.75,14.625,42.0,8.875,33.125,24.125,11.75,2.4066806457431458,9.875,27.375,35.5125,33.375,63.375,53.10682156313554,14.625,21.0,69.5125,0.0,6.375,0.6108518217893217,5.75,20.0,0.31812337003767027,11.75,0.0,123.625,104.75,29.25,56.5,19.0,43.75,11.125,32.625,23.75,12.5,1.9801899489399488,9.75,26.5,36.45,28.25,61.125,46.64587683756636,19.0,23.25,80.6125,0.0,7.5,0.6201770451770452,4.625,17.5,0.3727380054585937,12.5,0.0,118.0
121,111,2016-12-28,1,1,2016-17,Golden State Warriors,Toronto Raptors,114.375,34.125,63.0,17.25,47.375,8.5,38.875,31.25,14.875,2.2559508000524624,11.375,30.375,37.762499999999996,31.5,58.25,54.495630295731594,17.25,20.875,79.58749999999999,0.0,9.75,0.741409272739196,5.0,18.875,0.28513263858174853,14.875,0.0,143.5,111.375,29.25,61.5,20.625,43.25,10.75,32.5,18.375,11.5,1.5941912254412254,9.75,24.375,40.849999999999994,30.75,61.875,49.79868680941194,20.625,26.0,78.2,0.0,9.75,0.8577651515151515,4.5,19.375,0.24339205811245285,11.5,0.0,124.625
102,98,2016-12-28,1,1,2016-17,New Orleans Pelicans,LA Clippers,103.875,31.5,56.0,16.375,45.625,9.5,36.125,23.625,12.25,1.9902452837195481,10.5,25.625,41.8625,28.0,61.125,46.497776267813435,16.375,22.875,70.25,0.0,6.5,0.5287813799762329,5.875,17.5,0.3376392113863089,12.25,0.0,118.5,105.25,32.25,56.5,16.5,41.25,7.125,34.125,22.375,13.75,1.6849504662004664,10.75,27.625,38.525000000000006,28.25,54.375,51.84499373709422,16.5,22.25,73.4125,0.0,6.625,0.4739109848484848,4.0,19.125,0.2107301451409003,13.75,0.0,117.0
102,89,2016-12-28,1,1,2016-17,Portland Trail Blazers,Sacramento Kings,105.125,25.5,60.0,19.625,40.25,11.0,29.25,21.75,14.5,1.6130667229012818,8.5,25.375,33.9875,30.0,57.25,52.28858236296012,19.625,26.25,73.13749999999999,0.0,7.125,0.5061473453017571,4.75,23.25,0.20305755329842767,14.5,0.0,113.75,102.5,29.25,56.0,17.25,40.25,9.375,30.875,21.0,14.625,1.516559509569378,9.75,26.0,37.962500000000006,28.0,54.625,51.26625305973175,17.25,23.5,72.425,0.0,7.75,0.5064119816586922,4.625,21.375,0.22621114607170098,14.625,0.0,112.375
119,98,2016-12-28,1,1,2016-17,San Antonio Spurs,Phoenix Suns,111.25,28.875,64.5,17.875,46.5,10.75,35.75,26.25,14.625,1.9355766218430692,9.625,20.75,45.6625,32.25,62.5,51.717401109239454,17.875,21.25,84.19999999999999,0.0,8.625,0.6223910135916715,4.5,18.25,0.2497737844184203,14.625,0.0,137.75,110.25,29.25,60.75,20.25,46.25,13.25,33.0,17.875,16.375,1.1628969021819255,9.75,27.75,35.737500000000004,30.375,62.125,49.028121591590065,20.25,27.0,74.8625,0.0,8.5,0.5384142034006585,5.125,24.75,0.20834541062801934,16.375,0.0,115.125
105,103,2016-12-28,1,1,2016-17,Denver Nuggets,Minnesota Timberwolves,113.125,31.125,62.25,19.75,43.5,10.625,32.875,25.0,13.625,1.9006009615384616,10.375,27.75,37.9,31.125,56.0,55.294497772702364,19.75,26.0,75.7125,0.0,6.125,0.45016025641025637,3.375,20.625,0.14571474183543148,13.625,0.0,129.0,104.0,25.875,58.75,19.375,45.625,12.875,32.75,22.5,16.0,1.4186254019458353,8.625,23.625,35.800000000000004,29.375,60.375,48.54629096030529,19.375,23.875,82.2125,0.0,7.0,0.4451841244410904,4.75,19.125,0.2776805650489861,16.0,0.0,117.375
102,98,2016-12-28,1,1,2016-17,Atlanta Hawks,New York Knicks,106.375,28.5,60.5,17.375,42.25,10.625,31.625,25.25,13.875,1.9421940267335005,9.5,27.375,35.0125,30.25,56.5,53.66870767853169,17.375,23.125,74.03750000000001,0.0,6.875,0.5568974519632415,5.125,18.25,0.3153581871345029,13.875,0.0,122.125,109.25,26.25,61.0,22.0,46.375,11.625,34.75,20.5,14.375,1.4590764627529333,8.75,22.625,38.7375,30.5,66.0,46.51178659607936,22.0,27.125,79.92500000000001,0.0,7.25,0.5292281248163601,6.625,20.375,0.37186795491143315,14.375,0.0,121.125
101,99,2016-12-28,1,1,2016-17,Chicago Bulls,Brooklyn Nets,93.875,18.0,62.25,13.625,45.75,13.875,31.875,22.0,13.0,1.7395923112834877,6.0,19.75,31.099999999999998,31.125,67.125,46.789362620952055,13.625,18.375,76.02499999999999,0.0,7.0,0.556140469008116,3.875,16.375,0.2400477355247092,13.0,0.0,105.0,108.375,32.625,53.75,22.0,46.375,8.75,37.625,22.125,18.25,1.2514558277764547,10.875,30.875,35.4,26.875,52.5,51.16827920723415,22.0,28.25,78.28750000000001,0.0,6.75,0.37803184786060173,5.625,23.25,0.2570024756845409,18.25,0.0,119.125
94,119,2016-12-28,1,1,2016-17,Detroit Pistons,Milwaukee Bucks,94.875,24.375,55.25,15.25,40.375,9.375,31.0,20.0,13.25,1.652286492747019,8.125,24.625,31.924999999999997,27.625,57.25,48.3314711780306,15.25,21.5,70.8625,0.0,7.75,0.6140736198785735,2.375,17.625,0.1516397527910686,13.25,0.0,99.75,105.375,25.875,64.25,15.25,43.125,10.0,33.125,26.125,12.625,2.274972943722944,8.625,23.5,37.0625,32.125,61.0,52.901175251823325,15.25,20.75,72.1125,0.0,6.625,0.5970598845598845,4.625,19.0,0.246937656641604,12.625,0.0,124.0
111,105,2016-12-28,1,1,2016-17,Washington Wizards,Indiana Pacers,108.0,23.25,66.75,18.0,38.75,8.25,30.5,24.125,13.375,2.0668067226890754,7.75,23.625,32.7,33.375,58.5,57.00798706147124,18.0,23.125,78.35,0.0,7.5,0.6062324929971988,3.25,20.75,0.1644039384528515,13.375,0.0,122.125,100.5,24.0,59.25,17.25,44.0,8.0,36.0,20.875,12.5,1.774792331206805,8.0,24.375,31.525000000000002,29.625,61.625,47.99746562008919,17.25,21.125,80.675,0.0,6.25,0.563245115629984,5.125,19.375,0.26599702380952384,12.5,0.0,112.0
99,91,2016-12-29,1,1,2016-17,Phoenix Suns,Toronto Raptors,107.625,26.625,60.5,20.5,43.25,12.375,30.875,17.75,17.125,1.112470765818289,8.875,24.625,36.95,30.25,62.5,48.45993977340825,20.5,26.75,76.5875,0.0,9.125,0.5540392034006585,5.25,24.5,0.21445652173913043,17.125,0.0,111.625,112.625,30.75,62.0,19.875,42.625,12.125,30.5,19.875,11.0,1.8863990176490177,10.25,26.25,39.8625,31.0,62.625,49.72159952288443,19.875,25.375,77.3125,0.0,10.25,0.9876352813852813,5.0,18.875,0.2736950884154832,11.0,0.0,126.25
89,101,2016-12-29,1,1,2016-17,Los Angeles Lakers,Dallas Mavericks,103.25,30.375,56.25,16.625,43.75,11.875,31.875,20.0,14.5,1.451810515873016,10.125,28.625,34.0625,28.125,57.625,49.12141876285977,16.625,21.375,79.425,0.0,7.0,0.48888888888888893,4.75,19.125,0.2504235347985348,14.5,0.0,111.5,98.5,33.375,50.0,15.125,35.0,7.875,27.125,20.25,10.75,1.9250270562770564,11.125,30.125,37.1375,25.0,50.375,49.61471599442216,15.125,19.125,78.3125,0.0,8.875,0.8436688311688312,3.5,18.75,0.21151785306197068,10.75,0.0,107.0
114,80,2016-12-29,1,1,2016-17,Memphis Grizzlies,Oklahoma City Thunder,98.125,28.125,50.75,19.25,43.75,11.875,31.875,20.375,11.5,1.8929467183143653,9.375,26.375,35.3625,25.375,57.625,44.387889356671046,19.25,24.625,78.16250000000001,0.0,9.0,0.8338046757164403,3.875,24.375,0.1668175200459793,11.5,0.0,109.0,107.75,24.75,61.75,21.25,43.5,12.5,31.0,21.125,14.0,1.5732533397974575,8.25,24.25,34.35,30.875,59.375,52.17648730579765,21.25,28.0,76.4875,0.0,7.25,0.5368024132730015,4.0,20.5,0.19523809523809524,14.0,0.0,118.375
100,83,2016-12-29,1,1,2016-17,Utah Jazz,Philadelphia 76ers,95.625,29.625,50.0,16.0,42.625,8.75,33.875,19.125,17.375,1.1688799877658573,9.875,26.375,37.775000000000006,25.0,46.625,53.811331432614246,16.0,21.5,75.1875,0.0,5.75,0.3442644613840266,5.625,19.25,0.29682276731509466,17.375,0.0,107.75,102.0,29.625,56.25,16.125,41.875,10.125,31.75,23.25,16.625,1.5077742110830346,9.875,29.25,34.4625,28.125,53.875,52.31809086657605,16.125,20.375,78.57499999999999,0.0,7.75,0.4769340953164483,5.5,21.125,0.2724815053387366,16.625,0.0,114.375
91,82,2016-12-29,1,1,2016-17,Charlotte Hornets,Miami Heat,106.625,29.25,58.25,19.125,44.625,10.875,33.75,23.875,12.5,1.9891185203685204,9.75,26.125,37.0375,29.125,61.25,48.001809040956196,19.125,22.625,83.6,0.0,7.75,0.638034188034188,5.0,16.125,0.40158415930474756,12.5,0.0,123.375,103.25,25.875,63.5,13.875,47.375,10.0,37.375,21.375,14.25,1.6855392156862745,8.625,24.5,35.5125,31.75,62.125,51.60774750825874,13.875,21.875,63.1875,0.0,5.875,0.46008344809495705,4.875,20.625,0.2478713768115942,14.25,0.0,114.25
124,118,2016-12-29,1,1,2016-17,Cleveland Cavaliers,Boston Celtics,106.5,37.125,51.0,18.375,44.5,10.625,33.875,22.125,13.0,1.912689393939394,12.375,31.75,39.35,25.5,55.25,45.74669555322129,18.375,24.625,74.4375,0.0,8.5,0.7155934343434344,3.375,18.375,0.18824200446769096,13.0,0.0,116.625,108.375,31.875,56.25,20.25,41.0,9.625,31.375,24.625,12.5,2.0749542124542124,10.625,32.25,33.025,28.125,54.75,51.30427483818665,20.25,24.625,81.6,0.0,9.125,0.7971611721611722,3.875,20.75,0.20638519366967645,12.5,0.0,121.875
105,98,2016-12-30,1,1,2016-17,Atlanta Hawks,Detroit Pistons,104.875,26.625,61.0,17.25,43.375,11.625,31.75,23.625,13.5,1.8783051378446114,8.875,26.5,33.8375,30.5,59.5,51.736275246099254,17.25,22.875,74.27499999999999,0.0,7.0,0.574953007518797,4.5,19.25,0.24418593833067517,13.5,0.0,117.625,96.75,24.75,56.75,15.25,41.625,9.5,32.125,21.625,12.75,1.8454683109288372,8.25,25.25,31.762499999999996,28.375,57.375,49.41964082088774,15.25,21.75,69.75,0.0,6.375,0.5345281653331189,2.25,16.875,0.14816753056884635,12.75,0.0,103.375
140,116,2016-12-30,1,1,2016-17,Houston Rockets,LA Clippers,119.125,52.125,49.5,17.5,46.625,11.25,35.375,27.75,15.875,1.7968487394957984,17.375,44.625,39.3375,24.75,44.375,55.58444091946548,17.5,22.625,76.9,0.0,8.25,0.508000700280112,4.75,19.5,0.2577243018419489,15.875,0.0,138.625,103.375,31.5,57.0,14.875,43.25,8.25,35.0,21.625,14.0,1.5905448717948718,10.5,29.125,35.737500000000004,28.5,55.375,51.424299143467294,14.875,19.875,73.65,0.0,6.625,0.4634214743589744,3.875,19.125,0.20448014514090027,14.0,0.0,114.25
111,101,2016-12-30,1,1,2016-17,Indiana Pacers,Chicago Bulls,99.875,21.75,58.75,19.375,43.0,8.0,35.0,20.875,12.75,1.732834289248763,7.25,23.375,30.5375,29.375,61.5,47.62981856126565,19.375,23.5,82.275,0.0,7.0,0.6139444163292848,4.25,20.375,0.21776221264367818,12.75,0.0,109.875,94.75,17.625,61.75,15.375,47.25,14.375,32.875,22.0,14.0,1.6284812001723767,5.875,19.5,30.65,30.875,67.5,46.21991817650761,15.375,19.625,78.8875,0.0,7.125,0.5241960245636716,4.125,16.5,0.2519962649364739,14.0,0.0,106.75
110,94,2016-12-30,1,1,2016-17,San Antonio Spurs,Portland Trail Blazers,109.875,25.5,66.0,18.375,46.125,11.75,34.375,24.0,15.375,1.6168266218430691,8.5,19.625,42.6125,33.0,62.75,52.599754050415925,18.375,22.125,83.0875,0.0,8.625,0.5708285135916715,4.5,18.5,0.2449126733073092,15.375,0.0,133.125,102.875,26.25,57.25,19.375,40.625,10.0,30.625,21.0,14.5,1.5661917229012818,8.75,25.875,34.037499999999994,28.625,55.125,51.71653536234169,19.375,25.875,73.5,0.0,7.125,0.5061473453017571,4.375,22.25,0.19784921996509433,14.5,0.0,111.375
108,99,2016-12-30,1,1,2016-17,Golden State Warriors,Dallas Mavericks,115.0,34.5,64.75,15.75,49.125,8.875,40.25,31.625,16.25,2.0455341333857957,11.5,29.25,40.300000000000004,32.375,59.125,55.26473103947737,15.75,19.375,78.75,0.0,9.125,0.641409272739196,5.625,17.875,0.33461180524841516,16.25,0.0,146.125,100.5,35.625,50.0,14.875,36.5,8.375,28.125,20.875,11.375,1.9035809778456838,11.875,30.875,38.7875,25.0,49.5,50.47607776636638,14.875,18.875,77.97500000000001,0.0,8.25,0.7670756939139293,3.375,18.125,0.20917828086945733,11.375,0.0,110.625
104,92,2016-12-30,1,1,2016-17,New Orleans Pelicans,New York Knicks,103.0,30.0,57.25,15.75,45.625,9.75,35.875,23.25,11.0,2.2097830988455986,10.0,24.875,41.175,28.625,62.5,46.314357338979974,15.75,22.875,67.2625,0.0,6.375,0.6369746572871572,5.125,17.25,0.30031282249742,11.0,0.0,116.5,108.625,25.125,61.5,22.0,46.5,11.875,34.625,20.25,14.5,1.4362006457594692,8.375,22.375,37.6625,30.75,67.375,45.90572599001875,22.0,27.25,79.525,0.0,7.875,0.562724856842504,6.75,20.125,0.3799114331723027,14.5,0.0,119.625
118,95,2016-12-30,1,1,2016-17,Washington Wizards,Brooklyn Nets,109.25,24.375,65.75,19.125,40.875,8.875,32.0,24.625,13.75,2.0709733893557423,8.125,23.5,34.5375,32.875,57.875,56.737202518145715,19.125,25.0,77.25,0.0,7.5,0.5951213818860878,3.25,21.375,0.16335174990066295,13.75,0.0,125.5,106.0,34.875,51.0,20.125,45.875,9.125,36.75,22.125,17.75,1.2842683277764548,11.625,32.375,36.1,25.5,51.75,49.43216809612304,20.125,25.75,78.28750000000001,0.0,6.75,0.3920943478606017,5.875,22.625,0.2725748662569315,17.75,0.0,116.25
116,99,2016-12-30,1,1,2016-17,Minnesota Timberwolves,Milwaukee Bucks,103.375,25.125,60.75,17.5,44.625,12.875,31.75,24.0,15.125,1.7300837352791687,8.375,23.75,34.612500000000004,30.375,61.875,48.96581803887127,17.5,21.5,81.6625,0.0,7.625,0.5451841244410904,4.875,18.375,0.2907758031442242,15.125,0.0,118.5,107.125,25.125,66.75,15.25,42.875,9.5,33.375,27.875,11.0,2.7803300865800864,8.375,23.125,36.8125,33.375,62.0,54.110852671178165,15.25,20.875,71.4875,0.0,7.5,0.7336670274170274,4.875,18.125,0.2737233709273183,11.0,0.0,130.25
117,114,2016-12-30,1,1,2016-17,Boston Celtics,Miami Heat,110.5,32.625,57.25,20.625,40.25,9.375,30.875,24.75,12.25,2.1300241425241424,10.875,33.0,33.0375,28.625,54.125,53.00926697655143,20.625,24.75,82.875,0.0,9.5,0.8522311022311022,4.0,22.0,0.1992781702583052,12.25,0.0,125.0,99.5,26.25,60.25,13.0,47.25,9.125,38.125,21.5,14.5,1.6683823529411765,8.75,24.75,35.65,30.125,61.125,49.673757066203784,13.0,21.125,60.4125,0.0,5.875,0.4542010951537806,5.75,20.75,0.29282751716247135,14.5,0.0,110.25
122,124,2016-12-30,1,1,2016-17,Denver Nuggets,Philadelphia 76ers,111.125,31.875,60.5,18.75,42.75,10.5,32.25,25.5,14.0,1.8818509615384615,10.625,28.875,37.1,30.25,54.625,55.22448008402312,18.75,24.625,76.0375,0.0,6.625,0.4793269230769231,3.375,20.25,0.15012650654131385,14.0,0.0,126.875,100.0,27.375,56.75,15.875,41.25,10.375,30.875,21.875,17.375,1.2952742110830346,9.125,27.25,33.8375,28.375,55.375,51.454412061720774,15.875,19.75,80.8625,0.0,7.5,0.4238090953164483,4.625,20.625,0.2302940053387366,17.375,0.0,108.875
96,116,2016-12-31,1,1,2016-17,Chicago Bulls,Milwaukee Bucks,95.25,18.0,61.5,15.75,48.0,15.5,32.5,21.25,13.5,1.6228250915750917,6.0,19.875,30.7875,30.75,68.375,45.218096682882845,15.75,19.875,79.47500000000001,0.0,7.5,0.5643543956043956,4.375,17.375,0.2557326779799522,13.5,0.0,107.25,107.0,26.625,65.25,15.125,41.875,8.875,33.0,27.25,11.375,2.6699404761904764,8.875,22.375,40.275,32.625,60.875,53.946017506343,15.125,20.875,70.75,0.0,7.0,0.6784722222222221,5.0,18.0,0.28128916040100255,11.375,0.0,129.25
129,122,2016-12-31,1,1,2016-17,Houston Rockets,New York Knicks,120.125,49.125,50.25,20.75,46.375,11.375,35.0,26.375,15.5,1.7631948933419521,16.375,44.375,37.1625,25.125,44.125,56.896125547939675,20.75,26.0,79.55000000000001,0.0,8.75,0.5608853156647274,4.75,20.25,0.23767082590612004,15.5,0.0,138.625,105.375,24.0,60.75,20.625,47.25,12.125,35.125,19.875,14.875,1.3582785678373914,8.0,22.5,35.775,30.375,68.375,44.65572599001875,20.625,25.375,80.76249999999999,0.0,7.625,0.5229521295697767,6.125,20.5,0.3299114331723027,14.875,0.0,114.125
91,86,2016-12-31,1,1,2016-17,Utah Jazz,Phoenix Suns,95.125,30.375,49.0,15.75,41.25,8.25,33.0,18.875,16.5,1.213198169584039,10.125,26.0,39.3875,24.5,46.5,52.88048036878446,15.75,22.75,70.0875,0.0,5.75,0.368128097747663,5.125,18.625,0.28687958549691284,16.5,0.0,104.75,105.875,26.625,60.25,19.0,41.5,11.875,29.625,18.625,17.375,1.1471929880405112,8.875,23.5,38.5625,30.125,62.375,48.35113280976258,19.0,25.5,74.6875,0.0,9.25,0.5540392034006585,4.875,24.5,0.20106366459627328,17.375,0.0,109.375
109,121,2016-12-31,1,1,2016-17,Charlotte Hornets,Cleveland Cavaliers,106.25,27.375,61.5,17.375,45.625,11.125,34.5,24.125,12.0,2.0852723665223665,9.125,26.125,34.625,30.75,62.375,49.90608078568085,17.375,20.875,82.38749999999999,0.0,7.875,0.6861111111111111,5.5,15.625,0.45915991688050517,12.0,0.0,125.25,109.125,37.875,52.0,19.25,44.5,11.0,33.5,23.125,13.0,1.9682449494949494,12.625,32.625,39.112500000000004,26.0,54.625,47.552251108776844,19.25,25.875,74.2875,0.0,8.375,0.7086489898989898,3.25,18.375,0.18042950446769096,13.0,0.0,120.125
114,88,2016-12-31,1,1,2016-17,Oklahoma City Thunder,LA Clippers,105.875,23.25,60.75,21.875,43.0,12.25,30.75,20.0,13.75,1.52532100897039,7.75,23.625,32.925,30.375,58.375,52.01623089554124,21.875,29.25,75.6625,0.0,6.625,0.5101733405912973,4.625,20.125,0.23194444444444445,13.75,0.0,115.125,105.125,33.75,57.75,13.625,41.75,8.75,33.0,22.25,14.625,1.5613782051282052,11.25,30.125,37.1625,28.875,56.0,51.52350549267364,13.625,18.25,73.9,0.0,7.5,0.517588141025641,4.0,19.75,0.2057301451409003,14.625,0.0,115.375
98,112,2016-12-31,1,1,2016-17,Sacramento Kings,Memphis Grizzlies,99.125,28.875,52.25,18.0,39.25,8.5,30.75,20.625,13.25,1.6131504186602872,9.625,26.625,36.53750000000001,26.125,53.375,49.0764427093621,18.0,23.75,75.075,0.0,6.75,0.5064119816586922,4.25,21.375,0.20746114607170096,13.25,0.0,106.75,100.75,28.5,52.5,19.75,41.75,11.5,30.25,20.625,11.125,1.9454677267177265,9.5,26.25,36.225,26.25,57.875,45.68099280494691,19.75,25.125,78.93750000000001,0.0,8.875,0.8390567765567765,4.625,24.375,0.1945952978237571,11.125,0.0,111.75
98,107,2017-01-01,1,1,2016-17,Miami Heat,Detroit Pistons,101.875,27.75,62.0,12.125,44.875,8.5,36.375,23.0,14.125,1.8412990196078431,9.25,25.125,37.0625,31.0,61.75,50.554487117137576,12.125,19.25,62.162499999999994,0.0,6.25,0.4937844284871139,6.0,21.25,0.2959525171624714,14.125,0.0,114.125,97.125,26.25,55.5,15.375,40.75,10.0,30.75,22.125,12.625,1.8798250360750361,8.75,27.0,31.7125,27.75,57.25,48.37579036665993,15.375,21.625,70.8375,0.0,7.0,0.5707123758594347,2.875,17.5,0.1714679691653376,12.625,0.0,103.25
114,123,2017-01-01,1,1,2016-17,Los Angeles Lakers,Toronto Raptors,102.25,30.75,55.25,16.25,41.875,10.5,31.375,20.5,15.125,1.4393105158730157,10.25,27.625,35.8875,27.625,55.75,49.83490728326794,16.25,20.25,80.7,0.0,7.0,0.45555555555555555,4.125,18.125,0.2285218253968254,15.125,0.0,111.125,108.75,28.125,60.75,19.875,42.25,11.5,30.75,17.875,11.625,1.720045634190371,9.375,26.5,36.099999999999994,30.375,61.625,49.46118285621776,19.875,25.5,76.95,0.0,10.875,1.004082649806334,5.375,19.625,0.2858478661932609,11.625,0.0,119.5
114,112,2017-01-01,1,1,2016-17,Atlanta Hawks,San Antonio Spurs,103.0,25.5,60.25,17.25,43.25,11.5,31.75,23.625,13.5,1.8783051378446114,8.5,26.25,32.775,30.125,59.625,51.019062131345166,17.25,23.375,72.4625,0.0,7.5,0.6082863408521303,4.25,19.875,0.22484070023543706,13.5,0.0,114.75,110.125,26.625,64.0,19.5,47.375,12.5,34.875,22.625,15.5,1.5207788277254222,8.875,19.625,44.3125,32.0,62.5,51.09113336076075,19.5,23.5,82.875,0.0,8.375,0.5519866018269656,4.75,18.625,0.25757607200011967,15.5,0.0,132.5
89,95,2017-01-01,1,1,2016-17,Minnesota Timberwolves,Portland Trail Blazers,105.5,27.75,60.25,17.5,42.875,12.125,30.75,24.75,14.75,1.8567071119025453,9.25,24.25,37.5375,30.125,60.25,50.023510346563576,17.5,21.375,82.125,0.0,8.25,0.609307501064467,4.5,18.75,0.2561119375980057,14.75,0.0,122.125,100.375,25.5,55.75,19.125,39.125,9.25,29.875,20.5,14.125,1.5767436709532299,8.5,25.5,33.4375,27.875,55.125,50.40074588865748,19.125,25.125,74.95,0.0,7.0,0.521569423223835,3.625,21.875,0.17088433702195052,14.125,0.0,106.25
117,104,2017-01-01,1,1,2016-17,Indiana Pacers,Orlando Magic,102.625,21.0,60.75,20.875,43.5,8.25,35.25,22.375,13.0,1.833844390258864,7.0,22.375,30.975,30.375,61.5,49.2427217870721,20.875,25.125,82.8125,0.0,6.875,0.5823787597636282,4.375,20.5,0.2220912169726825,13.0,0.0,116.0,107.25,27.375,66.0,13.875,42.625,9.375,33.25,22.75,12.25,2.147065261127761,9.125,27.375,33.3125,33.0,63.25,52.548947833092,13.875,19.75,70.7625,0.0,6.25,0.567048402985903,6.0,19.75,0.33969199748865064,12.25,0.0,118.25
103,115,2017-01-02,1,1,2016-17,New York Knicks,Orlando Magic,106.75,25.125,62.25,19.375,47.875,12.375,35.5,19.625,14.0,1.5279214249802486,8.375,24.0,35.3125,31.125,67.875,45.958874895907385,19.375,23.75,80.55000000000001,0.0,7.25,0.5586664152840624,6.0,19.625,0.3301429146537842,14.0,0.0,116.75,106.75,25.875,67.0,13.875,43.0,9.125,33.875,22.25,12.5,2.006440261127761,8.625,28.0,31.3,33.5,63.625,53.07860885004116,13.875,18.625,75.875,0.0,6.375,0.5639234029859029,6.75,18.875,0.3751543799337917,12.5,0.0,118.375
109,98,2017-01-02,1,1,2016-17,LA Clippers,Phoenix Suns,102.375,34.125,54.5,13.75,41.5,8.125,33.375,20.5,14.875,1.43098604826546,11.375,30.875,36.85000000000001,27.25,53.75,50.76953723870539,13.75,17.875,75.7625,0.0,7.125,0.48866657239819006,4.375,20.0,0.22029536253220464,14.875,0.0,110.875,105.125,25.5,61.5,18.125,42.25,11.625,30.625,17.875,17.0,1.115537143884667,8.5,22.25,39.0875,30.75,63.875,48.35729044523056,18.125,24.5,73.7125,0.0,8.875,0.5418638787253338,4.75,24.0,0.1979684265010352,17.0,0.0,108.625
90,82,2017-01-02,1,1,2016-17,Cleveland Cavaliers,New Orleans Pelicans,113.625,39.75,54.5,19.375,44.0,11.125,32.875,24.0,12.375,2.2087752525252524,13.25,33.375,40.2625,27.25,55.125,49.51521407173981,19.375,25.125,76.725,0.0,7.875,0.7200126262626263,3.125,18.5,0.17215744564416155,12.375,0.0,126.5,103.25,30.75,57.25,15.25,44.0,8.625,35.375,23.125,10.625,2.2416340603840603,10.25,25.125,41.724999999999994,28.625,62.25,46.51448049168934,15.25,21.5,70.1,0.0,6.0,0.6207486957486956,4.75,16.75,0.28989615583075334,10.625,0.0,115.75
127,119,2017-01-02,1,1,2016-17,Golden State Warriors,Denver Nuggets,114.375,33.375,65.5,15.5,48.875,8.25,40.625,31.75,16.375,2.031111056462719,11.125,29.125,39.31250000000001,32.75,57.875,57.125065337130856,15.5,18.875,79.725,0.0,9.0,0.6269861958161191,5.5,17.875,0.3241951385817485,16.375,0.0,146.625,114.875,33.375,60.5,21.0,43.0,9.375,33.625,26.75,13.375,2.062958916083916,11.125,29.125,38.6875,30.25,54.5,55.33034820259541,21.0,27.5,75.6875,0.0,6.5,0.4892701048951049,3.125,21.625,0.12993419884900614,13.375,0.0,132.125
98,94,2017-01-02,1,1,2016-17,Milwaukee Bucks,Oklahoma City Thunder,108.0,25.875,65.25,16.875,41.875,8.25,33.625,26.875,11.875,2.4720238095238094,8.625,21.75,40.9,32.625,59.125,55.246563954430435,16.875,22.625,73.74999999999999,0.0,6.875,0.6263888888888889,5.375,17.875,0.3026707393483709,11.875,0.0,131.75,109.0,24.75,61.5,22.75,43.75,11.625,32.125,21.375,13.625,1.697543231192612,8.25,24.875,33.2875,30.75,56.625,54.142081235677296,22.75,30.25,75.72500000000001,0.0,7.25,0.5851733405912972,5.0,20.375,0.24861111111111112,13.625,0.0,122.75
89,101,2017-01-02,1,1,2016-17,Brooklyn Nets,Utah Jazz,104.5,34.5,51.0,19.0,42.25,7.5,34.75,22.0,18.375,1.2429736849193118,11.5,31.125,37.175000000000004,25.5,51.5,49.65225613133712,19.0,23.875,79.41250000000001,0.0,7.0,0.3909782764320303,5.375,21.375,0.25334409702616223,18.375,0.0,112.25,92.875,28.5,48.5,15.875,42.25,8.5,33.75,18.25,16.625,1.1584362648221342,9.5,25.625,37.325,24.25,47.0,51.85044571341288,15.875,23.375,68.2125,0.0,5.625,0.3574138120333772,4.875,17.875,0.2840386764060038,16.625,0.0,100.875
101,91,2017-01-02,1,1,2016-17,Houston Rockets,Washington Wizards,121.0,48.0,51.0,22.0,45.0,11.0,34.0,26.75,15.375,1.8105850032320618,16.0,43.625,37.025,25.5,44.625,57.172538324352445,22.0,27.25,80.6875,0.0,8.25,0.5272314695108813,4.5,20.5,0.22239304812834224,15.375,0.0,138.125,110.375,26.625,64.75,19.0,41.25,8.375,32.875,24.75,14.5,2.0049019607843137,8.875,24.0,37.3125,32.375,56.875,56.86787488687938,19.0,24.625,78.5625,0.0,7.125,0.5361928104575163,3.75,21.75,0.18418508323399627,14.5,0.0,127.5
118,111,2017-01-02,1,1,2016-17,Chicago Bulls,Charlotte Hornets,98.625,19.875,61.5,17.25,46.375,14.875,31.5,22.0,13.375,1.7071053946053945,6.625,20.625,32.4375,30.75,66.5,46.302729479663526,17.25,21.5,81.7375,0.0,7.75,0.5937104562104563,4.75,18.25,0.2676374398847141,13.375,0.0,112.125,106.625,25.5,63.25,17.875,46.375,11.75,34.625,24.0,11.375,2.142430486180486,8.5,25.0,34.0125,31.625,64.0,49.76493354087506,17.875,21.125,83.7375,0.0,7.375,0.6663461538461538,5.375,15.75,0.44965699290389693,11.375,0.0,126.25
113,105,2017-01-03,1,1,2016-17,Dallas Mavericks,Washington Wizards,100.375,34.125,52.0,14.25,38.125,8.875,29.25,21.375,11.75,1.8571524064171123,11.375,31.375,36.550000000000004,26.0,51.0,50.961189843984315,14.25,18.125,78.1,0.0,8.5,0.7438614081996435,4.25,16.625,0.282094947536124,11.75,0.0,112.0,106.5,24.375,64.75,17.375,42.375,8.875,33.5,23.875,15.875,1.5490196078431373,8.125,24.125,34.2,32.375,58.0,55.732944243752016,17.375,22.75,77.75,0.0,7.5,0.4773692810457516,3.875,21.5,0.19065506253006254,15.875,0.0,121.25
116,102,2017-01-03,1,1,2016-17,Los Angeles Lakers,Memphis Grizzlies,104.0,33.0,54.0,17.0,41.5,11.5,30.0,20.5,13.625,1.6174355158730158,11.0,27.875,38.0,27.0,57.125,47.530485514560446,17.0,21.375,79.97500000000001,0.0,6.75,0.5180555555555555,4.0,18.125,0.22256944444444446,13.625,0.0,111.75,103.25,33.0,53.25,17.0,40.875,11.375,29.5,21.375,10.375,2.2092039904539904,11.0,27.5,39.800000000000004,26.625,57.875,46.40214665110076,17.0,21.75,78.5875,0.0,8.75,0.8788919413919414,4.0,23.0,0.18108723330762805,10.375,0.0,115.375
115,104,2017-01-03,1,1,2016-17,Boston Celtics,Utah Jazz,113.125,35.625,56.25,21.25,38.25,9.375,28.875,25.0,12.375,2.1300241425241424,11.875,33.5,35.6625,28.125,53.125,53.00926697655143,21.25,25.125,84.08749999999999,0.0,9.375,0.8384948384948384,3.25,21.5,0.15533877631891127,12.375,0.0,126.125,92.625,28.125,49.25,15.25,42.875,9.0,33.875,17.375,15.75,1.1705890425999121,9.375,25.875,36.425000000000004,24.625,50.25,49.21731460454871,15.25,22.5,68.48750000000001,0.0,6.25,0.4511638120333772,5.125,17.375,0.30062906542202206,15.75,0.0,99.125
110,82,2017-01-03,1,1,2016-17,San Antonio Spurs,Toronto Raptors,110.75,28.125,63.75,18.875,47.0,12.5,34.5,23.625,14.5,1.683278827725422,9.375,21.0,44.5625,31.875,63.125,50.31116620148325,18.875,23.0,82.1375,0.0,8.25,0.566569935160299,5.25,18.75,0.28079035771440536,14.5,0.0,133.375,108.75,28.125,61.0,19.625,42.375,10.25,32.125,17.5,12.25,1.6220342705540074,9.375,25.0,39.137499999999996,30.5,61.625,49.67670009759708,19.625,25.0,77.5125,0.0,10.375,0.9408724225336067,6.125,20.25,0.31209786619326096,12.25,0.0,120.75
99,90,2017-01-03,1,1,2016-17,Phoenix Suns,Miami Heat,104.75,23.25,63.0,18.5,42.875,12.0,30.875,18.625,16.25,1.2335926994402227,7.75,21.375,36.199999999999996,31.5,66.25,47.974852987488845,18.5,24.75,74.5625,0.0,9.625,0.6217249898364449,4.625,24.75,0.18803589276790178,16.25,0.0,109.625,101.875,30.75,59.25,11.875,43.25,7.625,35.625,23.625,14.875,1.6850490196078431,10.25,25.0,41.0125,29.625,59.875,49.64093988006093,11.875,18.375,63.887499999999996,0.0,6.375,0.4521177618204473,5.875,21.125,0.29150587684626583,14.875,0.0,114.625
116,121,2017-01-03,1,1,2016-17,Detroit Pistons,Indiana Pacers,97.0,25.875,55.75,15.375,41.75,10.0,31.75,21.375,13.125,1.7281156343656343,8.625,26.25,32.3625,27.875,58.0,47.92455114252199,15.375,21.75,70.45,0.0,7.5,0.5963534015004603,3.375,17.375,0.19961124401913874,13.125,0.0,103.75,105.375,23.25,61.0,21.125,43.5,8.375,35.125,23.0,12.875,1.9124428751073488,7.75,22.5,34.3,30.5,61.25,49.6333467870721,21.125,25.125,83.86250000000001,0.0,6.75,0.57669694158181,4.5,19.875,0.2373441931631587,12.875,0.0,120.75
93,91,2017-01-03,1,1,2016-17,Philadelphia 76ers,Minnesota Timberwolves,103.375,30.75,54.5,18.125,41.5,11.625,29.875,22.0,16.25,1.4293651201739437,10.25,29.25,34.75,27.25,55.75,48.94896543862709,18.125,22.625,80.5625,0.0,6.75,0.4118772771346301,4.75,23.125,0.21077186081659205,16.25,0.0,110.125,103.0,27.75,58.75,16.5,41.875,12.125,29.75,23.75,14.125,1.8463461493357003,9.25,24.5,37.175,29.375,59.375,49.50634485360583,16.5,20.25,81.2,0.0,8.5,0.6390534903692798,4.375,19.25,0.24539765188372,14.125,0.0,118.375
113,120,2017-01-03,1,1,2016-17,Denver Nuggets,Sacramento Kings,113.25,31.125,63.25,18.875,44.5,10.75,33.75,27.5,13.375,2.112958916083916,10.375,29.625,35.849999999999994,31.625,56.125,56.11293825405339,18.875,25.375,74.3375,0.0,6.5,0.4892701048951049,2.875,20.75,0.12398181789662518,13.375,0.0,131.0,99.125,28.875,50.25,20.0,39.125,8.375,30.75,19.375,12.875,1.5656744571218255,9.625,26.125,37.15,25.125,51.375,48.92492755784695,20.0,25.875,76.0125,0.0,6.5,0.5016042893509999,3.75,20.875,0.18402364607170096,12.875,0.0,106.375
123,112,2017-01-04,1,1,2016-17,Charlotte Hornets,Oklahoma City Thunder,109.5,25.875,65.25,18.375,44.0,10.625,33.375,24.375,11.875,2.111180486180486,8.625,23.625,36.6,32.625,63.625,51.53732160057656,18.375,21.5,84.57499999999999,0.0,7.0,0.6168669871794872,5.25,15.5,0.4455843111996363,11.875,0.0,129.125,106.5,25.5,59.75,21.25,43.5,11.375,32.125,20.375,13.25,1.6748159584653393,8.5,26.25,31.975,29.875,54.875,54.221266756039284,21.25,28.375,75.0875,0.0,6.625,0.5575759379938947,5.125,20.25,0.2560515873015873,13.25,0.0,119.0
115,106,2017-01-04,1,1,2016-17,LA Clippers,Memphis Grizzlies,101.125,30.75,54.25,16.125,43.25,9.0,34.25,18.625,15.625,1.2351358458363102,10.25,28.375,36.775,27.125,55.5,48.87891223870539,16.125,21.0,76.325,0.0,6.375,0.4279378274589188,5.5,21.0,0.26654078377762586,15.625,0.0,107.875,106.875,36.0,51.75,19.125,39.75,9.625,30.125,22.125,10.25,2.2978403540903543,12.0,28.5,42.75,25.875,54.875,47.19407211693927,19.125,23.875,79.6,0.0,8.5,0.8629828504828504,4.0,21.5,0.18443544759334232,10.25,0.0,120.75
94,106,2017-01-04,1,1,2016-17,Cleveland Cavaliers,Chicago Bulls,110.0,36.375,53.75,19.875,45.5,11.125,34.375,22.25,13.0,1.8938714063714064,12.125,33.125,37.00000000000001,26.875,55.5,48.52777460442746,19.875,25.625,77.475,0.0,8.0,0.6815510878010878,3.25,18.625,0.1793689841057,13.0,0.0,120.625,99.25,19.5,60.0,19.75,46.25,15.625,30.625,20.625,13.25,1.619765651015651,6.5,21.5,29.987499999999997,30.0,66.625,45.06742871078067,19.75,24.25,80.875,0.0,7.875,0.6113386613386613,5.25,18.75,0.28573698739602627,13.25,0.0,109.875
125,117,2017-01-04,1,1,2016-17,Golden State Warriors,Portland Trail Blazers,117.375,34.125,66.25,17.0,47.125,7.875,39.25,30.75,15.875,2.046948160535117,11.375,28.25,41.300000000000004,33.125,58.625,57.05810105141657,17.0,20.5,83.0,0.0,9.0,0.6428232998885173,4.5,17.5,0.2685228696741855,15.875,0.0,147.0,97.25,24.75,55.0,17.5,39.125,7.875,31.25,19.375,14.125,1.496386528096087,8.25,25.375,32.5,27.5,53.375,51.40753321897422,17.5,24.125,72.125,0.0,7.5,0.5572837089381207,4.125,21.125,0.20351591596931892,14.125,0.0,103.625
104,105,2017-01-04,1,1,2016-17,New York Knicks,Milwaukee Bucks,108.375,26.25,61.75,20.375,47.5,12.625,34.875,19.5,14.875,1.457729117287941,8.75,24.0,37.1,30.875,66.625,46.479708229240714,20.375,24.375,83.47500000000001,0.0,6.875,0.5062625691302162,6.0,20.5,0.3044076205361371,14.875,0.0,118.375,108.375,24.75,66.0,17.625,40.125,7.75,32.375,26.25,11.875,2.419940476190476,8.25,21.0,40.5,33.0,59.5,55.56454641057079,17.625,24.0,72.9125,0.0,6.5,0.5951388888888889,5.375,18.25,0.2963682183399675,11.875,0.0,129.125
102,107,2017-01-04,1,1,2016-17,Sacramento Kings,Miami Heat,102.125,30.375,53.0,18.75,37.625,7.375,30.25,20.375,12.375,1.7844244571218255,10.125,26.75,38.237500000000004,26.5,51.75,50.98303893799222,18.75,23.5,78.6875,0.0,6.75,0.5588959560176665,3.25,19.375,0.1732544153024702,12.375,0.0,111.125,101.25,29.625,60.0,11.625,43.5,8.75,34.75,23.0,13.625,1.733125942684766,9.875,24.875,39.587500000000006,30.0,62.75,47.65564576241387,11.625,17.25,66.26249999999999,0.0,6.5,0.49099736048265463,5.75,21.5,0.2819950072810484,13.625,0.0,113.0
92,111,2017-01-04,1,1,2016-17,Orlando Magic,Atlanta Hawks,106.375,28.875,66.5,11.0,41.75,9.125,32.625,23.875,13.25,1.9501215798090796,9.625,28.25,34.3375,33.25,62.625,53.446255908864686,11.0,15.125,74.975,0.0,6.625,0.5172201062826063,5.875,19.25,0.31927202699261525,13.25,0.0,119.125,101.625,26.625,58.5,16.5,43.5,11.0,32.5,23.5,13.25,1.906578947368421,8.875,26.625,33.525,29.25,60.0,49.31568098380417,16.5,22.75,71.27499999999999,0.0,7.5,0.6172149122807018,4.25,19.75,0.2264640768588137,13.25,0.0,112.375
101,93,2017-01-05,1,1,2016-17,Toronto Raptors,Utah Jazz,103.875,25.875,58.5,19.5,44.25,11.0,33.25,16.0,12.75,1.4434628419825788,8.625,24.625,35.9625,29.25,61.625,47.75362317452016,19.5,24.5,78.425,0.0,10.5,0.9248009939621782,6.0,19.0,0.31836148275099513,12.75,0.0,114.5,95.375,29.25,50.5,15.625,42.0,9.375,32.625,18.5,15.25,1.327407224418094,9.75,25.75,38.0125,25.25,52.375,48.192818267552376,15.625,22.0,71.61250000000001,0.0,6.625,0.4973759332454984,4.125,17.0,0.2539378889514338,15.25,0.0,101.875
118,109,2017-01-05,1,1,2016-17,Portland Trail Blazers,Los Angeles Lakers,100.625,26.25,55.5,18.875,40.75,8.375,32.375,20.25,14.875,1.4836859933367288,8.75,25.125,34.7,27.75,54.0,51.35964049866771,18.875,25.125,74.5375,0.0,7.625,0.5365617838044309,4.25,22.0,0.20123858803409625,14.875,0.0,109.75,105.0,33.375,54.0,17.625,41.75,11.375,30.375,21.0,13.375,1.7299355158730159,11.125,27.375,39.037499999999994,27.0,57.125,47.53048551456045,17.625,23.25,77.06250000000001,0.0,7.0,0.5493055555555555,4.0,19.0,0.21781400966183576,13.375,0.0,113.375
121,109,2017-01-05,1,1,2016-17,Indiana Pacers,Brooklyn Nets,107.375,24.375,61.0,22.0,41.375,8.0,33.375,23.75,13.125,1.9301196427841165,8.125,22.125,37.3875,30.5,60.5,50.320307993968655,22.0,25.75,85.2,0.0,6.875,0.5729090627939313,5.0,18.875,0.3232816931631587,13.125,0.0,123.5,101.75,32.625,50.75,18.375,42.125,7.75,34.375,21.0,18.125,1.1968952535467627,10.875,31.125,34.862500000000004,25.375,50.875,50.01990319016066,18.375,23.5,78.075,0.0,7.0,0.395880237216344,5.25,19.875,0.26115659702616223,18.125,0.0,108.125
95,102,2017-01-05,1,1,2016-17,Dallas Mavericks,Phoenix Suns,102.125,35.625,51.75,14.75,37.875,8.375,29.5,21.375,12.25,1.7965463458110518,11.875,31.25,38.2625,25.875,51.25,50.43006336177088,14.75,18.375,79.3375,0.0,7.75,0.6635583778966132,3.875,17.625,0.24225978270095916,12.25,0.0,112.375,103.625,23.25,62.75,17.625,44.75,12.625,32.125,19.25,16.375,1.2617789739500267,7.75,21.625,35.725,31.375,65.375,48.487148069456055,17.625,23.125,75.8625,0.0,9.125,0.5894537480063795,4.875,24.75,0.19890545798529308,16.375,0.0,111.875
99,127,2017-01-05,1,1,2016-17,Denver Nuggets,San Antonio Spurs,111.5,34.125,59.0,18.375,43.375,9.875,33.5,27.875,13.875,2.0468874875124876,11.375,31.0,37.15,29.5,53.75,54.71052122663636,18.375,23.375,79.5125,0.0,6.5,0.46784153346653345,2.5,19.625,0.11935218826699556,13.875,0.0,129.0,110.375,28.875,63.5,18.0,46.25,11.75,34.5,23.75,14.625,1.6731597801063745,9.625,21.25,45.0875,31.75,61.875,51.200923145927696,18.0,22.125,81.075,0.0,8.375,0.5713318399222037,6.375,19.125,0.334957024381072,14.625,0.0,134.625
94,99,2017-01-05,1,1,2016-17,New Orleans Pelicans,Atlanta Hawks,101.0,31.5,54.75,14.75,43.75,8.0,35.75,24.25,10.875,2.2984522422022424,10.5,25.0,42.85,27.375,61.125,45.29060498055804,14.75,20.25,71.975,0.0,6.25,0.6329864579864579,4.75,17.0,0.28468782249742003,10.875,0.0,115.375,103.125,26.625,59.5,17.0,42.5,10.25,32.25,23.625,13.5,1.8768170426065163,8.875,25.75,35.2875,29.75,60.25,49.920519693481594,17.0,23.0,73.2625,0.0,8.5,0.6826911027568922,4.375,19.0,0.2438251879699248,13.5,0.0,115.25
118,116,2017-01-05,1,1,2016-17,Houston Rockets,Oklahoma City Thunder,119.75,46.125,51.75,21.875,44.25,10.625,33.625,26.75,15.125,1.8350948071536306,15.375,42.125,36.7125,25.875,44.875,57.710363383454094,21.875,27.375,79.6125,0.0,7.625,0.49929029304029304,5.125,19.25,0.29341577540106956,15.125,0.0,137.125,107.0,25.125,60.75,21.125,44.375,11.25,33.125,21.5,13.5,1.7358278632272441,8.375,25.625,32.15,30.375,56.625,53.50011290988544,21.125,28.0,75.8,0.0,6.375,0.5278140332319898,5.125,21.875,0.24731502816180234,13.5,0.0,120.5
115,114,2017-01-05,1,1,2016-17,Detroit Pistons,Charlotte Hornets,100.25,25.875,59.75,14.625,42.0,10.75,31.25,22.5,13.25,1.810060078810079,8.625,26.125,32.5125,29.875,59.75,49.81725266757647,14.625,20.5,71.775,0.0,7.375,0.5755200681671271,3.875,17.5,0.22556153641679955,13.25,0.0,109.5,111.5,24.75,64.5,22.25,44.0,11.0,33.0,24.25,11.75,2.124438061938062,8.25,23.25,35.737500000000004,32.25,63.0,51.434862584183115,22.25,26.0,86.125,0.0,7.0,0.6244427447552447,6.125,16.0,0.483049297194034,11.75,0.0,131.625
93,100,2017-01-06,1,1,2016-17,Orlando Magic,Houston Rockets,108.0,31.125,65.75,11.125,41.5,9.125,32.375,24.625,12.875,2.008577462162021,10.375,29.125,36.5625,32.875,62.125,53.230738667485376,11.125,15.25,75.1125,0.0,7.125,0.5521465768708416,6.25,19.25,0.341330850522027,12.875,0.0,122.5,122.0,49.5,51.0,21.5,43.25,9.25,34.0,27.375,14.25,2.010830101271278,16.5,42.25,39.55,25.5,44.0,57.91229403751241,21.5,27.75,77.25,0.0,7.125,0.5007608812755872,4.875,19.625,0.2754010695187166,14.25,0.0,139.875
108,116,2017-01-06,1,1,2016-17,Brooklyn Nets,Cleveland Cavaliers,102.0,34.5,50.75,16.75,42.375,7.875,34.5,20.5,17.75,1.2053087150852244,11.5,31.625,36.0375,25.375,51.5,49.40615523598717,16.75,21.25,78.41250000000001,0.0,6.625,0.38145716029326715,5.625,19.5,0.28873012643792695,17.75,0.0,108.625,107.5,33.0,55.25,19.25,45.625,12.0,33.625,21.5,13.625,1.7647047397047397,11.0,31.25,35.68750000000001,27.625,56.375,49.229262095975805,19.25,25.25,76.19999999999999,0.0,8.125,0.6690510878010878,3.25,18.0,0.1830892222009381,13.625,0.0,117.375
110,106,2017-01-06,1,1,2016-17,Boston Celtics,Philadelphia 76ers,114.375,38.625,54.25,21.5,37.625,8.5,29.125,26.25,12.5,2.2048867798867797,12.875,33.875,38.5,27.125,50.75,53.53439825937214,21.5,24.875,86.6375,0.0,8.375,0.7581376956376956,3.75,22.25,0.17380468540982033,12.5,0.0,129.875,100.75,30.0,52.5,18.25,42.125,11.375,30.75,20.75,16.5,1.3188740487453723,10.0,29.625,33.612500000000004,26.25,55.25,47.624900559448015,18.25,22.625,81.0625,0.0,7.375,0.445359419991773,5.125,22.375,0.23392000896474022,16.5,0.0,106.625
127,100,2017-01-06,1,1,2016-17,Los Angeles Lakers,Miami Heat,104.5,31.125,53.5,19.875,41.75,11.375,30.375,19.25,13.25,1.598306727994228,10.375,27.125,37.012499999999996,26.75,56.875,47.29922554645838,19.875,26.0,77.0625,0.0,7.25,0.5767676767676768,2.875,19.625,0.15781400966183573,13.25,0.0,109.375,98.375,29.625,56.25,12.5,42.375,8.5,33.875,23.25,14.5,1.6618540128602046,9.875,24.625,39.95,28.125,58.5,48.099993081761184,12.5,17.625,68.3875,0.0,7.0,0.5019622727633564,6.125,20.25,0.3132450072810485,14.5,0.0,112.375
112,105,2017-01-06,1,1,2016-17,Washington Wizards,Minnesota Timberwolves,105.0,24.75,64.0,16.25,43.0,8.375,34.625,24.25,15.25,1.6865196078431373,8.25,25.5,32.2125,32.0,58.0,55.1281055340746,16.25,20.75,79.7125,0.0,7.0,0.4690359477124183,4.25,20.875,0.21587436077567654,15.25,0.0,120.5,100.0,27.75,56.5,15.75,42.625,11.875,30.75,23.0,14.0,1.8141824066456418,9.25,25.125,36.225,28.25,58.25,48.579942383199246,15.75,19.625,80.45,0.0,8.375,0.6350330225330225,4.25,19.125,0.24164765188372,14.0,0.0,114.5
98,106,2017-01-06,1,1,2016-17,Sacramento Kings,LA Clippers,105.0,30.375,55.5,19.125,35.625,7.125,28.5,21.625,12.5,1.8506009277100608,10.125,25.375,40.0125,27.75,53.375,51.76847955101905,19.125,23.5,80.89999999999999,0.0,6.875,0.5630319854294312,3.125,20.25,0.16283774863580355,12.5,0.0,114.5,102.25,30.0,54.25,18.0,43.875,9.25,34.625,19.25,15.75,1.2687896919901562,10.0,27.75,36.75,27.125,54.875,49.51527587506902,18.0,23.875,75.55000000000001,0.0,6.0,0.39268141720250854,5.375,21.125,0.25962378773019507,15.75,0.0,109.625
111,116,2017-01-06,1,1,2016-17,Milwaukee Bucks,New York Knicks,108.0,25.5,64.75,17.75,39.0,7.25,31.75,26.0,11.625,2.4289148351648353,8.5,21.125,41.27499999999999,32.375,58.25,55.689546410570784,17.75,24.25,72.7375,0.0,6.625,0.6124465811965811,5.25,17.5,0.3023205992923485,11.625,0.0,128.25,107.125,28.125,62.25,16.75,48.875,13.375,35.5,20.5,14.875,1.5346521942110178,9.375,24.625,38.55,31.125,67.75,46.05107984008601,16.75,21.0,79.225,0.0,7.25,0.53510872297637,5.875,19.5,0.3056259441228818,14.875,0.0,118.625
119,128,2017-01-06,1,1,2016-17,Golden State Warriors,Memphis Grizzlies,116.125,33.75,64.75,17.625,45.0,7.75,37.25,30.125,15.875,2.0052814938684507,11.25,29.25,39.5625,32.375,57.625,56.81715721625538,17.625,20.875,84.21249999999999,0.0,9.875,0.7011566332218506,5.0,18.0,0.28571036967418545,15.875,0.0,143.75,106.5,35.625,52.0,18.875,38.625,9.0,29.625,23.0,9.75,2.4933531746031745,11.875,28.25,42.6625,26.0,54.375,47.74094711693927,18.875,23.75,79.0,0.0,8.0,0.8501623376623376,4.25,21.625,0.19209673791592297,9.75,0.0,121.0
82,97,2017-01-07,1,1,2016-17,Dallas Mavericks,Atlanta Hawks,100.625,33.75,51.25,15.625,38.125,8.75,29.375,21.0,12.125,1.7823418003565061,11.25,31.75,35.1375,25.625,50.625,50.58915427086178,15.625,19.375,79.9125,0.0,8.0,0.6900735294117646,4.25,18.0,0.2565980179950768,12.125,0.0,110.625,101.75,26.625,58.75,16.375,45.0,11.125,33.875,23.5,13.5,1.868483709273183,8.875,25.75,35.2875,29.375,62.125,47.63865976236793,16.375,22.125,73.6625,0.0,9.0,0.7160244360902255,4.875,18.25,0.2848966165413534,13.5,0.0,115.25
92,94,2017-01-07,1,1,2016-17,Minnesota Timberwolves,Utah Jazz,101.625,27.0,58.75,15.875,40.875,11.5,29.375,23.125,13.125,1.9347706419397597,9.0,23.75,37.2125,29.375,60.25,48.81142386468073,15.875,20.0,79.1375,0.0,8.375,0.665915375474199,3.75,19.625,0.1901325003685685,13.125,0.0,114.875,97.75,28.5,52.75,16.5,42.25,9.625,32.625,18.875,14.75,1.3620182083997874,9.5,24.5,38.6375,26.375,53.25,49.669438448028174,16.5,22.125,75.45,0.0,6.25,0.4833599149388622,4.25,17.625,0.2546063381492948,14.75,0.0,107.125
102,85,2017-01-07,1,1,2016-17,San Antonio Spurs,Charlotte Hornets,113.5,28.875,67.25,17.375,46.0,11.375,34.625,25.375,13.25,2.0662518853695326,9.625,21.375,44.8125,33.625,63.375,53.03173122673577,17.375,21.125,81.6375,0.0,7.375,0.56393052413273,6.75,18.875,0.3648589851653858,13.25,0.0,140.5,111.125,24.375,63.25,23.5,44.625,10.0,34.625,23.0,11.125,2.249438061938062,8.125,23.375,35.050000000000004,31.625,62.5,50.83006882721545,23.5,27.25,86.7375,0.0,6.875,0.6619427447552447,6.5,17.25,0.49099244100674305,11.125,0.0,131.125
123,118,2017-01-07,1,1,2016-17,Chicago Bulls,Toronto Raptors,100.375,22.125,59.0,19.25,45.5,15.0,30.5,20.375,13.0,1.6325861638361638,7.375,22.625,31.825,29.5,64.25,46.025659669011624,19.25,23.75,80.175,0.0,8.375,0.654928404928405,5.0,18.75,0.2718480985071374,13.0,0.0,112.125,102.875,26.25,56.5,20.125,44.0,12.375,31.625,15.25,11.875,1.6536901147098515,8.75,23.875,37.4875,28.25,62.875,45.25362317452016,20.125,25.375,78.275,0.0,10.5,1.1236646303258144,5.875,19.375,0.30314766696152146,11.875,0.0,111.625
123,109,2017-01-07,1,1,2016-17,Indiana Pacers,New York Knicks,109.125,25.5,62.0,21.625,41.75,7.75,34.0,24.375,12.0,2.259286309450783,8.5,22.25,38.9125,31.0,61.125,50.571054899645134,21.625,25.5,84.35000000000001,0.0,7.0,0.6687423961272645,5.5,17.875,0.3857816931631587,12.0,0.0,128.0,106.875,28.125,61.5,17.25,48.25,14.25,34.0,21.125,15.0,1.5612146942110179,9.375,24.625,38.55,30.75,67.125,45.92287471188089,17.25,21.75,78.825,0.0,7.125,0.52417122297637,5.625,19.875,0.285784674281612,15.0,0.0,117.875
117,108,2017-01-07,1,1,2016-17,Boston Celtics,New Orleans Pelicans,114.125,41.25,53.0,19.875,37.75,9.0,28.75,27.0,13.125,2.1877927627927627,13.75,34.25,40.3875,26.5,51.125,51.82380831739921,19.875,23.25,85.95,0.0,8.25,0.73249666999667,4.5,22.25,0.20789559450072945,13.125,0.0,130.0,100.25,33.375,51.75,15.125,45.625,8.875,36.75,23.0,11.25,2.154702242202242,11.125,26.125,43.400000000000006,25.875,60.5,43.23463891597128,15.125,20.25,74.6625,0.0,6.25,0.6163197913197912,4.5,17.125,0.2683479532163743,11.25,0.0,113.625
121,106,2017-01-07,1,1,2016-17,Oklahoma City Thunder,Denver Nuggets,106.375,25.5,59.5,21.375,45.0,11.625,33.375,20.625,13.375,1.6691611965605775,8.5,25.875,32.2375,29.75,56.75,52.35940252737178,21.375,28.375,75.575,0.0,6.125,0.5111473665653232,5.5,22.0,0.2633864567332309,13.375,0.0,118.875,109.25,31.875,59.0,18.375,43.0,10.375,32.625,27.0,14.0,1.9539387695637696,10.625,31.0,34.15,29.5,54.5,53.99517100308942,18.375,23.25,80.08749999999999,0.0,6.5,0.4622325591075591,2.875,20.125,0.14141101179640733,14.0,0.0,124.375
98,86,2017-01-08,1,1,2016-17,LA Clippers,Miami Heat,104.5,30.0,55.5,19.0,44.375,9.5,34.875,20.625,14.25,1.6000396919901565,10.0,28.0,36.3875,27.75,55.875,49.81401801343381,19.0,25.125,76.525,0.0,5.625,0.4301814172025086,5.5,20.75,0.27645071080711814,14.25,0.0,114.125,96.5,28.5,55.25,12.75,41.625,8.625,33.0,22.25,14.125,1.6339693974755896,9.5,25.875,36.825,27.625,58.25,47.49515437208377,12.75,18.375,67.4625,0.0,6.75,0.4971545804556641,6.25,21.25,0.30128848554191806,14.125,0.0,106.625
111,95,2017-01-08,1,1,2016-17,Los Angeles Lakers,Orlando Magic,107.0,29.625,56.5,20.875,44.5,12.5,32.0,19.75,13.125,1.6491309038184037,9.875,25.875,36.875,28.25,58.875,48.03451966410544,20.875,27.75,75.27499999999999,0.0,7.125,0.5719599844599845,2.875,20.625,0.15132050316832926,13.125,0.0,114.625,102.625,30.0,63.0,9.625,41.75,10.75,31.0,23.875,13.375,1.8858501894347484,10.0,29.25,34.6625,31.5,60.25,52.570745754657594,9.625,13.0,75.3,0.0,7.75,0.5847223344465992,5.875,17.875,0.3341879933791699,13.375,0.0,117.125
95,105,2017-01-08,1,1,2016-17,Brooklyn Nets,Philadelphia 76ers,102.5,34.125,52.25,16.125,42.375,7.375,35.0,20.625,18.0,1.1964077862926548,11.375,31.0,36.2125,26.125,52.125,50.159960856596065,16.125,20.125,79.775,0.0,6.25,0.3547543739155581,5.125,20.875,0.26523268398268396,18.0,0.0,109.25,102.875,31.125,53.0,18.75,41.25,9.875,31.375,21.75,16.25,1.4071093428630193,10.375,29.25,35.2,26.5,54.5,48.78589127152232,18.75,22.875,82.225,0.0,7.625,0.4688888317564788,6.0,23.125,0.26429085295451005,16.25,0.0,112.25
116,120,2017-01-08,1,1,2016-17,Phoenix Suns,Cleveland Cavaliers,102.5,22.5,61.75,18.25,45.875,13.125,32.75,18.625,17.25,1.1011886961722488,7.5,20.625,36.375,30.875,65.375,47.751853951809,18.25,23.375,77.9125,0.0,8.75,0.5234815257841573,4.5,24.5,0.184153905190262,17.25,0.0,110.25,107.875,30.75,55.5,21.625,46.125,11.5,34.625,20.125,13.625,1.6501214063714063,10.25,32.0,32.15,27.75,55.75,49.98683785355156,21.625,28.25,77.3125,0.0,9.5,0.783634421134421,2.75,17.5,0.1627767222009381,13.625,0.0,116.375
106,117,2017-01-08,1,1,2016-17,Sacramento Kings,Golden State Warriors,101.5,30.0,54.75,16.75,38.0,8.125,29.875,22.0,12.125,2.0113152134243464,10.0,26.25,38.325,27.375,54.375,50.0364709581082,16.75,20.875,80.10000000000001,0.0,7.0,0.5969605568580028,3.0,19.0,0.16581393911199402,12.125,0.0,112.0,118.0,33.375,65.25,19.375,44.25,7.5,36.75,30.0,16.625,1.8849689938684504,11.125,30.125,38.0125,32.625,55.875,58.816593994627674,19.375,23.625,82.48750000000001,0.0,9.125,0.5933441332218505,5.25,18.375,0.2946389411027569,16.625,0.0,143.5
122,129,2017-01-08,1,1,2016-17,Toronto Raptors,Houston Rockets,103.125,26.25,55.25,21.625,43.125,11.625,31.5,15.375,11.625,1.698270534290271,8.75,25.5,35.1625,27.625,60.5,46.14466832926394,21.625,26.875,79.0625,0.0,10.25,1.1236646303258144,5.375,19.5,0.2779853292991838,11.625,0.0,110.75,118.875,48.375,50.0,20.5,44.25,9.625,34.625,26.875,14.75,1.901455101271278,16.125,43.625,37.449999999999996,25.0,42.625,58.72873547895386,20.5,26.0,77.32499999999999,0.0,8.125,0.5528442146089205,4.0,18.75,0.23827985739750446,14.75,0.0,136.75
88,79,2017-01-08,1,1,2016-17,Memphis Grizzlies,Utah Jazz,110.25,36.0,55.5,18.75,39.75,9.875,29.875,23.5,10.125,2.4482142857142857,12.0,28.625,42.5875,27.75,56.625,48.819243820235975,18.75,23.75,78.3375,0.0,8.5,0.8605790043290042,3.75,21.875,0.17286596868515375,10.125,0.0,125.125,97.875,28.125,52.75,17.0,41.75,10.0,31.75,19.375,14.625,1.4336091174906964,9.375,24.0,38.824999999999996,26.375,54.125,48.842015280179474,17.0,22.875,75.05,0.0,6.875,0.5538144603934076,4.25,17.25,0.25998911326891205,14.625,0.0,107.25
101,107,2017-01-08,1,1,2016-17,Milwaukee Bucks,Washington Wizards,109.125,26.625,64.75,17.75,38.5,7.25,31.25,26.0,12.375,2.2955815018315016,8.875,21.125,42.975,32.375,58.375,55.57996848849287,17.75,24.125,73.0625,0.0,6.875,0.5902243589743589,5.625,17.25,0.32706997272593247,12.375,0.0,129.125,105.875,26.25,65.0,14.625,41.0,7.25,33.75,25.75,15.0,1.826263197586727,8.75,24.125,36.0,32.5,58.25,55.76606406676997,14.625,18.625,80.725,0.0,6.75,0.45621543489190547,4.375,20.375,0.23039456279587855,15.0,0.0,123.625
124,125,2017-01-08,1,1,2016-17,Portland Trail Blazers,Detroit Pistons,100.25,29.25,53.25,17.75,41.5,7.5,34.0,20.125,15.375,1.3458654805162158,9.75,25.75,37.4625,26.625,52.75,50.81186751016196,17.75,23.875,73.8125,0.0,7.75,0.5248096470522942,4.375,20.75,0.21487146053793652,15.375,0.0,110.375,104.375,28.5,59.25,16.625,45.0,11.5,33.5,23.125,12.75,2.0227224164724165,9.5,26.75,35.35,29.625,60.875,48.61254252264893,16.625,22.875,71.75,0.0,6.625,0.5203252629723218,4.25,19.375,0.21129523206897347,12.75,0.0,115.875
94,109,2017-01-09,1,1,2016-17,Chicago Bulls,Oklahoma City Thunder,104.375,23.625,58.0,22.75,46.5,15.0,31.5,21.0,13.625,1.5780226717726717,7.875,23.375,32.7625,29.0,63.625,45.68047753035122,22.75,27.375,81.7125,0.0,8.375,0.6301268176268177,4.5,19.625,0.24360735776639666,13.625,0.0,116.375,106.875,25.875,59.75,21.25,45.625,11.125,34.5,20.125,13.25,1.6491291452785262,8.625,27.125,31.1125,29.875,56.625,52.72627883764431,21.25,27.5,77.14999999999999,0.0,6.5,0.5464037768217335,6.125,21.875,0.2964221710189452,13.25,0.0,120.5
96,110,2017-01-09,1,1,2016-17,New York Knicks,New Orleans Pelicans,107.25,29.25,60.5,17.5,45.75,12.75,33.0,21.0,15.25,1.5283715569561158,9.75,26.0,37.7625,30.25,64.625,46.909716817144044,17.5,22.625,76.65,0.0,7.125,0.5153476935646053,5.375,20.625,0.2597430076149453,15.25,0.0,115.5,100.25,33.375,51.75,15.125,43.875,8.0,35.875,22.25,11.25,2.092202242202242,11.125,27.875,40.0875,25.875,57.75,45.24487283409994,15.125,19.875,75.8,0.0,6.875,0.6684031246531247,5.0,17.625,0.28866045321637424,11.25,0.0,113.625
101,92,2017-01-09,1,1,2016-17,Minnesota Timberwolves,Dallas Mavericks,100.0,25.125,59.75,15.125,41.625,11.75,29.875,23.75,13.5,1.9413812188628365,8.375,22.25,36.900000000000006,29.875,61.875,48.2617784746098,15.125,19.375,77.96249999999999,0.0,8.125,0.641275952397276,3.625,19.625,0.1841801194161875,13.5,0.0,113.5,98.875,34.5,50.0,14.375,38.5,8.25,30.25,21.5,12.5,1.7839651769798828,11.5,32.375,35.4375,25.0,49.875,50.10838504009256,14.375,17.75,80.8375,0.0,7.375,0.6162098930481283,4.0,18.625,0.24034801799507682,12.5,0.0,108.625
100,94,2017-01-10,1,1,2016-17,Sacramento Kings,Detroit Pistons,103.0,30.375,55.0,17.625,36.75,7.25,29.5,23.0,13.125,2.001745835433916,10.125,27.125,37.28750000000001,27.5,53.5,51.16957186048719,17.625,21.5,81.675,0.0,8.0,0.6256686908292945,3.25,18.75,0.1828418028890838,13.125,0.0,114.0,109.25,29.25,65.75,14.25,44.375,11.0,33.375,23.375,11.875,2.1352224164724163,9.75,27.0,36.0875,32.875,64.75,50.6980017063224,14.25,19.75,71.6625,0.0,8.125,0.6806193806193807,4.25,19.125,0.21389939873564015,11.875,0.0,122.875
101,99,2017-01-10,1,1,2016-17,Washington Wizards,Chicago Bulls,105.875,28.875,62.75,14.25,41.625,8.125,33.5,25.75,16.375,1.675667959491489,9.625,25.875,37.825,31.375,56.75,55.40548714369305,14.25,17.75,82.13749999999999,0.0,7.125,0.42823924441571504,4.5,20.625,0.2343718355231513,16.375,0.0,123.375,103.625,23.625,56.75,23.25,46.5,14.375,32.125,20.75,13.25,1.6039966977466977,7.875,23.5,32.5,28.375,63.125,45.07156208917475,23.25,27.625,83.1375,0.0,8.125,0.6293151293151293,4.625,18.875,0.25625917962874484,13.25,0.0,115.625
121,114,2017-01-10,1,1,2016-17,Houston Rockets,Charlotte Hornets,121.375,45.0,54.25,22.125,44.125,9.625,34.5,26.875,14.875,1.8853836726998492,15.0,41.875,36.25,27.125,44.375,61.2260857704218,22.125,28.0,76.975,0.0,8.625,0.5832013574660634,4.375,18.75,0.255325311942959,14.875,0.0,140.5,108.875,24.0,61.75,23.125,44.625,9.5,35.125,22.125,11.875,2.077563061938062,8.0,23.75,33.95,30.875,61.0,50.787981285127906,23.125,26.875,86.525,0.0,6.75,0.6260052447552448,5.375,18.0,0.3235817267210288,11.875,0.0,126.25
100,92,2017-01-10,1,1,2016-17,Utah Jazz,Cleveland Cavaliers,95.5,27.75,51.25,16.5,42.125,10.25,31.875,18.5,14.5,1.3907169606279512,9.25,23.5,39.0875,25.625,53.75,47.67933867107429,16.5,23.125,71.95,0.0,7.0,0.5640268786940613,4.375,17.625,0.26410095537417516,14.5,0.0,104.0,108.0,33.375,53.5,21.125,44.5,11.75,32.75,18.5,14.75,1.4256895881895881,11.125,31.875,34.8,26.75,53.75,50.31235868688489,21.125,27.625,77.5625,0.0,9.0,0.6972707847707847,2.875,16.5,0.18986005553427146,14.75,0.0,113.875
107,95,2017-01-10,1,1,2016-17,Golden State Warriors,Miami Heat,118.0,32.625,65.25,20.125,43.625,7.75,35.875,30.5,17.125,1.8487698988458259,10.875,29.125,38.275000000000006,32.625,55.0,59.57840991502569,20.125,24.375,83.28750000000001,0.0,8.125,0.4915341784707194,5.125,18.75,0.2826772186147186,17.125,0.0,143.375,96.375,28.125,54.25,14.0,40.5,8.625,31.875,21.625,13.875,1.610930181789315,9.375,26.75,35.0625,27.125,57.0,47.534431669805684,14.0,19.375,70.8625,0.0,7.0,0.5177428157497816,6.375,21.375,0.3060503903038228,13.875,0.0,105.375
97,117,2017-01-10,1,1,2016-17,Brooklyn Nets,Atlanta Hawks,101.75,33.0,52.5,16.25,41.625,7.0,34.625,20.5,17.5,1.2099567373416058,11.0,30.0,36.2,26.25,52.125,50.405058895811756,16.25,20.25,79.9625,0.0,6.25,0.35999912916031335,5.375,21.875,0.2587109448522492,17.5,0.0,109.125,103.375,28.125,56.75,18.5,46.5,10.875,35.625,23.5,13.5,1.8684837092731827,9.375,25.25,38.175,28.375,61.625,46.17918174038991,18.5,24.5,75.17499999999998,0.0,8.875,0.7035244360902255,4.0,18.25,0.22656328320802005,13.5,0.0,117.625
107,109,2017-01-10,1,1,2016-17,San Antonio Spurs,Milwaukee Bucks,113.625,31.5,65.25,16.875,44.5,10.25,34.25,26.625,12.5,2.4014167205343675,10.5,23.25,45.6375,32.625,61.125,52.95078477592631,16.875,20.5,81.7625,0.0,7.5,0.6477217329239389,6.875,18.625,0.37443455452356383,12.5,0.0,141.75,106.375,26.625,62.75,17.0,37.375,6.875,30.5,25.5,12.875,2.1888106684981685,8.875,20.875,43.3625,31.375,58.625,53.53850118386766,17.0,23.25,73.2,0.0,7.625,0.6162660256410256,5.25,17.75,0.29894497272593246,12.875,0.0,123.75
114,106,2017-01-10,1,1,2016-17,Toronto Raptors,Boston Celtics,105.375,27.375,54.25,23.75,43.5,11.5,32.0,16.25,12.75,1.673270534290271,9.125,26.0,35.9,27.125,59.625,46.16432241731425,23.75,28.75,81.97500000000001,0.0,9.625,1.0197172619047619,5.25,20.25,0.26666953982549957,12.75,0.0,112.875,115.125,44.25,51.5,19.375,38.125,9.75,28.375,27.875,13.125,2.2752927627927626,14.75,33.875,43.4375,25.75,51.625,50.04459613600233,19.375,22.5,86.6125,0.0,7.75,0.6824966699966699,4.875,21.625,0.22704542615056109,13.125,0.0,132.5
87,108,2017-01-10,1,1,2016-17,Los Angeles Lakers,Portland Trail Blazers,109.625,29.625,59.25,20.75,44.625,11.75,32.875,20.625,12.5,1.7591736388611388,9.875,27.0,35.65,29.625,57.75,51.269604891378165,20.75,27.75,74.7625,0.0,7.125,0.5933275058275058,2.75,21.5,0.12751097935880545,12.5,0.0,120.0,103.875,31.125,56.75,16.0,41.375,7.25,34.125,22.75,15.625,1.472413468132315,10.375,26.75,38.199999999999996,28.375,55.0,51.843613541907985,16.0,21.875,71.725,0.0,7.625,0.5135867368355759,4.5,19.625,0.24668964235611832,15.625,0.0,115.625
117,108,2017-01-11,1,1,2016-17,Boston Celtics,Washington Wizards,114.375,44.25,51.25,18.875,37.375,9.25,28.125,26.875,13.375,2.171446608946609,14.75,33.75,43.5875,25.625,50.75,50.57178446491479,18.875,21.75,87.1375,0.0,7.625,0.6639069264069264,5.0,20.5,0.23717473649538867,13.375,0.0,130.875,106.5,30.375,63.0,13.125,43.125,8.375,34.75,25.75,17.125,1.6185251023486318,10.125,25.625,40.425000000000004,31.5,57.5,54.93976434190468,13.125,16.625,80.0625,0.0,7.875,0.45919162536809593,5.0,21.0,0.2537170736183894,17.125,0.0,126.125
98,97,2017-01-11,1,1,2016-17,Philadelphia 76ers,New York Knicks,102.5,29.625,53.75,19.125,41.125,9.0,32.125,21.25,15.75,1.4206840034965036,9.875,29.125,33.5375,26.875,55.375,48.779672366049674,19.125,23.375,82.0,0.0,8.375,0.5378933566433566,6.0,23.0,0.26633333661464076,15.75,0.0,111.5,105.0,30.375,58.5,16.125,45.25,12.125,33.125,21.75,15.0,1.589155870681606,10.125,26.75,38.15,29.25,63.625,46.04476146000118,16.125,21.25,75.69999999999999,0.0,7.125,0.520249654348919,5.125,20.0,0.25491208974054913,15.0,0.0,113.125
105,96,2017-01-11,1,1,2016-17,LA Clippers,Orlando Magic,104.0,29.625,55.5,18.875,45.5,9.375,36.125,21.0,13.625,1.7193578738083382,9.875,28.125,35.825,27.75,55.875,49.81401801343381,18.875,25.5,74.80000000000001,0.0,5.5,0.45077800811159946,5.25,20.75,0.2639507108071181,13.625,0.0,114.625,102.625,30.75,61.25,10.625,43.375,11.75,31.625,24.25,13.625,1.888454356101415,10.25,29.125,35.7125,30.625,60.375,51.09815150862585,10.625,14.625,74.55,0.0,7.5,0.5647570566688214,5.375,18.625,0.29043799337916987,13.625,0.0,116.875
102,86,2017-01-11,1,1,2016-17,Portland Trail Blazers,Cleveland Cavaliers,106.125,29.25,60.0,16.875,43.5,7.125,36.375,23.25,15.0,1.5784183700930994,9.75,25.625,37.3625,30.0,56.875,53.00751660313249,16.875,22.375,74.85,0.0,7.375,0.5172632074238112,5.375,19.875,0.2871031761907048,15.0,0.0,122.375,105.875,32.25,52.75,20.875,44.25,11.125,33.125,17.875,15.5,1.3215229215229216,10.75,31.375,34.137499999999996,26.375,53.0,50.19661794614415,20.875,26.75,79.07499999999999,0.0,8.0,0.593104118104118,2.875,16.5,0.18986005553427143,15.5,0.0,110.25
119,105,2017-01-11,1,1,2016-17,Minnesota Timberwolves,Houston Rockets,100.125,25.875,59.5,14.75,42.375,11.5,30.875,25.125,14.25,1.9560573322231605,8.625,22.75,37.425000000000004,29.75,59.875,49.82707937089661,14.75,19.125,77.1,0.0,8.125,0.6078751426806767,3.875,20.0,0.19310869084475896,14.25,0.0,116.75,120.125,45.75,52.25,22.125,43.75,9.125,34.625,26.5,13.625,2.022883672699849,15.25,41.375,37.3375,26.125,43.625,60.00396901674358,22.125,28.375,76.0625,0.0,8.25,0.6144513574660633,4.5,18.125,0.2693627450980392,13.625,0.0,139.625
103,95,2017-01-11,1,1,2016-17,Oklahoma City Thunder,Memphis Grizzlies,106.5,25.5,61.25,19.75,45.625,10.75,34.875,20.625,12.875,1.7449624786118594,8.5,27.125,30.6,30.625,56.75,53.8732689019342,19.75,25.875,75.825,0.0,6.125,0.5318204434884002,6.25,21.0,0.31235354356796485,12.875,0.0,121.375,106.875,34.5,54.75,17.625,39.625,9.375,30.25,23.0,10.375,2.3782738095238094,11.5,28.5,40.775000000000006,27.375,56.375,48.35628085727301,17.625,22.375,78.1625,0.0,8.875,0.8754599567099567,3.625,22.75,0.16029803390254505,10.375,0.0,120.875
127,107,2017-01-12,1,1,2016-17,Golden State Warriors,Detroit Pistons,116.5,32.625,64.25,19.625,44.5,7.875,36.625,29.625,15.625,1.9767343257232963,10.875,29.125,38.275000000000006,32.125,56.125,57.5106133048562,19.625,24.125,82.05,0.0,7.75,0.5108029531742767,5.75,18.125,0.32545995670995675,15.625,0.0,141.75,106.875,30.0,63.5,13.375,44.25,11.375,32.875,22.375,11.625,2.0846271783771786,10.0,26.75,37.324999999999996,31.75,64.625,48.786475732296424,13.375,18.25,71.8875,0.0,8.125,0.6984765234765234,5.0,19.375,0.2437289441901856,11.625,0.0,120.5
108,113,2017-01-12,1,1,2016-17,Phoenix Suns,Dallas Mavericks,101.625,21.375,63.5,16.75,45.0,13.375,31.625,18.375,16.5,1.1502958390293916,7.125,20.75,34.7625,31.75,66.25,48.38471558702912,16.75,21.125,78.65,0.0,9.375,0.5868743829270144,4.625,23.875,0.19895653676920938,16.5,0.0,110.0,99.125,36.75,48.25,14.125,36.375,7.125,29.25,21.875,12.75,1.7795008912655974,12.25,32.25,38.225,24.125,48.875,49.39286779871324,14.125,17.0,83.0625,0.0,6.125,0.5075789406671759,3.75,19.5,0.21653849418555302,12.75,0.0,106.875
104,89,2017-01-12,1,1,2016-17,New York Knicks,Chicago Bulls,104.875,29.25,61.0,14.625,43.375,11.375,32.0,21.75,14.625,1.616933648459384,9.75,26.125,37.1875,30.5,63.375,48.16360615697088,14.625,19.25,76.85,0.0,7.0,0.5230274321266969,5.25,19.875,0.26232315693422503,14.625,0.0,113.75,104.75,25.125,56.5,23.125,46.0,13.875,32.125,21.0,13.75,1.584155427905428,8.375,23.75,34.125,28.25,63.5,44.59106463298482,23.125,26.75,85.525,0.0,8.125,0.6094738594738596,4.5,19.25,0.2451480685176337,13.75,0.0,116.375
140,112,2017-01-12,1,1,2016-17,Denver Nuggets,Indiana Pacers,109.75,31.125,59.75,18.875,43.875,10.375,33.5,26.5,13.875,1.929900308025308,10.375,29.125,35.3125,29.875,57.5,52.29909257171687,18.875,23.75,80.8125,0.0,6.75,0.4870723026973027,3.25,21.125,0.15481680889785662,13.875,0.0,125.0,110.625,27.375,61.75,21.5,42.875,7.875,35.0,24.75,13.375,2.1099807538952273,9.125,22.375,41.375,30.875,60.375,50.95649133228271,21.5,24.875,85.7375,0.0,7.125,0.5986035072383757,4.875,19.0,0.34113883602030154,13.375,0.0,130.75
134,94,2017-01-12,1,1,2016-17,San Antonio Spurs,Los Angeles Lakers,113.25,31.5,66.0,15.75,44.0,10.25,33.75,27.0,12.875,2.3868333872010346,10.5,24.5,43.1375,33.0,61.125,53.597336500064245,15.75,19.625,79.6875,0.0,7.0,0.5956383995906055,7.375,17.75,0.439875730994152,12.875,0.0,139.75,106.625,30.0,57.0,19.625,43.375,11.25,32.125,20.625,12.0,1.8234593531468533,10.0,26.875,36.3375,28.5,57.75,49.36282523036121,19.625,27.25,71.9,0.0,7.125,0.6183275058275058,3.0,21.125,0.14437605872388481,12.0,0.0,115.0
95,104,2017-01-12,1,1,2016-17,Brooklyn Nets,New Orleans Pelicans,101.5,33.75,51.25,16.5,42.125,7.875,34.25,20.5,17.375,1.2179976730141204,11.25,29.875,37.175000000000004,25.625,52.5,48.9748081121127,16.5,20.875,78.7875,0.0,6.125,0.3552476671720093,5.0,22.125,0.23977155091285526,17.375,0.0,108.0,100.25,34.875,50.5,14.875,44.625,8.25,36.375,22.125,11.5,2.0177072927072928,11.625,28.75,40.6375,25.25,56.375,45.35452195690696,14.875,19.375,76.53750000000001,0.0,7.75,0.7378475690975691,5.5,17.125,0.330327119883041,11.5,0.0,116.0
96,86,2017-01-13,1,1,2016-17,Minnesota Timberwolves,Oklahoma City Thunder,102.0,23.25,63.0,15.75,43.5,11.25,32.25,25.75,14.625,1.9546684433342716,7.75,21.75,35.724999999999994,31.5,60.75,52.19354319780669,15.75,20.0,78.1875,0.0,7.75,0.5717640315695656,4.625,20.0,0.23258237505528526,14.625,0.0,121.5,106.125,26.625,59.0,20.5,46.5,10.375,36.125,20.625,12.75,1.7546132139059771,8.875,28.0,31.1625,29.5,55.75,52.89563542430072,20.5,26.375,77.2375,0.0,6.375,0.5488241199589884,6.25,20.625,0.3163217975362188,12.75,0.0,121.875
110,77,2017-01-13,1,1,2016-17,Utah Jazz,Detroit Pistons,95.25,29.25,50.25,15.75,43.0,9.875,33.125,18.875,14.5,1.4094669606279513,9.75,24.5,39.5375,25.125,53.25,47.22582393184527,15.75,22.5,70.3375,0.0,7.25,0.5765268786940613,4.375,18.0,0.2601327014059212,14.5,0.0,104.625,107.0,26.25,66.5,14.25,43.625,11.25,32.375,21.75,12.625,1.9492105117105116,8.75,26.75,32.8625,33.25,64.125,51.61199656562975,14.25,18.875,74.6,0.0,7.875,0.6359765234765234,5.0,19.375,0.2437289441901856,12.625,0.0,119.125
105,110,2017-01-13,1,1,2016-17,Houston Rockets,Memphis Grizzlies,117.875,45.0,51.5,21.375,41.875,8.75,33.125,26.5,13.5,2.0334535256410255,15.0,42.625,35.162499999999994,25.75,43.5,59.31556321964213,21.375,27.625,75.57499999999999,0.0,8.25,0.6176682692307692,4.375,18.25,0.2626927846237309,13.5,0.0,133.75,106.0,33.375,56.25,16.375,40.125,10.625,29.5,23.125,10.875,2.249107142857143,11.125,28.375,39.425000000000004,28.125,58.5,47.927359288645555,16.375,21.5,75.475,0.0,9.375,0.8671266233766233,3.75,23.625,0.15802070596732237,10.875,0.0,118.75
102,93,2017-01-13,1,1,2016-17,Philadelphia 76ers,Charlotte Hornets,103.125,28.125,55.75,19.25,41.625,10.5,31.125,22.375,15.875,1.488678508991009,9.375,28.5,32.5,27.875,57.625,48.76444239346363,19.25,23.375,82.6,0.0,8.5,0.5427010489510489,5.125,22.0,0.22675000328130743,15.875,0.0,111.875,108.375,28.125,59.0,21.25,44.5,8.625,35.875,23.0,11.875,2.1571085164835164,9.375,25.875,35.625,29.5,58.625,50.54788524671254,21.25,24.875,85.25,0.0,5.75,0.5350961538461538,5.5,17.625,0.3317662505305526,11.875,0.0,126.0
108,120,2017-01-13,1,1,2016-17,Sacramento Kings,Cleveland Cavaliers,101.875,29.625,53.0,19.25,38.125,8.0,30.125,22.25,13.875,1.8493394183216165,9.875,26.375,37.8875,26.5,53.375,49.30192480166366,19.25,23.375,82.6625,0.0,7.875,0.5902408833426636,3.25,18.0,0.18859627859240863,13.875,0.0,112.0,105.375,31.5,52.75,21.125,44.375,11.5,32.875,17.25,14.75,1.322943376068376,10.5,31.625,32.975,26.375,53.125,50.1070628933538,21.125,27.375,78.125,0.0,7.625,0.5867120726495726,3.0,16.125,0.1985557077081845,14.75,0.0,108.75
109,115,2017-01-13,1,1,2016-17,Portland Trail Blazers,Orlando Magic,107.5,30.0,60.75,16.75,43.125,7.375,35.75,24.125,14.25,1.727723925648655,10.0,26.5,37.175000000000004,30.375,57.25,53.334897555513436,16.75,22.125,75.19999999999999,0.0,7.125,0.5242076518682556,6.0,19.25,0.3305523740516674,14.25,0.0,124.875,101.0,28.875,61.0,11.125,41.875,11.625,30.25,23.75,13.5,1.8671631473102062,9.625,29.125,33.4,30.5,60.75,50.58946664510227,11.125,15.125,75.75,0.0,7.25,0.552394419306184,4.375,18.75,0.23954513623631268,13.5,0.0,111.0
132,113,2017-01-13,1,1,2016-17,Toronto Raptors,Brooklyn Nets,107.75,26.625,57.0,24.125,43.25,11.875,31.375,16.25,13.5,1.6142427565124933,8.875,24.5,37.175,28.5,60.125,48.02750022311501,24.125,29.125,82.2625,0.0,9.375,0.9676339285714286,5.625,21.375,0.26666953982549957,13.5,0.0,116.5,98.375,31.5,52.75,14.125,43.5,8.25,35.25,20.0,17.5,1.1732060063474536,10.5,31.25,33.800000000000004,26.375,53.875,48.91798993029451,14.125,18.375,75.52499999999999,0.0,6.875,0.40003933383867596,4.75,22.0,0.22965250329380765,17.5,0.0,103.5
116,108,2017-01-13,1,1,2016-17,Milwaukee Bucks,Miami Heat,107.25,28.125,62.75,16.375,36.875,6.75,30.125,26.125,12.625,2.281072573260073,9.375,20.75,46.1875,31.375,58.375,53.73367914023965,16.375,22.0,75.07499999999999,0.0,7.625,0.6281707875457875,5.75,17.625,0.32745374465575705,12.625,0.0,127.0,96.5,27.75,55.0,13.75,42.25,8.25,34.0,23.0,13.625,1.7604057062648393,9.25,27.75,33.5875,27.5,57.0,48.15943166980568,13.75,18.875,71.5,0.0,6.5,0.48977078777775374,6.375,21.25,0.3070385325963129,13.625,0.0,107.875
101,103,2017-01-13,1,1,2016-17,Atlanta Hawks,Boston Celtics,104.375,27.75,58.75,17.875,48.125,11.625,36.5,23.375,14.0,1.7226503759398495,9.25,25.0,37.975,29.375,62.625,46.93945734029488,17.875,25.125,72.1875,0.0,9.0,0.6618577694235588,5.0,17.25,0.2947985773256671,14.0,0.0,119.625,114.125,45.375,50.0,18.75,38.125,9.0,29.125,26.25,14.25,1.903589466089466,15.125,34.375,43.9125,25.0,49.125,51.159902487243336,18.75,21.5,87.4875,0.0,7.0,0.529978354978355,5.625,19.25,0.3121747364953886,14.25,0.0,130.75
113,97,2017-01-14,1,1,2016-17,LA Clippers,Los Angeles Lakers,104.375,29.625,55.5,19.25,46.875,10.0,36.875,21.125,14.625,1.6447241741746383,9.875,28.25,35.65,27.75,54.75,50.958085810043976,19.25,26.25,74.075,0.0,6.125,0.4585618908954822,5.125,20.875,0.25572702659659186,14.625,0.0,116.625,105.875,30.75,55.5,19.625,42.0,10.5,31.5,21.125,11.125,1.9944662975912975,10.25,27.375,36.9625,27.75,57.5,48.40989756101563,19.625,27.625,70.675,0.0,6.875,0.6391608391608391,3.0,21.625,0.14151891586674198,11.125,0.0,112.875
114,107,2017-01-14,1,1,2016-17,Utah Jazz,Orlando Magic,96.5,29.625,52.0,14.875,43.5,9.625,33.875,19.0,14.25,1.446005422166413,9.875,25.125,38.775,26.0,53.5,48.79443009771587,14.875,20.625,71.325,0.0,7.375,0.5976807248479075,4.375,18.375,0.24552231179553158,14.25,0.0,108.0,101.375,27.75,61.0,12.625,42.125,11.75,30.375,23.5,14.25,1.7227187028657618,9.25,28.125,34.1,30.5,61.375,50.0926717733074,12.625,16.375,78.2125,0.0,7.25,0.5246166415284063,4.625,18.5,0.2545827302212751,14.25,0.0,111.125
109,93,2017-01-14,1,1,2016-17,Washington Wizards,Philadelphia 76ers,106.625,29.625,64.75,12.25,43.625,9.5,34.125,25.625,16.0,1.8427898082309846,9.875,25.25,40.0625,32.375,61.125,53.47773902544898,12.25,15.625,79.025,0.0,8.25,0.5639710371328018,4.625,20.625,0.23568822746454324,16.0,0.0,125.25,101.375,28.5,54.0,18.875,42.875,10.75,32.125,22.75,16.25,1.486232856817096,9.5,29.375,31.8625,27.0,55.875,49.03013065257294,18.875,23.125,81.8,0.0,9.125,0.5641684402553968,5.5,21.5,0.24422312156087733,16.25,0.0,112.375
108,105,2017-01-14,1,1,2016-17,Phoenix Suns,San Antonio Spurs,100.75,22.5,61.5,16.75,44.25,13.0,31.25,18.125,16.625,1.1322037337662336,7.5,19.25,38.8,30.75,64.875,47.88002075134837,16.75,21.125,78.65,0.0,7.875,0.5072691197691197,4.375,23.625,0.19069566720399198,16.625,0.0,108.5,115.125,31.875,66.0,17.25,44.375,9.75,34.625,27.25,12.75,2.431705182072829,10.625,24.875,42.8375,33.0,60.25,54.44621709707917,17.25,20.875,81.6875,0.0,6.75,0.5804140406162466,7.625,17.875,0.45138888888888884,12.75,0.0,143.25
107,99,2017-01-14,1,1,2016-17,Chicago Bulls,New Orleans Pelicans,103.25,25.125,56.5,21.625,44.625,13.5,31.125,21.0,13.125,1.6375742313242314,8.375,24.375,33.325,28.25,63.0,44.89153411655289,21.625,25.75,82.97500000000001,0.0,7.75,0.601995226995227,4.0,18.625,0.22799120577253568,13.125,0.0,112.625,101.875,34.875,51.75,15.25,44.5,8.0,36.5,22.0,12.375,1.9228543515308218,11.625,29.25,40.025,25.875,56.0,46.66529075283685,15.25,19.875,76.7,0.0,8.125,0.7135828632152161,5.125,16.625,0.3178271198830409,12.375,0.0,116.875
97,102,2017-01-15,1,1,2016-17,Los Angeles Lakers,Detroit Pistons,106.875,31.875,55.75,19.25,42.75,10.375,32.375,21.875,11.125,2.0444662975912977,10.625,27.625,38.3125,27.875,58.75,47.540821116878654,19.25,27.875,68.625,0.0,6.25,0.5974941724941725,3.125,21.875,0.14707447142229751,11.125,0.0,113.25,104.875,26.25,64.25,14.375,42.5,10.25,32.25,20.125,12.875,1.775259462759463,8.75,25.875,34.15,32.125,63.5,50.25142982834162,14.375,18.875,75.38749999999999,0.0,8.0,0.6385989010989012,5.375,19.875,0.26456227752351896,12.875,0.0,115.0
118,122,2017-01-15,1,1,2016-17,Sacramento Kings,Oklahoma City Thunder,102.625,30.375,53.25,19.0,38.125,7.75,30.375,22.125,14.125,1.828349443384273,10.125,26.375,38.8875,26.625,52.5,50.35031189843785,19.0,23.125,82.4,0.0,7.375,0.5595391289566986,3.375,18.375,0.19068958002781533,14.125,0.0,113.25,106.875,26.25,61.25,19.375,47.5,10.625,36.875,21.875,12.75,1.8204026875901875,8.75,27.75,30.7625,30.625,57.375,53.616789270454575,19.375,24.25,78.8125,0.0,7.0,0.5817188568010937,5.625,21.0,0.27961544832986956,12.75,0.0,125.5
112,137,2017-01-15,1,1,2016-17,Brooklyn Nets,Houston Rockets,100.125,33.0,52.5,14.625,43.25,7.625,35.625,20.625,17.0,1.2799768396807871,11.0,31.75,34.625,26.25,53.375,49.11243437473895,14.625,18.875,76.15,0.0,6.375,0.3818101671720093,4.125,21.25,0.20337409420289854,17.0,0.0,105.375,113.5,43.5,49.5,20.5,40.125,8.875,31.25,25.25,13.375,1.9525240384615385,14.5,42.75,33.8375,24.75,43.5,56.87653882939822,20.5,26.75,75.18749999999999,0.0,7.875,0.5960336538461538,4.0,18.625,0.23842807874137797,13.375,0.0,124.125
111,98,2017-01-15,1,1,2016-17,Atlanta Hawks,Milwaukee Bucks,105.75,28.875,58.25,18.625,47.75,11.0,36.75,23.625,13.125,1.8202380952380952,9.625,24.75,39.4375,29.125,63.0,46.10884731850838,18.625,25.625,74.075,0.0,8.625,0.6613095238095238,4.75,17.0,0.2855106516290727,13.125,0.0,121.375,106.875,27.375,61.25,18.25,37.875,8.0,29.875,25.125,13.375,1.9074461996336995,9.125,19.875,47.4375,30.625,58.75,52.23554018242327,18.25,23.875,76.58749999999999,0.0,7.625,0.5622367216117217,5.875,18.125,0.32447755417956653,13.375,0.0,125.5
116,101,2017-01-15,1,1,2016-17,Toronto Raptors,New York Knicks,110.375,25.875,60.5,24.0,43.75,11.125,32.625,15.875,13.625,1.5137963279410647,8.625,23.625,37.449999999999996,30.25,60.25,50.491801160881415,24.0,29.0,82.16250000000001,0.0,8.625,0.8448660714285714,6.0,21.25,0.2911793437470682,13.625,0.0,121.0,106.375,29.25,63.25,13.875,43.125,12.25,30.875,22.125,14.375,1.6749693627450981,9.75,26.125,37.1875,31.625,63.25,49.86650470769552,13.875,18.625,75.35000000000001,0.0,6.5,0.49177743212669683,5.375,19.75,0.2721270785028525,14.375,0.0,116.375
98,87,2017-01-15,1,1,2016-17,Dallas Mavericks,Minnesota Timberwolves,100.25,37.5,49.25,13.5,36.375,7.625,28.75,22.125,12.625,1.8351827094474154,12.5,32.5,38.6625,24.625,50.375,48.7797599763031,13.5,16.375,82.225,0.0,7.0,0.5996243952126304,4.5,19.25,0.2546066760037348,12.625,0.0,109.0,101.125,22.5,62.75,15.875,43.375,10.375,33.0,24.75,15.625,1.6656059433342714,7.5,20.875,35.699999999999996,31.375,60.625,52.10296348766176,15.875,19.625,80.975,0.0,8.125,0.5327015315695656,5.0,20.875,0.24167328414619435,15.625,0.0,120.375
104,108,2017-01-15,1,1,2016-17,Memphis Grizzlies,Chicago Bulls,106.875,33.75,57.0,16.125,41.125,10.0,31.125,23.5,12.25,2.1411525974025976,11.25,28.0,40.3,28.5,57.375,49.80103979533099,16.125,21.25,75.1875,0.0,8.625,0.7534902597402597,3.5,25.0,0.13622951822785875,12.25,0.0,120.625,104.0,25.875,58.0,20.125,46.625,14.25,32.375,21.625,12.75,1.7491126928626928,8.625,24.0,35.0625,29.0,65.5,44.350145733634456,20.125,24.75,79.9625,0.0,8.0,0.65007215007215,4.125,18.25,0.2383172927290574,12.75,0.0,115.125
108,98,2017-01-16,1,1,2016-17,Boston Celtics,Charlotte Hornets,112.875,47.25,47.5,18.125,37.625,8.375,29.25,25.25,13.5,1.9244227994227994,15.75,36.0,43.900000000000006,23.75,47.25,50.536683114023965,18.125,21.25,85.3875,0.0,7.125,0.561228354978355,5.125,18.25,0.29915390316205537,13.5,0.0,127.625,105.0,26.625,55.5,22.875,43.875,9.375,34.5,21.25,12.5,2.0062626518218623,8.875,25.75,33.675,27.75,58.875,47.48336911768028,22.875,26.5,85.52499999999999,0.0,6.375,0.5515435222672065,5.375,18.375,0.3160779914212408,12.5,0.0,117.75
101,106,2017-01-16,1,1,2016-17,Phoenix Suns,Utah Jazz,102.0,22.875,62.0,17.125,45.75,14.0,31.75,17.875,15.75,1.1685673701298702,7.625,19.875,38.0875,31.0,65.625,47.68470825134837,17.125,21.125,80.21249999999999,0.0,7.75,0.5281024531024531,3.875,24.25,0.17069566720399199,15.75,0.0,110.625,99.375,29.25,53.75,16.375,43.25,10.0,33.25,20.375,14.0,1.5735695247305155,9.75,25.875,37.137499999999996,26.875,54.0,49.88264592029118,16.375,22.625,71.875,0.0,7.75,0.6303730325402152,4.125,18.875,0.2267723117955316,14.0,0.0,111.375
120,98,2017-01-16,1,1,2016-17,LA Clippers,Oklahoma City Thunder,106.25,29.25,58.5,18.5,44.875,8.875,36.0,22.75,14.0,1.9379934049438692,9.75,27.125,36.4,29.25,55.625,52.678206424079065,18.5,25.0,75.9875,0.0,6.125,0.49461958320317456,5.375,21.375,0.26197702659659183,14.0,0.0,121.125,107.875,25.875,62.25,19.75,47.5,11.75,35.75,21.25,14.0,1.6047594127363864,8.625,27.625,30.4625,31.125,59.0,52.979034168413754,19.75,25.0,78.1625,0.0,7.625,0.5488241199589884,5.375,22.0,0.25997259118701244,14.0,0.0,123.5
98,95,2017-01-16,1,1,2016-17,Indiana Pacers,New Orleans Pelicans,111.875,29.25,62.75,19.875,40.875,8.375,32.5,25.5,13.0,2.1815268065268065,9.75,23.125,42.75,31.375,61.125,51.17813409629835,19.875,22.875,86.5,0.0,7.625,0.6360212703962704,5.0,18.25,0.356615026496492,13.0,0.0,131.75,100.375,33.0,53.5,13.875,44.625,8.125,36.5,22.375,12.375,1.9569452606217312,11.0,29.0,37.825,26.75,58.0,46.27822335757274,13.875,18.75,74.625,0.0,7.75,0.6794919541243071,5.5,16.625,0.3375639619883041,12.375,0.0,114.125
120,101,2017-01-16,1,1,2016-17,Washington Wizards,Portland Trail Blazers,106.375,29.625,66.25,10.5,43.125,9.125,34.0,25.25,15.125,1.901501929443106,9.875,24.625,41.4,33.125,63.375,52.86239153510149,10.5,13.25,78.925,0.0,8.375,0.6106882088499735,4.75,19.5,0.2449474867238025,15.125,0.0,125.0,108.375,29.25,62.25,16.875,42.875,8.25,34.625,24.125,13.5,1.8167864256486546,9.75,27.625,34.85,31.125,59.0,53.22151887070618,16.875,22.5,74.33749999999999,0.0,7.125,0.5523326518682555,6.625,19.75,0.3555523740516674,13.5,0.0,124.25
107,108,2017-01-16,1,1,2016-17,New York Knicks,Atlanta Hawks,103.75,30.0,59.75,14.0,42.25,12.0,30.25,22.125,15.5,1.4640318627450981,10.0,25.75,38.45,29.875,61.0,48.758160996612084,14.0,18.875,75.14999999999999,0.0,6.5,0.4214649321266968,5.875,19.25,0.3080645785028525,15.5,0.0,113.25,106.875,31.125,58.0,17.75,45.5,10.625,34.875,24.875,13.625,1.8526942355889724,10.375,24.625,42.45,29.0,60.5,47.754242713903785,17.75,24.5,74.07499999999999,0.0,8.75,0.6538533834586466,4.875,17.125,0.2907738095238095,13.625,0.0,124.75
104,113,2017-01-16,1,1,2016-17,Milwaukee Bucks,Philadelphia 76ers,106.75,26.625,61.5,18.625,38.75,8.75,30.0,25.5,13.75,1.8948411576168929,8.875,20.0,45.837500000000006,30.75,59.25,51.967683039566126,18.625,24.0,78.22500000000001,0.0,8.5,0.6074047888386124,5.875,18.875,0.3181617647058823,13.75,0.0,126.625,100.5,28.875,53.0,18.625,44.25,11.625,32.625,22.75,15.5,1.5288464931807324,9.625,30.125,31.4,26.5,56.125,47.88925763669993,18.625,23.5,79.325,0.0,8.25,0.5371798038917603,5.125,21.0,0.23020710325424115,15.5,0.0,110.375
125,112,2017-01-16,1,1,2016-17,Denver Nuggets,Orlando Magic,113.75,33.75,61.75,18.25,44.0,11.0,33.0,27.75,13.875,2.0132336413586414,11.25,30.0,37.175,30.875,58.125,53.43360786124192,18.25,22.25,82.9375,0.0,7.625,0.5454056360306361,3.0,19.5,0.16370689510475317,13.875,0.0,132.25,102.125,28.875,59.25,14.0,43.0,11.5,31.5,23.25,14.5,1.674000754147813,9.625,28.125,35.2,29.625,60.875,48.93081279894842,14.0,18.5,77.0125,0.0,7.625,0.5406422825540472,4.0,20.125,0.20517796831651322,14.5,0.0,111.25
126,91,2017-01-16,1,1,2016-17,Golden State Warriors,Cleveland Cavaliers,118.875,34.875,66.0,18.0,43.875,8.0,35.875,31.375,15.375,2.0913176590566294,11.625,29.0,40.987500000000004,33.0,57.75,57.355471460884566,18.0,22.75,79.61250000000001,0.0,8.5,0.558025175396499,5.75,16.875,0.3403409090909091,15.375,0.0,146.125,104.875,31.875,52.75,20.25,43.5,11.125,32.375,17.0,14.0,1.4028044871794871,10.625,31.5,33.4375,26.375,53.75,49.30150733779824,20.25,26.0,78.7,0.0,8.125,0.6526842948717949,3.0,16.625,0.1938682077081845,14.0,0.0,108.5
122,114,2017-01-17,1,1,2016-17,San Antonio Spurs,Minnesota Timberwolves,113.375,33.375,62.25,17.75,42.75,8.5,34.25,26.625,12.75,2.392642682072829,11.125,25.25,44.7875,31.125,57.875,53.5638641559027,17.75,22.0,80.51249999999999,0.0,6.375,0.5569765406162466,6.875,17.625,0.41458333333333336,12.75,0.0,138.125,97.5,19.5,62.75,15.25,44.625,10.625,34.0,23.5,15.75,1.533030185758514,6.5,20.375,32.175,31.375,61.5,51.247357229513135,15.25,19.25,79.1875,0.0,8.0,0.5147091073271414,4.5,20.75,0.2127210782638414,15.75,0.0,114.375
98,99,2017-01-17,1,1,2016-17,Chicago Bulls,Dallas Mavericks,105.5,23.625,61.25,20.625,47.875,13.25,34.625,21.0,12.875,1.6752490564990565,7.875,22.75,33.375,30.625,66.125,46.593266342533745,20.625,25.625,79.61250000000001,0.0,7.875,0.6311327561327561,4.125,17.375,0.2531982451100098,12.875,0.0,118.125,99.125,36.375,50.0,12.75,36.75,6.875,29.875,22.0,12.75,1.798819073083779,12.125,31.375,38.9,25.0,50.25,49.67261711916024,12.75,15.625,81.4375,0.0,7.25,0.6155334861217214,4.875,19.25,0.2754400093370682,12.75,0.0,109.875
121,127,2017-01-17,1,1,2016-17,Los Angeles Lakers,Denver Nuggets,104.75,28.5,57.75,18.5,43.625,9.5,34.125,21.875,12.0,1.905924630924631,9.5,26.875,35.3375,28.875,58.375,49.53643515196638,18.5,27.0,68.45,0.0,5.5,0.48916083916083913,3.25,21.5,0.15699510634293243,12.0,0.0,111.625,116.125,33.0,66.25,16.875,42.5,10.75,31.75,29.125,13.75,2.1163586413586413,11.0,29.5,36.9,33.125,59.5,55.97551171955944,16.875,20.625,82.675,0.0,7.75,0.5589473026973028,3.25,19.375,0.17882127418972046,13.75,0.0,136.375
109,103,2017-01-17,1,1,2016-17,Miami Heat,Houston Rockets,99.75,28.5,56.5,14.75,39.875,8.25,31.625,23.875,12.5,2.084854235676604,9.5,28.25,33.8125,28.25,56.625,49.94320073298651,14.75,19.5,75.44999999999999,0.0,6.5,0.5394031407189301,6.125,21.5,0.28886810653115,12.5,0.0,111.75,114.5,43.5,50.5,20.5,40.875,9.25,31.625,25.25,13.5,1.9319196428571428,14.5,41.375,35.025,25.25,44.875,56.2923609014703,20.5,27.125,74.21249999999999,0.0,8.625,0.6475446428571429,4.125,18.75,0.24378522159852084,13.5,0.0,126.75
109,119,2017-01-17,1,1,2016-17,Brooklyn Nets,Toronto Raptors,102.25,34.875,53.5,13.875,44.0,8.0,36.0,22.0,16.625,1.374222871426819,11.625,34.125,33.887499999999996,26.75,53.375,50.13284253800427,13.875,18.125,75.5125,0.0,6.375,0.3907387386005807,4.75,22.375,0.22837409420289856,16.625,0.0,109.375,113.5,26.25,63.75,23.5,43.625,11.25,32.375,17.25,12.625,1.686643217893218,8.75,23.0,38.7625,31.875,62.625,51.218635737995854,23.5,28.25,82.6875,0.0,8.25,0.8681914302802461,5.875,20.75,0.2901376770804015,12.625,0.0,126.125
104,101,2017-01-18,1,1,2016-17,Washington Wizards,Memphis Grizzlies,106.625,30.375,64.5,11.75,44.0,9.625,34.375,25.0,14.125,1.9973352627764394,10.125,24.75,42.2125,32.25,63.625,51.239310608741874,11.75,14.625,78.8125,0.0,8.125,0.6398548755166402,4.5,19.125,0.23800304227935806,14.125,0.0,125.25,105.625,33.0,56.75,15.875,42.5,10.25,32.25,23.5,11.75,2.2268668831168834,11.0,29.25,37.2125,28.375,57.75,49.305008049299246,15.875,20.375,78.3125,0.0,8.375,0.7570616883116883,2.75,24.375,0.11160830610664665,11.75,0.0,118.875
94,89,2017-01-18,1,1,2016-17,Philadelphia 76ers,Toronto Raptors,104.25,31.875,51.0,21.375,45.5,11.625,33.875,23.875,15.875,1.5683201773912587,10.625,31.75,33.0,25.5,53.375,48.53772840712191,21.375,27.0,78.4625,0.0,8.5,0.5429363828391288,6.125,21.875,0.271307646732502,15.875,0.0,117.75,113.0,26.25,65.25,21.5,44.125,11.875,32.25,17.25,11.875,1.771018217893218,8.75,23.25,37.9875,32.625,64.5,50.82893332892641,21.5,26.25,81.52499999999999,0.0,8.625,0.9291289302802461,5.5,20.0,0.28461136129092784,11.875,0.0,125.5
121,100,2017-01-18,1,1,2016-17,Golden State Warriors,Oklahoma City Thunder,119.5,35.25,65.75,18.5,44.75,8.25,36.5,31.875,15.0,2.1571264825860412,11.75,30.375,38.8875,32.875,57.625,57.25716535078172,18.5,23.5,79.1,0.0,9.25,0.6065545871612048,6.0,17.625,0.3325284090909091,15.0,0.0,148.0,108.375,26.25,62.0,20.125,47.0,11.875,35.125,21.0,14.5,1.5274866854636593,8.75,28.0,30.4625,31.0,59.5,52.27047801868113,20.125,25.0,80.1375,0.0,8.0,0.5526119987468672,5.25,21.375,0.26205592452034576,14.5,0.0,122.5
118,95,2017-01-18,1,1,2016-17,Detroit Pistons,Atlanta Hawks,105.375,26.25,65.75,13.375,42.875,9.75,33.125,20.375,11.5,2.0510531135531136,8.75,25.125,35.025,32.875,65.625,49.83364007092923,13.375,18.25,72.675,0.0,7.625,0.6832417582417583,5.25,19.625,0.2621948532810947,11.5,0.0,116.0,107.25,32.625,57.25,17.375,44.5,10.125,34.375,24.5,13.0,1.9360275689223059,10.875,25.375,43.2875,28.625,59.625,47.86787907754014,17.375,24.25,73.27499999999999,0.0,8.875,0.7080200501253133,5.0,16.375,0.3038690476190476,13.0,0.0,124.75
111,92,2017-01-18,1,1,2016-17,Houston Rockets,Milwaukee Bucks,114.75,42.375,51.0,21.375,41.875,9.75,32.125,24.75,13.875,1.8694196428571428,14.125,41.375,34.0625,25.5,45.375,56.26107179008107,21.375,28.0,75.1125,0.0,8.5,0.6281001984126985,3.375,19.25,0.17347272159852084,13.875,0.0,125.625,105.25,25.125,62.25,17.875,38.25,9.0,29.25,24.75,13.875,1.8139116704374056,8.375,19.875,42.800000000000004,31.125,61.0,51.1671365914787,17.875,23.375,77.02499999999999,0.0,8.625,0.6114111990950227,5.5,19.375,0.29270409880199216,13.875,0.0,121.625
100,106,2017-01-18,1,1,2016-17,Sacramento Kings,Indiana Pacers,106.25,30.375,54.75,21.125,38.75,8.75,30.0,22.625,15.5,1.737440352475182,10.125,26.0,39.375,27.375,53.125,51.208155035692755,21.125,25.25,83.55,0.0,8.0,0.5424936744112441,3.75,19.5,0.19780164899333258,15.5,0.0,118.125,113.5,27.75,65.5,20.25,41.5,7.875,33.625,25.5,13.0,2.1815268065268065,9.25,22.375,41.5375,32.75,61.875,52.855841469570244,20.25,23.625,85.10000000000001,0.0,8.375,0.6828962703962704,5.125,17.875,0.36851978840125393,13.0,0.0,135.375
118,98,2017-01-18,1,1,2016-17,New Orleans Pelicans,Orlando Magic,99.5,33.0,52.5,14.0,43.75,8.125,35.625,21.75,13.25,1.7069452606217312,11.0,28.5,38.5125,26.25,58.0,45.4161543920555,14.0,18.375,76.5125,0.0,7.25,0.5455633826957356,5.625,16.75,0.3426191090471276,13.25,0.0,111.0,103.125,28.125,60.5,14.5,42.0,11.125,30.875,23.625,15.0,1.611500754147813,9.375,26.5,35.9125,30.25,61.375,49.49242162326911,14.5,19.375,75.375,0.0,7.625,0.5192137111254758,3.25,18.625,0.17790524104378594,15.0,0.0,111.5
106,117,2017-01-18,1,1,2016-17,Boston Celtics,New York Knicks,111.625,48.375,46.5,16.75,39.5,8.625,30.875,25.625,13.625,1.9310515873015874,16.125,36.25,44.6625,23.25,46.875,49.9637664473573,16.75,19.875,84.7375,0.0,6.0,0.4532738095238096,5.0,16.75,0.31150568181818183,13.625,0.0,127.25,104.25,30.0,60.5,13.75,43.125,11.875,31.25,22.5,15.25,1.4973651960784313,10.0,26.375,37.5375,30.25,60.625,49.71155082712056,13.75,18.75,74.44999999999999,0.0,6.625,0.4332704876822524,5.625,19.875,0.2883453271659541,15.25,0.0,115.125
107,85,2017-01-18,1,1,2016-17,Charlotte Hornets,Portland Trail Blazers,105.875,27.75,55.25,22.875,42.375,9.25,33.125,22.125,12.75,2.0403535609127714,9.25,25.625,35.275000000000006,27.625,58.125,47.8473280117346,22.875,26.375,86.1,0.0,5.75,0.47199806772175196,4.875,18.875,0.25850223384548326,12.75,0.0,117.875,109.25,30.0,62.25,17.0,45.375,9.75,35.625,24.5,14.0,1.784210668072897,10.0,28.375,34.95,31.125,59.625,52.70864394144754,17.0,23.0,73.125,0.0,6.625,0.48869628823189193,6.875,19.375,0.3704980262255804,14.0,0.0,125.75
110,113,2017-01-19,1,1,2016-17,New York Knicks,Washington Wizards,105.875,28.875,62.25,14.75,44.5,12.25,32.25,22.625,15.625,1.4583026960784313,9.625,26.0,36.7375,31.125,60.625,51.03730840287813,14.75,19.5,77.575,0.0,5.75,0.36235702614379084,6.25,20.5,0.31027515172735765,15.625,0.0,118.75,108.25,31.125,63.5,13.625,44.0,10.25,33.75,25.5,13.5,2.1094676157176155,10.375,25.125,42.775000000000006,31.75,62.375,51.544678657600755,13.625,16.375,80.97500000000001,0.0,7.875,0.6465950715950716,4.625,19.625,0.24109828037459619,13.5,0.0,128.625
118,104,2017-01-19,1,1,2016-17,San Antonio Spurs,Denver Nuggets,114.875,32.25,64.0,18.625,41.0,7.875,33.125,27.25,11.5,2.713020833333333,10.75,24.75,44.087500000000006,32.0,59.125,53.942652034690575,18.625,23.25,80.01249999999999,0.0,6.625,0.6662202380952381,6.625,19.0,0.3927921455938697,11.5,0.0,139.125,118.875,33.375,68.0,17.5,43.375,11.375,32.0,29.125,14.0,2.0879272688096218,11.125,29.25,37.725,34.0,60.625,56.291245134045134,17.5,22.125,80.5375,0.0,7.625,0.5457120085796556,3.875,19.375,0.2155859800720734,14.0,0.0,139.5
101,104,2017-01-19,1,1,2016-17,LA Clippers,Minnesota Timberwolves,106.75,28.875,58.75,19.125,46.0,8.75,37.25,23.375,14.125,1.965597571610536,9.625,26.5,36.8375,29.375,54.5,53.96788896376161,19.125,25.75,76.04999999999998,0.0,6.25,0.49826541653650785,5.5,20.125,0.2836436932632585,14.125,0.0,125.125,100.625,19.125,63.25,18.25,43.625,9.75,33.875,24.125,15.875,1.5591739766081871,6.375,19.125,34.15,31.625,61.0,52.028607229513135,18.25,22.125,81.82499999999999,0.0,7.25,0.4685489766081871,4.625,20.375,0.2218119873547505,15.875,0.0,118.375
118,103,2017-01-19,1,1,2016-17,Cleveland Cavaliers,Phoenix Suns,101.125,30.0,51.0,20.125,43.5,11.0,32.5,16.25,15.125,1.1403044871794872,10.0,31.875,31.1,25.5,53.75,47.681136967427875,20.125,26.25,77.46249999999999,0.0,8.25,0.5860176282051281,3.375,17.125,0.21032479034123772,15.125,0.0,101.125,102.25,21.375,63.75,17.125,44.75,13.25,31.5,17.0,14.5,1.20606737012987,7.125,20.0,35.5625,31.875,65.25,49.45480119831392,17.125,20.375,83.27499999999999,0.0,7.0,0.515602453102453,4.0,23.375,0.1826004291087539,14.5,0.0,111.0
99,95,2017-01-19,1,1,2016-17,Miami Heat,Dallas Mavericks,99.125,27.75,55.5,15.875,41.5,8.5,33.0,22.125,13.0,1.8843334023432707,9.25,28.375,32.775000000000006,27.75,56.5,49.24581839559889,15.875,21.25,75.0375,0.0,7.0,0.5524239740522635,5.25,22.0,0.24407643986448335,13.0,0.0,108.75,98.875,35.25,50.5,13.125,36.0,6.375,29.625,22.375,12.125,1.9035984848484848,11.75,31.0,38.1625,25.25,50.75,49.65087798872546,13.125,16.125,81.33749999999999,0.0,6.875,0.6087932900432901,4.875,19.75,0.2726388888888889,12.125,0.0,109.125
112,96,2017-01-20,1,1,2016-17,Orlando Magic,Milwaukee Bucks,101.0,26.625,60.0,14.375,43.0,10.0,33.0,21.5,15.625,1.3999622926093513,8.875,26.625,34.1625,30.0,60.875,49.49242162326911,14.375,19.0,76.675,0.0,7.125,0.46472653163829636,3.375,17.875,0.19754809818664307,15.625,0.0,107.125,104.5,25.125,62.0,17.375,39.625,10.0,29.625,25.375,14.625,1.7757172259929612,8.375,21.0,41.325,31.0,61.625,50.47803402737613,17.375,22.125,79.0375,0.0,9.125,0.6253000879839115,6.0,19.0,0.33472090552468126,14.625,0.0,122.0
114,143,2017-01-20,1,1,2016-17,New Orleans Pelicans,Brooklyn Nets,101.25,34.125,53.75,13.375,44.125,8.625,35.5,22.5,12.75,1.8842956879721586,11.375,29.375,38.550000000000004,26.875,58.125,46.41082857751916,13.375,18.125,73.9125,0.0,8.125,0.6598796220119749,5.625,16.875,0.33861269879071737,12.75,0.0,114.875,104.75,35.25,55.0,14.5,43.625,8.375,35.25,22.875,16.375,1.4581972304011779,11.75,34.0,34.475,27.5,54.875,50.06281452679978,14.5,18.25,77.7375,0.0,6.625,0.4163797642416064,4.875,22.25,0.23659777841342486,16.375,0.0,113.0
108,95,2017-01-20,1,1,2016-17,Los Angeles Lakers,Indiana Pacers,105.375,26.25,60.5,18.625,43.625,10.875,32.75,21.125,12.25,1.7725912975912976,8.75,26.5,33.4875,30.25,62.0,48.92811490078898,18.625,25.75,72.86250000000001,0.0,6.25,0.5412441724941724,3.625,21.25,0.17588744588744587,12.25,0.0,111.125,113.625,26.25,67.5,19.875,41.25,8.25,33.0,25.25,13.25,2.1340909090909093,8.75,21.5,40.787499999999994,33.75,62.25,54.38089593580118,19.875,23.125,85.25,0.0,8.5,0.6784090909090909,5.0,16.875,0.369135551948052,13.25,0.0,135.875
93,92,2017-01-20,1,1,2016-17,Philadelphia 76ers,Portland Trail Blazers,100.5,28.875,51.25,20.375,45.75,10.375,35.375,23.25,17.25,1.397865631936713,9.625,30.625,31.099999999999998,25.625,52.25,49.834024703418216,20.375,26.0,77.8375,0.0,8.5,0.5145272919300379,6.375,20.375,0.2940349194597748,17.25,0.0,113.875,108.0,30.75,61.0,16.25,46.5,11.125,35.375,25.125,14.25,1.8087642395014685,10.25,29.5,34.7625,30.5,61.125,50.316020225294416,16.25,20.875,78.03750000000001,0.0,6.625,0.4775355739461777,7.375,18.375,0.45423008364184836,14.25,0.0,124.875
107,91,2017-01-20,1,1,2016-17,Memphis Grizzlies,Sacramento Kings,104.25,29.625,56.25,18.375,43.125,10.875,32.25,22.875,12.375,1.988771645021645,9.875,28.0,35.1375,28.125,58.5,48.20255446839739,18.375,23.5,78.5125,0.0,8.625,0.7332521645021645,2.5,24.375,0.09910830610664666,12.375,0.0,115.375,106.5,29.625,56.25,20.625,38.375,8.625,29.75,24.0,16.5,1.7406454806803104,9.875,25.125,39.824999999999996,28.125,54.0,51.89888587348242,20.625,25.125,82.1125,0.0,8.375,0.538372795290365,4.0,20.75,0.1949607399024235,16.5,0.0,119.125
102,93,2017-01-20,1,1,2016-17,Atlanta Hawks,Chicago Bulls,104.875,29.625,56.25,19.0,42.75,9.75,33.0,24.125,13.125,1.8871493637941006,9.875,25.0,40.0375,28.125,58.25,48.0595064360307,19.0,25.5,75.6625,0.0,8.25,0.6551354347406979,4.75,16.375,0.29196428571428573,13.125,0.0,119.875,103.0,23.25,60.25,19.5,47.625,12.75,34.875,21.0,13.0,1.6568195693195693,7.75,21.625,34.9375,30.125,66.25,45.7619450080298,19.5,24.75,78.2,0.0,7.375,0.5846583971583972,3.375,18.0,0.20406722906722907,13.0,0.0,114.125
108,125,2017-01-20,1,1,2016-17,Houston Rockets,Golden State Warriors,113.875,42.0,51.75,20.125,42.25,10.25,32.0,24.5,13.875,1.8444196428571429,14.0,42.0,33.224999999999994,25.875,45.875,56.45402131031469,20.125,26.125,75.525,0.0,8.875,0.6656001984126984,4.5,18.875,0.2429580157161679,13.875,0.0,126.125,121.125,34.875,67.0,19.25,45.125,9.125,36.0,32.375,15.625,2.1021051150646737,11.625,28.875,40.675000000000004,33.5,59.25,56.69037613509545,19.25,25.0,77.0625,0.0,10.0,0.6348665529731706,6.5,18.125,0.35336174242424245,15.625,0.0,150.75
113,78,2017-01-20,1,1,2016-17,Charlotte Hornets,Toronto Raptors,105.625,28.5,55.0,22.125,43.875,9.0,34.875,22.625,12.625,2.1012509968102075,9.5,25.875,35.875,27.5,59.0,46.81894306941523,22.125,25.625,85.525,0.0,6.75,0.5577352472089314,4.875,18.125,0.27975729457422815,12.625,0.0,119.75,113.875,27.0,65.5,21.375,44.125,11.625,32.5,18.375,11.5,1.8927714646464648,9.0,24.0,38.3375,32.75,64.125,51.281786926941294,21.375,26.375,80.5875,0.0,8.875,0.9713367224880384,5.25,20.875,0.26561626325171217,11.5,0.0,127.625
107,112,2017-01-20,1,1,2016-17,Dallas Mavericks,Utah Jazz,98.375,37.5,48.5,12.375,35.125,5.625,29.5,21.75,12.125,1.8410984848484848,12.5,31.5,39.900000000000006,24.25,48.875,49.548418972332016,12.375,15.625,78.45,0.0,6.0,0.5212932900432901,4.375,20.75,0.2184722222222222,12.125,0.0,106.625,100.0,29.625,54.0,16.375,43.25,10.25,33.0,21.75,13.875,1.7645417469527376,9.875,25.75,37.8375,27.0,53.625,50.33554447101581,16.375,23.125,70.2125,0.0,7.125,0.5678730325402152,4.25,18.5,0.24075257495342633,13.875,0.0,113.25
115,118,2017-01-21,1,1,2016-17,Cleveland Cavaliers,San Antonio Spurs,104.625,34.875,50.0,19.75,41.0,10.125,30.875,17.875,15.0,1.2885416666666667,11.625,33.25,34.325,25.0,51.75,48.72567776364388,19.75,25.875,76.92500000000001,0.0,8.0,0.5723958333333333,3.625,18.5,0.20311325187969925,15.0,0.0,105.625,115.625,32.25,64.5,18.875,40.5,7.5,33.0,27.375,11.0,2.869270833333333,10.75,24.125,45.0375,32.25,59.25,54.230970487071524,18.875,23.625,79.71249999999999,0.0,7.5,0.8016369047619049,6.5,18.75,0.38997259672168927,11.0,0.0,141.375
113,112,2017-01-21,1,1,2016-17,Detroit Pistons,Washington Wizards,106.75,26.625,66.25,13.875,44.375,10.75,33.625,21.75,11.5,2.1568223443223444,8.875,25.5,34.9125,33.125,65.875,50.017115449717096,13.875,19.0,72.76249999999999,0.0,7.5,0.6736263736263737,4.625,21.0,0.22747263105887247,11.5,0.0,119.0,109.25,31.875,63.75,13.625,44.25,10.875,33.375,25.75,14.125,2.0136342823842823,10.625,25.375,43.262499999999996,31.875,61.625,52.415934417969424,13.625,16.375,80.975,0.0,8.0,0.6299284049284049,4.375,19.625,0.22794038563775407,14.125,0.0,130.25
123,98,2017-01-21,1,1,2016-17,Denver Nuggets,LA Clippers,116.625,33.0,67.75,15.875,43.125,11.375,31.75,28.875,14.5,1.9833818142641673,11.0,29.75,36.675000000000004,33.875,61.0,55.775894256852155,15.875,20.25,80.08749999999999,0.0,7.625,0.5305604934281405,4.625,18.5,0.25683091934332847,14.5,0.0,136.125,108.375,27.375,62.5,18.5,46.375,9.625,36.75,24.625,13.375,2.1353836678672207,9.125,25.5,35.775,31.25,57.0,54.88669238256503,18.5,26.125,72.1125,0.0,6.875,0.5711263791033527,5.75,19.625,0.29935797897754424,13.375,0.0,128.875
95,119,2017-01-21,1,1,2016-17,Memphis Grizzlies,Houston Rockets,104.875,30.0,58.0,16.875,45.5,12.125,33.375,23.25,13.0,1.938771645021645,10.0,27.625,36.0125,29.0,59.625,48.90413549606537,16.875,22.25,77.0875,0.0,8.625,0.7082521645021644,2.875,25.375,0.11212913943997999,13.0,0.0,118.5,114.875,39.0,54.75,21.125,41.75,10.375,31.375,24.5,13.75,1.8579613095238097,13.0,40.25,31.9,27.375,48.875,55.72296238253445,21.125,26.875,78.65,0.0,8.375,0.638516865079365,4.75,19.125,0.2566835059122463,13.75,0.0,126.0
123,127,2017-01-21,1,1,2016-17,Boston Celtics,Portland Trail Blazers,110.25,45.375,47.75,17.125,39.875,9.125,30.75,25.25,12.25,2.722718253968254,15.125,36.375,41.4375,23.875,48.875,49.31721472321937,17.125,19.875,86.025,0.0,6.25,0.7330357142857142,5.75,17.25,0.3554450757575757,12.25,0.0,126.125,104.875,28.5,60.75,15.625,46.75,11.25,35.5,24.25,13.75,1.793492746288799,9.5,28.625,32.9375,30.375,62.0,49.581893241167435,15.625,20.875,75.8,0.0,6.625,0.4956351214574899,7.5,17.625,0.4676916221033868,13.75,0.0,120.25
102,99,2017-01-21,1,1,2016-17,Chicago Bulls,Sacramento Kings,101.375,21.0,60.0,20.375,47.375,12.75,34.625,20.375,14.5,1.5256657231657234,7.0,21.375,32.65,30.0,66.0,45.76623317269532,20.375,25.25,80.875,0.0,7.875,0.5677353202353203,3.625,17.875,0.21999860161624865,14.5,0.0,110.875,102.875,27.75,53.75,21.375,38.625,8.625,30.0,23.0,16.75,1.5593954806803105,9.25,25.125,37.675000000000004,26.875,52.5,51.13256780640705,21.375,26.875,79.3,0.0,8.625,0.5414977952903649,4.5,21.75,0.21144425638593994,16.75,0.0,113.875
105,107,2017-01-21,1,1,2016-17,New York Knicks,Phoenix Suns,105.125,26.625,64.0,14.5,44.625,12.625,32.0,21.5,15.0,1.4590129233511586,8.875,26.125,33.324999999999996,32.0,61.375,51.83276294833268,14.5,18.875,78.64999999999999,0.0,6.0,0.40283998068924537,6.0,19.625,0.3102751517273576,15.0,0.0,117.25,104.375,20.25,64.75,19.375,45.375,14.0,31.375,18.75,15.125,1.2834821428571428,6.75,20.25,33.050000000000004,32.375,64.75,50.5262297697425,19.375,23.0,84.60000000000001,0.0,7.5,0.5255456349206348,4.25,23.5,0.1934229399312647,15.125,0.0,115.625
110,93,2017-01-21,1,1,2016-17,Atlanta Hawks,Philadelphia 76ers,103.75,29.25,55.25,19.25,42.875,10.625,32.25,23.625,13.875,1.789827935222672,9.75,25.375,38.575,27.625,58.0,47.45466772635329,19.25,25.625,76.49999999999999,0.0,8.75,0.6479925775978408,4.75,17.25,0.28045112781954884,13.875,0.0,117.5,100.5,30.75,50.75,19.0,46.375,10.5,35.875,24.0,17.625,1.4139018161472394,10.25,30.25,33.5375,25.375,53.5,48.46385399362486,19.0,24.875,74.875,0.0,8.0,0.4758759761405642,6.5,20.375,0.2999873004121557,17.625,0.0,113.75
109,100,2017-01-21,1,1,2016-17,Utah Jazz,Indiana Pacers,101.0,28.5,54.75,17.75,45.5,11.125,34.375,20.5,14.5,1.5905360651345557,9.5,25.375,36.9,27.375,54.125,50.5587587567301,17.75,25.375,69.0625,0.0,7.25,0.5508275779947607,4.5,19.625,0.2427322129624761,14.5,0.0,114.0,111.625,27.0,65.75,18.875,40.625,8.25,32.375,25.0,14.5,1.9814935064935066,9.0,22.0,41.075,32.875,61.625,53.41173917292625,18.875,22.5,83.41250000000001,0.0,9.75,0.7000541125541127,5.0,15.625,0.39754464285714286,14.5,0.0,132.125
112,105,2017-01-21,1,1,2016-17,Charlotte Hornets,Brooklyn Nets,105.875,29.625,54.0,22.25,46.0,9.5,36.5,22.625,12.625,2.1012509968102075,9.875,26.625,35.95,27.0,57.875,46.93257943305159,22.25,26.0,84.6625,0.0,7.0,0.5733602472089314,5.0,17.375,0.2984819909305035,12.625,0.0,122.5,109.0,34.5,57.25,17.25,44.5,8.5,36.0,23.125,16.75,1.4341587688627162,11.5,33.0,35.1375,28.625,55.0,52.076602625493535,17.25,21.0,79.55000000000001,0.0,6.625,0.40736534116468326,4.625,22.625,0.21527424900166015,16.75,0.0,119.5
109,97,2017-01-21,1,1,2016-17,Miami Heat,Milwaukee Bucks,99.25,25.875,56.75,16.625,42.25,8.875,33.375,21.0,13.125,1.7777628895227577,8.625,27.625,31.675,28.375,56.75,50.230835043767584,16.625,22.625,73.9375,0.0,6.75,0.5283855125138021,4.875,21.125,0.22968250047054395,13.125,0.0,107.625,103.375,25.5,61.0,16.875,39.375,10.375,29.0,25.5,14.5,1.802159533685269,8.5,20.625,42.3125,30.5,62.625,48.650447820479584,16.875,21.5,78.8125,0.0,9.0,0.6204923956762192,5.75,20.25,0.3080542388580146,14.5,0.0,119.625
122,73,2017-01-22,1,1,2016-17,Dallas Mavericks,Los Angeles Lakers,97.625,34.125,51.25,12.25,35.25,6.5,28.75,21.875,11.875,1.876354895104895,11.375,30.375,37.6125,25.625,51.125,50.16832386363637,12.25,16.125,76.3625,0.0,6.0,0.5264214951714952,4.25,21.375,0.21023046398046397,11.875,0.0,104.75,105.25,27.75,60.75,16.75,45.0,11.625,33.375,22.625,13.875,1.7427617521367522,9.25,26.75,34.75,30.375,61.875,49.26902399169807,16.75,23.5,72.6375,0.0,7.25,0.539823717948718,3.625,20.625,0.1796374458874459,13.875,0.0,114.125
103,115,2017-01-22,1,1,2016-17,Toronto Raptors,Phoenix Suns,111.0,26.625,64.0,20.375,42.625,10.0,32.625,17.875,12.5,1.5594381313131311,8.875,25.125,36.487500000000004,32.0,62.375,51.19250121265558,20.375,24.625,82.825,0.0,8.5,0.7317533891547049,5.125,21.0,0.25739257904118584,12.5,0.0,121.75,105.5,22.875,62.5,20.125,44.875,13.375,31.5,17.875,15.25,1.1985462454212454,7.625,21.375,36.075,31.25,61.5,50.94784273375229,20.125,23.625,85.4875,0.0,7.25,0.497500763125763,4.25,22.125,0.20395933839869765,15.25,0.0,117.0
111,108,2017-01-22,1,1,2016-17,Minnesota Timberwolves,Denver Nuggets,102.25,18.375,65.5,18.375,43.125,10.25,32.875,24.75,15.375,1.643499373433584,6.125,18.125,34.4125,32.75,62.25,52.858982483062825,18.375,22.75,80.07499999999999,0.0,6.75,0.4467235797827903,4.125,20.0,0.2024667492595124,15.375,0.0,119.75,117.125,33.375,67.0,16.75,42.75,10.625,32.125,28.5,13.875,2.0833818142641674,11.125,28.375,38.675000000000004,33.5,60.625,55.53238776334566,16.75,21.25,80.4625,0.0,6.875,0.49722716009480716,4.375,17.875,0.24492615743856658,13.875,0.0,136.875
98,118,2017-01-22,1,1,2016-17,Orlando Magic,Golden State Warriors,103.5,26.25,61.0,16.25,44.625,10.5,34.125,22.25,14.75,1.5727564102564102,8.75,26.625,33.725,30.5,61.0,50.237599881597575,16.25,21.625,75.10000000000001,0.0,7.125,0.511050061050061,3.375,18.75,0.18468045112781956,14.75,0.0,112.375,120.875,36.375,65.25,19.25,44.875,8.625,36.25,32.0,15.875,2.0347974227569816,12.125,30.5,40.112500000000004,32.625,56.875,57.569227675711694,19.25,25.0,77.0625,0.0,10.125,0.634225527332145,7.125,18.625,0.38411571067821065,15.875,0.0,150.75
99,109,2017-01-23,1,1,2016-17,Charlotte Hornets,Washington Wizards,104.5,31.5,53.25,19.75,46.375,9.0,37.375,22.75,12.875,2.0671600877192984,10.5,27.375,37.1,26.625,57.375,46.69219481766698,19.75,22.625,85.825,0.0,6.875,0.5497588486075328,4.25,17.0,0.26673595918447174,12.875,0.0,121.375,109.25,30.375,63.0,15.875,46.0,11.875,34.125,24.75,13.875,1.9769209956709957,10.125,25.875,40.3,31.5,62.625,50.92133252863069,15.875,19.375,79.7125,0.0,9.125,0.7374458874458875,3.875,20.125,0.19637472907209746,13.875,0.0,128.75
95,97,2017-01-23,1,1,2016-17,Utah Jazz,Oklahoma City Thunder,103.0,28.125,56.25,18.625,45.0,10.875,34.125,21.5,13.875,1.6995586215255332,9.375,25.875,35.650000000000006,28.125,55.0,51.065834228428216,18.625,26.75,68.1125,0.0,8.375,0.6358839689722043,4.375,18.75,0.2450049402352034,13.875,0.0,116.875,106.875,25.875,61.25,19.75,45.125,11.75,33.375,21.125,15.125,1.482373903508772,8.625,27.75,30.287499999999998,30.625,59.0,52.068865115455324,19.75,24.5,80.3375,0.0,8.625,0.5714089912280702,5.625,20.25,0.2840500594177065,15.125,0.0,120.0
105,115,2017-01-23,1,1,2016-17,Atlanta Hawks,LA Clippers,105.125,28.5,57.5,19.125,41.875,10.5,31.375,23.75,13.75,1.8124469828417196,9.5,25.0,38.0625,28.75,58.5,48.73436081022968,19.125,26.375,73.26249999999999,0.0,8.625,0.6444211490264122,4.625,17.75,0.26160192147034256,13.75,0.0,117.75,107.0,28.5,62.5,16.0,44.375,9.375,35.0,25.375,12.125,2.342986007048507,9.5,27.5,34.2125,31.25,57.0,54.88669238256503,16.0,22.375,75.39999999999999,0.0,7.375,0.6339918761793762,4.625,19.875,0.244751353718745,12.125,0.0,126.5
127,114,2017-01-23,1,1,2016-17,Milwaukee Bucks,Houston Rockets,101.625,23.25,61.0,17.375,40.125,11.125,29.0,24.625,14.0,1.795341351867087,7.75,20.125,39.662499999999994,30.5,63.25,48.15644899143977,17.375,22.0,79.19999999999999,0.0,8.625,0.6136742138580374,4.625,20.125,0.2495747066942719,14.0,0.0,115.875,113.625,40.875,52.25,20.5,42.625,9.875,32.75,24.5,13.5,1.8925766941391942,13.625,40.75,33.05,26.125,47.25,55.36821522051174,20.5,26.125,78.6625,0.0,8.625,0.6692860958485959,4.75,19.5,0.2525925968213372,13.5,0.0,126.75
103,109,2017-01-23,1,1,2016-17,Indiana Pacers,New York Knicks,109.5,27.375,64.5,17.625,39.375,7.75,31.625,23.625,15.25,1.7883116883116883,9.125,21.75,42.2125,32.25,60.75,53.13076329573327,17.625,21.625,80.775,0.0,10.375,0.7167653425006366,4.75,16.5,0.37478649068322983,15.25,0.0,127.25,104.625,26.25,64.25,14.125,46.375,13.75,32.625,20.875,14.5,1.4674970862470862,8.75,24.875,35.0375,32.125,62.875,50.91364530127385,14.125,17.875,80.7375,0.0,5.625,0.3943558177933178,5.5,19.125,0.29256681839402426,14.5,0.0,117.875
124,122,2017-01-23,1,1,2016-17,New Orleans Pelicans,Cleveland Cavaliers,105.25,34.125,56.5,14.625,44.375,9.875,34.5,21.875,12.25,1.9259623546388254,11.375,30.375,37.3125,28.25,59.25,47.810760426678634,14.625,19.75,74.4,0.0,8.375,0.7132984254307784,5.875,17.625,0.33861269879071737,12.25,0.0,118.375,107.25,36.75,51.5,19.0,41.375,9.5,31.875,19.375,15.375,1.3538194444444445,12.25,34.375,35.1,25.75,51.625,50.13977334743093,19.0,25.625,74.36250000000001,0.0,8.125,0.5710069444444444,3.5,18.5,0.19530075187969925,15.375,0.0,109.625
86,112,2017-01-23,1,1,2016-17,Brooklyn Nets,San Antonio Spurs,108.625,37.5,54.5,16.625,43.0,7.75,35.25,24.25,16.125,1.563858016983017,12.5,34.375,36.575,27.25,53.25,51.10433195929194,16.625,20.5,78.36250000000001,0.0,7.0,0.44824879981129984,4.875,20.5,0.23365660194283663,16.125,0.0,119.875,116.625,31.125,66.5,19.0,40.875,8.0,32.875,27.375,10.875,2.888318452380952,10.375,24.375,43.075,33.25,61.25,54.072240328341366,19.0,23.5,81.2625,0.0,7.375,0.796875,5.375,19.25,0.3198968391459317,10.875,0.0,140.25
104,109,2017-01-23,1,1,2016-17,Detroit Pistons,Sacramento Kings,106.375,27.0,64.75,14.625,45.25,10.375,34.875,21.0,12.75,1.9255723443223443,9.0,25.375,35.5125,32.375,64.75,49.811482349019194,14.625,20.25,71.4375,0.0,8.0,0.6673763736263737,4.5,22.0,0.2130964127352857,12.75,0.0,118.0,102.5,28.125,52.75,21.625,40.375,9.25,31.125,22.25,15.875,1.6182190100920752,9.375,25.875,37.0,26.375,52.5,50.27049884088981,21.625,27.375,78.525,0.0,8.5,0.5701742658786002,4.75,21.125,0.22522531228656106,15.875,0.0,114.125
105,102,2017-01-23,1,1,2016-17,Miami Heat,Golden State Warriors,101.625,28.5,56.25,16.875,41.75,7.625,34.125,21.0,13.0,1.7921859664458348,9.5,28.5,33.825,28.125,54.125,52.16293767205294,16.875,23.375,72.5125,0.0,6.75,0.5347957689240583,4.75,21.25,0.22356837003576133,13.0,0.0,111.375,120.0,38.625,63.25,18.125,46.5,9.25,37.25,31.5,16.375,1.9540956683710167,12.875,31.25,41.25,31.625,56.375,56.08820973662116,18.125,23.75,76.575,0.0,9.375,0.5701904396128468,6.5,18.0,0.361199044011544,16.375,0.0,148.75
103,93,2017-01-24,1,1,2016-17,Denver Nuggets,Utah Jazz,116.5,29.25,70.0,17.25,43.875,11.625,32.25,28.125,14.375,2.0050087983911515,9.75,26.625,36.4,35.0,62.375,56.54140030253061,17.25,22.25,78.0875,0.0,6.875,0.48532239819004525,4.75,18.0,0.26320101123973616,14.375,0.0,136.5,103.125,27.0,58.0,18.125,45.375,10.625,34.75,20.625,13.875,1.6120586215255335,9.0,25.625,34.275000000000006,29.0,56.125,51.6610723236663,18.125,26.5,66.9375,0.0,8.125,0.6108839689722043,4.5,18.625,0.2541423671357882,13.875,0.0,115.75
121,110,2017-01-24,1,1,2016-17,Philadelphia 76ers,LA Clippers,98.875,31.875,49.0,18.0,46.125,10.875,35.25,23.625,18.5,1.3173109070563305,10.625,30.375,34.699999999999996,24.5,53.25,46.9582517527285,18.0,23.875,74.225,0.0,7.875,0.4463305215951097,5.875,19.875,0.2796783759270298,18.5,0.0,109.5,107.0,30.375,62.5,14.125,44.5,9.625,34.875,25.375,11.875,2.3831957972582973,10.125,27.625,36.6125,31.25,58.25,53.72002571589836,14.125,19.5,76.17499999999998,0.0,7.25,0.6313694985569985,5.0,19.375,0.2702090196226352,11.875,0.0,127.375
92,100,2017-01-24,1,1,2016-17,Orlando Magic,Chicago Bulls,104.125,25.875,62.25,16.0,43.625,9.625,34.0,23.125,14.375,1.683173076923077,8.625,27.25,32.5,31.125,61.0,51.156717528656394,16.0,22.0,71.925,0.0,7.25,0.5381333943833944,4.0,19.625,0.20848997493734334,14.375,0.0,113.25,98.75,19.125,60.25,19.375,45.875,12.375,33.5,20.0,14.125,1.5524514374514375,6.375,20.0,32.15,30.125,65.625,46.17795912789954,19.375,24.5,79.9375,0.0,8.125,0.6026379176379176,4.25,16.75,0.25935045346810054,14.125,0.0,108.625
106,108,2017-01-24,1,1,2016-17,Toronto Raptors,San Antonio Spurs,109.125,26.25,63.25,19.625,41.875,10.125,31.75,17.75,12.375,1.569665404040404,8.75,24.625,36.5,31.625,62.625,50.28310967826405,19.625,23.625,83.075,0.0,8.25,0.719253389154705,5.5,20.75,0.27898348813209495,12.375,0.0,119.25,114.75,30.0,65.75,19.0,42.0,8.75,33.25,25.875,11.0,2.662624007936508,10.0,24.125,41.9375,32.875,62.125,52.85026025362156,19.0,23.375,81.8625,0.0,7.625,0.8159722222222223,5.0,19.5,0.28999487836161797,11.0,0.0,136.5
111,112,2017-01-24,1,1,2016-17,Phoenix Suns,Minnesota Timberwolves,107.5,22.875,63.5,21.125,44.375,12.625,31.75,17.75,14.875,1.2193795787545787,7.625,21.25,36.3,31.75,61.875,51.49608834778738,21.125,24.375,86.875,0.0,7.125,0.49888965201465196,3.5,22.75,0.17038014585211383,14.875,0.0,118.375,103.0,18.0,66.5,18.5,42.875,9.75,33.125,25.625,16.0,1.6101660401002507,6.0,17.75,34.550000000000004,33.25,62.25,53.57326819734854,18.5,23.25,78.7,0.0,7.375,0.4633902464494569,4.875,21.125,0.2274667492595124,16.0,0.0,122.25
123,108,2017-01-24,1,1,2016-17,Washington Wizards,Boston Celtics,109.5,30.375,63.5,15.625,45.75,10.875,34.875,24.625,13.125,2.023349567099567,10.125,25.0,41.387499999999996,31.75,63.0,50.96940945170762,15.625,19.25,78.86250000000001,0.0,8.5,0.7195887445887447,3.75,20.25,0.18995180417091173,13.125,0.0,129.25,111.25,43.875,49.0,18.375,41.75,10.375,31.375,24.625,13.125,2.600694444444444,14.625,36.875,39.225,24.5,50.625,48.700119659979876,18.375,21.625,84.75,0.0,6.375,0.7241071428571428,5.25,18.125,0.3299748563218391,13.125,0.0,124.5
120,109,2017-01-25,1,1,2016-17,Boston Celtics,Houston Rockets,111.0,40.5,52.0,18.5,40.5,9.875,30.625,24.125,12.625,2.620535714285714,13.5,36.0,37.075,26.0,51.125,51.30754560908292,18.5,21.5,85.7125,0.0,6.875,0.7717261904761904,4.25,17.875,0.2862248563218391,12.625,0.0,123.5,112.75,39.75,52.75,20.25,40.625,9.75,30.875,24.625,15.0,1.7278039668664669,13.25,40.25,32.599999999999994,26.375,47.125,56.122644899360026,20.25,25.5,79.4,0.0,9.0,0.6317860958485959,4.625,20.125,0.23855516366625704,15.0,0.0,123.625
101,99,2017-01-25,1,1,2016-17,Memphis Grizzlies,Toronto Raptors,103.5,29.25,57.25,17.0,45.25,12.375,32.875,21.875,13.375,1.720021645021645,9.75,28.375,34.4125,28.625,59.0,48.733680950610825,17.0,22.625,76.5125,0.0,9.125,0.7290854978354978,2.75,23.625,0.12137961382328169,13.375,0.0,114.5,107.125,24.375,63.5,19.25,42.625,10.875,31.75,16.625,11.625,1.5408192501942504,8.125,24.625,34.0,31.75,63.375,49.751449940496215,19.25,23.375,82.5375,0.0,8.5,0.7597392191142192,6.125,20.75,0.3039834881320949,11.625,0.0,117.125
105,114,2017-01-25,1,1,2016-17,New Orleans Pelicans,Oklahoma City Thunder,109.0,34.5,58.5,16.0,43.125,8.875,34.25,22.75,11.375,2.173879021305492,11.5,30.875,37.075,29.25,58.0,50.74718284047174,16.0,21.75,73.7375,0.0,8.375,0.7716317587641117,6.75,18.125,0.3733349210129396,11.375,0.0,124.75,104.5,23.625,61.5,19.375,44.0,10.75,33.25,21.375,15.375,1.4672223883572566,7.875,26.5,29.0375,30.75,59.25,52.07862311701661,19.375,24.25,79.65,0.0,8.625,0.5562574760765551,5.25,20.5,0.2630873264984518,15.375,0.0,116.375
103,113,2017-01-25,1,1,2016-17,Charlotte Hornets,Golden State Warriors,102.625,30.75,53.25,18.625,45.625,9.5,36.125,23.25,13.25,1.9421600877192984,10.25,28.125,35.4125,26.625,56.5,47.31885264260067,18.625,21.5,85.3,0.0,7.25,0.5591338486075328,4.25,16.5,0.2724567829830987,13.25,0.0,119.125,117.875,38.625,63.25,16.0,46.375,9.25,37.125,32.0,16.125,2.0154795969424453,12.875,31.25,41.25,31.625,57.0,55.41725983421388,16.0,21.375,74.77499999999999,0.0,9.625,0.5958600824699897,6.375,17.875,0.35643713924963927,16.125,0.0,147.0
114,119,2017-01-25,1,1,2016-17,Chicago Bulls,Atlanta Hawks,99.5,19.125,60.5,19.875,46.625,12.0,34.625,19.25,14.375,1.4632905982905982,6.375,20.375,31.525,30.25,64.5,47.2681579915359,19.875,25.5,78.725,0.0,8.875,0.6480924630924632,4.75,17.5,0.2795933684478576,14.375,0.0,110.75,106.125,27.75,59.75,18.625,41.0,10.75,30.25,24.875,13.5,2.0124469828417197,9.25,25.875,35.6875,29.875,59.375,50.0992565077525,18.625,25.625,73.675,0.0,8.625,0.6694211490264121,4.75,18.0,0.2679744704899504,13.5,0.0,118.75
109,114,2017-01-25,1,1,2016-17,Milwaukee Bucks,Philadelphia 76ers,104.875,24.0,63.0,17.875,40.75,11.375,29.375,25.375,14.375,1.8039762202881398,8.0,20.125,40.74999999999999,31.5,63.25,49.91083495635205,17.875,22.875,78.13749999999999,0.0,9.0,0.6161413191211953,5.0,20.125,0.2683247066942719,14.375,0.0,121.75,100.875,32.625,50.5,17.75,45.125,10.875,34.25,25.625,17.625,1.8637852660306893,10.875,30.625,35.3125,25.25,52.5,48.71993513907546,17.75,23.25,75.5125,0.0,7.5,0.5072279574925456,6.125,21.125,0.2753210774520843,17.625,0.0,115.125
103,95,2017-01-25,1,1,2016-17,Dallas Mavericks,New York Knicks,101.0,37.125,51.0,12.875,37.5,7.25,30.25,23.0,11.75,2.0093094405594405,12.375,31.625,39.1875,25.5,50.875,50.189157196969695,12.875,16.375,78.5625,0.0,6.375,0.570739676989677,3.875,20.75,0.19981379731379728,11.75,0.0,111.875,106.25,25.125,64.75,16.375,46.125,13.0,33.125,21.125,14.5,1.4841637529137528,8.375,24.0,34.85,32.375,62.625,51.583288158416714,16.375,20.25,81.65,0.0,6.0,0.41935581779331776,5.875,19.5,0.30645570728291316,14.5,0.0,121.125
106,109,2017-01-25,1,1,2016-17,Brooklyn Nets,Miami Heat,107.5,35.625,54.75,17.125,42.75,7.875,34.875,23.375,15.5,1.5474810116354234,11.875,34.125,34.45,27.375,53.875,50.7585686539698,17.125,20.625,80.60000000000001,0.0,6.5,0.4288637730733319,4.5,19.875,0.22490056329549363,15.5,0.0,116.875,101.375,28.875,56.75,15.75,42.5,8.125,34.375,20.5,12.5,1.8009578962703963,9.625,28.75,33.875,28.375,55.625,51.20920390581918,15.75,23.125,69.15,0.0,6.875,0.55716418997669,4.125,21.125,0.19363415950944554,12.5,0.0,109.125
105,98,2017-01-25,1,1,2016-17,Portland Trail Blazers,Los Angeles Lakers,106.0,27.75,61.25,17.0,45.5,11.375,34.125,23.875,13.875,1.7467894495855023,9.25,27.625,33.3875,30.625,64.375,47.665692992411216,17.0,21.625,78.22500000000001,0.0,7.375,0.5450856709080393,7.375,18.25,0.4571604865722512,13.875,0.0,119.5,98.5,25.125,57.5,15.875,41.25,10.0,31.25,21.25,14.5,1.6076121794871794,8.375,25.875,32.075,28.75,59.875,48.2933452586664,15.875,22.0,73.8875,0.0,6.875,0.5029647435897436,3.875,20.375,0.19327380952380951,14.5,0.0,102.5
112,116,2017-01-25,1,1,2016-17,Cleveland Cavaliers,Sacramento Kings,108.0,39.0,51.25,17.75,41.25,10.25,31.0,20.0,15.375,1.405902777777778,13.0,34.875,36.75,25.625,51.75,49.79886425652184,17.75,23.375,75.85000000000001,0.0,7.125,0.4876736111111111,3.5,19.0,0.19061325187969924,15.375,0.0,110.875,103.875,28.125,53.75,22.0,39.5,9.0,30.5,22.5,16.75,1.430719010092075,9.375,24.75,38.6125,26.875,53.0,50.70190522570431,22.0,27.875,78.475,0.0,9.25,0.5880314087357431,4.75,20.75,0.22939197895322774,16.75,0.0,115.75
109,98,2017-01-26,1,1,2016-17,Oklahoma City Thunder,Dallas Mavericks,103.625,22.875,61.75,19.0,44.75,11.5,33.25,21.5,15.875,1.4151390550239233,7.625,25.375,29.5,30.875,60.625,51.01730236229963,19.0,24.125,78.66250000000001,0.0,8.375,0.5197991427432217,5.25,20.25,0.2707262153873407,15.875,0.0,115.0,103.625,36.0,53.5,14.125,36.875,7.375,29.5,23.125,10.875,2.1878808691308693,12.0,30.375,38.95,26.75,52.25,51.17599930223285,14.125,18.125,77.2125,0.0,6.75,0.6868111055611056,4.375,19.125,0.25773046398046395,10.875,0.0,116.0
96,88,2017-01-26,1,1,2016-17,Utah Jazz,Los Angeles Lakers,104.875,26.25,60.25,18.375,45.0,10.25,34.75,21.25,13.25,1.7070341117216117,8.75,25.5,33.3625,30.125,57.875,52.36968910371166,18.375,26.25,68.85,0.0,7.875,0.6145604395604396,4.5,18.875,0.2522626678876679,13.25,0.0,117.875,96.875,26.25,55.5,15.125,41.75,11.0,30.75,20.375,14.75,1.5197916666666667,8.75,25.625,33.5375,27.75,61.0,45.64419753139367,15.125,20.75,75.6,0.0,6.5,0.46770833333333334,4.375,19.875,0.22968837535014003,14.75,0.0,99.375
103,109,2017-01-26,1,1,2016-17,Minnesota Timberwolves,Indiana Pacers,105.5,17.625,69.0,18.875,42.125,9.25,32.875,25.75,15.875,1.6304785401002506,5.875,17.375,34.587500000000006,34.5,63.125,54.82948710282118,18.875,23.625,79.15,0.0,8.0,0.5066194131161236,5.0,21.125,0.23341913021189337,15.875,0.0,125.625,107.25,26.625,63.75,16.875,39.75,7.875,31.875,22.625,15.25,1.6974025974025975,8.875,23.0,38.5375,31.875,61.0,52.261510422170055,16.875,21.0,79.9375,0.0,10.375,0.7167653425006366,4.375,18.0,0.2904114906832298,15.25,0.0,121.75
127,120,2017-01-26,1,1,2016-17,Denver Nuggets,Phoenix Suns,117.0,30.375,68.25,18.375,44.5,11.125,33.375,28.5,14.5,2.014624183006536,10.125,26.75,37.7125,34.125,61.0,56.23402325335028,18.375,24.0,77.0625,0.0,6.875,0.4805147058823529,5.125,17.75,0.2911421877103244,14.5,0.0,138.375,108.625,22.875,63.5,22.25,43.25,12.0,31.25,18.375,14.75,1.2688587454212454,7.625,21.5,35.75,31.75,61.75,51.581141025574915,22.25,25.625,87.01249999999999,0.0,7.5,0.5259729853479853,3.625,23.0,0.17426213342975355,14.75,0.0,119.375
112,109,2017-01-27,1,1,2016-17,Portland Trail Blazers,Memphis Grizzlies,103.625,23.625,62.0,18.0,46.375,11.625,34.75,21.5,12.875,1.7031291625041625,7.875,25.125,31.362500000000004,31.0,65.875,47.02283584955407,18.0,22.625,80.3125,0.0,7.375,0.569009115884116,7.25,18.375,0.4420089714207361,12.875,0.0,116.5,100.125,28.125,54.5,17.5,45.0,11.75,33.25,20.5,13.125,1.6429383116883118,9.375,27.0,35.175000000000004,27.25,57.25,47.930109522039395,17.5,23.375,76.15,0.0,7.875,0.6311688311688312,3.625,22.25,0.17285020205857582,13.125,0.0,110.5
118,123,2017-01-27,1,1,2016-17,Philadelphia 76ers,Houston Rockets,102.875,34.5,50.0,18.375,44.625,9.75,34.875,26.25,18.875,1.7893805041259274,11.5,30.375,37.9625,25.0,50.25,50.26577735655946,18.375,23.75,76.3875,0.0,7.75,0.49160295749254557,6.5,22.25,0.28871393459494143,18.875,0.0,119.625,113.25,37.875,54.0,21.375,40.375,9.625,30.75,25.25,15.125,1.7539988198076435,12.625,38.875,32.175,27.0,47.25,57.35452895733105,21.375,27.5,78.06250000000001,0.0,9.125,0.6359221252603606,4.75,19.5,0.2515382554536966,15.125,0.0,125.0
110,107,2017-01-27,1,1,2016-17,New York Knicks,Charlotte Hornets,106.0,26.25,63.25,16.5,48.0,14.25,33.75,20.75,14.875,1.4355526418026416,8.75,24.125,36.375,31.625,63.25,49.95851460769208,16.5,20.5,80.8125,0.0,5.625,0.38880026223776226,5.125,19.375,0.2729059237331296,14.875,0.0,119.625,104.875,31.875,54.5,18.5,45.0,10.0,35.0,24.25,13.125,2.0182017543859647,10.625,28.375,36.8375,27.25,58.375,46.916276153067656,18.5,21.0,86.69999999999999,0.0,7.375,0.5700713486075328,4.5,17.0,0.2784091639354797,13.125,0.0,121.5
86,112,2017-01-27,1,1,2016-17,Atlanta Hawks,Washington Wizards,106.375,31.5,57.0,17.875,39.25,9.625,29.625,25.375,13.75,2.0109588876036244,10.5,26.75,38.975,28.5,57.375,49.52843342872597,17.875,23.25,76.9625,0.0,7.875,0.5994806728359361,3.875,18.375,0.2109891763723033,13.75,0.0,118.5,112.25,29.625,65.5,17.125,45.875,11.0,34.875,24.25,12.5,2.044554924242424,9.875,24.75,40.762499999999996,32.75,63.375,52.23413793531417,17.125,20.75,81.23750000000001,0.0,8.375,0.726657196969697,3.5,19.5,0.1864795819486895,12.5,0.0,132.625
119,103,2017-01-27,1,1,2016-17,New Orleans Pelicans,San Antonio Spurs,108.625,34.875,58.5,15.25,43.625,8.875,34.75,22.875,11.375,2.1842956879721585,11.625,30.375,38.125,29.25,59.875,49.23752100472294,15.25,21.25,71.85000000000001,0.0,8.375,0.7716317587641116,7.0,18.5,0.3784979644912005,11.375,0.0,123.75,115.5,27.75,67.75,20.0,41.125,8.375,32.75,24.75,11.625,2.3531001984126987,9.25,22.875,40.81249999999999,33.875,62.875,53.975446542742276,20.0,25.0,80.7125,0.0,7.375,0.7281746031746031,4.75,19.125,0.284042497409237,11.625,0.0,134.25
124,116,2017-01-27,1,1,2016-17,Cleveland Cavaliers,Brooklyn Nets,107.0,39.0,50.25,17.75,42.375,10.25,32.125,21.75,15.125,1.5135416666666668,13.0,35.375,36.175,25.125,51.25,49.34905365046124,17.75,25.25,70.91250000000001,0.0,7.25,0.5001736111111111,3.625,20.125,0.17424420426065163,15.125,0.0,110.875,108.625,36.75,54.0,17.875,40.875,6.625,34.25,23.125,15.125,1.5613699005243122,12.25,34.875,34.775,27.0,52.25,51.481748730598156,17.875,21.0,82.42500000000001,0.0,6.25,0.4191415508511097,4.5,20.0,0.2240672299621603,15.125,0.0,117.25
128,98,2017-01-27,1,1,2016-17,Boston Celtics,Orlando Magic,111.375,37.875,55.5,18.0,40.625,9.5,31.125,25.0,13.625,2.5247023809523808,12.625,35.5,35.125,27.75,51.375,54.11010284964195,18.0,20.875,86.125,0.0,7.375,0.7661706349206349,4.0,18.5,0.27170465430163704,13.625,0.0,125.375,103.75,25.875,62.5,15.375,42.875,8.875,34.0,22.375,14.5,1.6349274628879893,8.625,26.75,33.1125,31.25,60.875,51.43883558421196,15.375,20.875,72.675,0.0,7.5,0.5494638037401196,3.875,19.375,0.20362886382623224,14.5,0.0,112.625
115,111,2017-01-27,1,1,2016-17,Indiana Pacers,Sacramento Kings,105.75,26.625,62.25,16.875,39.75,7.75,32.0,22.375,16.875,1.3563938254727728,8.875,22.5,39.8,31.125,60.0,51.92057592630598,16.875,20.75,81.1,0.0,10.375,0.6169846407462507,3.75,19.25,0.21938876341050254,16.875,0.0,118.75,105.125,28.125,55.5,21.5,41.5,10.25,31.25,23.5,15.875,1.5946444486885665,9.375,25.125,38.137499999999996,27.75,55.25,50.158426964834746,21.5,27.0,79.3625,0.0,9.25,0.6379217596129361,4.5,22.125,0.20602013021373194,15.875,0.0,119.25
102,86,2017-01-27,1,1,2016-17,Toronto Raptors,Milwaukee Bucks,105.25,24.375,63.0,17.875,42.0,10.375,31.625,16.5,10.5,1.6449859168609169,8.125,26.125,31.987500000000004,31.5,62.5,50.03991147895776,17.875,22.375,79.5875,0.0,8.125,0.7805725524475524,5.75,20.875,0.285044094192701,10.5,0.0,113.625,104.875,22.875,63.25,18.75,40.625,11.875,28.75,24.625,15.25,1.6416955185337538,7.625,21.25,37.3,31.625,63.0,50.31681786233496,18.75,24.125,77.35000000000001,0.0,9.375,0.6051764068404936,4.75,20.625,0.24938531275487796,15.25,0.0,118.625
88,100,2017-01-27,1,1,2016-17,Chicago Bulls,Miami Heat,101.375,18.375,63.0,20.0,46.25,12.0,34.25,19.125,13.0,1.6527747252747254,6.125,20.375,30.6,31.5,65.25,48.675057918132424,20.0,26.125,77.025,0.0,8.375,0.6857908757908757,5.125,17.25,0.3047669795589687,13.0,0.0,113.125,102.5,30.0,56.5,16.0,42.375,7.5,34.875,21.25,12.875,1.8096117424242424,10.0,27.625,36.725,28.25,55.625,51.000870572485844,16.0,22.875,70.7375,0.0,7.125,0.5619718822843823,4.0,21.375,0.18559068124857597,12.875,0.0,112.5
129,109,2017-01-28,1,1,2016-17,Minnesota Timberwolves,Brooklyn Nets,105.75,19.125,67.0,19.625,41.125,8.875,32.25,25.375,15.125,1.6927255036630036,6.375,18.75,34.525000000000006,33.5,63.0,53.120732894066975,19.625,24.375,79.95,0.0,8.25,0.559250992063492,5.125,20.625,0.24383579687856002,15.125,0.0,123.875,111.25,39.375,53.0,18.875,39.25,6.25,33.0,23.25,14.5,1.6508585368879487,13.125,33.75,38.162499999999994,26.5,52.125,50.686294185143616,18.875,21.625,86.55000000000001,0.0,6.125,0.44328927812383695,4.0,19.375,0.20323389662882696,14.5,0.0,120.375
106,109,2017-01-28,1,1,2016-17,Charlotte Hornets,Sacramento Kings,104.0,29.625,55.0,19.375,45.5,10.5,35.0,22.75,13.375,1.8503695865537972,9.875,27.625,35.699999999999996,27.5,58.875,46.90664966096138,19.375,21.75,88.6375,0.0,7.625,0.5840573625935467,4.5,16.375,0.28584964012595593,13.375,0.0,119.5,106.5,28.125,56.25,22.125,41.25,10.0,31.25,23.625,16.125,1.584969526087947,9.375,25.375,37.574999999999996,28.125,54.625,51.51953807594585,22.125,27.875,79.17500000000001,0.0,9.375,0.6398567441330598,4.25,23.75,0.18812797335098683,16.125,0.0,120.625
108,112,2017-01-28,1,1,2016-17,Milwaukee Bucks,Boston Celtics,101.125,22.125,61.5,17.5,40.25,11.75,28.5,23.5,16.0,1.4974647493029847,7.375,22.25,33.6,30.75,62.0,49.61843729553334,17.5,23.25,75.3125,0.0,9.125,0.5677270141279429,4.875,21.125,0.24749137336093857,16.0,0.0,111.0,114.125,40.5,56.25,17.375,42.375,9.625,32.75,27.25,13.0,2.8372023809523808,13.5,36.375,36.85,28.125,51.0,55.15634109415605,17.375,20.25,85.5,0.0,7.5,0.8078373015873015,4.25,18.125,0.28971936018398997,13.0,0.0,133.875
112,123,2017-01-28,1,1,2016-17,Phoenix Suns,Denver Nuggets,109.125,23.25,63.75,22.125,42.25,11.375,30.875,18.125,14.375,1.3021379662004662,7.75,21.125,36.8,31.875,62.375,51.180499999933886,22.125,25.375,87.45,0.0,7.0,0.509739219114219,3.0,23.875,0.13782488646619082,14.375,0.0,118.0,119.625,30.375,69.25,20.0,43.625,11.625,32.0,29.875,14.875,2.068790849673203,10.125,26.625,37.9125,34.625,59.5,58.011801031128066,20.0,25.375,78.92500000000001,0.0,6.625,0.44926470588235295,5.375,16.75,0.3194030572755418,14.875,0.0,143.5
144,98,2017-01-28,1,1,2016-17,Golden State Warriors,LA Clippers,117.375,39.0,61.5,16.875,45.75,8.25,37.5,30.75,15.5,2.0124158714522493,13.0,31.125,41.85,30.75,56.25,54.6070746490287,16.875,22.25,75.26249999999999,0.0,9.125,0.5878943961954798,7.375,17.5,0.4144514933166249,15.5,0.0,145.875,107.5,32.25,59.75,15.5,44.625,10.0,34.625,24.0,13.25,2.057537902521455,10.75,28.0,37.9875,29.875,56.25,52.655517811767815,15.5,22.0,75.175,0.0,7.0,0.5639352880306827,4.5,20.5,0.2278139147275303,13.25,0.0,124.25
95,102,2017-01-28,1,1,2016-17,Utah Jazz,Memphis Grizzlies,104.375,23.625,60.75,20.0,44.75,10.125,34.625,20.125,11.75,1.7726591117216117,7.875,24.5,31.475,30.375,59.125,51.561608295630855,20.0,27.375,72.325,0.0,7.75,0.6739354395604396,4.75,17.5,0.30345314407814405,11.75,0.0,117.25,102.75,28.125,55.25,19.375,45.625,12.375,33.25,21.125,12.75,1.7460227272727273,9.375,27.25,34.8125,27.625,56.875,49.005817583041576,19.375,25.75,76.17500000000001,0.0,7.25,0.6011363636363636,4.0,21.75,0.19487537368328978,12.75,0.0,114.5
116,103,2017-01-28,1,1,2016-17,Miami Heat,Detroit Pistons,104.25,30.75,58.5,15.0,41.125,7.0,34.125,22.625,12.5,1.9533617424242422,10.25,27.25,38.175000000000004,29.25,56.625,51.891558831595155,15.0,21.625,70.8375,0.0,8.125,0.6578052156177157,3.625,20.875,0.17053465883961239,12.5,0.0,116.25,105.0,27.0,65.25,12.75,43.0,9.125,33.875,21.375,13.875,1.7079384157509159,9.0,25.375,35.5125,32.625,62.875,51.73378508653932,12.75,18.375,69.7125,0.0,8.75,0.694162087912088,3.875,21.75,0.18644009803549277,13.875,0.0,115.875
107,91,2017-01-29,1,1,2016-17,Cleveland Cavaliers,Oklahoma City Thunder,111.0,40.5,53.75,16.75,43.0,9.75,33.25,23.125,14.625,1.641517857142857,13.5,36.0,37.0625,26.875,51.5,52.292175343582926,16.75,24.625,68.53750000000001,0.0,7.0,0.49422123015873015,4.0,19.5,0.20572916666666669,14.625,0.0,118.5,103.625,23.625,58.75,21.25,44.875,11.625,33.25,19.375,16.5,1.198227290318041,7.875,25.125,30.9625,29.375,59.5,49.54272609111319,21.25,27.25,78.6,0.0,8.625,0.5191863976451825,4.875,20.25,0.24866739185792894,16.5,0.0,111.5
120,101,2017-01-29,1,1,2016-17,Indiana Pacers,Houston Rockets,104.75,26.25,61.25,17.25,36.75,7.125,29.625,21.625,15.625,1.4376438254727728,8.75,23.0,38.5375,30.625,58.5,52.46896302308017,17.25,21.375,80.475,0.0,10.75,0.7232346407462505,4.25,19.375,0.24022209674383588,15.625,0.0,116.25,115.5,38.625,55.75,21.125,41.625,9.125,32.5,26.0,16.75,1.6810821531409768,12.875,37.625,33.9625,27.875,48.375,57.842333835379826,21.125,26.5,80.03750000000001,0.0,9.25,0.5921721252603606,5.0,20.625,0.2562796347640415,16.75,0.0,130.0
111,113,2017-01-29,1,1,2016-17,Portland Trail Blazers,Golden State Warriors,104.125,27.0,58.5,18.625,44.25,11.5,32.75,21.375,12.875,1.6927124958374957,9.0,26.875,32.9125,29.25,63.625,45.96984671911929,18.625,22.75,82.83749999999999,0.0,6.875,0.5273424492174492,6.5,19.0,0.40286061977238447,12.875,0.0,113.875,122.0,41.25,64.5,16.25,45.75,8.75,37.0,31.625,15.5,2.0919613259977035,13.75,32.0,43.0125,32.25,56.125,57.2955609143706,16.25,21.5,75.2,0.0,9.5,0.6219853052863888,7.375,17.625,0.41123458155191905,15.5,0.0,153.375
94,107,2017-01-29,1,1,2016-17,New Orleans Pelicans,Washington Wizards,109.75,35.25,60.0,14.5,45.375,9.625,35.75,23.5,11.75,2.1704969866734576,11.75,30.75,37.9875,30.0,60.625,49.822316326360365,14.5,20.625,70.25,0.0,8.0,0.718060330192683,6.875,19.25,0.3534979644912004,11.75,0.0,126.0,112.75,30.75,64.25,17.75,46.875,10.625,36.25,24.0,14.0,1.7695549242424242,10.25,25.375,41.1875,32.125,60.75,53.16168049314918,17.75,21.625,81.45,0.0,8.625,0.645407196969697,4.375,20.875,0.20971676143586898,14.0,0.0,135.0
121,108,2017-01-29,1,1,2016-17,Chicago Bulls,Philadelphia 76ers,101.25,18.375,62.5,20.375,46.25,11.375,34.875,19.0,14.0,1.5735622710622712,6.125,19.75,31.400000000000002,31.25,64.5,48.81048587046179,20.375,26.625,77.0,0.0,8.625,0.6793806193806194,5.75,17.25,0.35685031289230207,14.0,0.0,113.75,104.875,33.0,52.5,19.375,43.5,8.875,34.625,26.625,18.75,1.8128488835725678,11.0,28.75,38.3625,26.25,52.125,50.57610506261706,19.375,25.25,75.7625,0.0,8.0,0.5059310207336523,6.125,22.0,0.2770472679282748,18.75,0.0,120.875
113,114,2017-01-29,1,1,2016-17,Toronto Raptors,Orlando Magic,101.5,24.0,59.5,18.0,41.75,10.25,31.5,16.375,11.5,1.4731109168609169,8.0,25.75,32.075,29.75,61.25,48.33271423012455,18.0,22.625,79.25,0.0,8.375,0.7415100524475524,5.875,21.125,0.2846570972886762,11.5,0.0,108.5,104.0,27.0,61.5,15.5,43.25,9.0,34.25,23.375,14.375,1.7350877192982457,9.0,26.5,34.837500000000006,30.75,60.5,50.939455931606496,15.5,20.875,73.36250000000001,0.0,7.375,0.5454573934837093,3.75,18.625,0.20243838763575606,14.375,0.0,114.75
142,139,2017-01-29,1,1,2016-17,Atlanta Hawks,New York Knicks,104.5,30.75,56.0,17.75,39.0,9.125,29.875,24.875,14.75,1.8942922209369577,10.25,26.875,38.0125,28.0,57.125,48.789473314765864,17.75,23.75,74.75,0.0,8.375,0.6036473395026027,4.25,18.25,0.23672447048995038,14.75,0.0,114.5,106.75,27.0,63.25,16.5,48.0,13.5,34.5,20.875,14.625,1.4918026418026418,9.0,24.625,36.7375,31.625,63.25,49.958514607692074,16.5,20.75,79.2375,0.0,6.25,0.45755026223776224,5.375,19.5,0.28393533549783545,14.625,0.0,121.125
101,105,2017-01-29,1,1,2016-17,San Antonio Spurs,Dallas Mavericks,115.0,27.75,65.5,21.75,41.5,8.25,33.25,24.5,11.25,2.378100198412698,9.25,22.625,41.175,32.75,62.75,52.115192459257706,21.75,26.875,81.6625,0.0,8.0,0.7906746031746031,4.375,19.5,0.2350040358707755,11.25,0.0,133.625,104.375,35.25,54.5,14.625,38.25,7.75,30.5,22.25,10.625,2.150678488178488,11.75,30.125,38.4375,27.25,53.25,51.244964819474234,14.625,18.625,78.0625,0.0,7.625,0.7641920579420579,4.375,19.75,0.25544108669108667,10.625,0.0,117.875
104,96,2017-01-30,1,1,2016-17,Miami Heat,Brooklyn Nets,106.875,33.75,57.5,15.625,40.125,7.375,32.75,21.75,12.5,1.8738162878787878,11.25,27.0,41.925000000000004,28.75,55.625,51.955661395697724,15.625,22.375,71.0625,0.0,8.125,0.6578052156177157,3.875,20.5,0.187281070322866,12.5,0.0,118.875,110.75,35.625,55.75,19.375,39.875,6.375,33.5,22.5,14.875,1.5466918702212817,11.875,31.875,36.425,27.875,53.875,51.576919185143616,19.375,22.25,86.55000000000001,0.0,6.25,0.4412059447905037,4.625,19.625,0.23708806329549362,14.875,0.0,120.25
111,105,2017-01-30,1,1,2016-17,Minnesota Timberwolves,Orlando Magic,107.0,19.5,67.5,20.0,41.125,9.375,31.75,24.875,14.25,1.7842659077034078,6.5,18.375,35.8,33.75,64.875,51.868961519480294,20.0,25.25,78.6125,0.0,8.25,0.5946045274170274,5.0,20.875,0.23224431818181818,14.25,0.0,123.75,103.875,27.0,61.75,15.125,42.125,8.625,33.5,23.875,14.0,1.8205043859649122,9.0,27.125,33.325,30.875,59.375,52.120774612925175,15.125,20.875,71.9125,0.0,7.5,0.5662907268170426,3.875,19.75,0.1963293650793651,14.0,0.0,114.875
122,119,2017-01-30,1,1,2016-17,Philadelphia 76ers,Sacramento Kings,106.75,33.0,54.5,19.25,42.75,8.375,34.375,27.375,18.375,1.9065988835725678,11.0,28.375,38.7875,27.25,54.0,50.758449127003374,19.25,24.375,78.1375,0.0,8.25,0.5359790976567292,6.875,22.375,0.30934391864597816,18.375,0.0,124.375,106.625,28.875,55.5,22.25,40.75,9.625,31.125,24.125,14.75,1.785564764183185,9.625,25.625,38.162499999999994,27.75,54.25,51.23107653748431,22.25,28.75,77.0,0.0,9.25,0.6731900774663933,4.25,23.875,0.18689279548537419,14.75,0.0,121.25
104,97,2017-01-30,1,1,2016-17,Dallas Mavericks,Cleveland Cavaliers,103.375,34.125,54.25,15.0,39.375,7.5,31.875,21.125,10.25,2.1453213453213453,11.375,30.125,37.3375,27.125,53.0,51.24925298413976,15.0,18.5,80.9625,0.0,7.0,0.7338349150849152,4.125,19.625,0.24458582353319197,10.25,0.0,116.625,113.625,40.125,57.25,16.25,43.375,9.125,34.25,24.125,13.875,1.8071428571428572,13.375,35.875,36.7625,28.625,52.875,54.272486698894284,16.25,23.875,68.825,0.0,7.5,0.5676587301587301,4.25,19.0,0.22760416666666666,13.875,0.0,124.625
96,115,2017-01-30,1,1,2016-17,Phoenix Suns,Memphis Grizzlies,109.625,21.75,65.5,22.375,41.75,11.125,30.625,18.75,13.25,1.4356606934731935,7.25,21.5,33.425,32.75,63.625,51.59716666660056,22.375,26.0,86.6375,0.0,7.875,0.5995119463869464,2.875,25.5,0.12650242269807488,13.25,0.0,118.875,103.625,29.625,55.0,19.0,44.625,11.625,33.0,20.5,12.375,1.7531655844155842,9.875,27.5,36.45,27.5,55.125,50.251732615721316,19.0,24.375,80.2875,0.0,6.875,0.6064935064935064,3.5,21.375,0.1762716947535239,12.375,0.0,116.125
113,109,2017-01-30,1,1,2016-17,Boston Celtics,Detroit Pistons,113.5,39.375,55.5,18.625,42.25,9.5,32.75,28.0,12.875,2.9086309523809524,13.125,36.375,35.925,27.75,51.5,53.75956079112575,18.625,21.75,85.775,0.0,7.625,0.8208867521367521,4.25,19.75,0.24026283844485957,12.875,0.0,132.625,102.25,25.5,64.25,12.5,43.125,10.0,33.125,20.375,14.125,1.585021749084249,8.5,23.75,35.675,32.125,62.5,51.36446690472115,12.5,18.375,67.625,0.0,7.75,0.581662087912088,3.875,21.75,0.18644009803549277,14.125,0.0,111.75
115,98,2017-01-31,1,1,2016-17,Portland Trail Blazers,Charlotte Hornets,105.25,27.0,60.0,18.25,43.125,11.0,32.125,21.0,13.625,1.571184718059718,9.0,26.5,33.375,30.0,64.0,46.83564758492015,18.25,22.25,82.83749999999999,0.0,7.5,0.5412313381063381,5.625,19.875,0.3471008158508158,13.625,0.0,113.375,105.625,31.875,55.5,18.25,44.625,9.375,35.25,24.375,12.375,2.0507284382284383,10.625,29.375,36.487500000000004,27.75,55.875,50.365902632098894,18.25,20.75,87.98750000000001,0.0,6.625,0.5505645396270397,5.125,17.125,0.3076917453891138,12.375,0.0,124.625
108,94,2017-01-31,1,1,2016-17,San Antonio Spurs,Oklahoma City Thunder,110.875,27.0,63.5,20.375,41.375,8.0,33.375,23.75,11.125,2.3402214105339105,9.0,22.75,39.775,31.75,62.875,50.34265147565115,20.375,26.125,78.6,0.0,7.625,0.7613185425685425,4.25,19.5,0.2287540358707755,11.125,0.0,126.125,102.125,22.875,59.5,19.75,45.125,11.875,33.25,19.25,16.5,1.190414790318041,7.625,25.125,30.0,29.75,61.875,48.415576213963305,19.75,25.625,77.28750000000001,0.0,8.625,0.5191863976451825,4.875,20.375,0.24720540355383538,16.5,0.0,108.0
120,116,2017-01-31,1,1,2016-17,Los Angeles Lakers,Denver Nuggets,97.0,24.375,57.75,14.875,43.0,11.125,31.875,19.75,15.125,1.4197916666666666,8.125,24.375,32.425,28.875,62.375,46.48560188974719,14.875,19.125,80.41250000000001,0.0,6.25,0.42828525641025644,4.0,20.625,0.2053828197945845,15.125,0.0,100.875,117.5,27.75,67.75,22.0,43.75,11.25,32.5,27.375,14.875,1.9021241830065359,9.25,25.75,36.050000000000004,33.875,59.125,57.08311764554812,22.0,27.75,78.525,0.0,6.25,0.42426470588235293,5.125,17.875,0.2953405572755418,14.875,0.0,137.625
117,101,2017-01-31,1,1,2016-17,Washington Wizards,New York Knicks,112.5,31.5,64.0,17.0,46.25,10.375,35.875,25.25,14.0,1.883191287878788,10.5,25.875,41.25,32.0,60.0,53.514422941479864,17.0,20.625,81.17500000000001,0.0,8.625,0.645407196969697,4.5,20.75,0.21788669607639186,14.0,0.0,136.125,111.5,29.25,65.75,16.5,50.75,14.0,36.75,22.25,14.375,1.6134544275169276,9.75,27.375,35.975,32.875,66.0,50.08838473756221,16.5,20.25,80.76249999999999,0.0,6.5,0.4832199050949051,5.875,22.375,0.26450424575424575,14.375,0.0,128.0
105,83,2017-01-31,1,1,2016-17,Houston Rockets,Sacramento Kings,111.0,34.875,55.25,20.875,40.25,8.875,31.375,24.875,16.875,1.5882250102838338,11.625,37.0,31.525,27.625,47.875,57.86600807780407,20.875,25.625,81.66250000000001,0.0,9.0,0.570148315736551,5.375,21.0,0.26967249190689857,16.875,0.0,123.25,106.75,30.375,55.5,20.875,39.375,9.0,30.375,25.0,14.625,1.8337249373433586,10.125,26.125,39.262499999999996,27.75,52.875,52.75885431526209,20.875,27.375,76.4125,0.0,8.5,0.6409931077694235,3.875,23.75,0.1744235836627141,14.625,0.0,121.25
108,106,2017-01-31,1,1,2016-17,Toronto Raptors,New Orleans Pelicans,101.125,25.5,56.5,19.125,41.5,10.125,31.375,16.125,11.75,1.4171668609168608,8.5,26.5,32.8875,28.25,59.25,47.498649260853256,19.125,24.25,78.45,0.0,8.25,0.7161604020979021,5.75,21.125,0.27840709728867624,11.75,0.0,106.875,108.5,34.875,60.25,13.375,44.375,9.75,34.625,24.625,11.5,2.261183261183261,11.625,30.75,37.599999999999994,30.125,59.875,50.73412003988822,13.375,19.375,68.4125,0.0,7.5,0.6964917027417026,6.75,18.75,0.3534979644912004,11.5,0.0,125.375
100,128,2017-02-01,1,1,2016-17,Oklahoma City Thunder,Chicago Bulls,103.125,24.375,57.75,21.0,45.5,11.375,34.125,19.5,16.625,1.196664790318041,8.125,26.125,31.25,28.875,60.875,47.69020509385535,21.0,27.0,77.7125,0.0,8.875,0.5283969239609719,5.5,21.5,0.2644673083157401,16.625,0.0,109.875,103.0,18.375,63.0,21.625,44.5,10.0,34.5,19.875,14.25,1.6006456043956045,6.125,19.0,33.537499999999994,31.5,63.75,49.57591796922722,21.625,27.25,80.19999999999999,0.0,8.375,0.6377139527139527,5.625,16.125,0.37616849471048386,14.25,0.0,116.375
126,111,2017-02-01,1,1,2016-17,Golden State Warriors,Charlotte Hornets,120.25,38.625,62.75,18.875,46.0,9.0,37.0,30.25,15.5,2.0155724371088146,12.875,31.625,40.4,31.375,55.25,56.60766783260959,18.875,24.125,77.4375,0.0,9.375,0.6150408608419444,7.625,18.125,0.41718696250429993,15.5,0.0,150.125,105.625,33.0,53.5,19.125,44.625,8.5,36.125,23.75,12.25,2.016637529137529,11.0,30.125,36.925,26.75,54.75,49.50682318695388,19.125,21.75,88.1875,0.0,6.5,0.5426099941724941,5.375,16.875,0.33205071974808814,12.25,0.0,123.875
99,119,2017-02-01,1,1,2016-17,Denver Nuggets,Memphis Grizzlies,116.375,30.0,63.5,22.875,45.25,12.625,32.625,26.5,14.375,1.9225787284610816,10.0,25.75,38.8375,31.75,60.375,52.927651695727334,22.875,28.75,78.85,0.0,6.375,0.46896167557932267,5.375,18.0,0.3080039559683522,14.375,0.0,135.25,104.25,31.875,53.0,19.375,44.5,11.875,32.625,20.5,11.875,1.784731240981241,10.625,27.625,38.9625,26.5,55.5,47.87241550426135,19.375,24.0,82.88749999999999,0.0,7.5,0.6513167388167388,3.375,21.125,0.17259991953002454,11.875,0.0,117.625
109,104,2017-02-01,1,1,2016-17,Boston Celtics,Toronto Raptors,114.75,37.875,56.5,20.375,42.375,9.125,33.25,28.125,12.625,2.9669642857142855,12.625,34.875,36.175,28.25,52.875,53.41981720138216,20.375,23.5,87.1625,0.0,7.5,0.8229700854700854,4.5,20.0,0.2515475606670818,12.625,0.0,134.625,99.75,25.5,55.25,19.0,42.75,10.5,32.25,16.25,12.375,1.3505001942501942,8.5,28.0,30.35,27.625,58.0,47.539418993403814,19.0,24.125,78.28750000000001,0.0,7.875,0.6578270687645688,5.75,21.125,0.27840709728867624,12.375,0.0,105.0
114,124,2017-02-01,1,1,2016-17,Phoenix Suns,LA Clippers,108.125,20.625,64.25,23.25,41.375,10.875,30.5,17.875,13.5,1.36654304641437,6.875,21.25,31.95,32.125,62.5,51.45157007569147,23.25,27.875,84.47500000000001,0.0,7.625,0.5750021424653777,3.875,24.125,0.1791340016454433,13.5,0.0,116.0,107.5,33.375,59.0,15.125,42.25,9.875,32.375,23.625,13.625,1.9650054349889876,11.125,27.75,39.6,29.5,56.0,52.18428765303766,15.125,21.625,74.625,0.0,6.875,0.5355261971215919,4.375,20.25,0.22295280361641917,13.625,0.0,121.375
118,98,2017-02-01,1,1,2016-17,Detroit Pistons,New Orleans Pelicans,104.125,22.125,68.25,13.75,45.125,10.5,34.625,20.875,13.5,1.7606169871794872,7.375,23.75,31.5125,34.125,64.375,53.052778593032826,13.75,20.0,68.4375,0.0,7.0,0.563804945054945,3.625,21.625,0.17760857629636234,13.5,0.0,114.375,109.375,36.75,59.25,13.375,45.0,10.625,34.375,23.375,11.75,2.117826617826618,12.25,31.625,38.8,29.625,60.25,49.64549299070789,13.375,19.125,69.2875,0.0,8.5,0.7681700244200244,6.875,18.375,0.36871178028067414,11.75,0.0,125.625
90,95,2017-02-01,1,1,2016-17,Brooklyn Nets,New York Knicks,108.75,31.5,57.5,19.75,41.75,7.125,34.625,20.875,14.625,1.470302981332393,10.5,29.625,34.087500000000006,28.75,55.375,51.70656120588633,19.75,22.625,86.9125,0.0,6.0,0.4333934447905037,4.5,19.375,0.23382719373027624,14.625,0.0,118.625,110.75,28.125,64.5,18.125,50.5,14.875,35.625,21.875,13.625,1.655121094183594,9.375,27.125,34.725,32.25,67.25,48.13861809545953,18.125,21.75,82.61249999999998,0.0,6.5,0.5109976828726829,5.75,21.75,0.2621646735617324,13.625,0.0,125.375
113,95,2017-02-01,1,1,2016-17,Dallas Mavericks,Philadelphia 76ers,104.125,33.0,55.75,15.375,39.25,7.875,31.375,20.875,10.0,2.1705738705738704,11.0,30.5,35.675000000000004,27.875,53.75,51.9436974285842,15.375,18.375,83.55,0.0,7.375,0.795703601953602,3.375,19.5,0.20373615033057757,10.0,0.0,116.625,107.875,31.875,57.75,18.25,40.0,7.875,32.125,28.25,18.0,1.9921251993620412,10.625,27.625,38.5,28.875,55.375,52.52908702569006,18.25,23.125,78.1625,0.0,8.875,0.5849100187093608,6.0,21.75,0.27431976405660613,18.0,0.0,124.625
104,88,2017-02-01,1,1,2016-17,Utah Jazz,Milwaukee Bucks,102.5,21.375,58.75,22.375,42.75,9.75,33.0,19.75,11.75,1.7438129578754578,7.125,23.75,30.025,29.375,57.625,51.09277211250895,22.375,29.375,76.275,0.0,6.875,0.6066277472527473,4.5,18.0,0.2776594932844933,11.75,0.0,112.75,102.375,23.25,60.25,18.875,41.625,11.25,30.375,23.25,15.875,1.49332871989122,7.75,22.5,35.012499999999996,30.125,62.75,48.04646759856364,18.875,25.0,75.35,0.0,8.5,0.5337196611867665,5.125,21.125,0.2574913733609386,15.875,0.0,111.5
125,97,2017-02-01,1,1,2016-17,Cleveland Cavaliers,Minnesota Timberwolves,110.75,39.0,55.75,16.0,43.75,8.625,35.125,22.875,14.5,1.6508928571428572,13.0,35.25,36.3875,27.875,52.0,53.7085332105222,16.0,23.75,68.0875,0.0,6.875,0.49719304388422036,4.25,18.625,0.23091299019607844,14.5,0.0,119.875,108.875,22.125,66.0,20.75,42.125,9.375,32.75,25.875,13.75,1.922286741036741,7.375,19.75,37.5,33.0,64.125,51.26412280980287,20.75,26.75,76.1375,0.0,7.25,0.5399170274170274,5.625,20.625,0.2669034090909091,13.75,0.0,126.5
116,93,2017-02-01,1,1,2016-17,Miami Heat,Atlanta Hawks,106.375,33.375,57.25,15.75,41.0,7.5,33.5,20.375,12.875,1.608191287878788,11.125,26.25,42.52499999999999,28.625,56.25,51.09781825844282,15.75,23.0,69.4875,0.0,8.5,0.666327942890443,3.875,20.125,0.19521757825937391,12.875,0.0,117.25,108.375,29.625,59.25,19.5,42.375,9.5,32.875,25.75,14.125,2.0249313186813187,9.875,27.5,35.8,29.625,61.375,48.04241944271199,19.5,26.5,73.775,0.0,7.75,0.580151098901099,4.0,18.75,0.22214113715661704,14.125,0.0,117.75
88,98,2017-02-01,1,1,2016-17,Orlando Magic,Indiana Pacers,103.625,26.25,63.0,14.375,43.125,9.125,34.0,23.75,13.5,1.8788377192982457,8.75,27.25,32.4875,31.5,61.0,51.702400295985285,14.375,19.875,71.66250000000001,0.0,7.125,0.5625028480291638,4.0,19.375,0.20240079365079364,13.5,0.0,114.625,105.75,23.625,63.75,18.375,37.75,6.5,31.25,21.875,14.875,1.584518825472773,7.875,22.0,36.3375,31.875,58.625,54.26966232377947,18.375,23.0,79.03750000000001,0.0,10.75,0.7654221407462507,4.625,20.125,0.2485554300771692,14.875,0.0,120.375
116,108,2017-02-02,1,1,2016-17,Washington Wizards,Los Angeles Lakers,112.125,29.25,67.25,15.625,45.625,10.0,35.625,25.375,14.0,1.8936079545454545,9.75,25.75,38.1625,33.625,60.375,55.715000142057065,15.625,19.375,79.67500000000001,0.0,7.875,0.582907196969697,4.375,21.625,0.20316447385416964,14.0,0.0,134.875,100.25,26.625,59.25,14.375,44.875,11.25,33.625,20.0,15.875,1.3086805555555554,8.875,25.125,34.45,29.625,62.125,47.85312325726855,14.375,18.25,81.1375,0.0,6.375,0.4032852564102564,4.875,19.5,0.2685078197945845,15.875,0.0,107.875
102,86,2017-02-02,1,1,2016-17,San Antonio Spurs,Philadelphia 76ers,111.25,26.25,64.25,20.75,43.5,8.5,35.0,23.875,11.25,2.34068096935744,8.75,22.875,38.3125,32.125,64.625,49.49423518605839,20.75,26.625,78.66250000000001,0.0,8.125,0.7870538366861896,5.75,20.375,0.28680959142633106,11.25,0.0,128.75,108.0,31.125,59.25,17.625,39.125,7.875,31.25,28.375,16.875,2.0804119126487546,10.375,27.375,37.75,29.625,56.625,52.731107227710254,17.625,22.375,77.925,0.0,8.875,0.604577850877193,5.375,21.75,0.24455785929470142,16.875,0.0,124.125
108,113,2017-02-02,1,1,2016-17,Houston Rockets,Atlanta Hawks,111.25,36.75,54.5,20.0,41.625,8.875,32.75,25.75,16.375,1.6923916769505007,12.25,37.75,32.525,27.25,46.5,58.74836101898053,20.0,24.875,80.3625,0.0,8.5,0.5503070458952811,5.5,22.0,0.26706832524023194,16.375,0.0,126.625,106.5,27.75,59.0,19.75,43.25,9.625,33.625,24.125,14.875,1.8014938186813185,9.25,26.75,34.475,29.5,62.0,47.30378307907563,19.75,26.25,75.7875,0.0,7.625,0.5207760989010989,4.375,18.625,0.2507125657280456,14.875,0.0,114.5
120,133,2017-02-02,1,1,2016-17,LA Clippers,Golden State Warriors,109.875,31.875,61.25,16.75,41.875,9.75,32.125,23.25,12.25,2.0781006730842257,10.625,26.875,38.5625,30.625,58.0,52.07065128940129,16.75,23.125,76.175,0.0,6.625,0.5825500066454015,4.75,21.25,0.22741708933070487,12.25,0.0,124.125,120.25,40.875,61.5,17.875,44.625,8.75,35.875,30.0,14.625,2.181013613579403,13.625,33.375,40.362500000000004,30.75,54.125,56.58025555190784,17.875,22.875,77.36250000000001,0.0,9.25,0.6540114490772386,7.875,17.625,0.4449647402820777,14.625,0.0,149.25
102,94,2017-02-03,1,1,2016-17,Orlando Magic,Toronto Raptors,100.625,25.5,60.0,15.125,43.25,9.125,34.125,22.375,13.75,1.7616502192982457,8.5,27.125,31.612499999999997,30.0,59.75,50.25735686980978,15.125,21.125,70.8625,0.0,7.875,0.6026814194577353,4.25,20.875,0.20694624819624818,13.75,0.0,110.25,101.625,26.25,56.5,18.875,42.5,10.0,32.5,16.25,13.0,1.2901308760683758,8.75,28.875,30.450000000000003,28.25,56.125,50.670853447762084,18.875,24.375,77.1375,0.0,7.375,0.5910657051282051,6.125,21.75,0.2895421547599406,13.0,0.0,107.375
104,108,2017-02-03,1,1,2016-17,Portland Trail Blazers,Dallas Mavericks,106.0,27.375,60.5,18.125,44.125,10.875,33.25,21.5,13.375,1.6930597180597182,9.125,26.125,34.1375,30.25,63.875,47.3316793309519,18.125,22.0,83.21249999999999,0.0,7.75,0.5912313381063381,4.75,19.625,0.3047397047397047,13.375,0.0,116.25,105.875,32.625,56.75,16.5,41.125,9.0,32.125,20.25,9.875,2.1393238705738704,10.875,30.25,35.575,28.375,55.0,51.6936974285842,16.5,19.625,84.0875,0.0,8.0,0.8572566322566323,3.625,19.25,0.21814717789949986,9.875,0.0,119.875
121,117,2017-02-03,1,1,2016-17,Houston Rockets,Chicago Bulls,110.875,36.375,52.75,21.75,40.5,8.125,32.375,25.0,16.25,1.6437805658393896,12.125,38.625,31.7375,26.375,45.375,58.18813692934469,21.75,27.125,80.675,0.0,8.75,0.590584823673059,4.5,22.375,0.20383303112258488,16.25,0.0,122.5,105.5,19.125,64.75,21.625,43.875,9.75,34.125,20.75,13.875,1.7603678266178264,6.375,18.75,35.599999999999994,32.375,64.375,50.34280818283875,21.625,26.625,81.625,0.0,8.25,0.6516028416028415,5.25,16.75,0.34468353230446885,13.875,0.0,120.375
103,105,2017-02-03,1,1,2016-17,Sacramento Kings,Phoenix Suns,104.625,30.0,54.5,20.125,40.5,9.0,31.5,24.25,13.375,1.9170582706766917,10.0,27.125,37.35,27.25,53.625,51.21086669916302,20.125,27.25,73.9,0.0,8.5,0.6896944064707222,4.125,23.125,0.1974850809889173,13.375,0.0,118.0,109.75,21.375,63.5,24.875,42.0,12.25,29.75,18.875,13.75,1.42279304641437,7.125,21.0,33.4875,31.75,64.625,49.299473733140175,24.875,30.125,83.075,0.0,7.75,0.5770854757987111,3.625,24.875,0.1632609857724274,13.75,0.0,116.25
114,102,2017-02-03,1,1,2016-17,Oklahoma City Thunder,Memphis Grizzlies,100.375,24.75,57.0,18.625,44.625,10.625,34.0,19.125,15.375,1.301196954060731,8.25,27.25,30.612499999999997,28.5,61.0,46.995760649410904,18.625,24.0,77.95,0.0,7.875,0.5196249941364105,5.5,20.875,0.2683492958933799,15.375,0.0,105.25,106.125,33.0,53.5,19.625,44.0,11.625,32.375,21.0,11.625,1.922231240981241,11.0,27.375,40.5,26.75,55.375,48.368447250293094,19.625,24.875,79.76249999999999,0.0,7.5,0.6700667388167387,3.5,21.375,0.1763877983179033,11.625,0.0,120.25
116,108,2017-02-03,1,1,2016-17,Detroit Pistons,Minnesota Timberwolves,105.5,23.625,68.5,13.375,45.375,10.0,35.375,21.875,12.25,1.9856169871794873,7.875,23.5,33.65,34.25,64.625,53.005735582280145,13.375,19.625,67.8875,0.0,6.875,0.6138049450549451,3.125,20.875,0.15129278682267813,12.25,0.0,118.25,110.125,22.875,67.0,20.25,41.375,9.625,31.75,26.625,13.875,1.9639534077034075,7.625,19.75,38.6875,33.5,65.875,50.73010841463221,20.25,25.75,77.8,0.0,7.25,0.5343080530580531,5.875,21.0,0.27882775119617226,13.875,0.0,127.375
121,117,2017-02-03,1,1,2016-17,Denver Nuggets,Milwaukee Bucks,112.875,29.25,59.5,24.125,45.25,12.375,32.875,26.0,14.375,1.893166963755199,9.75,25.625,38.05,29.75,59.5,50.29202119719361,24.125,29.875,80.45,0.0,6.625,0.4836675579322638,4.5,18.0,0.2565333677330581,14.375,0.0,129.5,100.375,24.75,56.75,18.875,41.75,11.125,30.625,22.75,16.375,1.4118807560903148,8.25,23.625,35.4375,28.375,59.625,47.629800931896966,18.875,25.375,74.325,0.0,8.75,0.5303259960283955,5.375,20.875,0.271984126984127,16.375,0.0,109.5
113,107,2017-02-03,1,1,2016-17,Boston Celtics,Los Angeles Lakers,114.875,36.75,55.75,22.375,41.75,9.625,32.125,27.5,12.375,2.9648809523809523,12.25,34.5,35.525,27.875,53.625,51.80217014255863,22.375,26.0,86.325,0.0,7.5,0.8354700854700854,4.375,21.25,0.2293614134809346,12.375,0.0,132.0,101.625,27.375,59.75,14.5,45.75,12.0,33.75,19.75,16.5,1.2524305555555557,9.125,27.375,32.35,29.875,60.75,49.63631534766404,14.5,17.625,83.275,0.0,6.75,0.41578525641025643,5.625,19.875,0.2994860806641497,16.5,0.0,110.75
97,106,2017-02-03,1,1,2016-17,Brooklyn Nets,Indiana Pacers,106.375,30.75,57.25,18.375,42.75,7.25,35.5,20.5,15.625,1.3791857652151769,10.25,29.5,33.225,28.625,55.375,51.50814850747364,18.375,21.625,84.05000000000001,0.0,5.625,0.3898952762923351,4.625,20.0,0.23081184285308326,15.625,0.0,115.0,105.75,25.125,60.75,19.875,36.875,6.5,30.375,21.75,15.125,1.5550049365838838,8.375,22.125,38.675,30.375,57.0,53.134046787242276,19.875,24.25,81.5,0.0,10.0,0.7142068629684729,4.0,20.75,0.2123235460191982,15.125,0.0,118.5
105,98,2017-02-04,1,1,2016-17,Utah Jazz,Charlotte Hornets,101.25,22.875,56.5,21.875,43.0,10.0,33.0,19.0,12.125,1.6464571886446886,7.625,24.125,31.400000000000002,28.25,56.625,50.01418278203993,21.875,28.25,77.325,0.0,7.5,0.6348729395604396,4.5,18.375,0.2760290585018846,12.125,0.0,111.875,106.125,32.25,53.5,20.375,43.875,8.25,35.625,24.375,12.0,2.1374708624708627,10.75,30.75,35.2625,26.75,54.25,49.938229571768375,20.375,22.875,89.425,0.0,5.625,0.47802666083916084,4.875,17.0,0.29152874172611015,12.0,0.0,122.875
105,84,2017-02-04,1,1,2016-17,Indiana Pacers,Detroit Pistons,105.75,25.5,60.0,20.25,39.0,7.0,32.0,21.5,15.375,1.5187304267799624,8.5,22.0,39.5125,30.0,58.5,51.21906362225911,20.25,25.0,80.675,0.0,10.0,0.7034225492429828,4.875,20.5,0.26025587684626583,15.375,0.0,119.0,110.375,25.5,70.75,14.125,47.125,11.875,35.25,23.0,12.0,2.1141134906759906,8.5,24.625,34.525,35.375,66.25,53.65015648623494,14.125,20.375,68.95,0.0,7.125,0.6452734765234764,3.125,20.625,0.15575707253696386,12.0,0.0,125.5
99,107,2017-02-04,1,1,2016-17,Minnesota Timberwolves,Memphis Grizzlies,109.375,22.5,69.25,17.625,41.5,10.25,31.25,26.5,13.25,2.0237824675324676,7.5,20.25,36.5875,34.625,67.375,51.25094174796555,17.625,23.0,76.68749999999999,0.0,7.25,0.5476627539127539,5.875,20.625,0.28421052631578947,13.25,0.0,126.375,106.25,31.125,56.5,18.625,42.0,10.5,31.5,21.125,11.625,1.9326479076479075,10.375,26.625,38.475,28.25,56.125,50.20707871581033,18.625,23.375,80.6375,0.0,7.75,0.6909000721500722,4.0,22.375,0.19245922688933187,11.625,0.0,120.625
121,97,2017-02-04,1,1,2016-17,San Antonio Spurs,Denver Nuggets,108.75,25.5,63.5,19.75,46.625,9.5,37.125,23.75,12.75,2.02959074379353,8.5,23.25,36.337500000000006,31.75,64.875,48.747800248446985,19.75,25.625,77.92500000000001,0.0,8.625,0.7118658667613775,6.5,19.25,0.33012855694357246,12.75,0.0,127.75,115.0,28.875,60.5,25.625,45.875,13.25,32.625,26.5,14.375,1.9265002970885323,9.625,25.25,38.025,30.25,59.625,51.01948021358705,25.625,32.125,79.925,0.0,7.0,0.5086675579322638,4.25,17.25,0.25855765923103385,14.375,0.0,132.75
109,106,2017-02-04,1,1,2016-17,Sacramento Kings,Golden State Warriors,106.125,31.5,55.25,19.375,41.5,9.125,32.375,24.875,13.75,1.9132121168305378,10.5,26.875,39.3875,27.625,55.0,50.59641328757094,19.375,26.0,74.575,0.0,8.0,0.6252713295476453,3.875,23.625,0.1817707952746316,13.75,0.0,120.25,121.75,42.375,62.0,17.375,44.625,9.25,35.375,30.375,13.875,2.3337913913571806,14.125,35.0,39.5625,31.0,54.25,56.856697859600146,17.375,21.75,78.97500000000001,0.0,9.125,0.6817892268550163,7.125,18.875,0.39208012489746236,13.875,0.0,150.625
104,111,2017-02-04,1,1,2016-17,New York Knicks,Cleveland Cavaliers,108.0,26.625,62.75,18.625,50.625,15.25,35.375,21.375,13.25,1.6653374403374404,8.875,27.375,32.5,31.375,68.0,46.355158499499936,18.625,23.375,79.8625,0.0,8.25,0.6492188367188367,5.625,21.0,0.2691091180061768,13.25,0.0,120.75,115.0,41.25,58.5,15.25,45.375,9.25,36.125,26.125,13.875,2.0217261904761905,13.75,35.625,38.1375,29.25,51.75,56.54863292562191,15.25,23.125,66.775,0.0,7.25,0.563859710550887,5.0,17.625,0.3032573125404008,13.875,0.0,132.625
125,102,2017-02-04,1,1,2016-17,Miami Heat,Philadelphia 76ers,107.25,34.5,57.25,15.5,40.375,7.375,33.0,20.625,12.5,1.665282634032634,11.5,26.625,43.33749999999999,28.625,56.25,51.097818258442814,15.5,22.375,70.3625,0.0,8.375,0.6765442890442891,5.125,19.375,0.2663981338149295,12.5,0.0,119.625,107.125,30.0,58.5,18.625,38.25,7.75,30.5,27.875,17.25,2.03525641025641,10.0,26.875,37.075,29.25,56.625,52.135869132472166,18.625,23.25,80.125,0.0,9.375,0.6219223484848485,5.0,22.0,0.22411272471913204,17.25,0.0,121.5
112,137,2017-02-04,1,1,2016-17,Phoenix Suns,Milwaukee Bucks,110.0,24.375,60.25,25.375,41.125,11.125,30.0,17.375,13.25,1.3576888797477034,8.125,22.25,36.025,30.125,62.375,48.257807066473504,25.375,30.625,83.3625,0.0,7.375,0.5718771424653777,3.5,24.75,0.1583908559022975,13.25,0.0,114.5,103.5,25.5,58.25,19.75,40.25,10.0,30.25,22.75,16.375,1.4118807560903148,8.5,23.125,37.0,29.125,58.875,49.487688806734,19.75,26.5,74.2875,0.0,8.875,0.5372704404728399,6.0,22.375,0.26305555555555554,16.375,0.0,113.875
105,91,2017-02-04,1,1,2016-17,Washington Wizards,New Orleans Pelicans,113.625,30.75,68.25,14.625,45.625,10.0,35.625,25.375,14.0,1.8936079545454545,10.25,26.25,39.262499999999996,34.125,61.875,55.2014613932242,14.625,18.75,77.6625,0.0,8.375,0.6245738636363637,4.75,20.875,0.22763815806469595,14.0,0.0,135.875,109.75,34.875,61.75,13.125,44.625,10.0,34.625,23.75,11.875,2.132112332112332,11.625,31.125,36.775,30.875,60.625,51.41909389517369,13.125,18.625,70.0875,0.0,8.375,0.7556700244200243,6.75,18.125,0.3662607998885173,11.875,0.0,126.625
113,86,2017-02-04,1,1,2016-17,Atlanta Hawks,Orlando Magic,108.75,28.5,62.0,18.25,46.25,9.625,36.625,24.625,15.875,1.744717261904762,9.5,27.375,34.8125,31.0,62.25,49.825223902403245,18.25,24.5,75.225,0.0,8.5,0.558779761904762,4.5,18.5,0.2581530419185218,15.875,0.0,121.375,101.125,23.25,61.0,16.875,43.125,10.0,33.125,22.875,12.875,1.8866502192982457,7.75,24.875,31.775,30.5,61.0,50.067962930415845,16.875,23.75,69.625,0.0,7.625,0.606469298245614,4.5,21.125,0.21699089105339103,12.875,0.0,111.875
105,99,2017-02-05,1,1,2016-17,Oklahoma City Thunder,Portland Trail Blazers,102.375,25.875,56.75,19.75,46.0,11.5,34.5,19.5,16.0,1.282446954060731,8.625,26.75,32.7,28.375,60.875,46.873706777357036,19.75,25.75,76.89999999999999,0.0,7.5,0.4800416608030772,5.375,21.625,0.25287310541718944,16.0,0.0,108.125,106.375,27.75,61.0,17.625,44.0,10.625,33.375,20.75,12.625,1.731948606948607,9.25,26.625,34.0375,30.5,63.375,48.165939620162135,17.625,21.375,83.08749999999999,0.0,7.375,0.5828980047730047,4.625,19.5,0.2998054942133889,12.625,0.0,116.5
107,102,2017-02-05,1,1,2016-17,Boston Celtics,LA Clippers,115.75,38.25,55.75,21.75,43.5,9.375,34.125,27.875,14.0,2.1419642857142853,12.75,34.75,36.75,27.875,52.25,53.11361548371784,21.75,25.875,84.5125,0.0,7.5,0.5646367521367521,3.5,21.75,0.16927369418268898,14.0,0.0,133.625,110.75,31.875,59.25,19.625,41.25,10.0,31.25,22.75,13.125,1.8406006730842257,10.625,26.5,39.1,29.625,56.875,51.46695810758311,19.625,27.0,74.85,0.0,6.75,0.5471333399787347,4.875,20.5,0.244778200441816,13.125,0.0,122.75
95,103,2017-02-05,1,1,2016-17,Brooklyn Nets,Toronto Raptors,100.625,29.25,54.25,17.125,41.75,7.25,34.5,20.0,16.0,1.323264712583598,9.75,29.25,31.8875,27.125,56.0,48.250991708514626,17.125,20.125,84.58749999999999,0.0,5.875,0.39688540787128246,4.375,20.25,0.216039115580356,16.0,0.0,105.25,103.625,27.375,57.0,19.25,43.875,10.625,33.25,16.875,13.125,1.3301949786324787,9.125,28.625,32.0,28.5,56.5,50.84488492475967,19.25,25.25,75.05000000000001,0.0,7.125,0.5662259615384615,6.125,21.875,0.2880540595218454,13.125,0.0,111.0
95,120,2017-02-06,1,1,2016-17,Atlanta Hawks,Utah Jazz,110.125,28.875,62.25,19.0,47.25,9.625,37.625,25.25,15.5,1.8068496148459383,9.625,28.125,34.1625,31.125,61.0,51.32522390240324,19.0,25.5,75.0875,0.0,7.5,0.5176032913165266,4.375,18.625,0.25091619981325863,15.5,0.0,124.125,101.125,24.75,54.5,21.875,43.625,9.625,34.0,18.25,12.875,1.4455643315018314,8.25,25.375,31.975,27.25,54.375,50.27459944870659,21.875,28.25,77.32499999999999,0.0,7.625,0.6170157967032966,4.25,18.625,0.2569318362796624,12.875,0.0,111.375
107,112,2017-02-06,1,1,2016-17,Sacramento Kings,Chicago Bulls,107.375,30.75,57.25,19.375,42.25,9.0,33.25,25.5,14.875,1.8276858010410642,10.25,26.5,38.8625,28.625,55.875,51.485007452027176,19.375,25.75,75.575,0.0,8.5,0.6101397506002769,3.75,23.0,0.1823746600089311,14.875,0.0,122.625,107.875,19.875,67.0,21.0,45.125,10.125,35.0,21.625,14.125,1.7892139804639804,6.625,20.125,34.2375,33.5,65.25,51.310945437740706,21.0,26.125,80.425,0.0,8.375,0.6522438672438672,5.75,16.875,0.36568155601988384,14.125,0.0,124.25
93,90,2017-02-06,1,1,2016-17,Indiana Pacers,Oklahoma City Thunder,107.0,24.75,63.0,19.25,39.5,6.875,32.625,21.25,13.5,1.8342066172561529,8.25,22.125,38.275,31.5,59.75,52.639592556535106,19.25,23.75,80.0125,0.0,9.25,0.8313987397191731,4.625,21.125,0.2271676415521482,13.5,0.0,121.5,103.0,24.375,58.25,20.375,48.5,12.0,36.5,18.875,15.125,1.318631164587047,8.125,25.5,31.900000000000002,29.125,63.125,46.45031968058284,20.375,26.875,75.75,0.0,7.25,0.5014232397504457,5.25,21.0,0.2555469022086333,15.125,0.0,109.875
118,109,2017-02-06,1,1,2016-17,Toronto Raptors,LA Clippers,103.625,26.625,59.25,17.75,45.125,10.75,34.375,17.125,13.375,1.3114449786324787,8.875,27.625,32.05,29.625,58.0,51.4751370256,17.75,23.375,75.5875,0.0,7.0,0.5370592948717948,5.625,21.625,0.2658318372996231,13.375,0.0,112.375,108.5,31.125,57.25,20.125,41.125,9.75,31.375,22.125,12.75,1.8412016346226872,10.375,26.625,38.050000000000004,28.625,57.0,49.509887400512405,20.125,27.75,74.45,0.0,6.125,0.5152823784402732,4.25,20.25,0.20311153377514934,12.75,0.0,117.125
110,87,2017-02-06,1,1,2016-17,Denver Nuggets,Dallas Mavericks,111.75,28.875,59.25,23.625,45.5,14.0,31.5,25.5,15.875,1.6765002970885323,9.625,25.5,37.625,29.625,60.0,49.74783519194203,23.625,30.125,76.07499999999999,0.0,7.375,0.49844028520499106,4.375,17.625,0.26513660659945487,15.875,0.0,125.875,107.5,33.75,55.75,18.0,41.5,8.625,32.875,20.0,9.5,2.1946810134310137,11.25,29.625,37.5625,27.875,54.875,50.72147520636198,18.0,21.125,86.46249999999999,0.0,7.875,0.8608280608280608,3.75,19.75,0.22023051123283321,9.5,0.0,122.625
135,140,2017-02-06,1,1,2016-17,Washington Wizards,Cleveland Cavaliers,112.625,29.625,67.5,15.5,46.375,9.625,36.75,24.25,13.75,1.8442489801864803,9.875,26.125,38.225,33.75,61.375,55.01258776685057,15.5,19.75,77.75,0.0,8.75,0.6623943764568765,4.875,20.875,0.234217105433117,13.75,0.0,135.0,114.125,40.125,58.75,15.25,47.0,10.25,36.75,25.0,14.5,1.866701680672269,13.375,35.375,37.487500000000004,29.375,51.875,56.674161466848126,15.25,23.0,67.25,0.0,6.75,0.5130018674136322,4.25,17.0,0.2720073125404008,14.5,0.0,130.375
111,106,2017-02-06,1,1,2016-17,New Orleans Pelicans,Phoenix Suns,106.375,31.125,62.0,13.25,44.25,10.375,33.875,22.5,12.625,1.8932234432234434,10.375,28.75,35.2375,31.0,61.875,50.59099753486994,13.25,19.5,67.7375,0.0,7.5,0.6362255799755799,6.875,18.5,0.3650588768115942,12.625,0.0,119.375,110.625,25.125,60.0,25.5,40.625,11.125,29.5,18.25,13.75,1.3752228163992868,8.375,22.75,36.25,30.0,62.625,47.87724500558358,25.5,31.0,82.6625,0.0,7.375,0.5515151515151515,3.375,26.0,0.1440059352673769,13.75,0.0,114.0
113,96,2017-02-06,1,1,2016-17,Detroit Pistons,Philadelphia 76ers,108.125,24.375,69.0,14.75,46.75,11.625,35.125,22.25,13.75,1.7926849192474192,8.125,23.625,34.4375,34.5,64.75,53.32380180643199,14.75,20.875,70.35,0.0,6.625,0.5500353812853813,3.125,19.5,0.17935847113836245,13.75,0.0,121.25,108.25,27.75,60.5,20.0,37.5,7.625,29.875,27.0,16.375,2.048513986013986,9.25,26.125,35.1625,30.25,58.125,52.72134922614898,20.0,24.875,80.2,0.0,9.625,0.6598011363636364,4.375,22.25,0.19059142146098668,16.375,0.0,120.75
113,115,2017-02-06,1,1,2016-17,Minnesota Timberwolves,Miami Heat,108.75,24.375,66.75,17.625,41.75,10.625,31.125,26.125,13.125,2.0121066433566432,8.125,21.5,37.4875,33.375,66.125,50.20504925303655,17.625,22.875,77.0875,0.0,7.375,0.5593385780885781,6.0,21.375,0.28619465329991645,13.125,0.0,125.5,110.5,35.625,59.75,15.125,41.5,7.875,33.625,22.125,13.5,1.6781031468531469,11.875,26.875,44.525,29.875,57.125,52.465742786744705,15.125,21.625,70.975,0.0,8.625,0.6737970362970362,5.625,20.5,0.28410646714826276,13.5,0.0,126.125
107,121,2017-02-06,1,1,2016-17,New York Knicks,Los Angeles Lakers,107.25,28.5,60.75,18.0,50.75,15.125,35.625,21.75,13.25,1.6994283494283495,9.5,28.25,33.6875,30.375,66.625,45.86273425707569,18.0,24.125,75.3125,0.0,8.5,0.6719461094461094,6.0,21.75,0.27714483229189113,13.25,0.0,119.875,102.875,30.375,58.0,14.5,46.0,12.75,33.25,20.375,16.125,1.3440972222222223,10.125,28.875,34.0625,29.0,60.625,48.19129655067155,14.5,17.875,82.5125,0.0,7.625,0.49286858974358977,5.5,20.5,0.2880126507124589,16.125,0.0,112.5
89,74,2017-02-06,1,1,2016-17,Memphis Grizzlies,San Antonio Spurs,106.25,30.75,55.25,20.25,40.0,10.25,29.75,20.625,11.0,1.9701479076479076,10.25,26.625,38.025,27.625,55.375,49.682959977405886,20.25,25.125,81.2125,0.0,7.875,0.7284000721500721,3.875,22.5,0.18662589355599857,11.0,0.0,118.625,109.125,25.875,63.5,19.75,46.0,9.625,36.375,23.875,13.5,1.8510193152221017,8.625,23.125,37.175,31.75,64.125,49.45496619672284,19.75,25.75,77.525,0.0,8.75,0.6404372953328061,6.875,18.75,0.36390048676813386,13.5,0.0,128.25
111,107,2017-02-07,1,1,2016-17,Charlotte Hornets,Brooklyn Nets,104.25,32.625,52.0,19.625,42.25,7.25,35.0,23.875,11.25,2.1999708624708627,10.875,31.75,34.1875,26.0,53.5,49.186838106091194,19.625,22.0,89.33749999999999,0.0,5.375,0.4952141608391608,4.75,17.875,0.27181720326457165,11.25,0.0,118.5,99.375,27.75,53.75,17.875,42.0,7.625,34.375,18.625,17.0,1.1633621151810005,9.25,28.375,31.475,26.875,55.375,48.32064723029781,17.875,20.875,85.3,0.0,5.75,0.3619828104686851,4.875,20.5,0.2400329236298916,17.0,0.0,103.0
128,104,2017-02-07,1,1,2016-17,Houston Rockets,Orlando Magic,112.5,39.75,50.75,22.0,41.375,7.5,33.875,24.75,15.875,1.6771138991727228,13.25,39.625,33.8875,25.375,44.625,57.17472411265317,22.0,28.0,78.7625,0.0,8.625,0.5968348236730591,4.5,23.125,0.19807855541926006,15.875,0.0,124.25,97.875,22.875,58.0,17.0,40.625,9.125,31.5,21.875,13.375,1.72593593358396,7.625,24.75,31.4375,29.0,60.0,48.19026269778042,17.0,23.375,71.1125,0.0,7.5,0.5653978696741855,4.25,20.5,0.21205668052707527,13.375,0.0,104.25
113,114,2017-02-07,1,1,2016-17,Dallas Mavericks,Portland Trail Blazers,105.0,33.75,54.5,16.75,39.75,7.875,31.875,20.5,9.25,2.276848845598846,11.25,30.0,37.0625,27.25,53.5,50.79886317806009,16.75,19.75,85.175,0.0,8.375,0.9132756132756132,3.875,18.75,0.23144845995078195,9.25,0.0,120.25,108.125,28.5,61.0,18.625,43.25,10.125,33.125,20.375,12.25,1.7355543761793761,9.5,26.25,35.275,30.5,62.875,48.5022323293362,18.625,22.625,81.89999999999999,0.0,6.875,0.5624653124653125,3.625,20.875,0.1861691305770253,12.25,0.0,116.875
110,114,2017-02-08,1,1,2016-17,Brooklyn Nets,Washington Wizards,102.0,30.375,53.75,17.875,42.875,7.5,35.375,20.125,17.125,1.2409764942659678,10.125,29.75,33.1375,26.875,54.625,49.0438615160121,17.875,21.25,83.625,0.0,5.875,0.3681102614490772,5.25,21.125,0.2487889622772346,17.125,0.0,108.25,115.5,31.125,69.25,15.125,45.875,9.375,36.5,25.0,13.875,1.884968677156177,10.375,26.5,39.55,34.625,62.0,55.8367635910264,15.125,18.875,78.9625,0.0,8.375,0.6197807400932401,5.125,21.25,0.24217165088766246,13.875,0.0,138.75
112,109,2017-02-08,1,1,2016-17,Minnesota Timberwolves,Toronto Raptors,109.0,24.0,66.5,18.5,41.5,10.625,30.875,25.625,12.625,2.0545308857808857,8.0,21.0,38.175,33.25,66.0,50.124821509765326,18.5,23.75,77.9875,0.0,7.625,0.6153991841491842,5.125,20.25,0.2528613199665831,12.625,0.0,125.25,105.125,28.125,59.0,18.0,45.375,10.875,34.5,18.375,13.125,1.4425638597513597,9.375,27.5,34.2625,29.5,58.125,51.15380934198418,18.0,23.5,76.0875,0.0,6.625,0.5187026515151515,4.75,21.375,0.2312666199083188,13.125,0.0,114.875
115,119,2017-02-08,1,1,2016-17,New York Knicks,LA Clippers,107.5,27.0,61.0,19.5,50.0,14.0,36.0,21.25,13.625,1.632120657120657,9.0,28.25,31.3,30.5,65.75,46.67939288774107,19.5,26.25,74.225,0.0,8.25,0.6455038017538018,6.125,22.25,0.27922816562522446,13.625,0.0,118.25,109.5,34.5,55.0,20.0,40.875,9.125,31.75,22.125,12.5,1.901807695228748,11.5,28.25,40.4125,27.5,55.75,48.79310418372918,20.0,27.0,76.0125,0.0,5.875,0.5102318733897682,4.125,20.0,0.2002919849029689,12.5,0.0,118.0
117,106,2017-02-08,1,1,2016-17,Atlanta Hawks,Denver Nuggets,108.25,28.5,59.5,20.25,45.125,9.125,36.0,24.25,15.25,1.7592305672268906,9.5,27.75,34.2,29.75,59.25,50.556135688911766,20.25,26.625,77.0125,0.0,7.25,0.5086747198879552,4.125,18.625,0.23702731092436977,15.25,0.0,119.625,112.0,30.375,58.25,23.375,46.5,13.75,32.75,25.75,15.5,1.7292780748663104,10.125,26.0,38.8875,29.125,59.75,49.12437460080903,23.375,29.5,77.675,0.0,7.5,0.5151069518716578,4.75,17.625,0.2848734487047181,15.5,0.0,128.375
123,92,2017-02-08,1,1,2016-17,Golden State Warriors,Chicago Bulls,119.375,42.375,59.25,17.75,44.5,9.125,35.375,29.375,14.25,2.2365691691349587,14.125,35.75,38.8875,29.625,53.25,55.11821176748888,17.75,22.125,79.35,0.0,9.375,0.6845670046327941,7.5,18.75,0.41699842555105715,14.25,0.0,146.25,110.25,19.5,69.5,21.25,44.375,9.625,34.75,22.0,12.0,2.0273389804639805,6.5,19.0,35.0625,34.75,66.375,52.40269832879366,21.25,27.625,76.65,0.0,8.125,0.7484938672438672,5.5,16.875,0.3509756736669427,12.0,0.0,127.75
94,127,2017-02-08,1,1,2016-17,New Orleans Pelicans,Utah Jazz,106.0,30.375,62.25,13.375,44.375,9.25,35.125,22.375,13.125,1.793864468864469,10.125,27.75,35.512499999999996,31.125,61.25,51.207194717968534,13.375,19.375,68.725,0.0,7.875,0.6308836996336996,7.25,18.625,0.3783922101449275,13.125,0.0,121.0,102.125,25.5,56.75,19.875,42.5,8.875,33.625,20.0,12.375,1.6356684981684981,8.5,25.75,32.4375,28.375,53.625,53.052377226484374,19.875,25.625,76.6875,0.0,7.75,0.6482657967032966,4.5,18.25,0.2709368530020704,12.375,0.0,116.25
108,92,2017-02-08,1,1,2016-17,Sacramento Kings,Boston Celtics,107.125,31.5,57.0,18.625,41.875,8.875,33.0,25.75,15.25,1.8030009270914844,10.5,27.375,38.4125,28.5,54.625,52.485489612104324,18.625,24.5,76.9,0.0,7.75,0.550265801020445,4.0,24.25,0.1823746600089311,15.25,0.0,122.375,113.75,39.375,53.75,20.625,43.25,8.75,34.5,27.625,12.75,2.2599296536796536,13.125,36.875,35.9625,26.875,49.625,54.04563302757749,20.625,24.5,84.65,0.0,7.875,0.6311951936951937,3.625,20.75,0.17851014738465942,12.75,0.0,133.0
103,111,2017-02-08,1,1,2016-17,Philadelphia 76ers,San Antonio Spurs,105.125,25.875,59.5,19.75,37.875,8.25,29.625,25.0,17.25,1.502039627039627,8.625,26.0,33.0875,29.75,57.625,52.34746369264308,19.75,25.625,76.75,0.0,9.625,0.5700575466200466,3.5,21.0,0.15818401405357926,17.25,0.0,112.75,103.625,23.625,60.5,19.5,45.75,9.75,36.0,21.25,13.875,1.6461873824489923,7.875,22.25,35.0,30.25,63.25,47.82798206973872,19.5,26.25,73.7625,0.0,9.0,0.6456893961731424,6.875,18.5,0.3673095776772247,13.875,0.0,118.5
110,91,2017-02-08,1,1,2016-17,Memphis Grizzlies,Phoenix Suns,105.5,28.875,56.25,20.375,41.125,10.375,30.75,20.5,11.125,1.945308164058164,9.625,24.75,37.35,28.125,56.25,49.87357581318301,20.375,24.75,82.7875,0.0,7.625,0.7011564824064824,4.75,22.5,0.23809648179129267,11.125,0.0,120.75,109.5,23.625,61.0,24.875,41.125,11.375,29.75,19.0,13.875,1.4116811497326203,7.875,23.375,33.45,30.5,63.75,47.70778727033637,24.875,30.625,81.54999999999998,0.0,7.5,0.5562026515151515,4.5,25.375,0.19388947564004771,13.875,0.0,113.25
88,106,2017-02-08,1,1,2016-17,Milwaukee Bucks,Miami Heat,108.625,24.375,63.5,20.75,40.75,9.875,30.875,23.75,16.875,1.4196932560903148,8.125,22.125,37.15,31.75,59.75,52.96912116747671,20.75,27.625,74.925,0.0,9.25,0.5450829404728399,7.0,22.375,0.3030555555555555,16.875,0.0,123.625,111.25,36.375,60.25,14.625,41.375,8.875,32.5,23.25,14.125,1.689132558617853,12.125,26.625,45.8125,30.125,58.5,51.484451517485724,14.625,20.625,71.95,0.0,8.25,0.6272284088460559,5.875,20.125,0.29824337191016753,14.125,0.0,127.0
121,102,2017-02-08,1,1,2016-17,Detroit Pistons,Los Angeles Lakers,107.5,22.5,70.5,14.5,46.75,11.75,35.0,21.625,13.75,1.7446079961704961,7.5,23.25,32.275,35.25,66.125,53.35085808348826,14.5,19.5,74.075,0.0,6.875,0.5692661505161505,3.625,18.25,0.20567426061204666,13.75,0.0,121.0,102.875,29.25,58.0,15.625,47.5,12.75,34.75,19.25,15.625,1.3493055555555555,9.75,28.625,33.05,29.0,60.125,48.50314686252187,15.625,19.5,81.475,0.0,7.375,0.5189102564102563,5.5,21.375,0.28057217452198274,15.625,0.0,113.0
117,132,2017-02-08,1,1,2016-17,Indiana Pacers,Cleveland Cavaliers,106.125,24.0,62.0,20.125,39.625,8.0,31.625,21.5,12.625,1.946706617256153,8.0,22.875,35.875,31.0,60.25,51.40289425340021,20.125,25.25,79.375,0.0,8.875,0.8453693279544673,5.5,20.375,0.2843927054907671,12.625,0.0,119.75,117.25,42.375,58.25,16.625,46.875,10.375,36.5,25.75,14.75,1.886840569561158,14.125,35.875,38.962500000000006,29.125,51.5,56.60106205164345,16.625,23.75,70.7,0.0,6.75,0.508140756302521,4.375,18.25,0.2738101971557854,14.75,0.0,135.0
111,112,2017-02-09,1,1,2016-17,Orlando Magic,Philadelphia 76ers,98.625,22.5,58.25,17.875,41.375,8.875,32.5,22.25,13.875,1.6842692669172932,7.5,24.375,31.3125,29.125,59.375,48.8992963112258,17.875,23.875,74.38749999999999,0.0,7.25,0.5263353696741855,3.875,20.75,0.1921291442951912,13.875,0.0,106.375,103.75,26.25,57.75,19.75,36.875,8.0,28.875,23.875,15.125,1.7460872460872459,8.75,27.0,32.0875,28.875,57.75,50.45460654978594,19.75,26.125,75.2375,0.0,9.5,0.6660396894771895,3.25,20.75,0.14753238498089755,15.125,0.0,108.625
111,120,2017-02-09,1,1,2016-17,Portland Trail Blazers,Boston Celtics,110.875,30.375,62.0,18.5,44.375,10.875,33.5,20.5,12.5,1.723374888999889,10.125,27.375,36.237500000000004,31.0,61.375,50.361838240666245,18.5,22.125,82.875,0.0,6.625,0.5355422355422356,3.125,21.625,0.15828451519240994,12.5,0.0,121.75,111.75,39.375,51.5,20.875,44.125,8.625,35.5,26.875,13.25,2.170643939393939,13.125,36.75,36.087500000000006,25.75,48.375,52.97557085636754,20.875,24.875,84.3,0.0,7.625,0.597465034965035,3.5,20.625,0.17291804212150155,13.25,0.0,130.375
118,109,2017-02-09,1,1,2016-17,Oklahoma City Thunder,Cleveland Cavaliers,102.125,24.75,57.5,19.875,50.5,13.5,37.0,18.875,15.75,1.2582618464052289,8.25,26.5,31.275000000000002,28.75,62.75,46.12293872820189,19.875,26.375,75.175,0.0,7.25,0.48011642156862744,5.875,20.75,0.2884143970326498,15.75,0.0,110.125,118.5,42.75,58.75,17.0,46.125,9.625,36.5,25.75,14.5,1.936840569561158,14.25,35.75,39.45,29.375,50.5,58.16356205164345,17.0,23.875,71.73750000000001,0.0,6.875,0.533140756302521,4.625,17.75,0.29412269715578543,14.5,0.0,137.875
95,107,2017-02-09,1,1,2016-17,Charlotte Hornets,Houston Rockets,104.125,30.0,54.0,20.125,42.875,8.0,34.875,23.0,10.5,2.2892565767565767,10.0,31.25,31.7125,27.0,56.5,48.60485430042318,20.125,22.875,88.325,0.0,5.25,0.5350493256743256,5.125,17.75,0.295510013722088,10.5,0.0,116.375,113.625,39.75,51.5,22.375,40.875,8.0,32.875,25.25,15.625,1.7697712418300655,13.25,39.125,34.387499999999996,25.75,46.25,55.81378500016608,22.375,29.375,76.6,0.0,8.375,0.5933383201765554,4.0,21.875,0.18474522208592672,15.625,0.0,123.125
112,105,2017-02-09,1,1,2016-17,Dallas Mavericks,Utah Jazz,103.875,31.875,54.25,17.75,37.375,6.5,30.875,19.125,8.875,2.2250631313131315,10.625,28.625,36.975,27.125,53.375,50.67696601493953,17.75,21.375,83.225,0.0,8.0,0.9079184704184704,4.125,19.625,0.23220603570835768,8.875,0.0,115.75,104.375,28.5,57.0,18.875,43.25,9.125,34.125,20.125,11.625,1.812007783882784,9.5,26.75,34.787499999999994,28.5,53.125,53.766662940770075,18.875,24.25,77.05,0.0,7.5,0.690676510989011,4.375,18.75,0.2590947477389125,11.625,0.0,120.75
107,122,2017-02-10,1,1,2016-17,Memphis Grizzlies,Golden State Warriors,106.625,30.375,55.0,21.25,40.625,10.625,30.0,21.25,12.625,1.8566718004218004,10.125,25.0,38.95,27.5,55.25,49.53875438461158,21.25,25.875,82.85,0.0,8.0,0.6977473914973914,4.875,23.5,0.22662589355599855,12.625,0.0,121.5,120.0,40.875,61.75,17.375,43.625,8.125,35.5,30.625,13.5,2.4147068209568205,13.625,34.0,39.9375,30.875,54.5,56.238032596156295,17.375,21.375,81.025,0.0,9.5,0.7184738872238873,7.625,19.0,0.42042979810007675,13.5,0.0,149.875
123,131,2017-02-10,1,1,2016-17,New York Knicks,Denver Nuggets,108.25,27.0,63.75,17.5,49.75,14.75,35.0,22.0,13.25,1.7342039904539905,9.0,28.875,30.45,31.875,67.125,47.73708519543338,17.5,24.125,73.5625,0.0,8.375,0.6725871350871351,5.875,22.375,0.26597058986764865,13.25,0.0,119.25,112.375,31.5,58.75,22.125,47.25,15.5,31.75,25.375,15.0,1.7917780748663104,10.5,28.25,37.7625,29.375,60.5,48.90116031509474,22.125,28.25,76.1375,0.0,7.625,0.5526069518716578,4.5,18.25,0.25987344870471807,15.0,0.0,127.125
115,97,2017-02-10,1,1,2016-17,Phoenix Suns,Chicago Bulls,107.0,22.875,59.25,24.875,41.375,12.0,29.375,18.125,14.0,1.3465769830659537,7.625,23.875,31.5625,29.625,63.375,46.61170518078413,24.875,30.875,80.9125,0.0,8.125,0.5916193181818181,4.625,25.875,0.19529849335341326,14.0,0.0,109.25,109.0,18.75,70.75,19.5,43.875,9.75,34.125,22.375,12.5,1.9856723137973138,6.25,19.875,32.7375,35.375,66.625,53.16584449635159,19.5,25.875,75.2625,0.0,8.125,0.727281746031746,4.875,16.75,0.3170704449087728,12.5,0.0,124.5
106,122,2017-02-10,1,1,2016-17,Minnesota Timberwolves,New Orleans Pelicans,109.0,24.375,65.0,19.625,40.75,10.75,30.0,25.375,11.75,2.198280885780886,8.125,21.25,38.362500000000004,32.5,65.25,49.59264632013968,19.625,24.5,79.8625,0.0,7.625,0.6737325174825175,5.0,20.125,0.24780179615705933,11.75,0.0,125.25,102.25,26.25,63.0,13.0,43.75,9.25,34.5,21.25,13.75,1.5510760073260073,8.75,25.875,32.9875,31.5,61.875,51.251416416081746,13.0,18.75,69.0625,0.0,7.625,0.5635760073260073,6.625,18.0,0.36000985720375106,13.75,0.0,114.5
114,122,2017-02-10,1,1,2016-17,Milwaukee Bucks,Los Angeles Lakers,107.5,24.375,63.5,19.625,39.75,9.0,30.75,23.875,17.125,1.3995883609854198,8.125,21.75,37.9875,31.75,59.125,53.46311999651652,19.625,27.125,72.3,0.0,9.75,0.5730549684448678,7.25,22.375,0.3169444444444444,17.125,0.0,122.5,102.125,26.25,59.0,16.875,46.25,11.625,34.625,18.5,15.25,1.3336805555555555,8.75,27.375,31.0125,29.5,61.25,48.40394051331552,16.875,20.875,82.05,0.0,6.375,0.4824519230769231,5.5,21.5,0.2796793173791256,15.25,0.0,109.125
92,103,2017-02-10,1,1,2016-17,Detroit Pistons,San Antonio Spurs,108.5,19.875,74.25,14.375,47.125,11.875,35.25,22.5,13.125,1.8550246628371627,6.625,21.75,30.4875,37.125,68.875,53.824283486292195,14.375,19.75,72.8,0.0,7.125,0.6046828171828171,3.875,16.625,0.24072717066495672,13.125,0.0,123.75,103.5,24.375,58.5,20.625,45.5,8.875,36.625,21.5,14.625,1.5406318268934367,8.125,22.25,36.1375,29.25,60.625,48.39436773886411,20.625,27.375,74.6,0.0,8.375,0.5651338406175869,7.0,19.125,0.3646357808857809,14.625,0.0,119.0
112,107,2017-02-10,1,1,2016-17,Washington Wizards,Indiana Pacers,116.125,30.75,68.75,16.625,46.75,10.875,35.875,24.875,13.625,1.9035584207459206,10.25,26.5,39.05,34.375,64.125,53.71870803547084,16.625,20.875,78.875,0.0,8.875,0.664652534965035,5.375,21.625,0.24990576460003705,13.625,0.0,138.125,107.875,26.25,61.25,20.375,39.75,8.0,31.75,22.25,12.75,1.9921611627106983,8.75,22.75,39.012499999999996,30.625,59.875,51.08491179725986,20.375,25.375,79.94999999999999,0.0,8.875,0.8387405400756793,5.25,20.125,0.273281594379656,12.75,0.0,123.0
99,108,2017-02-10,1,1,2016-17,Brooklyn Nets,Miami Heat,102.5,28.875,55.5,18.125,45.625,8.875,36.75,20.125,17.375,1.2213686511287132,9.625,29.5,31.9125,27.75,56.25,49.182750404900986,18.125,22.5,81.2375,0.0,6.25,0.38722790850790073,5.375,21.0,0.25483062894390124,17.375,0.0,109.75,111.375,35.625,61.5,14.25,41.75,9.25,32.5,23.625,14.25,1.7021533919511862,11.875,27.0,44.5625,30.75,58.125,52.97956607274178,14.25,19.5,73.5625,0.0,7.75,0.5912909088460558,6.0,20.375,0.3016894871983881,14.25,0.0,128.5
108,107,2017-02-10,1,1,2016-17,Sacramento Kings,Atlanta Hawks,106.125,31.125,57.0,18.0,41.0,8.0,33.0,25.125,15.5,1.7152033080438653,10.375,26.625,38.975,28.5,54.0,53.01515062905347,18.0,23.625,77.7625,0.0,7.5,0.513063420068064,3.75,23.0,0.1759262473105184,15.5,0.0,120.625,109.75,28.125,62.25,19.375,46.125,9.625,36.5,24.625,15.625,1.6740032944996182,9.375,27.5,34.025,31.125,60.125,52.01029593544489,19.375,25.625,76.85,0.0,7.0,0.4518565380697734,4.375,18.75,0.25009920634920635,15.625,0.0,122.875
104,112,2017-02-11,1,1,2016-17,Utah Jazz,Boston Celtics,105.625,31.5,55.75,18.375,43.375,9.5,33.875,21.375,13.0,1.7667696886446884,10.5,27.75,37.4125,27.875,52.25,53.41944071854786,18.375,23.125,78.7,0.0,7.25,0.6132955586080586,3.875,19.75,0.22490671355087832,13.0,0.0,122.125,111.75,39.0,51.0,21.75,43.5,8.875,34.625,25.625,12.0,2.3008522727272727,13.0,36.5,35.95,25.5,48.625,52.31566532705384,21.75,26.25,82.7625,0.0,7.375,0.6530205905205906,3.25,19.875,0.16498153418499362,12.0,0.0,128.375
114,130,2017-02-11,1,1,2016-17,Oklahoma City Thunder,Golden State Warriors,102.625,24.0,60.0,18.625,50.0,14.125,35.875,18.875,15.5,1.285047560690943,8.0,26.5,30.349999999999998,30.0,64.625,46.51850834845505,18.625,24.5,75.8625,0.0,7.75,0.5225271358543417,5.125,21.375,0.2391994211872392,15.5,0.0,109.875,122.5,43.5,59.5,19.5,42.5,7.875,34.625,31.125,13.25,2.496552059052059,14.5,34.375,42.2875,29.75,52.75,55.94414544882087,19.5,23.625,83.0625,0.0,10.125,0.7839500777000777,8.75,19.75,0.4579297981000767,13.25,0.0,154.75
133,102,2017-02-11,1,1,2016-17,Houston Rockets,Phoenix Suns,112.75,39.375,51.75,21.625,42.625,8.5,34.125,24.75,15.0,1.7838086749851456,13.125,39.75,33.449999999999996,25.875,46.875,55.288202426711166,21.625,28.375,76.77499999999999,0.0,8.625,0.6264265554706732,4.125,21.5,0.19491268620075924,15.0,0.0,123.5,106.375,22.125,59.75,24.5,43.25,12.625,30.625,18.625,13.75,1.4551628416518123,7.375,23.25,31.6125,29.875,64.75,45.882960241512876,24.5,30.375,81.18749999999999,0.0,7.625,0.5562657828282828,5.375,24.875,0.2412386642935842,13.75,0.0,110.875
102,107,2017-02-11,1,1,2016-17,Charlotte Hornets,LA Clippers,103.625,30.0,54.5,19.125,43.375,7.75,35.625,23.25,12.25,2.0619838494838496,10.0,30.5,32.4375,27.25,56.625,48.92995657979197,19.125,21.5,89.4375,0.0,5.375,0.4711288711288711,5.125,17.5,0.29937998276233574,12.25,0.0,116.25,112.125,34.5,56.25,21.375,42.375,9.625,32.75,22.0,12.75,1.8323632507843035,11.5,27.375,41.5,28.125,56.125,49.463579929997834,21.375,29.5,72.0,0.0,6.25,0.5316965198544146,4.25,19.625,0.20817241968557756,12.75,0.0,122.25
100,116,2017-02-11,1,1,2016-17,Indiana Pacers,Milwaukee Bucks,107.625,24.0,63.5,20.125,39.5,8.5,31.0,23.25,11.75,2.1835487225193106,8.0,23.125,34.4375,31.75,60.875,51.954015307208444,20.125,25.125,79.7625,0.0,8.375,0.826778817587641,5.375,20.125,0.2789634125614742,11.75,0.0,123.125,105.875,23.25,62.5,20.125,39.375,8.625,30.75,23.375,17.25,1.3643909925643671,7.75,22.375,35.5875,31.25,58.0,53.901716487744594,20.125,27.625,72.6,0.0,9.0,0.5299628631817099,7.125,23.5,0.3009961685823755,17.25,0.0,118.625
112,80,2017-02-11,1,1,2016-17,Dallas Mavericks,Orlando Magic,105.0,31.5,55.75,17.75,37.5,6.375,31.125,19.375,9.5,2.104527417027417,10.5,27.875,37.2125,27.875,54.625,50.71624331266145,17.75,21.5,82.82499999999999,0.0,8.25,0.8543470418470418,3.625,20.5,0.17902621114695416,9.5,0.0,116.375,101.0,23.625,59.0,18.375,41.25,8.25,33.0,23.375,14.125,1.7265625,7.875,24.25,33.2875,29.5,59.375,49.49453440646389,18.375,24.375,74.9125,0.0,6.875,0.5040922619047619,4.625,21.0,0.22824025540630233,14.125,0.0,110.75
125,109,2017-02-11,1,1,2016-17,Cleveland Cavaliers,Denver Nuggets,118.125,40.875,59.5,17.75,44.625,8.625,36.0,23.875,14.25,1.8448266806722688,13.625,33.625,40.462500000000006,29.75,52.25,57.09577208299141,17.75,23.375,75.075,0.0,6.875,0.540953256302521,4.625,16.875,0.3119798400129283,14.25,0.0,135.75,112.875,34.125,59.5,19.25,47.0,15.125,31.875,25.5,15.0,1.8001114081996437,11.375,29.375,39.125,29.75,60.5,49.49639841033283,19.25,25.125,74.175,0.0,7.75,0.5609402852049912,4.375,17.75,0.2666916305228999,15.0,0.0,127.875
117,109,2017-02-11,1,1,2016-17,Philadelphia 76ers,Miami Heat,103.0,26.625,57.0,19.375,38.875,9.25,29.625,23.375,14.25,1.7896478521478523,8.875,27.375,32.0,28.5,59.5,48.317884499659215,19.375,25.5,75.5875,0.0,9.375,0.6948275682650682,3.125,20.0,0.15042712182300283,14.25,0.0,107.875,111.25,34.125,62.75,14.375,42.5,10.125,32.375,22.75,14.375,1.6238566886544827,11.375,27.0,42.3875,31.375,59.25,53.09731969593019,14.375,19.0,75.875,0.0,8.25,0.6221975022526494,6.125,19.875,0.3133561538650548,14.375,0.0,128.375
94,90,2017-02-12,1,1,2016-17,New York Knicks,San Antonio Spurs,111.75,30.375,64.75,16.625,47.0,13.75,33.25,24.375,12.375,2.025239343989344,10.125,30.75,31.9125,32.375,65.375,50.1218019279762,16.625,23.25,70.65,0.0,9.125,0.758445720945721,6.25,21.5,0.29870868510574394,12.375,0.0,125.875,102.875,25.125,58.75,19.0,47.5,9.5,38.0,22.375,15.625,1.5010484935601036,8.375,21.625,38.4125,29.375,60.875,48.39111507167702,19.0,25.125,75.125,0.0,8.0,0.51721717395092,6.875,19.125,0.35769133644133644,15.625,0.0,121.125
105,99,2017-02-12,1,1,2016-17,Sacramento Kings,New Orleans Pelicans,105.75,33.0,56.5,16.25,40.5,7.75,32.75,25.75,15.375,1.757966465938602,11.0,28.0,38.725,28.25,53.875,52.585857699760545,16.25,21.75,76.375,0.0,8.125,0.55034412182245,3.875,22.625,0.18101883990311102,15.375,0.0,120.5,104.375,26.625,63.75,14.0,43.375,9.125,34.25,21.75,14.875,1.4722069597069598,8.875,25.625,33.9,31.875,59.5,54.0666338073861,14.0,19.75,70.425,0.0,7.75,0.5382783882783883,5.875,18.0,0.32740116155157717,14.875,0.0,118.125
117,89,2017-02-12,1,1,2016-17,Minnesota Timberwolves,Chicago Bulls,109.375,22.875,66.5,20.0,40.75,11.5,29.25,24.75,11.75,2.1502039627039626,7.625,21.25,36.512499999999996,33.25,65.375,50.84685507434843,20.0,25.125,79.5125,0.0,7.375,0.6545017482517482,4.375,20.25,0.21655179615705933,11.75,0.0,124.0,108.625,18.0,71.75,18.875,43.5,10.5,33.0,23.375,12.25,2.0975604256854257,6.0,19.5,32.05,35.875,68.125,52.77235738644657,18.875,24.875,75.9,0.0,7.375,0.6818272005772006,4.75,16.375,0.31665926069824646,12.25,0.0,123.625
101,102,2017-02-12,1,1,2016-17,Toronto Raptors,Detroit Pistons,106.375,28.5,59.5,18.375,44.25,10.5,33.75,18.75,13.625,1.403033945221445,9.5,26.75,35.5,29.75,57.25,52.501848557670456,18.375,23.625,77.6,0.0,6.625,0.4930616258741259,4.625,21.375,0.22558480172650058,13.625,0.0,117.0,107.0,18.0,75.0,14.0,46.75,12.0,34.75,21.875,12.375,1.9190871628371626,6.0,20.375,29.7,37.5,71.5,52.315024227032936,14.0,19.25,72.625,0.0,7.125,0.6421828171828171,4.125,15.875,0.2597747897125757,12.375,0.0,120.875
103,112,2017-02-13,1,1,2016-17,Brooklyn Nets,Memphis Grizzlies,100.375,25.875,55.5,19.0,47.0,10.25,36.75,19.625,18.75,1.0679595602196221,8.625,27.875,30.85,27.75,57.125,48.465537290146884,19.0,24.0,79.675,0.0,5.625,0.30768245396244626,5.875,21.375,0.27983062894390126,18.75,0.0,106.125,106.375,30.375,54.25,21.75,41.25,11.625,29.625,20.75,13.625,1.7155234750629489,10.125,25.0,38.949999999999996,27.125,56.5,47.79896010624449,21.75,26.375,83.1375,0.0,8.0,0.6690392575260996,4.75,24.625,0.21158829957103614,13.625,0.0,118.625
120,98,2017-02-13,1,1,2016-17,Washington Wizards,Oklahoma City Thunder,114.75,31.125,66.75,16.875,47.125,11.625,35.5,25.875,13.0,2.069041375291375,10.375,27.625,37.7375,33.375,63.5,52.669317145640335,16.875,22.0,76.5,0.0,9.0,0.7008741258741258,5.375,21.0,0.26058952528379775,13.0,0.0,136.625,103.25,22.875,61.5,18.875,50.0,14.75,35.25,19.75,15.75,1.3210382727652463,7.625,26.75,28.3625,30.75,65.75,46.72189817896353,18.875,24.5,76.5625,0.0,7.75,0.517109179197995,5.875,22.125,0.2679717997038632,15.75,0.0,111.125
72,88,2017-02-13,1,1,2016-17,Utah Jazz,LA Clippers,107.0,31.875,55.5,19.625,43.25,10.125,33.125,21.0,12.875,1.7506712037962038,10.625,28.875,36.6625,27.75,51.25,54.000248799355944,19.625,24.25,80.0125,0.0,7.625,0.6530682858807858,3.75,19.5,0.22020746543057754,12.875,0.0,123.375,111.125,34.5,55.75,20.875,42.875,9.625,33.25,22.375,13.125,1.8031424715635243,11.5,28.625,39.3625,27.875,55.0,50.00279561627235,20.875,29.25,70.4625,0.0,6.125,0.5130276886855835,4.0,19.875,0.19125512645249487,13.125,0.0,120.75
132,110,2017-02-13,1,1,2016-17,Denver Nuggets,Golden State Warriors,111.125,35.625,58.5,17.0,46.625,16.125,30.5,26.25,14.625,1.89802807486631,11.875,30.875,39.175,29.25,61.125,48.07594386487829,17.0,22.625,73.9625,0.0,7.875,0.5859402852049911,4.5,17.375,0.2744189032501726,14.625,0.0,125.25,124.625,44.25,60.75,19.625,42.375,8.5,33.875,31.75,13.25,2.548635392385392,14.75,34.75,42.612500000000004,30.375,53.0,56.82873539591082,19.625,24.625,80.875,0.0,10.5,0.8152000777000777,7.375,20.125,0.38286998948763656,13.25,0.0,155.75
108,110,2017-02-13,1,1,2016-17,Phoenix Suns,New Orleans Pelicans,105.125,22.875,58.25,24.0,43.125,12.75,30.375,18.625,14.75,1.359469061747506,7.625,23.375,32.5875,29.125,65.0,44.6676824637351,24.0,29.625,81.425,0.0,7.5,0.5066246345029239,5.5,23.875,0.24867914048406037,14.75,0.0,107.875,101.875,26.625,60.25,15.0,41.25,8.125,33.125,21.0,15.375,1.3730006105006107,8.875,25.75,33.725,30.125,58.0,52.26924818647107,15.0,20.625,72.2125,0.0,8.0,0.5362942612942613,5.375,18.375,0.3007707267689685,15.375,0.0,111.75
104,109,2017-02-13,1,1,2016-17,Portland Trail Blazers,Atlanta Hawks,108.875,30.0,61.25,17.625,44.875,11.0,33.875,20.125,12.75,1.6709195318570318,10.0,27.5,35.5625,30.625,59.375,51.55806299922639,17.625,21.5,81.7875,0.0,5.625,0.4596493783993784,3.375,21.25,0.1716624416138146,12.75,0.0,120.0,108.25,25.875,62.0,20.375,45.875,9.25,36.625,23.375,16.0,1.5547806054239877,8.625,27.5,31.525,31.0,58.625,53.500171683258976,20.375,27.125,76.0,0.0,7.125,0.45133132798573977,4.375,18.375,0.25561391223155927,16.0,0.0,119.75
102,89,2017-02-13,1,1,2016-17,Milwaukee Bucks,Detroit Pistons,106.75,27.0,58.25,21.5,39.375,7.75,31.625,23.625,15.75,1.6933383609854198,9.0,22.75,39.31249999999999,29.125,55.375,52.314414900443,21.5,29.375,72.6125,0.0,8.5,0.5825944421290783,7.375,23.0,0.3199355625217694,15.75,0.0,122.0,106.875,19.5,71.5,15.875,46.625,11.75,34.875,22.0,11.75,2.0187895437895436,6.5,22.75,28.7625,35.75,68.5,52.100615993756776,15.875,21.375,74.825,0.0,7.375,0.72253996003996,4.375,16.125,0.271059511934798,11.75,0.0,121.0
106,110,2017-02-13,1,1,2016-17,Indiana Pacers,San Antonio Spurs,105.75,24.0,62.75,19.0,40.375,8.625,31.75,23.25,12.25,2.115691579662168,8.0,22.375,35.6625,31.375,61.0,51.0814662876006,19.0,24.0,79.1875,0.0,6.875,0.669635960444784,5.625,20.25,0.2881300792281409,12.25,0.0,120.625,101.25,22.875,60.25,18.125,47.75,10.625,37.125,22.0,15.5,1.4858969784085885,7.625,21.75,35.637499999999996,30.125,61.5,49.22940030087906,18.125,24.25,74.575,0.0,8.125,0.5380505072842534,6.5,19.5,0.327042297979798,15.5,0.0,118.5
99,105,2017-02-13,1,1,2016-17,Charlotte Hornets,Philadelphia 76ers,103.5,32.25,52.75,18.5,43.0,7.25,35.75,23.0,11.375,2.220317182817183,10.75,32.25,33.025,26.375,54.0,49.56401455080646,18.5,21.375,86.91250000000001,0.0,5.375,0.5148788711288711,4.875,17.75,0.282713316095669,11.375,0.0,116.375,104.125,26.25,56.0,21.875,38.25,9.25,29.0,23.5,13.875,1.8771478521478522,8.75,27.0,32.0375,28.0,58.25,48.47950999030803,21.875,28.5,76.525,0.0,10.25,0.8054044913419913,3.125,19.875,0.15259162398750498,13.875,0.0,110.25
107,116,2017-02-13,1,1,2016-17,Miami Heat,Orlando Magic,112.375,33.375,62.75,16.25,43.625,10.625,33.0,21.5,15.375,1.4571900219878162,11.125,27.0,41.35,31.375,58.75,53.50085059126437,16.25,21.125,76.3625,0.0,7.0,0.501364168919316,6.375,21.125,0.3171687900306321,15.375,0.0,127.375,98.75,21.375,59.0,18.375,41.5,8.75,32.75,21.75,14.5,1.5578125,7.125,24.0,30.4125,29.5,59.0,49.79182800952567,18.375,24.375,74.9125,0.0,7.0,0.4978422619047619,5.0,21.125,0.25063608873963567,14.5,0.0,107.125
98,111,2017-02-13,1,1,2016-17,Dallas Mavericks,Boston Celtics,106.75,33.75,56.0,17.0,39.375,6.875,32.5,21.25,9.75,2.213158369408369,11.25,29.0,38.0,28.0,54.375,51.14727779542007,17.0,20.625,82.6625,0.0,8.25,0.8394660894660895,3.75,19.375,0.19146965006098132,9.75,0.0,121.875,109.75,37.875,49.75,22.125,42.25,8.375,33.875,23.25,12.75,1.9696022727272724,12.625,36.0,35.475,24.875,46.875,53.429856014415265,22.125,27.25,80.9125,0.0,7.125,0.5998955905205905,3.125,20.75,0.14905016163597398,12.75,0.0,122.25
108,116,2017-02-14,1,1,2016-17,Minnesota Timberwolves,Cleveland Cavaliers,107.875,21.75,66.5,19.625,40.375,11.125,29.25,24.75,12.25,2.068385780885781,7.25,21.75,34.0125,33.25,63.375,52.673339092613276,19.625,24.375,80.41250000000001,0.0,7.75,0.655259324009324,3.875,19.375,0.2046470342522974,12.25,0.0,123.0,118.25,41.625,58.25,18.375,44.375,8.5,35.875,24.375,14.5,1.8470588235294119,13.875,32.875,42.2,29.125,52.0,56.235983723203056,18.375,23.625,77.17500000000001,0.0,7.5,0.5755514705882353,4.375,17.125,0.2907744828700711,14.5,0.0,137.25
105,94,2017-02-14,1,1,2016-17,Chicago Bulls,Toronto Raptors,105.5,18.75,69.25,17.5,42.75,10.125,32.625,23.875,13.625,1.928909632034632,6.25,19.25,33.349999999999994,34.625,67.125,51.539116809669444,17.5,23.25,74.9375,0.0,7.5,0.6232954545454545,4.375,17.375,0.2880134273649131,13.625,0.0,119.125,106.25,27.75,60.25,18.25,43.125,9.75,33.375,18.5,13.0,1.4513293997668997,9.25,25.625,36.75,30.125,57.25,53.13744177800944,18.25,23.875,76.3125,0.0,6.0,0.46820367132867136,4.0,21.25,0.1945175502645123,13.0,0.0,115.75
96,97,2017-02-14,1,1,2016-17,Los Angeles Lakers,Sacramento Kings,108.25,30.75,58.75,18.75,46.375,11.75,34.625,20.25,15.375,1.4217653508771928,10.25,28.625,35.275,29.375,60.25,49.212506946881945,18.75,23.125,82.1125,0.0,7.125,0.5208291160593792,5.375,22.0,0.2703043173791256,15.375,0.0,118.375,105.25,33.0,55.0,17.25,41.5,7.75,33.75,25.25,16.625,1.5642164659386022,11.0,28.5,38.075,27.5,53.25,51.75729796162634,17.25,21.875,79.8,0.0,8.75,0.54409412182245,3.875,22.0,0.18856714908185496,16.625,0.0,120.125
109,86,2017-02-15,1,1,2016-17,Golden State Warriors,Sacramento Kings,120.375,40.875,60.0,19.5,39.75,7.875,31.875,30.5,13.0,2.498130341880342,13.625,34.5,39.487500000000004,30.0,53.25,55.916379074071735,19.5,24.25,82.25,0.0,10.875,0.8795940170940171,7.25,19.625,0.3890917089446501,13.0,0.0,146.875,102.5,30.75,55.25,16.5,42.125,7.5,34.625,24.25,16.125,1.5488103034736163,10.25,27.875,36.125,27.625,53.75,51.37747936752203,16.5,21.375,78.45,0.0,9.0,0.5686039257440186,3.875,20.0,0.2064242919389978,16.125,0.0,117.0
90,85,2017-02-15,1,1,2016-17,Toronto Raptors,Charlotte Hornets,103.875,25.125,61.75,17.0,42.375,9.625,32.75,18.0,13.625,1.3728037587412587,8.375,24.625,34.5125,30.875,58.0,53.834036205254016,17.0,22.375,76.1375,0.0,6.125,0.45378059440559443,3.75,22.0,0.18057524257220464,13.625,0.0,111.75,102.5,31.5,51.75,19.25,41.25,6.5,34.75,23.125,11.625,2.205573593073593,10.5,31.5,33.074999999999996,25.875,53.25,49.31311129910032,19.25,22.75,84.8625,0.0,6.125,0.5584686147186146,5.0,17.875,0.288228021978022,11.625,0.0,114.5
98,91,2017-02-15,1,1,2016-17,Detroit Pistons,Dallas Mavericks,104.375,21.0,68.25,15.125,45.75,11.75,34.0,21.875,13.0,1.8223609723609724,7.0,22.0,31.5375,34.125,66.875,50.87881148247858,15.125,20.125,75.4125,0.0,7.125,0.6448088676029853,3.625,15.5,0.23996047811837284,13.0,0.0,117.0,105.875,32.625,55.75,17.5,38.875,6.625,32.25,21.375,10.375,2.074765512265512,10.875,28.125,37.75,27.875,54.0,51.279353267118175,17.5,21.75,80.4375,0.0,8.375,0.805239898989899,3.375,19.0,0.17419991321887607,10.375,0.0,119.875
91,95,2017-02-15,1,1,2016-17,Memphis Grizzlies,New Orleans Pelicans,107.625,29.625,54.25,23.75,42.5,11.375,31.125,22.25,14.25,1.7437972845867584,9.875,24.5,38.77499999999999,27.125,56.625,47.67269747998186,23.75,28.5,83.46249999999999,0.0,7.875,0.5990987813356234,4.75,23.75,0.2139660169623405,14.25,0.0,121.875,103.875,25.875,60.5,17.5,40.625,7.5,33.125,20.25,15.5,1.3131047771672772,8.625,25.25,33.3875,30.25,57.75,52.788478955701834,17.5,23.125,75.55,0.0,8.0,0.5321275946275946,5.625,19.75,0.29669463981244676,15.5,0.0,113.125
99,84,2017-02-15,1,1,2016-17,LA Clippers,Atlanta Hawks,108.375,31.125,58.75,18.5,43.25,9.0,34.25,22.25,12.375,1.84514652014652,10.375,27.5,37.25,29.375,57.375,50.962013762990495,18.5,25.5,70.48750000000001,0.0,6.5,0.5540195915195916,4.75,19.5,0.23162593984962407,12.375,0.0,120.625,111.125,25.5,62.75,22.875,47.25,9.125,38.125,23.625,14.625,1.7200583832017655,8.5,27.125,31.475,31.375,59.0,53.9066402147275,22.875,30.0,77.13749999999999,0.0,7.125,0.5200813279857397,4.75,19.25,0.2528965209272115,14.625,0.0,125.875
79,107,2017-02-15,1,1,2016-17,Orlando Magic,San Antonio Spurs,99.0,20.625,60.0,18.375,43.5,9.875,33.625,20.875,14.75,1.458110119047619,6.875,22.875,32.1125,30.0,61.5,48.57002349824748,18.375,24.75,73.92500000000001,0.0,7.375,0.5156994047619048,4.625,20.375,0.2408958289993759,14.75,0.0,106.75,102.375,22.5,60.75,19.125,48.25,11.5,36.75,21.0,15.5,1.3949878874994974,7.5,20.875,36.925,30.375,62.875,48.60610795115228,19.125,24.75,77.075,0.0,8.75,0.5948686891024353,6.5,19.75,0.3247695707070707,15.5,0.0,119.875
111,88,2017-02-15,1,1,2016-17,Utah Jazz,Portland Trail Blazers,104.0,31.125,54.75,18.125,43.875,10.375,33.5,21.125,13.25,1.706637112887113,10.375,28.5,35.95,27.375,52.375,52.551385162992304,18.125,23.0,77.63749999999999,0.0,7.375,0.6005114676989677,3.5,19.625,0.19066201088512302,13.25,0.0,118.625,108.75,34.5,56.75,17.5,47.0,12.625,34.375,20.75,13.5,1.6395024195575665,11.5,30.875,36.987500000000004,28.375,57.625,49.36134168775098,17.5,22.125,79.4125,0.0,5.5,0.43224296128707895,3.375,24.0,0.1447016573000891,13.5,0.0,118.625
113,104,2017-02-15,1,1,2016-17,Cleveland Cavaliers,Indiana Pacers,119.375,43.5,57.75,18.125,43.375,8.625,34.75,25.0,14.5,1.9095588235294119,14.5,34.125,42.912499999999994,28.875,50.0,57.93304552664783,18.125,23.625,76.0375,0.0,6.75,0.5005514705882353,4.125,17.375,0.27167726064784886,14.5,0.0,137.875,104.0,25.5,59.5,19.0,39.75,8.5,31.25,22.375,12.375,2.0043279432985313,8.5,22.25,38.3125,29.75,60.0,49.376920833055145,19.0,24.5,77.8375,0.0,6.75,0.6480450513538749,5.125,20.5,0.26276776038756117,12.375,0.0,116.125
116,105,2017-02-15,1,1,2016-17,Oklahoma City Thunder,New York Knicks,104.125,23.25,60.5,20.375,49.0,15.625,33.375,19.25,15.625,1.2981216060985798,7.75,27.75,28.05,30.25,64.25,46.92896007957381,20.375,26.25,77.55,0.0,8.375,0.5613800125313283,5.625,22.5,0.2530196465938154,15.625,0.0,110.875,109.75,30.375,61.75,17.625,46.5,13.0,33.5,23.875,13.625,1.862739343989344,10.125,29.125,35.7875,30.875,63.5,49.2059404142886,17.625,24.25,72.125,0.0,8.75,0.689695720945721,6.125,21.625,0.28884026405311236,13.625,0.0,123.125
99,112,2017-02-15,1,1,2016-17,Denver Nuggets,Minnesota Timberwolves,113.125,39.0,58.0,16.125,46.75,15.375,31.375,27.25,16.0,1.7957553475935828,13.0,32.625,39.5375,29.0,58.0,49.945033699393655,16.125,21.75,73.01249999999999,0.0,7.125,0.48366755793226385,4.0,16.875,0.2486252524565218,16.0,0.0,128.0,107.5,20.625,67.75,19.125,39.25,11.0,28.25,24.5,12.125,2.0731206293706292,6.875,21.0,33.725,33.875,63.5,53.57579684990974,19.125,23.5,81.1375,0.0,8.125,0.6921911421911422,2.75,19.125,0.1497859231411863,12.125,0.0,121.875
125,129,2017-02-15,1,1,2016-17,Brooklyn Nets,Milwaukee Bucks,99.625,27.75,53.5,18.375,46.0,10.375,35.625,20.0,18.375,1.1408762268862889,9.25,29.875,30.7375,26.75,54.75,49.047134512369105,18.375,23.125,80.08749999999999,0.0,5.875,0.3410157872957796,5.125,22.125,0.23816396227723458,18.375,0.0,104.875,108.75,26.625,60.75,21.375,38.125,6.875,31.25,24.5,14.75,1.8637929064399652,8.875,22.5,39.0875,30.375,55.5,54.37884321260271,21.375,28.375,76.2625,0.0,8.875,0.6453934851912793,6.75,22.375,0.2948687176019833,14.75,0.0,126.5
109,117,2017-02-15,1,1,2016-17,Houston Rockets,Miami Heat,115.75,42.375,51.25,22.125,45.75,9.75,36.0,24.625,15.5,1.7386406077582548,14.125,40.375,35.6625,25.625,47.25,54.345434014998645,22.125,28.5,77.82499999999999,0.0,8.625,0.615222073677956,4.0,22.125,0.18192959441331966,15.5,0.0,129.0,111.25,30.375,64.0,16.875,43.5,10.25,33.25,21.0,15.875,1.3693112341090283,10.125,26.25,38.5125,32.0,59.875,53.53237644246234,16.875,21.625,77.225,0.0,7.125,0.4915156840708311,6.5,21.875,0.31269510582010585,15.875,0.0,124.75
137,101,2017-02-15,1,1,2016-17,Phoenix Suns,Los Angeles Lakers,106.625,24.0,59.75,22.875,43.25,12.75,30.5,19.0,15.0,1.370691971964224,8.0,23.875,33.65,29.875,66.875,44.4728772689299,22.875,27.75,82.5375,0.0,7.375,0.4938537366701066,4.875,24.625,0.21104756153669196,15.0,0.0,108.375,108.0,31.125,58.75,18.125,45.375,11.625,33.75,21.0,15.625,1.4501967234262125,10.375,28.5,35.8625,29.375,59.0,50.152900465400464,18.125,23.25,77.16250000000001,0.0,7.75,0.5526918611574184,4.625,22.5,0.22198498964803315,15.625,0.0,118.25
116,108,2017-02-15,1,1,2016-17,Boston Celtics,Philadelphia 76ers,109.625,38.625,50.0,21.0,41.875,8.125,33.75,23.5,12.625,2.0112689393939394,12.875,35.125,37.1,25.0,46.75,53.823251404486186,21.0,25.75,81.325,0.0,7.0,0.5942866161616162,2.625,21.0,0.12600668337510443,12.625,0.0,123.25,102.0,26.625,54.75,20.625,41.0,9.25,31.75,22.5,14.25,1.7850425889899575,8.875,27.25,32.150000000000006,27.375,58.375,47.14605570874053,20.625,27.375,74.5125,0.0,9.75,0.7630525176577808,3.5,20.25,0.16846463986052085,14.25,0.0,108.375
104,103,2017-02-16,1,1,2016-17,Chicago Bulls,Boston Celtics,107.625,20.25,68.75,18.625,42.0,9.875,32.125,24.25,13.125,1.9775790998217468,6.75,19.75,35.6125,34.375,66.0,52.01988604043867,18.625,24.5,75.4375,0.0,7.625,0.6404523172905525,3.875,18.75,0.22143734040839136,13.125,0.0,121.75,110.0,38.625,50.5,20.875,41.25,8.125,33.125,23.25,14.375,1.833143939393939,12.875,34.625,37.825,25.25,47.0,54.08286678910157,20.875,26.125,80.10000000000001,0.0,7.875,0.5869949494949495,2.5,21.0,0.11906223893065998,14.375,0.0,121.75
98,111,2017-02-16,1,1,2016-17,Indiana Pacers,Washington Wizards,104.75,26.625,60.5,17.625,40.375,9.5,30.875,23.0,11.625,2.1432168321874205,8.875,22.75,38.9375,30.25,61.625,48.89963314378589,17.625,23.0,77.4875,0.0,6.375,0.634156162464986,5.125,19.75,0.26468591895533605,11.625,0.0,117.375,115.75,31.125,66.5,18.125,45.625,10.75,34.875,26.0,13.375,2.053280505726158,10.375,26.25,40.625,33.25,62.875,53.043422545770454,18.125,23.125,78.21249999999999,0.0,8.0,0.6476132563089085,5.25,21.0,0.2553811919504644,13.375,0.0,136.75
123,113,2017-02-23,1,1,2016-17,Golden State Warriors,LA Clippers,119.875,42.75,60.0,17.125,40.625,7.625,33.0,31.0,11.75,2.8036858974358974,14.25,35.75,40.15,30.0,52.625,56.604272155832746,17.125,22.0,80.0125,0.0,10.5,0.9455662393162394,7.75,19.375,0.4255500422779835,11.75,0.0,149.0,108.5,31.875,58.5,18.125,44.25,8.625,35.625,22.25,12.625,1.8183608058608058,10.625,28.625,36.6125,29.25,55.875,52.25169630267303,18.125,24.25,74.0,0.0,7.875,0.6321445915195916,4.875,19.375,0.23979587449014694,12.625,0.0,124.375
114,108,2017-02-23,1,1,2016-17,Detroit Pistons,Charlotte Hornets,101.875,19.5,66.25,16.125,47.375,12.25,35.125,20.25,13.625,1.5973609723609723,6.5,21.125,30.675,33.125,67.0,49.16990211227889,16.125,20.75,77.95,0.0,6.25,0.5489755342696518,4.125,15.875,0.27121047811837284,13.625,0.0,113.125,99.875,31.875,50.5,17.5,42.5,6.25,36.25,22.75,12.5,2.0786796536796537,10.625,31.625,33.3,25.25,53.25,47.66837445699506,17.5,20.875,84.51250000000002,0.0,6.75,0.5755140692640692,4.875,17.0,0.2948946886446886,12.5,0.0,111.875
99,129,2017-02-23,1,1,2016-17,New Orleans Pelicans,Houston Rockets,102.5,24.375,60.75,17.375,39.5,6.375,33.125,20.375,15.375,1.337143238705739,8.125,23.75,33.9375,30.375,56.875,53.67937807850885,17.375,23.5,73.72500000000001,0.0,7.875,0.5305250305250304,5.375,20.625,0.269181052855925,15.375,0.0,112.0,114.0,42.75,49.5,21.75,45.75,10.875,34.875,24.25,13.375,1.9573906077582548,14.25,41.5,34.887499999999996,24.75,46.875,52.962455291594395,21.75,28.875,75.45,0.0,8.125,0.6589720736779561,3.625,21.375,0.17012299771167047,13.375,0.0,125.875
116,100,2017-02-23,1,1,2016-17,Sacramento Kings,Denver Nuggets,102.875,30.375,56.25,16.25,42.75,7.75,35.0,24.375,17.0,1.4585325256958384,10.125,27.25,36.325,28.125,54.75,51.55291796401326,16.25,20.25,80.8,0.0,8.375,0.49410897624906913,3.75,20.0,0.19907135076252724,17.0,0.0,117.375,113.125,39.75,59.0,14.375,47.25,15.75,31.5,27.25,15.75,1.8202651515151516,13.25,33.75,39.087500000000006,29.5,58.625,50.34276097212093,14.375,19.625,72.0625,0.0,6.75,0.465530303030303,4.375,17.125,0.26681410694568586,15.75,0.0,128.125
103,112,2017-02-23,1,1,2016-17,Orlando Magic,Portland Trail Blazers,95.75,18.375,58.75,18.625,41.625,9.125,32.5,20.0,15.5,1.3184042366946778,6.125,20.75,31.3125,29.375,61.125,47.821012757716105,18.625,24.75,75.2375,0.0,7.125,0.4729186560988032,4.875,19.625,0.2587905658414812,15.5,0.0,101.375,105.75,31.875,57.0,16.875,48.0,12.75,35.25,19.5,14.125,1.4924435960281548,10.625,29.25,36.3875,28.5,59.0,48.42694046730857,16.875,22.0,76.8875,0.0,6.375,0.4775860985419809,3.375,23.375,0.14813572323415505,14.125,0.0,114.625
119,104,2017-02-23,1,1,2016-17,Cleveland Cavaliers,New York Knicks,121.375,45.75,57.25,18.375,43.125,9.0,34.125,25.75,13.375,2.143933823529412,15.25,35.0,44.0,28.625,50.0,57.35165017781062,18.375,23.375,78.3,0.0,6.75,0.5501838235294118,4.0,17.625,0.2627763318552792,13.375,0.0,141.5,105.5,27.75,61.0,16.75,43.5,11.875,31.625,22.25,13.75,1.7353583916083917,9.25,25.375,37.925,30.5,62.0,49.6180283263765,16.75,23.125,72.5125,0.0,8.625,0.6760052447552448,6.25,19.375,0.3250124252252735,13.75,0.0,118.375
110,93,2017-02-24,1,1,2016-17,Oklahoma City Thunder,Los Angeles Lakers,106.875,25.125,62.0,19.75,48.75,15.625,33.125,19.25,14.625,1.3856216060985798,8.375,27.125,31.449999999999996,31.0,65.25,47.462023507374084,19.75,26.125,75.875,0.0,8.125,0.590546679197995,5.25,20.375,0.2623145183886872,14.625,0.0,114.25,109.625,33.0,57.25,19.375,43.875,11.25,32.625,21.375,15.5,1.4918633900928793,11.0,30.0,36.612500000000004,28.625,58.625,49.28936101977147,19.375,25.125,75.45,0.0,8.25,0.5983649380804954,4.75,22.875,0.22545721187025536,15.5,0.0,117.625
90,108,2017-02-24,1,1,2016-17,Atlanta Hawks,Miami Heat,103.875,24.375,58.5,21.0,44.875,8.25,36.625,21.625,15.75,1.5073254639471072,8.125,26.5,30.799999999999997,29.25,54.625,53.83695753891275,21.0,27.375,76.9375,0.0,7.25,0.5115409553149323,4.625,17.875,0.2520952388759294,15.75,0.0,116.375,112.875,31.125,64.75,17.0,45.0,11.125,33.875,21.625,16.0,1.4005612341090283,10.375,27.375,37.862500000000004,32.375,59.0,55.190539707768465,17.0,21.75,77.4125,0.0,6.375,0.42049295679810383,6.375,22.125,0.3008895502645502,16.0,0.0,127.875
129,109,2017-02-24,1,1,2016-17,Denver Nuggets,Brooklyn Nets,110.5,40.875,58.0,11.625,46.625,14.75,31.875,26.25,15.875,1.7416193181818183,13.625,34.625,39.3625,29.0,57.625,50.35822648402937,11.625,15.875,71.89999999999999,0.0,7.0,0.47698863636363636,4.0,17.75,0.2326260727576517,15.875,0.0,124.625,103.25,31.5,53.25,18.5,44.625,9.625,35.0,21.75,18.5,1.2364644621804064,10.5,31.125,33.675000000000004,26.625,53.625,49.97714712270958,18.5,23.25,80.1875,0.0,5.875,0.33779887553107363,5.625,21.875,0.2640438794614996,18.5,0.0,110.25
128,121,2017-02-24,1,1,2016-17,Chicago Bulls,Phoenix Suns,105.5,19.5,67.5,18.5,42.25,10.5,31.75,23.5,12.625,2.0348707664884134,6.5,21.125,31.474999999999998,33.75,64.75,52.00706552761816,18.5,23.75,77.67500000000001,0.0,6.875,0.5883689839572193,4.0,19.0,0.22231146628251724,12.625,0.0,118.625,109.5,25.125,61.5,22.875,45.125,12.125,33.0,20.375,15.375,1.4186086386308907,8.375,24.375,34.4875,30.75,65.375,46.82690687419306,22.875,27.625,82.83749999999999,0.0,7.625,0.5001037366701065,5.75,23.75,0.25965867264780307,15.375,0.0,117.625
97,105,2017-02-24,1,1,2016-17,LA Clippers,San Antonio Spurs,107.125,34.125,55.5,17.5,43.25,8.875,34.375,22.625,13.25,1.7600274725274725,11.375,29.75,38.2375,27.75,55.75,50.05764035861709,17.5,24.125,72.5875,0.0,8.125,0.6113112581862581,3.875,17.875,0.20408158877586124,13.25,0.0,118.75,102.25,22.875,61.75,17.625,48.25,11.625,36.625,22.125,15.0,1.5177254440605834,7.625,22.125,35.9875,30.875,62.0,50.164463388818056,17.625,22.375,78.05000000000001,0.0,8.75,0.6220180103694036,5.875,18.625,0.32226957070707074,15.0,0.0,121.875
107,97,2017-02-24,1,1,2016-17,Toronto Raptors,Boston Celtics,101.625,25.875,58.5,17.25,41.375,9.0,32.375,18.0,13.75,1.3629079254079255,8.625,24.75,35.1625,29.25,56.625,52.094109465327286,17.25,22.875,75.35,0.0,6.5,0.47461392773892774,3.5,21.25,0.17956309682321675,13.75,0.0,108.125,109.25,39.375,50.0,19.875,40.25,7.125,33.125,23.25,14.0,1.9617153679653676,13.125,34.75,38.3875,25.0,45.625,55.0755138479251,19.875,24.875,80.3125,0.0,7.375,0.5477092352092352,2.75,20.625,0.13493525480367585,14.0,0.0,121.625
97,84,2017-02-24,1,1,2016-17,Minnesota Timberwolves,Dallas Mavericks,109.375,20.25,68.0,21.125,40.125,10.625,29.5,23.75,11.375,2.1802634865134864,6.75,20.625,33.725,34.0,62.875,54.187702571102335,21.125,25.75,81.85000000000001,0.0,8.75,0.8391691641691641,2.875,18.625,0.16338241436925646,11.375,0.0,126.125,104.25,33.0,54.5,16.75,38.75,6.125,32.625,21.75,10.0,2.2692099567099566,11.0,28.75,37.612500000000004,27.25,54.125,50.01672700449191,16.75,20.875,81.13749999999999,0.0,8.25,0.8607954545454546,3.375,19.5,0.1713987927706968,10.0,0.0,117.625
95,109,2017-02-24,1,1,2016-17,Milwaukee Bucks,Utah Jazz,111.375,25.875,64.5,21.0,37.125,6.625,30.5,25.0,14.0,2.0216054064399653,8.625,21.75,39.5625,32.25,56.375,56.43882660820255,21.0,28.375,75.1,0.0,10.125,0.7985184851912793,6.375,21.625,0.28460555970724644,14.0,0.0,131.375,106.0,31.5,57.75,16.75,45.75,11.0,34.75,21.125,13.375,1.6935876623376624,10.5,28.125,37.2,28.875,55.125,52.70026285424287,16.75,22.25,74.7,0.0,8.125,0.6520224567099566,3.625,19.5,0.19964893898969815,13.375,0.0,121.875
102,92,2017-02-24,1,1,2016-17,Indiana Pacers,Memphis Grizzlies,103.75,25.125,62.25,16.375,38.625,8.625,30.0,23.125,11.0,2.2149080086580084,8.375,22.5,36.7125,31.125,61.125,50.66527341749068,16.375,21.375,77.5375,0.0,5.875,0.6261904761904762,4.0,18.875,0.20931311193779223,11.0,0.0,115.25,104.625,25.875,55.25,23.5,43.0,11.75,31.25,21.875,13.875,1.7535195068089804,8.625,25.125,33.9125,27.625,57.125,48.170637040421425,23.5,28.625,82.025,0.0,7.25,0.5754876702245124,4.875,22.75,0.22444359980834439,13.875,0.0,116.625
120,112,2017-02-24,1,1,2016-17,Philadelphia 76ers,Washington Wizards,103.625,27.375,56.5,19.75,42.0,10.125,31.875,22.75,15.375,1.7138013302486987,9.125,28.375,31.962500000000002,28.25,59.25,47.81321113396048,19.75,26.375,73.7125,0.0,11.125,0.8058846854899486,3.875,20.5,0.1837337909992372,15.375,0.0,111.125,116.25,33.0,64.75,18.5,44.875,10.5,34.375,25.375,13.375,1.996462323907976,11.0,27.25,41.1375,32.375,61.125,53.09108049784017,18.5,23.75,77.8,0.0,7.5,0.602158710854363,5.25,21.25,0.2530592105263158,13.375,0.0,135.625
85,99,2017-02-25,1,1,2016-17,Sacramento Kings,Charlotte Hornets,104.5,29.25,59.0,16.25,43.125,8.125,35.0,24.75,17.125,1.4695215366848493,9.75,25.625,37.95,29.5,56.75,52.10627304323041,16.25,19.875,82.325,0.0,8.75,0.5174606246007174,3.75,18.875,0.21032135076252723,17.125,0.0,121.0,101.125,30.375,52.75,18.0,43.5,6.5,37.0,22.625,12.25,2.1255546536796537,10.125,31.5,31.775000000000002,26.375,54.5,48.62991291853352,18.0,21.0,86.03750000000001,0.0,7.0,0.6161390692640691,5.0,17.25,0.2955357142857143,12.25,0.0,114.5
96,83,2017-02-25,1,1,2016-17,Dallas Mavericks,New Orleans Pelicans,100.625,32.25,53.75,14.625,36.75,5.25,31.5,21.0,10.625,2.1442099567099566,10.75,29.625,35.825,26.875,52.875,50.51672700449191,14.625,18.5,79.21249999999999,0.0,8.125,0.8174715909090908,3.5,19.5,0.17797774013911785,10.625,0.0,110.625,102.625,24.75,59.25,18.625,40.625,7.375,33.25,20.75,16.0,1.3121432387057388,8.25,25.0,33.387499999999996,29.625,56.125,53.120510716362794,18.625,25.0,74.0,0.0,8.375,0.5430250305250305,5.75,21.375,0.2751334338083059,16.0,0.0,112.5
105,86,2017-02-25,1,1,2016-17,Orlando Magic,Atlanta Hawks,97.625,18.75,59.25,19.625,42.25,9.875,32.375,20.125,15.25,1.3463060224089636,6.25,20.5,32.1625,29.625,62.5,47.198223842621765,19.625,26.125,75.2875,0.0,6.625,0.45059722752737463,5.0,19.5,0.26555463510555044,15.25,0.0,102.75,103.5,24.0,57.75,21.75,45.125,8.125,37.0,21.75,15.0,1.580762963947107,8.0,25.75,31.1875,28.875,54.5,53.296703301624625,21.75,29.25,74.5625,0.0,6.875,0.5209159553149323,4.625,17.625,0.26102381030450084,15.0,0.0,116.0
99,117,2017-02-25,1,1,2016-17,Cleveland Cavaliers,Chicago Bulls,120.625,45.75,56.75,18.125,42.625,8.5,34.125,24.75,13.75,1.9602799773755657,15.25,35.125,43.875,28.375,49.625,57.327121135424434,18.125,22.5,80.35,0.0,6.125,0.4732607466063348,4.0,18.0,0.24474748570143307,13.75,0.0,138.875,105.5,21.75,65.25,18.5,42.75,11.375,31.375,24.25,13.0,2.010565210932858,7.25,22.5,32.25,32.625,65.5,49.76590391145654,18.5,23.875,77.35000000000001,0.0,7.75,0.6369800950683304,4.25,19.25,0.23296309535519893,13.0,0.0,118.0
113,95,2017-02-25,1,1,2016-17,Miami Heat,Indiana Pacers,111.875,33.0,62.25,16.625,45.875,11.75,34.125,22.5,16.0,1.4678689264167204,11.0,28.0,38.912499999999994,31.125,59.125,53.06534139999481,16.625,21.0,78.775,0.0,6.0,0.39164680295195,5.625,23.25,0.2476488095238095,16.0,0.0,126.5,103.375,26.625,60.25,16.5,39.75,8.75,31.0,23.25,12.375,1.9256923223834987,8.875,22.75,38.349999999999994,30.125,59.25,50.73344218901766,16.5,20.875,81.69999999999999,0.0,5.5,0.4558473389355742,4.375,19.125,0.22595397881085727,12.375,0.0,116.5
112,95,2017-02-25,1,1,2016-17,Golden State Warriors,Brooklyn Nets,119.5,39.75,61.0,18.75,41.375,7.75,33.625,30.5,13.125,2.550709706959707,13.25,32.875,41.175,30.5,53.625,56.52986739392798,18.75,23.5,81.725,0.0,10.75,0.8985424297924298,7.5,20.5,0.3861981904261316,13.125,0.0,149.0,105.625,33.375,53.0,19.25,43.75,9.0,34.75,23.0,18.25,1.312905564937299,11.125,31.75,35.337500000000006,26.5,52.375,50.939261528220214,19.25,25.125,78.4375,0.0,6.25,0.36004198330049725,5.25,21.75,0.24932467656294888,18.25,0.0,113.25
142,130,2017-02-25,1,1,2016-17,Houston Rockets,Minnesota Timberwolves,117.5,46.125,50.0,21.375,46.625,11.0,35.625,25.125,13.625,1.9882729606994314,15.375,43.0,36.2625,25.0,46.375,54.24086438250349,21.375,28.75,74.35,0.0,8.75,0.6888740344622698,3.5,21.5,0.16387299771167047,13.625,0.0,131.5,108.0,20.25,67.25,20.5,40.625,10.375,30.25,23.625,11.75,2.1273788711288715,6.75,20.125,34.862500000000004,33.625,62.0,54.33994616084592,20.5,25.125,80.91250000000001,0.0,9.25,0.8614047410922412,2.625,17.75,0.16557539682539682,11.75,0.0,126.0
110,109,2017-02-25,1,1,2016-17,New York Knicks,Philadelphia 76ers,105.875,28.875,62.25,14.75,43.375,11.125,32.25,23.0,13.875,1.7786276223776225,9.625,25.625,39.175,31.125,62.75,50.03107180463738,14.75,20.875,71.3375,0.0,8.125,0.6311334498834499,6.875,19.625,0.3563591744512797,13.875,0.0,119.625,107.875,27.75,59.5,20.625,42.25,9.625,32.625,23.625,14.75,1.8003655013716935,9.25,28.875,31.775,29.75,58.625,50.75861343281105,20.625,27.25,74.475,0.0,11.0,0.8152429742600021,4.125,20.875,0.1902137241096051,14.75,0.0,119.0
124,121,2017-02-26,1,1,2016-17,LA Clippers,Charlotte Hornets,104.25,33.0,55.0,16.25,43.125,8.75,34.375,21.875,12.875,1.7475274725274725,11.0,29.5,37.037499999999994,27.5,55.875,49.48945854043527,16.25,22.25,73.3875,0.0,8.375,0.6467279248529249,3.25,18.875,0.16508586228013475,12.875,0.0,115.125,99.625,32.25,50.25,17.125,44.125,7.375,36.75,21.75,12.375,2.0085091991341995,10.75,32.375,32.75,25.125,53.25,47.37011448628268,17.125,20.0,86.3,0.0,7.75,0.6797754329004329,5.0,17.125,0.29759615384615384,12.375,0.0,113.25
92,102,2017-02-26,1,1,2016-17,Washington Wizards,Utah Jazz,115.625,32.25,62.5,20.875,44.5,10.875,33.625,24.375,14.0,1.854918206260917,10.75,27.5,39.7625,31.25,61.125,51.386535043294714,20.875,26.875,77.4875,0.0,8.0,0.6193155735994611,5.5,21.25,0.2630592105263158,14.0,0.0,131.375,106.625,30.375,58.75,17.5,45.125,10.75,34.375,21.25,13.375,1.7014001623376624,10.125,27.375,36.8125,29.375,55.375,53.43055497108961,17.5,22.625,76.225,0.0,7.75,0.6285849567099566,4.0,19.875,0.2128178353107684,13.375,0.0,123.0
118,110,2017-02-26,1,1,2016-17,Oklahoma City Thunder,New Orleans Pelicans,108.125,25.125,63.5,19.5,51.5,16.0,35.5,20.625,15.625,1.3553928479286452,8.375,25.5,33.287499999999994,31.75,66.5,47.7283857600377,19.5,26.125,74.39999999999999,0.0,8.5,0.5733898164528969,5.5,19.25,0.29414681652533314,15.625,0.0,120.125,101.625,24.75,57.75,19.125,41.0,7.375,33.625,21.125,16.625,1.2933932387057387,8.25,25.875,32.3125,28.875,54.5,53.16887998114997,19.125,25.375,75.1875,0.0,8.75,0.5534416971916971,5.25,21.75,0.24141632854514805,16.625,0.0,111.625
98,105,2017-02-26,1,1,2016-17,Denver Nuggets,Memphis Grizzlies,114.5,42.375,59.0,13.125,47.75,14.125,33.625,27.5,14.875,1.9023336038961038,14.125,35.25,40.2,29.5,57.625,51.11580224160513,13.125,17.625,74.5,0.0,7.5,0.5354301948051948,4.125,18.375,0.2364637920558973,14.875,0.0,132.75,101.25,24.0,54.0,23.25,42.125,11.875,30.25,20.875,14.25,1.5432922340817077,8.0,24.75,32.2375,27.0,56.5,47.622391426386336,23.25,29.0,79.7125,0.0,7.875,0.6067376702245123,5.0,21.625,0.24527693314167773,14.25,0.0,110.875
98,119,2017-02-26,1,1,2016-17,Los Angeles Lakers,San Antonio Spurs,106.25,31.125,56.75,18.375,44.75,11.875,32.875,21.125,15.25,1.504683902913392,10.375,31.125,33.3375,28.375,59.0,48.59491657532703,18.375,24.625,71.0875,0.0,9.25,0.6842623739779312,4.5,23.25,0.19996379081762378,15.25,0.0,113.0,102.625,24.0,60.25,18.375,47.25,11.75,35.5,21.75,14.5,1.5383394791483027,8.0,22.75,36.7375,30.125,60.5,50.085681876213016,18.375,22.75,79.625,0.0,8.25,0.6114916945799299,5.625,18.75,0.30768623737373735,14.5,0.0,121.5
112,106,2017-02-26,1,1,2016-17,Toronto Raptors,Portland Trail Blazers,102.0,24.75,59.0,18.25,41.375,9.25,32.125,17.75,13.125,1.400549970862471,8.25,22.75,36.1,29.5,59.0,49.94630159943431,18.25,23.375,77.8375,0.0,6.625,0.5072843822843822,3.375,20.25,0.18182089649480954,13.125,0.0,108.875,105.875,31.5,56.0,18.375,48.375,12.75,35.625,18.75,14.375,1.4368880404725992,10.5,28.125,38.0125,28.0,58.625,47.957964998333104,18.375,23.875,77.2375,0.0,6.0,0.451197209653092,4.0,23.5,0.17271905656748837,14.375,0.0,114.875
100,96,2017-02-26,1,1,2016-17,Milwaukee Bucks,Phoenix Suns,112.25,25.125,65.0,22.125,36.625,6.75,29.875,24.5,13.75,2.006899524087024,8.375,21.125,39.537499999999994,32.5,57.125,56.269183751059686,22.125,28.875,77.95,0.0,9.5,0.7666557400932401,5.625,22.375,0.24756852267020946,13.75,0.0,130.625,111.5,23.625,66.75,21.125,45.625,12.375,33.25,22.375,16.25,1.481656884244926,7.875,23.75,33.475,33.375,68.0,49.04610977274378,21.125,26.375,79.975,0.0,7.75,0.47981864895080834,6.125,24.0,0.27441022544283417,16.25,0.0,121.375
98,104,2017-02-26,1,1,2016-17,Detroit Pistons,Boston Celtics,101.625,21.0,65.25,15.375,48.375,11.25,37.125,20.875,13.375,1.7274114774114775,7.0,22.5,30.45,32.625,66.75,48.61930687418366,15.375,19.5,79.75,0.0,6.0,0.5388745241686419,3.875,16.25,0.2502020747570283,13.375,0.0,113.625,107.25,39.0,48.75,19.5,38.875,7.125,31.75,22.125,13.5,1.9408820346320346,13.0,35.125,37.7,24.375,44.75,54.723120230903824,19.5,24.125,81.2875,0.0,6.875,0.5268759018759018,3.0,20.875,0.14621345029239766,13.5,0.0,117.5
96,89,2017-02-27,1,1,2016-17,Dallas Mavericks,Miami Heat,99.125,30.375,55.0,13.75,37.625,5.875,31.75,22.125,12.0,2.0430194805194803,10.125,29.0,34.75,27.5,53.75,51.0081799959449,13.75,17.625,78.2625,0.0,9.25,0.8472334956709957,3.5,19.625,0.1771444068057845,12.0,0.0,110.625,110.375,33.375,59.5,17.5,45.125,11.875,33.25,21.875,15.5,1.4703199068088773,11.125,29.125,37.3375,29.75,57.5,52.21427757020757,17.5,22.0,79.21249999999999,0.0,6.375,0.4221089878258996,5.625,22.625,0.2545018796992481,15.5,0.0,123.625
102,95,2017-02-27,1,1,2016-17,Cleveland Cavaliers,Milwaukee Bucks,119.125,45.0,56.25,17.875,41.5,7.5,34.0,25.25,13.125,2.063221153846154,15.0,34.75,43.599999999999994,28.125,49.5,56.910894919779615,17.875,22.125,80.48750000000001,0.0,6.375,0.5032852564102565,4.375,17.75,0.2668063092308448,13.125,0.0,138.125,110.125,24.0,64.25,21.875,36.0,6.75,29.25,24.5,14.0,1.9888439685314685,8.0,20.625,38.599999999999994,32.125,56.75,56.00813653556332,21.875,28.25,79.27499999999999,0.0,9.625,0.7666557400932401,4.75,21.75,0.22078280838449515,14.0,0.0,127.375
88,102,2017-02-27,1,1,2016-17,Sacramento Kings,Minnesota Timberwolves,101.5,30.75,55.0,15.75,42.5,8.25,34.25,23.875,16.5,1.4657621381886088,10.25,26.25,39.0625,27.5,55.0,50.08515690446721,15.75,19.375,81.8,0.0,7.75,0.4718779178338002,4.0,19.0,0.22201725719527576,16.5,0.0,116.0,111.875,19.875,71.0,21.0,42.25,11.0,31.25,24.375,13.25,2.0558404095904095,6.625,20.125,34.375,35.5,63.25,56.304956302833745,21.0,25.625,81.275,0.0,10.0,0.8729432026307026,2.5,17.625,0.16130189255189253,13.25,0.0,131.875
108,117,2017-02-27,1,1,2016-17,Houston Rockets,Indiana Pacers,122.125,49.125,49.5,23.5,43.125,11.25,31.875,25.625,13.5,2.0459652683917393,16.375,44.625,37.1125,24.75,45.875,54.379753271392374,23.5,31.25,75.35000000000001,0.0,10.125,0.7973905179787533,3.75,21.125,0.17875395009262288,13.5,0.0,134.125,103.625,25.125,61.5,17.0,40.5,8.75,31.75,23.5,13.0,1.8631923223834987,8.375,21.0,38.662499999999994,30.75,60.75,50.74747767071539,17.0,20.5,84.57499999999999,0.0,5.625,0.4350140056022409,3.625,20.0,0.17325790037948471,13.0,0.0,117.75
98,114,2017-02-27,1,1,2016-17,Boston Celtics,Atlanta Hawks,106.875,37.5,49.0,20.375,39.75,7.125,32.625,21.875,14.125,1.8400297619047619,12.5,33.0,38.1375,24.5,46.5,52.93145356423716,20.375,25.375,80.6625,0.0,6.875,0.4949156746031746,2.75,21.5,0.13316399974294713,14.125,0.0,116.5,100.125,24.0,54.75,21.375,44.125,8.625,35.5,21.125,14.625,1.5718343925185359,8.0,25.125,31.85,27.375,55.125,50.11488511980644,21.375,29.625,72.05,0.0,6.375,0.5010746854736625,4.5,17.5,0.2560895997781851,14.625,0.0,108.5
108,119,2017-02-27,1,1,2016-17,Philadelphia 76ers,Golden State Warriors,108.75,28.125,60.5,20.125,44.375,10.875,33.5,23.5,14.375,1.8316155013716933,9.375,29.875,31.337500000000002,30.25,59.0,51.261302981991385,20.125,26.75,74.17500000000001,0.0,10.5,0.7944096409266688,4.625,20.875,0.2140232479191289,14.375,0.0,121.5,116.875,38.625,59.25,19.0,42.125,7.5,34.625,29.5,13.0,2.495785464535465,12.875,32.5,40.4625,29.625,54.125,54.83811711522118,19.0,24.0,80.975,0.0,10.75,0.9080121267621268,8.625,19.375,0.45746515875192345,13.0,0.0,145.75
91,92,2017-02-27,1,1,2016-17,New York Knicks,Toronto Raptors,107.75,28.875,64.25,14.625,41.625,9.75,31.875,22.75,13.75,1.7762237762237763,9.625,24.875,39.975,32.125,62.5,51.60349243955801,14.625,19.875,73.46249999999999,0.0,6.875,0.539787296037296,6.875,20.125,0.34752079061289587,13.75,0.0,121.25,104.25,23.625,61.75,18.875,40.75,8.25,32.5,17.875,12.75,1.4563192016317015,7.875,21.75,36.0125,30.875,58.875,52.40465928499831,18.875,24.125,78.0375,0.0,6.875,0.5467074592074592,3.375,20.625,0.17810065839957145,12.75,0.0,113.25
104,109,2017-02-28,1,1,2016-17,Los Angeles Lakers,Charlotte Hornets,105.0,29.25,58.0,17.75,44.375,12.0,32.375,20.75,15.125,1.4911970608081289,9.75,29.0,33.4625,29.0,61.125,47.6494037548142,17.75,24.125,69.6375,0.0,9.5,0.6993939529252996,3.75,22.625,0.17037441883694743,15.125,0.0,110.5,102.5,34.125,49.75,18.625,44.75,7.625,37.125,21.25,13.125,1.8835091991341992,11.375,33.25,33.45,24.875,52.125,48.0078695883235,18.625,21.5,87.1375,0.0,7.0,0.6000879329004328,4.75,18.625,0.28275240384615385,13.125,0.0,115.125
109,106,2017-02-28,1,1,2016-17,Oklahoma City Thunder,Utah Jazz,108.625,22.5,66.25,19.875,52.25,16.0,36.25,20.125,14.75,1.3876043863901835,7.5,24.875,30.612499999999997,33.125,68.125,48.657766633448425,19.875,26.625,74.3875,0.0,8.125,0.5681013549144354,5.125,20.25,0.2762896736681903,14.75,0.0,120.375,106.25,29.625,58.25,18.375,45.0,10.5,34.5,21.5,14.75,1.6485430194805195,9.875,26.25,37.6125,29.125,55.375,52.909721637756284,18.375,23.625,76.87499999999999,0.0,8.375,0.6339420995670996,4.875,20.0,0.2574084785856222,14.75,0.0,123.375
112,108,2017-02-28,1,1,2016-17,Washington Wizards,Golden State Warriors,112.625,30.75,61.75,20.125,42.375,10.125,32.25,23.625,14.5,1.737730706260917,10.25,26.125,39.7625,30.875,61.375,50.614251771011446,20.125,25.875,77.575,0.0,8.625,0.6297322402661277,4.875,22.25,0.22821515594541908,14.5,0.0,125.5,118.5,35.25,62.5,20.75,42.75,8.625,34.125,30.625,12.5,2.6197934010434007,11.75,30.625,38.78750000000001,31.25,56.25,55.81679928576382,20.75,25.875,81.64999999999999,0.0,11.25,0.9635676823176824,7.875,19.5,0.41171352476499534,12.5,0.0,149.5
107,125,2017-02-28,1,1,2016-17,Chicago Bulls,Denver Nuggets,105.5,24.375,63.0,18.125,42.0,10.875,31.125,24.75,12.0,2.367708068075715,8.125,23.125,34.5,31.5,64.0,49.25003089558352,18.125,23.625,76.1375,0.0,7.625,0.6857896188778542,3.375,18.0,0.19491961709432937,12.0,0.0,118.25,113.0,42.375,57.75,12.875,46.5,14.125,32.375,27.25,14.625,1.9190002705627704,14.125,36.0,39.3375,28.875,56.875,50.69615938446228,12.875,17.75,72.3375,0.0,7.75,0.563635323010323,3.25,18.875,0.18697866619777376,14.625,0.0,128.375
120,113,2017-02-28,1,1,2016-17,Detroit Pistons,Portland Trail Blazers,103.375,23.25,64.75,15.375,48.625,11.625,37.0,21.375,12.875,1.7820333261509733,7.75,24.5,30.587500000000002,32.375,65.5,49.22095917303423,15.375,21.375,75.46249999999999,0.0,6.75,0.5857932916756445,3.625,17.625,0.21334310039805396,12.875,0.0,115.0,104.75,30.75,54.75,19.25,46.875,12.375,34.5,17.875,14.75,1.259331222290781,10.25,26.875,38.9375,27.375,58.125,47.311413274195175,19.25,25.375,76.0,0.0,5.75,0.3943790278349102,4.375,24.5,0.18286862921706107,14.75,0.0,111.375
130,112,2017-02-28,1,1,2016-17,Memphis Grizzlies,Phoenix Suns,101.625,27.0,51.0,23.625,44.625,12.5,32.125,20.875,14.625,1.4995422340817077,9.0,26.5,34.425,25.5,54.375,47.04476509659911,23.625,29.375,79.9125,0.0,7.75,0.5775710035578456,4.625,20.625,0.23545550457024916,14.625,0.0,112.75,109.5,21.375,68.75,19.375,45.875,12.125,33.75,22.875,16.75,1.4746540831244777,7.125,22.0,33.025,34.375,68.75,50.02954662574585,19.375,24.625,78.16250000000001,0.0,8.125,0.48507074979114445,6.375,23.25,0.2894264592090679,16.75,0.0,121.5
109,86,2017-03-01,1,1,2016-17,New Orleans Pelicans,Detroit Pistons,101.5,24.375,56.5,20.625,39.375,7.125,32.25,20.75,16.25,1.3135855463980464,8.125,25.25,32.75,28.25,53.625,52.851083370980476,20.625,27.25,75.10000000000001,0.0,8.625,0.5726724664224664,4.0,21.875,0.19122402085284035,16.25,0.0,108.875,104.25,24.0,64.0,16.25,47.125,11.25,35.875,21.5,12.25,1.9298698646125116,8.0,24.875,31.25,32.0,65.75,48.57777324503818,16.25,23.125,72.975,0.0,7.375,0.7119952147525677,3.375,17.625,0.20018520566121184,12.25,0.0,113.875
96,105,2017-03-01,1,1,2016-17,Toronto Raptors,Washington Wizards,102.875,24.375,59.5,19.0,40.25,8.625,31.625,16.75,12.75,1.3625692016317015,8.125,22.625,36.0875,29.75,56.875,52.22083575558654,19.0,24.5,77.1125,0.0,7.0,0.5571241258741259,3.25,20.625,0.17115621395512698,12.75,0.0,110.25,113.5,31.5,62.0,20.0,42.375,11.375,31.0,24.75,15.375,1.726673013953225,10.5,25.75,41.0875,31.0,62.75,49.637450794210466,20.0,25.625,78.02499999999999,0.0,8.75,0.6023283941122816,4.875,22.625,0.22283238082580187,15.375,0.0,126.25
103,122,2017-03-01,1,1,2016-17,LA Clippers,Houston Rockets,107.0,33.0,57.5,16.5,43.25,9.625,33.625,22.5,12.375,1.9109890109890109,11.0,29.875,36.637499999999996,28.75,57.125,50.53840958938632,16.5,23.0,72.3875,0.0,9.625,0.8027108308358308,3.625,20.375,0.1800858622801347,12.375,0.0,119.875,122.125,48.0,49.5,24.625,43.375,11.875,31.5,26.0,13.75,2.03207637950285,16.0,43.875,36.699999999999996,24.75,46.0,54.22748306098263,24.625,32.375,76.0,0.0,9.75,0.7355218311100664,3.875,21.375,0.18216304100171377,13.75,0.0,134.5
100,95,2017-03-01,1,1,2016-17,Atlanta Hawks,Dallas Mavericks,100.25,22.5,57.0,20.75,45.0,9.0,36.0,20.375,14.25,1.5623806110059306,7.5,24.75,30.387500000000003,28.5,57.625,49.50774226266358,20.75,28.75,72.325,0.0,6.625,0.531536870347612,5.5,17.375,0.30937907346239557,14.25,0.0,109.125,100.25,30.75,54.5,15.0,39.25,6.875,32.375,21.25,12.25,1.9320054945054943,10.25,28.0,37.15,27.25,54.375,50.04851831735024,15.0,18.375,81.5875,0.0,8.875,0.8044013278388279,3.375,19.0,0.1755418427032204,12.25,0.0,112.5
98,110,2017-03-01,1,1,2016-17,Milwaukee Bucks,Denver Nuggets,104.875,25.5,59.5,19.875,34.625,6.25,28.375,24.25,13.0,2.1841564685314685,8.5,22.25,38.0375,29.75,55.25,53.48636585341528,19.875,25.875,77.8,0.0,8.875,0.7432182400932401,4.0,21.5,0.19295672142797343,13.0,0.0,118.375,115.375,42.375,59.0,14.0,46.0,12.25,33.75,27.375,15.375,1.8096252705627704,14.125,34.25,41.0625,29.5,56.125,52.66937367017656,14.0,18.125,76.0625,0.0,7.5,0.510510323010323,3.0,18.375,0.17760366619777374,15.375,0.0,133.0
100,99,2017-03-01,1,1,2016-17,San Antonio Spurs,Indiana Pacers,102.375,24.0,61.25,17.125,48.25,12.5,35.75,22.75,14.25,1.6648275743863978,8.0,22.75,36.7375,30.625,62.375,49.22066061971798,17.125,21.125,80.10000000000001,0.0,8.125,0.6204202660085013,5.25,18.75,0.2826862373737374,14.25,0.0,122.0,103.625,25.125,61.5,17.0,42.625,9.5,33.125,24.125,13.375,1.8548589890501654,8.375,21.625,37.574999999999996,30.75,61.25,50.344831711555194,17.0,20.375,85.0,0.0,5.625,0.42043067226890757,4.0,21.0,0.18340747302905736,13.375,0.0,119.5
90,101,2017-03-01,1,1,2016-17,Orlando Magic,New York Knicks,98.0,19.875,58.5,19.625,42.375,9.375,33.0,20.0,15.625,1.2838060224089638,6.625,22.125,31.400000000000002,29.25,61.0,47.85058074497867,19.625,25.125,78.275,0.0,7.5,0.5033569677871148,5.125,20.375,0.2543453959751157,15.625,0.0,104.625,106.125,27.75,63.5,14.875,41.375,9.125,32.25,22.0,14.625,1.6329156954156956,9.25,24.0,39.825,31.75,61.75,51.589577782786215,14.875,18.75,77.7375,0.0,7.0,0.5069590132090132,6.75,20.0,0.3432444748234222,14.625,0.0,120.0
100,109,2017-03-01,1,1,2016-17,Sacramento Kings,Brooklyn Nets,99.125,28.875,55.0,15.25,42.75,8.0,34.75,23.375,16.625,1.426954948646125,9.625,24.875,38.5625,27.5,56.75,48.50144649722739,15.25,19.25,79.2,0.0,8.0,0.4841328197945845,3.875,18.125,0.22479503497305356,16.625,0.0,112.0,105.375,32.25,55.25,17.875,44.75,9.25,35.5,23.625,18.125,1.3549377286799886,10.75,31.75,34.0,27.625,53.375,52.09521764107288,17.875,24.375,74.5625,0.0,6.375,0.3695449072771054,5.125,21.5,0.24534740383567613,18.125,0.0,113.875
80,107,2017-03-01,1,1,2016-17,Utah Jazz,Minnesota Timberwolves,104.5,29.25,57.0,18.25,43.625,10.375,33.25,20.375,14.125,1.7184834956709958,9.75,25.75,37.912499999999994,28.5,57.5,49.86785935293625,18.25,23.0,79.1125,0.0,8.25,0.6830492424242425,4.5,19.375,0.24714277810253044,14.125,0.0,117.375,110.5,21.0,69.5,20.0,44.5,12.0,32.5,24.375,13.125,2.0842495004995003,7.0,21.625,33.0375,34.75,63.625,54.97645388737481,20.0,24.625,80.2,0.0,9.75,0.8627159299034299,3.25,17.625,0.21130189255189255,13.125,0.0,131.125
125,98,2017-03-01,1,1,2016-17,Miami Heat,Philadelphia 76ers,107.125,31.125,59.0,17.0,46.0,11.875,34.125,21.125,15.125,1.4592904950441714,10.375,28.875,34.9625,29.5,57.375,51.88911120602124,17.0,21.875,76.0625,0.0,7.125,0.48355856765783234,5.5,22.25,0.2525177527151211,15.125,0.0,120.5,110.25,30.0,59.5,20.75,44.5,11.0,33.5,24.125,15.625,1.7793579762880813,10.0,30.625,32.775,29.75,57.875,51.494307367956296,20.75,26.625,76.80000000000001,0.0,10.875,0.777269172699244,5.0,21.875,0.2290232479191289,15.625,0.0,124.5
103,99,2017-03-01,1,1,2016-17,Boston Celtics,Cleveland Cavaliers,107.625,37.5,50.25,19.875,39.875,7.375,32.5,22.25,14.125,1.8608630952380951,12.5,33.25,37.9,25.125,48.0,52.79914799589845,19.875,25.125,79.55,0.0,7.0,0.5018601190476191,3.375,21.625,0.163756105006105,14.125,0.0,117.125,114.375,41.625,55.0,17.75,41.375,6.5,34.875,23.875,12.625,2.025721153846154,13.875,33.5,41.8125,27.5,48.0,57.406926665811355,17.75,21.875,80.8,0.0,6.0,0.4907852564102564,4.375,15.875,0.27991819734273293,12.625,0.0,133.125
120,103,2017-03-02,1,1,2016-17,Phoenix Suns,Charlotte Hornets,110.25,22.125,69.0,19.125,43.75,12.0,31.75,22.375,16.375,1.4830675446629393,7.375,21.25,34.875,34.5,68.25,50.65882326308701,19.125,24.5,77.56249999999999,0.0,8.0,0.48807555748345216,5.75,23.5,0.2600786331221114,16.375,0.0,120.75,102.25,37.5,47.0,17.75,44.0,7.5,36.5,22.0,13.75,1.8046401515151516,12.5,34.875,35.2125,23.5,48.375,48.55849887894135,17.75,20.875,85.6375,0.0,6.625,0.5241950757575757,4.5,17.875,0.2880999974290415,13.75,0.0,115.25
94,87,2017-03-02,1,1,2016-17,Chicago Bulls,Golden State Warriors,104.875,25.875,62.25,16.75,42.0,11.25,30.75,25.375,12.5,2.3104164014090487,8.625,24.0,35.3625,31.125,65.0,47.86178204765726,16.75,21.0,79.325,0.0,7.625,0.6337062855445208,3.375,18.25,0.19259763567018076,12.5,0.0,117.25,116.625,32.625,62.0,22.0,42.25,9.625,32.625,29.5,13.25,2.4482346965899597,10.875,30.75,35.5375,31.0,56.0,55.6254117259552,22.0,27.625,80.3,0.0,11.375,0.9428186944634314,8.0,20.25,0.4075575145348163,13.25,0.0,144.0
114,109,2017-03-02,1,1,2016-17,Portland Trail Blazers,Oklahoma City Thunder,105.875,31.125,55.5,19.25,47.625,11.875,35.75,19.0,16.625,1.1673173334018923,10.375,26.25,40.1875,27.75,58.25,47.833768621945026,19.25,25.625,75.15,0.0,6.0,0.3787540278349102,4.5,25.25,0.18155283974337685,16.625,0.0,113.625,109.125,26.625,63.25,19.25,50.5,14.625,35.875,20.375,15.0,1.378675814961612,8.875,25.375,36.3625,31.625,64.875,48.58832218900398,19.25,26.0,73.7125,0.0,7.625,0.5189942120572926,5.375,20.25,0.2909955560211315,15.0,0.0,121.5
106,114,2017-03-03,1,1,2016-17,Washington Wizards,Toronto Raptors,109.75,30.375,60.25,19.125,42.5,10.875,31.625,25.125,15.375,1.757923013953225,10.125,25.25,40.412499999999994,30.125,61.375,49.419533118665676,19.125,24.75,77.4875,0.0,8.375,0.5710783941122816,5.0,22.125,0.23354666654008757,15.375,0.0,123.375,100.125,23.25,58.25,18.625,40.625,9.25,31.375,15.625,12.875,1.2498798076923077,7.75,22.125,35.25,29.125,58.125,50.405359565110345,18.625,24.125,76.9625,0.0,7.25,0.572275641025641,3.625,20.0,0.19349920912420912,12.875,0.0,105.5
112,97,2017-03-03,1,1,2016-17,Utah Jazz,Brooklyn Nets,98.625,25.5,56.25,16.875,43.375,10.875,32.5,19.5,14.875,1.4885727813852814,8.5,24.125,35.075,28.125,59.375,47.73632011752378,16.875,21.75,75.8,0.0,7.875,0.595995670995671,4.875,19.875,0.26115879640916656,14.875,0.0,107.625,107.125,31.5,56.25,19.375,44.875,9.625,35.25,23.25,17.75,1.3522463411201802,10.5,31.0,34.1375,28.125,53.875,52.69045573631097,19.375,26.25,74.26249999999999,0.0,6.375,0.3767219407699284,4.5,22.25,0.20929477225672877,17.75,0.0,115.25
118,111,2017-03-03,1,1,2016-17,Phoenix Suns,Oklahoma City Thunder,113.875,22.875,72.75,18.25,43.25,10.25,33.0,24.5,16.75,1.5788734657155707,7.625,20.75,36.762499999999996,36.375,67.5,54.37649567688011,18.25,23.375,77.76249999999999,0.0,7.5,0.4469571364308206,6.0,23.0,0.2749739632348328,16.75,0.0,129.0,111.5,28.125,62.25,21.125,47.875,13.625,34.25,19.625,14.5,1.3604466482949455,9.375,25.5,37.975,31.125,64.5,48.00718183812679,21.125,27.375,76.5125,0.0,8.0,0.5658692120572926,4.875,20.75,0.260519365544941,14.5,0.0,121.625
104,100,2017-03-03,1,1,2016-17,Dallas Mavericks,Memphis Grizzlies,98.0,31.5,53.5,13.0,39.625,7.875,31.75,22.0,14.125,1.7712912087912087,10.5,28.625,37.087500000000006,26.75,54.0,49.36549123804656,13.0,16.0,81.6125,0.0,9.375,0.7540766525141526,3.25,18.75,0.1727009336123113,14.125,0.0,109.75,104.5,27.75,54.5,22.25,44.25,12.375,31.875,21.75,14.625,1.5870422340817079,9.25,26.125,35.9625,27.25,55.875,48.80956937896779,22.25,28.125,78.82500000000002,0.0,7.625,0.5650710035578457,4.625,19.875,0.24019234667551229,14.625,0.0,116.75
112,101,2017-03-03,1,1,2016-17,Milwaukee Bucks,LA Clippers,106.125,26.625,60.0,19.5,34.75,6.875,27.875,25.25,13.125,2.243222402597403,8.875,22.625,39.2875,30.0,56.375,53.03650321605264,19.5,24.25,81.5,0.0,8.625,0.7184929653679655,4.125,21.625,0.1980736804923009,13.125,0.0,120.875,106.25,32.625,57.75,15.875,42.875,9.75,33.125,22.75,12.25,1.9839056776556778,10.875,29.75,36.412499999999994,28.875,57.75,50.19750049847723,15.875,22.375,70.775,0.0,9.75,0.8304886086136085,3.375,20.875,0.16349547326411643,12.25,0.0,118.5
110,99,2017-03-03,1,1,2016-17,Orlando Magic,Miami Heat,98.5,19.125,60.75,18.625,43.625,9.625,34.0,19.25,15.5,1.23778953889248,6.375,21.875,30.6625,30.375,61.875,49.19861996066494,18.625,24.375,76.775,0.0,6.875,0.4607745502046973,5.0,21.125,0.24302960650143143,15.5,0.0,105.0,109.5,31.875,60.5,17.125,45.25,11.125,34.125,21.25,14.75,1.5103722258134022,10.625,28.5,36.2125,30.25,58.25,52.313639507908036,17.125,22.25,75.375,0.0,7.625,0.5310345291962939,6.375,21.875,0.3060891812865497,14.75,0.0,124.25
95,115,2017-03-03,1,1,2016-17,Los Angeles Lakers,Boston Celtics,104.625,28.5,59.5,16.625,42.75,10.875,31.875,20.5,15.375,1.4376256322367003,9.5,28.25,33.55,29.75,60.625,49.48662902953947,16.625,22.5,70.11250000000001,0.0,9.5,0.6860010957824426,4.0,22.625,0.18124398405433875,15.375,0.0,110.5,105.5,38.625,47.5,19.375,40.375,6.625,33.75,22.875,14.625,1.7931547619047616,12.875,33.375,38.974999999999994,23.75,46.25,51.9489561577401,19.375,24.625,79.15,0.0,6.5,0.41852678571428575,4.0,21.625,0.19351800976800976,14.625,0.0,116.375
98,101,2017-03-03,1,1,2016-17,New Orleans Pelicans,San Antonio Spurs,103.375,25.875,56.5,21.0,41.375,7.25,34.125,20.875,16.375,1.3108382936507939,8.625,25.375,34.65,28.25,53.625,52.85108337098048,21.0,27.0,77.5625,0.0,8.625,0.5685515873015873,3.75,21.625,0.18043970712735014,16.375,0.0,113.5,105.625,25.875,61.25,18.5,47.25,11.875,35.375,23.875,14.375,1.7228341103341105,8.625,24.0,37.974999999999994,30.625,60.125,51.284152683210046,18.5,21.875,84.0875,0.0,8.125,0.6171522921522922,5.375,18.875,0.28685290404040403,14.375,0.0,127.625
105,102,2017-03-03,1,1,2016-17,Philadelphia 76ers,New York Knicks,109.625,27.375,62.0,20.25,45.125,11.375,33.75,23.25,17.125,1.4739068484685323,9.125,28.5,32.4125,31.0,60.125,51.942836779721,20.25,25.75,77.5375,0.0,10.75,0.6804646614210486,5.25,22.25,0.23859262590955954,17.125,0.0,122.875,105.375,28.125,62.5,14.75,42.625,10.0,32.625,22.625,14.0,1.746552059052059,9.375,25.0,39.1125,31.25,60.625,51.692036799179654,14.75,18.5,77.9625,0.0,7.625,0.5779817404817404,6.625,19.0,0.34584864149008887,14.0,0.0,122.125
130,135,2017-03-03,1,1,2016-17,Atlanta Hawks,Cleveland Cavaliers,100.875,24.0,56.75,20.125,45.5,8.625,36.875,21.375,15.625,1.5261487269479597,8.0,25.25,31.924999999999997,28.375,55.875,51.14482916596835,20.125,27.75,72.7125,0.0,7.375,0.5342542616519599,5.625,17.5,0.3148615296027465,15.625,0.0,112.75,110.25,39.375,54.25,16.625,41.625,7.375,34.25,23.375,12.75,1.9529938811188812,13.125,33.125,40.05,27.125,49.25,55.413392183052736,16.625,21.375,77.7875,0.0,5.5,0.4373761655011655,4.375,16.5,0.2706176021046377,12.75,0.0,125.5
106,136,2017-03-04,1,1,2016-17,Philadelphia 76ers,Detroit Pistons,108.75,26.625,61.5,20.625,45.75,11.25,34.5,22.625,17.25,1.421823515135199,8.875,28.5,31.5125,30.75,58.625,52.66875265489061,20.625,26.25,77.4875,0.0,9.75,0.6111938280877153,5.75,22.5,0.25926931763888283,17.25,0.0,122.25,99.875,23.625,61.5,14.75,46.875,12.375,34.5,19.125,11.25,1.8953460550887022,7.875,25.75,29.75,30.75,65.625,47.10593682528509,14.75,22.25,67.3625,0.0,7.375,0.8167571195144725,3.0,18.0,0.16867260061919503,11.25,0.0,104.75
97,90,2017-03-04,1,1,2016-17,San Antonio Spurs,Minnesota Timberwolves,104.375,24.0,62.75,17.625,47.875,12.5,35.375,23.375,13.875,1.7501068376068376,8.0,24.625,34.5,31.375,62.125,50.80338345244081,17.625,21.875,80.5875,0.0,8.625,0.6686674436674436,5.125,18.875,0.2754892676767677,13.875,0.0,123.875,109.875,21.375,69.25,19.25,46.0,11.875,34.125,24.5,13.625,1.9800828338328338,7.125,21.25,34.6875,34.625,63.75,54.669076838194485,19.25,24.125,79.05,0.0,10.125,0.8522992632367632,3.75,17.0,0.2508852258852259,13.625,0.0,132.5
130,116,2017-03-04,1,1,2016-17,Portland Trail Blazers,Brooklyn Nets,107.75,31.125,56.5,20.125,47.75,11.625,36.125,19.5,16.75,1.19272942131398,10.375,25.875,40.725,28.25,57.625,49.25012141541646,20.125,27.375,73.125,0.0,6.375,0.4014188629997454,4.875,24.875,0.20487819859505146,16.75,0.0,117.375,105.875,29.625,56.75,19.5,44.5,10.25,34.25,21.5,17.0,1.2966907855646246,9.875,30.25,32.8875,28.375,55.0,52.084523532921146,19.5,26.625,73.51249999999999,0.0,6.75,0.41838860743659506,3.875,22.375,0.18144151138716355,17.0,0.0,111.375
120,92,2017-03-04,1,1,2016-17,Miami Heat,Cleveland Cavaliers,108.375,32.25,58.75,17.375,45.25,11.125,34.125,21.75,14.125,1.6452928607340374,10.75,29.125,35.9875,29.375,57.5,51.51136207519582,17.375,22.75,74.5625,0.0,7.125,0.5300424657042304,6.125,21.25,0.30348501461988303,14.125,0.0,122.625,113.5,45.0,52.75,15.75,41.375,7.375,34.0,25.5,12.5,2.1204045954045956,15.0,36.25,40.887499999999996,26.375,47.0,56.25390942443205,15.75,20.125,78.2,0.0,5.25,0.4295636655011655,4.25,17.75,0.2430878401998758,12.5,0.0,131.125
91,101,2017-03-04,1,1,2016-17,Chicago Bulls,LA Clippers,105.125,26.25,61.75,17.125,42.625,10.25,32.375,24.625,12.625,2.250520568075715,8.75,23.375,36.5625,30.875,64.375,47.94639922786267,17.125,21.25,80.2375,0.0,7.875,0.6456854522111874,3.75,18.0,0.21955841998390624,12.625,0.0,119.125,104.0,31.875,56.0,16.125,41.75,8.875,32.875,22.875,13.75,1.8589056776556778,10.625,29.0,36.675,28.0,55.0,51.445427529986354,16.125,23.375,69.575,0.0,9.25,0.7613186481393004,3.125,20.625,0.15168991770856088,13.75,0.0,114.625
101,94,2017-03-04,1,1,2016-17,Milwaukee Bucks,Toronto Raptors,105.875,27.375,60.5,18.0,33.625,6.75,26.875,26.25,12.125,2.439055735930736,9.125,22.25,40.7125,30.25,57.25,52.430442609992035,18.0,22.25,82.675,0.0,8.625,0.7643262987012988,4.0,21.375,0.1950404748728884,12.125,0.0,121.875,100.75,23.25,58.0,19.5,42.5,9.375,33.125,15.25,13.5,1.1782986111111111,7.75,21.75,35.8375,29.0,58.75,49.50374892085265,19.5,25.0,77.9375,0.0,7.125,0.5493055555555555,4.375,20.125,0.22536679805701545,13.5,0.0,107.25
123,108,2017-03-04,1,1,2016-17,Houston Rockets,Memphis Grizzlies,122.25,49.5,46.75,26.0,45.125,13.25,31.875,25.625,14.375,1.9364881442087325,16.5,45.0,36.8625,23.375,43.5,53.93527526877484,26.0,33.375,78.1,0.0,9.25,0.6846639879728115,3.75,20.625,0.180564575528568,14.375,0.0,135.625,105.875,29.625,54.75,21.5,42.875,11.375,31.5,21.5,14.25,1.6139653110047847,9.875,27.25,37.3375,27.375,54.875,49.87737105160817,21.5,27.75,76.85000000000001,0.0,7.125,0.5381479266347687,3.25,20.625,0.15930999373433583,14.25,0.0,115.25
102,112,2017-03-04,1,1,2016-17,Denver Nuggets,Charlotte Hornets,112.75,40.125,57.25,15.375,46.125,12.0,34.125,26.25,15.25,1.7471252705627704,13.375,34.375,38.6,28.625,54.625,52.727730346180294,15.375,19.375,78.5625,0.0,7.75,0.5319388944388944,2.625,18.875,0.1374521510462586,15.25,0.0,129.25,103.25,38.25,46.0,19.0,42.375,7.375,35.0,21.125,13.0,1.8053503787878789,12.75,35.875,35.037499999999994,23.0,47.875,48.09624926414936,19.0,22.625,84.2875,0.0,7.375,0.5881155303030303,4.0,18.25,0.25758529154668863,13.0,0.0,113.5
104,89,2017-03-05,1,1,2016-17,Dallas Mavericks,Oklahoma City Thunder,97.0,31.5,52.25,13.25,40.625,8.125,32.5,22.25,13.75,1.8719856532356531,10.5,29.5,36.275000000000006,26.125,52.5,49.81664456233422,13.25,16.25,81.8375,0.0,8.5,0.6985210969585969,3.25,18.875,0.17171409150704817,13.75,0.0,109.5,110.625,28.5,58.75,23.375,47.375,12.875,34.5,18.375,15.125,1.238266197167126,9.5,26.5,37.487500000000004,29.375,61.125,48.092381448642854,23.375,30.125,76.89999999999999,0.0,8.0,0.5423729714557888,4.875,21.625,0.2541787858347961,15.125,0.0,118.625
109,110,2017-03-05,1,1,2016-17,Sacramento Kings,Utah Jazz,98.125,29.25,53.0,15.875,42.5,8.75,33.75,21.875,16.75,1.3126692343604107,9.75,24.5,39.8125,26.5,56.75,46.806531242990104,15.875,20.125,78.3375,0.0,7.625,0.4525852007469654,4.125,19.375,0.23124344767146626,16.75,0.0,108.25,99.5,25.125,56.25,18.125,43.625,10.125,33.5,19.375,14.0,1.5570251623376625,8.375,23.75,35.25,28.125,58.375,48.70358202228569,18.125,23.875,74.325,0.0,7.75,0.6108766233766233,5.125,19.75,0.27173571948608966,14.0,0.0,110.0
105,112,2017-03-05,1,1,2016-17,New York Knicks,Golden State Warriors,103.75,27.75,59.5,16.5,42.625,9.625,33.0,21.25,14.0,1.6319687257187259,9.25,24.25,39.574999999999996,29.75,60.375,49.543074650217505,16.5,20.375,78.5375,0.0,7.75,0.5883984071484072,6.375,18.75,0.3361895505809979,14.0,0.0,118.25,112.25,29.25,63.0,20.0,43.125,9.75,33.375,28.5,13.625,2.3169846965899596,9.75,30.375,32.35,31.5,57.75,54.84171266639407,20.0,24.625,82.375,0.0,10.875,0.8803186944634313,7.125,19.25,0.386724181201483,13.625,0.0,136.75
109,106,2017-03-05,1,1,2016-17,Phoenix Suns,Boston Celtics,114.25,21.75,72.5,20.0,43.5,9.75,33.75,24.875,17.75,1.4375335964345253,7.25,21.0,34.475,36.25,66.5,54.96666595551788,20.0,25.625,77.2625,0.0,8.25,0.46493099263997095,5.875,24.0,0.2530722538331234,17.75,0.0,129.375,105.875,37.5,48.5,19.875,41.5,7.0,34.5,24.125,14.875,1.8452380952380951,12.5,33.75,37.35,24.25,47.5,51.1957280372236,19.875,24.875,80.5,0.0,6.625,0.4202628968253968,3.75,20.75,0.1873905587876176,14.875,0.0,117.5
96,97,2017-03-05,1,1,2016-17,Atlanta Hawks,Indiana Pacers,102.5,24.75,56.75,21.0,44.875,8.5,36.375,21.25,15.75,1.4863759996752324,8.25,25.125,33.0375,28.375,55.75,51.25846552960472,21.0,29.25,71.4625,0.0,7.5,0.5389891101368084,5.625,17.125,0.32041708515830203,15.75,0.0,113.5,102.625,26.25,58.75,17.625,42.5,9.875,32.625,23.25,14.25,1.6780913122824888,8.75,21.875,39.0,29.375,59.625,49.592039093779576,17.625,21.625,83.1625,0.0,6.875,0.47661754095577624,3.5,21.5,0.15980607442765873,14.25,0.0,117.125
115,114,2017-03-05,1,1,2016-17,Washington Wizards,Orlando Magic,108.75,30.75,58.5,19.5,41.375,10.625,30.75,25.375,15.125,1.8173635733937843,10.25,25.875,40.074999999999996,29.25,60.125,48.876298351640585,19.5,24.625,78.95,0.0,8.25,0.5754490234829109,5.125,21.5,0.24522249071591173,15.125,0.0,122.125,99.25,18.75,61.75,18.75,43.625,9.375,34.25,19.125,14.625,1.39403953889248,6.25,20.875,31.3375,30.875,63.125,48.90507788630095,18.75,24.25,77.8875,0.0,6.875,0.5033092724269195,5.25,19.875,0.2789827837589565,14.625,0.0,107.125
97,105,2017-03-05,1,1,2016-17,Los Angeles Lakers,New Orleans Pelicans,101.375,27.75,58.25,15.375,40.125,9.125,31.0,21.0,16.125,1.3461077750938433,9.25,27.75,33.099999999999994,29.125,59.25,49.55634159925204,15.375,21.125,69.4125,0.0,9.75,0.6435903814967282,4.25,21.75,0.20058922214957683,16.125,0.0,106.0,100.375,24.375,55.0,21.0,42.0,7.25,34.75,20.0,15.875,1.2971828314659197,8.125,25.375,32.65,27.5,55.625,49.71471973461684,21.0,26.625,78.7125,0.0,7.875,0.5356384220354808,3.625,21.5,0.17549899566489957,15.875,0.0,107.0
88,83,2017-03-06,1,1,2016-17,Utah Jazz,New Orleans Pelicans,100.25,25.875,57.25,17.125,44.625,10.0,34.625,20.375,14.375,1.5894926948051948,8.625,24.0,35.8125,28.625,58.625,49.36546399995713,17.125,23.5,71.825,0.0,7.625,0.5800324675324675,5.25,19.25,0.2835778247492476,14.375,0.0,112.0,101.125,22.875,56.5,21.75,43.0,8.125,34.875,20.0,15.25,1.3586144553975437,7.625,24.5,32.1,28.25,57.375,49.75996860339512,21.75,28.375,76.575,0.0,8.125,0.5815785929756517,4.0,20.125,0.2167127637808416,15.25,0.0,108.375
98,106,2017-03-06,1,1,2016-17,Cleveland Cavaliers,Miami Heat,109.375,43.5,51.0,14.875,39.875,7.375,32.5,24.25,12.5,2.0422795954045956,14.5,35.875,39.724999999999994,25.5,46.0,55.5997226289409,14.875,19.625,75.6125,0.0,4.625,0.3905011655011655,4.0,17.75,0.2274628401998758,12.5,0.0,123.0,109.75,36.375,57.75,15.625,45.125,11.625,33.5,22.375,13.0,1.7788155880067644,12.125,30.375,38.949999999999996,28.875,56.625,51.43546650749697,15.625,20.75,74.2625,0.0,7.375,0.5732242838860485,6.125,20.25,0.3112822855750487,13.0,0.0,126.625
98,112,2017-03-06,1,1,2016-17,Philadelphia 76ers,Milwaukee Bucks,107.375,28.5,61.25,17.625,45.5,10.625,34.875,23.0,18.5,1.2718235151351989,9.5,29.625,32.1625,30.625,57.75,53.23417463424701,17.625,22.375,78.3375,0.0,8.5,0.4549438280877152,5.0,22.125,0.2255391589087241,18.5,0.0,118.875,104.0,23.25,64.0,16.75,34.25,6.875,27.375,24.75,12.0,2.272389069264069,7.75,21.75,36.637499999999996,32.0,59.5,53.739966419515845,16.75,20.5,83.2,0.0,8.125,0.7018262987012986,3.75,21.375,0.1811515859839995,12.0,0.0,117.625
109,122,2017-03-06,1,1,2016-17,Memphis Grizzlies,Brooklyn Nets,105.625,27.375,58.25,20.0,43.5,12.125,31.375,21.75,13.125,1.7276016746411482,9.125,27.75,33.625,29.125,57.5,50.7492007617531,20.0,26.125,75.625,0.0,7.375,0.5809800944669365,3.0,20.5,0.15055999373433582,13.125,0.0,115.0,106.625,31.5,57.25,17.875,41.5,9.375,32.125,22.0,16.625,1.363917676320927,10.5,29.875,35.3125,28.625,54.75,52.754166390064,17.875,24.25,73.6625,0.0,6.875,0.4367709603777715,4.0,22.125,0.18949075381140598,16.625,0.0,112.5
105,113,2017-03-06,1,1,2016-17,Orlando Magic,New York Knicks,99.625,20.25,61.5,17.875,43.125,10.125,33.0,17.75,13.875,1.3666585865115275,6.75,22.625,30.387499999999996,30.75,62.0,49.69872867995174,17.875,23.625,75.8875,0.0,7.5,0.5544997486173957,4.625,19.625,0.24981611709228987,13.875,0.0,105.875,101.5,24.375,58.5,18.625,44.375,9.875,34.5,19.0,14.5,1.3728778166278166,8.125,22.25,38.2875,29.25,61.125,47.91863351757966,18.625,22.875,81.0375,0.0,7.125,0.5164287101787102,6.5,19.5,0.32904669343814075,14.5,0.0,113.75
100,88,2017-03-06,1,1,2016-17,Charlotte Hornets,Indiana Pacers,104.5,39.375,46.25,18.875,42.75,8.0,34.75,21.25,12.75,1.951183712121212,13.125,34.625,38.0625,23.125,49.75,46.80656672446682,18.875,22.25,85.2125,0.0,7.625,0.661032196969697,4.25,18.0,0.27425195821335524,12.75,0.0,116.125,102.25,28.125,57.5,16.625,43.5,10.0,33.5,23.875,14.375,1.7084484551396317,9.375,23.25,39.0,28.75,58.875,49.02014366894298,16.625,21.25,79.8875,0.0,7.375,0.5087603980986334,3.25,21.125,0.15253334715493147,14.375,0.0,117.25
108,96,2017-03-06,1,1,2016-17,Denver Nuggets,Sacramento Kings,111.875,39.0,57.25,15.625,46.125,11.25,34.875,26.0,15.375,1.709465014152514,13.0,33.5,38.300000000000004,28.625,53.375,53.852730346180294,15.625,19.75,78.26249999999999,0.0,7.375,0.4966824841824841,2.5,18.625,0.13347487831898586,15.375,0.0,129.125,98.25,25.5,56.75,16.0,42.25,8.375,33.875,21.5,16.125,1.3559384651296416,8.5,22.125,39.45,28.375,59.5,47.7535009399598,16.0,20.0,79.375,0.0,7.125,0.446174944336709,4.25,18.625,0.23984133126934984,16.125,0.0,108.5
116,102,2017-03-06,1,1,2016-17,LA Clippers,Boston Celtics,103.25,28.875,58.25,16.125,40.125,9.0,31.125,22.125,13.75,1.805334249084249,9.625,27.875,34.525,29.125,56.125,52.36454517704518,16.125,22.875,71.6125,0.0,9.75,0.7970329338535861,3.0,20.125,0.1527403378766281,13.75,0.0,112.5,105.25,36.375,47.25,21.625,43.125,7.875,35.25,23.0,15.125,1.7232142857142856,12.125,34.125,35.849999999999994,23.625,47.625,49.76066598048601,21.625,27.625,79.15,0.0,6.75,0.42175099206349204,4.125,21.125,0.19917627307333188,15.125,0.0,115.125
109,95,2017-03-06,1,1,2016-17,Detroit Pistons,Chicago Bulls,105.375,25.5,64.0,15.875,48.0,12.75,35.25,19.625,11.0,2.026596055088702,8.5,26.5,31.512500000000003,32.0,65.25,49.07815904750731,15.875,23.25,69.425,0.0,7.75,0.8886321195144725,3.875,17.25,0.2825614895080839,11.0,0.0,115.0,104.375,26.625,61.0,16.75,43.125,10.5,32.625,25.375,13.625,2.1943004723819355,8.875,23.125,37.6875,30.5,64.25,47.46867421655557,16.75,21.0,79.3875,0.0,8.375,0.6385084187183646,3.125,19.0,0.18049591998390624,13.625,0.0,118.5
111,119,2017-03-06,1,1,2016-17,Atlanta Hawks,Golden State Warriors,101.125,24.0,56.75,20.375,45.75,9.5,36.25,21.5,15.5,1.5216701173222913,8.0,24.75,32.612500000000004,28.375,56.875,49.88651431009252,20.375,29.25,69.45,0.0,8.25,0.5948714630779848,5.125,17.375,0.2902313266443701,15.5,0.0,112.125,110.0,29.25,61.5,19.25,42.5,9.875,32.625,27.625,13.125,2.353443029923293,9.75,30.875,31.75,30.75,57.375,53.84356576612453,19.25,23.125,83.77499999999999,0.0,11.0,0.9480270277967646,7.125,18.75,0.3905120599893618,13.125,0.0,133.5
112,110,2017-03-06,1,1,2016-17,San Antonio Spurs,Houston Rockets,103.625,22.875,62.75,18.0,47.5,13.25,34.25,22.0,13.0,1.7352029914529914,7.625,25.25,31.699999999999996,31.375,63.0,50.16846281752018,18.0,23.0,78.4,0.0,9.375,0.7398212898212898,5.5,18.75,0.29959057486631013,13.0,0.0,120.75,121.625,50.25,45.0,26.375,45.25,13.25,32.0,24.875,14.75,1.8074297026502908,16.75,45.5,36.9625,22.5,41.625,54.36419683740229,26.375,33.375,79.1375,0.0,9.375,0.6716769749857986,4.0,21.25,0.18889790886190133,14.75,0.0,135.5
121,126,2017-03-07,1,1,2016-17,Oklahoma City Thunder,Portland Trail Blazers,107.5,27.0,58.0,22.5,48.125,13.0,35.125,18.25,14.625,1.2650205831320382,9.0,26.25,35.49999999999999,29.0,61.25,47.34732495146772,22.5,29.375,75.925,0.0,7.625,0.5296536732101748,4.125,21.375,0.22260528686999276,14.625,0.0,114.625,109.75,33.0,57.0,19.75,45.5,10.125,35.375,21.0,16.5,1.3299089084934672,11.0,25.5,43.8125,28.5,58.0,49.331382014625056,19.75,27.125,72.3125,0.0,6.75,0.4379573245382069,5.375,23.25,0.25295512167197454,16.5,0.0,120.5
127,131,2017-03-07,1,1,2016-17,Phoenix Suns,Washington Wizards,115.125,20.25,74.75,20.125,44.5,9.5,35.0,24.375,16.75,1.487772830884286,6.75,20.75,32.425,37.375,66.75,56.35086265221457,20.125,25.625,77.75,0.0,8.125,0.49184486823805706,6.625,24.125,0.2783185592518426,16.75,0.0,133.125,109.125,32.25,57.0,19.875,40.375,10.125,30.25,25.0,15.25,1.7586514521816632,10.75,25.5,42.487500000000004,28.5,59.625,47.99031992328927,19.875,24.0,82.1125,0.0,8.375,0.57828993257382,5.375,21.875,0.2536359522543733,15.25,0.0,123.0
122,111,2017-03-07,1,1,2016-17,Dallas Mavericks,Los Angeles Lakers,96.0,27.75,54.0,14.25,38.875,7.25,31.625,21.25,13.0,1.9612713675213675,9.25,28.25,33.7,27.0,53.125,50.7387757098752,14.25,17.5,81.5875,0.0,8.0,0.7029853826728827,3.125,19.25,0.1621552679776364,13.0,0.0,105.875,100.75,29.25,57.5,14.0,41.125,9.625,31.5,21.125,16.625,1.3311077750938434,9.75,28.375,34.3,28.75,58.25,49.76918431209476,14.0,19.75,68.0,0.0,9.75,0.6369237148300615,4.5,22.125,0.20877374595910062,16.625,0.0,106.75
108,101,2017-03-08,1,1,2016-17,Miami Heat,Charlotte Hornets,109.625,40.125,55.25,14.25,45.25,11.875,33.375,23.5,12.125,2.0215239213400977,13.375,32.0,41.25,27.625,56.0,49.80709999695833,14.25,19.125,74.325,0.0,7.375,0.6242659505527152,6.0,19.5,0.315755969785575,12.125,0.0,127.75,104.625,39.375,46.5,18.75,44.875,9.25,35.625,21.5,12.375,2.011600378787879,13.125,34.625,38.0625,23.25,50.75,46.14409090241653,18.75,21.625,86.9125,0.0,7.5,0.6735321969696969,3.875,16.875,0.2687372523310023,12.375,0.0,118.125
108,115,2017-03-08,1,1,2016-17,Houston Rockets,Utah Jazz,122.0,50.625,45.25,26.125,45.375,13.0,32.375,24.5,14.125,1.8435816634346047,16.875,45.375,37.387499999999996,22.625,41.875,54.337058322421825,26.125,33.0,79.4375,0.0,8.125,0.607338739691681,3.75,21.375,0.17475317201979607,14.125,0.0,135.0,102.25,28.125,57.0,17.125,44.25,10.0,34.25,20.625,15.375,1.5356649436090226,9.375,24.5,38.2625,28.5,57.375,50.002038074031205,17.125,23.125,73.4875,0.0,8.25,0.5890037593984963,5.0,20.0,0.25282916164764324,15.375,0.0,115.0
115,98,2017-03-08,1,1,2016-17,Indiana Pacers,Detroit Pistons,100.0,29.25,56.5,14.25,44.0,10.0,34.0,24.875,15.0,1.696374591503268,9.75,24.5,38.375,28.25,58.0,48.89759464933513,14.25,17.875,79.475,0.0,6.75,0.44128880718954244,3.5,20.375,0.17299370521119747,15.0,0.0,116.0,106.25,24.75,66.75,14.75,48.875,12.625,36.25,21.375,11.0,2.276596055088702,8.25,25.25,31.8625,33.375,67.5,49.340582645700245,14.75,22.125,68.0625,0.0,7.625,0.8707749766573296,3.625,17.375,0.26757610939112486,11.0,0.0,118.25
113,123,2017-03-08,1,1,2016-17,Denver Nuggets,Washington Wizards,108.875,34.875,57.25,16.75,44.625,10.375,34.25,25.25,15.0,1.7004937222864853,11.625,32.125,36.400000000000006,28.625,53.0,54.28793344095786,16.75,21.25,78.26249999999999,0.0,8.0,0.5349599961442066,2.625,19.125,0.13843519577930333,15.0,0.0,125.0,110.5,30.0,58.25,22.25,40.875,10.5,30.375,24.0,13.75,1.8278214126559713,10.0,25.25,39.224999999999994,29.125,62.0,47.05347505955762,22.25,27.125,81.75,0.0,9.75,0.7270053475935829,4.75,21.5,0.23057047606389713,13.75,0.0,123.125
87,94,2017-03-08,1,1,2016-17,New Orleans Pelicans,Toronto Raptors,97.75,23.625,54.25,19.875,44.25,9.125,35.125,19.625,15.75,1.3101769553975435,7.875,25.125,32.3125,27.125,57.5,47.41192938770885,19.875,26.25,75.6,0.0,8.5,0.5878285929756518,3.75,19.125,0.21453885073736334,15.75,0.0,104.125,99.875,22.875,57.5,19.5,42.25,9.0,33.25,15.5,13.625,1.18208648989899,7.625,22.375,33.75,28.75,58.125,49.6292981989443,19.5,24.375,80.0625,0.0,6.875,0.5246843434343434,4.25,20.75,0.21238370626957584,13.625,0.0,106.125
110,105,2017-03-08,1,1,2016-17,Atlanta Hawks,Brooklyn Nets,101.375,25.875,57.0,18.5,45.125,10.375,34.75,21.375,16.75,1.3688923395445134,8.625,24.75,34.8375,28.5,56.75,50.21900589258411,18.5,27.125,68.6875,0.0,7.875,0.5093451472885111,4.5,17.375,0.26305741360089185,16.75,0.0,110.5,109.5,33.75,56.75,19.0,40.625,8.375,32.25,21.625,16.0,1.373610189689911,11.25,31.125,36.15,28.375,52.5,54.48882136528322,19.0,25.5,74.14999999999999,0.0,7.875,0.5022789817681458,3.875,23.25,0.17097223529288746,16.0,0.0,117.0
98,91,2017-03-08,1,1,2016-17,Orlando Magic,Chicago Bulls,102.75,22.5,62.0,18.25,43.375,10.125,33.25,18.625,13.625,1.4544790993320404,7.5,23.75,32.275,31.0,61.25,50.86598163805856,18.25,24.375,75.2,0.0,7.0,0.5262946204122675,4.625,20.5,0.23792753013576812,13.625,0.0,110.125,105.125,25.875,61.25,18.0,43.375,10.25,33.125,25.25,12.625,2.3040226946041575,8.625,23.5,36.2625,30.625,63.75,48.081154956154954,18.0,22.0,82.05000000000001,0.0,7.875,0.6273973076072534,3.5,18.5,0.2013292533172396,12.625,0.0,120.5
86,99,2017-03-08,1,1,2016-17,Golden State Warriors,Boston Celtics,111.125,33.75,57.5,19.875,44.5,11.0,33.5,28.625,14.0,2.264033307701071,11.25,32.375,34.3125,28.75,55.25,52.2398835955819,19.875,24.25,81.9,0.0,10.75,0.8594853611300979,6.875,19.875,0.3555470250243268,14.0,0.0,135.875,103.5,35.25,47.0,21.25,42.875,8.0,34.875,23.125,13.5,1.8638392857142856,11.75,35.0,33.625,23.5,47.125,50.00105059587062,21.25,26.75,80.125,0.0,6.25,0.456315386002886,3.875,22.75,0.17946301142458637,13.5,0.0,113.75
114,104,2017-03-08,1,1,2016-17,San Antonio Spurs,Sacramento Kings,106.375,24.75,63.25,18.375,47.25,11.75,35.5,22.875,12.875,1.8420211732711733,8.25,25.125,34.025,31.625,62.75,50.76658109709007,18.375,23.125,79.58749999999999,0.0,8.75,0.6898212898212899,6.125,18.375,0.34947038255861784,12.875,0.0,125.75,97.125,23.625,58.25,15.25,41.5,8.75,32.75,21.125,15.625,1.3684384651296417,7.875,20.25,39.7,29.125,62.0,46.96753714192868,15.25,19.25,78.975,0.0,6.875,0.44773744433670903,3.75,18.625,0.21206355349157208,15.625,0.0,105.5
104,93,2017-03-08,1,1,2016-17,Milwaukee Bucks,New York Knicks,105.25,26.25,62.25,16.75,35.25,7.375,27.875,25.0,12.5,2.210267857142857,8.75,23.25,38.3625,31.125,58.5,53.1623802126193,16.75,21.0,80.7,0.0,7.875,0.6578869047619048,4.375,21.25,0.22113320363105832,12.5,0.0,119.125,103.875,23.25,60.75,19.875,44.5,10.75,33.75,20.0,13.125,1.6214889277389277,7.75,22.25,35.6125,30.375,63.375,48.0343742583204,19.875,23.75,82.96249999999999,0.0,7.25,0.5685120435120434,5.625,20.0,0.281849897099468,13.125,0.0,116.75
107,91,2017-03-08,1,1,2016-17,Minnesota Timberwolves,LA Clippers,107.875,20.625,69.0,18.25,48.625,12.375,36.25,24.75,14.25,1.935211038961039,6.875,19.875,35.0375,34.5,66.0,52.7045687435494,18.25,22.875,78.7625,0.0,9.5,0.7881966991341991,4.125,16.875,0.26963522588522587,14.25,0.0,131.5,106.75,28.875,59.0,18.875,39.875,9.25,30.625,23.0,13.75,1.8726419413919415,9.625,27.25,35.65,29.5,55.75,53.41323116087267,18.875,27.375,71.375,0.0,9.75,0.797032933853586,2.75,20.75,0.1327293729643474,13.75,0.0,116.0
106,101,2017-03-09,1,1,2016-17,Detroit Pistons,Cleveland Cavaliers,107.375,24.75,68.0,14.625,49.0,12.5,36.5,21.75,10.125,2.401596055088702,8.25,25.875,31.0625,34.0,68.25,49.76873636332764,14.625,22.5,66.2375,0.0,7.625,0.8913632119514472,4.0,17.375,0.2884094427244582,10.125,0.0,119.875,107.125,42.0,49.75,15.375,41.0,7.625,33.375,22.75,13.375,1.815073713051654,14.0,34.375,39.725,24.875,46.5,53.72759079748492,15.375,20.5,75.275,0.0,4.625,0.37505998903057725,4.25,17.375,0.24968506242209804,13.375,0.0,119.25
110,122,2017-03-09,1,1,2016-17,Phoenix Suns,Los Angeles Lakers,117.5,22.125,74.5,20.875,45.25,9.0,36.25,25.5,16.75,1.5469833572000755,7.375,21.25,34.0875,37.25,65.625,56.989035954322304,20.875,26.75,77.1875,0.0,7.875,0.4786869735012149,7.25,25.0,0.2945685592518426,16.75,0.0,138.5,99.375,27.75,59.25,12.375,42.5,10.25,32.25,21.125,15.625,1.4507249999742262,9.25,28.25,32.8375,29.625,60.25,49.40933582724628,12.375,18.125,66.725,0.0,9.75,0.6799859157869993,4.5,21.625,0.21189874595910066,15.625,0.0,106.25
114,108,2017-03-09,1,1,2016-17,Portland Trail Blazers,Philadelphia 76ers,111.625,33.75,58.5,19.375,44.875,10.375,34.5,21.125,16.0,1.4002214084934672,11.25,25.125,45.4625,29.25,59.375,49.2365053542835,19.375,26.625,72.3625,0.0,7.125,0.47962399120487353,5.25,23.25,0.24752033906327892,16.0,0.0,122.75,106.5,27.0,61.75,17.75,44.375,11.25,33.125,23.75,17.875,1.3817859211502368,9.0,29.25,30.95,30.875,58.5,52.96234860290707,17.75,22.625,78.15,0.0,8.0,0.4403761589147829,4.75,22.0,0.21452725414681936,17.875,0.0,116.75
102,92,2017-03-09,1,1,2016-17,Oklahoma City Thunder,San Antonio Spurs,110.375,28.125,59.75,22.5,47.125,12.0,35.125,18.25,14.875,1.2493343086222342,9.375,25.125,37.925,29.875,61.0,48.98710989770428,22.5,29.375,75.925,0.0,6.875,0.47573210458272375,4.0,21.75,0.2162416505063564,14.875,0.0,118.0,106.875,27.375,62.0,17.5,46.5,11.0,35.5,24.75,13.0,1.9812257187257187,9.125,26.875,34.225,31.0,60.625,51.40105079405977,17.5,22.375,78.4625,0.0,9.0,0.7040258352758353,6.25,17.5,0.3684097764980118,13.0,0.0,128.125
98,114,2017-03-09,1,1,2016-17,Memphis Grizzlies,LA Clippers,105.875,27.75,58.0,20.125,42.25,10.875,31.375,22.125,12.75,1.7757102272727272,9.25,27.625,34.3,29.0,56.375,51.395480711311734,20.125,26.375,75.42500000000001,0.0,7.5,0.5961939102564102,2.75,20.625,0.1413235405323654,12.75,0.0,115.75,105.75,27.0,59.75,19.0,39.375,9.875,29.5,22.25,13.875,1.817494882568412,9.0,25.625,35.6125,29.875,57.875,52.07646764190576,19.0,28.125,68.25,0.0,8.625,0.7225844044418213,2.75,20.875,0.13150388276826896,13.875,0.0,111.125
94,115,2017-03-10,1,1,2016-17,Chicago Bulls,Houston Rockets,103.375,27.75,60.25,15.375,44.25,10.5,33.75,25.5,12.75,2.3089246553884712,9.25,24.875,36.475,30.125,63.375,47.49153231464552,15.375,19.0,80.00000000000001,0.0,7.25,0.5894071115288221,3.375,17.625,0.20540534027376134,12.75,0.0,118.5,118.875,46.875,46.0,26.0,42.375,12.25,30.125,23.875,12.5,2.026617377720319,15.625,44.875,34.262499999999996,23.0,41.625,55.39546040665978,26.0,33.125,78.875,0.0,8.25,0.7003446920726333,3.75,21.0,0.17801404158501347,12.5,0.0,129.625
105,99,2017-03-10,1,1,2016-17,Atlanta Hawks,Toronto Raptors,104.625,24.75,60.0,19.875,45.375,10.5,34.875,21.25,15.875,1.4086341873706003,8.25,24.0,33.975,30.0,59.5,50.48944614415643,19.875,28.75,69.5125,0.0,8.75,0.5759212342450328,5.25,18.5,0.29321475625823457,15.875,0.0,115.25,99.875,24.0,57.0,18.875,43.25,9.0,34.25,16.25,12.875,1.2966698232323233,8.0,22.5,35.3875,28.5,57.875,49.41398719415961,18.875,24.25,77.77499999999999,0.0,6.5,0.5246843434343434,4.875,19.75,0.24924268062855018,12.875,0.0,108.625
103,102,2017-03-10,1,1,2016-17,Minnesota Timberwolves,Golden State Warriors,106.625,20.25,68.75,17.625,49.125,12.875,36.25,24.625,14.125,1.942353896103896,6.75,19.375,35.0375,34.375,67.125,51.37881116779183,17.625,22.125,78.95,0.0,9.375,0.7858157467532467,4.125,18.0,0.25566007060572277,14.125,0.0,129.875,108.25,31.125,58.25,18.875,44.5,11.75,32.75,27.5,15.25,1.9237555299232931,10.375,31.625,32.300000000000004,29.125,56.0,52.12414285484115,18.875,22.75,81.89999999999999,0.0,10.5,0.7587909166856535,7.125,20.375,0.3524220250243268,15.25,0.0,130.625
122,130,2017-03-10,1,1,2016-17,Sacramento Kings,Washington Wizards,98.0,23.625,59.75,14.625,42.0,8.5,33.5,20.75,15.25,1.3778922466422467,7.875,19.625,40.650000000000006,29.875,64.25,46.09942870452386,14.625,18.125,80.1375,0.0,6.625,0.44406097374847375,3.75,19.875,0.1978590080370266,15.25,0.0,106.25,112.0,28.5,61.0,22.5,41.375,10.5,30.875,25.0,13.875,1.8893744429590018,9.5,24.875,38.05,30.5,63.0,48.434896803882594,22.5,27.625,81.3125,0.0,10.375,0.7743538324420678,4.375,21.125,0.21083363395863397,13.875,0.0,126.25
99,85,2017-03-10,1,1,2016-17,Milwaukee Bucks,Indiana Pacers,102.125,26.625,58.75,16.75,36.125,8.0,28.125,24.875,12.25,2.279017857142857,8.875,24.625,36.375,29.375,56.875,51.84103318065582,16.75,20.5,81.92500000000001,0.0,7.0,0.5985119047619047,4.5,20.5,0.23985789998733364,12.25,0.0,115.375,101.375,28.875,57.75,14.75,44.375,9.5,34.875,24.5,14.125,2.058874591503268,9.625,24.375,38.099999999999994,28.875,58.375,49.598587205166396,14.75,18.5,79.2875,0.0,6.875,0.49545547385620914,3.625,20.5,0.17952965292361578,14.125,0.0,118.625
121,81,2017-03-10,1,1,2016-17,Charlotte Hornets,Orlando Magic,106.625,37.125,49.25,20.25,44.25,9.375,34.875,20.625,11.625,2.011600378787879,12.375,32.5,37.949999999999996,24.625,53.375,46.250023105806356,20.25,23.125,87.69999999999999,0.0,7.25,0.6839488636363636,4.125,16.75,0.28589411507610035,11.625,0.0,119.5,100.5,22.125,60.5,17.875,42.875,10.125,32.75,19.0,13.125,1.5562648136177548,7.375,25.125,28.637500000000003,30.25,59.75,50.804304006479605,17.875,23.375,76.69999999999999,0.0,7.125,0.5709374775551246,4.75,19.875,0.25029384029619595,13.125,0.0,108.375
105,96,2017-03-10,1,1,2016-17,Dallas Mavericks,Brooklyn Nets,99.0,30.75,54.5,13.75,39.375,7.5,31.875,21.75,13.25,1.9657356532356531,10.25,28.75,36.3875,27.25,53.375,50.969544940644425,13.75,16.75,81.95,0.0,7.75,0.6747115731490732,3.5,19.375,0.18329497385998933,13.25,0.0,110.5,109.75,33.375,56.75,19.625,41.625,8.25,33.375,22.25,17.375,1.286200769400056,11.125,30.625,36.2625,28.375,52.75,54.18149276008228,19.625,26.375,73.7375,0.0,7.75,0.4569891266956821,5.25,23.375,0.22597223529288746,17.375,0.0,118.625
119,99,2017-03-10,1,1,2016-17,Denver Nuggets,Boston Celtics,110.625,35.625,58.75,16.25,43.375,9.875,33.5,26.0,15.125,1.734347888953152,11.875,31.375,38.15,29.375,52.875,55.654458864686674,16.25,21.125,75.8125,0.0,8.25,0.5485016628108733,2.25,18.75,0.12116545893719807,15.125,0.0,127.5,103.0,33.75,48.25,21.0,44.625,8.625,36.0,23.625,14.375,1.685267857142857,11.25,34.0,33.2125,24.125,49.0,49.262414232234256,21.0,26.625,79.3625,0.0,7.5,0.5277439574314574,3.5,21.75,0.1641852336468086,14.375,0.0,114.625
107,85,2017-03-11,1,1,2016-17,San Antonio Spurs,Golden State Warriors,105.0,26.625,60.75,17.625,45.375,11.25,34.125,23.5,13.25,1.8658411033411033,8.875,25.375,34.949999999999996,30.375,61.5,49.650387664086296,17.625,22.5,78.6,0.0,8.5,0.6553078865578865,6.25,17.5,0.36840977649801177,13.25,0.0,122.875,105.625,28.875,59.25,17.5,43.25,12.0,31.25,26.75,14.125,1.9996483870661503,9.625,31.5,29.450000000000003,29.625,57.0,52.068339283412584,17.5,21.625,79.925,0.0,10.25,0.787064726209463,6.375,19.625,0.3312580038603056,14.125,0.0,124.75
112,104,2017-03-11,1,1,2016-17,Oklahoma City Thunder,Utah Jazz,108.625,25.875,61.25,21.5,47.125,12.375,34.75,18.5,14.75,1.2919479449858704,8.625,24.75,35.15,30.625,61.5,49.75076653092613,21.5,28.125,75.38749999999999,0.0,6.875,0.48520180155242076,3.875,22.875,0.19482556659027245,14.75,0.0,116.625,102.75,28.5,56.5,17.75,44.125,10.125,34.0,20.875,16.0,1.5041799812030074,9.5,25.625,36.85,28.25,55.625,51.489797019417274,17.75,23.25,75.725,0.0,7.375,0.5218045112781954,4.875,20.75,0.23780358620007297,16.0,0.0,115.0
92,105,2017-03-11,1,1,2016-17,Sacramento Kings,Denver Nuggets,102.5,25.5,61.25,15.75,40.75,8.0,32.75,21.25,14.375,1.524988206238206,8.5,19.5,43.525000000000006,30.625,64.75,46.896530153799226,15.75,19.5,80.4,0.0,6.75,0.4731013777888778,3.125,20.375,0.15969374193058403,14.375,0.0,111.125,113.0,35.625,60.25,17.125,44.25,10.0,34.25,26.125,15.5,1.7125551257952574,11.875,30.875,38.699999999999996,30.125,53.0,56.925423225273676,17.125,22.125,76.55,0.0,8.375,0.542745083863505,2.5,18.75,0.13505434782608694,15.5,0.0,131.875
124,125,2017-03-11,1,1,2016-17,Portland Trail Blazers,Washington Wizards,112.875,30.0,61.75,21.125,43.5,9.625,33.875,21.5,16.25,1.402930386821641,10.0,22.5,44.275,30.875,60.125,51.276510247848464,21.125,27.625,75.9625,0.0,7.625,0.5028438054463596,6.25,21.75,0.3009962748921559,16.25,0.0,127.25,114.25,30.0,63.5,20.75,42.5,10.5,32.0,26.25,13.125,2.079214015151515,10.0,25.125,39.775,31.75,64.5,49.07592244490823,20.75,25.0,82.8125,0.0,10.25,0.7950757575757577,4.25,20.75,0.20924272486772486,13.125,0.0,132.25
122,125,2017-03-11,1,1,2016-17,Charlotte Hornets,New Orleans Pelicans,108.25,38.25,50.75,19.25,43.375,9.5,33.875,22.5,11.5,2.321868235930736,12.75,31.375,40.9875,25.375,52.875,47.97416103684084,19.25,22.375,86.3,0.0,7.375,0.7129667207792207,3.875,17.0,0.26432548762512,11.5,0.0,124.625,96.75,24.0,53.25,19.5,44.5,9.625,34.875,20.125,16.0,1.319105526826115,8.0,26.5,30.6375,26.625,56.75,47.17973124529399,19.5,25.125,77.825,0.0,8.0,0.5372333548804137,3.5,18.75,0.20611493769388506,16.0,0.0,102.625
104,89,2017-03-11,1,1,2016-17,Miami Heat,Toronto Raptors,108.5,41.625,52.5,14.375,45.25,12.0,33.25,22.875,12.25,1.9518123828785594,13.875,32.75,41.8,26.25,55.375,47.580754913470386,14.375,19.125,74.83749999999999,0.0,8.0,0.6699390274757921,6.0,19.25,0.3206170808966861,12.25,0.0,125.625,101.0,21.0,60.25,19.75,43.25,10.0,33.25,16.25,12.375,1.3461489898989898,7.0,21.625,32.7,30.125,59.75,50.76301130437774,19.75,25.25,78.28750000000001,0.0,7.625,0.6392676767676768,5.0,21.625,0.2331025707384403,12.375,0.0,111.0
90,107,2017-03-11,1,1,2016-17,Memphis Grizzlies,Atlanta Hawks,104.125,27.0,58.0,19.125,41.375,11.0,30.375,22.25,12.375,1.8764046717171716,9.0,27.375,33.5625,29.0,57.375,50.52967984551088,19.125,25.75,73.5125,0.0,7.375,0.6066105769230768,2.875,21.375,0.14487467689600175,12.375,0.0,112.25,106.5,25.5,61.75,19.25,45.375,10.5,34.875,22.5,17.25,1.3764913302277433,8.5,24.25,34.775000000000006,30.875,58.75,52.716021136161544,19.25,27.875,69.3625,0.0,8.875,0.5360402818640805,5.25,19.5,0.2682147562582345,17.25,0.0,119.0
98,100,2017-03-11,1,1,2016-17,Dallas Mavericks,Phoenix Suns,100.75,32.25,53.0,15.5,40.375,7.75,32.625,21.0,14.5,1.6324023199023199,10.75,28.25,38.3125,26.5,52.125,50.565504536604024,15.5,18.875,80.6125,0.0,7.125,0.5054407398157398,3.25,19.0,0.1713902119552274,14.5,0.0,111.5,114.125,20.625,73.75,19.75,44.625,9.75,34.875,24.0,17.375,1.4053166905334087,6.875,20.625,32.825,36.875,66.625,55.621848454322304,19.75,25.625,76.525,0.0,7.875,0.46410364016788164,7.25,25.5,0.2841518925851759,17.375,0.0,131.125
112,100,2017-03-11,1,1,2016-17,LA Clippers,Philadelphia 76ers,105.875,27.0,60.25,18.625,40.5,9.5,31.0,22.375,13.75,1.8401139301874596,9.0,25.875,35.2875,30.125,55.75,54.4362432829314,18.625,27.0,69.725,0.0,7.5,0.6487748806322975,3.25,21.125,0.15928166054604675,13.75,0.0,114.875,106.5,28.125,60.25,18.125,44.0,11.25,32.75,23.125,17.25,1.383457044144889,9.375,29.0,32.4625,30.125,58.875,51.47351485600881,18.125,22.875,79.1875,0.0,7.25,0.42299647977039784,4.5,22.75,0.2002843755860997,17.25,0.0,115.0
104,116,2017-03-11,1,1,2016-17,Orlando Magic,Cleveland Cavaliers,100.75,22.5,60.5,17.75,42.625,10.5,32.125,19.5,12.375,1.6618797868797868,7.5,26.25,28.175,30.25,58.625,51.833508791842036,17.75,23.75,74.7875,0.0,7.0,0.5796273171273171,4.375,20.5,0.22781577012075735,12.375,0.0,108.75,105.625,39.375,51.5,14.75,41.25,7.5,33.75,22.875,13.625,1.7556987130516541,13.125,34.375,37.474999999999994,25.75,46.75,55.400717412472005,14.75,20.5,71.9875,0.0,4.375,0.3313099890305773,4.125,17.125,0.2438801088617265,13.625,0.0,116.625
112,92,2017-03-11,1,1,2016-17,Detroit Pistons,New York Knicks,108.375,25.875,68.5,14.0,47.75,12.75,35.0,22.625,9.25,2.620346055088702,8.625,26.75,31.4375,34.25,68.125,50.2679683141725,14.0,22.125,64.7375,0.0,8.125,0.9684465452847806,3.625,17.25,0.26549277605779154,9.25,0.0,121.125,102.375,21.75,61.25,19.375,45.0,11.25,33.75,20.375,13.25,1.6350305944055945,7.25,22.25,33.225,30.625,63.125,48.61434983829597,19.375,23.5,80.5875,0.0,6.75,0.5330953768453768,4.875,19.875,0.2479213256708966,13.25,0.0,114.5
102,95,2017-03-11,1,1,2016-17,Milwaukee Bucks,Minnesota Timberwolves,102.625,26.625,59.0,17.0,36.0,7.375,28.625,25.125,13.125,2.2506087662337664,8.875,24.5,36.6625,29.5,55.75,53.17556965481996,17.0,20.625,82.4125,0.0,8.0,0.6307088744588745,5.125,19.75,0.2709425560719897,13.125,0.0,118.25,106.0,18.375,69.25,18.375,49.75,13.625,36.125,23.875,14.125,1.874172077922078,6.125,18.25,33.724999999999994,34.625,68.5,50.74335428233494,18.375,23.125,78.8125,0.0,9.375,0.7858157467532467,4.25,18.0,0.26260451505016724,14.125,0.0,128.375
100,80,2017-03-12,1,1,2016-17,Boston Celtics,Chicago Bulls,103.25,33.75,48.5,21.0,44.375,8.875,35.5,23.625,15.125,1.6192956349206347,11.25,33.375,33.8125,24.25,50.0,48.42908089890092,21.0,26.75,78.8875,0.0,8.375,0.5624661796536796,3.375,22.0,0.15719765600705704,15.125,0.0,114.25,102.125,28.875,59.5,13.75,44.0,10.0,34.0,25.625,14.0,2.1162163220551378,9.625,26.625,36.362500000000004,29.75,62.625,47.48175395740954,13.75,17.75,76.875,0.0,8.125,0.6206571115288221,3.125,18.625,0.1715225563909774,14.0,0.0,115.125
101,110,2017-03-12,1,1,2016-17,Phoenix Suns,Portland Trail Blazers,111.5,19.875,71.5,20.125,44.25,9.375,34.875,22.875,16.375,1.432230566131495,6.625,20.25,32.2375,35.75,65.75,54.64592512566406,20.125,25.0,80.275,0.0,7.5,0.46829024303869504,7.375,25.625,0.2880015302663354,16.375,0.0,128.625,117.375,32.625,64.0,20.75,43.75,9.375,34.375,23.0,16.0,1.5166558770177192,10.875,23.75,45.412499999999994,32.0,60.75,52.684263501951456,20.75,27.125,75.9625,0.0,7.0,0.47000066819145764,6.5,21.5,0.3160338688771183,16.0,0.0,133.625
117,112,2017-03-12,1,1,2016-17,Houston Rockets,Cleveland Cavaliers,119.625,47.625,45.75,26.25,44.0,11.75,32.25,24.375,13.625,1.8740438483085542,15.875,45.75,34.1875,22.875,41.0,55.82605817768308,26.25,33.25,79.3625,0.0,8.875,0.6874770450138098,4.125,20.0,0.20591259230965114,13.625,0.0,132.375,105.25,39.375,50.75,15.125,42.25,7.625,34.625,23.0,13.125,1.8935192258721671,13.125,34.5,37.349999999999994,25.375,46.5,54.93936265780418,15.125,21.75,69.4875,0.0,3.875,0.2971219548425431,3.625,17.375,0.2074217755283932,13.125,0.0,115.75
120,112,2017-03-12,1,1,2016-17,Brooklyn Nets,New York Knicks,106.125,31.5,55.0,19.625,40.75,7.625,33.125,21.375,16.75,1.3051958674392716,10.5,30.0,35.025,27.5,52.125,53.13812123798735,19.625,26.375,73.7375,0.0,8.0,0.499268538460388,4.5,24.25,0.1872817591024113,16.75,0.0,113.125,100.875,23.625,58.5,18.75,44.25,10.25,34.0,20.625,13.875,1.5848169191919192,7.875,22.75,34.7875,29.25,60.25,48.47652932547546,18.75,22.75,79.7125,0.0,6.75,0.5224116161616161,4.875,19.75,0.25047980520306035,13.875,0.0,113.625
102,98,2017-03-12,1,1,2016-17,Indiana Pacers,Miami Heat,99.75,28.125,56.5,15.125,44.5,9.875,34.625,23.75,15.125,1.933874591503268,9.375,24.375,36.7125,28.25,57.75,49.13876830307245,15.125,19.0,79.22500000000001,0.0,7.75,0.5100388071895425,3.875,22.0,0.18473798625694912,15.125,0.0,116.125,108.0,39.375,52.75,15.875,42.875,10.5,32.375,21.75,12.125,1.882100844417021,13.125,31.625,40.975,26.375,53.125,49.761839957458655,15.875,21.625,72.97500000000001,0.0,8.125,0.6859646685014331,6.625,18.25,0.36325840643274854,12.125,0.0,124.25
116,118,2017-03-12,1,1,2016-17,Los Angeles Lakers,Philadelphia 76ers,102.625,27.75,61.5,13.375,42.375,10.375,32.0,21.0,14.625,1.5806269607585397,9.25,28.0,33.2125,30.75,62.375,49.552789139713674,13.375,19.25,68.4,0.0,9.875,0.7592342818000712,5.0,21.5,0.23779160310195777,14.625,0.0,110.0,104.0,28.125,59.5,16.375,43.125,11.125,32.0,23.125,17.125,1.3963246912037126,9.375,29.125,32.3125,29.75,58.375,51.30589033493601,16.375,20.875,78.1125,0.0,7.5,0.44275750918216256,3.75,22.375,0.17206531204094921,17.125,0.0,111.5
129,101,2017-03-13,1,1,2016-17,Denver Nuggets,Los Angeles Lakers,110.0,33.75,59.25,17.0,43.375,9.75,33.625,24.75,14.875,1.7185075067476383,11.25,31.25,36.3625,29.625,51.125,57.89467456217207,17.0,21.375,78.8125,0.0,8.0,0.5556419092603303,3.25,17.75,0.18713768115942028,14.875,0.0,128.625,104.5,25.875,65.0,13.625,42.875,10.375,32.5,22.0,15.0,1.6139602940918731,8.625,27.25,31.387500000000003,32.5,62.5,52.05498404752754,13.625,19.25,69.2875,0.0,10.0,0.7488176151334046,5.875,20.75,0.28342652373687843,15.0,0.0,116.0
113,93,2017-03-13,1,1,2016-17,Memphis Grizzlies,Milwaukee Bucks,104.0,26.625,58.5,18.875,40.5,11.0,29.5,22.25,12.125,1.9046097999223,8.875,26.875,33.4375,29.25,58.0,50.44551708204483,18.875,25.5,73.25,0.0,7.75,0.6457131410256409,2.875,21.625,0.14299497764788144,12.125,0.0,111.875,102.875,27.375,58.0,17.5,36.875,8.0,28.875,24.25,12.25,2.2708010739260738,9.125,24.5,37.9125,29.0,56.25,51.85116489291519,17.5,21.25,82.175,0.0,7.375,0.6162857975357976,5.125,20.0,0.2678369660098779,12.25,0.0,117.875
120,115,2017-03-13,1,1,2016-17,Sacramento Kings,Orlando Magic,99.5,25.875,58.5,15.125,40.125,8.125,32.0,21.0,14.25,1.52361457986458,8.625,20.625,41.625,29.25,62.875,46.2408957057919,15.125,19.625,76.7125,0.0,6.25,0.4401343448218448,2.875,20.25,0.1451104085972507,14.25,0.0,105.375,100.875,21.375,62.25,17.25,44.125,10.625,33.5,19.375,11.25,1.926165501165501,7.125,26.125,26.575000000000003,31.125,60.0,52.2267379585087,17.25,22.375,76.525,0.0,6.75,0.6581987456987457,4.0,20.5,0.20995862726361447,11.25,0.0,110.875
107,99,2017-03-13,1,1,2016-17,San Antonio Spurs,Atlanta Hawks,105.25,27.75,61.25,16.25,44.75,10.25,34.5,24.0,13.875,1.8429244366744366,9.25,25.5,36.175,30.625,60.75,50.846816235514865,16.25,21.0,78.175,0.0,8.125,0.6178078865578865,6.25,17.125,0.37535422094245624,13.875,0.0,123.375,109.125,28.125,61.0,20.0,45.125,9.75,35.375,22.625,17.25,1.3834357746721877,9.375,24.875,37.025000000000006,30.5,56.5,53.966021136161544,20.0,27.875,72.25,0.0,9.5,0.5707625040863027,5.5,20.0,0.2745076624367242,17.25,0.0,125.25
109,115,2017-03-13,1,1,2016-17,Charlotte Hornets,Chicago Bulls,111.125,37.875,54.0,19.25,43.375,9.25,34.125,23.25,11.375,2.4264136904761906,12.625,32.375,39.925,27.0,54.0,50.021083529242055,19.25,22.625,85.125,0.0,6.75,0.6618303571428571,3.625,17.125,0.24440790520753755,11.375,0.0,126.625,96.125,27.0,57.5,11.625,43.25,10.125,33.125,24.0,14.875,1.9117207080200502,9.0,26.5,34.0875,28.75,61.375,46.82091166350273,11.625,15.0,76.925,0.0,8.0,0.5603500939849624,3.0,17.25,0.18521303258145363,14.875,0.0,106.0
100,78,2017-03-13,1,1,2016-17,Toronto Raptors,Dallas Mavericks,98.75,19.875,59.25,19.625,44.125,10.75,33.375,15.25,12.625,1.2430021367521367,6.625,21.625,30.2,29.625,60.625,49.44244260367206,19.625,24.75,79.3,0.0,7.5,0.6174145299145298,5.125,21.5,0.24054304692891648,12.625,0.0,107.0,102.5,32.625,51.0,18.875,42.0,8.0,34.0,21.125,14.125,1.6708638583638584,10.875,27.375,39.6125,25.5,51.875,48.763421203270696,18.875,22.25,83.7375,0.0,6.25,0.45435900904650905,3.125,18.75,0.16790723981900452,14.125,0.0,114.625
114,108,2017-03-13,1,1,2016-17,Utah Jazz,LA Clippers,102.125,28.875,56.0,17.25,43.5,9.875,33.625,19.875,15.625,1.4687232504337766,9.625,25.25,38.125,28.0,56.125,50.518317518526004,17.25,23.0,74.7375,0.0,7.5,0.545842972816657,4.5,19.625,0.22847100701455259,15.625,0.0,112.375,107.75,27.375,61.25,19.125,41.125,9.5,31.625,23.25,13.875,1.892998545572075,9.125,26.125,35.4875,30.625,55.75,55.32910042578854,19.125,27.625,69.6625,0.0,8.0,0.6800248806322975,3.375,19.5,0.178512429776816,13.875,0.0,119.0
119,104,2017-03-13,1,1,2016-17,Minnesota Timberwolves,Washington Wizards,103.875,18.0,68.5,17.375,48.875,13.875,35.0,24.0,14.875,1.7189522977022977,6.0,17.625,34.375,34.25,68.5,50.191883694099644,17.375,22.25,77.625,0.0,8.375,0.609991570929071,4.25,18.875,0.2519984544441066,14.875,0.0,123.75,118.375,31.5,65.0,21.875,44.75,10.875,33.875,27.0,12.75,2.1747668997669,10.5,25.5,41.225,32.5,64.5,50.22976859875438,21.875,26.875,81.6875,0.0,8.875,0.7181526806526807,4.625,19.875,0.22961309523809526,12.75,0.0,138.875
128,96,2017-03-14,1,1,2016-17,Cleveland Cavaliers,Detroit Pistons,106.875,40.5,51.25,15.125,42.0,7.625,34.375,23.0,13.5,1.843519225872167,13.5,35.25,37.5625,25.625,45.75,56.69926209212222,15.125,21.5,70.9,0.0,3.625,0.27003862150920976,4.125,18.125,0.22340643025985096,13.5,0.0,117.875,108.125,23.625,70.5,14.0,47.0,13.25,33.75,22.375,9.0,2.6997111344537816,7.875,25.5,30.5375,35.25,68.0,51.79229543632571,14.0,23.0,60.5125,0.0,9.25,1.1490021008403362,4.125,17.0,0.30078689370485034,9.0,0.0,122.5
104,122,2017-03-14,1,1,2016-17,Brooklyn Nets,Oklahoma City Thunder,107.5,34.875,52.5,20.125,42.375,8.375,34.0,20.875,16.375,1.3072517884919033,11.625,31.0,37.1125,26.25,51.625,51.18394334041322,20.125,26.125,75.9375,0.0,8.0,0.5079034068814405,4.375,24.25,0.18184697649371562,16.375,0.0,116.0,108.875,25.125,61.5,22.25,45.125,12.125,33.0,17.875,14.125,1.3256489253780275,8.375,24.625,34.2875,30.75,60.25,50.873293167151395,22.25,29.0,75.9375,0.0,6.625,0.49194199763085217,4.0,23.625,0.1850041380188439,14.125,0.0,115.875
100,77,2017-03-14,1,1,2016-17,New Orleans Pelicans,Portland Trail Blazers,100.0,27.0,54.75,18.25,44.875,9.375,35.5,21.25,14.75,1.5816055268261149,9.0,26.875,33.3625,27.375,58.0,47.28462635018909,18.25,23.875,76.325,0.0,7.25,0.5247333548804136,3.0,18.125,0.18974589007483744,14.75,0.0,107.5,117.125,31.875,65.0,20.25,44.25,9.375,34.875,22.25,15.25,1.5166558770177192,10.625,24.25,43.137499999999996,32.5,60.875,53.36630715274511,20.25,26.875,74.73750000000001,0.0,6.875,0.48250066819145765,6.25,21.375,0.30707553554378497,15.25,0.0,132.875
106,104,2017-03-14,1,1,2016-17,Golden State Warriors,Philadelphia 76ers,102.25,26.625,58.5,17.125,42.875,12.875,30.0,25.375,14.625,1.8170726294903927,8.875,29.75,28.687500000000004,29.25,57.75,51.11906392109374,17.125,21.75,77.87499999999999,0.0,10.25,0.7567616959064328,5.5,19.5,0.28162565091912917,14.625,0.0,117.625,105.125,29.25,59.0,16.875,41.125,9.625,31.5,24.25,17.625,1.417158024537046,9.75,28.25,34.699999999999996,29.5,57.25,51.906032380390556,16.875,21.5,78.0875,0.0,7.75,0.44275750918216256,3.625,22.75,0.1631367406123778,17.625,0.0,113.375
87,81,2017-03-14,1,1,2016-17,New York Knicks,Indiana Pacers,101.125,24.375,57.0,19.75,44.125,10.375,33.75,20.75,13.5,1.6716224747474748,8.125,23.0,35.5625,28.5,60.375,47.32713294720584,19.75,23.875,80.0875,0.0,6.625,0.5293560606060607,5.0,19.5,0.2607070779303331,13.5,0.0,113.25,99.75,25.875,56.75,17.125,44.0,10.25,33.75,22.375,14.125,1.9314236111111114,8.625,23.0,35.5875,28.375,59.625,47.76462938229174,17.125,21.625,77.27499999999999,0.0,7.0,0.47899305555555555,3.5,21.5,0.17201868801133507,14.125,0.0,112.375
98,77,2017-03-15,1,1,2016-17,Indiana Pacers,Charlotte Hornets,98.0,27.375,55.25,15.375,45.25,10.375,34.875,21.75,14.25,1.8814236111111113,9.125,25.125,34.875,27.625,57.75,47.80005687402533,15.375,20.25,73.7125,0.0,6.75,0.45920138888888884,3.375,20.25,0.177971068963716,14.25,0.0,109.875,109.625,33.75,58.0,17.875,43.5,10.0,33.5,24.375,10.125,2.822247023809524,11.25,31.0,37.3125,29.0,57.0,50.802333529242055,17.875,21.25,84.4,0.0,7.125,0.7373511904761905,3.875,15.375,0.2613349885408709,10.125,0.0,127.25
83,97,2017-03-15,1,1,2016-17,Detroit Pistons,Utah Jazz,107.875,20.625,73.0,14.25,47.0,13.875,33.125,22.125,7.875,2.8504464285714284,6.875,23.75,28.625,36.5,72.0,50.95896210299238,14.25,21.0,66.63749999999999,0.0,9.0,1.1839285714285714,3.75,16.375,0.2865325077399381,7.875,0.0,122.75,103.625,30.0,57.0,16.625,42.5,9.75,32.75,20.375,13.625,1.6842788059893323,10.0,24.875,40.7375,28.5,57.25,50.44978681677162,16.625,21.75,75.975,0.0,6.375,0.5097318617055459,3.5,20.0,0.17314804050737556,13.625,0.0,114.0
107,112,2017-03-15,1,1,2016-17,Washington Wizards,Dallas Mavericks,117.375,29.625,65.0,22.75,43.75,9.75,34.0,25.25,12.125,2.1185168997668997,9.875,25.25,39.225,32.5,63.875,50.72580034478613,22.75,28.25,80.5125,0.0,8.75,0.7327360139860141,4.125,20.25,0.20552218614718612,12.125,0.0,134.875,100.25,30.75,51.0,18.5,40.875,8.0,32.875,20.75,12.75,1.8791971916971917,10.25,27.25,37.3375,25.5,52.875,47.99419043403993,18.5,21.875,83.0125,0.0,5.25,0.4424542471417472,3.375,18.0,0.18738092402953085,12.75,0.0,110.0
120,112,2017-03-15,1,1,2016-17,Miami Heat,New Orleans Pelicans,106.125,37.875,54.0,14.25,44.25,11.5,32.75,21.125,11.5,1.9004831973581975,12.625,31.75,39.25,27.0,55.0,49.16129088402008,14.25,19.75,71.9,0.0,7.5,0.6614548645798646,6.5,18.625,0.353090942317916,11.5,0.0,121.375,102.125,27.375,56.25,18.5,45.375,8.75,36.625,21.0,12.875,1.9253555268261149,9.125,26.5,34.3375,28.125,58.625,48.04576884861973,18.5,24.5,75.825,0.0,7.625,0.7309833548804137,3.75,18.0,0.2321435508935509,12.875,0.0,113.125
91,98,2017-03-15,1,1,2016-17,Chicago Bulls,Memphis Grizzlies,95.875,26.625,56.5,12.75,43.625,10.375,33.25,23.375,15.25,1.6670778508771928,8.875,27.75,32.2125,28.25,60.0,47.160502628093695,12.75,15.75,79.9125,0.0,8.0,0.5282072368421052,3.625,18.125,0.2164630325814536,15.25,0.0,105.625,106.625,28.5,58.75,19.375,40.25,10.875,29.375,23.5,12.25,1.9898370726495727,9.5,26.875,35.7625,29.375,57.375,51.23414731146454,19.375,25.5,75.42500000000001,0.0,7.75,0.6352964743589743,2.25,22.25,0.1013283109812148,12.25,0.0,116.625
106,110,2017-03-15,1,1,2016-17,San Antonio Spurs,Portland Trail Blazers,103.75,30.0,57.25,16.5,44.5,9.5,35.0,23.25,15.25,1.6259860308773353,10.0,27.125,36.1125,28.625,57.5,50.28575532032979,16.5,21.5,77.1625,0.0,7.375,0.5254165822100605,6.75,18.0,0.3848239179121532,15.25,0.0,119.375,113.5,32.625,61.5,19.375,45.375,9.375,36.0,21.875,15.875,1.4364001951995373,10.875,25.625,42.075,30.75,59.125,51.17194978597396,19.375,25.75,74.7125,0.0,6.5,0.4377563500096395,5.75,20.625,0.28928707400532344,15.875,0.0,127.625
117,104,2017-03-15,1,1,2016-17,Boston Celtics,Minnesota Timberwolves,102.75,35.25,49.0,18.5,44.25,9.25,35.0,23.625,15.75,1.5783730158730156,11.75,33.625,34.925,24.5,49.875,49.05152987849276,18.5,23.5,81.3875,0.0,9.0,0.575487012987013,3.875,20.5,0.1970328208422219,15.75,0.0,115.5,106.625,19.875,68.25,18.5,49.125,13.75,35.375,24.375,14.75,1.7564522977022978,6.625,18.625,35.5125,34.125,68.5,49.99957600179196,18.5,23.25,79.5,0.0,8.25,0.6063457375957375,4.625,20.375,0.2467901211107733,14.75,0.0,127.125
96,97,2017-03-15,1,1,2016-17,LA Clippers,Milwaukee Bucks,105.75,28.125,59.25,18.375,38.75,8.0,30.75,21.875,13.5,1.8513318789054085,9.375,25.875,36.574999999999996,29.625,53.625,55.62958119501931,18.375,26.25,70.625,0.0,6.75,0.5689137695211864,3.25,19.125,0.17487606614045234,13.5,0.0,114.5,102.625,28.5,55.75,18.375,36.75,8.375,28.375,23.5,13.375,2.003337838631956,9.5,24.0,40.050000000000004,27.875,54.75,50.902016250485374,18.375,21.75,84.9875,0.0,7.75,0.6135284445946211,5.125,19.75,0.2704249577283044,13.375,0.0,117.625
139,100,2017-03-15,1,1,2016-17,Houston Rockets,Los Angeles Lakers,118.125,46.125,45.75,26.25,44.5,12.75,31.75,24.0,12.25,2.1889948287007113,15.375,45.0,33.7375,22.875,42.375,54.141009158075235,26.25,33.75,77.95,0.0,8.625,0.807575084229496,4.0,19.0,0.2103243570155335,12.25,0.0,130.375,105.5,25.5,65.75,14.25,42.25,10.5,31.75,21.25,15.375,1.5256189479380269,8.5,25.375,32.6375,32.875,63.875,51.64913989168338,14.25,19.875,71.1625,0.0,9.375,0.6827118459026353,5.25,21.0,0.24865208764665286,15.375,0.0,114.75
101,107,2017-03-15,1,1,2016-17,Phoenix Suns,Sacramento Kings,112.125,19.875,71.75,20.5,44.125,8.625,35.5,22.125,15.0,1.5274686613695903,6.625,20.25,32.2375,35.875,67.0,54.001547947164696,20.5,25.5,80.425,0.0,6.625,0.45936167161012353,7.125,25.5,0.2774495822143873,15.0,0.0,127.375,103.875,27.75,60.5,15.625,40.125,7.25,32.875,21.75,14.375,1.5629002941502943,9.25,20.875,43.375,30.25,63.0,48.069704152247404,15.625,20.375,76.2375,0.0,6.875,0.48001529720279723,2.875,19.625,0.15920815295815294,14.375,0.0,112.0
110,121,2017-03-16,1,1,2016-17,New York Knicks,Brooklyn Nets,100.625,24.375,57.5,18.75,45.625,10.75,34.875,21.25,13.125,1.7285669191919193,8.125,23.5,34.8875,28.75,61.125,47.113774876704916,18.75,23.125,77.25,0.0,6.375,0.5265782828282828,4.75,19.0,0.2545667270531401,13.125,0.0,113.375,108.625,36.375,50.25,22.0,39.875,7.5,32.375,20.25,16.625,1.258640677380792,12.125,30.5,39.787499999999994,25.125,49.25,51.08723154157377,22.0,27.75,78.6875,0.0,7.75,0.48984785132588504,4.75,24.625,0.19570567214588955,16.625,0.0,116.375
122,92,2017-03-16,1,1,2016-17,Golden State Warriors,Orlando Magic,100.625,29.625,54.5,16.5,42.625,12.5,30.125,24.5,15.125,1.706953581871345,9.875,30.125,31.575,27.25,57.25,48.05358773061756,16.5,21.25,77.30000000000001,0.0,10.0,0.715095029239766,6.375,20.25,0.31113953980801806,15.125,0.0,114.0,102.125,23.25,63.0,15.875,43.75,10.875,32.875,20.75,11.0,2.0719988344988343,7.75,27.0,27.65,31.5,61.25,51.76377499554573,15.875,20.875,77.05000000000001,0.0,6.625,0.6641511266511266,3.5,19.875,0.19425814417182705,11.0,0.0,111.75
129,114,2017-03-16,1,1,2016-17,Denver Nuggets,LA Clippers,113.875,36.0,59.75,18.125,43.75,9.25,34.5,26.0,15.25,1.7497575067476383,12.0,31.75,37.900000000000006,29.875,50.625,59.003370214345985,18.125,22.375,80.25,0.0,8.0,0.5394159477218687,3.75,17.125,0.21944444444444444,15.25,0.0,135.375,104.875,25.5,59.25,20.125,39.5,7.5,32.0,21.5,14.5,1.6247693789054085,8.5,24.625,34.762499999999996,29.625,52.5,56.73252237148991,20.125,28.25,72.95,0.0,6.125,0.4673512695211864,3.375,18.75,0.1835717183143654,14.5,0.0,113.75
102,123,2017-03-16,1,1,2016-17,Toronto Raptors,Oklahoma City Thunder,97.25,20.625,57.5,19.125,46.125,11.25,34.875,15.625,13.125,1.212644993894994,6.875,22.25,30.325000000000003,28.75,60.0,48.50311274030186,19.125,23.625,81.375,0.0,7.5,0.5924145299145299,5.25,20.5,0.26137638026224985,13.125,0.0,107.5,109.375,26.625,61.0,21.75,44.0,11.75,32.25,19.5,14.125,1.4506489253780277,8.875,24.75,36.4,30.5,60.25,50.50015883879318,21.75,28.625,75.3,0.0,7.75,0.5784804591693137,4.75,23.375,0.21278191579662167,14.125,0.0,118.75
91,83,2017-03-16,1,1,2016-17,Cleveland Cavaliers,Utah Jazz,110.125,43.875,51.75,14.5,41.5,7.5,34.0,24.125,12.625,2.090047003649945,14.625,35.5,41.012499999999996,25.875,46.375,56.43963696547581,14.5,21.125,69.5625,0.0,3.625,0.2943441770647653,4.25,19.0,0.22151249086591157,12.625,0.0,123.0,102.5,31.5,54.25,16.75,43.75,9.5,34.25,21.125,14.875,1.497304016073366,10.5,25.625,41.425,27.125,54.5,50.33121826258939,16.75,22.125,74.77499999999999,0.0,6.125,0.41099236590722654,3.625,19.625,0.18703692939626443,14.875,0.0,114.375
91,103,2017-03-16,1,1,2016-17,Atlanta Hawks,Memphis Grizzlies,107.25,28.125,58.75,20.375,42.75,8.875,33.875,23.25,17.5,1.397944703243616,9.375,24.5,37.4375,29.375,55.125,53.3909606034739,20.375,29.125,70.1625,0.0,9.875,0.5830392898005884,4.625,20.125,0.2274681887525137,17.5,0.0,120.625,105.75,28.5,58.75,18.5,40.625,11.0,29.625,24.125,11.75,2.1102916181041182,9.5,26.625,36.037499999999994,29.375,58.25,50.37224817828881,18.5,24.625,74.8375,0.0,6.875,0.583023747086247,2.375,22.125,0.10856515308647796,11.75,0.0,115.875
116,74,2017-03-17,1,1,2016-17,Philadelphia 76ers,Dallas Mavericks,104.625,28.5,60.0,16.125,42.375,9.75,32.625,24.75,17.625,1.4388971549718286,9.5,27.375,34.725,30.0,59.0,51.124782380390556,16.125,21.5,75.3125,0.0,7.625,0.43732272657346694,4.5,22.875,0.19621366368930088,17.625,0.0,114.0,102.25,32.625,51.5,18.125,40.625,7.25,33.375,21.5,12.375,2.006120268620269,10.875,29.0,36.5625,25.75,51.5,49.736670257957755,18.125,22.125,80.6,0.0,5.25,0.45687732406482406,3.25,19.125,0.17383197298057979,12.375,0.0,112.625
75,87,2017-03-17,1,1,2016-17,Detroit Pistons,Toronto Raptors,103.25,19.125,71.75,12.375,45.875,12.875,33.0,21.0,8.0,2.6855158730158735,6.375,22.25,28.0125,35.875,71.25,50.59698880665112,12.375,18.625,65.7,0.0,8.125,1.064136904761905,4.0,16.25,0.30115239078087375,8.0,0.0,116.75,98.5,19.875,59.0,19.625,45.0,10.625,34.375,16.0,13.375,1.2215735653235653,6.625,21.5,30.087500000000002,29.5,61.125,48.81048978948218,19.625,24.5,80.63749999999999,0.0,7.625,0.5879502442002442,6.125,20.75,0.3030430469289165,13.375,0.0,108.5
128,112,2017-03-17,1,1,2016-17,New Orleans Pelicans,Houston Rockets,102.375,27.75,57.5,17.125,45.75,8.875,36.875,21.5,13.5,1.887855526826115,9.25,26.625,34.6875,28.75,59.5,48.363565458789225,17.125,23.375,74.175,0.0,7.5,0.6809833548804136,4.25,16.375,0.27541278166278166,13.5,0.0,113.5,117.75,44.625,48.25,24.875,46.75,12.75,34.0,24.625,13.25,2.1015406162464987,14.875,43.125,34.2375,24.125,43.875,54.83545360251968,24.875,32.5,76.625,0.0,8.375,0.7407252673796793,3.75,19.0,0.1984195951107716,13.25,0.0,132.375
112,107,2017-03-17,1,1,2016-17,Washington Wizards,Chicago Bulls,117.625,30.75,64.25,22.625,43.5,9.5,34.0,25.0,12.125,2.0976835664335667,10.25,25.875,39.725,32.125,63.0,50.88877296538587,22.625,28.5,78.9125,0.0,8.5,0.7119026806526806,3.5,20.5,0.17524268304159607,12.125,0.0,133.625,93.875,27.0,53.75,13.125,44.875,10.75,34.125,22.875,14.5,1.854577850877193,9.0,28.0,32.3125,26.875,59.125,45.65256612015718,13.125,16.375,78.6625,0.0,7.5,0.5490405701754386,4.0,18.125,0.2361998746867168,14.5,0.0,104.125
103,107,2017-03-17,1,1,2016-17,Los Angeles Lakers,Milwaukee Bucks,105.75,24.0,67.25,14.5,41.5,10.0,31.5,21.25,15.875,1.5073123117824205,8.0,25.75,30.1625,33.625,64.0,52.68934968189318,14.5,19.875,72.55,0.0,9.625,0.6844280930422235,5.0,21.875,0.23476319875776397,15.875,0.0,113.75,102.5,28.875,54.5,19.125,37.0,7.625,29.375,23.0,13.0,2.0211949814890993,9.625,25.375,38.112500000000004,27.25,52.5,51.70807189696656,19.125,23.0,83.64999999999999,0.0,7.75,0.6330089640751405,4.75,20.5,0.24753022088619914,13.0,0.0,117.125
103,109,2017-03-17,1,1,2016-17,Phoenix Suns,Orlando Magic,110.75,19.5,72.0,19.25,46.0,9.625,36.375,22.375,15.0,1.5466994306003594,6.5,20.75,31.075,36.0,69.5,52.38372733347469,19.25,24.25,78.5625,0.0,7.0,0.4882078254562774,7.875,25.5,0.30744958221438734,15.0,0.0,126.25,102.375,24.0,62.75,15.625,44.5,11.75,32.75,21.25,12.0,2.055515318015318,8.0,27.25,28.3875,31.375,62.375,50.73765559256066,15.625,20.75,76.3125,0.0,7.125,0.6769716394716395,3.625,19.375,0.20306766798135084,12.0,0.0,111.5
123,105,2017-03-17,1,1,2016-17,Miami Heat,Minnesota Timberwolves,110.0,40.5,54.0,15.5,44.25,11.375,32.875,21.375,11.75,1.8926706973581975,13.5,32.875,40.6375,27.0,54.375,49.75170923759634,15.5,20.5,76.64999999999999,0.0,7.25,0.6335530788655789,6.375,19.125,0.3423586190855928,11.75,0.0,125.75,103.375,19.5,66.25,17.625,47.125,13.0,34.125,24.125,12.625,2.0227022977022977,6.5,18.75,34.8875,33.125,68.0,48.89663482532137,17.625,22.25,79.2375,0.0,7.5,0.6188457375957376,4.5,19.75,0.2431271174477696,12.625,0.0,122.25
95,98,2017-03-17,1,1,2016-17,Brooklyn Nets,Boston Celtics,110.125,36.0,52.25,21.875,40.875,7.875,33.0,20.625,16.125,1.3117108528193886,12.0,31.0,38.7875,26.125,50.25,52.013157467499695,21.875,27.625,78.6375,0.0,7.375,0.4788829390451833,4.75,24.375,0.19657523736328084,16.125,0.0,118.75,105.125,36.375,50.5,18.25,43.875,8.75,35.125,25.25,14.75,1.8575396825396824,12.125,33.5,36.175,25.25,49.0,51.54332643304568,18.25,23.0,82.1,0.0,8.125,0.537987012987013,3.625,20.0,0.1923453208422219,14.75,0.0,121.375
117,92,2017-03-18,1,1,2016-17,Golden State Warriors,Milwaukee Bucks,102.375,30.375,56.75,15.25,43.375,11.75,31.625,25.5,14.375,1.8688969017094017,10.125,29.75,32.9375,28.375,58.0,49.20485449663842,15.25,20.75,73.6375,0.0,10.5,0.7839209401709402,6.75,19.625,0.34103084415584417,14.375,0.0,119.375,101.875,26.625,55.0,20.25,39.25,8.5,30.75,21.375,13.375,1.839944981489099,8.875,25.25,35.2,27.5,52.875,51.739419859349,20.25,24.875,81.575,0.0,7.25,0.5767589640751406,5.375,20.25,0.27401170236768063,13.375,0.0,115.375
97,113,2017-03-18,1,1,2016-17,Atlanta Hawks,Portland Trail Blazers,106.125,27.375,57.5,21.25,43.25,9.375,33.875,22.625,16.875,1.3994543650793652,9.125,25.25,35.1875,28.75,55.25,51.79873015949927,21.25,30.375,69.975,0.0,9.125,0.5594885651629073,5.25,19.875,0.2673288698670648,16.875,0.0,117.75,113.125,32.25,60.25,20.625,44.0,9.375,34.625,21.375,14.25,1.5448282255025676,10.75,25.25,42.1875,30.125,59.0,50.21855995546548,20.625,26.5,77.35,0.0,7.125,0.5253510469793364,5.25,19.5,0.2720995740053234,14.25,0.0,127.375
110,94,2017-03-18,1,1,2016-17,Oklahoma City Thunder,Sacramento Kings,111.125,26.25,63.25,21.625,44.625,12.25,32.375,21.125,14.625,1.5012441634732656,8.75,25.125,34.875,31.625,61.375,51.49222233085668,21.625,28.125,76.46249999999999,0.0,8.375,0.603282046470901,4.0,24.0,0.16699314574314572,14.625,0.0,122.0,106.25,27.75,61.0,17.5,40.875,7.375,33.5,21.625,14.375,1.5559558497058499,9.25,20.5,44.325,30.5,63.0,48.45431953686279,17.5,22.75,77.08749999999999,0.0,7.125,0.49390418609168607,3.75,19.625,0.20781926406926404,14.375,0.0,116.25
104,96,2017-03-18,1,1,2016-17,Memphis Grizzlies,San Antonio Spurs,102.375,27.75,57.0,17.625,41.75,11.5,30.25,24.75,12.0,2.1123749514374515,9.25,27.0,34.5,28.5,58.625,48.659261497960934,17.625,23.25,75.76249999999999,0.0,7.0,0.5809404137529138,2.625,22.875,0.11382831098121479,12.0,0.0,113.0,104.5,30.75,58.5,15.25,45.125,10.0,35.125,24.25,14.75,1.7370971419884462,10.25,26.75,37.525,29.25,59.625,49.31353309810757,15.25,20.375,75.3875,0.0,7.25,0.5323610266545049,6.5,17.875,0.37440725124548657,14.75,0.0,120.875
108,78,2017-03-18,1,1,2016-17,LA Clippers,Cleveland Cavaliers,106.5,28.5,59.25,18.75,39.0,7.125,31.875,21.875,12.75,1.8608804900165195,9.5,26.25,35.75,29.625,53.375,55.685513824481355,18.75,25.625,74.0,0.0,6.25,0.5150565835308483,3.75,18.875,0.20294306334360515,12.75,0.0,117.25,109.125,43.5,51.75,13.875,42.875,7.375,35.5,23.375,12.75,2.008607609710551,14.5,35.5,40.6375,25.875,45.75,56.988595976536324,13.875,20.75,67.6125,0.0,4.0,0.3227532679738562,3.875,17.875,0.21258391943734017,12.75,0.0,122.75
105,109,2017-03-18,1,1,2016-17,Denver Nuggets,Houston Rockets,114.375,36.75,59.5,18.125,44.125,9.875,34.25,26.625,14.625,1.8989052340203658,12.25,31.5,39.1875,29.75,51.625,57.684404697104604,18.125,22.625,79.3625,0.0,8.125,0.5720864022673233,3.75,16.875,0.2216765873015873,14.625,0.0,136.75,118.25,45.75,48.75,23.75,47.625,12.5,35.125,24.125,13.5,2.0246175393234216,15.25,42.5,35.525,24.375,44.875,54.322457706486844,23.75,31.25,76.2625,0.0,8.125,0.707508484162896,3.5,18.625,0.18974734630694384,13.5,0.0,132.875
95,86,2017-03-18,1,1,2016-17,Chicago Bulls,Utah Jazz,95.5,27.75,55.25,12.5,45.375,11.75,33.625,24.0,14.875,1.8903508771929824,9.25,29.0,32.2625,27.625,58.875,47.08373968247829,12.5,16.0,76.875,0.0,7.0,0.5116228070175439,4.0,18.625,0.2274279448621554,14.875,0.0,106.5,102.875,31.875,53.75,17.25,43.875,8.75,35.125,21.125,15.25,1.468942671535551,10.625,25.875,41.762499999999996,26.875,53.25,50.81609473453582,17.25,22.5,76.88749999999999,0.0,6.125,0.40153858439462153,3.375,18.75,0.18330051635278616,15.25,0.0,115.25
98,93,2017-03-18,1,1,2016-17,Charlotte Hornets,Washington Wizards,105.625,28.875,59.75,17.0,41.625,9.0,32.625,23.125,9.875,2.749330357142857,9.625,29.0,33.8125,29.875,58.375,51.18372178248386,17.0,19.875,85.1625,0.0,7.875,0.8186011904761904,3.75,15.625,0.24297834518422753,9.875,0.0,121.375,118.375,30.75,67.25,20.375,42.875,9.25,33.625,26.375,12.0,2.2613199300699303,10.25,25.375,40.375,33.625,64.625,52.050063287966516,20.375,26.0,78.3875,0.0,8.125,0.6834935897435898,3.5,20.0,0.1836460443861339,12.0,0.0,135.5
120,125,2017-03-19,1,1,2016-17,Los Angeles Lakers,Cleveland Cavaliers,105.625,23.625,66.75,15.25,41.625,10.625,31.0,21.5,16.0,1.510883740353849,7.875,25.375,30.2125,33.375,64.375,51.85455947210297,15.25,21.5,70.625,0.0,9.375,0.662404283518414,4.875,21.5,0.2325892857142857,16.0,0.0,112.25,102.0,36.0,53.0,13.0,43.75,7.25,36.5,21.375,12.5,1.8880718954248366,12.0,33.125,36.1625,26.5,47.75,56.14038169082204,13.0,19.875,66.2625,0.0,3.75,0.31233660130718954,3.25,17.875,0.1865422527706735,12.5,0.0,112.375
105,99,2017-03-19,1,1,2016-17,Philadelphia 76ers,Boston Celtics,106.875,30.75,59.75,16.375,44.25,9.625,34.625,26.75,17.25,1.5836339970770918,10.25,28.875,35.4875,29.875,56.875,52.77919414509644,16.375,21.625,75.9625,0.0,7.75,0.4537700949945196,4.75,22.75,0.20920067667631387,17.25,0.0,122.25,104.5,34.125,51.5,18.875,44.375,8.75,35.625,24.25,14.875,1.758180708180708,11.375,33.25,33.95,25.75,50.125,51.45309087073564,18.875,23.75,82.22500000000001,0.0,8.5,0.5636280386280386,3.625,20.25,0.18923973078011008,14.875,0.0,119.25
118,102,2017-03-19,1,1,2016-17,San Antonio Spurs,Sacramento Kings,103.875,31.875,56.0,16.0,43.75,9.75,34.0,24.0,15.25,1.659824414715719,10.625,26.875,38.7625,28.0,57.0,49.44651182151182,16.0,20.0,79.825,0.0,6.75,0.48084587513935345,6.625,18.25,0.3766799785182138,15.25,0.0,120.5,105.5,25.5,62.5,17.5,40.5,7.25,33.25,22.125,14.25,1.5988129925629926,8.5,20.375,41.05,31.25,63.625,49.22894877415092,17.5,22.875,76.6125,0.0,7.25,0.5075946622821623,3.625,18.875,0.2057900432900433,14.25,0.0,115.125
104,111,2017-03-19,1,1,2016-17,Brooklyn Nets,Dallas Mavericks,109.875,37.5,49.75,22.625,40.75,7.5,33.25,22.0,15.875,1.4742108528193887,12.5,31.625,39.800000000000004,24.875,48.875,50.81700633755619,22.625,28.375,79.2625,0.0,7.5,0.5038829390451833,5.25,24.5,0.21595023736328084,15.875,0.0,120.625,99.625,29.25,52.5,17.875,40.75,6.625,34.125,21.375,11.25,2.0830433455433455,9.75,27.75,33.975,26.25,54.0,48.65357366704866,17.875,22.625,76.6375,0.0,4.75,0.45775144993894995,3.125,19.125,0.16758197298057978,11.25,0.0,107.875
112,95,2017-03-19,1,1,2016-17,Detroit Pistons,Phoenix Suns,101.875,19.125,69.0,13.75,45.75,11.5,34.25,21.125,8.75,2.587988400488401,6.375,21.875,28.2625,34.5,69.125,49.97446896538128,13.75,19.125,71.8375,0.0,7.375,0.9157852564102564,4.25,16.25,0.3158582731338149,8.75,0.0,116.125,108.625,17.625,71.25,19.75,46.875,10.625,36.25,20.875,14.625,1.489956009547728,5.875,20.125,28.2625,35.625,71.375,50.14293848132542,19.75,24.875,78.47500000000001,0.0,7.125,0.505888746508909,8.0,25.375,0.31486064940806324,14.625,0.0,121.75
116,91,2017-03-19,1,1,2016-17,Toronto Raptors,Indiana Pacers,97.375,20.625,57.75,19.0,45.375,9.625,35.75,17.0,13.375,1.3049068986568986,6.875,22.375,29.875,28.875,58.75,49.31469147015446,19.0,23.75,80.82499999999999,0.0,7.25,0.5567002442002442,5.875,21.125,0.2871700310559006,13.375,0.0,109.375,95.625,27.0,55.0,13.625,43.625,9.125,34.5,21.375,14.25,1.8564236111111112,9.0,24.875,34.825,27.5,55.75,49.56235195599254,13.625,18.25,73.825,0.0,6.875,0.46753472222222225,3.5,18.875,0.2039326074252545,14.25,0.0,108.0
123,109,2017-03-19,1,1,2016-17,New Orleans Pelicans,Minnesota Timberwolves,104.75,28.875,59.25,16.625,45.875,9.0,36.875,22.875,13.375,2.005987394957983,9.625,27.75,34.599999999999994,29.625,60.125,49.2622316917105,16.625,23.5,71.5875,0.0,7.75,0.704335003232062,4.625,17.0,0.28582944832944834,13.375,0.0,117.0,103.75,17.25,68.0,18.5,44.125,12.125,32.0,22.75,12.75,1.8692932067932067,5.75,17.375,32.625,34.0,67.75,50.30536498405153,18.5,22.5,82.425,0.0,6.875,0.5495275557775557,4.375,20.5,0.220508069828722,12.75,0.0,119.75
104,115,2017-03-19,1,1,2016-17,Miami Heat,Portland Trail Blazers,109.75,38.625,55.5,15.625,44.0,11.625,32.375,22.0,12.0,1.9035681332556333,12.875,32.375,39.075,27.75,54.25,51.15001432234209,15.625,20.25,78.17500000000001,0.0,6.875,0.5970146173271172,6.0,18.875,0.3293377857522594,12.0,0.0,126.0,113.0,31.5,62.0,19.5,45.125,9.875,35.25,21.875,15.25,1.5058671865415287,10.5,24.375,42.7375,31.0,60.875,50.0273361229373,19.5,24.5,79.25,0.0,7.125,0.49613026775855723,5.5,19.875,0.2771833060627397,15.25,0.0,128.625
107,100,2017-03-20,1,1,2016-17,Indiana Pacers,Utah Jazz,94.625,26.625,54.25,13.75,42.625,8.625,34.0,21.375,13.75,1.9000744047619047,8.875,24.875,34.2875,27.125,55.625,49.017887346192175,13.75,18.375,73.9625,0.0,6.125,0.43975694444444446,3.625,18.5,0.2099944803349535,13.75,0.0,105.5,99.625,30.0,53.25,16.375,44.375,10.25,34.125,19.875,15.375,1.370728385821265,10.0,25.75,39.4875,26.625,54.25,49.402404258345335,16.375,21.375,76.5625,0.0,6.0,0.3890385843946215,3.75,17.125,0.2416338496861195,15.375,0.0,109.875
95,111,2017-03-20,1,1,2016-17,Oklahoma City Thunder,Golden State Warriors,111.25,25.875,65.25,20.125,45.75,12.375,33.375,22.625,15.125,1.5663483301399321,8.625,24.75,34.95,32.625,61.25,53.36800553887673,20.125,27.25,73.7375,0.0,8.125,0.564219546470901,3.625,23.5,0.15580266955266953,15.125,0.0,124.375,106.125,32.625,58.0,15.5,43.75,11.75,32.0,26.375,14.25,1.9450873778998778,10.875,28.875,36.9625,29.0,57.25,51.103064045710035,15.5,21.375,71.8875,0.0,9.875,0.745230463980464,6.75,19.375,0.3462391774891775,14.25,0.0,126.5
125,124,2017-03-20,1,1,2016-17,Houston Rockets,Denver Nuggets,116.625,40.125,52.75,23.75,45.875,11.375,34.5,24.0,13.125,2.0487772031889677,13.375,39.0,33.31249999999999,26.375,47.875,55.24255455878709,23.75,31.5,75.66250000000001,0.0,8.375,0.7300925177763413,3.875,19.5,0.20108313062066932,13.125,0.0,130.75,113.75,36.75,58.75,18.25,44.125,9.75,34.375,27.5,14.625,1.9614052340203658,12.25,31.25,39.4375,29.375,52.5,56.12084824003902,18.25,23.875,76.025,0.0,8.25,0.5810149736958947,3.875,18.0,0.22063492063492063,14.625,0.0,135.125
110,102,2017-03-20,1,1,2016-17,Boston Celtics,Washington Wizards,102.5,32.625,50.25,19.625,43.75,9.0,34.75,23.875,14.875,1.7373473748473747,10.875,32.75,32.75,25.125,50.625,49.728491940254365,19.625,24.25,83.5,0.0,8.625,0.5705724830724831,4.0,20.0,0.2162005150938356,14.875,0.0,115.875,115.625,29.625,65.5,20.5,43.625,9.0,34.625,25.75,12.125,2.1924096736596734,9.875,26.25,37.8125,32.75,63.5,51.25954945397442,20.5,26.75,76.5625,0.0,7.75,0.6474358974358975,3.625,20.625,0.1784377110528006,12.125,0.0,130.875
112,109,2017-03-20,1,1,2016-17,Orlando Magic,Philadelphia 76ers,102.25,24.75,61.5,16.0,44.0,11.75,32.25,20.5,12.5,1.882438394938395,8.25,28.0,28.512500000000003,30.75,62.375,49.88149120899901,16.0,21.0,77.1625,0.0,7.5,0.6759032634032635,3.375,21.125,0.16389387880756168,12.5,0.0,108.75,106.875,31.875,60.25,14.75,43.375,9.125,34.25,27.875,17.25,1.6539464970770918,10.625,29.5,36.025,30.125,56.875,53.23373959964189,14.75,19.625,75.45,0.0,8.25,0.4850200949945196,4.5,23.0,0.19367272636575483,17.25,0.0,123.125
114,105,2017-03-20,1,1,2016-17,LA Clippers,New York Knicks,107.375,29.25,58.5,19.625,41.125,6.625,34.5,22.75,12.875,1.907309061445091,9.75,26.375,36.6,29.25,52.375,56.08615485012238,19.625,27.25,72.4625,0.0,5.875,0.4858899168641816,3.5,18.625,0.19117835746125222,12.875,0.0,120.375,101.75,22.5,60.5,18.75,43.625,9.75,33.875,21.125,12.625,1.8470734126984127,7.5,22.125,33.525,30.25,63.375,47.6494891624192,18.75,22.5,79.2,0.0,6.0,0.5314484126984127,4.875,20.25,0.2503599962839093,12.625,0.0,113.25
105,90,2017-03-20,1,1,2016-17,Charlotte Hornets,Atlanta Hawks,105.0,28.5,60.0,16.5,42.5,8.625,33.875,23.625,8.875,2.960267857142857,9.5,27.75,34.824999999999996,30.0,58.75,51.10535187652774,16.5,19.75,83.7,0.0,7.125,0.8342261904761905,4.625,15.625,0.2867283451842275,8.875,0.0,123.75,102.0,26.25,54.0,21.75,42.25,9.5,32.75,21.625,17.0,1.2984928266178266,8.75,25.25,33.7375,27.0,54.875,49.33905274014443,21.75,30.625,70.975,0.0,9.875,0.6115718984962406,5.625,19.5,0.30691220320039814,17.0,0.0,111.125
90,93,2017-03-21,1,1,2016-17,Portland Trail Blazers,Milwaukee Bucks,111.125,30.375,61.0,19.75,45.875,10.75,35.125,19.875,15.125,1.3624376993620415,10.125,24.5,40.9875,30.5,60.375,49.6246901637771,19.75,24.75,79.5375,0.0,6.5,0.4512584728867624,5.5,20.75,0.256990998370432,15.125,0.0,124.5,100.75,27.75,53.75,19.25,38.375,8.875,29.5,21.75,14.0,1.7225207390648567,9.25,25.25,36.5875,26.875,53.125,50.5163015797791,19.25,23.75,81.075,0.0,7.875,0.6051680549842315,5.75,20.125,0.29770451282519694,14.0,0.0,113.75
112,97,2017-03-21,1,1,2016-17,Miami Heat,Phoenix Suns,110.375,39.0,56.75,14.625,43.125,11.625,31.5,21.75,12.0,1.8757903554778554,13.0,32.625,39.25,28.375,53.625,52.68942318933717,14.625,19.625,75.80000000000001,0.0,7.0,0.6109035062160062,6.375,19.625,0.3357298312068049,12.0,0.0,126.75,105.75,18.0,68.75,19.0,47.125,10.875,36.25,19.375,13.0,1.7840736566065512,6.0,20.25,28.7,34.375,72.5,47.6816130420588,19.0,24.75,76.3125,0.0,7.125,0.7448593347442032,7.625,24.75,0.3050163270637409,13.0,0.0,115.875
93,100,2017-03-21,1,1,2016-17,Minnesota Timberwolves,San Antonio Spurs,104.0,17.625,69.0,17.375,42.5,11.875,30.625,23.625,13.125,1.8797098734598734,5.875,18.5,30.875,34.5,67.625,51.22749613159251,17.375,21.375,81.15,0.0,6.875,0.5266108891108892,4.25,20.375,0.2157461650668172,13.125,0.0,118.375,106.5,33.75,56.0,16.75,43.25,9.5,33.75,25.875,14.625,1.9903532608695653,11.25,27.375,40.55,28.0,55.625,50.51188712417526,16.75,20.375,81.7375,0.0,6.625,0.5253170289855073,6.0,18.625,0.3366064491064491,14.625,0.0,126.25
122,120,2017-03-21,1,1,2016-17,Toronto Raptors,Chicago Bulls,97.625,21.0,58.5,18.125,45.375,10.0,35.375,18.125,13.25,1.3776193169575524,7.0,22.625,29.924999999999997,29.25,59.75,49.06357539872588,18.125,22.375,82.0375,0.0,7.5,0.5734486102133162,5.625,20.75,0.28200698757763976,13.25,0.0,110.625,96.0,28.125,55.75,12.125,44.625,10.875,33.75,23.75,13.875,1.9920255183413078,9.375,29.25,32.45,27.875,58.25,47.94377445644749,12.125,15.25,78.21249999999999,0.0,6.5,0.5187998405103668,5.125,17.875,0.2899279448621554,13.875,0.0,108.75
87,112,2017-03-21,1,1,2016-17,Dallas Mavericks,Golden State Warriors,100.5,31.125,51.75,17.625,39.25,5.875,33.375,21.0,11.375,2.013598901098901,10.375,27.5,36.6625,25.875,53.5,48.52434015546221,17.625,22.375,76.4125,0.0,5.125,0.4883070054945055,3.125,19.625,0.1644569729805798,11.375,0.0,108.125,106.0,33.375,57.5,15.125,45.125,11.5,33.625,27.25,15.375,1.8228447308410543,11.125,28.625,38.0125,28.75,56.875,50.98513951740814,15.125,21.125,71.0875,0.0,9.5,0.6321789933922287,7.375,19.875,0.3708603896103896,15.375,0.0,128.25
109,133,2017-03-21,1,1,2016-17,Los Angeles Lakers,LA Clippers,108.75,25.5,68.0,15.25,42.375,11.125,31.25,21.5,15.0,1.784693264163373,8.5,25.75,32.175,34.0,64.5,52.73501582130932,15.25,21.375,71.1125,0.0,8.625,0.6683566644707949,4.125,22.0,0.19592261904761904,15.0,0.0,116.5,107.125,29.625,59.25,18.25,40.625,6.75,33.875,23.0,12.5,1.9986552152912447,9.875,27.75,35.0125,29.625,52.75,56.3767545805806,18.25,24.375,74.125,0.0,6.0,0.5185822245564893,3.375,18.0,0.19145248026826978,12.5,0.0,120.5
95,82,2017-03-21,1,1,2016-17,New Orleans Pelicans,Memphis Grizzlies,107.875,31.125,61.25,15.5,45.25,9.125,36.125,24.25,13.25,2.1011160714285713,10.375,28.375,36.4375,30.625,59.375,51.4402619947408,15.5,22.375,70.3375,0.0,8.375,0.7443166208791209,4.625,16.125,0.29113247863247865,13.25,0.0,123.5,102.875,29.25,54.5,19.125,41.25,11.5,29.75,25.25,12.0,2.1623749514374513,9.75,27.25,35.9,27.25,57.625,47.109342013258846,19.125,24.375,78.125,0.0,7.375,0.6184404137529138,3.0,22.25,0.13466164431454813,12.0,0.0,114.625
98,96,2017-03-21,1,1,2016-17,Brooklyn Nets,Detroit Pistons,108.375,37.125,46.5,24.75,42.0,7.625,34.375,21.0,16.0,1.3932584718670078,12.375,31.75,39.2,23.25,47.0,49.38516835846212,24.75,31.0,79.975,0.0,6.875,0.45804960571184994,4.625,24.5,0.18754114645418993,16.0,0.0,117.5,98.875,19.875,65.0,14.0,48.125,11.75,36.375,21.125,9.25,2.452571733821734,6.625,22.125,28.825,32.5,68.5,47.55946067350732,14.0,20.25,69.46249999999999,0.0,6.25,0.7647435897435897,3.5,17.75,0.20077890805444984,9.25,0.0,110.875
117,95,2017-03-22,1,1,2016-17,Chicago Bulls,Detroit Pistons,99.125,30.375,56.25,12.5,44.875,11.125,33.75,24.25,14.5,1.9378588516746411,10.125,30.375,33.6,28.125,58.0,48.63845713226224,12.5,16.0,77.08749999999999,0.0,7.25,0.5562998405103668,5.75,18.375,0.3107612781954887,14.5,0.0,113.125,97.25,19.5,64.0,13.75,48.5,11.75,36.75,20.0,9.25,2.2918574481074483,6.5,22.375,27.9625,32.0,68.25,47.033843200553655,13.75,19.75,69.9375,0.0,6.375,0.7826007326007326,4.125,17.5,0.2398655953609514,9.25,0.0,108.875
102,109,2017-03-22,1,1,2016-17,Orlando Magic,Charlotte Hornets,102.0,21.0,61.75,19.25,45.5,11.875,33.625,20.875,12.875,1.881049506049506,7.0,26.5,25.687500000000004,30.875,64.5,48.394793243427806,19.25,24.375,79.58749999999999,0.0,7.625,0.6703477078477078,3.5,21.625,0.16578781820150107,12.875,0.0,108.375,104.125,27.0,60.75,16.375,41.25,7.625,33.625,24.0,9.125,2.876934523809524,9.0,28.125,32.4125,30.375,57.125,53.14503441621028,16.375,20.125,81.525,0.0,7.625,0.8550595238095238,4.375,15.0,0.2835232169790993,9.125,0.0,122.625
126,113,2017-03-22,1,1,2016-17,Denver Nuggets,Cleveland Cavaliers,116.5,37.875,60.0,18.625,44.5,9.375,35.125,28.125,15.625,1.9142440618591934,12.625,31.125,40.8625,30.0,53.375,56.38839209968815,18.625,24.0,77.0625,0.0,8.5,0.5746047172856383,3.875,17.75,0.22271825396825395,15.625,0.0,138.625,106.125,36.75,55.0,14.375,45.125,7.5,37.625,21.25,11.75,1.9693218954248366,12.25,34.25,35.5875,27.5,48.125,57.781907866509705,14.375,21.0,68.8125,0.0,3.75,0.33108660130718953,3.375,17.875,0.1943547527706735,11.75,0.0,118.625
104,100,2017-03-22,1,1,2016-17,Washington Wizards,Atlanta Hawks,112.0,30.0,64.25,17.75,43.0,8.875,34.125,26.375,13.0,2.1431672494172496,10.0,28.375,35.81250000000001,32.125,60.875,52.46461481345155,17.75,23.375,76.27499999999999,0.0,6.625,0.5186480186480187,3.625,21.5,0.1724853301004196,13.0,0.0,125.875,101.25,27.375,54.0,19.875,42.375,9.625,32.75,22.25,17.375,1.3040483821733821,9.125,26.5,33.625,27.0,54.5,49.737988910357195,19.875,28.0,68.3125,0.0,8.75,0.532405231829574,6.125,19.25,0.33709796171433004,17.375,0.0,110.375
122,97,2017-03-22,1,1,2016-17,Oklahoma City Thunder,Philadelphia 76ers,109.25,24.0,66.5,18.75,44.875,12.5,32.375,23.125,14.125,1.678788521527492,8.0,23.0,34.1125,33.25,63.0,52.887236308107504,18.75,26.75,70.5875,0.0,8.125,0.6120664364230541,3.25,22.125,0.14812723095617833,14.125,0.0,121.75,107.25,30.0,60.5,16.75,45.5,10.0,35.5,27.375,16.75,1.6695714970770918,10.0,29.5,34.1875,30.25,58.625,52.03548251903187,16.75,21.75,76.2,0.0,9.5,0.5709575949945196,5.125,25.0,0.20551913159451302,16.75,0.0,125.125
109,100,2017-03-22,1,1,2016-17,Boston Celtics,Indiana Pacers,103.0,31.5,53.0,18.5,43.625,9.625,34.0,23.875,15.0,1.726037851037851,10.5,32.25,32.15,26.5,52.125,51.030575273587694,18.5,22.75,83.3625,0.0,9.125,0.6003343878343879,4.0,19.5,0.2206648008081213,15.0,0.0,117.0,95.875,24.75,56.25,14.875,42.5,8.75,33.75,21.0,12.875,2.0281994047619047,8.25,23.25,34.85,28.125,58.375,48.686212387651544,14.875,18.625,78.2375,0.0,6.5,0.5303819444444444,4.25,18.125,0.24647773392347022,12.875,0.0,108.25
108,101,2017-03-22,1,1,2016-17,Utah Jazz,New York Knicks,98.375,28.5,54.0,15.875,44.625,10.375,34.25,19.375,15.0,1.383715398808278,9.5,24.75,38.699999999999996,27.0,55.0,49.35019039034199,15.875,20.5,76.975,0.0,5.625,0.3744281947842319,4.75,17.375,0.29751620262729594,15.0,0.0,109.875,102.125,22.125,62.5,17.5,44.5,10.375,34.125,22.375,12.625,1.9512400793650793,7.375,22.5,32.4875,31.25,63.625,49.02922054215058,17.5,21.375,78.1125,0.0,5.5,0.489781746031746,4.625,20.125,0.23818894365233037,12.625,0.0,115.125
98,116,2017-03-22,1,1,2016-17,Sacramento Kings,Milwaukee Bucks,104.625,25.125,62.25,17.25,40.875,7.75,33.125,22.75,14.0,1.6975892163392163,8.375,19.5,43.912499999999994,31.125,64.5,48.42207870358222,17.25,22.5,76.8,0.0,6.75,0.47612613081363087,3.75,18.75,0.21293290043290045,14.0,0.0,115.0,98.375,25.125,54.75,18.5,39.375,9.375,30.0,20.25,13.75,1.643033559577677,8.375,23.125,36.7625,27.375,56.125,49.00278806626559,18.5,22.75,81.4875,0.0,8.0,0.6237577985739751,5.875,20.875,0.2884715582797424,13.75,0.0,110.375
110,95,2017-03-23,1,1,2016-17,Portland Trail Blazers,New York Knicks,106.625,27.75,59.75,19.125,47.5,10.875,36.625,18.75,15.375,1.2463662707906131,9.25,24.25,37.387499999999996,29.875,60.375,48.616625647648064,19.125,24.625,77.5,0.0,6.625,0.4497703776486671,5.625,19.625,0.2833885138983823,15.375,0.0,118.75,101.625,22.875,61.75,17.0,43.125,10.0,33.125,22.5,12.25,1.999156746031746,7.625,22.375,33.875,30.875,63.375,48.61591128958042,17.0,20.5,79.225,0.0,5.5,0.5001984126984127,4.0,20.875,0.20549663596002268,12.25,0.0,113.75
126,98,2017-03-23,1,1,2016-17,Brooklyn Nets,Phoenix Suns,105.375,35.625,47.25,22.5,42.625,8.125,34.5,21.75,15.25,1.5256114130434784,11.875,31.625,37.675,23.625,49.0,48.0499298878275,22.5,28.625,78.0125,0.0,5.5,0.3811779479578392,4.75,22.75,0.2220853059983495,15.25,0.0,113.5,104.25,18.0,67.25,19.0,46.0,10.875,35.125,19.125,14.625,1.6751721414550362,6.0,19.75,29.325,33.625,71.5,47.32330018374594,19.0,25.125,75.26249999999999,0.0,6.875,0.6913555468654152,7.0,24.0,0.28908679183135705,14.625,0.0,110.875
97,95,2017-03-23,1,1,2016-17,Dallas Mavericks,LA Clippers,98.375,32.625,48.5,17.25,39.5,6.875,32.625,21.0,11.75,1.9113261738261738,10.875,28.625,37.2125,24.25,53.125,46.09358831826605,17.25,21.875,76.6625,0.0,5.375,0.4854660964035964,3.125,18.875,0.16981411583772266,11.75,0.0,104.375,112.375,31.875,60.25,20.25,42.125,7.125,35.0,23.625,12.375,2.045989774114774,10.625,28.875,36.0125,30.125,51.75,58.221221180780006,20.25,26.125,76.725,0.0,5.375,0.483655753968254,3.5,18.375,0.19442867074446024,12.375,0.0,128.875
84,101,2017-03-23,1,1,2016-17,Miami Heat,Toronto Raptors,109.375,36.375,57.5,15.5,43.25,11.875,31.375,21.375,12.5,1.790184294871795,12.125,31.75,37.725,28.75,55.5,51.823883736841196,15.5,21.0,74.625,0.0,7.875,0.6510550213675214,6.5,20.375,0.33441404173312067,12.5,0.0,124.0,101.125,21.375,61.25,18.5,47.125,11.625,35.5,17.875,13.875,1.3016389248006894,7.125,22.875,30.1125,30.625,62.0,49.352927250577736,18.5,23.25,80.675,0.0,8.0,0.5967329239388063,5.625,20.75,0.28200698757763976,13.875,0.0,114.0
97,90,2017-03-23,1,1,2016-17,San Antonio Spurs,Memphis Grizzlies,105.0,32.625,56.0,16.375,41.875,9.5,32.375,25.625,15.375,1.8622282608695653,10.875,26.875,39.8,28.0,54.75,51.309843099018025,16.375,20.25,80.55000000000001,0.0,7.375,0.5440670289855073,5.875,19.375,0.3118088782562467,15.375,0.0,123.75,99.625,29.625,51.5,18.5,40.625,9.875,30.75,24.125,12.25,2.054041618104118,9.875,28.125,35.537499999999994,25.75,54.5,47.30285321220482,18.5,23.375,78.4375,0.0,7.25,0.5998506701631702,2.625,21.75,0.12216164431454812,12.25,0.0,110.125
115,87,2017-03-24,1,1,2016-17,Orlando Magic,Detroit Pistons,101.625,22.875,60.5,18.25,45.625,12.125,33.5,21.25,13.0,1.892038517038517,7.625,27.5,26.55,30.25,63.875,47.85430582204416,18.25,22.625,81.25,0.0,7.75,0.6765290265290265,3.25,21.125,0.15835074726328593,13.0,0.0,108.625,96.875,19.5,64.0,13.375,48.375,12.375,36.0,19.75,10.0,2.1824824481074483,6.5,21.625,28.975,32.0,68.875,46.56698979252378,13.375,19.125,69.9,0.0,6.625,0.7794757326007327,3.75,17.375,0.21944075875964422,10.0,0.0,107.625
117,125,2017-03-24,1,1,2016-17,Indiana Pacers,Denver Nuggets,97.375,24.375,56.75,16.25,43.0,10.25,32.75,19.875,12.5,1.993944597069597,8.125,23.0,34.7625,28.375,59.375,48.279100390310234,16.25,20.625,78.45,0.0,7.75,0.6319444444444444,4.375,18.375,0.2491867122516436,12.5,0.0,109.625,118.75,37.125,64.0,17.625,45.0,9.75,35.25,29.0,14.0,2.4592002022100705,12.375,30.625,40.737500000000004,32.0,56.625,56.713067424363466,17.625,22.125,80.1875,0.0,8.0,0.6480696295663402,3.625,17.5,0.20882936507936506,14.0,0.0,143.0
117,107,2017-03-24,1,1,2016-17,Houston Rockets,New Orleans Pelicans,116.875,39.75,54.5,22.625,44.875,10.875,34.0,24.25,12.875,2.106812917474682,13.25,38.5,33.5375,27.25,49.75,54.81363299015963,22.625,29.875,76.075,0.0,8.625,0.765806803490627,3.625,19.75,0.18744676698430568,12.875,0.0,130.375,106.625,31.125,61.0,14.5,46.125,9.0,37.125,23.375,13.25,2.033808379120879,10.375,29.0,35.625,30.5,58.625,51.7564288787043,14.5,20.375,72.2875,0.0,7.875,0.7058550824175823,4.375,16.75,0.261107968828557,13.25,0.0,122.5
105,112,2017-03-24,1,1,2016-17,Charlotte Hornets,Cleveland Cavaliers,105.25,26.25,63.0,16.0,40.375,7.5,32.875,24.375,8.875,2.958184523809524,8.75,27.625,32.1375,31.5,58.125,54.23810800928388,16.0,19.75,81.325,0.0,7.5,0.8633928571428571,4.5,15.5,0.2835232169790993,8.875,0.0,123.875,108.0,39.0,55.5,13.5,43.375,7.0,36.375,22.125,10.875,2.134027777777778,13.0,35.5,36.4875,27.75,47.75,58.701025513568524,13.5,19.125,71.3375,0.0,3.875,0.3590277777777778,3.125,17.5,0.18602141943734016,10.875,0.0,121.5
100,97,2017-03-24,1,1,2016-17,Milwaukee Bucks,Atlanta Hawks,99.875,28.125,54.25,17.5,38.375,8.75,29.625,20.5,14.125,1.5549653777594954,9.375,24.25,38.625,27.125,54.375,50.298077921338056,17.5,21.625,80.875,0.0,8.0,0.5854055258467024,5.875,20.625,0.29546456527274945,14.125,0.0,112.25,99.875,25.5,54.25,20.125,42.0,9.25,32.75,22.375,17.0,1.3352983821733821,8.5,26.125,31.825000000000003,27.125,55.375,49.27882072577917,20.125,27.75,69.7875,0.0,9.375,0.5788690476190477,6.0,18.75,0.33738400290426135,17.0,0.0,109.125
129,108,2017-03-24,1,1,2016-17,Washington Wizards,Brooklyn Nets,109.625,30.0,61.25,18.375,44.375,10.0,34.375,25.375,13.875,1.971566372224267,10.0,29.375,34.575,30.625,60.75,50.13449847289099,18.375,23.875,77.61250000000001,0.0,6.5,0.47369187829714143,4.375,22.75,0.20133148394657346,13.875,0.0,121.375,108.0,34.5,49.5,24.0,45.25,9.625,35.625,21.375,14.5,1.5572610294117648,11.5,31.125,36.9625,24.75,51.375,47.76382414959411,24.0,30.75,77.53750000000001,0.0,6.0,0.42401682263814616,4.0,22.875,0.191123767536811,14.5,0.0,117.125
130,120,2017-03-24,1,1,2016-17,Boston Celtics,Phoenix Suns,103.875,31.875,55.0,17.0,44.375,10.0,34.375,24.5,15.75,1.6745672628025567,10.625,31.25,33.6625,27.5,53.25,51.79811913323682,17.0,20.875,83.725,0.0,8.625,0.5348263664440135,4.0,17.75,0.2273061670320302,15.75,0.0,119.375,100.625,15.75,66.25,18.625,46.125,11.625,34.5,18.25,14.75,1.623856351981352,5.25,19.5,26.8125,33.125,72.375,45.93407646147015,18.625,25.25,73.8625,0.0,8.0,0.74596081002331,6.375,23.75,0.27033679183135706,14.75,0.0,104.5
107,117,2017-03-24,1,1,2016-17,Chicago Bulls,Philadelphia 76ers,102.375,30.0,59.25,13.125,43.875,10.875,33.0,25.75,13.625,2.1802830940988835,10.0,29.75,34.2125,29.625,58.5,50.872816615876935,13.125,17.0,77.0375,0.0,8.375,0.6718301435406697,5.5,18.875,0.2920112781954887,13.625,0.0,119.75,107.125,30.0,60.0,17.125,43.375,9.0,34.375,26.0,16.25,1.6392143542199489,10.0,28.875,34.85,30.0,59.0,51.31446010241076,17.125,21.5,79.32499999999999,0.0,9.875,0.6263147378516624,5.25,25.375,0.20850826202929562,16.25,0.0,123.125
130,119,2017-03-24,1,1,2016-17,Los Angeles Lakers,Minnesota Timberwolves,110.25,24.0,70.25,16.0,41.375,11.5,29.875,21.625,13.125,1.9621932641633728,8.0,24.75,31.4625,35.125,66.625,52.794990568784065,16.0,22.875,69.825,0.0,8.75,0.733356664470795,3.875,21.75,0.18692640692640694,13.125,0.0,117.625,104.375,18.75,67.5,18.125,40.5,11.375,29.125,23.125,13.75,1.82173885896712,6.25,18.375,33.5875,33.75,65.625,51.401733093861196,18.125,21.75,83.0625,0.0,7.375,0.539292048531179,4.125,20.875,0.2074128317334839,13.75,0.0,118.125
114,100,2017-03-24,1,1,2016-17,Golden State Warriors,Sacramento Kings,105.125,30.75,59.75,14.625,45.5,10.375,35.125,27.375,15.375,1.8306572308410543,10.25,26.875,37.737500000000004,29.875,57.5,52.69298835461745,14.625,20.375,71.5875,0.0,9.5,0.6321789933922287,7.125,19.625,0.3606331168831169,15.375,0.0,129.25,104.875,26.625,62.5,15.75,40.5,7.375,33.125,22.625,13.625,1.724031524031524,8.875,20.75,44.037499999999994,31.25,63.375,49.506098260967704,15.75,21.125,73.5875,0.0,6.375,0.4635059385059385,4.375,18.375,0.255988455988456,13.625,0.0,115.75
108,95,2017-03-25,1,1,2016-17,LA Clippers,Utah Jazz,110.0,31.125,59.75,19.125,41.875,7.375,34.5,22.875,12.75,1.9640570010055305,10.375,28.5,35.5875,29.875,52.375,57.03706237574856,19.125,25.25,74.8,0.0,5.875,0.5099162581699347,3.25,18.125,0.18227589296668245,12.75,0.0,124.375,100.875,27.375,56.75,16.75,44.875,11.375,33.5,19.625,13.625,1.5597022409135413,9.125,24.875,37.2,28.375,56.0,50.88095502594535,16.75,22.25,75.1625,0.0,5.0,0.3867637211000214,5.375,16.625,0.36235577481980935,13.625,0.0,113.25
115,127,2017-03-25,1,1,2016-17,Cleveland Cavaliers,Washington Wizards,109.375,38.25,56.5,14.625,42.875,6.375,36.5,22.375,11.125,2.104861111111111,12.75,33.75,37.4625,28.25,48.25,59.08651304191319,14.625,19.75,74.375,0.0,4.125,0.3715277777777778,3.625,18.125,0.20707756916996048,11.125,0.0,125.125,109.5,30.375,60.25,18.875,43.625,9.875,33.75,25.375,13.75,2.0045209176788124,10.125,29.375,35.0625,30.125,59.875,50.10967001496394,18.875,24.25,78.36250000000001,0.0,6.75,0.5066464237516869,4.375,22.375,0.20581712987958783,13.75,0.0,121.5
86,94,2017-03-25,1,1,2016-17,Dallas Mavericks,Toronto Raptors,95.25,29.625,48.75,16.875,38.625,6.625,32.0,21.125,11.125,2.0492229992229993,9.875,28.0,34.6875,24.375,53.625,45.83603337321111,16.875,21.75,75.1375,0.0,6.125,0.5936010170385171,3.0,19.0,0.1608271877331475,11.125,0.0,100.75,102.0,20.625,61.5,19.875,48.25,12.0,36.25,16.5,14.625,1.1523333692451339,6.875,23.125,28.6125,30.75,62.125,49.46250517265566,19.875,24.375,82.825,0.0,8.375,0.5967329239388063,5.25,21.125,0.2581974637681159,14.625,0.0,113.625
106,98,2017-03-25,1,1,2016-17,San Antonio Spurs,New York Knicks,102.875,30.375,56.25,16.25,40.875,9.5,31.375,24.75,14.625,2.060144927536232,10.125,26.5,37.6125,28.125,54.25,52.05404987263656,16.25,20.5,79.175,0.0,7.0,0.5753170289855073,5.875,19.875,0.30303694843168527,14.625,0.0,120.0,99.375,22.5,61.0,15.875,42.5,9.625,32.875,22.125,12.5,1.8994092712842714,7.5,23.375,31.349999999999998,30.5,62.625,48.58434563301476,15.875,19.5,78.42500000000001,0.0,5.375,0.4736832611832612,5.0,20.5,0.256311853351327,12.5,0.0,110.25
112,100,2017-03-25,1,1,2016-17,Portland Trail Blazers,Minnesota Timberwolves,106.125,29.625,58.25,18.25,46.875,10.125,36.75,17.5,14.625,1.2261233558108557,9.875,24.25,40.362500000000004,29.125,59.375,48.20554545538902,18.25,24.125,75.94999999999999,0.0,6.625,0.47406187562437563,4.375,19.375,0.22770669571656413,14.625,0.0,116.375,105.875,19.5,68.0,18.375,38.875,11.125,27.75,23.875,13.75,1.8753102875385483,6.5,18.5,34.625,34.0,66.625,50.98199517412328,18.375,22.0,83.175,0.0,7.75,0.5660777628168931,4.875,20.5,0.2481737012987013,13.75,0.0,119.25
106,94,2017-03-26,1,1,2016-17,Golden State Warriors,Memphis Grizzlies,108.625,32.25,60.5,15.875,45.25,10.5,34.75,29.125,14.75,2.0267042393880628,10.75,27.0,39.275,30.25,58.0,52.84464863558808,15.875,21.5,74.3625,0.0,10.25,0.7112388224520577,6.625,19.0,0.35229978354978353,14.75,0.0,135.5,97.25,29.625,51.5,16.125,41.25,10.125,31.125,23.5,12.0,2.035068403818404,9.875,28.625,34.849999999999994,25.75,54.125,47.656071422565894,16.125,20.375,78.5,0.0,6.875,0.5808774558774559,2.875,20.375,0.14131873243715348,12.0,0.0,108.375
137,125,2017-03-26,1,1,2016-17,Houston Rockets,Oklahoma City Thunder,117.75,39.75,55.25,22.75,46.875,11.875,35.0,25.5,13.75,2.0996857244922262,13.25,38.5,33.5375,27.625,50.375,54.87032233256327,22.75,30.25,75.15,0.0,8.875,0.7674515403327323,3.625,19.625,0.18843360908956885,13.75,0.0,133.375,113.375,24.75,69.75,18.875,45.5,13.125,32.375,24.0,14.25,1.7235801881941588,8.25,22.25,36.1,34.875,64.5,54.067791863663054,18.875,26.75,71.0,0.0,8.5,0.6334206030897207,4.0,21.625,0.1950459984631811,14.25,0.0,129.625
90,115,2017-03-26,1,1,2016-17,Denver Nuggets,New Orleans Pelicans,120.25,34.875,63.75,21.625,45.75,9.875,35.875,28.0,13.625,2.4381665483639168,11.625,30.5,38.175000000000004,31.875,56.125,56.99426927336192,21.625,25.375,85.925,0.0,8.25,0.678117706489417,3.875,17.375,0.22653769841269839,13.625,0.0,145.625,109.625,32.625,62.75,14.25,44.75,8.125,36.625,24.875,12.0,2.283808379120879,10.875,29.625,36.4375,31.375,58.875,53.22239262269245,14.25,19.875,73.0875,0.0,7.625,0.7496050824175824,4.875,16.75,0.2944413021618904,12.0,0.0,127.875
97,98,2017-03-26,1,1,2016-17,LA Clippers,Sacramento Kings,109.5,30.75,59.5,19.25,42.625,7.75,34.875,21.5,12.375,1.8986723856209151,10.25,28.75,34.825,29.75,52.5,56.692450846926505,19.25,25.125,75.61250000000001,0.0,5.375,0.4974162581699346,3.5,18.625,0.19019444500288157,12.375,0.0,123.0,104.375,27.75,61.25,15.375,39.875,7.5,32.375,23.5,14.5,1.7061743811743812,9.25,21.0,45.3875,30.625,62.75,49.02463461147325,15.375,20.75,73.0375,0.0,6.375,0.4426726051726052,4.5,17.625,0.27019300144300146,14.5,0.0,114.875
94,109,2017-03-26,1,1,2016-17,Milwaukee Bucks,Chicago Bulls,100.0,28.5,55.5,16.0,38.5,9.25,29.25,21.75,12.5,1.8333744686685862,9.5,25.5,37.175,27.75,56.125,49.735643320710224,16.0,19.875,80.97500000000001,0.0,7.625,0.650430778371955,5.875,20.875,0.29235897521063764,12.5,0.0,113.0,104.0,30.375,58.75,14.875,42.625,11.375,31.25,25.5,13.25,2.19694976076555,10.125,27.875,36.5375,29.375,59.5,49.766062252102586,14.875,19.375,76.9375,0.0,8.375,0.6843301435406698,5.625,18.125,0.30986842105263157,13.25,0.0,120.5
120,106,2017-03-26,1,1,2016-17,Charlotte Hornets,Phoenix Suns,105.75,27.375,62.5,15.875,40.75,8.5,32.25,24.875,8.75,3.016896645021645,9.125,29.75,31.2625,31.25,57.25,54.61294503666328,15.875,20.125,79.325,0.0,7.375,0.8586580086580087,4.0,15.5,0.25411145227321696,8.75,0.0,123.125,101.875,15.75,65.5,20.625,45.5,10.625,34.875,18.625,13.875,1.720010198135198,5.25,19.5,26.8125,32.75,71.75,45.8407928793806,20.625,28.25,73.05,0.0,8.25,0.7887492715617714,5.5,24.5,0.23075345849802373,13.875,0.0,105.0
107,94,2017-03-26,1,1,2016-17,Indiana Pacers,Philadelphia 76ers,97.625,25.125,57.25,15.25,42.125,10.5,31.625,18.875,13.5,1.5016369047619047,8.375,23.125,35.5625,28.625,60.125,48.094918375142306,15.25,19.625,77.0125,0.0,8.5,0.643482905982906,5.125,19.75,0.26978058198344435,13.5,0.0,108.125,108.25,28.875,62.0,17.375,43.625,8.875,34.75,26.625,16.5,1.6581772025171624,9.625,28.375,34.1125,31.0,58.125,53.73488450559379,17.375,21.875,79.1875,0.0,9.875,0.618574799771167,5.375,24.5,0.21830450027380974,16.5,0.0,126.875
92,107,2017-03-26,1,1,2016-17,Atlanta Hawks,Brooklyn Nets,98.25,27.0,51.5,19.75,42.25,9.5,32.75,22.5,17.125,1.3339197057027938,9.0,26.375,33.875,25.75,53.625,48.440022911571525,19.75,26.75,71.35,0.0,8.5,0.5218837535014006,5.5,18.375,0.3173481177367973,17.125,0.0,107.625,109.5,32.25,53.25,24.0,45.625,9.875,35.75,21.5,14.75,1.5319634103641457,10.75,29.125,35.8375,26.625,53.875,48.57757454654552,24.0,31.125,76.35,0.0,5.5,0.3749096797810033,4.25,22.125,0.20492246883551232,14.75,0.0,118.875
112,108,2017-03-26,1,1,2016-17,Boston Celtics,Miami Heat,107.75,33.375,55.75,18.625,45.0,10.375,34.625,24.875,15.875,1.68290059613589,11.125,32.75,33.6125,27.875,53.0,52.73722719498639,18.625,22.875,83.8625,0.0,8.125,0.49435017596782305,4.5,20.5,0.23433741703203018,15.875,0.0,123.375,106.625,32.625,58.25,15.75,43.0,12.125,30.875,21.0,13.625,1.5778681184012067,10.875,30.25,35.275000000000006,29.125,55.875,52.19842974168381,15.75,22.125,71.52499999999999,0.0,8.0,0.6005035507792861,7.125,20.875,0.35472296621824656,13.625,0.0,119.625
81,97,2017-03-26,1,1,2016-17,Los Angeles Lakers,Portland Trail Blazers,112.625,25.125,70.5,17.0,41.125,11.25,29.875,21.75,14.25,1.840602355072464,8.375,23.875,34.4875,35.25,67.25,52.49050338929688,17.0,23.625,71.45,0.0,8.375,0.6685839371980677,3.75,22.125,0.17904597214379822,14.25,0.0,119.25,104.625,27.75,58.75,18.125,45.875,9.75,36.125,17.25,14.625,1.2094566891441891,9.25,23.0,40.362500000000004,29.375,57.75,50.427401939918326,18.125,24.25,74.6625,0.0,6.75,0.482395208957709,4.125,19.5,0.21356195887445886,14.625,0.0,115.75
109,95,2017-03-27,1,1,2016-17,New York Knicks,Detroit Pistons,100.0,21.0,62.5,16.5,42.75,9.875,32.875,22.375,12.5,1.9150342712842714,7.0,22.0,30.937499999999996,31.25,64.375,48.403970452639584,16.5,19.875,80.925,0.0,5.625,0.4893082611832612,4.875,20.0,0.257874353351327,12.5,0.0,111.625,94.5,16.875,64.0,13.625,49.0,12.5,36.5,19.625,10.125,2.130399114774115,5.625,21.125,25.7875,32.0,70.375,45.52078229470337,13.625,19.25,70.66250000000001,0.0,6.25,0.7273923992673993,4.0,17.625,0.23316624895572263,10.125,0.0,103.75
131,112,2017-03-27,1,1,2016-17,Toronto Raptors,Orlando Magic,101.375,22.5,60.75,18.125,48.0,11.5,36.5,16.875,15.0,1.1377500359118007,7.5,22.625,31.974999999999998,30.375,61.25,49.55578875474521,18.125,22.125,82.82499999999999,0.0,7.375,0.494649590605473,5.0,20.25,0.2537331780538302,15.0,0.0,113.625,103.75,24.75,61.75,17.25,45.5,11.0,34.5,23.125,13.125,2.038629426129426,8.25,27.625,28.825000000000003,30.875,64.0,48.725700052813394,17.25,21.625,79.775,0.0,7.0,0.596983571983572,3.5,21.125,0.17305662961622714,13.125,0.0,112.875
103,74,2017-03-27,1,1,2016-17,San Antonio Spurs,Cleveland Cavaliers,104.625,31.875,57.75,15.0,42.0,9.875,32.125,26.375,14.5,2.185144927536232,10.625,27.25,38.6625,28.875,55.375,52.38928895787565,15.0,19.0,78.55,0.0,7.375,0.6068646480331263,5.625,20.125,0.2822036150983519,14.5,0.0,124.375,109.25,37.125,56.75,15.375,40.375,6.625,33.75,21.625,11.625,1.9189636752136752,12.375,33.0,37.199999999999996,28.375,48.625,58.889704531274894,15.375,20.0,76.6,0.0,4.75,0.4153311965811966,3.625,18.125,0.20707756916996048,11.625,0.0,122.5
108,100,2017-03-27,1,1,2016-17,Utah Jazz,New Orleans Pelicans,98.375,25.875,56.75,15.75,44.625,11.625,33.0,19.75,13.0,1.6179729176052706,8.625,24.25,36.2125,28.375,57.875,48.867066137056455,15.75,21.5,73.25,0.0,5.375,0.41824868350603644,5.25,16.5,0.3576620989304813,13.0,0.0,109.5,113.125,32.625,66.25,14.25,47.25,8.375,38.875,25.75,11.375,2.4901575854700853,10.875,29.375,36.725,33.125,61.25,54.059227356586014,14.25,19.75,73.8875,0.0,7.625,0.7793669871794872,5.0,16.5,0.30346907993966815,11.375,0.0,135.25
91,92,2017-03-27,1,1,2016-17,Dallas Mavericks,Oklahoma City Thunder,92.875,27.0,50.0,15.875,37.75,7.25,30.5,21.625,10.625,2.1325563325563324,9.0,27.375,32.512499999999996,25.0,54.75,46.11381115098889,15.875,20.75,74.6,0.0,6.75,0.6587051837051837,3.5,18.75,0.19207718773314747,10.625,0.0,98.875,113.875,25.125,70.25,18.5,45.75,13.5,32.25,25.375,14.125,1.8168706293706294,8.375,22.875,35.6875,35.125,65.0,54.01570853032972,18.5,26.5,70.33749999999999,0.0,9.875,0.7211963383838385,4.25,21.125,0.20790314132032398,14.125,0.0,132.625
91,90,2017-03-27,1,1,2016-17,Sacramento Kings,Memphis Grizzlies,101.375,28.125,59.5,13.75,40.625,7.25,33.375,23.0,14.625,1.6389395326895329,9.375,21.625,44.662499999999994,29.75,61.125,48.807890305055025,13.75,18.875,71.8625,0.0,6.375,0.4379377566877567,4.875,18.125,0.2842406204906205,14.625,0.0,112.875,96.75,30.0,51.5,15.25,41.625,11.0,30.625,22.875,12.75,1.8489572927072926,10.0,29.75,33.925,25.75,53.25,48.40011904161351,15.25,19.5,77.175,0.0,7.5,0.5892107892107892,2.625,19.25,0.12995509607351713,12.75,0.0,107.125
106,113,2017-03-28,1,1,2016-17,Houston Rockets,Golden State Warriors,121.375,44.25,56.0,21.125,47.5,10.875,36.625,26.75,15.25,1.955935724492226,14.75,39.375,36.825,28.0,49.5,57.064471268733485,21.125,27.875,75.9,0.0,8.75,0.6768265403327323,3.625,20.0,0.18517273952435143,15.25,0.0,139.875,109.125,36.0,57.5,15.625,44.5,9.875,34.625,29.75,15.5,1.9746209060547297,12.0,27.875,42.475,28.75,55.0,53.07902363558808,15.625,21.25,73.9625,0.0,10.25,0.6799888224520577,6.5,18.25,0.35587121212121214,15.5,0.0,136.875
114,115,2017-03-28,1,1,2016-17,Indiana Pacers,Minnesota Timberwolves,100.375,27.0,57.25,16.125,44.0,11.0,33.0,19.0,12.375,1.5897050865800866,9.0,23.0,39.325,28.625,62.0,46.67861720555166,16.125,20.5,77.7,0.0,7.875,0.6582556332556333,5.25,18.375,0.29261712044498284,12.375,0.0,112.375,105.5,18.75,68.0,18.75,36.5,10.125,26.375,23.125,13.375,1.8710489239021846,6.25,18.0,33.55,34.0,65.625,51.69862089074899,18.75,22.625,82.825,0.0,8.25,0.654145944635075,4.875,20.0,0.25412608225108224,13.375,0.0,117.625
108,119,2017-03-28,1,1,2016-17,Los Angeles Lakers,Washington Wizards,107.5,22.5,68.75,16.25,41.125,9.625,31.5,21.5,14.375,1.7864356884057973,7.5,23.125,31.9125,34.375,66.25,51.88408711386653,16.25,22.75,70.4625,0.0,7.75,0.5908061594202898,3.25,21.75,0.15735479567321,14.375,0.0,112.75,109.75,28.875,61.75,19.125,42.875,10.125,32.75,25.0,13.625,1.9949055330634278,9.625,28.5,34.6125,30.875,59.75,51.38671328419471,19.125,24.0,79.97500000000001,0.0,7.375,0.5627361673414305,4.375,22.75,0.2025562603143704,13.625,0.0,123.125
122,113,2017-03-28,1,1,2016-17,Portland Trail Blazers,Denver Nuggets,103.0,29.625,55.75,17.625,47.375,10.125,37.25,18.5,14.5,1.31522591991342,9.875,23.75,41.75,27.875,57.375,48.31418472680357,17.625,23.375,75.1875,0.0,6.875,0.49681828588078586,4.0,18.5,0.2187702922077922,14.5,0.0,116.125,116.625,32.625,63.0,21.0,45.5,9.375,36.125,27.625,12.375,2.571938478188478,10.875,29.75,36.337500000000006,31.5,58.125,54.71252324161589,21.0,24.375,86.97500000000001,0.0,7.25,0.647415952103452,3.5,16.75,0.20837530525030526,12.375,0.0,139.25
96,97,2017-03-28,1,1,2016-17,Detroit Pistons,Miami Heat,92.375,16.875,61.5,14.0,47.875,12.25,35.625,18.5,11.75,1.7607562576312576,5.625,20.625,26.5125,30.75,69.375,44.35067062922464,14.0,19.5,71.7625,0.0,5.0,0.5023923992673992,3.625,17.75,0.20660374895572264,11.75,0.0,96.5,106.625,28.875,61.75,16.0,42.25,12.5,29.75,20.625,14.0,1.514767156862745,9.625,28.75,33.1,30.875,58.125,53.37145026954305,16.0,22.125,72.575,0.0,8.125,0.5938929738562091,6.875,21.375,0.33452094601622634,14.0,0.0,118.0
101,106,2017-03-28,1,1,2016-17,Brooklyn Nets,Philadelphia 76ers,107.875,27.375,56.0,24.5,45.0,9.75,35.25,21.25,15.0,1.498109243697479,9.125,27.125,33.0,28.0,55.75,49.47043168940266,24.5,31.25,77.7125,0.0,6.25,0.4104999575587811,4.75,22.375,0.22361812100942535,15.0,0.0,117.625,107.5,30.375,59.75,17.375,44.5,9.0,35.5,25.5,16.5,1.5878647025171624,10.125,29.75,34.2125,29.875,57.25,52.37554644412807,17.375,21.875,79.1875,0.0,9.375,0.587324799771167,5.875,24.5,0.24004363070859236,16.5,0.0,124.75
108,118,2017-03-28,1,1,2016-17,Charlotte Hornets,Milwaukee Bucks,105.625,28.875,60.25,16.5,40.5,8.75,31.75,24.25,8.75,2.9276109307359306,9.625,30.875,31.15,30.125,57.125,52.77915798282178,16.5,20.625,80.1625,0.0,7.625,0.8943722943722944,3.625,15.125,0.2352038892480069,8.75,0.0,120.5,99.0,28.125,55.75,15.125,37.75,9.0,28.75,21.875,12.125,1.9006821609762787,9.375,25.875,35.975,27.875,56.25,49.841517637650114,15.125,19.125,79.66250000000001,0.0,8.0,0.7023538552950318,5.125,19.125,0.2597502795584637,12.125,0.0,110.75
95,91,2017-03-28,1,1,2016-17,Atlanta Hawks,Phoenix Suns,96.625,25.875,51.0,19.75,43.875,11.75,32.125,21.5,17.125,1.2863006580837464,8.625,27.0,31.6375,25.5,55.875,46.23433595967145,19.75,27.125,70.5875,0.0,8.75,0.5337885154061625,5.125,18.25,0.2995849598420604,17.125,0.0,102.625,102.625,15.75,66.25,20.625,45.375,11.0,34.375,19.5,14.0,1.7758814102564102,5.25,18.875,27.924999999999997,33.125,72.125,46.11994920692402,20.625,28.5,72.025,0.0,8.375,0.7944310897435897,5.0,23.625,0.21635394869410216,14.0,0.0,106.375
88,105,2017-03-29,1,1,2016-17,New York Knicks,Miami Heat,102.125,18.75,66.25,17.125,41.875,9.375,32.5,22.375,11.875,1.9844787157287156,6.25,20.875,29.6875,33.125,65.75,50.41480683847597,17.125,20.125,84.5125,0.0,6.75,0.5865304834054834,4.625,19.75,0.24832574224021592,11.875,0.0,115.625,105.75,26.625,63.5,15.625,43.375,13.5,29.875,20.25,14.125,1.4690940799396681,8.875,27.875,31.162499999999998,31.75,59.875,53.23430293411985,15.625,21.5,72.7875,0.0,7.75,0.558636563599799,6.125,21.25,0.29650925010979357,14.125,0.0,116.125
100,103,2017-03-29,1,1,2016-17,Boston Celtics,Milwaukee Bucks,109.375,31.875,58.5,19.0,45.125,10.25,34.875,26.5,16.0,1.7614824674809193,10.625,31.625,33.225,29.25,53.625,54.79107939624424,19.0,23.125,84.5375,0.0,7.75,0.47059286602630257,4.625,20.0,0.24320469391990204,16.0,0.0,127.875,102.125,28.125,59.5,14.5,39.0,8.375,30.625,23.125,11.75,2.0230561105561105,9.375,26.375,35.0875,29.75,56.625,53.74949989929091,14.5,18.75,77.86250000000001,0.0,7.375,0.6671647796647797,4.875,19.75,0.24441145171963585,11.75,0.0,116.625
110,97,2017-03-29,1,1,2016-17,Memphis Grizzlies,Indiana Pacers,96.75,30.0,50.75,16.0,42.125,11.75,30.375,22.0,12.125,1.8717938311688311,10.0,29.375,34.175,25.375,53.625,47.53562109079384,16.0,20.25,77.85000000000001,0.0,6.625,0.5459415584415584,2.5,18.875,0.12598684210526315,12.125,0.0,106.0,101.875,27.0,58.5,16.375,42.875,11.0,31.875,20.625,13.125,1.631371753246753,9.0,23.375,38.6375,29.25,61.5,48.02604672462297,16.375,20.875,77.5125,0.0,8.625,0.6971445221445222,5.375,19.25,0.2876928780207404,13.125,0.0,115.125
92,99,2017-03-29,1,1,2016-17,Philadelphia 76ers,Atlanta Hawks,106.0,30.375,59.25,16.375,46.875,10.0,36.875,24.625,16.5,1.5331772025171624,10.125,30.875,32.7875,29.625,57.625,51.58009189867352,16.375,20.5,79.7375,0.0,9.25,0.579512299771167,6.5,24.375,0.26812334085351985,16.5,0.0,123.875,95.125,22.5,52.75,19.875,44.5,12.125,32.375,21.75,17.25,1.291417617148074,7.5,26.625,28.1625,26.375,57.875,46.01881871829214,19.875,27.5,70.025,0.0,8.25,0.5041832522482677,5.125,18.25,0.2995849598420604,17.25,0.0,99.25
121,118,2017-03-29,1,1,2016-17,New Orleans Pelicans,Dallas Mavericks,110.0,31.125,64.0,14.875,46.0,7.875,38.125,23.75,11.25,2.3137686965811968,10.375,28.25,36.575,32.0,60.0,53.27251406987273,14.875,20.75,73.625,0.0,8.0,0.8265892094017094,5.375,16.625,0.3236896681749623,11.25,0.0,130.125,92.0,27.375,51.0,13.625,36.625,7.0,29.625,22.375,10.875,2.160761460761461,9.125,27.75,32.5,25.5,55.125,46.803149386283,13.625,18.625,73.0,0.0,8.0,0.7394744144744145,3.5,18.625,0.19391542302726514,10.875,0.0,98.375
98,110,2017-03-29,1,1,2016-17,San Antonio Spurs,Golden State Warriors,104.125,30.0,59.25,14.875,42.75,10.25,32.5,26.0,13.5,2.266394927536232,10.0,27.125,36.475,29.625,56.625,52.472622291208985,14.875,18.875,78.4375,0.0,8.0,0.6839479813664595,5.625,20.125,0.28220361509835196,13.5,0.0,124.875,112.625,38.25,59.0,15.375,43.875,8.375,35.5,31.5,15.75,2.0589346315449255,12.75,30.875,42.150000000000006,29.5,51.5,57.454910160410776,15.375,20.375,75.725,0.0,10.125,0.6628319597069596,6.875,19.875,0.35479362591431557,15.75,0.0,144.125
106,114,2017-03-29,1,1,2016-17,Orlando Magic,Oklahoma City Thunder,107.625,24.375,65.0,18.25,45.75,11.0,34.75,23.125,13.25,2.020637001887002,8.125,26.75,29.012500000000003,32.5,66.375,49.262164638647725,18.25,22.375,81.65,0.0,7.875,0.66611235986236,3.625,21.0,0.1789443107756474,13.25,0.0,118.125,112.625,25.125,69.25,18.25,45.75,13.0,32.75,24.625,15.0,1.6735625485625485,8.375,23.25,35.2,34.625,64.125,53.92512882018479,18.25,25.625,72.7125,0.0,9.875,0.6770044191919192,4.75,21.0,0.2325243534415361,15.0,0.0,130.875
82,112,2017-03-29,1,1,2016-17,Sacramento Kings,Utah Jazz,101.25,27.375,58.75,15.125,40.0,7.0,33.0,22.0,14.5,1.5748369685869688,9.125,21.875,43.3125,29.375,59.0,50.31616310570071,15.125,20.125,73.94999999999999,0.0,6.375,0.4411428848928849,5.375,19.125,0.30018264947612777,14.5,0.0,113.125,98.875,28.125,56.5,14.25,46.25,12.125,34.125,21.25,12.875,1.7549921483745012,9.375,25.125,37.5375,28.25,58.25,48.334150776554885,14.25,20.25,70.625,0.0,5.0,0.3942102219675749,5.875,17.125,0.3827289438502674,12.875,0.0,112.625
133,124,2017-03-29,1,1,2016-17,LA Clippers,Washington Wizards,108.125,30.0,58.25,19.875,44.75,8.125,36.625,22.0,12.875,1.8153390522875816,10.0,28.625,34.1375,29.125,52.625,55.27344574488569,19.875,25.75,76.08749999999999,0.0,5.75,0.5015829248366013,3.5,17.625,0.19668795149638804,12.875,0.0,123.25,111.625,28.5,65.0,18.125,43.25,10.75,32.5,26.125,13.375,2.1006747638326586,9.5,28.125,34.5125,32.5,61.375,52.53107948137781,18.125,23.25,78.4,0.0,7.625,0.5947874493927126,4.5,22.125,0.21130626031437044,13.375,0.0,127.125
106,110,2017-03-29,1,1,2016-17,Toronto Raptors,Charlotte Hornets,106.625,25.5,62.75,18.375,47.375,10.625,36.75,19.0,15.25,1.2704423436041083,8.5,22.625,38.65,31.375,60.625,51.41668722372184,18.375,23.375,80.5375,0.0,7.5,0.4952906162464986,5.375,20.875,0.2624831780538302,15.25,0.0,122.25,103.875,26.625,60.0,17.25,38.125,8.0,30.125,23.375,8.0,3.3088609307359307,8.875,28.625,30.737499999999997,30.0,56.625,53.10539424655804,17.25,21.75,79.45,0.0,7.875,1.0506222943722943,3.625,14.875,0.23669198448610215,8.0,0.0,118.0
117,107,2017-03-30,1,1,2016-17,Portland Trail Blazers,Houston Rockets,108.625,28.5,62.0,18.125,47.25,11.0,36.25,18.75,13.625,1.4219967532467532,9.5,23.125,41.150000000000006,31.0,59.875,52.131656317712654,18.125,24.25,74.6625,0.0,7.5,0.5844918969918971,4.5,18.25,0.24724251443001444,13.625,0.0,124.375,120.25,40.5,57.5,22.25,45.5,10.75,34.75,26.0,14.875,1.9433306824754193,13.5,37.375,34.85,28.75,51.0,56.998333702595914,22.25,28.75,76.95,0.0,8.5,0.6763013302486987,3.375,19.875,0.16969654904816098,14.875,0.0,136.125
99,93,2017-03-30,1,1,2016-17,Chicago Bulls,Cleveland Cavaliers,107.625,31.5,61.25,14.875,43.75,11.125,32.625,27.375,12.75,2.3535287081339713,10.5,27.375,38.9875,30.625,59.75,51.55537676823162,14.875,19.5,75.9625,0.0,7.25,0.6321371610845294,5.5,18.875,0.2879934210526316,12.75,0.0,128.125,104.5,32.25,57.25,15.0,40.625,7.25,33.375,21.125,12.125,1.8505426225820962,10.75,30.875,34.1875,28.625,51.125,56.3648112169079,15.0,20.0,73.71249999999999,0.0,5.375,0.442962775528565,3.0,17.75,0.1815340909090909,12.125,0.0,114.875
118,124,2017-03-30,1,1,2016-17,Phoenix Suns,LA Clippers,101.375,16.5,64.25,20.625,46.25,12.0,34.25,20.125,14.625,1.7342147435897435,5.5,21.0,26.2875,32.125,70.375,45.80836205989384,20.625,29.0,70.5625,0.0,9.25,0.8319310897435898,5.375,24.875,0.22269035422405606,14.625,0.0,105.625,112.75,32.625,59.5,20.625,44.625,8.375,36.25,22.5,12.125,1.9731515522875815,10.875,29.375,36.5375,29.75,52.875,56.175221549547175,20.625,26.75,76.1625,0.0,6.125,0.5531454248366013,3.5,17.875,0.19441522422366075,12.125,0.0,129.625
119,104,2017-03-30,1,1,2016-17,Minnesota Timberwolves,Los Angeles Lakers,108.0,20.25,67.0,20.75,36.125,10.125,26.0,23.25,13.5,1.865554418407679,6.75,18.875,34.3625,33.5,64.375,51.85075070819321,20.75,24.625,84.1125,0.0,9.0,0.7049701204592508,5.5,20.0,0.2825351731601732,13.5,0.0,121.5,106.5,24.0,67.5,15.0,41.5,10.125,31.375,21.125,14.75,1.7322690217391303,8.0,23.375,33.9625,33.75,65.625,51.475590381840384,15.0,21.25,70.6875,0.0,7.25,0.5491394927536232,3.125,21.5,0.15704151246518994,14.75,0.0,111.25
90,89,2017-03-30,1,1,2016-17,Detroit Pistons,Brooklyn Nets,92.375,18.375,60.25,13.75,48.625,12.25,36.375,18.5,12.375,1.64056394993895,6.125,21.625,27.575,30.125,66.625,45.22890338784532,13.75,19.75,69.45,0.0,5.125,0.47595009157509155,4.125,18.25,0.22719871463077984,12.375,0.0,98.375,107.5,26.25,58.0,23.25,47.25,10.875,36.375,21.5,14.125,1.5846477052359407,8.75,28.125,30.2625,29.0,57.625,49.73209949997232,23.25,30.5,75.21249999999999,0.0,6.875,0.47876918832801185,4.625,21.875,0.22390416219935672,14.125,0.0,118.375
108,105,2017-03-31,1,1,2016-17,Milwaukee Bucks,Detroit Pistons,102.875,27.375,61.75,13.75,38.875,8.75,30.125,23.75,12.375,1.9839936105561107,9.125,25.5,35.324999999999996,30.875,57.75,54.73259260445809,13.75,17.75,77.92500000000001,0.0,7.5,0.6465681887556888,5.625,19.25,0.2820304993386835,12.375,0.0,119.0,93.25,19.875,59.25,14.125,50.375,12.625,37.75,19.25,13.25,1.6023695054945055,6.625,22.25,29.55,29.625,66.0,44.90910080927966,14.125,20.375,69.2,0.0,5.125,0.43949175824175823,4.5,17.375,0.2789663913984566,13.25,0.0,101.0
95,88,2017-03-31,1,1,2016-17,Utah Jazz,Washington Wizards,98.625,27.75,57.0,13.875,46.375,12.0,34.375,21.25,13.125,1.6994365928189459,9.25,26.375,34.4375,28.5,57.125,49.96518147830927,13.875,19.875,70.2625,0.0,6.125,0.49395769671504963,5.875,16.625,0.3865168226381462,13.125,0.0,113.375,113.75,28.875,66.25,18.625,43.375,11.875,31.5,25.125,13.25,2.0381747638326586,9.625,28.625,34.2875,33.125,62.25,52.79183567433739,18.625,24.25,77.66250000000001,0.0,8.0,0.6326662372715004,4.375,23.125,0.2058714777056748,13.25,0.0,127.625
107,98,2017-03-31,1,1,2016-17,Golden State Warriors,Houston Rockets,113.125,37.875,62.0,13.25,42.875,8.0,34.875,32.375,15.375,2.1506012982115923,12.625,30.125,42.925,31.0,51.875,59.792985220943464,13.25,17.375,78.225,0.0,9.5,0.6378319597069597,6.375,19.625,0.3372746865203762,15.375,0.0,146.375,119.0,37.5,59.25,22.25,44.25,9.875,34.375,25.125,16.375,1.5474973491420858,12.5,36.0,33.3375,29.625,51.75,57.888426581852876,22.25,28.125,78.7875,0.0,8.375,0.5304679969153654,3.25,20.25,0.1590347843422786,16.375,0.0,132.125
99,90,2017-03-31,1,1,2016-17,Memphis Grizzlies,Dallas Mavericks,96.375,29.25,51.25,15.875,42.875,11.5,31.375,21.0,11.625,1.9030438311688311,9.75,30.0,32.375,25.625,54.125,47.51845076112351,15.875,19.625,79.725,0.0,6.25,0.5563582251082251,2.875,18.75,0.1457236842105263,11.625,0.0,105.25,97.0,30.0,52.5,14.5,37.125,7.125,30.0,22.875,10.625,2.410761460761461,10.0,28.0,35.4875,26.25,55.625,47.662524386283,14.5,19.125,76.11250000000001,0.0,7.875,0.7430458430458431,3.25,18.875,0.17825126262626262,10.625,0.0,105.5
95,100,2017-03-31,1,1,2016-17,Oklahoma City Thunder,San Antonio Spurs,112.875,25.875,68.75,18.25,47.5,12.875,34.625,24.0,15.0,1.6214792152292152,8.625,24.5,34.6375,34.375,64.875,52.958945245305564,18.25,26.125,71.375,0.0,10.375,0.7186710858585859,4.75,21.0,0.2325243534415361,15.0,0.0,130.25,103.0,27.375,59.75,15.875,42.5,11.375,31.125,24.625,12.75,2.2449754901960786,9.125,25.875,35.275000000000006,29.875,58.125,51.65221118410476,15.875,20.0,78.97500000000001,0.0,8.375,0.7175157563025211,5.625,18.875,0.32481725146198825,12.75,0.0,122.25
122,114,2017-03-31,1,1,2016-17,Charlotte Hornets,Denver Nuggets,104.0,30.0,56.75,17.25,37.375,8.0,29.375,23.125,8.375,3.107472041847042,10.0,29.0,33.975,28.375,55.375,51.39821832063211,17.25,22.0,78.44999999999999,0.0,8.125,1.0506222943722943,3.5,14.875,0.22974754004165768,8.375,0.0,117.0,117.625,32.625,64.0,21.0,45.875,9.75,36.125,27.875,12.875,2.5014256576756577,10.875,29.25,36.775000000000006,32.0,59.75,53.95042152592961,21.0,24.625,85.8625,0.0,6.625,0.5651509948384948,3.25,17.75,0.17712530525030526,12.875,0.0,138.625
122,105,2017-03-31,1,1,2016-17,Cleveland Cavaliers,Philadelphia 76ers,100.125,28.875,57.25,14.0,41.0,8.0,33.0,20.375,12.875,1.639431511470985,9.625,30.5,30.9,28.625,52.25,55.210745867363826,14.0,19.125,71.5125,0.0,5.625,0.43740721997300946,3.25,18.25,0.18910984848484846,12.875,0.0,107.875,104.5,31.5,57.75,15.25,45.375,10.0,35.375,24.875,15.5,1.6310032894736841,10.5,32.375,32.6125,28.875,55.875,51.84050856534019,15.25,18.5,81.625,0.0,8.875,0.5834978070175438,5.625,23.5,0.23978325988185997,15.5,0.0,121.625
111,100,2017-03-31,1,1,2016-17,Toronto Raptors,Indiana Pacers,107.375,26.25,62.5,18.625,46.0,11.125,34.875,19.5,15.25,1.306156629318394,8.75,23.375,38.5875,31.25,60.5,51.3032982542008,18.625,24.125,78.6375,0.0,7.125,0.4685049019607843,5.5,21.625,0.2553809053265575,15.25,0.0,120.875,103.875,27.75,59.25,16.875,41.625,10.75,30.875,21.0,12.625,1.7042884199134198,9.25,22.875,40.1875,29.625,61.75,48.47863293151952,16.875,20.875,80.85,0.0,8.5,0.7023528554778555,5.875,19.75,0.3095182748461372,12.625,0.0,118.5
117,116,2017-03-31,1,1,2016-17,Boston Celtics,Orlando Magic,109.375,30.375,58.25,20.75,44.0,10.625,33.375,26.75,15.375,1.8180300865285384,10.125,31.625,31.875,29.125,53.875,54.3058853186132,20.75,25.5,81.825,0.0,7.0,0.4497595326929692,4.375,20.5,0.21939517011037826,15.375,0.0,125.125,107.875,26.25,64.0,17.625,45.875,10.625,35.25,24.0,14.375,1.809922716172716,8.75,27.875,30.387500000000003,32.0,65.375,49.19251289735419,17.625,22.25,79.7375,0.0,8.25,0.5964695027195027,4.5,21.125,0.21844647527781194,14.375,0.0,119.0
94,98,2017-03-31,1,1,2016-17,Miami Heat,New York Knicks,106.625,27.75,63.0,15.875,41.625,12.125,29.5,20.25,14.0,1.4861395344851227,9.25,27.0,33.65,31.5,59.5,53.118119227176166,15.875,21.625,73.75,0.0,8.625,0.6419698969331322,6.5,21.375,0.3118254556433904,14.0,0.0,118.125,99.125,17.625,65.5,16.0,43.0,10.125,32.875,22.0,12.75,1.8273606601731602,5.875,21.125,27.8375,32.75,64.875,50.425810359602735,16.0,18.75,84.47500000000001,0.0,6.375,0.532711038961039,4.375,19.25,0.24520074224021593,12.75,0.0,112.0
117,89,2017-03-31,1,1,2016-17,New Orleans Pelicans,Sacramento Kings,112.625,33.375,63.5,15.75,45.375,8.75,36.625,24.625,11.375,2.380435363247863,11.125,29.375,38.0,31.75,59.375,53.43729749736802,15.75,21.125,75.6,0.0,7.375,0.680755876068376,5.0,16.625,0.302856334841629,11.375,0.0,132.375,96.5,22.125,59.75,14.625,38.875,7.0,31.875,20.75,14.25,1.5094523532023532,7.375,20.0,38.3125,29.875,60.0,50.25206054159815,14.625,19.75,72.7625,0.0,6.25,0.44178391053391053,4.75,19.5,0.25396416208116973,14.25,0.0,105.0
115,104,2017-04-01,1,1,2016-17,LA Clippers,Los Angeles Lakers,114.0,31.125,60.5,22.375,45.25,8.75,36.5,21.75,12.875,1.7787071078431373,10.375,28.125,37.1,30.25,53.625,56.34100404291588,22.375,29.125,76.64999999999999,0.0,6.0,0.5170343137254901,3.5,18.125,0.19190895855950035,12.875,0.0,129.75,106.875,25.125,66.25,15.5,41.0,9.875,31.125,21.5,14.875,1.7465153452685422,8.375,24.25,34.375,33.125,63.125,52.42968015171963,15.5,20.875,75.175,0.0,6.5,0.5004262574595055,3.375,21.625,0.167593460517138,14.875,0.0,113.125
121,111,2017-04-01,1,1,2016-17,Brooklyn Nets,Orlando Magic,103.5,26.25,56.5,20.75,46.625,10.25,36.375,21.25,13.875,1.5897759103641456,8.75,28.0,30.3875,28.25,58.5,47.67912439371853,20.75,27.625,74.225,0.0,6.75,0.47556406012288366,4.875,21.0,0.24428459698196542,13.875,0.0,112.75,108.0,25.875,63.0,19.125,46.375,10.875,35.5,23.5,14.0,1.8654782717282719,8.625,27.375,30.612500000000004,31.5,65.875,48.0895717208836,19.125,23.875,79.2375,0.0,8.125,0.6173028360528361,4.5,21.5,0.21447822130955796,14.0,0.0,118.625
130,117,2017-04-01,1,1,2016-17,Portland Trail Blazers,Phoenix Suns,109.5,30.0,62.25,17.25,47.5,11.375,36.125,19.125,13.75,1.4333603896103897,10.0,24.5,40.9625,31.125,59.75,52.46060368613371,17.25,23.5,73.72500000000001,0.0,7.75,0.5958555333555333,5.375,18.25,0.30193001443001444,13.75,0.0,126.125,103.5,16.875,65.5,21.125,45.75,11.625,34.125,20.125,14.75,1.717731227106227,5.625,20.75,27.0875,32.75,68.75,47.77681380962873,21.125,30.25,69.3,0.0,8.875,0.7989640567765567,4.25,25.125,0.1769496134833153,14.75,0.0,107.5
117,123,2017-04-01,1,1,2016-17,Minnesota Timberwolves,Sacramento Kings,108.0,20.25,66.5,21.25,35.375,10.875,24.5,23.625,13.0,1.9814635093167698,6.75,18.875,34.3625,33.25,64.75,51.186157948012216,21.25,25.625,82.9,0.0,9.125,0.7405761810653114,5.25,19.5,0.2773268398268398,13.0,0.0,120.375,94.25,22.125,59.0,13.125,39.375,7.75,31.625,20.25,14.625,1.4638174325674325,7.375,20.75,36.7,29.5,60.625,49.276785816323425,13.125,17.625,73.1375,0.0,6.125,0.42789502164502163,4.125,19.375,0.22169292025110438,14.625,0.0,100.5
106,104,2017-04-01,1,1,2016-17,Chicago Bulls,Atlanta Hawks,105.625,30.75,61.0,13.875,43.875,11.5,32.375,27.0,13.25,2.2231715652768287,10.25,25.5,40.6125,30.5,61.375,50.064992152847005,13.875,19.0,72.8,0.0,7.875,0.6553514467988152,5.25,18.25,0.28174342105263156,13.25,0.0,125.125,95.125,23.625,51.25,20.25,45.875,13.25,32.625,20.75,17.375,1.2201859995010151,7.875,26.125,31.0,25.625,58.25,44.4913446887678,20.25,27.0,72.6875,0.0,7.5,0.4540913404835618,5.125,17.625,0.30583495984206044,17.375,0.0,99.375
109,103,2017-04-02,1,1,2016-17,San Antonio Spurs,Utah Jazz,102.25,26.625,59.0,16.625,42.5,11.75,30.75,24.0,12.75,2.2003326330532214,8.875,26.0,34.150000000000006,29.5,57.625,51.43669394272545,16.625,21.5,77.6875,0.0,8.5,0.7264443277310925,6.375,19.25,0.35334986015764047,12.75,0.0,120.75,98.375,26.625,57.0,14.75,46.25,12.125,34.125,20.25,12.5,1.7018875732111025,8.875,26.0,33.6375,28.5,56.875,50.214855816129514,14.75,21.75,68.55,0.0,6.5,0.543590049656226,6.125,17.0,0.3934612670825906,12.5,0.0,112.5
108,103,2017-04-02,1,1,2016-17,Los Angeles Lakers,Memphis Grizzlies,107.375,26.25,64.75,16.375,41.375,10.625,30.75,22.75,13.5,1.930392156862745,8.75,24.0,36.1375,32.375,63.25,51.200032933266435,16.375,22.375,74.48750000000001,0.0,6.75,0.571078431372549,3.625,21.875,0.17685271977639724,13.5,0.0,116.25,96.5,29.25,51.0,16.25,42.25,10.75,31.5,20.625,12.0,1.8129464285714285,9.75,29.5,33.025,25.5,53.375,47.98141372408647,16.25,19.875,80.5625,0.0,6.5,0.5693452380952382,3.0,19.125,0.14871411483253588,12.0,0.0,105.625
116,123,2017-04-02,1,1,2016-17,Phoenix Suns,Houston Rockets,105.25,17.25,66.75,21.25,45.0,11.75,33.25,20.0,14.875,1.702106227106227,5.75,20.25,29.049999999999997,33.375,68.875,48.53810592366057,21.25,30.5,69.05,0.0,8.75,0.7874750861883214,4.0,25.625,0.16034122187492372,14.875,0.0,108.875,113.875,35.25,56.75,21.875,44.0,10.5,33.5,23.0,15.625,1.4939259205706574,11.75,35.25,32.15,28.375,52.5,54.647685841112136,21.875,27.0,80.375,0.0,7.5,0.503087044534413,3.125,19.125,0.1664752605327548,15.625,0.0,123.125
139,115,2017-04-02,1,1,2016-17,Golden State Warriors,Washington Wizards,111.25,38.25,60.0,13.0,42.375,8.75,33.625,31.25,15.25,2.085697452057746,12.75,30.875,42.4125,30.0,52.125,57.945470258674405,13.0,16.25,80.625,0.0,9.0,0.6073832417582418,7.0,19.875,0.36227468652037614,15.25,0.0,142.125,110.75,27.0,64.75,19.0,44.0,12.0,32.0,22.375,13.875,1.7131747638326584,9.0,27.5,33.150000000000006,32.375,61.625,52.148978531480246,19.0,24.75,77.4125,0.0,8.375,0.636832903938167,3.75,23.875,0.1671886132555469,13.875,0.0,121.875
101,113,2017-04-02,1,1,2016-17,Oklahoma City Thunder,Charlotte Hornets,109.5,24.375,67.0,18.125,47.75,12.875,34.875,22.875,15.625,1.4788510101010102,8.125,24.375,32.525000000000006,33.5,64.0,52.24066166321602,18.125,25.25,73.2,0.0,9.625,0.642282196969697,4.375,20.25,0.2226037185209012,15.625,0.0,124.625,109.625,35.25,55.25,19.125,39.0,8.875,30.125,24.5,8.0,3.3842577561327563,11.75,30.625,38.25,27.625,54.5,50.7885691978251,19.125,24.125,79.25,0.0,8.25,1.1166937229437228,4.375,15.375,0.27216835452129573,8.0,0.0,127.0
113,116,2017-04-02,1,1,2016-17,Miami Heat,Denver Nuggets,103.375,24.75,62.5,16.125,41.125,12.0,29.125,19.5,13.75,1.458237748770837,8.25,26.75,30.962500000000002,31.25,59.25,52.88734999640693,16.125,22.375,72.225,0.0,8.125,0.6163002540759893,6.625,20.75,0.32419176580381825,13.75,0.0,112.25,115.75,32.25,64.25,19.25,46.75,10.25,36.5,27.375,12.5,2.5278679653679657,10.75,28.625,37.25,32.125,61.125,52.70137499656272,19.25,22.875,83.94999999999999,0.0,6.0,0.5333000333000333,2.5,17.875,0.1350931415076152,12.5,0.0,135.375
113,105,2017-04-02,1,1,2016-17,Toronto Raptors,Philadelphia 76ers,108.5,29.625,60.25,18.625,48.625,12.375,36.25,20.5,15.25,1.3775852007469653,9.875,24.25,41.95,30.125,59.75,49.9731939322932,18.625,24.75,77.2625,0.0,6.75,0.44171918767507,4.875,22.0,0.22005481837003577,15.25,0.0,123.875,103.125,31.125,57.5,14.5,43.75,9.75,34.0,24.125,15.75,1.5615588450292397,10.375,32.875,31.6,28.75,55.625,51.88552657254307,14.5,18.0,79.96249999999999,0.0,8.75,0.569608918128655,5.125,23.5,0.21597373607233614,15.75,0.0,116.25
110,117,2017-04-02,1,1,2016-17,New Orleans Pelicans,Chicago Bulls,113.25,33.75,64.25,15.25,46.25,9.0,37.25,25.5,11.0,2.49710202991453,11.25,30.75,36.675000000000004,32.125,58.875,54.44536201349705,15.25,20.0,76.975,0.0,8.25,0.7724225427350426,5.875,16.625,0.3701640271493213,11.0,0.0,137.125,107.5,31.125,62.25,14.125,43.25,10.5,32.75,27.375,14.0,2.0252548986101617,10.375,25.75,40.699999999999996,31.125,60.375,51.8651364529913,14.125,18.875,75.30000000000001,0.0,7.875,0.5928514467988152,5.0,18.0,0.2716815015479876,14.0,0.0,127.625
94,110,2017-04-02,1,1,2016-17,New York Knicks,Boston Celtics,100.5,16.5,67.0,17.0,41.375,9.75,31.625,22.5,12.625,1.8755749458874458,5.5,19.625,28.5125,33.5,66.0,50.76671945051182,17.0,19.25,88.55,0.0,6.5,0.5464015151515151,4.5,19.625,0.2465896311291048,12.625,0.0,113.875,109.375,30.0,57.25,22.125,45.0,10.625,34.375,25.875,15.5,1.6998482683467202,10.0,31.625,31.5,28.625,54.5,52.52626042517757,22.125,27.125,81.775,0.0,7.5,0.4929413508747874,4.375,20.75,0.21505489233260044,15.5,0.0,124.125
91,82,2017-04-02,1,1,2016-17,Brooklyn Nets,Atlanta Hawks,106.75,25.125,62.25,19.375,47.0,10.625,36.375,21.625,14.0,1.597730455818691,8.375,27.5,29.687500000000004,31.125,60.375,51.064541060385196,19.375,25.875,74.3875,0.0,6.875,0.4789731510319746,4.625,19.75,0.2509512636486321,14.0,0.0,118.0,96.75,24.75,53.25,18.75,46.75,13.625,33.125,21.5,16.75,1.328626170441186,8.25,26.25,32.2125,26.625,60.5,44.3722097914071,18.75,24.875,73.0625,0.0,7.25,0.4508862122784336,4.125,17.5,0.2474709892538251,16.75,0.0,101.625
135,130,2017-04-02,1,1,2016-17,Cleveland Cavaliers,Indiana Pacers,104.0,30.375,59.75,13.875,40.625,8.25,32.375,22.375,12.5,1.9102648448043185,10.125,30.0,33.0875,29.875,53.875,55.85039709663769,13.875,18.75,71.975,0.0,5.875,0.48601833108412057,3.5,18.75,0.19952651515151515,12.5,0.0,115.125,104.125,27.375,58.75,18.0,41.625,11.875,29.75,20.125,12.5,1.6572646103896105,9.125,22.625,40.112500000000004,29.375,63.75,46.101583751191654,18.0,22.375,79.8625,0.0,8.375,0.6981861888111889,5.625,20.5,0.28332779865566105,12.5,0.0,115.125
105,109,2017-04-02,1,1,2016-17,Milwaukee Bucks,Dallas Mavericks,103.0,31.125,58.0,13.875,39.5,8.625,30.875,24.125,12.0,2.061076943889444,10.375,27.0,38.1,29.0,56.5,52.44272191480292,13.875,18.25,77.1625,0.0,7.375,0.6507348554223554,4.875,18.375,0.2578638326720168,12.0,0.0,118.375,94.25,29.25,50.25,14.75,36.875,7.25,29.625,21.75,10.5,2.319094794094794,9.75,28.25,34.425,25.125,55.0,45.80715457878554,14.75,19.125,77.11250000000001,0.0,8.125,0.7777680652680653,3.625,18.75,0.19637896825396825,10.5,0.0,101.375
110,109,2017-04-03,1,1,2016-17,Minnesota Timberwolves,Portland Trail Blazers,109.625,20.625,66.0,23.0,35.25,10.25,25.0,23.75,13.375,1.8820316911349517,6.875,18.875,34.825,33.0,64.25,51.186157948012216,23.0,27.875,82.7625,0.0,9.625,0.7689852719744024,5.625,19.75,0.2931135893092415,13.375,0.0,122.375,111.625,32.625,60.25,18.75,45.875,11.125,34.75,18.875,12.5,1.5214285714285714,10.875,26.875,40.475,30.125,58.0,52.30250091933529,18.75,25.0,74.22500000000001,0.0,8.125,0.6697191697191698,4.625,18.375,0.26709799861973776,12.5,0.0,126.5
118,111,2017-04-04,1,1,2016-17,Washington Wizards,Charlotte Hornets,113.5,26.625,68.5,18.375,43.25,12.125,31.125,23.25,14.125,1.744585020242915,8.875,26.75,33.612500000000004,34.25,64.0,53.60382802980801,18.375,24.0,77.2375,0.0,8.75,0.6541405962458594,3.25,23.75,0.1442719465888802,14.125,0.0,124.625,111.5,36.0,55.25,20.25,38.5,8.5,30.0,24.125,9.25,3.163771645021645,12.0,31.375,38.15,27.625,53.125,52.100014538984304,20.25,24.75,81.3875,0.0,9.5,1.1166937229437228,4.0,14.5,0.2702452775982188,9.25,0.0,129.0
95,89,2017-04-04,1,1,2016-17,San Antonio Spurs,Memphis Grizzlies,103.875,27.0,60.5,16.375,42.5,11.625,30.875,25.0,12.5,2.3003326330532214,9.0,24.875,36.712500000000006,30.25,59.0,51.51923246070051,16.375,21.5,76.55,0.0,9.125,0.777085353372118,6.5,18.25,0.372467507216464,12.5,0.0,124.75,96.5,30.375,50.5,15.625,40.375,9.375,31.0,20.625,12.25,1.7697916666666669,10.125,29.75,33.975,25.25,51.625,49.06735122408647,15.625,19.375,79.075,0.0,6.625,0.5678571428571428,3.0,18.375,0.15660885167464114,12.25,0.0,105.125
108,90,2017-04-04,1,1,2016-17,Indiana Pacers,Toronto Raptors,109.0,31.125,60.0,17.875,43.25,12.25,31.0,21.375,12.125,1.8244724025974026,10.375,24.875,41.725,30.0,64.625,46.43053111961271,17.875,21.625,81.975,0.0,8.25,0.703868006993007,5.75,20.625,0.28808323343826975,12.125,0.0,122.625,111.75,28.5,65.0,18.25,46.625,12.625,34.0,21.25,15.625,1.388001867413632,9.5,23.25,41.7375,32.5,61.625,52.401892684521364,18.25,24.625,75.875,0.0,7.625,0.4896358543417367,5.75,21.75,0.26736058278106334,15.625,0.0,128.125
131,134,2017-04-04,1,1,2016-17,New Orleans Pelicans,Denver Nuggets,111.0,33.0,60.75,17.25,44.5,8.625,35.875,24.875,10.875,2.4682558760683757,11.0,30.25,36.425,30.375,58.0,52.10847898442335,17.25,21.375,79.7375,0.0,8.125,0.7684161324786325,5.5,15.875,0.362128312863607,10.875,0.0,132.125,114.125,28.5,66.25,19.375,45.75,9.625,36.125,26.625,12.125,2.566220238095238,9.5,27.625,33.675,33.125,62.25,53.296459916789175,19.375,23.0,84.025,0.0,6.25,0.5943795787545787,3.0,17.875,0.1708074272219009,12.125,0.0,132.75
98,87,2017-04-04,1,1,2016-17,Sacramento Kings,Dallas Mavericks,97.875,24.375,59.75,13.75,40.0,7.5,32.5,21.625,15.0,1.5194897014749955,8.125,20.5,40.962500000000006,29.875,60.0,50.408936240052235,13.75,18.875,71.9,0.0,5.625,0.3843025846702317,4.375,20.0,0.22884780240598654,15.0,0.0,106.875,98.625,32.625,50.0,16.0,36.375,7.125,29.25,22.25,10.625,2.340386002886003,10.875,29.875,36.574999999999996,25.0,51.625,49.03245018689365,16.0,19.5,82.375,0.0,8.25,0.7825757575757576,3.25,18.5,0.1783234126984127,10.625,0.0,109.0
106,87,2017-04-04,1,1,2016-17,Utah Jazz,Portland Trail Blazers,100.875,28.125,58.25,14.5,44.875,12.375,32.5,21.0,11.625,1.869534632034632,9.375,26.375,35.35,29.125,57.375,50.81069440377138,14.5,21.625,67.3125,0.0,6.5,0.5744724025974025,6.75,17.25,0.42557932263814613,11.625,0.0,116.0,110.875,31.875,59.75,19.25,44.875,10.875,34.0,20.25,11.625,1.986011904761905,10.625,27.625,38.525,29.875,57.625,52.192851796528274,19.25,25.125,75.85000000000001,0.0,8.5,0.8030525030525031,5.0,18.125,0.29209799861973773,11.625,0.0,127.25
122,102,2017-04-04,1,1,2016-17,Cleveland Cavaliers,Orlando Magic,111.125,35.25,60.25,15.625,42.625,9.625,33.0,24.125,13.0,1.9805773448043185,11.75,32.0,36.0125,30.125,53.375,56.794765228505824,15.625,21.25,72.0375,0.0,6.125,0.4886224977507872,4.0,18.125,0.22584230462519933,13.0,0.0,125.875,110.375,27.0,64.75,18.625,45.5,10.25,35.25,24.875,13.125,2.0083354145854146,9.0,27.125,32.375,32.375,65.75,49.494479002656554,18.625,23.125,79.475,0.0,8.375,0.6559933122433123,4.25,20.75,0.20733536416670081,13.125,0.0,124.25
118,141,2017-04-04,1,1,2016-17,Philadelphia 76ers,Brooklyn Nets,103.125,30.75,56.5,15.875,43.0,10.375,32.625,23.625,16.375,1.4838058688387634,10.25,33.25,30.875,28.25,54.25,52.396890208906704,15.875,19.25,81.8,0.0,8.625,0.5469154657477026,4.875,23.125,0.2091802578114666,16.375,0.0,114.5,105.125,24.0,63.25,17.875,48.25,10.5,37.75,22.25,14.75,1.5893971224853578,8.0,27.75,28.2375,31.625,61.375,51.1889810802956,17.875,23.625,75.47500000000001,0.0,8.0,0.5277826748414984,5.25,19.75,0.279360354557723,14.75,0.0,118.875
121,107,2017-04-04,1,1,2016-17,Golden State Warriors,Minnesota Timberwolves,114.0,39.75,60.25,14.0,42.375,9.25,33.125,31.75,15.5,2.0834653092006032,13.25,32.5,41.4375,30.125,52.125,58.18585487405902,14.0,17.125,81.825,0.0,9.25,0.6174278846153846,7.5,20.375,0.37789968652037614,15.5,0.0,145.0,110.25,21.375,65.5,23.375,37.25,10.625,26.625,25.25,13.375,2.018395327498588,7.125,18.5,38.2875,32.75,64.875,50.388538900393165,23.375,28.625,81.5375,0.0,9.25,0.7348943628834933,5.5,19.375,0.292121525817178,13.375,0.0,125.375
110,79,2017-04-04,1,1,2016-17,Oklahoma City Thunder,Milwaukee Bucks,106.75,23.625,65.5,17.625,47.125,12.5,34.625,21.125,16.375,1.348642676767677,7.875,25.125,30.362500000000004,32.75,62.75,52.06096714389885,17.625,24.375,74.8,0.0,9.625,0.6249210858585859,4.875,20.0,0.248171900339083,16.375,0.0,119.125,104.625,32.25,58.0,14.375,39.25,7.625,31.625,24.875,12.5,2.0535011863136865,10.75,27.875,38.349999999999994,29.0,54.125,54.848010737008465,14.375,18.75,77.75,0.0,7.5,0.6348257645132644,4.375,18.75,0.2251432444367227,12.5,0.0,121.5
100,91,2017-04-04,1,1,2016-17,New York Knicks,Chicago Bulls,98.5,18.0,64.0,16.5,41.125,10.125,31.0,22.5,13.125,1.745704816017316,6.0,20.5,29.925,32.0,64.75,49.39767183146421,16.5,19.125,87.02499999999999,0.0,7.25,0.5756222943722944,4.25,18.875,0.23985886189833558,13.125,0.0,110.625,108.75,33.375,61.0,14.375,42.75,9.75,33.0,27.125,13.0,2.1364989177489178,11.125,25.625,43.71249999999999,30.5,61.0,50.34377530048261,14.375,18.875,76.6875,0.0,8.125,0.6395021645021645,5.125,18.5,0.2713954603580563,13.0,0.0,129.375
111,120,2017-04-05,1,1,2016-17,Phoenix Suns,Golden State Warriors,107.875,18.0,68.0,21.875,46.75,13.125,33.625,21.0,17.25,1.3325410097149228,6.0,21.75,28.575000000000003,34.0,67.5,50.2697076552623,21.875,30.375,71.4875,0.0,8.5,0.5184533470578866,4.875,26.0,0.19382336473206657,17.25,0.0,114.0,115.25,39.375,61.5,14.375,41.625,9.125,32.5,32.375,15.0,2.194890648567119,13.125,32.375,41.225,30.75,52.375,59.14739333559748,14.375,17.5,82.2,0.0,9.375,0.6451428167420814,7.375,20.0,0.3784977726447781,15.0,0.0,147.0
102,105,2017-04-05,1,1,2016-17,Detroit Pistons,Toronto Raptors,97.0,21.375,62.0,13.625,51.0,12.75,38.25,20.625,13.125,1.7281707875457877,7.125,23.5,30.587500000000002,31.0,66.5,46.65335572517636,13.625,19.75,68.675,0.0,5.5,0.4747481684981685,4.375,18.625,0.2607202040346222,13.125,0.0,107.375,108.5,25.875,64.0,18.625,45.25,11.625,33.625,19.5,15.25,1.3023926237161532,8.625,22.75,38.9,32.0,60.25,52.79620282603079,18.625,25.0,76.125,0.0,7.625,0.5006652661064426,5.5,21.625,0.2565053196231686,15.25,0.0,122.375
100,103,2017-04-05,1,1,2016-17,Memphis Grizzlies,Oklahoma City Thunder,94.625,28.5,52.5,13.625,42.25,10.0,32.25,21.375,12.875,1.7364583333333334,9.5,29.125,32.5625,26.25,53.875,49.1777452458256,13.625,17.75,75.825,0.0,6.875,0.5553571428571429,2.875,18.625,0.1482755183413078,12.875,0.0,103.75,106.75,23.25,65.5,18.0,47.625,12.25,35.375,21.875,16.125,1.4278837481962483,7.75,25.375,29.562500000000004,32.75,62.75,52.06096714389885,18.0,24.375,76.3,0.0,9.875,0.6505907287157287,5.25,19.875,0.2681123765295592,16.125,0.0,121.25
110,104,2017-04-05,1,1,2016-17,Houston Rockets,Denver Nuggets,115.25,35.625,59.0,20.625,44.0,10.875,33.125,23.625,15.875,1.512515664160401,11.875,35.0,32.6875,29.5,53.875,55.41855870638729,20.625,25.875,78.76249999999999,0.0,7.75,0.5120614035087719,3.25,19.625,0.16847754886227423,15.875,0.0,125.25,117.75,29.625,69.25,18.875,46.375,9.875,36.5,27.0,11.75,2.668492965367965,9.875,27.5,35.05,34.625,63.625,54.50835396976269,18.875,21.875,85.0375,0.0,5.5,0.5481133449883451,2.875,17.375,0.1676824272219009,11.75,0.0,138.125
95,102,2017-04-05,1,1,2016-17,San Antonio Spurs,Los Angeles Lakers,101.0,27.0,58.5,15.5,42.625,10.75,31.875,23.875,13.375,1.9992909663865546,9.0,24.0,38.35,29.25,59.0,49.82431720646322,15.5,20.375,76.55,0.0,9.0,0.7031270200387847,6.875,18.25,0.391217507216464,13.375,0.0,120.375,108.0,24.75,66.25,17.0,42.75,11.375,31.375,21.5,13.375,1.8553921568627452,8.25,22.75,36.0,33.125,64.625,51.3136692969028,17.0,22.5,76.525,0.0,7.25,0.6109593837535013,3.375,20.875,0.1726860531097306,13.375,0.0,118.0
91,114,2017-04-05,1,1,2016-17,Boston Celtics,Cleveland Cavaliers,110.875,31.875,57.5,21.5,43.75,10.25,33.5,26.125,16.0,1.6693052819213807,10.625,32.625,32.5375,28.75,51.875,56.49947471089185,21.5,26.75,80.51249999999999,0.0,7.625,0.4844571879788598,4.0,21.0,0.19744619668042657,16.0,0.0,126.0,110.75,37.125,58.75,14.875,42.375,9.0,33.375,25.5,13.25,2.0555773448043184,12.375,32.0,37.75,29.375,53.0,55.69671731368773,14.875,20.5,71.375,0.0,6.75,0.5323724977507872,4.125,18.375,0.23105063795853267,13.25,0.0,127.375
99,112,2017-04-05,1,1,2016-17,Charlotte Hornets,Miami Heat,112.25,36.0,55.25,21.0,39.0,9.0,30.0,23.25,10.25,2.890334145021645,12.0,31.875,37.5625,27.625,52.5,52.87779231676208,21.0,25.0,84.0625,0.0,8.625,0.9682562229437228,3.875,15.0,0.2538425626660921,10.25,0.0,128.0,102.125,26.625,59.25,16.25,41.25,11.625,29.625,19.125,13.25,1.5120256275587156,8.875,26.875,33.125,29.625,59.375,50.03071157832783,16.25,22.625,71.8875,0.0,7.75,0.6003911631668984,6.625,21.5,0.3050156294401819,13.25,0.0,109.5
112,101,2017-04-05,1,1,2016-17,LA Clippers,Dallas Mavericks,114.875,32.25,59.25,23.375,43.375,8.375,35.0,21.375,13.25,1.720373774509804,10.75,28.0,38.75,29.625,52.625,56.31915089606273,23.375,29.75,78.325,0.0,6.5,0.5392565359477124,3.75,18.625,0.19980369540160564,13.25,0.0,130.0,95.625,33.375,47.25,15.0,37.125,7.875,29.25,22.375,11.375,2.254448502886003,11.125,32.125,35.0625,23.625,49.875,48.19116772796413,15.0,18.125,82.69999999999999,0.0,8.375,0.7528882575757576,4.0,17.125,0.24923687423687424,11.375,0.0,105.75
104,89,2017-04-06,1,1,2016-17,Indiana Pacers,Milwaukee Bucks,109.125,31.875,59.75,17.5,43.25,12.25,31.0,20.75,12.5,1.6781655844155845,10.625,25.5,41.475,29.875,64.25,46.48008802259778,17.5,21.0,83.0625,0.0,8.0,0.6427884615384616,5.125,20.375,0.2582844718283626,12.5,0.0,121.0,102.875,30.75,56.75,15.375,37.875,7.25,30.625,24.875,12.375,2.0663216991341993,10.25,28.125,34.9625,28.375,52.75,54.77025440925214,15.375,20.5,75.9875,0.0,7.625,0.6516526875901876,4.0,18.375,0.2125834358242825,12.375,0.0,117.5
105,98,2017-04-06,1,1,2016-17,Portland Trail Blazers,Minnesota Timberwolves,110.5,32.625,58.75,19.125,42.375,10.125,32.25,19.625,11.0,1.9909722222222221,10.875,28.25,39.0375,29.375,57.0,51.86390442810722,19.125,24.0,79.1875,0.0,8.5,0.8427350427350426,4.875,18.875,0.2697765700483092,11.0,0.0,125.0,110.0,19.5,66.0,24.5,39.125,12.0,27.125,24.25,13.25,1.9648238989271598,6.5,17.75,36.425000000000004,33.0,66.875,49.22290125934569,24.5,29.75,82.8125,0.0,9.0,0.7235848390739695,5.125,20.0,0.2582869393510126,13.25,0.0,123.875
115,107,2017-04-06,1,1,2016-17,Orlando Magic,Brooklyn Nets,109.5,28.5,61.5,19.5,45.5,10.625,34.875,25.125,13.25,2.0117694805194803,9.5,28.375,32.737500000000004,30.75,63.25,48.69000756300807,19.5,23.75,80.7875,0.0,8.125,0.6312680375180375,4.125,20.0,0.20667398850532515,13.25,0.0,123.5,110.5,26.25,64.25,20.0,47.0,9.25,37.75,24.0,15.625,1.5893971224853578,8.75,28.0,30.375,32.125,59.5,54.347686781374186,20.0,25.375,78.5625,0.0,9.0,0.5789190384778621,5.125,20.375,0.2563902690876375,15.625,0.0,128.0
123,116,2017-04-06,1,1,2016-17,Atlanta Hawks,Boston Celtics,94.875,24.75,52.75,17.375,47.875,13.125,34.75,21.125,17.625,1.2358377089027244,8.25,26.0,32.5,26.375,59.75,44.465815782190504,17.375,23.75,71.05,0.0,6.75,0.38213621227843364,3.75,18.375,0.20087011206084265,17.625,0.0,99.25,109.875,32.25,57.0,20.625,43.375,10.25,33.125,25.375,15.375,1.6837283588444578,10.75,33.125,32.6,28.5,51.0,56.906671680588815,20.625,26.75,77.49999999999999,0.0,7.375,0.48659394011561197,3.875,21.375,0.18355730779153764,15.375,0.0,123.5
90,102,2017-04-06,1,1,2016-17,Philadelphia 76ers,Chicago Bulls,104.25,31.875,56.75,15.625,40.875,10.5,30.375,24.375,15.75,1.6443172324751272,10.625,33.75,31.5125,28.375,53.125,53.449980936723264,15.625,19.625,79.6,0.0,7.625,0.5092734202931571,4.5,21.625,0.20617223642109225,15.75,0.0,114.0,108.25,33.0,59.75,15.5,42.5,10.25,32.25,26.875,13.375,2.0602002164502164,11.0,26.625,41.8875,29.875,60.625,49.59476455995124,15.5,20.0,77.3875,0.0,8.125,0.62245670995671,4.625,18.125,0.2505621270247229,13.375,0.0,126.125
103,106,2017-04-06,1,1,2016-17,New York Knicks,Washington Wizards,97.875,18.0,64.5,15.375,41.875,10.375,31.5,22.75,13.5,1.7123714826839826,6.0,20.375,30.0625,32.25,64.875,49.67739211118448,15.375,18.125,84.9375,0.0,7.0,0.5464556277056277,5.125,19.25,0.27873445998446,13.5,0.0,111.375,115.5,30.0,67.75,17.75,42.875,11.875,31.0,24.125,13.625,1.8547040678619626,10.0,26.625,37.0,33.875,64.0,52.86853391216095,17.75,23.0,78.03750000000001,0.0,9.25,0.7017596438649071,3.125,22.5,0.1472481370650707,13.625,0.0,129.25
100,114,2017-04-07,1,1,2016-17,Cleveland Cavaliers,Atlanta Hawks,110.875,35.625,59.75,15.5,44.0,9.75,34.25,25.125,13.25,2.0180773448043183,11.875,31.875,36.5125,29.875,54.0,55.5479077898782,15.5,21.0,72.46249999999999,0.0,7.125,0.5698724977507872,4.25,20.125,0.21342243283032755,13.25,0.0,128.5,99.0,24.375,54.75,19.875,48.75,13.25,35.5,21.125,17.5,1.246458623935404,8.125,24.25,34.425,27.375,62.125,44.06687961197774,19.875,26.75,74.875,0.0,7.25,0.4127734671803944,3.625,20.0,0.18077207284515637,17.5,0.0,104.5
109,114,2017-04-07,1,1,2016-17,Houston Rockets,Detroit Pistons,115.375,37.5,57.5,20.375,45.0,11.0,34.0,23.5,16.125,1.4823817355889723,12.5,36.25,33.7625,28.75,53.125,54.794957810960355,20.375,26.25,77.3125,0.0,8.0,0.5221060463659147,3.0,19.125,0.1611858821956076,16.125,0.0,124.75,95.75,19.5,63.75,12.5,48.75,12.75,36.0,20.125,13.375,1.6537660256410256,6.5,23.0,28.75,31.875,65.625,48.72114179482811,12.5,18.25,67.975,0.0,5.875,0.49855769230769226,4.375,18.625,0.2607202040346222,13.375,0.0,105.5
120,99,2017-04-07,1,1,2016-17,Phoenix Suns,Oklahoma City Thunder,109.625,19.125,69.0,21.5,48.5,14.375,34.125,22.5,16.25,1.462749343048256,6.375,23.125,28.6875,34.5,68.75,50.130154226235184,21.5,30.0,71.08749999999999,0.0,9.5,0.59397418039122,4.5,25.875,0.17801308805222468,16.25,0.0,118.875,107.75,27.0,63.0,17.75,48.125,12.25,35.875,22.0,16.25,1.4212549603174602,9.0,26.625,32.8375,31.5,61.25,51.135041217972926,17.75,23.5,77.2625,0.0,9.625,0.6202876984126984,5.375,20.0,0.27370448179271706,16.25,0.0,123.5
89,102,2017-04-07,1,1,2016-17,Dallas Mavericks,San Antonio Spurs,97.375,33.375,48.5,15.5,37.75,7.625,30.125,22.375,12.0,2.16922123015873,11.125,31.75,35.449999999999996,24.25,49.5,49.58615205398294,15.5,18.875,82.0125,0.0,8.0,0.7010416666666667,4.125,18.625,0.24580280830280832,12.0,0.0,108.375,100.375,28.875,57.75,13.75,43.125,10.5,32.625,24.625,13.375,2.0461659663865546,9.625,25.375,38.825,28.875,59.125,49.0032130834723,13.75,18.375,74.6625,0.0,8.5,0.6718770200387847,7.25,17.5,0.43524584729743565,13.375,0.0,119.875
122,106,2017-04-07,1,1,2016-17,Denver Nuggets,New Orleans Pelicans,115.25,27.75,69.75,17.75,46.75,10.375,36.375,27.0,10.625,2.784564393939394,9.25,28.625,32.175,34.875,64.75,53.93020404950751,17.75,20.875,83.91250000000001,0.0,5.875,0.610613344988345,3.125,18.125,0.17289076055523422,10.625,0.0,135.0,112.0,33.0,61.25,17.75,43.5,8.75,34.75,24.75,9.75,2.7617826617826617,11.0,30.5,36.0625,30.625,59.0,51.61828290599198,17.75,21.625,81.60000000000001,0.0,7.875,0.8030143467643468,6.25,16.0,0.40796164619694036,9.75,0.0,132.875
101,88,2017-04-07,1,1,2016-17,Memphis Grizzlies,New York Knicks,96.875,28.5,53.75,14.625,41.875,10.375,31.5,21.875,12.75,1.7822916666666666,9.5,28.0,33.675,26.875,54.875,49.374423567503925,14.625,18.75,77.3,0.0,6.875,0.5595238095238095,3.125,18.375,0.16424774056353003,12.75,0.0,107.25,98.125,17.25,65.5,15.375,43.5,11.75,31.75,22.875,13.625,1.7067625083250084,5.75,20.25,29.075000000000003,32.75,66.875,49.033324314574315,15.375,18.5,83.35,0.0,7.5,0.5809107559107559,5.25,18.375,0.2870846624136098,13.625,0.0,111.875
98,94,2017-04-07,1,1,2016-17,Los Angeles Lakers,Sacramento Kings,105.75,23.25,66.0,16.5,43.625,11.125,32.5,21.5,14.625,1.5559129901960782,7.75,21.125,37.1625,33.0,65.625,50.358808185791695,16.5,21.875,76.4875,0.0,7.625,0.5692927170868347,3.875,19.375,0.21576297618665366,14.625,0.0,116.375,97.375,26.25,57.25,13.875,41.375,7.75,33.625,20.125,16.0,1.301786352192699,8.75,22.0,39.025000000000006,28.625,58.25,49.67176419454493,13.875,18.875,72.6375,0.0,6.5,0.4112164602683179,4.125,18.75,0.22884780240598657,16.0,0.0,105.625
120,113,2017-04-07,1,1,2016-17,Utah Jazz,Minnesota Timberwolves,103.375,30.375,58.75,14.25,44.625,11.125,33.5,21.75,11.625,1.9195346320346318,10.125,26.125,38.9125,29.375,56.75,51.82610056623636,14.25,20.875,68.675,0.0,6.25,0.5578057359307359,6.5,17.75,0.38912098930481287,11.625,0.0,120.875,110.625,18.375,68.25,24.0,40.125,11.625,28.5,23.75,12.0,2.0099744005994005,6.125,18.125,33.3625,34.125,68.375,49.89986540884989,24.0,29.125,83.0625,0.0,8.625,0.7365447052947053,5.375,19.5,0.27287027268434594,12.0,0.0,125.125
96,94,2017-04-07,1,1,2016-17,Toronto Raptors,Miami Heat,106.375,26.625,62.0,17.75,43.5,10.5,33.0,20.875,14.625,1.4721230158730156,8.875,23.625,38.7125,31.0,58.375,52.82361510673255,17.75,23.5,77.7,0.0,7.75,0.5294642857142857,5.25,20.5,0.25262333204552884,14.625,0.0,121.25,103.125,31.125,56.0,16.0,41.375,10.875,30.5,19.75,13.125,1.6214006275587156,10.375,28.125,35.9375,28.0,57.625,48.53188712691718,16.0,21.625,75.225,0.0,7.375,0.5674050520557874,6.5,20.75,0.3142485839856364,13.125,0.0,112.0
87,98,2017-04-08,1,1,2016-17,San Antonio Spurs,LA Clippers,101.0,29.25,58.25,13.5,46.0,11.75,34.25,24.625,13.5,1.9687850140056025,9.75,25.625,38.9875,29.125,61.25,47.59389935798211,13.5,18.25,73.9,0.0,8.5,0.6540198771816419,7.25,16.5,0.4591692922735122,13.5,0.0,121.125,114.625,33.0,57.5,24.125,43.0,7.875,35.125,21.0,13.875,1.5912071078431373,11.0,28.0,39.550000000000004,28.75,51.125,56.33944310385494,24.125,30.625,78.62499999999999,0.0,6.875,0.5309232026143791,3.25,18.625,0.17348790592792143,13.875,0.0,129.0
107,106,2017-04-08,1,1,2016-17,Brooklyn Nets,Chicago Bulls,108.125,27.375,62.75,18.0,44.25,8.0,36.25,23.5,15.25,1.5930735930735929,9.125,28.125,31.512500000000003,31.375,58.375,54.078548025393324,18.0,22.875,78.125,0.0,8.5,0.5605366855366856,5.25,19.5,0.2718254917597023,15.25,0.0,123.5,106.0,30.75,60.5,14.75,44.75,10.375,34.375,27.125,13.625,2.050396294881589,10.25,25.125,41.1625,30.25,62.25,48.862203096257694,14.75,18.75,78.9625,0.0,7.875,0.598927298192004,4.125,17.5,0.2379524779019159,13.625,0.0,125.375
123,101,2017-04-08,1,1,2016-17,Golden State Warriors,New Orleans Pelicans,116.25,39.375,62.0,14.875,40.75,9.5,31.25,31.25,14.875,2.1375989819004526,13.125,32.375,41.225,31.0,53.75,58.114554352546634,14.875,18.5,80.8875,0.0,9.75,0.6753511500754148,8.25,19.875,0.42520829896056755,14.875,0.0,145.75,113.375,30.75,65.75,16.875,41.25,8.5,32.75,25.125,9.5,2.823845598845599,10.25,29.75,33.8125,32.875,61.125,53.34665043498395,16.875,20.875,79.725,0.0,8.25,0.8510912698412698,6.25,16.25,0.40563966477279173,9.5,0.0,133.0
101,86,2017-04-08,1,1,2016-17,Portland Trail Blazers,Utah Jazz,109.875,33.75,57.0,19.125,41.25,9.375,31.875,20.125,11.0,2.0294337606837605,11.25,29.75,37.787499999999994,28.5,55.625,51.400451038276714,19.125,23.625,80.23750000000001,0.0,8.5,0.8427350427350427,5.125,18.875,0.2822765700483092,11.0,0.0,123.75,105.875,33.375,58.0,14.5,42.625,10.25,32.375,22.875,12.0,1.9511904761904764,11.125,26.125,42.9125,29.0,55.125,52.830068820204616,14.5,21.125,69.0125,0.0,6.625,0.5724161255411255,6.0,18.25,0.349905303030303,12.0,0.0,124.25
112,127,2017-04-08,1,1,2016-17,Orlando Magic,Indiana Pacers,109.875,30.375,62.0,17.5,44.625,10.0,34.625,25.75,12.75,2.0941107503607506,10.125,28.625,35.0625,31.0,62.5,49.57841493028868,17.5,21.25,81.0375,0.0,8.0,0.642180735930736,4.375,19.75,0.22144671577805244,12.75,0.0,126.125,109.625,30.75,60.5,18.375,43.125,11.5,31.625,20.75,13.0,1.632916715637304,10.25,25.125,40.5625,30.25,63.75,47.57793085772876,18.375,21.875,84.125,0.0,8.25,0.6280825791855204,4.75,19.5,0.2500607876178363,13.0,0.0,121.625
82,90,2017-04-08,1,1,2016-17,Philadelphia 76ers,Milwaukee Bucks,103.375,31.5,56.0,15.875,44.0,11.0,33.0,24.375,16.125,1.589509540167435,10.5,34.75,30.1625,28.0,52.625,53.206655019036944,15.875,20.25,78.23750000000001,0.0,7.875,0.5054272664470033,4.375,21.125,0.20416994809157282,16.125,0.0,114.625,99.5,28.875,55.5,15.125,37.125,7.125,30.0,24.0,13.625,1.873139880952381,9.625,26.75,34.974999999999994,27.75,52.875,53.28436171730024,15.125,19.875,77.4875,0.0,7.5,0.596999007936508,4.0,19.75,0.18985616309700978,13.625,0.0,111.5
103,106,2017-04-08,1,1,2016-17,Washington Wizards,Miami Heat,115.75,31.125,66.5,18.125,41.0,10.875,30.125,23.375,13.0,1.8551739926739927,10.375,26.625,38.1,33.25,61.375,54.21074702691505,18.125,23.625,77.72500000000001,0.0,8.75,0.6871919746919747,3.375,22.0,0.16385652867346231,13.0,0.0,129.375,100.875,30.0,54.5,16.375,40.75,10.5,30.25,19.625,13.625,1.584997118786786,10.0,27.625,35.2,27.25,56.5,48.124278431265004,16.375,22.375,74.6125,0.0,7.0,0.5248611924066645,6.5,20.25,0.3190104887475412,13.625,0.0,108.25
114,121,2017-04-08,1,1,2016-17,Charlotte Hornets,Boston Celtics,111.0,35.625,53.75,21.625,38.125,8.0,30.125,22.625,9.75,2.9861674783549783,11.875,31.625,37.4,26.875,51.25,52.69809779744492,21.625,25.75,83.8875,0.0,7.75,0.8974228896103896,4.375,15.375,0.2809258959994254,9.75,0.0,125.875,110.625,34.125,55.0,21.5,41.5,9.125,32.375,26.5,15.0,1.817061692177791,11.375,34.375,33.175,27.5,49.375,56.50773551037605,21.5,27.5,78.5,0.0,7.25,0.4970106067822786,3.625,22.0,0.1695486871018825,15.0,0.0,123.625
110,109,2017-04-09,1,1,2016-17,Los Angeles Lakers,Minnesota Timberwolves,104.375,22.5,65.25,16.625,43.625,11.375,32.25,21.125,15.125,1.446984418767507,7.5,21.625,35.5,32.625,64.375,50.790035784358,16.625,21.625,77.6125,0.0,8.125,0.5764355742296918,3.625,18.5,0.20705085497453243,15.125,0.0,114.875,109.875,18.375,66.5,25.0,39.75,11.25,28.5,22.5,11.75,1.9534267815517816,6.125,17.5,34.675,33.25,67.0,49.6612339202184,25.0,29.875,84.2,0.0,8.375,0.7350566100566102,4.25,20.125,0.21537027268434591,11.75,0.0,123.0
126,125,2017-04-09,1,1,2016-17,Atlanta Hawks,Cleveland Cavaliers,100.75,27.375,55.5,17.875,48.5,12.625,35.875,23.5,16.875,1.5333904421172222,9.125,25.75,35.825,27.75,61.0,45.710164605672574,17.875,24.125,77.025,0.0,6.75,0.406381421725849,3.375,19.75,0.16993615953246288,16.875,0.0,109.875,109.375,35.625,59.25,14.5,44.0,9.75,34.25,24.75,13.5,1.952601154328128,11.875,33.25,35.1375,29.625,53.5,55.71797581708909,14.5,20.125,71.08749999999999,0.0,7.0,0.5520153548936444,4.0,18.625,0.22251334192123665,13.5,0.0,124.75
124,111,2017-04-09,1,1,2016-17,Phoenix Suns,Dallas Mavericks,112.375,19.5,71.0,21.875,47.875,14.0,33.875,22.5,14.75,1.612749343048256,6.5,22.25,30.7375,35.5,68.375,51.89768816288677,21.875,29.625,73.125,0.0,8.5,0.6002241803912199,4.875,25.375,0.19435924189837853,14.75,0.0,125.0,96.375,33.0,48.75,14.625,39.0,7.875,31.125,22.375,12.0,2.16922123015873,11.0,31.75,34.975,24.375,50.25,49.16132486504284,14.625,17.625,81.48750000000001,0.0,6.75,0.5621527777777777,4.625,18.5,0.27684855993679525,12.0,0.0,107.5
128,135,2017-04-09,1,1,2016-17,Sacramento Kings,Houston Rockets,96.875,25.5,57.0,14.375,41.75,8.0,33.75,21.125,17.25,1.2658331749351739,8.5,21.25,39.212500000000006,28.5,57.875,49.808911529968114,14.375,19.25,74.75,0.0,6.375,0.38069806561948843,4.125,19.25,0.21832148661651288,17.25,0.0,106.0,113.375,37.125,55.5,20.75,46.75,11.375,35.375,23.25,16.375,1.4243460213032584,12.375,37.875,32.099999999999994,27.75,51.25,54.876657157365585,20.75,26.875,76.9,0.0,6.875,0.42389176065162903,3.5,18.25,0.19982224583197122,16.375,0.0,122.25
105,106,2017-04-09,1,1,2016-17,Denver Nuggets,Oklahoma City Thunder,114.75,28.5,67.25,19.0,47.5,10.5,37.0,26.5,12.5,2.239921536796537,9.5,29.375,31.9625,33.625,61.75,54.93952081969384,19.0,23.25,80.4,0.0,6.125,0.5183514402264402,3.625,18.0,0.20622409388856755,12.5,0.0,133.75,104.875,28.125,58.75,18.0,47.375,12.75,34.625,20.375,15.5,1.3806299603174603,9.375,28.375,32.625,29.375,60.0,48.93970071618081,18.0,23.875,77.1875,0.0,8.875,0.5781001984126983,4.75,21.125,0.22930402930402932,15.5,0.0,115.25
97,110,2017-04-09,1,1,2016-17,New York Knicks,Toronto Raptors,97.25,17.625,65.75,13.875,43.625,12.5,31.125,22.5,13.625,1.672671599234099,5.875,21.0,28.9125,32.875,66.125,49.82877886002886,13.875,17.625,77.875,0.0,7.875,0.615001665001665,4.625,17.875,0.2620846624136098,13.625,0.0,110.125,105.75,27.75,61.25,16.75,42.625,10.625,32.0,21.375,14.625,1.4999007936507935,9.25,23.25,41.074999999999996,30.625,59.5,51.35040082101826,16.75,22.5,76.78750000000001,0.0,7.875,0.5364087301587301,5.375,20.875,0.2555995225217193,14.625,0.0,119.75
90,103,2017-04-09,1,1,2016-17,Memphis Grizzlies,Detroit Pistons,98.25,30.375,53.5,14.375,41.375,10.0,31.375,22.125,12.75,1.8001488095238096,10.125,27.75,36.3125,26.75,54.75,49.24155792124542,14.375,18.375,77.71249999999999,0.0,6.75,0.550595238095238,3.75,17.875,0.21682710564289515,12.75,0.0,109.875,98.0,21.0,64.25,12.75,49.25,13.75,35.5,21.375,13.25,1.9126945970695972,7.0,23.375,30.362500000000004,32.125,67.25,48.0208059871222,12.75,18.25,69.53750000000001,0.0,5.5,0.4598672161172161,3.5,18.625,0.20924961579932805,13.25,0.0,107.375
99,105,2017-04-10,1,1,2016-17,Golden State Warriors,Utah Jazz,117.375,39.375,63.25,14.75,41.875,9.625,32.25,31.25,14.375,2.2957186400201106,13.125,32.625,40.975,31.625,54.375,58.52506338374531,14.75,18.25,81.5,0.0,8.25,0.5685135432378079,7.75,19.875,0.39187496562723423,14.375,0.0,146.375,103.125,33.0,55.75,14.375,42.5,8.875,33.625,23.0,12.625,1.8526327838827839,11.0,25.0,43.7375,27.875,54.75,51.27184028001872,14.375,20.5,70.2,0.0,6.25,0.5135218947718947,6.25,19.125,0.33285984848484845,12.625,0.0,121.5
89,79,2017-04-10,1,1,2016-17,Milwaukee Bucks,Charlotte Hornets,98.25,28.125,55.0,15.125,38.125,6.75,31.375,22.875,14.375,1.6481398809523808,9.375,26.75,34.05,27.5,51.75,53.90305654706064,15.125,20.375,75.3,0.0,7.5,0.5414434523809524,3.75,19.5,0.18105699125435967,14.375,0.0,109.25,112.125,35.25,54.0,22.875,38.125,7.125,31.0,23.125,9.25,3.1744791666666665,11.75,30.375,38.125,27.0,51.75,52.440542852389974,22.875,26.75,85.3125,0.0,7.625,0.9185267857142857,4.5,15.125,0.29318079796020974,9.25,0.0,129.0
101,105,2017-04-10,1,1,2016-17,Detroit Pistons,Washington Wizards,99.0,23.625,62.5,12.875,49.5,13.625,35.875,21.75,13.5,1.9179029304029305,7.875,24.375,32.237500000000004,31.25,65.5,47.92549008298276,12.875,18.125,70.78750000000001,0.0,5.75,0.46854777167277173,3.625,18.0,0.2227300079561908,13.5,0.0,110.125,112.5,30.375,64.5,17.625,40.75,11.0,29.75,22.375,14.25,1.6239239926739928,10.125,26.125,37.8375,32.25,59.875,53.91234645398595,17.625,23.625,75.44999999999999,0.0,8.5,0.6184419746919747,3.5,22.625,0.16221179183135706,14.25,0.0,123.75
125,96,2017-04-10,1,1,2016-17,LA Clippers,Houston Rockets,110.25,29.625,59.0,21.625,42.625,7.25,35.375,20.75,12.875,1.7396446078431373,9.875,26.625,37.275,29.5,52.5,56.244566443513385,21.625,28.375,74.825,0.0,7.375,0.6246732026143791,3.625,17.875,0.20801171545173094,12.875,0.0,125.25,115.625,38.625,54.75,22.25,44.5,10.125,34.375,22.875,16.25,1.4141121031746033,12.875,38.375,32.849999999999994,27.375,49.125,57.053834334542756,22.25,28.25,78.4125,0.0,6.625,0.4118303571428571,3.375,18.625,0.19144904009034444,16.25,0.0,123.5
114,105,2017-04-10,1,1,2016-17,Boston Celtics,Brooklyn Nets,112.125,36.375,54.0,21.75,41.5,8.5,33.0,27.5,14.0,2.1046433915241964,12.125,35.875,33.5375,27.0,48.25,56.7818583173936,21.75,27.875,78.0875,0.0,6.875,0.48802367867770347,4.0,22.25,0.18773754159104658,14.0,0.0,126.875,108.0,30.0,60.0,18.0,45.0,8.5,36.5,23.5,15.125,1.6095571095571095,10.0,30.125,33.050000000000004,30.0,57.625,52.558484409048816,18.0,22.625,78.8875,0.0,9.75,0.6601245976245976,5.5,18.375,0.3067905267247372,15.125,0.0,124.25
99,98,2017-04-10,1,1,2016-17,Portland Trail Blazers,San Antonio Spurs,108.5,34.5,54.5,19.5,42.75,10.375,32.375,19.0,9.5,2.4544337606837607,11.5,30.75,36.949999999999996,27.25,57.125,47.64501443740685,19.5,23.5,83.0875,0.0,8.5,1.0094017094017094,5.5,18.375,0.3104015700483092,9.5,0.0,121.625,98.625,28.5,56.0,14.125,44.75,10.625,34.125,23.625,13.5,1.8973564425770308,9.5,25.25,38.5375,28.0,59.25,47.28518547168202,14.125,19.0,74.35000000000001,0.0,7.5,0.5825913057530704,6.875,16.375,0.43956144913625733,13.5,0.0,116.0
111,120,2017-04-10,1,1,2016-17,Philadelphia 76ers,Indiana Pacers,99.0,31.5,51.25,16.25,44.125,10.875,33.25,24.375,16.0,1.5979159729159729,10.5,35.5,29.3875,25.625,51.125,50.18004332488402,16.25,20.25,79.875,0.0,7.75,0.5021377927627928,4.0,20.375,0.1892551753643001,16.0,0.0,108.75,110.875,30.0,61.75,19.125,43.875,10.875,33.0,22.75,13.25,1.741891074611663,10.0,24.875,40.0375,30.875,62.875,49.22845902674284,19.125,22.875,84.25,0.0,7.875,0.5915441176470588,4.25,17.75,0.24891136233047995,13.25,0.0,125.75
122,75,2017-04-10,1,1,2016-17,Chicago Bulls,Orlando Magic,104.625,30.75,58.75,15.125,46.75,10.875,35.875,24.375,14.375,1.7442465622612682,10.25,25.25,40.912499999999994,29.375,63.375,46.459890496576676,15.125,18.5,82.0875,0.0,7.125,0.5066813088871912,4.625,17.5,0.2629524779019159,14.375,0.0,120.75,111.125,30.375,62.25,18.5,43.375,8.875,34.5,26.125,12.625,2.140814047064047,10.125,27.375,36.525,31.125,63.25,49.057581596955345,18.5,22.75,80.125,0.0,8.625,0.6936917249417249,4.25,19.375,0.21733487367278928,12.625,0.0,127.25
124,121,2017-04-10,1,1,2016-17,Miami Heat,Cleveland Cavaliers,103.625,30.375,55.5,17.75,40.75,10.25,30.5,20.0,13.125,1.6590921414112203,10.125,27.0,36.8,27.75,56.875,48.66419095176801,17.75,24.0,75.67500000000001,0.0,7.625,0.5910376629948998,6.0,19.75,0.30528051163083636,13.125,0.0,112.625,110.625,38.25,58.5,13.875,46.625,10.0,36.625,25.25,14.0,1.9277142765000737,12.75,34.875,35.75,29.25,53.75,54.71797581708909,13.875,19.25,71.3625,0.0,6.75,0.523734811907219,3.625,19.75,0.19473556414345888,14.0,0.0,126.875
129,104,2017-04-11,1,1,2016-17,Sacramento Kings,Phoenix Suns,100.375,25.125,59.0,16.25,41.875,8.125,33.75,21.0,15.25,1.755118889220888,8.375,22.5,36.8875,29.5,58.0,51.30020697287647,16.25,21.375,75.55000000000001,0.0,6.5,0.5390313989528217,3.875,19.5,0.20096037550540174,15.25,0.0,110.625,112.875,20.25,71.75,20.875,47.125,13.75,33.375,22.875,14.625,1.6624288302277432,6.75,22.25,32.05,35.875,67.625,53.11802092530419,20.875,27.5,74.875,0.0,8.125,0.5761857188527585,5.0,23.875,0.2096370196761563,14.625,0.0,127.5
108,96,2017-04-11,1,1,2016-17,Los Angeles Lakers,New Orleans Pelicans,101.875,21.0,65.25,15.625,43.375,11.75,31.625,21.125,14.625,1.4876094187675069,7.0,22.125,32.5125,32.625,63.625,51.415850647461,15.625,20.625,76.9,0.0,8.625,0.6170605742296918,4.375,18.5,0.23965955062670635,14.625,0.0,113.625,112.625,27.375,68.25,17.0,41.0,8.5,32.5,24.625,9.25,2.8488455988455987,9.125,27.625,32.1875,34.125,62.625,54.09411052206668,17.0,21.5,77.8,0.0,7.5,0.7854662698412698,5.5,16.25,0.3556396647727917,9.25,0.0,130.5
91,109,2017-04-11,1,1,2016-17,Dallas Mavericks,Denver Nuggets,99.5,36.375,49.0,14.125,39.5,8.5,31.0,22.75,11.75,2.2483878968253967,12.125,33.875,36.3,24.5,50.0,49.61538469410268,14.125,17.5,79.41250000000001,0.0,6.125,0.5204861111111111,4.375,19.375,0.25646812515418654,11.75,0.0,109.875,112.25,30.0,66.5,15.75,47.125,9.625,37.5,26.375,12.375,2.2479343573093575,10.0,30.25,32.775,33.25,61.125,54.91679354696657,15.75,19.75,80.4375,0.0,5.875,0.5039283633033633,3.625,18.125,0.20414076055523422,12.375,0.0,130.75
98,100,2017-04-11,1,1,2016-17,Minnesota Timberwolves,Oklahoma City Thunder,111.0,18.75,67.0,25.25,41.5,11.5,30.0,24.0,12.625,1.9440517815517815,6.25,18.125,34.675,33.5,66.875,50.14783065681514,25.25,29.75,85.3125,0.0,8.125,0.6454732767232767,4.625,20.375,0.23545955839863164,12.625,0.0,126.875,102.5,26.25,58.25,18.0,49.0,13.125,35.875,19.375,15.0,1.367609126984127,8.75,27.75,31.0375,29.125,60.875,47.89436620913856,18.0,23.125,79.625,0.0,7.875,0.5338293650793651,4.75,20.875,0.23118372855214958,15.0,0.0,112.625
103,76,2017-04-11,1,1,2016-17,Atlanta Hawks,Charlotte Hornets,104.375,27.75,57.75,18.875,48.0,12.25,35.75,24.875,16.25,1.7092482852544773,9.25,26.875,34.9,28.875,61.25,47.326740197658,18.875,25.75,75.8875,0.0,7.125,0.45295004917682935,3.5,20.125,0.17292659015447243,16.25,0.0,114.75,107.0,31.875,54.0,21.125,37.875,7.0,30.875,22.125,9.5,2.9482886904761907,10.625,28.875,35.762499999999996,27.0,52.5,51.85574753075255,21.125,25.375,81.5375,0.0,8.0,0.9284474206349207,4.875,14.625,0.3378236551030669,9.5,0.0,122.375
100,103,2017-04-12,1,1,2016-17,Portland Trail Blazers,New Orleans Pelicans,108.75,34.5,54.75,19.5,40.375,10.375,30.0,18.25,9.0,2.47366452991453,11.5,30.625,37.1375,27.375,57.25,47.76730423116677,19.5,23.125,84.89999999999999,0.0,8.25,1.0158119658119658,5.375,18.5,0.30121039357772095,9.0,0.0,119.375,110.25,26.625,66.0,17.625,38.375,7.875,30.5,24.625,10.25,2.659303115185468,8.875,27.0,32.0,33.0,61.0,53.70877217620202,17.625,22.5,76.7625,0.0,7.375,0.7388976423902894,5.625,16.0,0.36692438699501395,10.25,0.0,125.0
110,102,2017-04-12,1,1,2016-17,Miami Heat,Washington Wizards,105.625,32.25,55.0,18.375,41.5,9.375,32.125,21.125,12.75,1.7798854106419897,10.75,27.5,38.337500000000006,27.5,56.875,48.260965145316405,18.375,25.25,74.6,0.0,7.625,0.6072636245333614,5.75,20.25,0.2912944976448224,12.75,0.0,115.875,109.75,30.0,63.0,16.75,41.75,10.75,31.0,22.75,14.875,1.5724534044386986,10.0,26.25,36.887499999999996,31.5,59.875,52.74047145398595,16.75,22.375,76.2875,0.0,8.25,0.5730988374370727,3.625,21.375,0.1885495844734975,14.875,0.0,121.0
83,98,2017-04-12,1,1,2016-17,Cleveland Cavaliers,Toronto Raptors,116.5,42.0,59.25,15.25,47.5,9.75,37.75,25.125,14.25,1.9092305672268908,14.0,36.0,38.825,29.625,53.375,55.74136762995458,15.25,20.375,74.475,0.0,6.625,0.5127698996265172,3.875,20.375,0.20223556414345886,14.25,0.0,134.5,107.75,28.125,61.25,18.375,42.25,9.75,32.5,21.125,14.125,1.5438401875901875,9.375,24.5,39.75,30.625,57.75,53.25257473406174,18.375,24.25,77.9375,0.0,7.75,0.552317821067821,5.125,20.0,0.24667095109314788,14.125,0.0,121.75
113,109,2017-04-12,1,1,2016-17,Orlando Magic,Detroit Pistons,106.125,27.75,59.5,18.875,42.125,9.25,32.875,23.875,13.375,1.8640760791496085,9.25,27.5,33.0625,29.75,62.25,47.589970260922954,18.875,23.125,80.85,0.0,8.75,0.6850018853695324,4.125,19.5,0.20793944883618798,13.375,0.0,116.625,100.75,26.625,62.75,11.375,47.75,12.875,34.875,21.875,13.625,1.9012362637362639,8.875,24.875,35.9125,31.375,64.75,48.5862611481656,11.375,16.25,72.66250000000001,0.0,6.5,0.539381105006105,3.5,18.125,0.21456007331566795,13.625,0.0,112.5
93,100,2017-04-12,1,1,2016-17,Memphis Grizzlies,Dallas Mavericks,97.75,30.75,52.75,14.25,40.5,9.125,31.375,22.375,12.75,1.8168154761904762,10.25,26.75,38.224999999999994,26.375,54.5,48.795129349816854,14.25,18.125,78.025,0.0,6.875,0.5589285714285714,4.125,18.25,0.24026460564289515,12.75,0.0,110.375,99.5,37.125,49.0,13.375,39.875,8.5,31.375,22.875,11.5,2.2874904609279607,12.375,35.25,35.7375,24.5,49.625,49.96771312547522,13.375,16.5,79.77499999999999,0.0,5.625,0.49740918803418804,4.375,18.75,0.270672670608732,11.5,0.0,109.625
104,86,2017-04-12,1,1,2016-17,Indiana Pacers,Atlanta Hawks,112.5,29.25,65.0,18.25,43.0,11.125,31.875,24.5,13.75,1.810072892793481,9.75,24.75,38.800000000000004,32.5,62.5,51.817529075052015,18.25,21.875,84.025,0.0,7.875,0.5642713903743315,4.375,19.0,0.23762373691241978,13.75,0.0,129.875,105.75,28.5,59.0,18.25,47.0,10.375,36.625,26.625,15.75,1.8345984253104994,9.5,26.875,35.825,29.5,58.875,50.39418331791802,18.25,24.0,78.1875,0.0,6.625,0.4375438867118434,3.625,19.875,0.18260151275509162,15.75,0.0,121.375
105,111,2017-04-12,1,1,2016-17,Oklahoma City Thunder,Denver Nuggets,103.5,26.625,58.0,18.875,49.75,14.0,35.75,20.0,14.875,1.4113182773109243,8.875,27.625,31.75,29.0,61.125,47.50374120913856,18.875,24.5,78.4125,0.0,7.5,0.5158555088702147,4.375,20.875,0.21332658569500673,14.875,0.0,113.75,114.625,34.5,64.75,15.375,47.75,10.0,37.75,27.625,13.375,2.184208867113279,11.5,32.375,35.1375,32.375,57.625,56.404888785061814,15.375,19.75,77.7625,0.0,6.375,0.5137322848719907,3.625,18.25,0.20345394736842107,13.375,0.0,136.125
115,95,2017-04-12,1,1,2016-17,LA Clippers,Sacramento Kings,114.0,30.0,61.25,22.75,43.125,7.625,35.5,22.125,12.0,1.9697916666666666,10.0,26.5,37.925,30.625,54.0,56.79971883828841,22.75,29.25,76.75,0.0,7.75,0.6930555555555555,3.375,17.875,0.19238671545173094,12.0,0.0,132.0,104.25,23.625,61.25,19.375,43.0,8.375,34.625,21.625,15.375,1.784766325118324,7.875,21.375,37.0125,30.625,59.0,52.36047483001933,19.375,25.125,76.7875,0.0,6.75,0.5542557579271807,3.625,19.25,0.19182994072279305,15.375,0.0,116.25
109,94,2017-04-12,1,1,2016-17,Golden State Warriors,Los Angeles Lakers,116.5,36.375,65.25,14.875,42.5,9.75,32.75,30.625,13.75,2.3277699220713925,12.125,31.875,38.625,32.625,56.25,58.46824520192713,14.875,18.5,81.16250000000001,0.0,7.75,0.554090466314731,8.0,20.125,0.4026592793527244,13.75,0.0,144.625,105.25,22.125,66.75,16.375,44.0,12.625,31.375,21.75,15.0,1.4808786495367376,7.375,22.25,34.0875,33.375,64.0,52.29968903129938,16.375,21.375,78.25,0.0,9.75,0.6862913434604611,4.375,18.625,0.23843406043062793,15.0,0.0,119.625
112,94,2017-04-12,1,1,2016-17,Boston Celtics,Milwaukee Bucks,110.125,36.375,53.25,20.5,41.625,8.125,33.5,27.5,13.875,2.123095772476577,12.125,35.5,33.875,26.625,48.25,56.07431114758228,20.5,26.125,78.8,0.0,6.75,0.4838570120110368,3.875,21.125,0.1899454220258292,13.875,0.0,125.375,97.625,31.5,52.25,13.875,39.625,6.625,33.0,23.875,15.125,1.6168898809523808,10.5,27.25,37.662499999999994,26.125,50.5,52.41237830855213,13.875,18.875,73.2375,0.0,7.0,0.4726934523809524,4.125,20.125,0.20784270554007395,15.125,0.0,111.0
101,97,2017-04-12,1,1,2016-17,Utah Jazz,San Antonio Spurs,104.375,34.875,55.5,14.0,43.25,9.125,34.125,23.875,12.375,1.9582875457875457,11.625,26.125,44.525,27.75,54.375,51.37052449054504,14.0,20.125,69.5125,0.0,6.625,0.5522123709623709,6.25,18.5,0.33787321746880566,12.375,0.0,124.75,98.0,28.875,55.0,14.125,44.125,11.0,33.125,22.75,13.875,1.7890231092436977,9.625,24.625,39.9375,27.5,59.5,46.250239235122876,14.125,19.375,72.80000000000001,0.0,6.625,0.5013413057530705,7.125,16.0,0.4659503380251462,13.875,0.0,112.5
112,73,2017-04-12,1,1,2016-17,Chicago Bulls,Brooklyn Nets,106.5,31.5,61.0,14.0,48.625,10.375,38.25,25.75,14.125,1.8782209212356271,10.5,25.5,41.475,30.5,62.875,48.565434206598,14.0,16.625,83.75,0.0,7.5,0.5470659242718066,4.5,17.625,0.2525358112352492,14.125,0.0,128.75,107.75,30.75,57.75,19.25,44.875,8.125,36.75,23.125,14.375,1.6512237762237763,10.25,31.25,32.862500000000004,28.875,56.5,51.53575713632154,19.25,23.75,79.6875,0.0,9.125,0.6531801531801532,5.375,17.625,0.3112642109352636,14.375,0.0,122.75
114,113,2017-04-12,1,1,2016-17,New York Knicks,Philadelphia 76ers,97.125,19.875,63.25,14.0,42.5,11.75,30.75,22.875,13.0,1.791989781052281,6.625,23.25,29.175000000000004,31.625,63.25,50.14142917267917,14.0,17.625,78.7,0.0,7.875,0.6363084831834832,4.125,18.125,0.22996660685805423,13.0,0.0,109.625,101.125,31.125,51.5,18.5,42.25,11.125,31.125,24.5,16.25,1.5883673618048617,10.375,34.5,30.05,25.75,50.5,51.14255598952435,18.5,22.375,82.2375,0.0,8.125,0.5168947372072372,3.5,19.875,0.16866020968924286,16.25,0.0,110.5
123,118,2017-04-12,1,1,2016-17,Houston Rockets,Minnesota Timberwolves,110.5,34.5,53.25,22.75,45.125,11.0,34.125,21.75,15.625,1.40577876984127,11.5,38.5,29.249999999999996,26.625,49.625,54.497016152724576,22.75,29.0,78.0125,0.0,6.25,0.4034970238095238,3.25,18.625,0.18601425748164876,15.625,0.0,115.0,108.875,17.25,68.25,23.375,41.5,11.5,30.0,24.25,12.25,2.020350482850483,5.75,18.125,32.175,34.125,67.875,50.36334789819445,23.375,28.25,83.0,0.0,8.375,0.6925511988011989,3.875,19.75,0.20638201829167976,12.25,0.0,123.625
83,97,2017-04-15,1,1,2016-17,Toronto Raptors,Milwaukee Bucks,103.625,27.375,59.5,16.75,42.875,10.125,32.75,20.625,13.375,1.6216179653679652,9.125,25.875,35.2625,29.75,56.75,52.750123753669584,16.75,21.875,77.53750000000001,0.0,7.875,0.6050955988455988,4.375,19.375,0.21917095109314788,13.375,0.0,117.125,94.625,28.5,52.0,14.125,39.75,7.375,32.375,23.25,15.5,1.531280637254902,9.5,26.375,35.0875,26.0,52.625,49.673928234036474,14.125,18.875,74.71249999999999,0.0,7.625,0.5078825280112045,4.875,19.375,0.24966962861699704,15.5,0.0,106.375
109,108,2017-04-15,1,1,2016-17,Cleveland Cavaliers,Indiana Pacers,115.25,42.0,57.0,16.25,47.25,9.875,37.375,24.75,14.25,1.8842305672268909,14.0,37.25,37.575,28.5,51.25,55.48381268489965,16.25,21.375,76.2875,0.0,6.5,0.5044365662931839,4.125,19.375,0.23632647323436795,14.25,0.0,132.5,111.25,31.125,63.5,16.625,43.5,10.75,32.75,24.0,13.125,1.8642395594601477,10.375,25.5,40.5375,31.75,61.875,51.12308463060757,16.625,19.875,84.1875,0.0,7.5,0.5601047237076648,4.625,18.0,0.27171464600332884,13.125,0.0,129.25
95,97,2017-04-15,1,1,2016-17,LA Clippers,Utah Jazz,114.875,31.125,61.75,22.0,42.625,7.625,35.0,24.0,11.5,2.3989583333333333,10.375,26.625,39.150000000000006,30.875,53.75,57.50147322425333,22.0,28.875,75.0875,0.0,7.125,0.6638888888888889,3.5,17.625,0.205622009569378,11.5,0.0,134.625,103.5,33.0,56.25,14.25,41.625,8.625,33.0,23.5,13.0,1.8535081340228396,11.0,26.0,42.3875,28.125,53.5,52.87491935193787,14.25,20.375,70.0,0.0,7.125,0.5632417827270768,6.0,17.75,0.3371629901960784,13.0,0.0,122.25
111,82,2017-04-15,1,1,2016-17,San Antonio Spurs,Memphis Grizzlies,97.875,28.5,56.5,12.875,44.125,10.875,33.25,22.25,13.625,1.775297619047619,9.5,24.25,40.0125,28.25,60.25,46.915167527169814,12.875,17.75,73.27499999999999,0.0,7.0,0.5351648351648352,6.25,16.625,0.38690622037808736,13.625,0.0,112.25,98.125,31.875,52.5,13.75,40.875,8.75,32.125,22.75,13.625,1.7324404761904761,10.625,26.625,39.824999999999996,26.25,53.875,49.013614519308376,13.75,17.25,78.9125,0.0,6.875,0.5297619047619048,4.5,18.875,0.2535496297974845,13.625,0.0,112.375
118,87,2017-04-16,1,1,2016-17,Houston Rockets,Oklahoma City Thunder,112.625,39.75,52.75,20.125,46.25,11.75,34.5,23.875,15.125,1.6897073412698413,13.25,41.625,31.474999999999998,26.375,48.0,55.94236393953578,20.125,26.875,74.75,0.0,6.5,0.46063988095238095,3.875,18.625,0.23065711462450592,15.125,0.0,121.25,102.375,25.875,58.5,18.0,49.0,14.375,34.625,20.25,14.875,1.4321516106442578,8.625,26.625,31.9625,29.25,62.0,47.28205928694176,18.0,23.125,78.4625,0.0,7.375,0.5054388422035481,4.5,21.375,0.2112432523616734,14.875,0.0,112.75
102,106,2017-04-16,1,1,2016-17,Boston Celtics,Chicago Bulls,110.125,37.875,52.25,20.0,42.875,8.375,34.5,27.375,12.5,2.3969444566871037,12.625,37.0,33.875,26.125,48.375,55.004255242620715,20.0,26.25,76.45,0.0,7.25,0.6187254330636683,3.875,20.875,0.1922674034499778,12.5,0.0,126.125,106.875,33.0,58.75,15.125,50.25,10.875,39.375,25.125,13.875,1.8724516904663964,11.0,26.625,41.362500000000004,29.375,63.0,46.72649189890569,15.125,18.0,84.52499999999999,0.0,8.875,0.6579633601692425,4.75,17.875,0.264688589013027,13.875,0.0,129.875
114,107,2017-04-16,1,1,2016-17,Washington Wizards,Atlanta Hawks,107.625,30.375,61.25,16.0,40.875,10.125,30.75,22.0,14.625,1.5462296282149222,10.125,26.625,36.987500000000004,30.625,58.625,52.51823640434384,16.0,21.0,77.6125,0.0,7.875,0.5599869493251846,3.25,20.5,0.16979958447349752,14.625,0.0,117.5,104.625,30.375,56.75,17.5,45.25,10.25,35.0,26.0,15.875,1.7954536884683943,10.125,27.125,37.7875,28.375,57.0,49.88295637325083,17.5,22.75,79.0,0.0,6.625,0.4358991498697381,3.375,18.875,0.18332615043625106,15.875,0.0,119.125
121,109,2017-04-16,1,1,2016-17,Golden State Warriors,Portland Trail Blazers,116.0,36.75,64.0,15.25,43.75,10.5,33.25,29.75,14.25,2.2398847680097678,12.25,31.25,39.4375,32.0,57.125,56.13865497340073,15.25,19.25,80.31249999999999,0.0,8.375,0.5712473290598291,8.125,18.625,0.4313103949713857,14.25,0.0,143.625,106.0,36.375,52.5,17.125,41.125,10.25,30.875,19.125,11.0,2.3753311965811963,12.125,31.0,38.849999999999994,26.25,56.125,46.904378094803135,17.125,20.625,80.625,0.0,7.75,0.9247008547008546,5.0,18.5,0.28037706024438763,11.0,0.0,115.75
117,111,2017-04-17,1,1,2016-17,Cleveland Cavaliers,Indiana Pacers,113.625,41.25,55.5,16.875,45.375,9.5,35.875,24.25,14.5,1.7630184460147695,13.75,37.125,36.8875,27.75,49.25,56.22623692732389,16.875,22.75,75.7375,0.0,6.375,0.4728709097275274,3.875,19.75,0.21823436797121004,14.5,0.0,128.25,112.625,31.5,64.0,17.125,43.25,10.75,32.5,24.25,13.25,1.868245969716558,10.5,25.375,41.2625,32.0,61.5,51.85773375341459,17.125,20.5,83.975,0.0,7.625,0.5657136980666392,3.875,18.875,0.22810353489221777,13.25,0.0,130.625
96,82,2017-04-17,1,1,2016-17,San Antonio Spurs,Memphis Grizzlies,99.25,28.875,57.25,13.125,44.25,10.25,34.0,21.375,13.125,1.7699404761904762,9.625,23.25,42.425000000000004,28.625,60.125,47.67893038258421,13.125,17.5,74.89999999999999,0.0,6.5,0.5137362637362637,6.25,16.25,0.3958736116824352,13.125,0.0,115.0,94.625,30.0,51.25,13.375,39.875,8.625,31.25,22.125,13.75,1.6248015873015873,10.0,25.125,39.512499999999996,25.625,54.25,47.62514599630596,13.375,17.125,77.3625,0.0,6.75,0.501984126984127,4.875,19.0,0.27131278769222134,13.75,0.0,107.0
106,100,2017-04-18,1,1,2016-17,Toronto Raptors,Milwaukee Bucks,100.75,25.125,58.25,17.375,43.25,9.5,33.75,19.625,13.0,1.586715367965368,8.375,24.875,33.5375,29.125,56.75,51.54820067674651,17.375,23.0,76.725,0.0,7.75,0.6034722222222222,4.0,19.25,0.20320774762994442,13.0,0.0,112.625,93.875,28.875,51.0,14.0,40.75,7.625,33.125,22.625,14.125,1.870343137254902,9.625,26.5,35.425,25.5,53.375,48.154630999013435,14.0,18.625,75.14999999999999,0.0,7.125,0.5625700280112045,4.5,19.625,0.22922449404142767,14.125,0.0,105.375
97,111,2017-04-18,1,1,2016-17,Boston Celtics,Chicago Bulls,110.375,38.625,52.25,19.5,42.125,8.0,34.125,27.75,12.5,2.4203819566871037,12.875,37.125,34.425,26.125,48.0,55.35658367399326,19.5,25.75,75.87499999999999,0.0,7.375,0.6265379330636683,4.0,21.125,0.19643407011664446,12.5,0.0,126.75,107.75,31.5,60.0,16.25,50.5,11.5,39.0,24.625,14.5,1.7850456754288024,10.5,26.75,39.212500000000006,30.0,63.0,47.68803036044415,16.25,18.625,87.7625,0.0,8.75,0.6255385481391673,5.25,18.25,0.28829970012413814,14.5,0.0,130.75
99,91,2017-04-18,1,1,2016-17,LA Clippers,Utah Jazz,114.625,30.375,63.25,21.0,42.0,7.875,34.125,24.0,12.125,2.315625,10.125,26.0,39.0,31.625,54.75,58.02957920348713,21.0,27.5,75.85,0.0,7.0,0.6263888888888889,3.75,18.125,0.21554264449001292,12.125,0.0,133.75,101.625,31.125,56.5,14.0,40.5,8.5,32.0,23.375,13.25,1.8054312109459167,10.375,24.5,42.4125,28.25,55.0,51.57283601860454,14.0,20.375,68.6875,0.0,6.75,0.5169131113984055,6.125,17.875,0.3426454463364293,13.25,0.0,117.875
109,101,2017-04-19,1,1,2016-17,Washington Wizards,Atlanta Hawks,106.375,28.5,62.25,15.625,40.75,10.25,30.5,22.75,14.75,1.587896294881589,9.5,25.875,35.787499999999994,31.125,60.25,51.95032209172613,15.625,19.5,81.1875,0.0,8.0,0.5637748281130633,4.375,19.75,0.2147995844734975,14.75,0.0,118.125,105.625,29.625,57.25,18.75,45.375,10.0,35.375,25.875,16.375,1.7628906632583103,9.875,28.0,35.0375,28.625,55.875,51.210558320907545,18.75,24.375,78.6875,0.0,6.375,0.4141904663963487,3.375,19.75,0.1753716049817056,16.375,0.0,119.25
115,111,2017-04-19,1,1,2016-17,Houston Rockets,Oklahoma City Thunder,114.0,40.5,53.5,20.0,48.0,11.875,36.125,24.25,14.25,1.8033437049062049,13.5,41.5,32.324999999999996,26.75,48.125,56.46792352816252,20.0,27.25,73.075,0.0,6.375,0.4890489718614719,3.875,18.5,0.2316439567297691,14.25,0.0,125.625,101.375,27.0,57.0,17.375,48.375,13.625,34.75,20.0,14.5,1.4446516106442577,9.0,27.625,32.2625,28.5,61.0,46.705136210018686,17.375,22.625,77.6,0.0,7.5,0.5234943977591037,4.75,21.125,0.2262808463466358,14.5,0.0,111.125
110,81,2017-04-19,1,1,2016-17,Golden State Warriors,Portland Trail Blazers,117.375,36.0,64.5,16.875,45.0,10.375,34.625,29.125,14.375,2.1846764346764345,12.0,31.375,38.275000000000006,32.25,56.5,57.19013017741831,16.875,21.375,78.525,0.0,8.375,0.5676014957264958,8.5,18.875,0.4436210010319917,14.375,0.0,145.875,105.0,35.625,52.25,17.125,40.75,10.25,30.5,18.0,11.375,2.2503311965811963,11.875,30.625,38.5125,26.125,56.875,46.079398980350334,17.125,20.625,80.625,0.0,7.25,0.8663675213675213,4.375,19.625,0.2328770602443876,11.375,0.0,111.0
114,119,2017-04-20,1,1,2016-17,Indiana Pacers,Cleveland Cavaliers,114.0,30.375,66.5,17.125,42.125,10.375,31.75,24.75,13.25,1.9039602554308437,10.125,24.625,40.975,33.25,61.875,53.57072043374246,17.125,20.75,83.0875,0.0,8.5,0.6282136980666392,3.75,18.875,0.2221511539398368,13.25,0.0,133.125,111.375,39.375,55.5,16.5,43.0,8.5,34.5,23.0,14.875,1.6614559460147695,13.125,35.625,36.8875,27.75,48.375,57.3106386367256,16.5,21.5,77.9,0.0,6.25,0.45765709393805365,4.375,19.375,0.25441857849752586,14.875,0.0,125.0
105,94,2017-04-20,1,1,2016-17,Memphis Grizzlies,San Antonio Spurs,92.5,28.5,51.25,12.75,38.375,8.75,29.625,21.625,13.25,1.6569444444444446,9.5,25.125,37.6625,25.625,55.125,46.82969145085141,12.75,16.5,76.94999999999999,0.0,7.25,0.5662698412698413,4.5,19.0,0.2542673331467668,13.25,0.0,102.125,97.625,28.5,54.5,14.625,43.875,9.875,34.0,19.875,13.5,1.6293154761904762,9.5,23.75,40.7375,27.25,57.625,47.4634131412049,14.625,18.75,76.2125,0.0,6.125,0.4776785714285714,6.0,15.75,0.39021750308515013,13.5,0.0,111.25
104,77,2017-04-20,1,1,2016-17,Milwaukee Bucks,Toronto Raptors,92.875,27.75,52.0,13.125,39.75,8.0,31.75,22.0,14.125,1.8182598039215685,9.25,24.875,36.537499999999994,26.0,55.375,47.568693499013435,13.125,16.75,77.5125,0.0,7.125,0.5625700280112045,4.625,19.375,0.23964116070809433,14.125,0.0,103.625,100.125,25.125,58.25,16.75,41.625,8.25,33.375,19.75,12.875,1.6121274558774559,8.375,25.125,33.0875,29.125,55.875,52.31051128280711,16.75,21.75,77.5125,0.0,7.625,0.5986645299145299,3.875,19.125,0.1987611073137389,12.875,0.0,111.625
106,111,2017-04-21,1,1,2016-17,Utah Jazz,LA Clippers,101.125,31.125,56.25,13.75,39.375,8.0,31.375,22.75,13.5,1.7310264490411549,10.375,24.5,42.4125,28.125,54.75,51.5669258531199,13.75,19.25,70.6875,0.0,6.5,0.48566311139840546,5.5,17.625,0.3096593352253182,13.5,0.0,115.5,110.375,28.125,64.0,18.25,41.75,7.875,33.875,23.875,12.25,2.2735795454545453,9.375,24.75,37.75,32.0,56.125,57.196737222355054,18.25,23.875,74.5375,0.0,7.125,0.6309343434343435,3.75,18.25,0.2145545021975228,12.25,0.0,129.5
87,104,2017-04-21,1,1,2016-17,Chicago Bulls,Boston Celtics,108.375,30.75,61.75,15.875,51.0,12.25,38.75,25.0,14.5,1.8162956754288024,10.25,26.125,39.212500000000006,30.875,64.125,48.16033149680779,15.875,18.625,85.08749999999999,0.0,9.5,0.6880385481391673,5.5,18.25,0.3030055824770793,14.5,0.0,133.0,107.875,37.875,52.75,17.25,41.25,8.75,32.5,27.625,13.125,2.316688774868922,12.625,37.125,33.6625,26.375,47.75,56.12689179724256,17.25,23.875,72.45,0.0,7.375,0.6052311148818502,3.875,21.0,0.1911236126003046,13.125,0.0,122.375
115,113,2017-04-21,1,1,2016-17,Oklahoma City Thunder,Houston Rockets,102.625,25.125,58.5,19.0,49.125,14.875,34.25,20.125,12.375,1.7028361344537815,8.375,27.5,30.337500000000002,29.25,62.75,46.49392809962725,19.0,24.625,76.85000000000001,0.0,7.375,0.632125350140056,5.5,21.625,0.25232251301330244,12.375,0.0,114.125,116.125,40.125,54.75,21.25,46.625,10.25,36.375,24.25,14.0,1.8289847305472307,13.375,40.5,33.0125,27.375,47.5,58.26308603761074,21.25,29.0,72.75,0.0,6.25,0.487125894938395,4.5,19.625,0.2480130043488167,14.0,0.0,128.75
116,98,2017-04-22,1,1,2016-17,Atlanta Hawks,Washington Wizards,105.25,27.0,57.0,21.25,44.875,9.875,35.0,24.875,17.0,1.6405616034292503,9.0,27.0,32.625,28.5,55.5,51.29598751718967,21.25,27.0,79.97500000000001,0.0,6.625,0.41739559460147696,4.0,21.0,0.19640525882785947,17.0,0.0,117.875,109.0,29.25,62.75,17.0,40.5,9.875,30.625,24.0,14.25,1.737896294881589,9.75,26.5,36.0875,31.375,59.5,52.843179234583275,17.0,21.625,80.11250000000001,0.0,8.25,0.6107445250827603,5.5,20.5,0.25246825014066393,14.25,0.0,123.5
76,87,2017-04-22,1,1,2016-17,Milwaukee Bucks,Toronto Raptors,92.75,27.75,52.0,13.0,40.125,7.875,32.25,22.5,13.875,1.8887726244343892,9.25,23.5,38.65,26.0,56.375,46.33750334853464,13.0,16.875,76.3125,0.0,6.75,0.5452623357035121,4.75,20.0,0.24089116070809433,13.875,0.0,104.5,95.625,25.125,52.75,17.75,42.0,8.125,33.875,18.0,13.0,1.4897316225441224,8.375,25.5,32.55,26.375,53.75,49.32659044174341,17.75,23.125,77.2375,0.0,6.875,0.5455395299145299,3.25,19.375,0.16336010480747323,13.0,0.0,102.875
113,119,2017-04-22,1,1,2016-17,Portland Trail Blazers,Golden State Warriors,98.875,32.625,51.0,15.25,41.5,10.25,31.25,17.5,12.25,2.1434233018443543,10.875,30.25,36.025,25.5,57.0,44.84969118814254,15.25,19.125,78.14999999999999,0.0,6.875,0.8005780476833108,4.875,19.125,0.262625343997248,12.25,0.0,102.625,117.75,35.625,64.0,18.125,46.375,10.125,36.25,29.625,15.0,2.131367611147023,11.875,31.375,37.887499999999996,32.0,56.0,57.19685603160179,18.125,22.625,80.01249999999999,0.0,8.125,0.5222583584715937,8.125,18.5,0.43700335397316825,15.0,0.0,147.0
110,108,2017-04-22,1,1,2016-17,Memphis Grizzlies,San Antonio Spurs,92.75,27.0,52.0,13.75,38.375,8.875,29.5,20.625,12.125,1.9230158730158728,9.0,24.125,37.3625,26.0,55.75,46.89787326903323,13.75,17.25,79.275,0.0,6.5,0.5448412698412699,4.25,19.625,0.23699759630466152,12.125,0.0,102.0,97.5,28.125,54.5,14.875,43.375,10.375,33.0,19.125,13.125,1.6126488095238096,9.375,24.125,39.400000000000006,27.25,56.25,48.628667378493034,14.875,20.0,73.625,0.0,5.25,0.42142857142857143,5.625,15.875,0.370574645942293,13.125,0.0,108.875
105,98,2017-04-23,1,1,2016-17,Utah Jazz,LA Clippers,101.5,33.0,53.25,15.25,38.25,6.875,31.375,21.75,13.625,1.6128446308593367,11.0,25.75,42.875,26.625,51.0,52.885607171801226,15.25,21.25,71.625,0.0,6.375,0.46748129321658727,4.75,18.625,0.26371916428514725,13.625,0.0,113.875,108.75,26.25,64.5,18.0,42.0,8.125,33.875,23.375,11.375,2.3569128787878784,8.75,24.375,35.5375,32.25,55.875,57.88947121250283,18.0,23.75,74.05,0.0,7.625,0.7226010101010101,3.625,18.125,0.209494978387999,11.375,0.0,129.0
95,104,2017-04-23,1,1,2016-17,Chicago Bulls,Boston Celtics,104.625,28.125,60.5,16.0,51.375,13.0,38.375,23.5,15.375,1.6180633521964791,9.375,25.5,36.5375,30.25,63.75,47.456868293344584,16.0,18.25,87.8625,0.0,9.5,0.6571042047048239,5.75,17.25,0.3370635534915721,15.375,0.0,127.5,107.125,39.75,51.75,15.625,40.75,9.0,31.75,29.125,12.625,2.4818471459096454,13.25,37.125,35.35,25.875,49.5,52.249340776834394,15.625,21.5,72.725,0.0,7.75,0.6521768162393162,3.75,19.375,0.1969569459336379,12.625,0.0,122.5
102,106,2017-04-23,1,1,2016-17,Indiana Pacers,Cleveland Cavaliers,112.0,30.375,64.0,17.625,42.875,11.0,31.875,23.875,13.25,1.824414800885389,10.125,24.625,40.975,32.0,60.625,52.41331302633505,17.625,21.5,82.4125,0.0,8.25,0.6054864253393666,4.0,18.75,0.23370006698331508,13.25,0.0,130.75,111.0,40.5,53.5,17.0,42.75,8.875,33.875,22.125,14.375,1.7083309460147695,13.5,36.625,36.6,26.75,48.0,55.47797938495613,17.0,22.625,76.7125,0.0,5.875,0.45765709393805365,4.875,20.0,0.2716287234250621,14.375,0.0,122.25
109,113,2017-04-23,1,1,2016-17,Oklahoma City Thunder,Houston Rockets,103.25,25.125,60.0,18.125,47.5,14.625,32.875,19.5,12.0,1.7166348357524828,8.375,26.375,32.25,30.0,63.75,46.800847742484386,18.125,24.375,73.9625,0.0,7.25,0.6426772981920041,5.25,21.75,0.23833441777520725,12.0,0.0,112.75,114.875,38.625,53.5,22.75,46.125,10.0,36.125,22.625,14.125,1.715443063880564,12.875,40.125,31.987499999999997,26.75,45.75,58.9015268978258,22.75,30.25,74.82499999999999,0.0,5.75,0.4517092282717283,4.75,19.75,0.2575238739140341,14.125,0.0,126.25
111,101,2017-04-24,1,1,2016-17,Atlanta Hawks,Washington Wizards,109.5,27.75,60.0,21.75,45.625,10.25,35.375,25.75,16.0,1.7926449367625839,9.25,27.125,33.474999999999994,30.0,56.5,52.9979964457611,21.75,28.125,79.25,0.0,6.25,0.42364559460147694,4.125,20.75,0.20685417523652816,16.0,0.0,124.5,106.875,28.125,62.0,16.75,41.0,9.5,31.5,22.5,14.375,1.6295629615482556,9.375,26.75,34.475,31.0,58.875,52.74702538842943,16.75,21.0,81.23750000000001,0.0,7.875,0.5826195250827604,5.625,21.5,0.2515753929978068,14.375,0.0,120.0
118,93,2017-04-24,1,1,2016-17,Toronto Raptors,Milwaukee Bucks,95.25,25.125,52.5,17.625,42.125,7.875,34.25,18.625,12.875,1.5453634906759908,8.375,25.375,32.675,26.25,54.375,48.521450558854674,17.625,22.875,77.8125,0.0,7.375,0.5888087606837606,3.375,19.375,0.16993905217589428,12.875,0.0,103.5,92.375,28.5,51.75,12.125,41.625,8.25,33.375,22.5,15.0,1.8173440530058178,9.5,23.875,39.537499999999994,25.875,56.0,46.38710652313782,12.125,15.875,75.3,0.0,6.625,0.4991313833225598,4.5,20.25,0.22585356672313195,15.0,0.0,104.375
103,128,2017-04-24,1,1,2016-17,Portland Trail Blazers,Golden State Warriors,99.375,33.375,50.75,15.25,43.625,10.25,33.375,16.625,13.625,1.6762358018443546,11.125,30.375,36.65,25.375,57.375,44.301445574107454,15.25,19.375,77.33749999999999,0.0,6.625,0.6646405476833108,4.5,19.75,0.23273403964942194,13.625,0.0,101.75,115.25,34.125,62.5,18.625,46.125,9.625,36.5,28.5,13.875,2.3121711825755944,11.375,31.375,36.5,31.25,56.375,55.38741547216123,18.625,23.75,78.58749999999999,0.0,8.625,0.6639994299001653,8.25,18.375,0.4468717750257998,13.875,0.0,142.625
116,103,2017-04-25,1,1,2016-17,San Antonio Spurs,Memphis Grizzlies,99.125,26.625,56.0,16.5,43.375,10.5,32.875,17.625,12.375,1.5938988095238096,8.875,23.5,38.5125,28.0,57.875,48.58029811370586,16.5,21.375,77.7875,0.0,5.625,0.49642857142857144,5.0,17.25,0.3092765690192161,12.375,0.0,109.0,95.375,28.5,51.75,15.125,38.5,8.375,30.125,19.75,13.125,1.8096100759144238,9.5,24.375,38.912499999999994,25.875,54.625,47.53352667812414,15.125,18.0,83.1,0.0,5.75,0.4861456176673568,4.375,19.75,0.2423547391618044,13.125,0.0,104.125
92,96,2017-04-25,1,1,2016-17,LA Clippers,Utah Jazz,106.625,26.25,63.25,17.125,41.0,8.375,32.625,22.5,10.25,2.426357323232323,8.75,25.25,34.3375,31.625,55.75,56.61436550425759,17.125,23.125,72.8,0.0,7.625,0.7781565656565657,3.0,18.0,0.17660024154589374,10.25,0.0,123.875,101.375,31.875,54.25,15.25,37.625,6.875,30.75,22.125,13.375,1.6686138616285675,10.625,25.625,41.5,27.125,51.125,53.72459661373184,15.25,21.5,70.6875,0.0,6.75,0.5014556521909462,4.375,18.75,0.23890298781455901,13.375,0.0,113.625
105,99,2017-04-25,1,1,2016-17,Houston Rockets,Oklahoma City Thunder,115.25,39.0,53.25,23.0,44.75,10.25,34.5,22.625,14.625,1.685755563880564,13.0,40.25,32.2375,26.625,45.375,59.033602369523905,23.0,29.625,76.875,0.0,6.5,0.4782717282717283,4.625,20.5,0.2483892585294187,14.625,0.0,126.5,104.0,22.5,63.0,18.5,47.0,14.375,32.625,19.625,12.625,1.665776992615228,7.5,24.875,31.200000000000003,31.5,65.25,48.10556154719819,18.5,25.375,73.1875,0.0,7.5,0.6328733766233766,6.375,21.75,0.2945844177752072,12.625,0.0,113.875
103,99,2017-04-26,1,1,2016-17,Washington Wizards,Atlanta Hawks,104.75,25.875,61.75,17.125,42.25,9.875,32.375,21.0,14.5,1.5111105805958747,8.625,26.5,32.525,30.875,59.125,52.27070278391592,17.125,21.625,80.6125,0.0,7.5,0.5516671441303794,5.875,22.375,0.2557420596644735,14.5,0.0,116.25,108.0,28.125,58.75,21.125,45.25,10.125,35.125,25.5,15.375,1.8514684661743486,9.375,28.125,32.3375,29.375,55.625,52.68019983559161,21.125,27.0,79.925,0.0,6.25,0.4450916730328495,3.75,19.5,0.1964375085698615,15.375,0.0,122.5
108,97,2017-04-26,1,1,2016-17,Boston Celtics,Chicago Bulls,108.75,40.875,52.25,15.625,41.25,9.375,31.875,29.25,12.625,2.4914625305250304,13.625,37.625,36.075,26.125,49.125,53.256285221278844,15.625,20.625,75.1875,0.0,7.875,0.6617922008547008,3.75,20.125,0.1900125014891935,12.625,0.0,126.25,105.125,27.75,60.75,16.625,52.25,13.125,39.125,23.125,15.125,1.6195514474345745,9.25,25.125,36.3625,30.375,63.0,48.34380463286713,16.625,19.5,86.30000000000001,0.0,9.25,0.6466875380381572,5.5,18.25,0.31170123465099236,15.125,0.0,128.75
96,103,2017-04-27,1,1,2016-17,Memphis Grizzlies,San Antonio Spurs,95.75,28.5,51.75,15.5,37.625,8.5,29.125,19.875,12.625,1.8971100759144237,9.5,23.875,39.7,25.875,54.375,47.80275744735491,15.5,18.125,84.33749999999999,0.0,5.75,0.5111456176673568,3.875,20.0,0.21388251693958216,12.625,0.0,104.75,100.875,28.5,55.25,17.125,40.375,9.75,30.625,17.25,12.5,1.4889880952380952,9.5,23.5,40.75,27.625,55.875,49.61253793271039,17.125,21.375,80.625,0.0,5.75,0.4986607142857143,4.625,18.0,0.26716426955397543,12.5,0.0,109.875
89,92,2017-04-27,1,1,2016-17,Milwaukee Bucks,Toronto Raptors,92.875,28.125,52.25,12.5,40.375,7.625,32.75,22.625,14.25,1.875677386339151,9.375,23.625,39.5,26.125,55.75,47.202709360017245,12.5,17.375,71.8,0.0,7.25,0.5598456690368455,4.5,20.375,0.2248654244306418,14.25,0.0,104.625,96.875,25.875,52.0,19.0,42.625,7.625,35.0,18.5,13.625,1.437724601787102,8.625,25.0,34.0625,26.0,52.75,49.96184130845595,19.0,24.25,78.5125,0.0,7.75,0.5853365384615384,3.875,20.625,0.18333190931875143,13.625,0.0,107.625
93,98,2017-04-28,1,1,2016-17,Utah Jazz,LA Clippers,98.375,31.5,52.0,14.875,38.875,7.0,31.875,21.625,13.375,1.632899575914282,10.5,27.0,39.012499999999996,26.0,50.5,52.08570772484295,14.875,20.75,71.76249999999999,0.0,7.0,0.5193127950480891,4.0,19.125,0.2180696544812257,13.375,0.0,109.625,104.125,25.5,61.5,17.125,40.25,8.125,32.125,21.75,10.125,2.3858811327561327,8.5,24.25,34.9375,30.75,56.0,54.39104534615482,17.125,22.875,73.475,0.0,7.125,0.748989898989899,3.25,18.125,0.18910024154589375,10.125,0.0,119.625
83,105,2017-04-28,1,1,2016-17,Chicago Bulls,Boston Celtics,104.5,28.125,60.0,16.375,50.375,12.5,37.875,22.75,15.0,1.6085220356698686,9.375,25.25,36.6875,30.0,60.75,49.76425917832168,16.375,19.5,84.8375,0.0,8.875,0.6264669498028631,5.375,18.5,0.30198945520237086,15.0,0.0,127.125,107.75,38.625,54.0,15.125,41.25,9.125,32.125,29.125,11.875,2.7622958638583635,12.875,37.25,34.525,27.0,49.25,54.957304724824944,15.125,19.25,77.7625,0.0,7.875,0.7555422008547008,3.625,18.5,0.19620862217884866,11.875,0.0,127.0
99,115,2017-04-28,1,1,2016-17,Atlanta Hawks,Washington Wizards,106.125,25.5,58.75,21.875,45.375,10.75,34.625,23.5,15.375,1.6696502843561667,8.5,27.375,30.5625,29.375,56.875,51.55582018298615,21.875,28.625,75.7625,0.0,5.75,0.39963712757830405,3.625,20.0,0.18628344694521165,15.375,0.0,115.875,104.375,23.25,63.75,17.375,42.625,9.875,32.75,21.5,13.625,1.7343248663101605,7.75,25.25,31.025000000000002,31.875,61.375,51.86122002529523,17.375,21.5,81.875,0.0,7.875,0.6498814298446651,6.125,22.125,0.272787514209928,13.625,0.0,117.75
123,111,2017-04-30,1,1,2016-17,Boston Celtics,Washington Wizards,105.75,38.25,52.75,14.75,41.25,9.375,31.875,28.25,12.0,2.6261847527472524,12.75,37.25,34.2,26.375,48.375,54.677833180109495,14.75,19.375,75.1,0.0,8.5,0.815264423076923,3.625,17.875,0.20795674247960055,12.0,0.0,124.25,105.875,24.0,64.0,17.875,41.25,9.375,31.875,21.5,13.25,1.7574866310160426,8.0,25.5,31.6875,32.0,60.75,52.700830822533156,17.875,21.875,82.7125,0.0,9.0,0.7237784886681945,6.25,21.875,0.28131024148265527,13.25,0.0,120.375
91,104,2017-04-30,1,1,2016-17,LA Clippers,Utah Jazz,104.125,26.625,59.5,18.0,39.75,8.375,31.375,21.25,11.125,2.1905686327561327,8.875,24.125,36.8875,29.75,55.0,53.61446231150727,18.0,24.375,73.55,0.0,6.75,0.663052398989899,2.625,19.25,0.14118357487922706,11.125,0.0,116.5,99.25,31.875,52.0,15.375,37.75,7.125,30.625,21.5,12.75,1.7314572682219742,10.625,27.875,38.425000000000004,26.0,49.625,52.798712939966805,15.375,21.875,70.725,0.0,7.75,0.6250820258173199,3.5,19.375,0.1868196544812257,12.75,0.0,109.625
99,126,2017-05-01,1,1,2016-17,San Antonio Spurs,Houston Rockets,102.875,28.125,56.25,18.5,41.125,10.875,30.25,16.375,12.25,1.4458333333333335,9.375,23.25,40.575,28.125,55.75,50.58803702526937,18.5,22.75,81.8,0.0,5.875,0.5135416666666667,4.25,18.375,0.24510544602456366,12.25,0.0,112.5,114.75,35.25,55.0,24.5,44.5,10.375,34.125,21.125,14.625,1.5786127067377067,11.75,38.5,30.3375,27.5,46.5,59.58915792507946,24.5,31.0,78.07499999999999,0.0,7.0,0.513986013986014,4.625,21.5,0.2309979541815926,14.625,0.0,125.125
116,105,2017-05-01,1,1,2016-17,Cleveland Cavaliers,Toronto Raptors,110.0,39.75,52.5,17.75,42.375,9.125,33.25,21.125,14.75,1.5766001767840003,13.25,36.0,36.4,26.25,48.375,54.267325631929495,17.75,23.75,75.5625,0.0,6.125,0.4566955554765152,5.25,18.625,0.31425692855326726,14.75,0.0,119.25,96.375,25.875,51.25,19.25,42.5,7.5,35.0,18.5,13.25,1.4571690462315463,8.625,25.25,33.55,25.625,50.625,50.95142464178929,19.25,24.125,79.9875,0.0,7.625,0.590892094017094,3.875,20.125,0.18749857598541808,13.25,0.0,109.125
106,94,2017-05-02,1,1,2016-17,Golden State Warriors,Utah Jazz,116.125,35.25,62.25,18.625,46.75,9.375,37.375,27.75,13.5,2.332363490267902,11.75,31.0,38.35,31.125,57.0,54.53552613342979,18.625,24.125,77.4875,0.0,8.375,0.6649609683617036,8.5,17.875,0.4758191434468524,13.5,0.0,143.375,99.125,29.25,53.5,16.375,37.375,6.625,30.75,20.625,12.75,1.6585406015553075,9.75,25.125,39.5625,26.75,50.75,53.09775600216776,16.375,22.875,72.175,0.0,7.75,0.6250820258173199,3.375,20.25,0.1751774976184806,12.75,0.0,109.625
129,119,2017-05-02,1,1,2016-17,Boston Celtics,Washington Wizards,106.875,40.125,52.75,14.0,39.625,9.75,29.875,28.375,11.625,2.713035402097902,13.375,37.375,35.6875,26.375,48.125,54.92755571063114,14.0,18.625,74.38749999999999,0.0,8.625,0.843673513986014,4.0,18.125,0.22121761204481794,11.625,0.0,125.5,106.625,25.125,63.75,17.75,40.0,9.75,30.25,21.5,12.75,1.8185726038667216,8.375,26.0,32.525,31.875,60.75,52.505518322533156,17.75,22.625,79.16250000000001,0.0,8.75,0.7226472669487375,6.5,22.0,0.2957333184057322,12.75,0.0,119.25
121,96,2017-05-03,1,1,2016-17,San Antonio Spurs,Houston Rockets,103.0,28.5,54.25,20.25,40.875,10.625,30.25,16.625,12.25,1.4625,9.5,24.25,39.6875,27.125,54.875,49.53964992849518,20.25,24.75,82.77499999999999,0.0,6.625,0.5635416666666666,3.375,18.75,0.18399433491345257,12.25,0.0,111.25,113.625,36.75,52.75,24.125,45.5,10.625,34.875,21.625,14.25,1.6480571511821513,12.25,39.375,30.599999999999998,26.375,46.5,56.54861738453893,24.125,30.5,78.30000000000001,0.0,8.25,0.601486013986014,5.0,21.875,0.24463431781795625,14.25,0.0,126.125
125,103,2017-05-03,1,1,2016-17,Cleveland Cavaliers,Toronto Raptors,112.0,41.625,51.25,19.125,43.375,9.625,33.75,21.5,14.5,1.6420763672601908,13.875,35.75,38.425,25.625,49.125,52.06144327898832,19.125,25.25,76.35000000000001,0.0,6.5,0.4953860316669914,5.375,19.625,0.304534706331045,14.5,0.0,122.75,95.75,25.875,51.0,18.875,42.75,7.875,34.875,18.75,13.375,1.4590629856254855,8.625,24.625,34.325,25.5,52.75,48.55321898271406,18.875,23.75,79.7375,0.0,7.25,0.5520663364413364,4.375,21.125,0.20697909546593757,13.375,0.0,107.375
116,89,2017-05-04,1,1,2016-17,Washington Wizards,Boston Celtics,108.75,26.25,64.0,18.5,41.25,10.375,30.875,22.75,13.625,1.8084715937657114,8.75,27.0,32.8375,32.0,61.25,52.25646409806909,18.5,23.625,79.0,0.0,8.5,0.6689856507871214,7.75,24.0,0.33883676668159424,13.625,0.0,122.75,109.0,40.5,53.5,15.0,39.125,10.0,29.125,27.75,12.625,2.431785402097902,13.5,37.375,36.037499999999994,26.75,47.875,55.906900439975864,15.0,19.625,75.30000000000001,0.0,8.5,0.742111013986014,4.5,18.625,0.24082545518207282,12.625,0.0,126.625
115,104,2017-05-04,1,1,2016-17,Golden State Warriors,Utah Jazz,114.375,33.0,62.5,18.875,46.5,9.125,37.375,28.625,12.5,2.69545872836314,11.0,30.875,35.949999999999996,31.25,56.25,55.53888398440516,18.875,23.75,79.94999999999999,0.0,7.625,0.6816276350283703,8.375,17.5,0.47910861713106295,12.5,0.0,143.25,98.25,28.875,53.5,15.875,38.375,6.75,31.625,20.75,12.375,1.7052842990342991,9.625,25.5,38.625,26.75,51.0,52.829535506422296,15.875,21.875,73.425,0.0,7.375,0.6140526140526139,3.25,20.5,0.16389277539625835,12.375,0.0,109.5
94,115,2017-05-05,1,1,2016-17,Toronto Raptors,Cleveland Cavaliers,96.375,24.75,52.25,19.375,41.375,7.375,34.0,18.875,13.875,1.383208284770785,8.25,23.5,34.15,26.125,54.375,48.222168754403555,19.375,24.125,81.13749999999999,0.0,7.25,0.5178783022533022,4.625,21.25,0.21828861927546137,13.875,0.0,106.375,112.0,41.25,50.5,20.25,41.75,8.75,33.0,21.5,14.375,1.6549440143190144,13.75,34.125,40.075,25.25,47.875,52.656681374226416,20.25,27.0,75.53750000000001,0.0,7.125,0.5362867669611091,5.5,19.0,0.3133730901694289,14.375,0.0,123.75
92,103,2017-05-05,1,1,2016-17,Houston Rockets,San Antonio Spurs,113.625,37.5,53.25,22.875,44.375,10.625,33.75,21.5,13.75,1.7063904845154845,12.5,38.625,31.8375,26.625,47.125,56.3630886275816,22.875,29.0,77.7375,0.0,8.5,0.6393648018648019,5.0,21.25,0.24916330332520265,13.75,0.0,126.5,106.0,28.875,56.25,20.875,41.625,10.75,30.875,18.0,11.375,1.7510416666666666,9.625,24.625,39.6125,28.125,54.875,51.07811146695671,20.875,25.375,83.3125,0.0,5.75,0.5416666666666667,4.0,18.625,0.2239759525605114,11.375,0.0,117.75
91,102,2017-05-06,1,1,2016-17,Utah Jazz,Golden State Warriors,99.125,30.375,52.5,16.25,39.0,6.625,32.375,20.5,12.625,1.6616945554445555,10.125,27.125,38.05,26.25,50.0,52.829535506422296,16.25,22.0,74.875,0.0,7.625,0.6217449217449217,3.0,21.0,0.14844655113996547,12.625,0.0,110.125,113.375,34.5,59.75,19.125,45.75,8.5,37.25,28.125,13.5,2.424216898297781,11.5,30.625,37.8125,29.875,55.125,54.28227022779141,19.125,24.25,78.85,0.0,8.75,0.734732210191769,8.375,18.125,0.47077528379772965,13.5,0.0,141.375
121,102,2017-05-07,1,1,2016-17,Washington Wizards,Boston Celtics,109.0,26.25,63.5,19.25,42.25,10.125,32.125,22.5,13.375,1.8418049270990449,8.75,26.625,33.262499999999996,31.75,60.625,52.36270373322664,19.25,24.625,78.2375,0.0,8.375,0.6731523174537881,7.25,24.125,0.3178752282200558,13.375,0.0,123.875,107.375,39.0,52.0,16.375,39.375,9.5,29.875,26.875,12.625,2.377097902097902,13.0,36.625,35.35,26.0,47.5,54.63953932886476,16.375,21.375,75.5625,0.0,7.875,0.703048513986014,4.25,19.375,0.22544083979745744,12.625,0.0,123.0
102,109,2017-05-07,1,1,2016-17,Toronto Raptors,Cleveland Cavaliers,97.75,23.625,55.75,18.375,38.625,6.5,32.125,19.125,13.25,1.566920405982906,7.875,22.875,32.825,27.875,56.5,49.455446346376796,18.375,22.125,83.8125,0.0,8.0,0.6712873931623932,4.625,21.25,0.21828861927546137,13.25,0.0,107.5,111.25,40.875,49.5,20.875,42.0,8.875,33.125,21.0,13.75,1.6590362762237763,13.625,32.625,42.1375,24.75,47.75,51.84431240148008,20.875,27.75,75.45,0.0,6.5,0.5102451002944424,5.875,18.375,0.3371230901694288,13.75,0.0,124.0
125,104,2017-05-07,1,1,2016-17,Houston Rockets,San Antonio Spurs,109.75,34.875,51.75,23.125,43.375,10.375,33.0,19.0,14.375,1.3855571511821512,11.625,36.5,31.45,25.875,48.125,53.53830017561545,23.125,28.5,80.89999999999999,0.0,8.625,0.601864801864802,5.0,21.75,0.23527441443631375,14.375,0.0,118.875,105.0,28.5,56.0,20.5,42.5,11.25,31.25,18.875,12.75,1.6879464285714285,9.5,25.375,37.537499999999994,28.0,55.375,50.427406836528185,20.5,24.75,83.8125,0.0,6.125,0.5333333333333333,3.625,18.25,0.21404948197227608,12.75,0.0,115.875
95,121,2017-05-08,1,1,2016-17,Utah Jazz,Golden State Warriors,99.125,29.25,52.75,17.125,40.125,6.875,33.25,21.0,12.0,1.791654872904873,9.75,26.75,37.025,26.375,51.25,51.945697122583915,17.125,23.5,74.03750000000001,0.0,7.5,0.642578255078255,3.125,21.75,0.14986700568542,12.0,0.0,110.625,113.75,34.5,59.25,20.0,46.875,8.5,38.375,27.125,12.75,2.487403711484594,11.5,31.25,37.0625,29.625,55.0,53.94556989109107,20.0,25.0,80.35,0.0,8.5,0.7402267156862745,8.125,18.5,0.45165763673890613,12.75,0.0,141.5
110,107,2017-05-09,1,1,2016-17,San Antonio Spurs,Houston Rockets,106.0,27.75,60.5,17.75,43.0,12.0,31.0,20.0,12.5,1.7839285714285715,9.25,25.375,36.45,30.25,58.875,51.18498259410394,17.75,23.0,77.94999999999999,0.0,6.625,0.5735119047619047,3.875,18.25,0.23328025120304532,12.5,0.0,117.0,110.625,38.25,50.75,21.625,41.5,9.5,32.0,19.875,14.125,1.5358096764346763,12.75,37.75,33.1875,25.375,47.375,53.44711980426266,21.625,26.5,79.75,0.0,8.5,0.6081779331779332,5.0,21.5,0.23759639586046236,14.125,0.0,119.5
123,101,2017-05-10,1,1,2016-17,Boston Celtics,Washington Wizards,108.0,40.5,50.25,17.25,38.5,9.25,29.25,27.125,13.125,2.348972902097902,13.5,36.375,37.2125,25.125,47.375,52.96543218600762,17.25,22.0,77.7,0.0,8.75,0.737423513986014,4.5,20.375,0.22602907509157508,13.125,0.0,123.875,110.5,27.0,64.25,19.25,42.5,10.25,32.25,23.375,14.5,1.7730549270990448,9.0,26.5,34.65,32.125,60.5,53.05714817767108,19.25,23.875,80.2625,0.0,8.75,0.6407659538174244,6.375,23.25,0.29181723448964825,14.5,0.0,126.5
75,114,2017-05-11,1,1,2016-17,Houston Rockets,San Antonio Spurs,109.625,40.125,49.5,20.0,42.75,10.0,32.75,20.0,14.5,1.5075644841269842,13.375,40.125,32.6125,24.75,46.0,53.79620680748501,20.0,24.5,79.21249999999999,0.0,8.375,0.5913510101010101,4.625,21.75,0.21715126128489298,14.5,0.0,118.375,108.0,28.125,62.25,17.625,44.25,12.75,31.5,21.0,12.0,1.9922619047619046,9.375,26.5,35.4,31.125,61.625,50.47069687981823,17.625,22.375,78.9625,0.0,7.375,0.6724702380952381,4.125,17.875,0.2501453305681247,12.0,0.0,120.375
92,91,2017-05-12,1,1,2016-17,Washington Wizards,Boston Celtics,110.875,27.0,63.75,20.125,42.875,11.5,31.375,24.0,14.125,1.8499780040221219,9.0,26.5,34.65,31.875,60.75,52.452309467993665,20.125,25.0,79.9875,0.0,8.625,0.6419678768943475,6.5,22.0,0.30868231385472766,14.125,0.0,127.5,110.375,40.125,51.75,18.5,39.875,9.5,30.375,27.0,13.0,2.365799825174825,13.375,35.875,37.5375,25.875,48.0,53.787427650860224,18.5,23.75,77.7,0.0,8.25,0.7045709498834499,5.25,22.0,0.24519574175824177,13.0,0.0,127.875
113,111,2017-05-14,1,1,2016-17,Golden State Warriors,San Antonio Spurs,115.25,34.125,60.0,21.125,46.375,7.5,38.875,27.375,11.5,2.650823624904507,11.375,30.0,38.1875,30.0,55.5,54.12915865226604,21.125,25.625,82.9375,0.0,7.75,0.7478024732620321,7.5,19.625,0.4072571842502183,11.5,0.0,144.125,108.75,26.625,65.75,16.375,47.125,13.5,33.625,23.0,11.75,2.292261904761905,8.875,25.5,34.4875,32.875,62.5,52.27081789635716,16.375,21.875,73.1875,0.0,7.0,0.6599702380952381,4.875,17.5,0.28809175913955326,11.75,0.0,127.25
115,105,2017-05-15,1,1,2016-17,Boston Celtics,Washington Wizards,108.75,40.5,50.0,18.25,39.25,9.0,30.25,27.375,12.75,2.4383522727272724,13.5,35.625,38.0875,25.0,47.875,51.97555896399153,18.25,23.25,78.58749999999999,0.0,8.0,0.6940814393939393,5.125,21.375,0.24409925053017156,12.75,0.0,125.75,109.75,24.75,65.5,19.5,42.875,11.75,31.125,24.125,13.75,1.8999780040221217,8.25,25.5,32.95,32.75,61.875,53.00769595612513,19.5,24.75,77.9375,0.0,8.25,0.6253012102276808,6.75,21.875,0.32014064718806096,13.75,0.0,126.375
136,100,2017-05-16,1,1,2016-17,Golden State Warriors,San Antonio Spurs,114.25,34.125,59.0,21.125,46.125,8.5,37.625,26.875,11.875,2.5924354670097705,11.375,30.375,37.6875,29.5,55.125,53.58449634289785,21.125,26.25,81.3125,0.0,8.5,0.7786412890515058,7.25,19.625,0.39684051758355166,11.875,0.0,141.375,108.125,24.0,67.0,17.125,47.5,14.0,33.5,22.5,13.125,2.057886904761905,8.0,24.75,32.2125,33.5,63.75,52.19327447203953,17.125,22.625,73.67500000000001,0.0,7.75,0.6361215538847118,5.0,18.375,0.2890108767866121,13.125,0.0,125.25
104,117,2017-05-17,1,1,2016-17,Boston Celtics,Cleveland Cavaliers,109.625,41.25,50.5,17.875,38.375,8.5,29.875,27.375,13.0,2.2977272727272724,13.75,33.625,41.0,25.25,48.75,51.46893017611274,17.875,23.5,76.08749999999999,0.0,7.75,0.6159564393939394,5.25,22.375,0.2414950838635049,13.0,0.0,126.375,114.5,43.125,50.75,20.625,41.375,8.25,33.125,21.5,13.25,1.7650968822843822,14.375,33.125,43.6375,25.375,48.0,53.08727675420053,20.625,26.75,78.325,0.0,6.875,0.5594875245368667,5.625,18.0,0.33144127198761064,13.25,0.0,129.125
86,130,2017-05-19,1,1,2016-17,Boston Celtics,Cleveland Cavaliers,109.5,39.75,52.0,17.75,38.0,9.25,28.75,28.0,13.5,2.2423701298701295,13.25,33.5,39.825,26.0,49.875,51.70673505416153,17.75,23.5,75.4,0.0,7.375,0.5641707251082252,4.75,23.875,0.2016599190283401,13.5,0.0,124.25,115.5,43.125,50.0,22.375,42.625,8.5,34.125,20.875,12.875,1.7977673368298368,14.375,33.5,43.1625,25.0,48.0,52.33727675420053,22.375,27.75,81.8375,0.0,7.125,0.6205670699914121,5.625,17.75,0.33298925960370973,12.875,0.0,131.375
108,120,2017-05-20,1,1,2016-17,San Antonio Spurs,Golden State Warriors,107.75,24.375,66.75,16.625,47.875,14.75,33.125,23.5,14.0,2.06062813283208,8.125,25.125,32.1875,33.375,66.25,50.32211931141069,16.625,22.125,73.3875,0.0,8.625,0.6668233082706767,5.625,18.0,0.325775582668965,14.0,0.0,124.0,117.5,37.125,59.5,20.875,44.375,7.875,36.5,27.875,11.75,2.6691817905391826,12.375,31.0,39.85,29.75,54.25,54.92087183181571,20.875,25.625,82.73750000000001,0.0,9.5,0.844817759639741,6.5,19.875,0.3488529014844804,11.75,0.0,146.125
108,111,2017-05-21,1,1,2016-17,Cleveland Cavaliers,Boston Celtics,117.125,45.375,50.0,21.75,43.625,8.75,34.875,22.0,12.0,1.9644340034965035,15.125,34.5,44.012499999999996,25.0,48.125,52.16215598125367,21.75,27.75,79.1125,0.0,7.625,0.6852600524475524,5.375,17.875,0.31460690666253327,12.0,0.0,135.25,104.875,35.625,51.25,18.0,38.125,9.0,29.125,26.875,14.75,2.0156385281385276,11.875,32.0,37.4375,25.625,50.875,50.17383375804985,18.0,23.5,77.06250000000001,0.0,7.25,0.5149283008658009,4.375,23.125,0.1929757085020243,14.75,0.0,115.875
115,129,2017-05-22,1,1,2016-17,San Antonio Spurs,Golden State Warriors,108.875,22.875,71.0,15.0,48.0,15.25,32.75,23.875,14.125,2.0741697994987467,7.625,24.125,31.2875,35.5,68.375,52.09295264474402,15.0,20.75,71.16250000000001,0.0,8.625,0.6616149749373434,5.75,18.375,0.329743836637219,14.125,0.0,125.875,117.625,36.75,61.25,19.625,44.375,8.25,36.125,27.625,13.5,2.359657981015373,12.25,29.875,40.775,30.625,54.5,56.232674064670576,19.625,24.0,82.7625,0.0,9.625,0.7198177596397412,5.875,20.375,0.30909317608402276,13.5,0.0,145.75
112,99,2017-05-23,1,1,2016-17,Cleveland Cavaliers,Boston Celtics,115.75,43.5,49.5,22.75,44.375,9.125,35.25,21.75,13.0,1.7691215034965035,14.5,33.875,43.175,24.75,46.625,53.381210744944596,22.75,28.5,80.5,0.0,7.5,0.6305725524475524,5.0,16.375,0.32201797385620917,13.0,0.0,134.375,102.625,37.5,49.25,15.875,37.75,8.875,28.875,27.125,13.875,2.201402417027417,12.5,32.5,38.55,24.625,50.75,48.36387900691864,15.875,20.75,76.875,0.0,7.125,0.5678796897546898,3.875,23.375,0.16761338966144457,13.875,0.0,113.625
102,135,2017-05-25,1,1,2016-17,Boston Celtics,Cleveland Cavaliers,103.875,37.5,51.25,15.125,36.625,8.75,27.875,27.875,13.375,2.31598575036075,12.5,32.375,38.675,25.625,51.125,50.15207345136308,15.125,19.125,79.275,0.0,7.5,0.6095463564213565,3.875,22.0,0.17466467171272662,13.375,0.0,117.0,116.5,43.875,51.0,21.625,43.0,7.75,35.25,23.25,13.25,1.8550189393939394,14.625,32.75,45.2375,25.5,45.75,55.62208427819101,21.625,27.25,80.15,0.0,7.0,0.5857007575757576,4.5,16.5,0.28660130718954246,13.25,0.0,137.0
113,91,2017-06-01,1,1,2016-17,Golden State Warriors,Cleveland Cavaliers,117.75,35.625,62.5,19.625,45.375,8.125,37.25,28.0,14.375,2.2427462163094907,11.875,31.125,37.93750000000001,31.25,53.25,58.91557813335292,19.625,23.75,83.4625,0.0,9.625,0.6837883478750352,5.125,21.625,0.24909317608402276,14.375,0.0,146.125,118.875,45.75,52.0,21.125,42.0,7.625,34.375,23.0,13.125,1.8569128787878788,15.25,33.625,45.875,26.0,44.875,57.733269661435216,21.125,26.625,80.21249999999999,0.0,7.625,0.650094696969697,4.625,16.875,0.2885854341736695,13.125,0.0,140.25
132,113,2017-06-04,1,1,2016-17,Golden State Warriors,Cleveland Cavaliers,118.625,37.5,62.5,18.625,47.0,9.25,37.75,27.875,14.0,2.6400676448809186,12.5,31.625,39.475,31.25,55.75,56.78324419693524,18.625,23.125,80.75,0.0,10.25,0.9337883478750353,4.5,22.625,0.20221817608402276,14.0,0.0,146.125,114.625,43.125,51.0,20.5,44.375,8.75,35.625,21.375,13.625,1.7319128787878788,14.375,33.375,43.5,25.5,46.5,55.20621338437894,20.5,25.5,81.02499999999999,0.0,6.5,0.579782196969697,4.875,17.0,0.2984668570985706,13.625,0.0,133.125
113,118,2017-06-07,1,1,2016-17,Cleveland Cavaliers,Golden State Warriors,114.375,41.25,53.75,19.375,43.375,9.0,34.375,22.875,12.75,1.9897253787878788,13.75,34.125,39.887499999999996,26.875,48.75,55.588222419723074,19.375,24.375,80.175,0.0,8.125,0.7724905303030304,4.125,16.75,0.2616613015430151,12.75,0.0,132.875,120.75,39.0,62.5,19.25,47.75,9.375,38.375,28.0,14.375,2.6099205860573895,13.0,33.125,39.0625,31.25,54.75,57.910458367627676,19.25,23.625,81.5875,0.0,9.5,0.8841559949338587,4.875,22.5,0.2232708076629701,14.375,0.0,148.5
137,116,2017-06-09,1,1,2016-17,Cleveland Cavaliers,Golden State Warriors,114.875,39.75,55.0,20.125,43.375,9.625,33.75,22.0,12.875,1.8940814393939394,13.25,34.5,38.425,27.5,49.375,56.18472294994577,20.125,25.5,78.94999999999999,0.0,8.25,0.7753314393939394,3.875,18.5,0.21984311972483328,12.875,0.0,131.0,122.75,41.625,61.5,19.625,46.875,9.375,37.5,29.5,15.75,2.50773804637485,13.875,33.5,41.375,30.75,54.25,57.428976886146195,19.625,23.75,82.725,0.0,10.125,0.8861401219179856,4.875,23.5,0.21612795052011297,15.75,0.0,151.125
129,120,2017-06-12,1,1,2016-17,Golden State Warriors,Cleveland Cavaliers,122.125,41.625,60.5,20.0,45.625,10.625,35.0,29.25,15.875,2.460389561526365,13.875,35.125,39.6125,30.25,53.0,57.82409182867492,20.0,24.875,80.98750000000001,0.0,9.75,0.8473143643422282,5.25,23.625,0.22948265137481383,15.875,0.0,147.25,117.375,44.625,53.5,19.25,43.0,9.5,33.5,22.75,13.25,1.8727746212121212,14.875,36.25,40.65,26.75,48.375,55.73234199756482,19.25,25.0,77.4125,0.0,7.875,0.7028882575757576,4.0,19.375,0.2207622373718921,13.25,0.0,133.0
