placar_casa,placar_visitante,data,round,stage,ano,equipe_casa,equipe_visitante,Pts_casa,3P_casa,2P_casa,LL_casa,RT_casa,RO_casa,RD_casa,AS_casa,ER_casa,IA%_casa,3PC_casa,3PT_casa,3P%_casa,2PC_casa,2PT_casa,2P%_casa,LLC_casa,LLT_casa,LL%_casa,EN_casa,BR_casa,B/E_casa,TO_casa,FC_casa,T/FC_casa,ET_casa,VI_casa,EF_casa,Pts_visitante,3P_visitante,2P_visitante,LL_visitante,RT_visitante,RO_visitante,RD_visitante,AS_visitante,ER_visitante,IA%_visitante,3PC_visitante,3PT_visitante,3P%_visitante,2PC_visitante,2PT_visitante,2P%_visitante,LLC_visitante,LLT_visitante,LL%_visitante,EN_visitante,BR_visitante,B/E_visitante,TO_visitante,FC_visitante,T/FC_visitante,ET_visitante,VI_visitante,EF_visitante
86,127,2024-10-25,1,1,2024-25,Utah Jazz,Golden State Warriors,124.0,30.0,60.0,34.0,49.0,14.0,35.0,21.0,17.0,1.2352941176470589,10.0,26.0,38.5,30.0,59.0,50.847457627118644,34.0,45.0,75.6,0.0,7.0,0.4117647058823529,9.0,24.0,0.375,17.0,0.0,137.0,140.0,60.0,56.0,24.0,57.0,15.0,42.0,38.0,18.0,2.111111111111111,20.0,48.0,41.699999999999996,28.0,45.0,62.22222222222222,24.0,30.0,80.0,0.0,13.0,0.7222222222222222,5.0,27.0,0.18518518518518517,18.0,0.0,184.0
125,120,2024-10-25,1,1,2024-25,Atlanta Hawks,Charlotte Hornets,120.0,27.0,60.0,33.0,45.0,12.0,33.0,25.0,16.0,1.5625,9.0,28.0,32.1,30.0,52.0,57.692307692307686,33.0,46.0,71.7,0.0,12.0,0.75,9.0,20.0,0.45,16.0,0.0,141.0,110.0,45.0,46.0,19.0,56.0,15.0,41.0,20.0,17.0,1.1764705882352942,15.0,39.0,38.5,23.0,46.0,50.0,19.0,24.0,79.2,0.0,6.0,0.35294117647058826,10.0,21.0,0.47619047619047616,17.0,0.0,133.0
113,101,2024-10-25,1,1,2024-25,Cleveland Cavaliers,Detroit Pistons,136.0,42.0,74.0,20.0,36.0,8.0,28.0,29.0,13.0,2.230769230769231,14.0,30.0,46.7,37.0,57.0,64.91228070175438,20.0,26.0,76.9,0.0,10.0,0.7692307692307693,9.0,22.0,0.4090909090909091,13.0,0.0,165.0,109.0,27.0,58.0,24.0,38.0,12.0,26.0,22.0,14.0,1.5714285714285714,9.0,33.0,27.3,29.0,55.0,52.72727272727272,24.0,28.0,85.7,0.0,6.0,0.42857142857142855,2.0,21.0,0.09523809523809523,14.0,0.0,109.0
128,108,2024-10-25,1,1,2024-25,Houston Rockets,Memphis Grizzlies,105.0,39.0,50.0,16.0,43.0,16.0,27.0,19.0,8.0,2.375,13.0,43.0,30.2,25.0,60.0,41.66666666666667,16.0,20.0,80.0,0.0,8.0,1.0,4.0,18.0,0.2222222222222222,8.0,0.0,102.0,126.0,51.0,52.0,23.0,41.0,13.0,28.0,28.0,13.0,2.1538461538461537,17.0,45.0,37.8,26.0,46.0,56.52173913043478,23.0,32.0,71.89999999999999,0.0,7.0,0.5384615384615384,5.0,35.0,0.14285714285714285,13.0,0.0,137.0
122,133,2024-10-25,1,1,2024-25,Milwaukee Bucks,Chicago Bulls,124.0,48.0,54.0,22.0,46.0,8.0,38.0,27.0,14.0,1.9285714285714286,16.0,37.0,43.2,27.0,43.0,62.7906976744186,22.0,31.0,71.0,0.0,4.0,0.2857142857142857,9.0,23.0,0.391304347826087,14.0,0.0,150.0,111.0,30.0,64.0,17.0,47.0,9.0,38.0,26.0,21.0,1.2380952380952381,10.0,34.0,29.4,32.0,52.0,61.53846153846154,17.0,25.0,68.0,0.0,4.0,0.19047619047619047,2.0,16.0,0.125,21.0,0.0,117.0
115,107,2024-10-25,1,1,2024-25,Toronto Raptors,Philadelphia 76ers,106.0,36.0,48.0,22.0,38.0,14.0,24.0,25.0,19.0,1.3157894736842106,12.0,31.0,38.7,24.0,55.0,43.63636363636363,22.0,29.0,75.9,0.0,8.0,0.42105263157894735,6.0,24.0,0.25,19.0,0.0,107.0,109.0,24.0,66.0,19.0,49.0,17.0,32.0,18.0,10.0,1.8,8.0,31.0,25.8,33.0,67.0,49.25373134328358,19.0,27.0,70.39999999999999,0.0,4.0,0.4,2.0,28.0,0.07142857142857142,10.0,0.0,107.0
123,116,2024-10-25,1,1,2024-25,Los Angeles Lakers,Phoenix Suns,110.0,15.0,74.0,21.0,46.0,15.0,31.0,22.0,7.0,3.142857142857143,5.0,30.0,16.7,37.0,65.0,56.92307692307692,21.0,25.0,84.0,0.0,7.0,1.0,8.0,22.0,0.36363636363636365,7.0,0.0,129.0,116.0,45.0,46.0,25.0,42.0,4.0,38.0,25.0,22.0,1.1363636363636365,15.0,38.0,39.5,23.0,40.0,57.49999999999999,25.0,34.0,73.5,0.0,12.0,0.5454545454545454,9.0,23.0,0.391304347826087,22.0,0.0,133.0
123,98,2024-10-25,1,1,2024-25,New York Knicks,Indiana Pacers,109.0,33.0,64.0,12.0,34.0,5.0,29.0,20.0,12.0,1.6666666666666667,11.0,30.0,36.7,32.0,48.0,66.66666666666666,12.0,16.0,75.0,0.0,2.0,0.16666666666666666,3.0,12.0,0.25,12.0,0.0,117.0,115.0,27.0,66.0,22.0,39.0,7.0,32.0,32.0,15.0,2.1333333333333333,9.0,31.0,28.999999999999996,33.0,52.0,63.46153846153846,22.0,25.0,88.0,0.0,10.0,0.6666666666666666,8.0,23.0,0.34782608695652173,15.0,0.0,145.0
116,101,2024-10-25,1,1,2024-25,Orlando Magic,Brooklyn Nets,116.0,54.0,46.0,16.0,57.0,18.0,39.0,28.0,14.0,2.0,18.0,49.0,36.7,23.0,47.0,48.93617021276596,16.0,22.0,72.7,0.0,8.0,0.5714285714285714,8.0,21.0,0.38095238095238093,14.0,0.0,142.0,116.0,51.0,46.0,19.0,43.0,12.0,31.0,21.0,19.0,1.105263157894737,17.0,43.0,39.5,23.0,48.0,47.91666666666667,19.0,25.0,76.0,0.0,8.0,0.42105263157894735,6.0,32.0,0.1875,19.0,0.0,118.0
103,105,2024-10-25,1,1,2024-25,Portland Trail Blazers,New Orleans Pelicans,104.0,24.0,56.0,24.0,42.0,13.0,29.0,21.0,18.0,1.1666666666666667,8.0,34.0,23.5,28.0,58.0,48.275862068965516,24.0,30.0,80.0,0.0,10.0,0.5555555555555556,4.0,22.0,0.18181818181818182,18.0,0.0,101.0,123.0,42.0,62.0,19.0,42.0,7.0,35.0,29.0,12.0,2.4166666666666665,14.0,37.0,37.8,31.0,60.0,51.66666666666667,19.0,21.0,90.5,0.0,15.0,1.25,10.0,17.0,0.5882352941176471,12.0,0.0,153.0
106,114,2024-10-26,1,1,2024-25,Charlotte Hornets,Miami Heat,115.0,54.0,39.0,22.0,54.5,18.5,36.0,21.0,17.5,1.1993464052287583,18.0,45.0,39.849999999999994,19.5,45.5,42.77777777777778,22.0,27.5,79.9,0.0,6.5,0.3709150326797386,7.0,24.5,0.30952380952380953,17.5,0.0,128.0,97.0,33.0,42.0,22.0,41.0,9.0,32.0,24.0,11.0,2.1818181818181817,11.0,34.0,32.4,21.0,48.0,43.75,22.0,29.0,75.9,0.0,5.0,0.45454545454545453,8.0,19.0,0.42105263157894735,11.0,0.0,107.0
124,111,2024-10-26,1,1,2024-25,Memphis Grizzlies,Orlando Magic,117.0,40.5,54.0,22.5,42.0,13.5,28.5,26.0,16.0,1.708502024291498,13.5,36.5,36.75,27.0,54.5,50.48309178743961,22.5,34.0,66.5,0.0,7.5,0.4797570850202429,6.5,30.0,0.23142857142857143,16.0,0.0,121.0,116.0,49.5,47.0,19.5,48.0,11.5,36.5,28.0,13.5,2.0769230769230766,16.5,39.5,43.35,23.5,46.0,51.13475177304964,19.5,27.5,71.19999999999999,0.0,9.0,0.6703296703296704,7.5,20.0,0.37468671679197996,13.5,0.0,141.5
131,127,2024-10-26,1,1,2024-25,Los Angeles Lakers,Sacramento Kings,116.5,28.5,63.0,25.0,41.5,10.5,31.0,27.5,10.0,2.8406593406593403,9.5,28.5,34.3,31.5,56.5,55.544871794871796,25.0,32.0,79.2,0.0,8.5,0.8846153846153846,6.5,20.0,0.3207070707070707,10.0,0.0,139.5,115.0,33.0,54.0,28.0,38.0,4.0,34.0,21.0,9.0,2.3333333333333335,11.0,29.0,37.9,27.0,53.0,50.943396226415096,28.0,35.0,80.0,0.0,7.0,0.7777777777777778,2.0,18.0,0.1111111111111111,9.0,0.0,123.0
118,124,2024-10-26,1,1,2024-25,Detroit Pistons,Boston Celtics,105.0,33.0,54.0,18.0,40.0,10.0,30.0,23.5,18.0,1.353896103896104,11.0,32.5,33.95,27.0,52.0,51.87384044526901,18.0,22.5,78.15,0.0,4.5,0.2824675324675324,3.5,21.5,0.16125541125541126,18.0,0.0,107.5,127.0,69.0,44.0,14.0,44.5,11.5,33.0,27.0,9.0,4.875,23.0,53.0,42.65,22.0,39.5,55.71895424836602,14.0,17.5,82.65,0.0,6.5,1.0,3.0,17.0,0.17894736842105263,9.0,0.0,148.0
116,135,2024-10-26,1,1,2024-25,Washington Wizards,Cleveland Cavaliers,102.0,21.0,68.0,13.0,40.0,10.0,30.0,27.0,15.0,1.8,7.0,36.0,19.400000000000002,34.0,59.0,57.6271186440678,13.0,18.0,72.2,0.0,9.0,0.6,6.0,19.0,0.3157894736842105,15.0,0.0,110.0,124.5,40.5,66.0,18.0,37.5,6.5,31.0,28.5,13.0,2.1923076923076925,13.5,32.0,42.45,33.0,52.5,62.66447368421052,18.0,24.5,73.25,0.0,11.5,0.8846153846153846,6.5,18.5,0.3378787878787879,13.0,0.0,151.0
114,102,2024-10-26,1,1,2024-25,Phoenix Suns,Dallas Mavericks,116.0,48.0,48.0,20.0,38.0,4.5,33.5,30.0,19.5,1.5975935828877006,16.0,37.5,42.7,24.0,42.5,56.52777777777777,20.0,25.5,80.85,0.0,10.0,0.5080213903743316,6.5,24.5,0.27257525083612044,19.5,0.0,135.5,120.0,57.0,46.0,17.0,50.0,17.0,33.0,27.0,10.0,2.7,19.0,44.0,43.2,23.0,58.0,39.6551724137931,17.0,23.0,73.9,0.0,9.0,0.9,5.0,21.0,0.23809523809523808,10.0,0.0,135.0
109,106,2024-10-26,1,1,2024-25,San Antonio Spurs,Houston Rockets,109.0,36.0,54.0,19.0,52.0,12.0,40.0,30.0,19.0,1.5789473684210527,12.0,36.0,33.300000000000004,27.0,50.0,54.0,19.0,24.0,79.2,0.0,6.0,0.3157894736842105,5.0,18.0,0.2777777777777778,19.0,0.0,131.0,116.5,45.0,51.0,20.5,53.5,19.5,34.0,19.5,13.5,1.713815789473684,15.0,43.0,34.85,25.5,57.5,44.46969696969697,20.5,28.0,74.69999999999999,0.0,9.0,0.763157894736842,4.0,25.0,0.1736111111111111,13.5,0.0,121.5
104,109,2024-10-26,1,1,2024-25,Denver Nuggets,LA Clippers,87.0,21.0,56.0,10.0,57.0,17.0,40.0,29.0,16.0,1.8125,7.0,38.0,18.4,28.0,60.0,46.666666666666664,10.0,14.0,71.39999999999999,0.0,11.0,0.6875,7.0,12.0,0.5833333333333334,16.0,0.0,108.0,113.0,24.0,68.0,21.0,51.0,13.0,38.0,27.0,22.0,1.2272727272727273,8.0,29.0,27.6,34.0,63.0,53.96825396825397,21.0,30.0,70.0,0.0,9.0,0.4090909090909091,1.0,29.0,0.034482758620689655,22.0,0.0,120.0
95,114,2024-10-26,1,1,2024-25,Chicago Bulls,Oklahoma City Thunder,122.0,46.5,57.0,18.5,46.5,9.0,37.5,28.0,15.5,2.119047619047619,15.5,40.5,37.05,28.5,50.5,56.279434850863424,18.5,24.0,77.5,0.0,7.0,0.5952380952380952,3.0,16.5,0.1801470588235294,15.5,0.0,138.5,102.0,24.0,70.0,8.0,49.0,13.0,36.0,23.0,12.0,1.9166666666666667,8.0,36.0,22.2,35.0,65.0,53.84615384615385,8.0,12.0,66.7,0.0,9.0,0.75,13.0,15.0,0.8666666666666667,12.0,0.0,122.0
112,101,2024-10-26,1,1,2024-25,Minnesota Timberwolves,Toronto Raptors,110.0,49.5,43.0,17.5,44.5,9.0,35.5,20.5,16.5,1.2371323529411766,16.5,45.5,35.85,21.5,40.0,54.16666666666667,17.5,22.0,81.15,0.0,3.5,0.21323529411764708,1.5,23.0,0.06439393939393939,16.5,0.0,111.5,110.5,27.0,53.0,30.5,46.0,16.0,30.0,25.0,23.0,1.1208576998050683,9.0,27.0,32.400000000000006,26.5,54.0,49.17667238421955,30.5,37.5,80.35,0.0,9.5,0.4142300194931774,9.5,29.0,0.3161764705882353,23.0,0.0,125.0
104,112,2024-10-27,1,1,2024-25,Golden State Warriors,LA Clippers,133.5,60.0,59.0,14.5,58.5,17.0,41.5,36.5,16.5,2.2222222222222223,20.0,49.0,40.849999999999994,29.5,50.5,58.789682539682545,14.5,18.0,81.65,0.0,14.0,0.8611111111111112,5.5,26.0,0.21259259259259258,16.5,0.0,178.0,111.0,30.0,62.0,19.0,47.5,12.0,35.5,28.5,19.5,1.4959893048128343,10.0,31.0,32.0,31.0,56.0,55.55555555555556,19.0,25.5,75.5,0.0,6.5,0.32219251336898397,3.0,26.5,0.12140804597701149,19.5,0.0,124.5
125,103,2024-10-27,1,1,2024-25,Portland Trail Blazers,New Orleans Pelicans,103.5,31.5,52.0,20.0,45.0,11.5,33.5,23.5,19.0,1.2333333333333334,10.5,35.5,29.299999999999997,26.0,55.5,46.779440468445024,20.0,25.0,80.0,0.0,8.5,0.4527777777777778,7.5,22.0,0.34090909090909094,19.0,0.0,109.5,114.0,39.0,55.0,20.0,43.0,9.0,34.0,27.0,13.0,2.1011904761904763,13.0,34.5,37.65,27.5,57.0,48.05555555555556,20.0,26.0,79.1,0.0,13.5,1.0535714285714286,9.0,19.5,0.47593582887700536,13.0,0.0,136.5
114,118,2024-10-27,1,1,2024-25,Indiana Pacers,Philadelphia 76ers,106.5,18.0,71.0,17.5,36.0,8.0,28.0,30.0,15.5,1.9416666666666667,6.0,30.5,19.5,35.5,52.5,67.57982583454282,17.5,22.5,76.5,0.0,9.0,0.5833333333333333,7.0,23.5,0.29891304347826086,15.5,0.0,126.5,108.0,25.5,53.0,29.5,38.5,13.5,25.0,18.5,13.0,1.49375,8.5,30.0,28.4,26.5,57.0,45.90346141632264,29.5,40.0,72.94999999999999,0.0,7.5,0.54375,3.5,30.0,0.11383928571428571,13.0,0.0,100.5
115,102,2024-10-27,1,1,2024-25,Brooklyn Nets,Milwaukee Bucks,108.5,46.5,44.0,18.0,40.0,10.0,30.0,21.5,19.0,1.1315789473684212,15.5,40.0,38.65,22.0,47.0,46.78442028985508,18.0,23.0,78.5,0.0,7.5,0.39473684210526316,4.5,31.5,0.14213709677419356,19.0,0.0,108.5,123.0,43.5,60.0,19.5,46.5,8.0,38.5,25.5,14.5,1.7642857142857142,14.5,38.5,37.85,30.0,48.0,62.52742430890741,19.5,28.0,69.5,0.0,4.5,0.30952380952380953,6.0,18.5,0.3027950310559006,14.5,0.0,140.5
128,104,2024-10-27,1,1,2024-25,Oklahoma City Thunder,Atlanta Hawks,108.0,24.0,72.0,12.0,51.5,11.0,40.5,22.0,11.0,2.0083333333333333,8.0,38.0,21.1,36.0,66.0,54.53501722158438,12.0,16.0,73.35,0.0,12.0,1.125,9.0,16.5,0.5722222222222222,11.0,0.0,127.5,122.5,34.5,55.0,33.0,42.0,9.5,32.5,25.0,15.0,1.6741071428571428,11.5,33.0,34.45,27.5,47.5,57.91592128801431,33.0,42.0,79.25,0.0,11.5,0.7678571428571428,9.0,24.0,0.38571428571428573,15.0,0.0,144.5
110,102,2024-10-28,1,1,2024-25,Dallas Mavericks,Utah Jazz,111.0,48.0,47.0,16.0,48.0,14.5,33.5,24.5,9.5,2.5722222222222224,16.0,42.5,37.45,23.5,55.0,42.90450928381963,16.0,20.5,78.6,0.0,7.5,0.7833333333333333,3.5,24.5,0.15476190476190477,9.5,0.0,122.5,105.0,28.5,50.0,26.5,47.0,14.0,33.0,19.5,19.5,1.0267379679144386,9.5,34.0,29.95,25.0,54.5,45.42372881355932,26.5,35.5,74.35,0.0,7.5,0.3877005347593583,7.0,17.5,0.4147727272727273,19.5,0.0,103.5
109,105,2024-10-28,1,1,2024-25,Phoenix Suns,Los Angeles Lakers,115.33333333333333,46.0,46.666666666666664,22.666666666666668,41.0,5.333333333333333,35.666666666666664,28.666666666666668,16.666666666666668,1.852941176470588,15.333333333333334,38.0,40.43333333333333,23.333333333333332,42.0,55.571364046973805,22.666666666666668,29.333333333333332,79.13333333333334,0.0,7.666666666666667,0.42959001782531187,5.666666666666667,22.0,0.26014820643976655,16.666666666666668,0.0,133.66666666666666,121.33333333333333,33.0,64.66666666666667,23.666666666666668,42.666666666666664,11.333333333333334,31.333333333333332,29.0,13.0,2.4551764025448235,11.0,30.333333333333332,36.6,32.333333333333336,57.0,56.57014441497199,23.666666666666668,29.333333333333332,81.96666666666667,0.0,8.333333333333334,0.7300944669365722,5.333333333333333,19.666666666666668,0.26643629275208225,13.0,0.0,144.0
119,108,2024-10-28,1,1,2024-25,Boston Celtics,Milwaukee Bucks,126.0,68.0,40.0,18.0,42.0,12.0,30.0,24.333333333333332,9.333333333333334,3.8833333333333333,22.666666666666668,51.333333333333336,43.699999999999996,20.0,40.333333333333336,49.84438219732338,18.0,21.666666666666668,84.0,0.0,7.666666666666667,1.0,4.0,16.666666666666668,0.2442982456140351,9.333333333333334,0.0,142.0,116.0,39.0,55.333333333333336,21.666666666666668,45.333333333333336,7.666666666666667,37.666666666666664,23.666666666666668,15.666666666666666,1.5465608465608467,13.0,36.666666666666664,35.333333333333336,27.666666666666668,45.666666666666664,60.38413653114153,21.666666666666668,29.0,74.3,0.0,5.333333333333333,0.335978835978836,5.0,18.0,0.2606868834490318,15.666666666666666,0.0,130.66666666666666
119,115,2024-10-28,1,1,2024-25,Orlando Magic,Indiana Pacers,114.33333333333333,50.0,44.666666666666664,19.666666666666668,45.666666666666664,11.666666666666666,34.0,25.666666666666668,15.333333333333334,1.7530364372469636,16.666666666666668,42.333333333333336,40.699999999999996,22.333333333333332,43.666666666666664,51.18385160938353,19.666666666666668,27.666666666666668,71.26666666666667,0.0,9.333333333333334,0.6223250433776749,7.0,20.0,0.34979114452798665,15.333333333333334,0.0,131.66666666666666,109.0,25.0,64.66666666666667,19.333333333333332,36.333333333333336,7.666666666666667,28.666666666666668,29.333333333333332,17.0,1.761111111111111,8.333333333333334,31.0,26.53333333333333,32.333333333333336,52.333333333333336,61.71988388969521,19.333333333333332,26.333333333333332,73.53333333333335,0.0,8.666666666666666,0.5222222222222223,6.0,24.333333333333332,0.25055741360089184,17.0,0.0,122.66666666666667
111,98,2024-10-28,1,1,2024-25,Sacramento Kings,Portland Trail Blazers,121.0,39.0,57.0,25.0,35.0,4.5,30.5,26.5,11.5,2.3095238095238093,13.0,36.5,36.0,28.5,48.5,59.56260720411663,25.0,30.0,84.0,0.0,9.5,0.8174603174603174,3.5,18.5,0.1871345029239766,11.5,0.0,135.5,110.66666666666667,35.0,54.0,21.666666666666668,47.0,15.0,32.0,24.0,18.0,1.3430555555555557,11.666666666666666,35.333333333333336,32.86666666666667,27.0,56.333333333333336,47.85296031229668,21.666666666666668,27.333333333333332,79.36666666666667,0.0,8.666666666666666,0.4893518518518518,7.666666666666667,21.666666666666668,0.35425685425685427,18.0,0.0,121.33333333333333
104,110,2024-10-28,1,1,2024-25,New York Knicks,Cleveland Cavaliers,116.0,34.5,64.0,17.5,38.5,8.0,30.5,19.5,12.0,1.625,11.5,28.5,40.55,32.0,52.5,61.40350877192982,17.5,22.5,77.15,0.0,3.5,0.2916666666666667,3.5,15.0,0.2361111111111111,12.0,0.0,126.5,128.0,45.0,63.333333333333336,19.666666666666668,41.0,8.0,33.0,28.0,14.333333333333334,1.990950226244344,15.0,34.333333333333336,43.70000000000001,31.666666666666668,51.333333333333336,61.50420694593627,19.666666666666668,27.666666666666668,71.36666666666667,0.0,12.0,0.8446455505279035,7.666666666666667,21.333333333333332,0.348709315375982,14.333333333333334,0.0,155.33333333333334
123,126,2024-10-28,1,1,2024-25,Memphis Grizzlies,Chicago Bulls,119.33333333333333,40.0,58.0,21.333333333333332,42.0,11.0,31.0,30.0,16.666666666666668,1.842705053231369,13.333333333333334,35.666666666666664,37.23333333333333,29.0,53.666666666666664,54.8092406788059,21.333333333333332,30.666666666666668,70.73333333333333,0.0,8.333333333333334,0.5050232418653472,6.0,28.0,0.22373015873015875,16.666666666666668,0.0,132.66666666666666,113.0,46.0,49.333333333333336,17.666666666666668,51.333333333333336,9.666666666666666,41.666666666666664,26.333333333333332,19.0,1.7075702075702075,15.333333333333334,44.666666666666664,34.13333333333333,24.666666666666668,46.666666666666664,52.04953776382348,17.666666666666668,23.333333333333332,75.89999999999999,0.0,6.666666666666667,0.4737484737484738,2.6666666666666665,17.333333333333332,0.15518575851393188,19.0,0.0,124.0
125,127,2024-10-28,1,1,2024-25,Toronto Raptors,Denver Nuggets,107.33333333333333,28.0,56.0,23.333333333333332,46.0,14.666666666666666,31.333333333333332,26.333333333333332,22.0,1.2305717998700454,9.333333333333334,27.666666666666668,33.1,28.0,56.333333333333336,49.724338966528876,23.333333333333332,29.333333333333332,76.63333333333333,0.0,9.333333333333334,0.42615334632878493,7.666666666666667,26.666666666666668,0.27139037433155083,22.0,0.0,122.0,95.5,31.5,49.0,15.0,47.0,13.5,33.5,24.5,13.0,1.90625,10.5,36.5,29.2,24.5,56.0,43.52564102564102,15.0,19.0,77.35,0.0,12.0,0.99375,5.5,17.0,0.38257575757575757,13.0,0.0,110.0
101,106,2024-10-28,1,1,2024-25,San Antonio Spurs,Houston Rockets,109.0,30.0,58.0,21.0,50.5,11.0,39.5,26.5,18.0,1.4659442724458205,10.0,28.0,36.650000000000006,29.0,54.5,53.271186440677965,21.0,26.0,80.65,0.0,6.0,0.33436532507739936,6.0,18.0,0.33333333333333337,18.0,0.0,131.5,113.0,43.0,50.666666666666664,19.333333333333332,47.0,15.666666666666666,31.333333333333332,20.0,12.666666666666666,1.778907496012759,14.333333333333334,42.333333333333336,33.800000000000004,25.333333333333332,55.333333333333336,45.9863339275104,19.333333333333332,25.666666666666668,76.8,0.0,9.333333333333334,0.8118022328548644,3.6666666666666665,24.666666666666668,0.1574074074074074,12.666666666666666,0.0,116.0
119,121,2024-10-28,1,1,2024-25,Atlanta Hawks,Washington Wizards,116.33333333333333,33.0,54.0,29.333333333333332,44.333333333333336,12.0,32.333333333333336,24.666666666666668,16.666666666666668,1.5160714285714285,11.0,32.333333333333336,33.733333333333334,27.0,51.666666666666664,53.055058636453985,29.333333333333332,37.666666666666664,78.13333333333334,0.0,10.0,0.6285714285714286,7.333333333333333,23.666666666666668,0.3151138716356108,16.666666666666668,0.0,131.66666666666666,109.0,33.0,56.0,20.0,43.0,14.0,29.0,26.0,15.0,1.7333333333333334,11.0,39.5,27.15,28.0,56.0,49.56827630316597,20.0,25.0,78.3,0.0,7.5,0.5,7.5,22.0,0.33789473684210525,15.0,0.0,116.5
106,98,2024-10-28,1,1,2024-25,Miami Heat,Detroit Pistons,105.5,37.5,47.0,21.0,42.0,11.0,31.0,28.5,12.5,2.2694805194805197,12.5,34.0,36.8,23.5,50.0,46.875,21.0,28.5,73.65,0.0,6.5,0.512987012987013,7.0,19.0,0.3684210526315789,12.5,0.0,121.5,109.33333333333333,36.0,55.333333333333336,18.0,41.333333333333336,9.666666666666666,31.666666666666668,24.666666666666668,17.0,1.5025974025974025,12.0,34.666666666666664,34.6,27.666666666666668,51.0,54.310451453308595,18.0,22.333333333333332,79.36666666666666,0.0,4.333333333333333,0.27720057720057717,4.666666666666667,21.666666666666668,0.21356421356421354,17.0,0.0,117.0
114,120,2024-10-29,1,1,2024-25,Minnesota Timberwolves,Dallas Mavericks,110.66666666666667,47.0,45.333333333333336,18.333333333333332,43.333333333333336,9.0,34.333333333333336,23.333333333333332,15.333333333333334,1.568344645550528,15.666666666666666,42.666666666666664,36.5,22.666666666666668,42.0,54.227053140096615,18.333333333333332,23.333333333333332,79.73333333333333,0.0,5.333333333333333,0.3729260935143288,3.6666666666666665,20.666666666666668,0.20959595959595959,15.333333333333334,0.0,119.66666666666667,110.66666666666667,43.0,52.666666666666664,15.0,48.666666666666664,14.0,34.666666666666664,25.333333333333332,11.0,2.357671957671958,14.333333333333334,41.333333333333336,34.36666666666667,26.333333333333332,55.333333333333336,47.65062523683213,15.0,19.333333333333332,77.89999999999999,0.0,8.0,0.7365079365079366,6.333333333333333,24.0,0.27708764665286406,11.0,0.0,127.66666666666667
139,144,2024-10-29,1,1,2024-25,Brooklyn Nets,Denver Nuggets,110.66666666666667,47.0,44.666666666666664,19.0,42.333333333333336,10.666666666666666,31.666666666666668,22.0,16.666666666666668,1.3932748538011694,15.666666666666666,41.666666666666664,37.63333333333333,22.333333333333332,46.666666666666664,47.85628019323672,19.0,23.0,82.76666666666667,0.0,8.0,0.5131578947368421,4.0,29.666666666666668,0.1332196029776675,16.666666666666668,0.0,116.0,106.0,30.0,58.0,18.0,48.666666666666664,14.0,34.666666666666664,26.0,14.0,1.875,10.0,31.0,34.46666666666667,29.0,62.666666666666664,45.68376068376068,18.0,22.666666666666668,78.23333333333333,0.0,10.0,0.7875,5.666666666666667,18.0,0.35505050505050506,14.0,0.0,123.0
96,113,2024-10-29,1,1,2024-25,Utah Jazz,Sacramento Kings,104.0,29.0,49.333333333333336,25.666666666666668,48.0,14.333333333333334,33.666666666666664,21.0,18.0,1.2178253119429592,9.666666666666666,34.333333333333336,29.5,24.666666666666668,55.333333333333336,44.31757359500446,25.666666666666668,33.333333333333336,77.16666666666667,0.0,7.333333333333333,0.4140225787284611,6.333333333333333,17.333333333333332,0.374554367201426,18.0,0.0,105.66666666666667,117.66666666666667,40.0,53.333333333333336,24.333333333333332,36.666666666666664,6.0,30.666666666666668,26.0,13.0,2.060515873015873,13.333333333333334,36.0,37.333333333333336,26.666666666666668,47.666666666666664,56.37507146941109,24.333333333333332,28.333333333333332,86.66666666666667,0.0,9.0,0.7116402116402116,4.333333333333333,21.333333333333332,0.19883040935672514,13.0,0.0,133.0
124,106,2024-10-29,1,1,2024-25,Golden State Warriors,New Orleans Pelicans,123.66666666666667,54.0,55.333333333333336,14.333333333333334,54.666666666666664,16.0,38.666666666666664,30.666666666666668,18.0,1.7830687830687832,18.0,47.0,38.1,27.666666666666668,48.666666666666664,56.970899470899475,14.333333333333334,19.333333333333332,75.63333333333334,0.0,12.666666666666666,0.7328042328042329,5.333333333333333,24.666666666666668,0.21748597081930413,18.0,0.0,154.0,110.33333333333333,34.0,56.666666666666664,19.666666666666668,41.666666666666664,11.0,30.666666666666668,26.0,14.333333333333334,1.8713818860877687,11.333333333333334,32.666666666666664,34.300000000000004,28.333333333333332,57.666666666666664,48.98618957940992,19.666666666666668,25.333333333333332,79.13333333333334,0.0,12.0,0.8788515406162465,8.666666666666666,20.333333333333332,0.4385026737967914,14.333333333333334,0.0,128.0
95,105,2024-10-30,1,1,2024-25,Philadelphia 76ers,Detroit Pistons,111.33333333333333,28.0,56.0,27.333333333333332,43.666666666666664,15.666666666666666,28.0,17.333333333333332,15.333333333333334,1.2458333333333333,9.333333333333334,34.0,27.666666666666668,28.0,56.666666666666664,49.054688563262715,27.333333333333332,37.0,73.36666666666666,0.0,8.0,0.5125000000000001,3.6666666666666665,28.666666666666668,0.12717490842490842,15.333333333333334,0.0,105.66666666666667,106.5,37.5,52.0,17.0,44.5,12.0,32.5,22.0,17.0,1.3328304048892283,12.5,35.5,35.15,26.0,51.5,50.638498967339935,17.0,21.0,80.125,0.0,4.75,0.29613572701807994,5.0,21.0,0.2391205285942128,17.0,0.0,113.25
135,132,2024-10-30,1,1,2024-25,Indiana Pacers,Boston Celtics,110.5,28.5,62.5,19.5,38.25,9.5,28.75,28.25,16.0,1.8016025641025641,9.5,30.5,31.1,31.25,54.0,58.15431969693242,19.5,27.25,71.825,0.0,8.25,0.5262820512820513,5.5,25.25,0.22363234591495462,16.0,0.0,123.25,124.25,64.5,42.5,17.25,41.0,10.0,31.0,24.25,10.5,3.3410714285714285,21.5,50.25,42.35,21.25,40.25,53.008286647992534,17.25,21.0,82.725,0.0,7.0,0.8392857142857143,4.25,17.0,0.2526681286549708,10.5,0.0,138.75
138,133,2024-10-30,1,1,2024-25,Charlotte Hornets,Toronto Raptors,112.0,49.0,43.333333333333336,19.666666666666668,51.666666666666664,17.333333333333332,34.333333333333336,20.666666666666668,18.333333333333332,1.132897603485839,16.333333333333332,43.666666666666664,37.13333333333333,21.666666666666668,46.333333333333336,46.574074074074076,19.666666666666668,25.333333333333332,77.06666666666666,0.0,6.333333333333333,0.34727668845315907,6.333333333333333,24.333333333333332,0.27579365079365076,18.333333333333332,0.0,121.0,111.75,28.5,61.5,21.75,48.0,15.5,32.5,27.25,20.25,1.422928849902534,9.5,29.5,31.975,30.75,60.75,50.468929900572334,21.75,27.25,77.725,0.0,8.75,0.4362816764132553,7.5,26.75,0.26835759556347794,20.25,0.0,127.5
104,89,2024-10-30,1,1,2024-25,Golden State Warriors,New Orleans Pelicans,123.75,56.25,54.0,13.5,49.5,14.75,34.75,31.5,15.5,2.3998015873015874,18.75,46.75,40.0,27.0,49.25,54.98307656395892,13.5,17.75,77.875,0.0,13.25,1.0183531746031746,6.25,23.5,0.27561447811447815,15.5,0.0,154.25,109.25,32.25,58.0,19.0,42.25,10.5,31.75,25.25,16.75,1.6431197478991597,10.75,30.0,35.95,29.0,56.25,51.64348833840359,19.0,25.0,77.05,0.0,10.0,0.7008053221288515,8.0,18.5,0.444261620732209,16.75,0.0,125.5
133,120,2024-10-30,1,1,2024-25,Washington Wizards,Atlanta Hawks,113.0,43.0,50.666666666666664,19.333333333333332,43.0,12.333333333333334,30.666666666666668,25.333333333333332,16.0,1.5999999999999999,14.333333333333334,41.0,34.0,25.333333333333332,53.0,47.22991469856455,19.333333333333332,24.0,79.46666666666665,0.0,7.333333333333333,0.46296296296296297,6.0,23.0,0.2652631578947368,16.0,0.0,119.66666666666667,117.0,36.0,52.5,28.5,43.0,10.5,32.5,26.5,16.5,1.6370535714285714,12.0,34.25,34.675,26.25,49.0,54.4254403188039,28.5,37.25,76.65,0.0,10.5,0.6589285714285714,7.25,23.25,0.3158808582721626,16.5,0.0,134.0
134,110,2024-10-30,1,1,2024-25,Cleveland Cavaliers,Los Angeles Lakers,123.5,42.75,61.0,19.75,41.0,8.25,32.75,26.25,14.25,1.868212669683258,14.25,34.75,41.1,30.5,50.0,60.80206825293046,19.75,26.75,74.35,0.0,11.5,0.8120555914673562,7.0,21.0,0.3240319865319865,14.25,0.0,148.0,117.25,35.25,61.0,21.0,43.5,11.25,32.25,28.0,12.75,2.362215635241951,11.75,30.75,38.4,30.5,58.25,52.50825347251932,21.0,26.5,79.525,0.0,7.5,0.6517375168690959,5.5,19.5,0.2787745879851143,12.75,0.0,136.75
105,106,2024-10-30,1,1,2024-25,LA Clippers,Portland Trail Blazers,111.33333333333333,30.0,62.666666666666664,18.666666666666668,47.666666666666664,12.666666666666666,35.0,28.0,19.0,1.4973262032085561,10.0,31.333333333333332,31.766666666666666,31.333333333333332,56.666666666666664,55.42784163473818,18.666666666666668,24.666666666666668,76.43333333333334,0.0,8.0,0.41849871261635974,2.6666666666666665,24.666666666666668,0.11268472906403941,19.0,0.0,126.0,107.5,29.25,56.0,22.25,46.75,14.25,32.5,22.25,18.0,1.2434027777777779,9.75,32.0,29.2,28.0,57.5,48.5946382670094,22.25,28.0,79.525,0.0,7.75,0.43645833333333334,6.75,21.75,0.31114718614718617,18.0,0.0,115.5
102,99,2024-10-30,1,1,2024-25,Chicago Bulls,Orlando Magic,116.25,53.25,47.0,16.0,51.0,10.0,41.0,28.75,16.5,2.2806776556776556,17.75,46.75,37.4,23.5,46.75,49.67545119520803,16.0,21.75,73.1,0.0,6.25,0.4942002442002442,3.5,16.75,0.21638931888544893,16.5,0.0,131.25,115.5,47.25,46.5,21.75,45.75,11.5,34.25,25.75,15.25,1.748110661268556,15.75,42.0,38.45,23.25,43.25,53.86407918322812,21.75,30.25,71.875,0.0,8.75,0.5834104491999229,6.75,21.25,0.32234335839598993,15.25,0.0,132.5
107,116,2024-10-30,1,1,2024-25,Miami Heat,New York Knicks,105.66666666666667,40.0,46.666666666666664,19.0,42.666666666666664,10.666666666666666,32.0,27.0,12.333333333333334,2.1796536796536796,13.333333333333334,38.333333333333336,35.166666666666664,23.333333333333332,47.0,49.949186991869915,19.0,25.666666666666668,74.10000000000001,0.0,9.0,0.7308802308802309,5.666666666666667,17.333333333333332,0.31704260651629074,12.333333333333334,0.0,122.33333333333333,112.0,32.0,63.333333333333336,16.666666666666668,40.0,9.666666666666666,30.333333333333332,20.333333333333332,13.333333333333334,1.5416666666666667,10.666666666666666,28.333333333333332,37.733333333333334,31.666666666666668,55.666666666666664,57.602339181286546,16.666666666666668,21.0,79.2,0.0,5.0,0.3611111111111111,3.3333333333333335,17.0,0.20502645502645503,13.333333333333334,0.0,121.33333333333333
106,119,2024-10-30,1,1,2024-25,Memphis Grizzlies,Brooklyn Nets,120.25,40.5,62.0,17.75,46.5,12.75,33.75,31.75,15.0,2.307028789923527,13.5,37.5,36.075,31.0,57.25,54.70987168557501,17.75,26.25,66.5,0.0,7.5,0.5037674313990104,6.75,26.25,0.2749404761904762,15.0,0.0,139.0,117.75,50.25,48.0,19.5,42.0,9.75,32.25,25.75,14.75,2.072733918128655,16.75,44.25,37.85,24.0,46.0,52.369482872200265,19.5,24.0,81.525,0.0,7.0,0.4959795321637427,4.5,30.25,0.1467897022332506,14.75,0.0,128.25
105,93,2024-10-30,1,1,2024-25,Oklahoma City Thunder,San Antonio Spurs,114.66666666666667,32.0,66.66666666666667,16.0,49.333333333333336,11.0,38.333333333333336,23.333333333333332,10.666666666666666,2.2055555555555557,10.666666666666666,38.666666666666664,27.400000000000002,33.333333333333336,60.333333333333336,55.40429719534197,16.0,21.333333333333332,73.89999999999999,0.0,12.333333333333334,1.1833333333333333,10.0,18.666666666666668,0.5553945249597424,10.666666666666666,0.0,138.66666666666666,106.33333333333333,30.0,56.666666666666664,19.666666666666668,50.0,13.0,37.0,25.0,17.666666666666668,1.4086687306501549,10.0,29.666666666666668,34.53333333333334,28.333333333333332,54.333333333333336,52.18079096045198,19.666666666666668,24.333333333333332,80.76666666666667,0.0,6.0,0.34055727554179566,6.0,19.0,0.31746031746031744,17.666666666666668,0.0,125.33333333333333
102,108,2024-10-31,1,1,2024-25,Dallas Mavericks,Houston Rockets,113.0,44.25,54.0,14.75,46.5,13.5,33.0,25.25,10.75,2.393253968253968,14.75,40.75,36.025,27.0,55.0,49.163894853550026,14.75,19.0,77.875,0.0,9.0,0.8523809523809524,5.25,23.25,0.23162525879917184,10.75,0.0,130.0,111.25,43.5,48.0,19.75,46.0,15.0,31.0,20.0,12.5,1.750847288676236,14.5,41.0,35.475,24.0,53.5,44.906417112299465,19.75,25.25,79.475,0.0,8.5,0.7338516746411483,3.25,24.25,0.13979468599033817,12.5,0.0,115.0
122,99,2024-10-31,1,1,2024-25,Memphis Grizzlies,Milwaukee Bucks,117.4,37.2,61.6,18.6,44.8,12.6,32.2,30.8,16.4,2.0910775773933667,12.4,35.4,34.78,30.8,56.6,54.87900845957112,18.6,26.8,68.38,0.0,7.8,0.48483212693739014,6.0,25.2,0.2485238095238095,16.4,0.0,133.4,114.0,35.25,56.0,22.75,44.75,7.75,37.0,22.25,16.0,1.4246265172735761,11.75,35.25,32.95,28.0,47.0,59.50378867286595,22.75,29.5,76.69999999999999,0.0,5.75,0.3549253034547152,5.25,19.5,0.2580151625867738,16.0,0.0,126.75
119,125,2024-10-31,1,1,2024-25,LA Clippers,Phoenix Suns,109.75,32.25,61.0,16.5,48.0,12.75,35.25,27.5,17.75,1.5872803666921314,10.75,32.5,32.85,30.5,56.0,54.5338441890166,16.5,23.0,71.225,0.0,8.5,0.49244546303369835,3.25,23.25,0.1503030204822401,17.75,0.0,125.5,113.75,42.75,49.5,21.5,42.25,6.25,36.0,26.75,15.25,1.8669786096256686,14.25,37.5,37.975,24.75,44.25,55.894209309740155,21.5,27.0,81.85,0.0,7.5,0.48128342245989303,7.0,22.0,0.3201111548298249,15.25,0.0,133.75
88,106,2024-10-31,1,1,2024-25,Utah Jazz,San Antonio Spurs,102.0,32.25,47.5,22.25,46.5,13.75,32.75,21.75,17.75,1.2663101604278075,10.75,37.75,29.424999999999997,23.75,51.75,46.04305824503383,22.25,28.5,79.3,0.0,7.25,0.41345811051693404,5.75,17.0,0.3434157754010695,17.75,0.0,104.25,103.0,31.5,54.0,17.5,50.5,13.0,37.5,24.25,18.75,1.306501547987616,10.5,31.25,34.225,27.0,53.0,50.87028709789001,17.5,21.5,81.725,0.0,6.0,0.32359977483816493,6.0,16.25,0.4255952380952381,18.75,0.0,120.25
120,112,2024-11-01,1,1,2024-25,Brooklyn Nets,Chicago Bulls,118.0,49.2,48.8,20.0,40.4,9.4,31.0,26.0,15.6,1.9423976608187132,16.4,43.6,37.6,24.4,44.6,55.22891963109355,20.0,24.2,82.82000000000001,0.0,7.6,0.502046783625731,4.0,29.2,0.1334317617866005,15.6,0.0,128.8,113.4,50.4,46.8,16.2,51.6,9.8,41.8,27.6,16.2,2.131208791208791,16.8,44.2,37.56,23.4,47.4,48.94036095616643,16.2,22.4,72.08,0.0,6.2,0.47536019536019536,3.2,16.6,0.19811145510835915,16.2,0.0,128.2
109,124,2024-11-01,1,1,2024-25,Charlotte Hornets,Boston Celtics,118.5,51.75,47.0,19.75,48.25,16.5,31.75,23.25,17.75,1.3340482026143792,17.25,44.0,38.95,23.5,47.0,49.72647392290249,19.75,25.25,77.8,0.0,7.0,0.4010825163398693,6.75,24.25,0.2901785714285714,17.75,0.0,130.25,125.8,63.0,44.0,18.8,43.0,11.6,31.4,24.0,11.2,3.0014285714285713,21.0,51.6,40.54,22.0,42.6,52.02201393377864,18.8,23.0,82.3,0.0,7.8,0.8285714285714285,4.4,17.4,0.25476608187134503,11.2,0.0,138.4
114,137,2024-11-01,1,1,2024-25,Portland Trail Blazers,Oklahoma City Thunder,107.2,31.8,55.6,19.8,46.8,13.8,33.0,21.6,17.0,1.2870299145299147,10.6,32.2,31.839999999999996,27.8,57.8,48.02825298648887,19.8,24.8,80.28,0.0,8.0,0.48762820512820515,6.6,21.0,0.3155844155844156,17.0,0.0,116.6,112.25,36.75,62.0,13.5,46.75,9.5,37.25,24.5,11.5,2.154166666666667,12.25,39.25,30.925,31.0,57.25,54.053222896506476,13.5,18.0,74.175,0.0,13.75,1.2089285714285714,9.0,17.75,0.5165458937198067,11.5,0.0,137.0
115,123,2024-11-01,1,1,2024-25,Atlanta Hawks,Sacramento Kings,117.6,36.0,55.2,26.4,42.6,10.8,31.8,26.8,16.6,1.6390546218487394,12.0,35.2,33.9,27.6,50.4,55.3260665407574,26.4,34.0,78.46000000000001,0.0,10.4,0.6447899159663866,6.4,22.4,0.28428363398615114,16.6,0.0,133.6,116.5,36.0,60.0,20.5,39.75,6.75,33.0,26.0,12.75,2.087053571428571,12.0,34.75,34.45,30.0,51.0,58.67474622500914,20.5,24.75,81.075,0.0,9.0,0.7212301587301587,5.5,20.75,0.2675438596491228,12.75,0.0,136.0
119,116,2024-11-01,1,1,2024-25,Minnesota Timberwolves,Denver Nuggets,111.5,49.5,44.0,18.0,43.0,9.5,33.5,25.75,16.5,1.588758484162896,16.5,41.75,39.55,22.0,41.0,53.828184591914564,18.0,24.0,76.15,0.0,5.25,0.3421945701357466,3.25,20.5,0.1821969696969697,16.5,0.0,122.0,115.5,32.25,60.0,23.25,47.25,12.75,34.5,27.25,11.75,2.95625,10.75,30.0,37.875,30.0,62.5,47.569272125723735,23.25,28.75,79.425,0.0,8.25,0.740625,5.25,19.0,0.31174242424242427,11.75,0.0,134.5
120,109,2024-11-01,1,1,2024-25,Cleveland Cavaliers,Orlando Magic,125.6,44.4,64.4,16.8,40.0,7.8,32.2,28.4,13.8,2.1112368024132726,14.8,36.0,41.18,32.2,51.2,62.5702260309158,16.8,23.0,71.97999999999999,0.0,12.0,0.8829778065072184,6.0,22.0,0.27461020461020463,13.8,0.0,151.8,112.2,44.4,46.8,21.0,45.0,10.4,34.6,25.6,14.6,1.8151551956815115,14.8,42.8,35.54,23.4,42.6,55.091263346582494,21.0,28.2,75.5,0.0,8.8,0.6167283593599383,7.0,20.8,0.34208521303258144,14.6,0.0,129.6
98,128,2024-11-01,1,1,2024-25,Detroit Pistons,New York Knicks,106.2,39.0,50.0,17.2,45.4,12.0,33.4,22.2,17.0,1.3368525592055005,13.0,35.6,36.459999999999994,25.0,49.6,50.510799173871945,17.2,21.2,80.46,0.0,4.6,0.28396740514387575,5.0,21.8,0.23129642287537022,17.0,0.0,115.2,113.0,37.5,58.5,17.0,40.5,9.0,31.5,22.75,12.75,1.8380681818181817,12.5,31.25,39.55,29.25,52.25,56.296992481203006,17.0,20.75,81.9,0.0,5.75,0.45265151515151514,3.5,16.75,0.21626984126984128,12.75,0.0,127.25
125,118,2024-11-01,1,1,2024-25,New Orleans Pelicans,Indiana Pacers,105.2,32.4,55.2,17.6,43.6,12.0,31.6,25.0,16.4,1.6344957983193278,10.8,31.2,34.88,27.6,55.8,49.462938818871024,17.6,24.0,73.64,0.0,9.4,0.6539775910364145,7.6,18.2,0.42599753187988487,16.4,0.0,119.4,115.4,31.8,64.0,19.6,42.0,10.8,31.2,29.2,16.6,1.7886504723346828,10.6,32.0,32.78,32.0,56.4,57.12951636360655,19.6,26.6,74.12,0.0,8.6,0.5262887989203778,5.4,25.4,0.21736741519350217,16.6,0.0,131.2
125,131,2024-11-01,1,1,2024-25,Toronto Raptors,Los Angeles Lakers,116.0,28.2,66.4,21.4,46.6,15.0,31.6,29.2,19.0,1.666914508493456,9.4,29.2,32.0,33.2,61.2,54.02593757125152,21.4,27.8,75.52000000000001,0.0,8.8,0.4775967697020329,7.0,26.4,0.25468607645078234,19.0,0.0,134.4,115.8,31.8,61.6,22.4,42.2,10.0,32.2,26.6,14.4,2.089772508193561,10.6,30.2,35.0,30.8,56.4,55.06782726781137,22.4,27.8,80.58,0.0,7.2,0.5785328706381339,4.4,17.0,0.22301967038809142,14.4,0.0,131.2
107,124,2024-11-02,1,1,2024-25,Philadelphia 76ers,Memphis Grizzlies,107.25,27.0,54.5,25.75,42.0,13.75,28.25,17.25,13.75,1.4065972222222223,9.0,32.5,27.9,27.25,55.25,49.04591838323135,25.75,34.75,73.775,0.0,7.75,0.5788194444444444,3.75,26.75,0.14300022893772893,13.75,0.0,103.75,118.16666666666667,35.0,63.0,20.166666666666668,46.666666666666664,11.666666666666666,35.0,30.0,16.5,1.9974666086121193,11.666666666666666,34.166666666666664,33.75,31.5,56.166666666666664,56.53497618544507,20.166666666666668,27.5,72.03333333333333,0.0,7.5,0.46285030185958975,5.5,24.5,0.23091269841269843,16.5,0.0,136.83333333333334
92,105,2024-11-02,1,1,2024-25,LA Clippers,Oklahoma City Thunder,111.6,33.0,62.0,16.6,48.0,13.2,34.8,27.4,17.0,1.6555385790679906,11.0,33.0,33.14,31.0,56.4,55.006385696040866,16.6,22.6,73.17999999999999,0.0,8.4,0.508242084712673,4.2,23.0,0.1929696891130648,17.0,0.0,129.2,117.2,40.8,62.4,14.0,46.4,10.4,36.0,25.8,11.8,2.2002564102564106,13.6,41.2,32.5,31.2,55.0,57.15562179546605,14.0,18.2,76.17999999999999,0.0,13.8,1.1825274725274726,9.0,20.0,0.47530568049308675,11.8,0.0,144.8
121,127,2024-11-02,1,1,2024-25,Houston Rockets,Golden State Warriors,110.6,39.6,51.2,19.8,46.8,15.6,31.2,20.2,12.0,1.8206778309409888,13.2,39.6,33.08,25.6,55.4,46.08386384856973,19.8,25.6,78.4,0.0,7.6,0.6670813397129186,3.4,23.4,0.15183574879227052,12.0,0.0,114.6,119.8,52.8,54.4,12.6,48.0,14.4,33.6,31.6,15.2,2.3769841269841274,17.6,45.0,38.839999999999996,27.2,49.2,55.41503267973856,12.6,16.8,76.14,0.0,11.6,0.8861111111111111,6.8,23.2,0.3023097643097643,15.2,0.0,149.0
113,114,2024-11-02,1,1,2024-25,Milwaukee Bucks,Cleveland Cavaliers,111.0,33.6,57.6,19.8,43.4,8.0,35.4,21.8,14.8,1.5397012138188608,11.2,36.6,30.639999999999997,28.8,48.4,59.45488279014461,19.8,27.4,69.78,0.0,6.6,0.4839402427637721,5.0,21.0,0.23604175969904873,14.8,0.0,120.4,124.66666666666667,44.5,63.333333333333336,16.833333333333332,41.5,7.666666666666667,33.833333333333336,27.833333333333332,13.666666666666666,2.079876822523881,14.833333333333334,36.333333333333336,40.9,31.666666666666668,50.833333333333336,62.00580060399446,16.833333333333332,22.5,74.14999999999999,0.0,11.0,0.8127379156790923,5.666666666666667,21.833333333333332,0.2605878689212023,13.666666666666666,0.0,150.66666666666666
129,103,2024-11-02,1,1,2024-25,Denver Nuggets,Utah Jazz,115.6,32.4,60.0,23.2,47.0,13.6,33.4,27.8,12.4,2.7649999999999997,10.8,30.4,37.18,30.0,62.0,48.055417700578985,23.2,28.8,79.4,0.0,8.8,0.7391666666666666,4.6,18.8,0.27161616161616164,12.4,0.0,134.2,99.2,30.0,48.0,21.2,47.8,14.0,33.8,21.2,19.4,1.1592019744960922,10.0,36.6,27.919999999999998,24.0,51.4,46.834446596027064,21.2,26.6,81.34,0.0,7.0,0.3769203345673934,5.8,17.4,0.33789051505769774,19.4,0.0,102.2
131,128,2024-11-02,1,1,2024-25,Toronto Raptors,Sacramento Kings,117.5,28.5,69.33333333333333,19.666666666666668,46.166666666666664,15.0,31.166666666666668,30.166666666666668,17.666666666666668,1.9193984540475768,9.5,30.166666666666668,31.433333333333334,34.666666666666664,63.0,54.743836864931815,19.666666666666668,25.333333333333332,77.03333333333333,0.0,8.0,0.458603368691088,6.833333333333333,26.833333333333332,0.24672115566300826,17.666666666666668,0.0,136.33333333333334,117.8,35.4,60.8,21.6,42.0,7.4,34.6,26.4,13.0,2.069642857142857,11.8,34.4,34.220000000000006,30.4,52.0,58.36836840857874,21.6,25.8,82.2,0.0,9.0,0.7055555555555555,5.2,20.8,0.2521303258145363,13.0,0.0,139.0
103,97,2024-11-02,1,1,2024-25,Phoenix Suns,Portland Trail Blazers,116.0,45.0,49.2,21.8,41.6,6.6,35.0,27.2,14.6,1.9769162210338682,15.0,37.8,39.62,24.6,44.0,55.87815814546654,21.8,27.2,81.9,0.0,8.4,0.5850267379679144,6.4,21.6,0.29608892386385993,14.6,0.0,137.4,108.33333333333333,34.0,54.333333333333336,20.0,45.0,13.333333333333334,31.666666666666668,22.5,17.333333333333332,1.3093670340380867,11.333333333333334,32.666666666666664,33.68333333333333,27.166666666666668,56.166666666666664,48.35687748874073,20.0,25.833333333333332,78.18333333333334,0.0,8.0,0.47653227620332883,6.333333333333333,20.333333333333332,0.31200662083015024,17.333333333333332,0.0,116.66666666666667
113,103,2024-11-02,1,1,2024-25,San Antonio Spurs,Minnesota Timberwolves,103.6,32.4,53.6,17.6,48.8,12.6,36.2,24.4,17.2,1.4997466929355476,10.8,33.6,32.96,26.8,52.2,51.308474576271195,17.6,21.8,81.03999999999999,0.0,8.2,0.5679707289614411,6.2,16.4,0.42282913165266106,17.2,0.0,121.6,113.0,50.4,45.2,17.4,42.0,9.2,32.8,27.4,16.6,1.6710067873303167,16.8,41.8,40.22,22.6,41.0,55.257669624751166,17.4,22.8,77.58,0.0,5.8,0.36787330316742084,4.4,20.8,0.2275757575757576,16.6,0.0,127.2
103,113,2024-11-02,1,1,2024-25,Charlotte Hornets,Boston Celtics,116.6,52.8,46.8,17.0,47.0,15.6,31.4,22.6,17.4,1.3172385620915033,17.6,44.8,39.08,23.4,46.2,50.478853556926644,17.0,22.6,72.24,0.0,6.6,0.38336601307189544,6.4,24.6,0.27060439560439564,17.4,0.0,126.2,125.5,59.0,46.0,20.5,42.666666666666664,11.5,31.166666666666668,23.5,11.0,2.8511904761904763,19.666666666666668,50.0,38.949999999999996,23.0,42.833333333333336,53.957738884209476,20.5,25.0,82.39999999999999,0.0,8.5,0.8904761904761904,4.5,16.666666666666668,0.276407632328685,11.0,0.0,139.0
108,85,2024-11-03,1,1,2024-25,Dallas Mavericks,Orlando Magic,110.8,41.4,54.8,14.6,44.6,12.8,31.8,24.4,10.6,2.334603174603175,13.8,38.6,35.480000000000004,27.4,55.0,49.87657042829456,14.6,19.2,76.3,0.0,8.4,0.8019047619047619,5.6,24.0,0.23715205889118934,10.6,0.0,126.2,111.66666666666667,42.5,49.0,20.166666666666668,44.0,9.833333333333334,34.166666666666664,25.666666666666668,14.5,1.8221531392584025,14.166666666666666,41.166666666666664,35.166666666666664,24.5,45.0,54.68131594671348,20.166666666666668,27.5,74.03333333333333,0.0,9.0,0.6329879185142343,6.5,20.166666666666668,0.3242866971349943,14.5,0.0,127.5
111,126,2024-11-03,1,1,2024-25,New Orleans Pelicans,Atlanta Hawks,108.5,33.0,58.333333333333336,17.166666666666668,44.0,12.5,31.5,25.5,15.0,1.9454131652661066,11.0,31.166666666666668,35.516666666666666,29.166666666666668,58.166666666666664,50.02863949191633,17.166666666666668,23.166666666666668,74.51666666666667,0.0,9.166666666666666,0.7116479925303455,7.0,17.666666666666668,0.3994423876776818,15.0,0.0,124.0,117.16666666666667,39.5,53.333333333333336,24.333333333333332,42.166666666666664,10.333333333333334,31.833333333333332,27.333333333333332,16.0,1.750494236156001,13.166666666666666,37.666666666666664,34.583333333333336,26.666666666666668,49.0,54.835214180789905,24.333333333333332,31.333333333333332,78.35000000000001,0.0,10.0,0.6398890325360914,6.0,22.333333333333332,0.26720605862482294,16.0,0.0,132.83333333333334
92,106,2024-11-03,1,1,2024-25,Brooklyn Nets,Detroit Pistons,118.33333333333333,46.5,53.333333333333336,18.5,41.333333333333336,9.333333333333334,32.0,27.333333333333332,14.833333333333334,2.133816232500443,15.5,42.333333333333336,36.43333333333333,26.666666666666668,46.833333333333336,56.943639922463014,18.5,22.333333333333332,83.11666666666666,0.0,8.166666666666666,0.5850389863547758,4.333333333333333,27.666666666666668,0.1611931348221671,14.833333333333334,0.0,133.83333333333334,104.83333333333333,38.0,51.666666666666664,15.166666666666666,44.166666666666664,11.0,33.166666666666664,22.333333333333332,17.833333333333332,1.2882862235803412,12.666666666666666,35.333333333333336,35.78333333333333,25.833333333333332,49.166666666666664,52.73063051723372,15.166666666666666,18.833333333333332,78.95,0.0,4.833333333333333,0.2820940497411086,5.666666666666667,20.166666666666668,0.3177470190628085,17.833333333333332,0.0,114.33333333333333
93,123,2024-11-04,1,1,2024-25,Atlanta Hawks,Boston Celtics,118.42857142857143,40.285714285714285,55.714285714285715,22.428571428571427,42.0,10.285714285714286,31.714285714285715,27.571428571428573,16.0,1.7593522024194292,13.428571428571429,37.42857142857143,35.6,27.857142857142858,49.42857142857143,56.61699677034739,22.428571428571427,28.571428571428573,80.25714285714285,0.0,10.0,0.6377620278880782,5.571428571428571,21.571428571428573,0.254243848569176,16.0,0.0,135.85714285714286,123.71428571428571,57.42857142857143,45.142857142857146,21.142857142857142,42.857142857142854,11.0,31.857142857142858,23.428571428571427,11.571428571428571,2.662925170068027,19.142857142857142,50.285714285714285,37.785714285714285,22.571428571428573,41.0,55.77329999598907,21.142857142857142,25.428571428571427,83.38571428571429,0.0,7.857142857142857,0.801360544217687,4.428571428571429,16.714285714285715,0.2705342730884527,11.571428571428571,0.0,136.85714285714286
114,93,2024-11-04,1,1,2024-25,Minnesota Timberwolves,Charlotte Hornets,111.33333333333333,47.5,47.0,16.833333333333332,40.333333333333336,8.666666666666666,31.666666666666668,26.333333333333332,16.0,1.6617364253393667,15.833333333333334,41.0,38.46666666666666,23.5,41.666666666666664,56.41842839099635,16.833333333333332,22.333333333333332,76.31666666666666,0.0,6.0,0.3963046757164404,4.0,20.0,0.210479797979798,16.0,0.0,123.16666666666667,114.33333333333333,52.5,46.666666666666664,15.166666666666666,44.833333333333336,14.166666666666666,30.666666666666668,22.833333333333332,16.666666666666668,1.4053911094352272,17.5,44.333333333333336,39.31666666666667,23.333333333333332,46.666666666666664,49.88884054913955,15.166666666666666,20.333333333333332,71.31666666666666,0.0,7.166666666666667,0.4476768057650411,5.5,24.666666666666668,0.23217032967032966,16.666666666666668,0.0,122.66666666666667
106,104,2024-11-04,1,1,2024-25,Brooklyn Nets,Memphis Grizzlies,114.57142857142857,43.714285714285715,52.285714285714285,18.571428571428573,39.285714285714285,8.571428571428571,30.714285714285715,26.714285714285715,14.714285714285714,2.063679219694257,14.571428571428571,40.714285714285715,35.371428571428574,26.142857142857142,45.857142857142854,57.02311993353972,18.571428571428573,23.571428571428573,80.0,0.0,8.285714285714286,0.593298722997971,4.142857142857143,27.142857142857142,0.15602268699042893,14.714285714285714,0.0,127.42857142857143,119.0,35.142857142857146,64.28571428571429,19.571428571428573,47.42857142857143,11.571428571428571,35.857142857142854,30.714285714285715,16.571428571428573,2.006231883012069,11.714285714285714,33.142857142857146,35.271428571428565,32.142857142857146,56.714285714285715,57.029979587524345,19.571428571428573,26.571428571428573,72.62857142857142,0.0,7.714285714285714,0.47235908226620305,5.571428571428571,24.142857142857142,0.23688620902906615,16.571428571428573,0.0,140.85714285714286
126,135,2024-11-04,1,1,2024-25,Chicago Bulls,Utah Jazz,113.16666666666667,50.5,46.0,16.666666666666668,50.333333333333336,9.833333333333334,40.5,27.0,16.166666666666668,2.026007326007326,16.833333333333332,44.166666666666664,37.733333333333334,23.0,46.833333333333336,48.73817958468414,16.666666666666668,22.666666666666668,73.26666666666667,0.0,6.0,0.44821682946682945,3.1666666666666665,16.333333333333332,0.19842621259029927,16.166666666666668,0.0,126.33333333333333,99.83333333333333,31.5,46.333333333333336,22.0,46.333333333333336,13.0,33.333333333333336,21.666666666666668,20.166666666666668,1.132668312080077,10.5,37.5,28.433333333333334,23.166666666666668,48.666666666666664,48.07632454430827,22.0,27.333333333333332,81.76666666666667,0.0,7.0,0.36271138991727225,6.166666666666667,18.166666666666668,0.3421814898208087,20.166666666666668,0.0,103.0
121,119,2024-11-04,1,1,2024-25,Denver Nuggets,Toronto Raptors,117.83333333333333,35.0,60.666666666666664,22.166666666666668,47.833333333333336,14.5,33.333333333333336,28.666666666666668,13.333333333333334,2.609722222222222,11.666666666666666,30.666666666666668,39.31666666666667,30.333333333333332,62.833333333333336,48.00638042212429,22.166666666666668,27.833333333333332,78.48333333333333,0.0,9.666666666666666,0.7456018518518519,4.0,19.833333333333332,0.233013468013468,13.333333333333334,0.0,137.5,119.42857142857143,31.714285714285715,67.71428571428571,20.0,46.142857142857146,14.571428571428571,31.571428571428573,30.285714285714285,17.857142857142858,1.8782813816648403,10.571428571428571,31.142857142857142,33.5,33.857142857142854,62.285714285714285,54.066145884227275,20.0,26.142857142857142,76.17142857142858,0.0,8.714285714285714,0.4908329626374739,6.285714285714286,26.571428571428573,0.22861813342543563,17.857142857142858,0.0,137.85714285714286
112,125,2024-11-04,1,1,2024-25,Washington Wizards,Golden State Warriors,118.0,44.25,53.5,20.25,41.5,10.75,30.75,27.0,16.0,1.7,14.75,40.25,36.025,26.75,52.5,50.618514455295966,20.25,24.25,82.6,0.0,8.0,0.5034722222222222,5.75,22.5,0.25847117794486213,16.0,0.0,129.0,121.0,51.5,53.666666666666664,15.833333333333334,47.833333333333336,13.5,34.333333333333336,30.666666666666668,15.0,2.2903439153439153,17.166666666666668,42.833333333333336,40.18333333333333,26.833333333333332,48.666666666666664,55.23716491427489,15.833333333333334,22.333333333333332,74.11666666666666,0.0,10.5,0.7979497354497355,6.333333333333333,23.0,0.28222783389450057,15.0,0.0,147.33333333333334
113,104,2024-11-04,1,1,2024-25,LA Clippers,San Antonio Spurs,108.33333333333333,33.0,58.666666666666664,16.666666666666668,48.333333333333336,12.666666666666666,35.666666666666664,26.666666666666668,17.833333333333332,1.5538579067990834,11.0,33.333333333333336,32.85,29.333333333333332,54.333333333333336,53.79320020124618,16.666666666666668,23.166666666666668,71.88333333333334,0.0,8.666666666666666,0.4992926463514699,4.666666666666667,22.0,0.2294355252412795,17.833333333333332,0.0,125.0,105.16666666666667,33.5,54.666666666666664,17.0,48.0,11.666666666666666,36.333333333333336,25.666666666666668,16.5,1.6600453210360333,11.166666666666666,35.0,32.63333333333333,27.333333333333332,50.333333333333336,54.95218409811216,17.0,21.0,81.26666666666667,0.0,7.833333333333333,0.5502320177242778,6.0,16.333333333333332,0.4044409430438842,16.5,0.0,125.33333333333333
116,114,2024-11-04,1,1,2024-25,Cleveland Cavaliers,Milwaukee Bucks,123.14285714285714,44.57142857142857,62.57142857142857,16.0,42.0,8.0,34.0,28.285714285714285,12.714285714285714,2.415404623387817,14.857142857142858,36.57142857142857,40.7,31.285714285714285,51.142857142857146,60.9645406794346,16.0,21.428571428571427,74.02857142857144,0.0,9.857142857142858,0.7578569889494259,5.142857142857143,21.571428571428573,0.23764674478960193,12.714285714285714,0.0,148.71428571428572,111.33333333333333,37.0,56.333333333333336,18.0,43.666666666666664,8.333333333333334,35.333333333333336,22.166666666666668,14.5,1.5907766525413585,12.333333333333334,37.0,33.233333333333334,28.166666666666668,48.666666666666664,57.87906899178717,18.0,25.333333333333332,68.14999999999999,0.0,6.0,0.4417450740980153,4.666666666666667,21.333333333333332,0.21844059685065653,14.5,0.0,120.83333333333333
100,118,2024-11-04,1,1,2024-25,New Orleans Pelicans,Portland Trail Blazers,108.85714285714286,35.142857142857146,56.57142857142857,17.142857142857142,43.857142857142854,13.285714285714286,30.571428571428573,25.0,15.428571428571429,1.8421001734026945,11.714285714285714,32.142857142857146,36.457142857142856,28.285714285714285,57.285714285714285,49.20037231175246,17.142857142857142,22.714285714285715,76.01428571428572,0.0,8.714285714285714,0.6576030412164865,6.428571428571429,17.428571428571427,0.3691649037237273,15.428571428571429,0.0,122.42857142857143,106.71428571428571,35.142857142857146,53.142857142857146,18.428571428571427,46.57142857142857,13.428571428571429,33.142857142857146,21.714285714285715,15.714285714285714,1.5270765053659792,11.714285714285714,34.142857142857146,33.528571428571425,26.571428571428573,57.857142857142854,46.28068490631558,18.428571428571427,23.714285714285715,78.7,0.0,8.285714285714286,0.6465514748409485,6.142857142857143,20.0,0.3071167861083827,15.714285714285714,0.0,114.71428571428571
118,116,2024-11-04,1,1,2024-25,Phoenix Suns,Philadelphia 76ers,113.83333333333333,46.0,47.0,20.833333333333332,45.166666666666664,7.666666666666667,37.5,27.5,14.5,1.9926682794329853,15.333333333333334,40.166666666666664,38.46666666666667,23.5,43.5,53.88220495862049,20.833333333333332,26.333333333333332,80.36666666666666,0.0,7.666666666666667,0.5351413292589763,6.666666666666667,19.666666666666668,0.38007410321988333,14.5,0.0,136.0,107.2,33.0,50.4,23.8,40.2,12.6,27.6,18.2,13.8,1.439563492063492,11.0,35.2,30.580000000000002,25.2,52.8,47.14371145077113,23.8,31.8,75.02000000000001,0.0,8.4,0.6201984126984127,4.0,25.2,0.16703176209755158,13.8,0.0,104.4
127,134,2024-11-04,1,1,2024-25,Dallas Mavericks,Indiana Pacers,110.33333333333333,39.5,56.333333333333336,14.5,46.0,12.666666666666666,33.333333333333336,24.5,12.0,2.164800891116681,13.166666666666666,37.5,34.78333333333333,28.166666666666668,54.666666666666664,51.62670177200648,14.5,19.833333333333332,73.73333333333333,0.0,8.333333333333334,0.7384294068504594,5.5,23.666666666666668,0.23550550362144565,12.0,0.0,126.5,115.83333333333333,34.5,63.333333333333336,18.0,41.5,10.0,31.5,30.166666666666668,16.166666666666668,1.907208726945569,11.5,33.0,34.333333333333336,31.666666666666668,55.5,57.411851871632905,18.0,24.333333333333332,74.58333333333333,0.0,7.666666666666667,0.4742882848146006,5.0,24.666666666666668,0.2049490364707756,16.166666666666668,0.0,132.33333333333334
102,86,2024-11-04,1,1,2024-25,Oklahoma City Thunder,Orlando Magic,115.16666666666667,42.0,58.666666666666664,14.5,45.5,9.166666666666666,36.333333333333336,25.666666666666668,11.833333333333334,2.180769230769231,14.0,40.833333333333336,33.916666666666664,29.333333333333332,53.333333333333336,55.03709223696245,14.5,18.333333333333332,78.39999999999999,0.0,13.333333333333334,1.1382173382173382,8.0,20.333333333333332,0.4188153398048451,11.833333333333334,0.0,141.16666666666666,107.85714285714286,39.857142857142854,48.57142857142857,19.428571428571427,43.857142857142854,10.285714285714286,33.57142857142857,24.714285714285715,14.571428571428571,1.7427979288881545,13.285714285714286,41.142857142857146,32.92857142857143,24.285714285714285,46.0,53.18838070157859,19.428571428571427,26.285714285714285,74.72857142857143,0.0,8.857142857142858,0.6187515492026769,6.142857142857143,20.428571428571427,0.3039340520897354,14.571428571428571,0.0,120.42857142857143
109,97,2024-11-04,1,1,2024-25,Houston Rockets,New York Knicks,112.33333333333333,40.5,52.333333333333336,19.5,47.166666666666664,16.0,31.166666666666668,21.333333333333332,11.833333333333334,1.9263224348750665,13.5,40.5,33.11666666666667,26.166666666666668,56.5,46.198918798539296,19.5,25.333333333333332,77.83333333333333,0.0,8.0,0.7074162679425836,3.8333333333333335,24.833333333333332,0.15777979066022543,11.833333333333334,0.0,117.66666666666667,116.0,40.8,60.4,14.8,41.4,9.6,31.8,24.4,12.2,2.090454545454546,13.6,32.6,41.12,30.2,54.4,55.8312447786132,14.8,18.6,77.52000000000001,0.0,7.8,0.6821212121212121,3.4,16.2,0.21587301587301586,12.2,0.0,133.8
115,103,2024-11-04,1,1,2024-25,Detroit Pistons,Los Angeles Lakers,105.0,37.285714285714285,51.714285714285715,16.0,44.57142857142857,10.714285714285714,33.857142857142854,22.714285714285715,18.285714285714285,1.2743133617083198,12.428571428571429,35.42857142857143,35.04285714285714,25.857142857142858,48.0,54.256916749963395,16.0,19.857142857142858,79.21428571428571,0.0,4.714285714285714,0.26900578413183457,5.714285714285714,20.857142857142858,0.30664030205383586,18.285714285714285,0.0,115.42857142857143,118.33333333333333,32.0,61.666666666666664,24.666666666666668,42.333333333333336,9.833333333333334,32.5,27.0,13.666666666666666,2.224810423494634,10.666666666666666,30.5,34.9,30.833333333333332,56.333333333333336,55.116046532699954,24.666666666666668,30.0,81.78333333333333,0.0,7.0,0.5821107255317782,4.5,17.0,0.2348693331665468,13.666666666666666,0.0,134.83333333333334
110,111,2024-11-04,1,1,2024-25,Miami Heat,Sacramento Kings,106.0,42.75,45.0,18.25,41.75,9.75,32.0,27.0,11.75,2.3097402597402596,14.25,38.75,37.0,22.5,45.5,49.65701219512195,18.25,25.25,72.25,0.0,8.25,0.6981601731601732,5.0,17.25,0.2818996019460416,11.75,0.0,121.75,119.5,34.5,62.666666666666664,22.333333333333332,43.166666666666664,8.666666666666666,34.5,25.5,13.833333333333334,1.9191468253968254,11.5,35.333333333333336,32.68333333333334,31.333333333333332,53.333333333333336,58.64030700714895,22.333333333333332,26.833333333333332,82.05,0.0,10.166666666666666,0.7361111111111112,4.833333333333333,21.0,0.23283587757271965,13.833333333333334,0.0,139.0
119,99,2024-11-06,1,1,2024-25,Dallas Mavericks,Chicago Bulls,112.71428571428571,40.285714285714285,57.142857142857146,15.285714285714286,44.857142857142854,11.571428571428571,33.285714285714285,25.142857142857142,11.571428571428571,2.3158610812746154,13.428571428571429,37.285714285714285,35.771428571428565,28.571428571428573,54.42857142857143,52.607253809967816,15.285714285714286,20.571428571428573,74.62857142857142,0.0,7.714285714285714,0.6964315550781716,5.142857142857143,22.857142857142858,0.22567138405647721,11.571428571428571,0.0,129.0,115.0,49.285714285714285,48.285714285714285,17.428571428571427,48.285714285714285,9.857142857142858,38.42857142857143,28.285714285714285,15.142857142857142,2.3080062794348506,16.428571428571427,43.142857142857146,37.74285714285714,24.142857142857142,48.42857142857143,49.4110504814534,17.428571428571427,23.0,75.37142857142858,0.0,6.142857142857143,0.4952969649398221,3.7142857142857144,17.285714285714285,0.21355787166125031,15.142857142857142,0.0,129.71428571428572
122,107,2024-11-06,1,1,2024-25,Sacramento Kings,Toronto Raptors,118.28571428571429,33.857142857142854,63.42857142857143,21.0,42.57142857142857,9.0,33.57142857142857,25.142857142857142,13.857142857142858,1.8796768707482994,11.285714285714286,34.142857142857146,33.300000000000004,31.714285714285715,54.142857142857146,58.495565812423074,21.0,25.142857142857142,82.71428571428571,0.0,9.428571428571429,0.6819727891156463,4.714285714285714,22.0,0.21998177261335153,13.857142857142858,0.0,136.85714285714286,119.375,32.625,67.75,19.0,45.5,14.5,31.0,31.25,17.375,1.9827819232424495,10.875,32.125,33.475,33.875,62.5,53.94850264869886,19.0,25.125,74.9875,0.0,9.125,0.5366216994506469,5.875,26.625,0.21392975563614508,17.375,0.0,137.75
108,107,2024-11-06,1,1,2024-25,Charlotte Hornets,Detroit Pistons,111.28571428571429,49.285714285714285,47.142857142857146,14.857142857142858,43.857142857142854,13.428571428571429,30.428571428571427,22.285714285714285,16.285714285714285,1.3984985019648886,16.428571428571427,44.0,37.1,23.571428571428573,46.57142857142857,50.52583848311341,14.857142857142858,19.714285714285715,72.74285714285715,0.0,7.571428571428571,0.4857637926965658,4.857142857142857,24.285714285714285,0.20549664621093194,16.285714285714285,0.0,118.14285714285714,106.25,35.625,54.5,16.125,45.875,11.5,34.375,22.625,17.5,1.3441908581614463,11.875,35.25,33.6,27.25,49.75,54.93447957557281,16.125,20.125,78.975,0.0,4.875,0.29788006111535525,5.625,21.375,0.2933102642971064,17.5,0.0,117.875
112,118,2024-11-06,1,1,2024-25,Boston Celtics,Golden State Warriors,123.625,57.0,47.0,19.625,43.75,11.0,32.75,23.875,11.75,2.589674908424908,19.0,50.875,37.15,23.5,41.375,57.32436476921771,19.625,23.875,81.6125,0.0,8.75,0.8454212454212454,4.75,16.375,0.2992174889523961,11.75,0.0,139.0,121.57142857142857,49.285714285714285,55.142857142857146,17.142857142857142,49.0,13.857142857142858,35.142857142857146,30.428571428571427,13.857142857142858,2.5549886621315196,16.428571428571427,42.0,39.07142857142857,27.571428571428573,50.285714285714285,54.96518897414038,17.142857142857142,24.0,74.02857142857144,0.0,9.714285714285714,0.7859977324263039,6.428571428571429,22.571428571428573,0.29190957190957195,13.857142857142858,0.0,148.14285714285714
122,131,2024-11-06,1,1,2024-25,New Orleans Pelicans,Cleveland Cavaliers,107.75,34.5,56.5,16.75,42.625,12.875,29.75,24.875,15.5,1.7993376517273576,11.5,32.5,35.475,28.25,56.25,50.19318291564054,16.75,21.875,77.45,0.0,8.25,0.6144651610644257,6.0,17.75,0.34176929075826135,15.5,0.0,119.875,122.25,45.375,62.0,14.875,41.625,7.625,34.0,28.25,12.375,2.4634790454643394,15.125,36.625,41.35,31.0,51.5,60.05693605746824,14.875,20.375,71.5,0.0,9.875,0.7881248653307477,5.0,20.75,0.241274235024235,12.375,0.0,147.125
124,122,2024-11-06,1,1,2024-25,Denver Nuggets,Oklahoma City Thunder,118.28571428571429,34.285714285714285,60.857142857142854,23.142857142857142,47.285714285714285,14.428571428571429,32.857142857142854,28.714285714285715,13.857142857142858,2.4806022408963586,11.428571428571429,30.714285714285715,38.31428571428571,30.428571428571427,61.285714285714285,49.66480959259004,23.142857142857142,29.285714285714285,78.17142857142858,0.0,9.571428571428571,0.7147175536881419,4.857142857142857,20.0,0.26775304061018346,13.857142857142858,0.0,138.57142857142858,113.28571428571429,41.142857142857146,58.0,14.142857142857142,45.0,8.571428571428571,36.42857142857143,25.285714285714285,12.571428571428571,2.062508080155139,13.714285714285714,39.42857142857143,34.6,29.0,53.42857142857143,54.3175076316821,14.142857142857142,18.0,77.91428571428571,0.0,13.142857142857142,1.0764551974636007,7.428571428571429,20.428571428571427,0.386195461329323,12.571428571428571,0.0,137.57142857142858
110,98,2024-11-06,1,1,2024-25,LA Clippers,Philadelphia 76ers,109.0,36.42857142857143,56.57142857142857,16.0,47.714285714285715,13.142857142857142,34.57142857142857,26.428571428571427,16.857142857142858,1.6565535305031105,12.142857142857142,33.857142857142854,35.5,28.285714285714285,54.142857142857146,52.038376452820174,16.0,22.285714285714285,71.7,0.0,8.285714285714286,0.505887203366195,5.0,21.857142857142858,0.24427806925443002,16.857142857142858,0.0,125.71428571428571,108.66666666666667,37.5,48.666666666666664,22.5,39.833333333333336,12.0,27.833333333333332,19.666666666666668,14.0,1.4996362433862434,12.5,37.833333333333336,32.016666666666666,24.333333333333332,50.0,48.5456854682352,22.5,29.5,77.33333333333333,0.0,8.666666666666666,0.6279431216931216,4.0,24.666666666666668,0.1694961653843233,14.0,0.0,108.83333333333333
118,111,2024-11-06,1,1,2024-25,Indiana Pacers,Orlando Magic,118.42857142857143,35.142857142857146,66.0,17.285714285714285,42.142857142857146,9.571428571428571,32.57142857142857,30.142857142857142,15.285714285714286,2.063321765953345,11.714285714285714,32.857142857142854,35.22857142857143,33.0,56.57142857142857,58.50721090130893,17.285714285714285,23.714285714285715,73.21428571428571,0.0,7.285714285714286,0.47796138698394336,4.714285714285714,23.428571428571427,0.2024563169749505,15.285714285714286,0.0,136.28571428571428,105.125,36.75,48.5,19.875,43.5,9.875,33.625,24.125,15.125,1.6565271351455562,12.25,40.25,30.65,24.25,46.25,52.789833113881265,19.875,26.375,76.0375,0.0,9.25,0.620354973973395,6.0,19.875,0.30500479557851845,15.125,0.0,116.375
121,116,2024-11-06,1,1,2024-25,Atlanta Hawks,New York Knicks,115.25,37.5,56.5,21.25,42.125,10.0,32.125,27.0,16.5,1.6831831771170007,12.5,36.625,33.575,28.25,50.5,56.22090665681259,21.25,27.0,80.3875,0.0,9.875,0.6142917744020685,5.25,20.5,0.25130952134418283,16.5,0.0,130.875,112.83333333333333,39.5,58.0,15.333333333333334,41.0,10.166666666666666,30.833333333333332,23.666666666666668,11.833333333333334,2.075378787878788,13.166666666666666,31.833333333333332,40.81666666666667,29.0,55.333333333333336,52.91492620439988,15.333333333333334,19.0,78.88333333333334,0.0,7.5,0.6684343434343435,3.5,16.5,0.21693121693121695,11.833333333333334,0.0,128.0
115,112,2024-11-06,1,1,2024-25,Phoenix Suns,Miami Heat,114.42857142857143,44.142857142857146,49.142857142857146,21.142857142857142,44.857142857142854,7.857142857142857,37.0,27.0,14.428571428571429,1.952899341554804,14.714285714285714,39.0,37.885714285714286,24.571428571428573,44.42857142857143,55.04188996453185,21.142857142857142,26.285714285714285,81.52857142857144,0.0,7.428571428571429,0.5199170577321838,6.285714285714286,19.142857142857142,0.36149208847418574,14.428571428571429,0.0,136.28571428571428,106.8,43.2,44.8,18.8,40.6,9.4,31.2,26.4,11.6,2.284155844155844,14.4,38.2,37.94,22.4,46.2,48.70520159283226,18.8,26.2,71.8,0.0,8.4,0.7221645021645022,5.2,16.8,0.30551968155683323,11.6,0.0,120.8
131,114,2024-11-06,1,1,2024-25,Memphis Grizzlies,Los Angeles Lakers,117.125,33.75,65.0,18.375,47.0,11.75,35.25,30.5,16.375,1.9971195643022268,11.25,32.75,34.2,32.5,57.25,57.07336328662478,18.375,24.875,73.1625,0.0,7.375,0.4549808636495943,5.875,23.125,0.2697754329004329,16.375,0.0,138.75,116.14285714285714,31.285714285714285,60.857142857142854,24.0,41.57142857142857,9.428571428571429,32.142857142857146,27.142857142857142,13.571428571428571,2.2146726706877082,10.428571428571429,29.714285714285715,35.05714285714286,30.428571428571427,56.857142857142854,53.908992266123775,24.0,29.571428571428573,80.68571428571428,0.0,7.142857142857143,0.5868641383678977,4.0,16.857142857142858,0.21024514271418296,13.571428571428571,0.0,131.14285714285714
127,100,2024-11-06,1,1,2024-25,Houston Rockets,San Antonio Spurs,111.85714285714286,38.142857142857146,54.857142857142854,18.857142857142858,47.57142857142857,15.285714285714286,32.285714285714285,21.285714285714285,11.714285714285714,1.9238607883344727,12.714285714285714,39.42857142857143,31.842857142857145,27.428571428571427,56.285714285714285,48.689982346799916,18.857142857142858,24.285714285714285,78.61428571428571,0.0,7.428571428571429,0.6583048530416952,4.142857142857143,24.142857142857142,0.1780969634230504,11.714285714285714,0.0,119.57142857142857,105.0,33.42857142857143,54.57142857142857,17.0,47.57142857142857,11.714285714285714,35.857142857142854,25.142857142857142,16.142857142857142,1.6473857853778244,11.142857142857142,35.857142857142854,31.800000000000004,27.285714285714285,49.57142857142857,55.67330065552471,17.0,20.714285714285715,82.44285714285715,0.0,8.0,0.5634641784575443,6.571428571428571,16.285714285714285,0.4359493797519008,16.142857142857142,0.0,125.42857142857143
119,135,2024-11-07,1,1,2024-25,Chicago Bulls,Minnesota Timberwolves,113.0,47.625,48.25,17.125,48.625,10.375,38.25,27.875,16.125,2.1553750597228856,15.875,43.0,36.6,24.125,47.875,50.052850989453546,17.125,23.0,74.1,0.0,6.375,0.47686310519190955,3.5,17.25,0.2015690200565352,16.125,0.0,126.5,111.71428571428571,48.42857142857143,46.285714285714285,17.0,41.0,8.714285714285714,32.285714285714285,25.857142857142858,15.857142857142858,1.643393126481362,16.142857142857142,40.57142857142857,39.74285714285714,23.142857142857142,41.57142857142857,55.6757260773,17.0,22.857142857142858,75.3,0.0,6.142857142857143,0.4063563887093299,4.571428571428571,19.857142857142858,0.24056163135110503,15.857142857142858,0.0,124.71428571428571
118,105,2024-11-07,1,1,2024-25,San Antonio Spurs,Portland Trail Blazers,104.375,34.5,53.5,16.375,46.75,11.25,35.5,24.5,16.625,1.5664625622055963,11.5,35.875,32.6875,26.75,49.25,54.831159350179874,16.375,20.125,81.5125,0.0,7.75,0.5305311561503512,6.5,15.875,0.4391480149752208,16.625,0.0,122.625,108.125,34.5,55.5,18.125,45.5,13.125,32.375,21.625,15.25,1.5549419421952317,11.5,33.5,33.65,27.75,57.5,48.67741747484432,18.125,23.75,77.2,0.0,8.5,0.6698992071524966,6.0,19.375,0.3103938545115016,15.25,0.0,117.125
123,100,2024-11-07,1,1,2024-25,Milwaukee Bucks,Utah Jazz,111.71428571428571,39.0,55.42857142857143,17.285714285714285,44.42857142857143,8.142857142857142,36.285714285714285,22.0,14.571428571428571,1.5635228450354501,13.0,36.714285714285715,35.42857142857143,27.714285714285715,49.0,56.61343168483718,17.285714285714285,23.857142857142858,70.8,0.0,6.0,0.43578149208401307,4.857142857142857,20.428571428571427,0.2443776544434199,14.571428571428571,0.0,122.85714285714286,104.85714285714286,33.857142857142854,48.857142857142854,22.142857142857142,46.714285714285715,12.857142857142858,33.857142857142854,23.571428571428573,19.142857142857142,1.3554739378268792,11.285714285714286,37.285714285714285,30.714285714285715,24.428571428571427,49.285714285714285,49.833615108059384,22.142857142857142,27.714285714285715,81.04285714285713,0.0,6.428571428571429,0.3438625100389806,6.142857142857143,18.142857142857142,0.34091746746545504,19.142857142857142,0.0,112.14285714285714
128,104,2024-11-08,1,1,2024-25,Memphis Grizzlies,Washington Wizards,117.75,33.75,66.25,17.75,48.125,11.625,36.5,30.5,17.0,1.922333239515902,11.25,31.375,35.724999999999994,33.125,58.875,56.575942505489934,17.75,23.75,73.9625,0.0,7.125,0.42239539356412426,6.0,20.875,0.29603593710211357,17.0,0.0,140.625,116.8,41.4,55.6,19.8,42.6,10.2,32.4,27.4,14.8,1.94,13.8,40.8,33.480000000000004,27.8,52.6,52.570283262349975,19.8,23.6,83.22,0.0,7.2,0.48277777777777775,6.2,22.6,0.27634215974719406,14.8,0.0,129.8
98,107,2024-11-08,1,1,2024-25,Sacramento Kings,LA Clippers,118.75,33.375,63.5,21.875,43.125,9.75,33.375,25.25,13.375,1.969717261904762,11.125,34.25,32.7125,31.75,54.25,58.456347358597455,21.875,26.0,83.3125,0.0,9.125,0.6842261904761905,4.75,20.875,0.2405609741136057,13.375,0.0,137.875,109.125,36.375,56.75,16.0,45.375,12.5,32.875,26.5,17.125,1.62711591813759,12.125,33.125,36.425,28.375,52.875,53.772215759854014,16.0,21.875,73.2625,0.0,8.75,0.5215986713664732,4.5,21.125,0.22155581059762627,17.125,0.0,125.75
126,107,2024-11-08,1,1,2024-25,Oklahoma City Thunder,Houston Rockets,114.375,42.0,57.75,14.625,45.25,9.125,36.125,25.75,12.75,2.0636231415643183,14.0,39.5,35.275,28.875,54.25,53.36115251105517,14.625,18.625,77.9625,0.0,13.375,1.075826869209222,7.25,21.375,0.3647067429488719,12.75,0.0,138.375,113.75,37.125,59.0,17.625,47.25,14.75,32.5,22.125,11.75,1.9750448564593301,12.375,37.875,32.4875,29.5,57.875,50.57474904620354,17.625,23.125,76.2875,0.0,7.75,0.6801834130781499,4.25,22.75,0.20391176607209216,11.75,0.0,124.0
136,117,2024-11-08,1,1,2024-25,Cleveland Cavaliers,Golden State Warriors,121.625,46.5,61.5,13.625,42.875,8.125,34.75,28.75,12.375,2.501940583925878,15.5,37.25,41.587500000000006,30.75,52.0,59.11503211728993,13.625,18.75,71.5,0.0,9.375,0.7496633268692092,5.125,20.625,0.2496616809116809,12.375,0.0,147.25,121.125,48.375,55.25,17.5,49.5,14.0,35.5,29.375,13.5,2.4856150793650795,16.125,41.0,39.3375,27.625,51.125,54.23489122956582,17.5,24.0,75.1875,0.0,9.25,0.755929834054834,6.25,22.125,0.2883156122629807,13.5,0.0,147.125
115,88,2024-11-08,1,1,2024-25,Orlando Magic,New Orleans Pelicans,104.5,32.625,51.5,20.375,41.125,8.875,32.25,23.875,15.375,1.6096521351455562,10.875,37.25,29.5625,25.75,47.5,54.34825043377675,20.375,26.875,76.5625,0.0,9.0,0.5958014025448236,5.625,20.0,0.2857948388685618,15.375,0.0,114.125,107.625,34.125,56.0,17.5,41.5,13.0,28.5,23.875,15.25,1.7597543183940245,11.375,31.25,36.762499999999996,28.0,56.375,49.67747253312688,17.5,22.75,77.3,0.0,7.375,0.5582151610644257,5.75,17.375,0.3396684504221269,15.25,0.0,117.375
122,121,2024-11-08,1,1,2024-25,Detroit Pistons,Atlanta Hawks,106.0,36.0,56.25,13.75,46.875,10.75,36.125,24.125,17.125,1.5341259230965114,12.0,35.125,34.099999999999994,28.125,50.625,55.60163500079275,13.75,17.75,75.21249999999999,0.0,4.75,0.3011268143621085,5.875,21.25,0.3064055023923445,17.125,0.0,120.875,115.375,39.75,56.5,19.125,42.5,10.5,32.0,27.75,15.5,1.9722456771170007,13.25,37.875,34.5,28.25,51.75,55.05775529204832,19.125,24.0,80.51249999999999,0.0,9.875,0.7080417744020685,4.625,19.75,0.23077380705846853,15.5,0.0,131.625
108,104,2024-11-08,1,1,2024-25,Boston Celtics,Brooklyn Nets,121.125,53.25,47.0,20.875,44.625,11.25,33.375,22.5,12.75,1.7875915750915752,17.75,50.0,35.6125,23.5,41.625,56.93629287379287,20.875,25.5,80.8,0.0,8.625,0.7100045787545787,4.75,16.75,0.2950508222857294,12.75,0.0,133.875,113.5,43.125,52.5,17.875,39.0,9.0,30.0,26.875,14.625,2.055719317232475,14.375,40.125,35.4625,26.25,46.125,56.926479941847255,17.875,22.875,79.025,0.0,8.125,0.5816363826232247,3.75,26.5,0.1422016692984435,14.625,0.0,126.0
113,114,2024-11-08,1,1,2024-25,Dallas Mavericks,Phoenix Suns,113.5,39.75,58.25,15.5,45.125,11.25,33.875,26.125,12.0,2.3013784461152884,13.25,37.375,35.25,29.125,54.5,53.53134708372184,15.5,20.625,75.425,0.0,8.125,0.7010442773600668,5.0,22.375,0.22377825052310177,12.0,0.0,131.25,114.5,45.375,49.0,20.125,45.0,8.125,36.875,27.25,14.625,1.9353494238604534,15.125,39.5,38.3875,24.5,44.0,55.47872688969708,20.125,25.25,80.3625,0.0,7.125,0.4939899255156608,6.25,18.5,0.36987700598634105,14.625,0.0,136.5
116,106,2024-11-08,1,1,2024-25,Los Angeles Lakers,Philadelphia 76ers,115.875,33.0,59.75,23.125,41.0,9.375,31.625,26.625,13.25,2.199202223215381,11.0,32.0,34.5875,29.875,55.375,54.39259045508052,23.125,28.5,80.725,0.0,7.5,0.6271424847082742,3.625,17.0,0.19090894431935454,13.25,0.0,129.5,107.14285714285714,35.142857142857146,51.142857142857146,20.857142857142858,38.714285714285715,11.714285714285714,27.0,19.571428571428573,14.857142857142858,1.4211167800453512,11.714285714285714,36.0,31.442857142857143,25.571428571428573,49.714285714285715,51.43201611563017,20.857142857142858,28.0,74.55714285714285,0.0,8.857142857142858,0.6096655328798185,3.7142857142857144,24.285714285714285,0.1582694404592901,14.857142857142858,0.0,107.57142857142857
103,83,2024-11-08,1,1,2024-25,Charlotte Hornets,Indiana Pacers,110.875,48.375,47.5,15.0,44.25,12.75,31.5,22.25,15.75,1.4528528558859441,16.125,44.0,36.4375,23.75,46.5,51.003586933593795,15.0,19.25,76.15,0.0,7.25,0.47712665194282844,4.75,23.25,0.21105956543456544,15.75,0.0,118.75,118.375,35.25,65.0,18.125,41.375,8.875,32.5,29.0,14.75,2.0440429088455403,11.75,32.0,36.6,32.5,55.75,58.44380953864531,18.125,24.0,75.60000000000001,0.0,7.25,0.497761668156405,4.5,23.5,0.1927742773530817,14.75,0.0,136.375
116,94,2024-11-08,1,1,2024-25,New York Knicks,Milwaukee Bucks,113.28571428571429,43.285714285714285,55.142857142857146,14.857142857142858,41.0,9.714285714285714,31.285714285714285,24.428571428571427,12.428571428571429,2.0378246753246754,14.428571428571429,34.0,41.67142857142857,27.571428571428573,52.714285714285715,52.69155836825009,14.857142857142858,18.428571428571427,79.04285714285713,0.0,7.142857142857143,0.6175865800865801,3.7142857142857144,16.714285714285715,0.2256235827664399,12.428571428571429,0.0,128.85714285714286,113.125,39.75,55.5,17.875,44.0,8.5,35.5,21.75,14.125,1.5953552166787461,13.25,36.5,36.3625,27.75,49.0,56.67960986708968,17.875,24.625,71.1125,0.0,6.875,0.5290360783007841,4.625,20.5,0.23168759049513526,14.125,0.0,125.0
135,122,2024-11-08,1,1,2024-25,Denver Nuggets,Miami Heat,119.0,36.0,59.75,23.25,48.25,14.25,34.0,29.375,14.375,2.406638071895425,12.0,31.625,38.7875,29.875,60.0,49.82925741312413,23.25,29.75,77.4875,0.0,9.375,0.6809334150326798,5.0,20.25,0.2683748196248196,14.375,0.0,140.375,107.66666666666667,42.5,46.333333333333336,18.833333333333332,41.0,10.0,31.0,26.5,11.333333333333334,2.3534632034632037,14.166666666666666,37.5,37.983333333333334,23.166666666666668,48.166666666666664,48.346288683682054,18.833333333333332,25.166666666666668,75.66666666666667,0.0,9.0,0.8018037518037519,4.833333333333333,16.666666666666668,0.28584973463069435,11.333333333333334,0.0,123.0
127,102,2024-11-08,1,1,2024-25,Minnesota Timberwolves,Portland Trail Blazers,114.625,48.375,49.25,17.0,40.875,8.875,32.0,26.25,15.625,1.696897557099763,16.125,40.25,40.0375,24.625,43.25,56.67080577218295,17.0,22.125,78.3875,0.0,6.25,0.41806184012066366,4.5,19.5,0.23990319213809927,15.625,0.0,129.0,108.25,34.875,56.5,16.875,45.375,13.25,32.125,21.875,14.75,1.6144657517190413,11.625,33.25,34.225,28.25,57.0,50.05034212363103,16.875,22.75,75.15,0.0,8.125,0.6629547627080522,5.875,18.375,0.3144522960699431,14.75,0.0,118.5
110,111,2024-11-09,1,1,2024-25,San Antonio Spurs,Utah Jazz,105.5,36.0,53.75,15.75,45.875,11.25,34.625,25.125,16.25,1.6425316411529647,12.0,36.25,33.65,26.875,48.375,56.2206942339008,15.75,19.375,81.33749999999999,0.0,8.125,0.5613699719398249,6.375,15.5,0.437759126086332,16.25,0.0,125.375,104.25,36.0,46.75,21.5,45.75,12.25,33.5,23.625,19.5,1.3224033319621555,12.0,37.75,32.0625,23.375,47.625,49.159968775107515,21.5,26.5,82.71249999999999,0.0,6.25,0.329288787193199,6.0,18.25,0.3311975208743785,19.5,0.0,111.375
105,103,2024-11-09,1,1,2024-25,LA Clippers,Toronto Raptors,108.375,38.625,53.75,16.0,45.0,12.375,32.625,25.625,17.0,1.5927544462761183,12.875,33.25,38.8125,26.875,51.375,52.41834087656737,16.0,21.0,75.925,0.0,8.5,0.5121289743967763,4.625,20.125,0.22915022767480198,17.0,0.0,125.25,119.5,31.875,70.0,17.625,45.0,13.75,31.25,31.25,16.5,2.0787249056985897,10.625,32.5,32.3125,35.0,62.375,56.1328460830423,17.625,23.375,74.6625,0.0,9.0,0.5569067871699451,5.25,26.5,0.18811453824484073,16.5,0.0,138.5
105,100,2024-11-09,1,1,2024-25,Cleveland Cavaliers,Brooklyn Nets,124.5,49.125,60.75,14.625,43.375,8.625,34.75,29.375,13.25,2.438959814695109,16.375,38.25,42.762499999999996,30.375,51.375,59.121088318840314,14.625,19.375,73.5125,0.0,8.625,0.6684133268692092,5.5,20.25,0.28924501424501425,13.25,0.0,150.5,112.0,40.5,54.5,17.0,40.0,9.0,31.0,27.25,13.875,2.1483306532648636,13.5,39.5,33.8125,27.25,47.875,57.18689660851392,17.0,21.625,79.525,0.0,7.875,0.586697111368164,3.375,25.25,0.13580962384389805,13.875,0.0,125.375
113,125,2024-11-09,1,1,2024-25,Atlanta Hawks,Chicago Bulls,114.875,40.125,57.5,17.25,43.125,11.5,31.625,28.375,16.0,1.9573647247360482,13.375,37.625,35.1125,28.75,54.0,53.732936382402876,17.25,22.125,79.45,0.0,10.0,0.6931608220211162,4.375,18.875,0.23226190229656377,16.0,0.0,130.375,114.0,49.5,48.25,16.25,46.75,10.5,36.25,28.375,15.125,2.2890746934225197,16.5,43.25,38.1375,24.125,47.875,50.052850989453546,16.25,21.75,73.9375,0.0,7.0,0.5395920429208473,3.75,17.75,0.2109440200565352,15.125,0.0,128.75
89,134,2024-11-10,1,1,2024-25,Portland Trail Blazers,Memphis Grizzlies,108.125,32.25,58.75,17.125,44.0,13.5,30.5,20.25,14.375,1.547553987013159,10.75,31.75,32.8375,29.375,58.625,50.63996476514047,17.125,23.25,74.525,0.0,8.625,0.7000871156492287,5.375,17.75,0.30342288430523723,14.375,0.0,115.625,120.25,35.25,67.25,17.75,49.0,11.5,37.5,31.25,17.0,1.9618069237264284,11.75,33.25,35.3375,33.625,57.75,58.42779435734178,17.75,22.375,77.325,0.0,7.375,0.43555328830096635,6.25,20.125,0.3218254107863241,17.0,0.0,146.875
107,105,2024-11-10,1,1,2024-25,Philadelphia 76ers,Charlotte Hornets,107.0,35.625,51.25,20.125,39.375,11.875,27.5,20.625,14.0,1.6809771825396824,11.875,36.375,31.675,25.625,50.625,50.70476848714131,20.125,27.375,73.3875,0.0,8.5,0.6272073412698412,3.75,23.0,0.17420004611616452,14.0,0.0,108.5,110.0,49.125,47.0,13.875,44.25,12.5,31.75,22.625,15.5,1.4974606990231991,16.375,45.375,35.875,23.5,45.75,51.316086933593795,13.875,17.75,76.6625,0.0,7.25,0.4830090048840049,4.375,22.625,0.2062232559107559,15.5,0.0,117.875
121,94,2024-11-10,1,1,2024-25,Orlando Magic,Washington Wizards,104.375,30.0,54.75,19.625,41.625,9.625,32.0,23.875,15.625,1.5737546992481204,10.0,37.5,26.4375,27.375,48.625,56.24639858192489,19.625,25.375,77.97500000000001,0.0,8.875,0.5746475563909774,5.75,19.375,0.3111707787181858,15.625,0.0,114.375,114.66666666666667,39.0,56.0,19.666666666666668,42.333333333333336,10.333333333333334,32.0,27.333333333333332,15.333333333333334,1.8666666666666665,13.0,39.833333333333336,32.18333333333333,28.0,53.5,52.141902718624976,19.666666666666668,23.5,83.11666666666666,0.0,8.333333333333334,0.5319444444444444,6.5,23.333333333333332,0.2796678491720444,15.333333333333334,0.0,127.66666666666667
99,101,2024-11-10,1,1,2024-25,Detroit Pistons,Houston Rockets,108.625,36.0,57.75,14.875,47.25,11.125,36.125,24.375,17.0,1.5527947542653424,12.0,35.25,33.949999999999996,28.875,51.125,56.535404735101565,14.875,19.5,74.85000000000001,0.0,5.25,0.3257480264833206,6.25,20.75,0.3335519670388091,17.0,0.0,124.625,114.0,36.375,59.75,17.875,47.875,14.5,33.375,22.125,12.875,1.8178757388122713,12.125,36.25,33.300000000000004,29.875,57.875,51.19974904620354,17.875,23.875,74.9375,0.0,7.625,0.606654001313444,4.125,22.75,0.1969673216276477,12.875,0.0,124.75
116,127,2024-11-10,1,1,2024-25,Oklahoma City Thunder,Golden State Warriors,117.375,44.25,57.0,16.125,44.25,8.375,35.875,25.875,12.625,2.0967670809582577,14.75,39.625,37.225,28.5,52.75,54.17755309160669,16.125,20.0,80.5,0.0,13.375,1.0843495964819494,6.625,22.375,0.29985167048510375,12.625,0.0,141.875,118.25,45.75,56.75,15.75,47.375,13.5,33.875,28.625,13.375,2.4570203081232496,15.25,40.25,38.0,28.375,52.5,54.04639916607375,15.75,22.0,74.1125,0.0,9.375,0.7685932327476446,6.125,21.75,0.28600079744816587,13.375,0.0,141.0
123,103,2024-11-10,1,1,2024-25,Los Angeles Lakers,Toronto Raptors,116.625,37.125,57.5,22.0,40.875,8.125,32.75,27.375,14.0,2.0755758495890073,12.375,32.625,38.2125,28.75,53.5,54.27720583969591,22.0,27.125,80.9375,0.0,6.75,0.5117578693236587,4.25,16.375,0.24104263415892674,14.0,0.0,131.75,118.0,33.75,70.0,14.25,43.75,13.0,30.75,31.375,14.375,2.287984164957849,11.25,34.25,32.762499999999996,35.0,63.0,55.54322344153287,14.25,20.25,71.19999999999999,0.0,8.625,0.6059808612440192,4.25,25.125,0.16749433364126018,14.375,0.0,134.625
107,113,2024-11-10,1,1,2024-25,Milwaukee Bucks,Boston Celtics,109.375,36.375,56.0,17.0,43.375,8.875,34.5,20.875,13.875,1.5626171214406508,12.125,35.625,33.875,28.0,50.25,55.670395299296786,17.0,23.625,70.3875,0.0,6.5,0.5037384592531652,4.125,19.625,0.2218370470168744,13.875,0.0,118.0,119.375,52.125,47.0,20.25,43.375,10.25,33.125,22.75,12.625,1.8212454212454212,17.375,51.0,34.1875,23.5,40.625,58.437794375294374,20.25,24.5,81.60000000000001,0.0,8.625,0.7148122710622711,5.5,16.25,0.3503139801804663,12.625,0.0,132.0
118,127,2024-11-10,1,1,2024-25,Phoenix Suns,Sacramento Kings,114.25,45.375,50.25,18.625,44.375,9.0,35.375,27.375,13.0,2.15441508042611,15.125,39.625,38.2625,25.125,44.875,55.73803540033538,18.625,23.25,80.2,0.0,6.375,0.5091414406671759,5.375,17.875,0.3348528513969691,13.0,0.0,135.875,116.625,30.375,65.25,21.0,42.75,9.875,32.875,25.0,14.0,1.8476934523809523,10.125,33.875,29.4125,32.625,54.125,60.2614997533725,21.0,24.625,84.25,0.0,9.0,0.6405753968253968,4.875,21.0,0.24640892732997993,14.0,0.0,135.375
132,121,2024-11-10,1,1,2024-25,Indiana Pacers,New York Knicks,114.375,35.25,62.75,16.375,41.125,8.875,32.25,28.0,14.625,1.991661956464588,11.75,31.75,36.85,31.375,56.0,56.06667278650856,16.375,22.625,71.7375,0.0,7.25,0.5037140491087859,4.0,22.625,0.18054601648351648,14.625,0.0,129.25,113.625,43.125,55.5,15.0,41.875,10.25,31.625,25.75,12.25,2.1808238636363635,14.375,35.5,40.2625,27.75,51.75,54.16066912777439,15.0,18.5,79.6875,0.0,7.125,0.6199337121212121,3.625,17.125,0.2161706349206349,12.25,0.0,131.125
94,95,2024-11-10,1,1,2024-25,Minnesota Timberwolves,Miami Heat,117.625,51.75,50.0,15.875,41.125,8.625,32.5,28.125,16.125,1.764085057099763,17.25,41.375,41.575,25.0,43.625,57.06974194239572,15.875,20.5,78.95,0.0,6.875,0.44306184012066363,5.25,19.375,0.27588804062294775,16.125,0.0,135.5,109.71428571428571,45.0,47.142857142857146,17.571428571428573,39.857142857142854,9.857142857142858,30.0,27.428571428571427,11.714285714285714,2.3539888682745826,15.0,38.285714285714285,39.199999999999996,23.571428571428573,48.57142857142857,48.72258917985072,17.571428571428573,23.428571428571427,75.84285714285714,0.0,9.285714285714286,0.7995052566481139,4.285714285714286,17.0,0.25253285524736213,11.714285714285714,0.0,124.71428571428571
122,120,2024-11-10,1,1,2024-25,Denver Nuggets,Dallas Mavericks,125.0,40.125,60.75,24.125,46.0,12.875,33.125,30.375,14.625,2.4370200163398694,13.375,31.25,42.9125,30.375,58.25,52.691576253703836,24.125,30.375,79.75,0.0,8.625,0.629718137254902,4.75,20.375,0.24353507603507601,14.625,0.0,148.125,112.625,36.75,60.0,15.875,43.75,10.125,33.625,25.0,12.125,2.168423900660743,12.25,36.0,34.0125,30.0,53.125,56.553173936253025,15.875,20.5,77.55000000000001,0.0,7.625,0.6453624591782485,4.5,22.5,0.19969816394301518,12.125,0.0,129.875
134,128,2024-11-11,1,1,2024-25,Oklahoma City Thunder,LA Clippers,117.625,45.375,55.5,16.75,42.625,9.0,33.625,26.375,12.75,2.1183579900491667,15.125,38.75,38.8875,27.75,52.0,53.627027033373274,16.75,20.75,80.6,0.0,12.0,0.9423041419364949,6.75,22.375,0.3067961149295482,12.75,0.0,140.75,107.875,37.875,53.0,17.0,45.375,11.875,33.5,24.125,16.625,1.5328804966962861,12.625,32.375,39.075,26.5,51.5,51.52548373371023,17.0,22.375,75.5625,0.0,8.75,0.5362886382623224,5.0,19.625,0.25310856100813534,16.625,0.0,124.375
105,107,2024-11-11,1,1,2024-25,New Orleans Pelicans,Brooklyn Nets,105.5,33.375,55.5,16.625,39.875,12.375,27.5,23.0,15.5,1.6771650326797385,11.125,31.125,36.1125,27.75,56.25,49.31059622285435,16.625,21.0,79.13749999999999,0.0,7.125,0.5291973039215686,4.875,17.0,0.3007928523360025,15.5,0.0,112.0,111.875,40.875,54.0,17.0,39.875,9.25,30.625,27.125,14.0,2.1348438111596004,13.625,40.25,33.449999999999996,27.0,46.25,58.67734456635319,17.0,21.25,81.2,0.0,7.5,0.5656444797892166,3.25,23.125,0.1415699925074925,14.0,0.0,125.5
116,96,2024-11-11,1,1,2024-25,San Antonio Spurs,Sacramento Kings,105.625,39.375,51.25,15.0,44.375,10.75,33.625,25.875,16.625,1.654663994094141,13.125,39.625,33.175,25.625,45.75,56.560792360573416,15.0,18.25,82.2625,0.0,8.375,0.5672523248810014,6.75,16.5,0.43722493805214396,16.625,0.0,124.5,116.625,28.875,67.5,20.25,45.875,10.25,35.625,23.875,14.125,1.7536458333333333,9.625,33.0,28.8625,33.75,56.75,59.238772480645224,20.25,23.875,83.775,0.0,8.375,0.591765873015873,4.625,21.125,0.2322641904878747,14.125,0.0,135.25
113,119,2024-11-11,1,1,2024-25,Chicago Bulls,Cleveland Cavaliers,113.0,46.5,50.25,16.25,46.875,11.0,35.875,28.375,16.125,2.1224080267558527,15.5,42.25,36.7125,25.125,48.375,51.45831883696991,16.25,21.75,73.9375,0.0,7.25,0.4979253762541806,4.0,17.875,0.2231989220173195,16.125,0.0,127.875,120.75,46.125,61.0,13.625,41.5,7.75,33.75,29.0,13.125,2.4279304029304027,15.375,36.875,41.449999999999996,30.5,51.0,59.87530304821032,13.625,17.5,74.925,0.0,8.5,0.6665750915750916,4.875,19.125,0.2776709401709402,13.125,0.0,145.625
107,92,2024-11-11,1,1,2024-25,Houston Rockets,Washington Wizards,110.625,32.625,61.0,17.0,46.5,13.75,32.75,22.0,12.0,1.884213458110517,10.875,35.125,30.937500000000004,30.5,58.375,51.85845474728213,17.0,22.375,75.6375,0.0,7.625,0.6450311942959002,4.25,21.375,0.21110422638955248,12.0,0.0,121.5,111.71428571428571,37.714285714285715,54.57142857142857,19.428571428571427,41.57142857142857,9.857142857142858,31.714285714285715,26.285714285714285,15.571428571428571,1.7680672268907565,12.571428571428571,38.857142857142854,31.914285714285715,27.285714285714285,51.42857142857143,53.11796789801555,19.428571428571427,23.714285714285715,81.52857142857144,0.0,7.714285714285714,0.4895658263305322,6.571428571428571,23.571428571428573,0.2797152992903238,15.571428571428571,0.0,123.57142857142857
120,117,2024-11-12,1,1,2024-25,Golden State Warriors,Dallas Mavericks,118.25,46.125,55.0,17.125,45.625,12.75,32.875,28.625,13.375,2.457020308123249,15.375,39.375,39.1,27.5,51.25,53.648495439365675,17.125,24.125,72.39999999999999,0.0,8.5,0.7102598994143112,5.75,21.875,0.27042387437124277,13.375,0.0,138.625,114.875,35.625,63.5,15.75,43.25,9.875,33.375,25.875,12.25,2.225368345105187,11.875,35.0,33.8375,31.75,53.75,59.11727650035558,15.75,20.625,76.35,0.0,7.75,0.6495291258449153,4.875,21.125,0.2275342983967967,12.25,0.0,134.375
99,85,2024-11-12,1,1,2024-25,Milwaukee Bucks,Toronto Raptors,107.5,36.375,54.25,16.875,42.625,8.5,34.125,20.5,13.625,1.5645401983637277,12.125,34.625,34.8875,27.125,49.75,54.520029492596755,16.875,23.125,71.4125,0.0,7.0,0.54861025412496,4.75,20.125,0.2506068882867156,13.625,0.0,117.375,118.25,33.75,69.0,15.5,43.0,13.0,30.0,31.0,14.125,2.287289720513405,11.25,34.25,32.7625,34.5,62.0,55.55868895344131,15.5,21.375,73.35,0.0,7.75,0.563619750132908,4.0,25.25,0.15563662613137874,14.125,0.0,133.5
116,117,2024-11-12,1,1,2024-25,Boston Celtics,Atlanta Hawks,118.0,51.0,47.0,20.0,44.0,9.625,34.375,23.75,12.875,1.8649954212454212,17.0,51.25,33.2125,23.5,39.875,59.231445168945164,20.0,24.125,81.875,0.0,8.0,0.6418956043956043,5.0,16.25,0.3190639801804662,12.875,0.0,131.125,116.0,39.75,59.0,17.25,41.875,10.625,31.25,29.25,15.25,2.0841504390217627,13.25,37.375,34.949999999999996,29.5,54.0,54.982936382402876,17.25,22.25,79.125,0.0,10.125,0.7208393934496875,4.5,18.375,0.2434175087038864,15.25,0.0,132.875
114,89,2024-11-12,1,1,2024-25,Orlando Magic,Charlotte Hornets,105.625,30.0,55.75,19.875,42.0,10.0,32.0,24.375,14.75,1.6960134711779449,10.0,37.5,26.4375,27.875,49.125,56.812886357714994,19.875,25.0,80.05000000000001,0.0,8.375,0.5713580827067669,5.625,19.5,0.3034326834800906,14.75,0.0,117.375,108.125,46.5,48.5,13.125,43.875,11.25,32.625,22.625,15.875,1.4756353021978021,15.5,45.75,33.9625,24.25,45.25,53.57895956232008,13.125,16.625,77.3875,0.0,7.625,0.4939217032967033,4.5,21.875,0.21677520396270394,15.875,0.0,116.125
99,111,2024-11-12,1,1,2024-25,Philadelphia 76ers,New York Knicks,106.75,36.0,50.5,20.25,38.25,10.75,27.5,21.375,14.875,1.6324477707749765,12.0,36.625,31.8625,25.25,48.625,51.90099324570145,20.25,27.25,74.2,0.0,9.0,0.6360308706816059,3.625,22.375,0.17070625729628877,14.875,0.0,109.125,115.125,41.625,57.25,16.25,42.5,10.625,31.875,26.125,12.5,2.1778476731601732,13.875,34.875,39.175000000000004,28.625,53.0,54.23250820823416,16.25,19.875,80.5,0.0,7.5,0.6437432359307359,3.625,18.125,0.20367063492063492,12.5,0.0,133.375
122,108,2024-11-12,1,1,2024-25,Portland Trail Blazers,Minnesota Timberwolves,103.625,28.5,59.0,16.125,43.0,12.75,30.25,19.375,15.375,1.445991487013159,9.5,32.625,29.025,29.5,58.625,50.85548200651978,16.125,21.875,74.8875,0.0,8.625,0.6766496156492287,4.75,17.75,0.2736609795433325,15.375,0.0,106.0,114.75,49.125,50.25,15.375,41.75,9.875,31.875,27.875,16.5,1.725114468864469,16.375,40.75,40.1875,25.125,44.5,56.173424112938356,15.375,20.0,78.5,0.0,8.125,0.5022530165912519,5.625,18.875,0.29672137395628106,16.5,0.0,133.25
123,121,2024-11-12,1,1,2024-25,Detroit Pistons,Miami Heat,106.25,34.875,56.75,14.625,47.5,11.375,36.125,23.625,17.375,1.4736280875986758,11.625,34.625,33.512499999999996,28.375,51.25,55.3874455514281,14.625,19.625,73.32499999999999,0.0,5.5,0.33408135981665393,6.125,20.625,0.3294935254803676,17.375,0.0,120.75,107.875,43.5,47.0,17.375,40.25,9.375,30.875,26.25,13.125,2.1575663466967816,14.5,37.375,38.7375,23.5,48.25,48.88226553236938,17.375,23.25,75.45,0.0,9.875,0.7756540560888388,4.875,17.375,0.2772162483414418,13.125,0.0,122.5
112,120,2024-11-12,1,1,2024-25,Utah Jazz,Phoenix Suns,102.625,36.0,46.25,20.375,45.25,11.625,33.625,23.875,19.625,1.3277137894784956,12.0,38.625,31.037499999999998,23.125,46.375,49.94689371457483,20.375,25.25,82.1875,0.0,7.0,0.3680959767356826,5.375,17.75,0.30932252087437845,19.625,0.0,109.75,114.5,45.75,50.5,18.25,46.125,9.375,36.75,26.75,12.375,2.2095621392496394,15.25,42.125,36.475,25.25,45.25,55.56442428922426,18.25,23.0,79.175,0.0,6.75,0.5649012445887446,5.25,17.0,0.335358924271463,12.375,0.0,135.375
127,120,2024-11-13,1,1,2024-25,Milwaukee Bucks,Detroit Pistons,107.125,38.625,54.0,14.5,43.125,9.125,34.0,21.125,13.5,1.6094748388866038,12.875,37.5,34.675000000000004,27.0,49.375,54.74467647590869,14.5,20.75,68.2125,0.0,8.125,0.6176462018373783,5.5,20.25,0.29104806475730394,13.5,0.0,118.25,109.375,34.5,59.0,15.875,47.75,10.875,36.875,25.875,17.625,1.5812132269175614,11.5,34.375,33.425,29.5,51.625,57.13104393417743,15.875,21.0,73.7375,0.0,5.25,0.31627950223151463,5.875,20.625,0.31633563074352544,17.625,0.0,126.375
139,130,2024-11-13,1,1,2024-25,San Antonio Spurs,Washington Wizards,107.5,43.875,49.75,13.875,43.75,9.625,34.125,27.0,16.75,1.708177065989566,14.625,41.25,35.3625,24.875,43.875,57.04156159134264,13.875,16.625,84.6375,0.0,8.25,0.5578569000444,6.625,15.125,0.4640106523378582,16.75,0.0,128.0,109.25,37.125,54.0,18.125,40.625,9.625,31.0,25.625,16.0,1.6852167182662539,12.375,37.875,32.3625,27.0,52.125,51.960678051114485,18.125,22.375,79.9875,0.0,8.5,0.5204753611971105,6.375,22.75,0.28151559276138627,16.0,0.0,119.5
128,123,2024-11-13,1,1,2024-25,Los Angeles Lakers,Memphis Grizzlies,116.625,36.375,59.0,21.25,40.375,8.625,31.75,27.0,13.0,2.5082681572813152,12.125,33.875,35.775,29.5,53.625,55.66963781248502,21.25,25.75,81.9,0.0,6.625,0.6406040231698127,4.125,16.0,0.23965374527003783,13.0,0.0,131.375,121.5,36.375,66.75,18.375,50.125,12.0,38.125,30.5,17.625,1.8718310783158003,12.125,34.375,35.2125,33.375,56.5,59.72129252583995,18.375,22.875,78.13750000000002,0.0,8.0,0.4476305829869567,7.25,19.25,0.3913719794137751,17.625,0.0,149.875
111,103,2024-11-13,1,1,2024-25,Houston Rockets,LA Clippers,110.75,29.625,63.5,17.625,49.5,14.875,34.625,21.0,13.25,1.7229580468551056,9.875,32.875,29.6875,31.75,60.0,52.56694126688998,17.625,22.875,76.5125,0.0,7.875,0.602823402088108,5.125,20.5,0.26900863815425835,13.25,0.0,124.5,109.875,41.625,51.0,17.25,45.25,12.0,33.25,24.625,17.375,1.5068388300296196,13.875,33.0,41.925,25.5,49.625,51.605676195618805,17.25,23.125,74.4,0.0,8.0,0.4859414160401002,5.375,19.75,0.2696128900124643,17.375,0.0,126.625
106,88,2024-11-13,1,1,2024-25,Oklahoma City Thunder,New Orleans Pelicans,118.375,46.125,55.75,16.5,40.625,8.75,31.875,27.0,12.875,2.145630717321894,15.375,39.5,38.775000000000006,27.875,51.5,54.539725446071685,16.5,19.625,83.1875,0.0,12.375,0.9616223237546767,5.875,22.375,0.26875263666867866,12.875,0.0,140.5,105.75,34.125,56.0,15.625,40.625,12.25,28.375,23.875,14.75,1.8529671717171716,11.375,31.25,36.825,28.0,56.875,49.204664019464516,15.625,19.5,80.7,0.0,7.625,0.610748106060606,4.375,16.125,0.2886716402147904,14.75,0.0,114.875
123,124,2024-11-13,1,1,2024-25,New York Knicks,Chicago Bulls,113.625,40.5,58.0,15.125,43.0,10.25,32.75,27.625,12.875,2.2382643398268396,13.5,35.375,37.25,29.0,53.125,54.75806779686091,15.125,18.125,82.25,0.0,7.875,0.6583265692640693,3.75,17.75,0.21755952380952379,12.875,0.0,134.0,115.25,46.125,53.25,15.875,45.625,10.625,35.0,28.75,15.5,2.1665930084408345,15.375,40.375,37.775,26.625,49.625,53.40756007192543,15.875,21.0,75.01249999999999,0.0,7.375,0.5107458890746934,4.375,17.625,0.24680573316283036,15.5,0.0,132.75
114,139,2024-11-13,1,1,2024-25,Brooklyn Nets,Boston Celtics,110.875,42.0,52.5,16.375,39.75,9.5,30.25,27.25,14.625,2.0717310660615613,14.0,39.875,34.65,26.25,45.75,57.486868375876995,16.375,20.75,80.3125,0.0,6.875,0.501306244495099,3.5,21.625,0.17178977272727272,14.625,0.0,123.875,117.625,51.0,45.75,20.875,43.5,9.875,33.625,24.25,13.625,1.825709706959707,17.0,51.0,33.425,22.875,38.625,59.75227850227849,20.875,25.125,82.2,0.0,8.25,0.6410027472527473,5.0,15.5,0.3364250912915773,13.625,0.0,131.0
127,104,2024-11-13,1,1,2024-25,Sacramento Kings,Phoenix Suns,114.75,27.375,69.0,18.375,45.5,10.25,35.25,23.0,13.5,1.762878787878788,9.125,33.375,27.150000000000002,34.5,57.625,59.82839512215466,18.375,21.875,83.3875,0.0,8.75,0.654265873015873,4.375,19.5,0.24020069842438263,13.5,0.0,132.0,115.25,47.25,51.25,16.75,45.5,9.75,35.75,26.125,12.25,2.1766075937950937,15.75,42.125,37.762499999999996,25.625,46.0,55.5060433862663,16.75,21.125,78.80000000000001,0.0,7.125,0.6058103354978355,6.125,16.25,0.4309471595655806,12.25,0.0,136.75
94,90,2024-11-13,1,1,2024-25,Orlando Magic,Indiana Pacers,105.0,30.0,56.75,18.25,41.625,9.625,32.0,24.25,14.25,1.7634377136021875,10.0,37.875,26.162499999999998,28.375,50.0,56.72785234410956,18.25,22.625,80.7,0.0,9.0,0.6493883857370699,5.75,19.0,0.3150993501467573,14.25,0.0,117.5,118.625,42.0,59.25,17.375,41.0,8.375,32.625,27.875,13.875,2.110411956464588,14.0,33.75,41.3125,29.625,54.625,54.2472657784223,17.375,23.25,74.1125,0.0,7.0,0.516214049108786,3.75,22.375,0.17202328921078922,13.875,0.0,133.75
106,98,2024-11-13,1,1,2024-25,Portland Trail Blazers,Minnesota Timberwolves,106.625,33.75,57.5,15.375,42.125,12.625,29.5,21.0,15.625,1.5154359314576031,11.25,33.875,33.7875,28.75,57.5,50.51263837474172,15.375,20.625,76.1375,0.0,9.75,0.7294273934270064,5.125,17.875,0.2889771850769293,15.625,0.0,112.375,114.25,48.75,50.0,15.5,40.625,9.25,31.375,27.0,17.75,1.5658335324096195,16.25,40.5,40.1,25.0,43.5,57.274682694174054,15.5,19.625,80.3,0.0,8.625,0.4863667289658338,5.125,19.625,0.25694864668355377,17.75,0.0,131.0
106,114,2024-11-13,1,1,2024-25,Philadelphia 76ers,Cleveland Cavaliers,105.75,37.875,49.75,18.125,39.75,10.625,29.125,21.375,14.75,1.64234360410831,12.625,38.25,32.15,24.875,47.875,51.76477113879953,18.125,23.625,76.7375,0.0,8.875,0.6334267040149393,3.75,20.875,0.18867500729628878,14.75,0.0,110.625,121.875,47.25,61.25,13.375,41.75,8.125,33.625,29.625,12.5,2.601541514041514,15.75,38.0,41.449999999999996,30.625,51.75,59.26911575724042,13.375,17.5,73.8875,0.0,9.0,0.7717338217338218,4.625,18.25,0.27526709401709404,12.5,0.0,146.875
115,113,2024-11-14,1,1,2024-25,Utah Jazz,Dallas Mavericks,105.875,38.25,48.75,18.875,44.5,11.375,33.125,25.625,18.5,1.533133369898076,12.75,38.125,33.3,24.375,46.875,51.89133815901927,18.875,23.125,82.775,0.0,6.875,0.3899491235888295,5.125,18.5,0.2745631625856084,18.5,0.0,117.375,115.75,35.625,63.75,16.375,42.0,9.25,32.75,25.75,12.75,2.1648524720893145,11.875,34.375,34.3625,31.875,53.0,60.22441935749844,16.375,21.5,76.1625,0.0,7.375,0.6108386496544391,3.5,21.125,0.16775168970114454,12.75,0.0,132.875
101,94,2024-11-15,1,1,2024-25,New Orleans Pelicans,Denver Nuggets,103.5,34.125,54.5,14.875,42.375,13.75,28.625,23.625,14.75,1.842550505050505,11.375,33.125,34.75,27.25,56.5,48.1302919629496,14.875,18.625,79.9375,0.0,7.5,0.6055397727272727,4.125,16.375,0.26431266585581603,14.75,0.0,111.625,127.25,40.125,63.25,23.875,47.0,13.25,33.75,32.25,14.625,2.6245200163398694,13.375,30.5,43.95,31.625,59.25,54.10183266396025,23.875,30.625,77.98750000000001,0.0,7.75,0.542218137254902,4.875,19.625,0.2598703033078033,14.625,0.0,153.0
95,99,2024-11-15,1,1,2024-25,Toronto Raptors,Detroit Pistons,113.25,33.375,64.5,15.375,43.0,12.875,30.125,29.75,15.0,2.1509260841497686,11.125,33.0,33.6875,32.25,60.375,53.274129804128066,15.375,21.25,73.225,0.0,8.25,0.5677864167995746,3.875,23.25,0.19141103690578953,15.0,0.0,127.25,111.25,35.625,60.75,14.875,47.25,10.75,36.5,26.625,17.375,1.6537622465254045,11.875,34.625,34.1375,30.375,54.125,56.5262052245,14.875,19.875,73.125,0.0,5.5,0.33686773752563226,6.125,20.125,0.33300229741019216,17.375,0.0,127.875
129,117,2024-11-15,1,1,2024-25,Atlanta Hawks,Washington Wizards,115.75,37.875,63.0,14.875,42.5,12.25,30.25,29.625,15.25,2.1075879390217627,12.625,36.375,34.175,31.5,57.25,55.12854977883534,14.875,19.375,76.825,0.0,10.625,0.7520893934496875,3.875,17.75,0.2183506637841003,15.25,0.0,133.125,112.75,41.25,53.25,18.25,40.75,9.75,31.0,25.625,16.375,1.6477167182662538,13.75,38.875,35.05,26.625,51.125,52.355327436292285,18.25,22.125,81.89999999999999,0.0,8.0,0.4801975834193326,6.25,23.25,0.2692158215943382,16.375,0.0,123.5
123,118,2024-11-15,1,1,2024-25,Golden State Warriors,Memphis Grizzlies,120.25,46.125,56.75,17.375,46.0,13.25,32.75,29.875,12.375,2.6227712238741656,15.375,39.125,39.287499999999994,28.375,52.25,54.293149527415984,17.375,24.75,71.8625,0.0,8.875,0.7757360898905017,6.0,21.375,0.290625894573263,12.375,0.0,143.625,121.5,35.625,65.0,20.875,47.75,11.25,36.5,29.375,18.125,1.6593310783158002,11.875,33.125,35.6875,32.5,55.0,59.61625050903322,20.875,25.375,81.6375,0.0,8.75,0.4833448687012424,6.875,19.75,0.3678005508423465,18.125,0.0,147.875
125,104,2024-11-15,1,1,2024-25,Houston Rockets,LA Clippers,111.375,29.625,65.25,16.5,51.5,15.5,36.0,22.0,13.5,1.7646247135217723,9.875,33.25,29.3125,32.625,61.125,53.279660565135586,16.5,22.0,74.4,0.0,8.125,0.6117519735166794,6.25,19.75,0.3390214258780435,13.5,0.0,128.375,109.625,42.0,50.0,17.625,44.375,11.625,32.75,24.75,17.125,1.5559459728867622,14.0,33.25,42.012499999999996,25.0,50.125,50.29660850724077,17.625,22.875,77.61250000000001,0.0,8.0,0.5008223684210527,5.125,19.375,0.26015565317035905,17.125,0.0,125.125
144,126,2024-11-15,1,1,2024-25,Cleveland Cavaliers,Chicago Bulls,119.375,46.875,58.0,14.5,43.0,8.5,34.5,28.125,12.375,2.5002157564657566,15.625,37.875,41.262499999999996,29.0,50.375,57.7859808366055,14.5,18.625,76.375,0.0,8.25,0.7168095793095792,4.5,16.75,0.2745802808302808,12.375,0.0,143.125,115.0,42.0,55.75,17.25,44.375,10.125,34.25,28.125,16.625,1.8818707862186124,14.0,38.25,36.7375,27.875,49.5,56.24058504879869,17.25,22.25,77.11250000000001,0.0,8.0,0.5107458890746934,4.375,17.875,0.24092338022165388,16.625,0.0,132.375
126,130,2024-11-15,1,1,2024-25,Sacramento Kings,Minnesota Timberwolves,116.5,30.0,67.75,18.75,45.0,9.875,35.125,24.5,14.125,1.7714572192513371,10.0,33.0,30.625,33.875,56.25,60.381673810679246,18.75,22.25,84.17500000000001,0.0,8.5,0.6119864612511672,4.25,19.625,0.23099017210859316,14.125,0.0,135.75,112.25,44.25,52.5,15.5,40.5,9.5,31.0,24.875,17.0,1.5024406752667623,14.75,40.5,36.25,26.25,45.625,57.51391714393482,15.5,19.125,81.7875,0.0,9.5,0.562259586108691,5.25,19.5,0.264185488788817,17.0,0.0,126.625
98,86,2024-11-15,1,1,2024-25,Orlando Magic,Philadelphia 76ers,104.375,30.75,56.0,17.625,42.625,10.5,32.125,24.375,14.875,1.694197517523756,10.25,36.875,27.450000000000003,28.0,50.75,54.934374083239994,17.625,22.0,80.2875,0.0,8.875,0.6144619151488346,6.0,19.0,0.32825724488359936,14.875,0.0,117.625,104.25,39.0,48.75,16.5,38.625,9.625,29.0,22.5,13.75,1.79859360410831,13.0,38.375,32.95,24.375,47.0,51.732883383697484,16.5,21.125,78.825,0.0,8.75,0.6605100373482726,3.5,19.25,0.18867500729628875,13.75,0.0,111.25
124,122,2024-11-15,1,1,2024-25,New York Knicks,Brooklyn Nets,116.0,42.75,58.5,14.75,42.625,9.875,32.75,28.75,12.75,2.3247226731601733,14.25,36.5,38.300000000000004,29.25,52.5,55.744909902124064,14.75,18.125,80.175,0.0,7.75,0.6541599025974026,3.75,17.25,0.2217612044817927,12.75,0.0,137.25,107.75,41.625,50.5,15.625,38.875,9.0,29.875,25.875,15.125,1.8078421771726725,13.875,38.75,35.3625,25.25,44.75,56.5398986789073,15.625,19.625,81.0,0.0,6.875,0.4842122274010819,3.125,20.125,0.1671022727272727,15.125,0.0,119.0
111,124,2024-11-15,1,1,2024-25,Indiana Pacers,Miami Heat,115.625,40.875,58.25,16.5,41.5,8.375,33.125,27.125,13.5,2.097176662346941,13.625,33.5,40.4,29.125,54.875,53.0898583710149,16.5,21.25,76.775,0.0,7.25,0.5397434608734918,4.0,21.5,0.19226620419054627,13.5,0.0,131.625,110.875,45.75,49.25,15.875,40.5,9.75,30.75,26.375,13.25,2.1452557406361756,15.25,38.75,39.4125,24.625,49.25,50.10994410379795,15.875,21.25,75.575,0.0,11.0,0.8646692076039904,4.25,17.75,0.24163012393952796,13.25,0.0,126.25
115,120,2024-11-15,1,1,2024-25,San Antonio Spurs,Los Angeles Lakers,113.25,46.125,51.5,15.625,42.125,9.0,33.125,29.0,15.125,2.110954843767344,15.375,42.25,36.3125,25.75,43.75,58.98671465256714,15.625,19.0,83.825,0.0,8.375,0.6209882131757132,6.75,16.0,0.42859398567119156,15.125,0.0,136.125,116.25,38.625,56.25,21.375,40.0,7.875,32.125,26.875,12.875,2.513019619269619,12.875,34.75,36.725,28.125,51.875,54.87614251467938,21.375,26.75,79.5625,0.0,6.5,0.6365835553335553,4.375,16.375,0.24832599407386557,12.875,0.0,130.125
99,83,2024-11-15,1,1,2024-25,Oklahoma City Thunder,Phoenix Suns,118.5,45.375,55.75,17.375,39.625,8.75,30.875,26.0,12.0,2.252773574464751,15.125,39.25,38.400000000000006,27.875,51.625,54.412174425663515,17.375,20.625,83.975,0.0,12.125,1.0866223237546766,6.0,22.625,0.27022322490397277,12.0,0.0,139.125,114.625,48.0,49.75,16.875,44.75,11.0,33.75,26.375,12.125,2.22547123015873,16.0,43.0,37.712500000000006,24.875,46.375,53.722274323085465,16.875,21.875,76.6875,0.0,7.75,0.6762648809523809,5.0,15.0,0.389280492898914,12.125,0.0,132.875
99,104,2024-11-16,1,1,2024-25,New Orleans Pelicans,Los Angeles Lakers,105.0,34.125,55.5,15.375,43.25,13.625,29.625,23.25,14.75,1.817550505050505,11.375,33.0,34.85,27.75,56.25,49.28769937035701,15.375,18.375,83.55,0.0,7.125,0.5805397727272726,4.0,15.875,0.26827194187391556,14.75,0.0,114.75,118.125,38.625,57.5,22.0,39.375,7.75,31.625,27.125,12.875,2.5338529526029525,12.875,34.625,36.9,28.75,51.25,56.414767302455274,22.0,27.375,80.32499999999999,0.0,7.125,0.6886668886668887,4.0,15.375,0.24294321895424836,12.875,0.0,133.25
115,114,2024-11-16,1,1,2024-25,Charlotte Hornets,Milwaukee Bucks,106.0,46.5,47.25,12.25,44.125,10.375,33.75,22.875,16.125,1.4756353021978021,15.5,45.375,34.275,23.625,45.0,52.51464796811718,12.25,15.75,75.6,0.0,7.75,0.4961944305694306,4.25,21.125,0.21156687062937063,16.125,0.0,114.125,109.5,41.25,54.25,14.0,43.625,9.25,34.375,22.125,12.875,1.7479552310434665,13.75,38.0,36.8125,27.125,50.5,53.88683333865379,14.0,20.0,68.72500000000001,0.0,8.5,0.6703422802687509,5.875,18.75,0.35354806475730394,12.875,0.0,123.125
110,93,2024-11-16,1,1,2024-25,Dallas Mavericks,San Antonio Spurs,114.875,34.125,64.25,16.5,40.75,9.125,31.625,25.75,13.625,2.036176001501079,11.375,34.375,33.0875,32.125,52.0,61.93536943801374,16.5,21.75,75.8125,0.0,7.25,0.5417210025956156,4.5,20.75,0.22529137224082707,13.625,0.0,131.375,114.375,48.0,51.5,14.875,41.875,9.0,32.875,29.875,15.375,2.1345562423687423,16.0,42.5,37.550000000000004,25.75,43.0,59.912201126226364,14.875,18.125,83.4125,0.0,7.0,0.4854987026862027,6.5,16.25,0.4100181342780027,15.375,0.0,137.25
126,123,2024-11-16,1,1,2024-25,Boston Celtics,Toronto Raptors,118.5,52.125,46.5,19.875,42.75,9.125,33.625,25.75,12.875,2.1672275641025642,17.375,49.625,35.2375,23.25,38.0,61.18947162830141,19.875,24.25,80.975,0.0,7.75,0.6521634615384615,5.125,15.25,0.3476480015082956,12.875,0.0,135.625,108.5,33.0,60.5,15.0,44.5,13.375,31.125,27.75,15.125,1.9955689412926254,11.0,33.375,32.9,30.25,60.75,49.8560201360184,15.0,20.25,74.55,0.0,8.0,0.5457626072757652,4.0,21.75,0.22410334459809722,15.125,0.0,119.5
121,117,2024-11-16,1,1,2024-25,Sacramento Kings,Utah Jazz,116.875,30.375,68.75,17.75,45.0,10.0,35.0,23.625,14.0,1.7233802961744138,10.125,33.5,30.5125,34.375,56.625,60.8659353118899,17.75,21.0,84.5875,0.0,8.125,0.589321626086332,4.625,19.125,0.25865123653436345,14.0,0.0,135.375,107.5,39.375,50.25,17.875,43.25,11.5,31.75,25.75,19.125,1.4893833698980758,13.125,38.0,34.5,25.125,46.125,53.981121440753014,17.875,22.125,81.94999999999999,0.0,7.375,0.4003657902554961,4.75,18.875,0.25029845670325546,19.125,0.0,119.375
116,105,2024-11-17,1,1,2024-25,LA Clippers,Utah Jazz,107.75,41.25,47.75,18.75,44.75,11.375,33.375,22.875,17.25,1.4148745443153339,13.75,33.875,40.85,23.875,49.125,49.18453954172353,18.75,24.375,77.3375,0.0,7.75,0.4793937969924812,4.875,18.5,0.2647011077158136,17.25,0.0,119.75,110.125,38.625,51.25,20.25,42.125,11.375,30.75,24.75,19.0,1.4379127816627815,12.875,35.25,36.625,25.625,47.125,53.95623343677094,20.25,25.625,80.46249999999999,0.0,7.875,0.434832702020202,4.625,19.375,0.23779845670325547,19.0,0.0,121.25
128,114,2024-11-17,1,1,2024-25,Cleveland Cavaliers,Charlotte Hornets,122.375,49.125,58.25,15.0,41.875,8.125,33.75,29.125,12.375,2.5771388333888336,16.375,38.5,42.425,29.125,50.5,57.88802165293203,15.0,19.125,76.6875,0.0,8.875,0.7648865023865025,4.75,16.125,0.297645757020757,12.375,0.0,147.0,103.125,44.625,46.5,12.0,46.0,10.625,35.375,22.125,15.375,1.5459478021978021,14.875,45.0,33.1875,23.25,45.25,51.489237804051555,12.0,15.25,76.3125,0.0,7.5,0.5133819305694306,3.75,20.125,0.20115020396270394,15.375,0.0,111.75
104,124,2024-11-17,1,1,2024-25,Washington Wizards,Detroit Pistons,112.875,41.25,54.75,16.875,41.5,9.125,32.375,26.0,16.5,1.6581333849329205,13.75,38.875,35.050000000000004,27.375,52.375,52.722203746564816,16.875,20.75,80.875,0.0,8.625,0.5161350834193327,5.75,23.0,0.2513897346378165,16.5,0.0,124.25,111.375,34.5,61.0,15.875,49.5,11.75,37.75,26.75,16.375,1.7373661426293006,11.5,35.125,32.725,30.5,55.375,55.34572743427977,15.875,21.5,72.325,0.0,5.75,0.3742053998632946,6.0,20.625,0.30175229741019216,16.375,0.0,128.875
105,90,2024-11-17,1,1,2024-25,Memphis Grizzlies,Denver Nuggets,123.0,35.25,66.25,21.5,49.75,12.0,37.75,28.75,17.25,1.6892553207400427,11.75,35.0,34.074999999999996,33.125,55.875,59.84393721212977,21.5,25.875,82.375,0.0,8.625,0.4988751717315454,7.875,19.75,0.4154195984613941,17.25,0.0,150.375,123.125,40.5,60.5,22.125,45.25,12.0,33.25,31.875,13.625,2.8042075163398694,13.5,32.625,41.7,30.25,56.0,54.60183266396025,22.125,28.25,79.35000000000001,0.0,8.25,0.651593137254902,4.25,19.125,0.2301828033078033,13.625,0.0,148.125
107,143,2024-11-17,1,1,2024-25,Chicago Bulls,Houston Rockets,118.0,44.625,56.25,17.125,42.125,9.375,32.75,29.25,16.875,1.9254982371990044,14.875,39.25,37.9125,28.125,49.0,57.284063309668255,17.125,21.625,78.61250000000001,0.0,8.125,0.5122164773099875,4.625,18.375,0.2502983802216539,16.875,0.0,135.5,113.5,33.75,64.0,15.75,51.25,14.375,36.875,23.25,13.75,1.825041380188439,11.25,34.5,31.775,32.0,59.625,53.54810127475277,15.75,20.875,74.8625,0.0,9.0,0.6763353068500126,6.125,20.375,0.3290214258780435,13.75,0.0,133.375
114,110,2024-11-17,1,1,2024-25,Portland Trail Blazers,Atlanta Hawks,106.625,31.875,58.0,16.75,42.125,12.5,29.625,20.75,16.5,1.4389936237652956,10.625,32.875,32.9875,29.0,57.375,51.042299391690875,16.75,22.0,77.1375,0.0,9.875,0.7053889318885449,5.625,17.875,0.3167549628547071,16.5,0.0,112.625,116.875,37.875,63.25,15.75,44.25,12.625,31.625,29.625,15.125,2.120455586080586,12.625,36.125,34.375,31.625,57.875,54.72969146501802,15.75,20.5,76.525,0.0,10.625,0.7566849816849817,4.75,17.5,0.2721432334435431,15.125,0.0,136.5
119,121,2024-11-17,1,1,2024-25,Oklahoma City Thunder,Dallas Mavericks,113.75,42.0,54.25,17.5,40.625,8.625,32.0,24.75,11.75,2.1933330150241916,14.0,38.125,36.675000000000004,27.125,52.25,52.08907127135832,17.5,20.5,85.25,0.0,11.125,1.0201887573211101,6.25,22.25,0.2843147368403123,11.75,0.0,132.5,115.875,33.375,66.0,16.5,42.75,9.5,33.25,26.375,14.25,1.9903426681677456,11.125,34.5,32.15,33.0,53.0,62.48731748996179,16.5,21.5,76.7875,0.0,7.625,0.5417210025956156,4.5,19.625,0.2414950759445308,14.25,0.0,134.5
120,117,2024-11-17,1,1,2024-25,Minnesota Timberwolves,Phoenix Suns,113.625,45.0,53.25,15.375,40.875,9.75,31.125,23.875,16.25,1.547895220721308,15.0,41.375,35.9875,26.625,47.0,56.622735155191855,15.375,18.875,82.3125,0.0,9.625,0.6057087839696536,4.625,19.125,0.23936491462613751,16.25,0.0,126.125,109.375,44.625,47.0,17.75,46.125,11.375,34.75,24.875,12.75,2.048387896825397,14.875,42.75,34.975,23.5,45.75,51.02184592651264,17.75,23.375,75.8,0.0,7.0,0.5953825280112044,5.0,15.0,0.3892804928989139,12.75,0.0,123.875
114,104,2024-11-17,1,1,2024-25,New York Knicks,Brooklyn Nets,117.0,40.875,60.75,15.375,43.0,10.0,33.0,28.125,13.0,2.224198197635698,13.625,36.25,36.95,30.375,52.875,57.80840196561612,15.375,19.125,79.1875,0.0,7.625,0.630558503996004,4.0,17.875,0.2262254901960784,13.0,0.0,137.875,108.125,43.125,49.0,16.0,39.25,9.25,30.0,25.875,13.875,2.0052105982253043,14.375,39.375,35.95,24.5,45.25,54.020518833946056,16.0,20.0,81.1625,0.0,6.625,0.5295338648279825,3.125,19.75,0.1684659090909091,13.875,0.0,119.375
119,110,2024-11-17,1,1,2024-25,Indiana Pacers,Miami Heat,115.125,41.25,58.75,15.125,40.875,7.5,33.375,27.5,14.375,2.0317920469623254,13.75,34.25,39.800000000000004,29.375,53.875,54.51059615765498,15.125,18.875,78.6625,0.0,7.375,0.5224357685657995,4.0,19.875,0.20774239466673677,14.375,0.0,131.75,112.125,46.125,50.25,15.75,39.625,8.625,31.0,25.625,12.75,2.1881128834933183,15.375,39.75,38.725,25.125,48.375,52.193277437131286,15.75,20.625,76.97500000000001,0.0,12.0,0.9932406361754188,3.625,16.875,0.21257310639566834,12.75,0.0,127.75
134,106,2024-11-18,1,1,2024-25,New York Knicks,Washington Wizards,115.25,39.0,59.75,16.5,43.25,9.75,33.5,28.375,12.75,2.3523231976356973,13.0,36.5,35.087500000000006,29.875,51.0,58.87487021958437,16.5,20.25,81.55,0.0,6.125,0.493058503996004,4.25,19.0,0.2266136889538424,12.75,0.0,136.125,110.75,37.875,56.5,16.375,41.0,8.625,32.375,25.625,16.375,1.6458784829721362,12.625,36.75,34.6375,28.25,53.5,53.42984052468032,16.375,20.5,79.4,0.0,8.5,0.5116416193670451,5.75,21.875,0.2598272346378165,16.375,0.0,121.75
102,99,2024-11-18,1,1,2024-25,LA Clippers,Golden State Warriors,110.75,41.25,51.25,18.25,43.625,11.875,31.75,23.75,15.625,1.7008593928001823,13.75,34.5,40.3625,25.625,50.375,51.32048230266629,18.25,23.25,78.725,0.0,7.875,0.5753533929520771,4.625,17.75,0.2700487012987013,15.625,0.0,124.5,120.125,45.375,56.5,18.25,48.75,13.625,35.125,29.75,13.75,2.3086264870320603,15.125,39.125,38.7375,28.25,52.375,53.9349293162546,18.25,26.25,70.2875,0.0,8.125,0.6005716162062911,5.5,22.375,0.25669732314469157,13.75,0.0,142.375
112,122,2024-11-18,1,1,2024-25,Detroit Pistons,Chicago Bulls,113.625,36.75,61.75,15.125,50.0,12.25,37.75,27.0,14.875,1.9635566188197766,12.25,35.375,34.4875,30.875,57.625,53.56296596259726,15.125,20.625,72.0875,0.0,6.625,0.5031736538315486,5.75,19.875,0.2980680868838763,14.875,0.0,132.75,117.375,43.5,56.5,17.375,42.5,9.75,32.75,29.5,16.75,1.9546649038656712,14.5,40.75,36.2125,28.25,49.875,56.71031108150427,17.375,21.375,80.65,0.0,8.5,0.5398206439766542,5.125,19.125,0.26696504688832057,16.75,0.0,134.375
101,100,2024-11-18,1,1,2024-25,Milwaukee Bucks,Houston Rockets,111.375,43.5,54.25,13.625,43.875,9.125,34.75,23.5,12.75,1.9285107865990219,14.5,37.25,39.35,27.125,50.75,53.62228307410352,13.625,19.0,69.15,0.0,8.0,0.6286756136020841,6.125,17.625,0.376696212905452,12.75,0.0,128.375,116.25,31.875,68.0,16.375,53.375,13.875,39.5,24.125,13.75,1.9045868347338937,10.625,33.125,31.287499999999998,34.0,60.75,55.62386229247198,16.375,21.875,74.475,0.0,8.75,0.65360803412274,6.5,18.625,0.3680839258780435,13.75,0.0,140.5
106,89,2024-11-18,1,1,2024-25,Miami Heat,Philadelphia 76ers,112.625,47.625,48.75,16.25,38.875,9.25,29.625,25.25,12.625,2.176749247129682,15.875,39.25,40.2625,24.375,49.125,49.702358910924744,16.25,20.625,79.47500000000001,0.0,10.75,0.8928618482966308,3.375,16.75,0.19540277672533865,12.625,0.0,125.75,103.125,39.75,47.25,16.125,38.25,9.375,28.875,22.75,14.875,1.6944269374416434,13.25,38.75,33.4125,23.625,45.75,51.3981153301346,16.125,20.25,80.1625,0.0,9.125,0.6327322595704948,3.375,19.5,0.1811698313128519,14.875,0.0,110.0
130,119,2024-11-18,1,1,2024-25,Toronto Raptors,Indiana Pacers,108.25,32.625,60.25,15.375,44.75,13.375,31.375,27.75,14.875,2.083952779676464,10.875,31.875,34.212500000000006,30.125,61.125,49.397686802685065,15.375,21.25,72.3125,0.0,7.875,0.5419747284878863,3.5,20.5,0.21139917036942207,14.875,0.0,119.375,113.125,40.5,57.75,14.875,39.375,6.75,32.625,27.125,13.375,2.155595874713522,13.5,33.125,40.462500000000006,28.875,52.625,54.80145113600996,14.875,18.375,79.5,0.0,6.875,0.5248281130634072,4.125,18.625,0.2305789331282752,13.375,0.0,130.375
99,109,2024-11-18,1,1,2024-25,Phoenix Suns,Orlando Magic,111.125,43.5,50.5,17.125,43.375,11.25,32.125,24.875,13.625,1.962078373015873,14.5,40.125,36.5375,25.25,47.375,52.94144845587127,17.125,22.5,75.875,0.0,7.625,0.6132396708683473,4.25,17.0,0.2988958775142985,13.625,0.0,124.5,103.0,30.75,54.25,18.0,43.125,11.0,32.125,23.0,15.375,1.5662213270475653,10.25,37.375,27.0,27.125,48.75,55.367621836770155,18.0,21.75,82.75,0.0,9.0,0.6015650897520092,6.25,19.5,0.3345597658920027,15.375,0.0,116.5
108,109,2024-11-18,1,1,2024-25,Sacramento Kings,Atlanta Hawks,116.0,33.75,65.5,16.75,43.25,9.25,34.0,24.0,13.5,1.7918326771267947,11.25,33.625,33.175000000000004,32.75,54.375,60.211173407127994,16.75,20.125,83.42500000000001,0.0,6.875,0.5317819435466494,4.625,20.0,0.25453681647166754,13.5,0.0,133.875,116.25,34.875,64.75,16.625,45.125,13.625,31.5,29.625,16.875,1.9708829365079366,11.625,33.875,33.925,32.375,59.25,54.78584600230463,16.625,21.375,77.3,0.0,10.875,0.7260582010582011,5.125,17.125,0.29546859229521766,16.875,0.0,136.25
120,117,2024-11-19,1,1,2024-25,Boston Celtics,Cleveland Cavaliers,118.75,55.125,45.25,18.375,42.875,9.5,33.375,26.875,12.75,2.3213942307692306,18.375,52.0,35.662499999999994,22.625,37.25,60.800715647440164,18.375,22.25,81.8,0.0,6.5,0.5299412393162393,5.25,16.125,0.3370710784313726,12.75,0.0,135.375,124.125,48.375,58.75,17.0,42.25,8.0,34.25,28.5,14.0,2.1860674048174045,16.125,37.5,42.9,29.375,49.75,59.29307986248643,17.0,20.75,79.57499999999999,0.0,8.875,0.7300650738150738,5.0,15.5,0.3184790903540904,14.0,0.0,149.25
132,91,2024-11-19,1,1,2024-25,Dallas Mavericks,New Orleans Pelicans,117.5,33.75,65.25,18.5,42.75,10.25,32.5,25.5,13.875,1.9664939839572193,11.25,33.875,33.325,32.625,53.5,61.29979680144805,18.5,23.125,79.5875,0.0,7.125,0.5203394236482471,4.5,19.375,0.24433598503543988,13.875,0.0,135.375,101.75,33.75,52.25,15.75,43.75,14.0,29.75,22.75,15.875,1.5565210932857991,11.25,32.75,34.75,26.125,54.25,48.2361120687697,15.75,18.875,83.475,0.0,7.0,0.5070103609625668,4.0,16.375,0.2612543980142664,15.875,0.0,110.625
110,122,2024-11-19,1,1,2024-25,Memphis Grizzlies,Denver Nuggets,120.875,37.125,64.5,19.25,48.375,12.375,36.0,29.375,16.75,1.7961557732287305,12.375,36.375,34.6625,32.25,55.625,58.47285459104714,19.25,23.5,81.5,0.0,9.125,0.550911370826568,8.75,19.0,0.48089578893758456,16.75,0.0,148.125,116.375,39.375,58.5,18.5,44.75,11.625,33.125,30.875,14.875,2.220874183006536,13.125,33.125,39.725,29.25,54.875,53.844833272602976,18.5,24.125,77.89999999999999,0.0,9.0,0.6515931372549019,4.375,17.875,0.2595388639138639,14.875,0.0,139.25
110,104,2024-11-19,1,1,2024-25,San Antonio Spurs,Oklahoma City Thunder,111.875,47.25,48.25,16.375,42.0,9.75,32.25,28.5,15.25,2.045613934676435,15.75,42.25,37.112500000000004,24.125,43.875,55.19294299614507,16.375,19.75,83.94999999999999,0.0,7.5,0.5319730616605617,7.0,16.375,0.437132104866238,15.25,0.0,132.0,115.5,41.25,56.5,17.75,39.125,9.125,30.0,25.25,11.25,2.386041348357525,13.75,38.5,35.712500000000006,28.25,52.25,54.58907127135832,17.75,21.25,83.5625,0.0,11.125,1.0774804239877769,6.5,22.625,0.2922692822948577,11.25,0.0,134.0
124,118,2024-11-19,1,1,2024-25,Los Angeles Lakers,Utah Jazz,117.375,40.875,56.25,20.25,40.125,9.25,30.875,27.5,11.625,2.6815802253302254,13.625,36.125,37.975,28.125,51.25,55.13925709837363,20.25,25.5,79.45,0.0,7.625,0.7665889665889667,4.375,16.25,0.26972893323996266,11.625,0.0,134.5,112.25,40.5,51.75,20.0,40.625,10.625,30.0,25.375,18.125,1.504461364658733,13.5,36.25,37.6375,25.875,45.75,56.36007959061709,20.0,25.5,79.6875,0.0,8.0,0.4520391797529955,4.0,18.75,0.20725334392130057,18.125,0.0,124.0
116,115,2024-11-19,1,1,2024-25,Brooklyn Nets,Charlotte Hornets,106.125,45.375,43.25,17.5,37.875,9.0,28.875,25.5,13.625,2.0494025174172235,15.125,40.0,37.3125,21.625,42.375,51.18800651867512,17.5,22.125,80.17500000000001,0.0,5.375,0.4184227537168714,2.75,19.625,0.15070275119617227,13.625,0.0,113.75,103.75,45.0,46.25,12.5,45.75,11.25,34.5,23.875,14.625,1.8146978021978022,15.0,45.5,33.05,23.125,46.25,50.195348155168745,12.5,15.25,80.475,0.0,8.375,0.6243194305694306,3.875,19.75,0.20972043807641633,14.625,0.0,114.625
120,97,2024-11-20,1,1,2024-25,Golden State Warriors,Atlanta Hawks,119.5,46.5,54.75,18.25,49.125,13.125,36.0,29.125,14.375,2.2005437802651424,15.5,39.875,39.0125,27.375,51.25,53.35457217339746,18.25,27.0,67.5625,0.0,9.0,0.6348761274844866,4.875,21.375,0.24127524522261365,14.375,0.0,140.25,114.125,35.25,61.75,17.125,44.625,13.125,31.5,30.25,16.625,2.047891865079365,11.75,34.125,33.975,30.875,58.375,52.761273352731976,17.125,22.125,76.25,0.0,10.5,0.7104332010582011,5.625,17.375,0.3194624003447533,16.625,0.0,133.625
128,100,2024-11-20,1,1,2024-25,Cleveland Cavaliers,New Orleans Pelicans,124.25,45.75,60.5,18.0,42.5,8.875,33.625,28.75,13.625,2.3717816905316904,15.25,36.5,41.475,30.25,51.0,59.61136689952346,18.0,21.25,83.875,0.0,8.125,0.6764936452436453,4.875,15.5,0.31014575702075703,13.625,0.0,149.625,99.25,31.875,51.5,15.875,43.0,12.625,30.375,22.375,16.25,1.5168385536032596,10.625,32.0,33.7875,25.75,53.5,48.1420485236192,15.875,19.0,83.5625,0.0,7.375,0.5189151228673288,4.125,17.125,0.2605441707415392,16.25,0.0,107.625
122,106,2024-11-20,1,1,2024-25,Milwaukee Bucks,Chicago Bulls,109.875,41.625,54.25,14.0,43.625,8.375,35.25,23.125,13.125,1.8618040558297912,13.875,36.5,38.5,27.125,50.75,53.62228307410352,14.0,19.5,69.55,0.0,8.625,0.6623294597559303,6.75,17.0,0.4159474206349207,13.125,0.0,127.125,116.875,46.875,54.0,16.0,43.75,9.75,34.0,28.5,17.0,1.772846722047489,15.625,41.875,37.7375,27.0,48.25,55.86260993207898,16.0,20.0,79.475,0.0,8.0,0.4766893308453411,4.875,18.25,0.267984068627451,17.0,0.0,133.5
109,99,2024-11-20,1,1,2024-25,Oklahoma City Thunder,Portland Trail Blazers,115.75,42.75,56.0,17.0,39.75,10.125,29.625,25.375,10.875,2.4312094155844153,14.25,41.25,34.65,28.0,51.375,54.988007441571085,17.0,20.125,84.9,0.0,11.625,1.1321022727272727,6.5,22.25,0.29623753626311167,10.875,0.0,134.625,106.625,31.5,59.5,15.625,42.625,13.375,29.25,21.25,16.625,1.455112044817927,10.5,33.25,32.225,29.75,58.5,51.37124676011193,15.625,20.5,76.575,0.0,10.875,0.7527573529411765,6.25,18.375,0.3395140664961637,16.625,0.0,114.625
104,93,2024-11-20,1,1,2024-25,LA Clippers,Orlando Magic,109.375,40.125,50.5,18.75,43.625,10.5,33.125,24.25,16.75,1.5980184837092732,13.375,34.125,39.825,25.25,49.75,51.07971972404994,18.75,23.375,81.0125,0.0,8.375,0.569671574770259,4.5,16.75,0.2860743423243423,16.75,0.0,123.5,106.0,31.875,55.5,18.625,42.5,10.375,32.125,24.125,14.875,1.7260698118960505,10.625,35.875,29.3,27.75,48.125,57.2855841935623,18.625,22.5,82.8875,0.0,8.625,0.5917166049035244,6.625,19.125,0.35788512474367734,14.875,0.0,123.5
130,113,2024-11-20,1,1,2024-25,Houston Rockets,Indiana Pacers,115.125,32.25,67.0,15.875,53.75,14.5,39.25,23.875,14.0,1.8486427787898376,10.75,33.0,31.775,33.5,62.375,53.36784624969123,15.875,21.25,74.6375,0.0,9.375,0.6946919502066561,6.5,18.0,0.3805839258780435,14.0,0.0,138.125,113.25,40.125,57.5,15.625,38.5,7.5,31.0,26.375,13.0,2.172641329258976,13.375,33.375,39.8875,28.75,53.625,53.59257775614954,15.625,19.25,79.8875,0.0,8.625,0.6912242169595111,4.375,18.375,0.24561652711323764,13.0,0.0,129.625
122,138,2024-11-20,1,1,2024-25,Phoenix Suns,New York Knicks,108.75,43.875,48.5,16.375,43.625,12.125,31.5,25.0,13.5,1.988177274114774,14.625,41.25,35.9,24.25,46.375,52.03668655110937,16.375,22.375,73.3125,0.0,7.5,0.6077451653738418,4.0,17.625,0.2795506394190605,13.5,0.0,120.625,119.875,42.375,61.75,15.75,43.5,9.0,34.5,30.5,12.5,2.6804481976356973,14.125,38.0,36.425,30.875,49.875,61.68124276860399,15.75,19.25,82.37500000000001,0.0,5.875,0.48055850399600397,3.875,18.25,0.20925257784273127,12.5,0.0,144.75
117,111,2024-11-20,1,1,2024-25,Memphis Grizzlies,Philadelphia 76ers,119.125,36.0,63.5,19.625,48.75,13.375,35.375,28.0,17.375,1.6751664684158962,12.0,37.75,32.075,31.75,56.25,57.12670074489329,19.625,24.75,79.6375,0.0,9.125,0.5358712638746964,9.25,19.25,0.49888821318000887,17.375,0.0,141.5,100.875,36.375,49.25,15.25,39.375,8.625,30.75,23.125,15.0,1.706331699346405,12.125,38.125,31.3,24.625,45.75,53.723696725483435,15.25,19.25,79.5375,0.0,9.0,0.6178513071895424,3.125,19.25,0.1703339180001584,15.0,0.0,109.375
110,105,2024-11-21,1,1,2024-25,Toronto Raptors,Minnesota Timberwolves,108.125,31.5,61.5,15.125,44.75,13.125,31.625,27.25,15.375,2.026744541690194,10.5,30.875,34.5125,30.75,60.5,51.16655472721337,15.125,20.875,72.3625,0.0,6.875,0.48362232574189096,4.25,20.625,0.23966840113865284,15.375,0.0,120.0,115.75,47.25,52.5,16.0,40.875,10.125,30.75,24.625,16.375,1.5870435723696592,15.75,41.625,37.725,26.25,46.5,56.466908596926274,16.0,19.625,82.7,0.0,9.75,0.6098296630905327,5.125,18.75,0.2814322223184452,16.375,0.0,130.0
118,119,2024-11-21,1,1,2024-25,Los Angeles Lakers,Orlando Magic,116.5,42.0,55.5,19.0,39.0,8.875,30.125,27.625,12.125,2.5869373681873684,14.0,36.0,39.324999999999996,27.75,49.875,55.99739201900856,19.0,24.875,77.5,0.0,8.0,0.7719461094461094,4.375,16.125,0.2720267273576097,12.125,0.0,133.375,106.875,33.0,55.75,18.125,40.375,9.75,30.625,24.25,14.25,1.7819908645276294,11.0,36.0,30.325000000000003,27.875,47.125,58.8480841935623,18.125,22.125,82.1375,0.0,8.5,0.6109835221967574,6.875,19.25,0.3702932129789715,14.25,0.0,124.375
126,118,2024-11-21,1,1,2024-25,San Antonio Spurs,Utah Jazz,112.625,50.25,46.5,15.875,42.125,9.25,32.875,29.75,16.125,2.039661553724054,16.75,42.875,38.925,23.25,42.875,54.44969975290182,15.875,19.75,81.3125,0.0,7.0,0.4813778235653236,6.375,16.0,0.40708402794316106,16.125,0.0,132.125,114.125,40.125,55.25,18.75,41.0,11.0,30.0,25.875,17.125,1.598211364658733,13.375,35.5,37.925000000000004,27.625,48.125,57.21325419379169,18.75,24.0,79.725,0.0,8.25,0.4858933464196622,3.0,19.0,0.1617987984667551,17.125,0.0,127.25
123,121,2024-11-21,1,1,2024-25,Charlotte Hornets,Detroit Pistons,105.25,46.125,45.0,14.125,47.0,12.0,35.0,24.0,15.875,1.7197981366459627,15.375,44.875,34.75,22.5,45.75,49.32800121639324,14.125,16.875,82.9375,0.0,7.875,0.5607742800677583,4.75,19.125,0.25472043807641637,15.875,0.0,117.5,113.25,39.375,59.25,14.625,49.125,12.125,37.0,27.625,14.5,2.1093899521531103,13.125,36.625,35.8125,29.625,56.625,52.35328854324242,14.625,20.25,70.97500000000001,0.0,6.25,0.48234032049821524,5.5,19.125,0.2928049289891395,14.5,0.0,131.125
108,112,2024-11-22,1,1,2024-25,New Orleans Pelicans,Golden State Warriors,99.25,31.125,52.25,15.875,43.75,13.375,30.375,22.25,15.625,1.5907021899668958,10.375,31.5,33.4375,26.125,55.0,47.35165039715551,15.875,19.75,80.575,0.0,7.875,0.5821253501400561,4.125,16.0,0.27588507983244825,15.625,0.0,107.75,118.625,46.125,56.75,15.75,50.0,13.125,36.875,30.375,14.5,2.2684009231222855,15.375,40.875,37.525,28.375,53.125,53.323388994495104,15.75,23.0,67.9,0.0,9.625,0.6735666036749628,5.25,20.75,0.270018560730635,14.5,0.0,141.875
120,123,2024-11-22,1,1,2024-25,Denver Nuggets,Dallas Mavericks,117.125,39.75,60.0,17.375,45.625,11.125,34.5,30.75,15.375,2.1616636566907466,13.25,33.625,39.587500000000006,30.0,55.375,54.626083272602976,17.375,23.25,75.9375,0.0,9.5,0.658610681114551,4.875,19.25,0.2715120439904922,15.375,0.0,140.875,118.125,33.375,66.25,18.5,44.0,11.375,32.625,25.125,14.25,1.8345495395127749,11.125,33.25,33.7625,33.125,54.75,60.932920491175516,18.5,23.125,79.5875,0.0,8.125,0.5897838680926917,5.0,19.0,0.2818359850354399,14.25,0.0,137.75
96,108,2024-11-22,1,1,2024-25,Washington Wizards,Boston Celtics,107.375,36.0,56.75,14.625,41.5,9.375,32.125,24.5,15.625,1.683378482972136,12.0,36.125,33.5375,28.375,54.375,52.728353033131974,14.625,19.375,74.9375,0.0,7.875,0.49601661936704505,5.5,21.625,0.24980217198117488,15.625,0.0,116.25,119.625,57.375,45.75,16.5,42.625,9.625,33.0,28.0,12.5,2.437419871794872,19.125,50.625,38.525,22.875,39.125,58.57849342521794,16.5,20.5,79.5625,0.0,6.5,0.5350694444444444,5.25,16.375,0.3339751031991744,12.5,0.0,137.75
136,122,2024-11-22,1,1,2024-25,Chicago Bulls,Atlanta Hawks,117.75,48.75,54.0,15.0,41.5,8.625,32.875,28.5,15.875,1.8601914425443837,16.25,42.25,38.887499999999996,27.0,48.125,56.02117229994368,15.0,18.0,83.82499999999999,0.0,7.875,0.49571106997577585,4.875,19.0,0.2641477514919011,15.875,0.0,134.5,114.625,37.5,59.75,17.375,47.375,14.75,32.625,30.75,16.25,2.102671276844071,12.5,35.875,34.8875,29.875,58.625,50.87190553664002,17.375,23.125,73.89999999999999,0.0,10.5,0.7203596716464363,5.875,17.875,0.3273809523809524,16.25,0.0,135.0
129,117,2024-11-22,1,1,2024-25,Milwaukee Bucks,Indiana Pacers,110.875,40.125,55.75,15.0,43.125,8.75,34.375,24.25,12.75,1.9993040558297912,13.375,36.625,36.9375,27.875,49.875,56.30165027552955,15.0,21.5,67.175,0.0,8.75,0.6852461264225971,6.25,16.75,0.38517818986568986,12.75,0.0,128.75,110.625,37.125,57.0,16.5,37.25,7.0,30.25,25.0,14.625,1.9009021988241936,12.375,32.125,37.65,28.5,53.375,53.449460399917434,16.5,19.875,81.7625,0.0,8.875,0.6667676952203806,5.125,19.375,0.2690540271132376,14.625,0.0,124.25
116,88,2024-11-22,1,1,2024-25,Houston Rockets,Portland Trail Blazers,115.5,33.0,64.75,17.75,54.0,14.75,39.25,23.5,14.25,1.7801903978374567,11.0,34.125,31.3125,32.375,62.0,52.0256196357255,17.75,23.5,76.225,0.0,10.125,0.7333824263971322,6.125,19.0,0.34441176470588236,14.25,0.0,136.5,106.875,31.875,58.0,17.0,41.75,13.625,28.125,21.375,18.875,1.1946953781512604,10.625,32.625,33.0875,29.0,55.125,52.326232412909626,17.0,22.625,75.275,0.0,10.375,0.5756740196078431,6.5,18.625,0.3485418442739414,18.875,0.0,114.25
113,98,2024-11-22,1,1,2024-25,Philadelphia 76ers,Brooklyn Nets,100.25,33.0,51.25,16.0,39.75,9.25,30.5,22.375,14.875,1.6688316993464052,11.0,35.875,30.562500000000004,25.625,48.0,53.26073376252047,16.0,20.0,79.8875,0.0,9.25,0.6416608309990663,3.375,18.875,0.187080329483412,14.875,0.0,108.875,109.125,48.75,43.5,16.875,39.0,9.75,29.25,26.5,13.75,2.102378707893414,16.25,41.25,39.175,21.75,42.875,50.818688336856944,16.875,20.625,81.725,0.0,5.25,0.4047322775263952,3.375,19.0,0.1877093301435407,13.75,0.0,119.625
104,88,2024-11-22,1,1,2024-25,LA Clippers,Sacramento Kings,108.625,39.75,50.0,18.875,46.125,11.375,34.75,23.625,17.5,1.5303869047619048,13.25,33.375,40.712500000000006,25.0,51.125,48.97744699677722,18.875,23.625,80.6125,0.0,8.125,0.5407242063492064,4.5,17.5,0.2839436605061605,17.5,0.0,122.5,115.625,37.5,61.25,16.875,44.0,9.0,35.0,24.125,13.875,1.762946122504946,12.5,36.0,33.987500000000004,30.625,51.875,58.45650152533747,16.875,20.625,81.8,0.0,7.375,0.5533155569920276,4.625,19.0,0.2616796736145247,13.875,0.0,133.375
131,142,2024-11-23,1,1,2024-25,Chicago Bulls,Memphis Grizzlies,119.875,50.25,53.5,16.125,42.625,8.0,34.625,29.25,16.625,1.808572009346003,16.75,43.125,39.199999999999996,26.75,47.0,57.049794840194124,16.125,18.75,86.8,0.0,7.75,0.4618041873846827,5.625,18.625,0.312677163256607,16.625,0.0,139.25,120.75,40.125,60.25,20.375,48.375,12.875,35.5,28.0,18.0,1.6147498017492297,13.375,39.375,34.2625,30.125,53.875,56.50218864497136,20.375,25.125,82.525,0.0,9.125,0.5254545972080298,9.0,19.375,0.4805058602388324,18.0,0.0,142.75
111,100,2024-11-23,1,1,2024-25,Orlando Magic,Detroit Pistons,107.875,36.0,54.0,17.875,41.625,10.375,31.25,24.875,14.375,1.8068070409982175,12.0,37.875,31.512500000000003,27.0,46.375,58.035390695110294,17.875,21.5,83.2375,0.0,8.75,0.6229320516085222,6.875,19.625,0.3668841220698806,14.375,0.0,126.75,115.0,42.0,56.5,16.5,50.375,14.0,36.375,27.125,15.5,1.9203947368421053,14.0,38.625,36.325,28.25,55.25,51.22267500750555,16.5,22.25,74.025,0.0,6.625,0.47815371762740183,5.375,19.5,0.28410927681522646,15.5,0.0,131.625
104,94,2024-11-23,1,1,2024-25,San Antonio Spurs,Golden State Warriors,115.875,48.375,48.75,18.75,43.375,9.625,33.75,31.25,15.0,2.278297917360417,16.125,42.375,37.574999999999996,24.375,44.0,55.47553561916322,18.75,23.5,81.44999999999999,0.0,7.25,0.5347869144744145,6.75,16.875,0.40564172025085343,15.0,0.0,138.875,117.0,46.125,55.5,15.375,49.5,12.875,36.625,30.125,15.75,1.9490731920298483,15.375,40.875,37.525,27.75,51.875,53.40672232782844,15.375,22.375,68.2,0.0,9.625,0.6210455952716015,5.0,20.625,0.25916329757274026,15.75,0.0,138.875
125,119,2024-11-23,1,1,2024-25,Milwaukee Bucks,Charlotte Hornets,111.625,40.875,56.5,14.25,43.5,8.625,34.875,25.875,13.625,2.0011979952237304,13.625,36.75,37.475,28.25,50.5,56.33471905859833,14.25,20.25,68.0125,0.0,8.375,0.6069632981397688,6.375,16.5,0.3936368364822312,13.625,0.0,130.75,109.0,49.875,44.75,14.375,47.625,12.25,35.375,24.5,16.125,1.7298427795031057,16.625,45.125,37.462500000000006,22.375,46.125,48.65697193511551,14.375,17.5,81.69999999999999,0.0,8.125,0.565238565782044,5.25,19.125,0.2774477108036891,16.125,0.0,123.0
98,104,2024-11-23,1,1,2024-25,Houston Rockets,Portland Trail Blazers,116.625,34.5,64.5,17.625,54.375,14.625,39.75,24.5,14.25,1.8390139272492212,11.5,35.25,31.5375,32.25,61.25,52.44228630239216,17.625,23.375,76.07499999999999,0.0,11.0,0.7848530146324264,6.375,19.25,0.35482843137254905,14.25,0.0,140.125,103.125,32.25,53.75,17.125,42.625,13.875,28.75,20.875,20.0,1.0771358543417366,10.75,34.375,31.975,26.875,54.25,49.09233089775811,17.125,22.375,76.6,0.0,10.25,0.525078781512605,6.875,19.25,0.35687517760727483,20.0,0.0,107.5
102,127,2024-11-23,1,1,2024-25,Los Angeles Lakers,Denver Nuggets,118.375,43.5,56.25,18.625,38.875,9.125,29.75,26.75,11.75,2.5802065989565994,14.5,36.75,40.0625,28.125,49.375,57.08370154281808,18.625,24.75,76.41250000000001,0.0,7.5,0.7450230325230326,5.0,16.0,0.31421422735760973,11.75,0.0,135.125,116.0,39.375,59.0,17.625,44.375,10.625,33.75,30.75,15.0,2.20749699002408,13.125,33.25,39.800000000000004,29.5,54.625,54.39363893690442,17.625,24.0,74.8875,0.0,8.25,0.5947217922256621,5.625,18.5,0.3125646755694396,15.0,0.0,138.375
121,106,2024-11-23,1,1,2024-25,Utah Jazz,New York Knicks,112.0,39.0,54.25,18.75,41.0,11.0,30.0,24.25,17.25,1.4581014745488428,13.0,36.625,35.9875,27.125,48.125,56.269857967376595,18.75,23.5,81.2,0.0,8.375,0.4927614782877941,3.125,20.375,0.1503045455931919,17.25,0.0,122.125,122.625,41.25,64.75,16.625,43.5,9.375,34.125,30.625,12.375,2.7038856976356973,13.75,37.0,36.6625,32.375,51.125,63.507004700748894,16.625,20.0,83.68750000000001,0.0,6.5,0.5248293373293373,3.25,17.875,0.17453035562050906,12.375,0.0,148.75
107,105,2024-11-24,1,1,2024-25,Boston Celtics,Minnesota Timberwolves,117.75,54.75,44.5,18.5,41.75,9.5,32.25,27.375,12.375,2.4069711538461536,18.25,49.5,37.425,22.25,38.5,58.06858666531119,18.5,22.875,80.675,0.0,6.0,0.5054220085470086,5.25,17.0,0.3175277347781218,12.375,0.0,133.875,114.625,45.0,52.5,17.125,40.25,10.25,30.0,23.75,16.625,1.513023964526522,15.0,41.25,36.0875,26.25,47.0,55.89780290586936,17.125,20.5,84.27499999999999,0.0,10.375,0.6397316238748464,4.75,19.375,0.2548423100377435,16.625,0.0,126.75
103,108,2024-11-24,1,1,2024-25,Sacramento Kings,Brooklyn Nets,111.375,36.375,59.5,15.5,44.125,8.125,36.0,23.25,14.5,1.5962794558382793,12.125,36.0,32.9125,29.75,51.0,57.69419091927687,15.5,19.625,79.7125,0.0,7.125,0.5074822236586942,5.0,19.0,0.29052582746067857,14.5,0.0,127.125,108.125,48.75,43.25,16.125,38.625,9.125,29.5,26.5,14.375,2.0365892342092033,16.25,41.375,39.05,21.625,42.125,51.52553357495218,16.125,19.25,85.19999999999999,0.0,4.5,0.34881122489481625,3.75,18.375,0.21143927666760484,14.375,0.0,118.375
123,118,2024-11-24,1,1,2024-25,Miami Heat,Dallas Mavericks,112.5,46.125,49.5,16.875,40.625,9.5,31.125,25.125,13.25,2.0559159137963485,15.375,39.75,38.6375,24.75,49.375,50.2908444469429,16.875,20.5,82.55,0.0,11.25,0.9011951816299643,3.25,16.25,0.1925747224266961,13.25,0.0,126.875,118.625,32.625,67.0,19.0,43.625,11.75,31.875,24.0,14.0,1.7903187702820056,10.875,31.875,34.4375,33.5,55.875,60.464170491175516,19.0,23.875,79.1875,0.0,8.125,0.6038864321952557,5.125,19.375,0.2839292864708466,14.0,0.0,137.25
99,125,2024-11-24,1,1,2024-25,Philadelphia 76ers,LA Clippers,102.125,36.375,49.25,16.5,40.75,9.875,30.875,23.125,13.875,1.810498366013072,12.125,38.125,31.712500000000006,24.625,48.125,51.044534782928636,16.5,20.125,82.025,0.0,9.625,0.714577497665733,4.25,18.125,0.24602919311977564,13.875,0.0,112.875,108.25,38.25,51.75,18.25,46.875,11.25,35.625,24.5,16.375,1.6925892857142857,12.75,34.875,37.849999999999994,25.875,51.25,50.55644398018596,18.25,22.75,81.7,0.0,8.875,0.6344742063492064,4.625,17.875,0.2876638986013986,16.375,0.0,124.75
122,108,2024-11-24,1,1,2024-25,Cleveland Cavaliers,Toronto Raptors,123.875,46.125,59.5,18.25,43.25,9.375,33.875,28.25,13.75,2.31340256965257,15.375,37.375,40.762499999999996,29.75,49.75,60.03727496766875,18.25,21.375,84.97500000000001,0.0,8.625,0.7080870518370519,4.75,14.875,0.3209344474969475,13.75,0.0,149.875,107.0,29.25,60.5,17.25,45.0,12.625,32.375,25.25,15.75,1.8492235332868325,9.75,28.875,34.15,30.25,58.625,52.17899095170316,17.25,23.5,73.32499999999999,0.0,6.75,0.4573618215402103,4.0,20.25,0.2309878455830973,15.75,0.0,118.5
115,103,2024-11-24,1,1,2024-25,Indiana Pacers,Washington Wizards,110.5,36.75,57.75,16.0,38.5,8.25,30.25,26.125,15.25,1.89664083518783,12.25,33.125,35.925,28.875,54.25,53.21700425956656,16.0,20.0,79.4875,0.0,9.375,0.6731597406749261,5.5,18.5,0.29754667417206115,15.25,0.0,124.5,105.375,34.875,56.75,13.75,41.625,9.625,32.0,23.25,16.875,1.439628482972136,11.625,34.25,33.75,28.375,55.5,51.63279612503703,13.75,18.75,72.82499999999999,0.0,8.125,0.48351661936704504,5.0,22.375,0.2235652904219545,16.875,0.0,111.75
102,100,2024-11-25,1,1,2024-25,Detroit Pistons,Toronto Raptors,112.25,42.0,54.25,16.0,49.0,13.875,35.125,25.75,15.0,1.8773275099513491,14.0,38.625,36.324999999999996,27.125,53.875,50.458973300407614,16.0,21.125,75.225,0.0,6.625,0.48795763919602925,5.375,19.875,0.27617276887871856,15.0,0.0,127.5,107.125,30.0,58.5,18.625,47.625,14.0,33.625,24.875,16.25,1.7606818666201658,10.0,29.5,34.325,29.25,58.5,50.43632847790861,18.625,25.875,72.25,0.0,7.0,0.45475765487354364,4.5,19.625,0.26027528519662385,16.25,0.0,118.875
109,130,2024-11-25,1,1,2024-25,Sacramento Kings,Oklahoma City Thunder,112.0,38.625,58.0,15.375,45.25,8.875,36.375,23.5,14.75,1.5906990986954224,12.875,35.875,35.975,29.0,51.0,56.25188322696917,15.375,20.5,76.8375,0.0,7.125,0.5007857950872656,5.375,19.375,0.30487989444632446,14.75,0.0,128.375,114.125,40.125,56.75,17.25,39.625,10.375,29.25,24.75,10.875,2.3865665584415585,13.375,40.125,33.275,28.375,51.375,55.61300744157109,17.25,20.125,85.9875,0.0,11.5,1.1231737012987013,6.75,21.25,0.3194518219773974,10.875,0.0,133.25
126,94,2024-11-25,1,1,2024-25,Boston Celtics,LA Clippers,117.125,55.5,43.75,17.875,40.875,8.875,32.0,27.75,11.75,2.6242330586080587,18.5,49.75,37.712500000000006,21.875,37.875,57.92297734631477,17.875,22.125,80.55,0.0,6.0,0.5426243894993895,5.75,17.625,0.33473787970565805,11.75,0.0,134.25,110.75,39.0,54.25,17.5,46.5,11.625,34.875,26.125,16.75,1.7598161764705884,13.0,35.375,38.037499999999994,27.125,51.375,52.88487535273498,17.5,21.875,81.4375,0.0,9.25,0.647079248366013,4.25,18.125,0.2660729895104895,16.75,0.0,129.125
119,129,2024-11-25,1,1,2024-25,Atlanta Hawks,Dallas Mavericks,114.75,35.625,62.0,17.125,46.625,14.5,32.125,30.875,16.625,1.9819326404804347,11.875,35.375,33.625,31.0,60.0,51.50160063164665,17.125,22.75,74.025,0.0,10.375,0.6578596716464363,5.875,18.125,0.32291666666666663,16.625,0.0,133.75,119.25,32.25,68.0,19.0,46.125,12.625,33.5,25.375,14.375,1.8447018871651224,10.75,32.75,33.4,34.0,58.125,59.023908625381736,19.0,24.25,77.82499999999999,0.0,8.25,0.6006396789485026,6.125,19.625,0.32512246828902835,14.375,0.0,139.375
118,145,2024-11-25,1,1,2024-25,Denver Nuggets,New York Knicks,116.75,41.625,59.75,15.375,44.875,9.875,35.0,31.75,15.125,2.251206140350877,13.875,33.375,42.0125,29.875,54.375,55.44171585998134,15.375,21.625,72.58749999999999,0.0,8.0,0.577156432748538,4.625,18.125,0.26692975493451904,15.125,0.0,140.625,121.375,42.375,63.0,16.0,42.5,9.0,33.5,29.375,12.125,2.653380647130647,14.125,37.625,37.025000000000006,31.5,51.625,61.06369404315252,16.0,19.125,84.625,0.0,6.875,0.5841727716727716,4.125,17.75,0.2215698293047196,12.125,0.0,145.375
123,98,2024-11-25,1,1,2024-25,Memphis Grizzlies,Portland Trail Blazers,122.125,40.875,61.5,19.75,48.25,13.0,35.25,29.25,17.5,1.7595910715904997,13.625,40.375,33.6625,30.75,53.25,58.2677253681352,19.75,24.75,80.8625,0.0,9.125,0.5353752321286647,8.75,19.5,0.46416599095778666,17.5,0.0,145.75,103.0,35.625,49.75,17.625,44.125,14.125,30.0,20.0,20.5,0.9828898225957049,11.875,35.875,33.575,24.875,53.25,46.03274957730723,17.625,22.5,78.4375,0.0,10.0,0.4973010037348273,8.0,20.75,0.38778177101386824,20.5,0.0,107.375
84,95,2024-11-25,1,1,2024-25,Charlotte Hornets,Orlando Magic,110.375,51.75,44.0,14.625,47.75,13.0,34.75,24.5,15.875,1.775676112836439,17.25,45.5,38.5375,22.0,47.0,47.052172919528964,14.625,18.125,79.9125,0.0,8.25,0.5881552324487107,5.375,19.75,0.2759596155655938,15.875,0.0,123.625,107.375,37.5,51.75,18.125,41.75,11.125,30.625,24.5,14.375,1.7818070409982176,12.5,38.75,32.237500000000004,25.875,45.625,56.76224254696214,18.125,21.625,83.9125,0.0,9.25,0.6562653849418555,7.0,20.375,0.35170555064130915,14.375,0.0,126.0
120,128,2024-11-25,1,1,2024-25,Golden State Warriors,Brooklyn Nets,114.0,46.125,54.0,13.875,49.0,13.125,35.875,31.0,15.625,2.061573192029848,15.375,42.125,36.35,27.0,51.125,52.65852831338056,13.875,21.0,65.475,0.0,9.375,0.6028637770897833,4.75,20.875,0.24412570358777788,15.625,0.0,134.5,108.625,52.125,39.75,16.75,36.125,8.375,27.75,26.5,14.5,2.020105717725687,17.375,41.5,41.849999999999994,19.875,38.875,51.178311352729956,16.75,20.5,83.69999999999999,0.0,4.625,0.35361891720250854,4.0,18.5,0.22156773516562855,14.5,0.0,118.5
114,110,2024-11-25,1,1,2024-25,Indiana Pacers,New Orleans Pelicans,114.5,37.875,59.0,17.625,39.5,8.875,30.625,27.0,15.0,2.005271787568782,12.625,32.875,37.6,29.5,54.875,53.80551650062117,17.625,21.625,82.075,0.0,9.125,0.6672073597225452,5.375,18.75,0.2871300075053945,15.0,0.0,130.875,97.5,30.75,52.25,14.5,45.0,14.0,31.0,23.125,15.625,1.6782021899668957,10.25,33.0,31.275,26.125,54.0,48.24865008784526,14.5,19.0,77.36250000000001,0.0,8.125,0.607125350140056,4.25,17.375,0.24945650840387681,15.625,0.0,107.25
111,117,2024-11-26,1,1,2024-25,Minnesota Timberwolves,Houston Rockets,110.875,44.625,49.25,17.0,41.375,10.375,31.0,22.5,15.875,1.5509703930979506,14.875,41.625,35.4,24.625,46.0,53.794321281111145,17.0,21.0,81.3,0.0,9.75,0.6084816238748464,4.375,19.5,0.23237498977630555,15.875,0.0,120.875,116.25,34.875,62.75,18.625,53.125,14.25,38.875,24.25,14.0,1.8535972605825548,11.625,35.0,32.0875,31.375,61.125,51.04690348532611,18.625,24.5,76.55,0.0,10.75,0.7806863479657598,6.375,19.0,0.35796126345274953,14.0,0.0,137.75
108,127,2024-11-26,1,1,2024-25,Washington Wizards,Chicago Bulls,105.25,35.625,55.75,13.875,41.625,9.25,32.375,22.875,16.75,1.4285990712074301,11.875,34.25,34.4625,27.875,53.75,52.48506885230976,13.875,19.0,72.5,0.0,7.375,0.44511792655658755,4.625,21.375,0.21942299022702272,16.75,0.0,111.625,120.625,52.5,52.75,15.375,41.125,7.625,33.5,29.125,15.75,1.9297841305581243,17.5,43.5,40.6875,26.375,47.25,56.08495779045141,15.375,18.25,85.1375,0.0,6.75,0.42392539950589486,5.875,18.125,0.34243906801851176,15.75,0.0,138.0
115,128,2024-11-26,1,1,2024-25,Utah Jazz,San Antonio Spurs,114.625,39.75,56.5,18.375,42.625,11.125,31.5,25.0,16.75,1.53007117151854,13.25,35.75,37.7875,28.25,50.25,56.61052882691538,18.375,23.625,78.61250000000001,0.0,8.25,0.4921301651564809,3.0,20.375,0.14372559822477085,16.75,0.0,127.0,114.125,47.25,48.0,18.875,43.75,9.25,34.5,30.5,14.125,2.4076381951381953,15.75,43.375,35.912499999999994,24.0,43.375,55.55968494596861,18.875,23.625,81.5875,0.0,6.75,0.5339188589188589,7.375,17.0,0.44262088691752005,14.125,0.0,136.625
103,106,2024-11-26,1,1,2024-25,Miami Heat,Milwaukee Bucks,114.125,45.75,52.0,16.375,43.25,10.0,33.25,25.5,13.0,2.158188641069076,15.25,40.375,37.6875,26.0,51.5,50.739205609589774,16.375,20.125,81.675,0.0,10.875,0.8822557876905703,3.25,17.125,0.1766656315176052,13.0,0.0,129.625,115.5,45.0,55.5,15.0,44.75,8.5,36.25,25.875,13.875,1.9714360904618258,15.0,37.625,40.637499999999996,27.75,50.375,55.50471180170429,15.0,20.625,69.9625,0.0,8.625,0.6233323457588164,6.875,17.25,0.40571070011859484,13.875,0.0,136.875
127,100,2024-11-26,1,1,2024-25,Phoenix Suns,Los Angeles Lakers,109.625,44.25,49.0,16.375,42.125,12.25,29.875,25.125,13.25,2.029471916971917,14.75,42.125,35.4125,24.5,46.5,52.45770861847289,16.375,22.25,73.85000000000001,0.0,8.0,0.6490398082309846,3.5,17.875,0.2416042108476319,13.25,0.0,119.875,116.875,42.75,56.25,17.875,38.25,8.75,29.5,27.25,12.25,2.5438429625929624,14.25,35.25,40.6625,28.125,50.25,56.11147932059586,17.875,23.875,76.11250000000001,0.0,7.625,0.7230533355533356,5.25,15.75,0.3307072829131653,12.25,0.0,133.875
131,111,2024-11-27,1,1,2024-25,Memphis Grizzlies,Detroit Pistons,121.5,40.125,61.25,20.125,49.5,13.375,36.125,29.875,17.5,1.7924858084326047,13.375,38.5,34.95,30.625,53.875,57.428114570897286,20.125,25.875,79.05,0.0,8.75,0.5156383900234015,9.125,19.625,0.47962651727357614,17.5,0.0,147.125,112.625,42.375,53.5,16.75,48.0,13.25,34.75,26.5,14.5,1.9725656051894442,14.125,39.0,36.325,26.75,52.5,51.260255351689665,16.75,22.125,75.4,0.0,6.375,0.48200525824364837,5.5,19.625,0.2865111147433802,14.5,0.0,128.5
93,119,2024-11-27,1,1,2024-25,New Orleans Pelicans,Toronto Raptors,100.25,30.375,55.75,14.125,46.625,14.25,32.375,25.25,15.5,1.8292438566335625,10.125,33.25,30.650000000000002,27.875,54.125,51.39330417589558,14.125,19.25,74.30000000000001,0.0,8.0,0.604000350140056,4.5,17.0,0.26631506103545577,15.5,0.0,114.625,106.75,29.625,59.0,18.125,48.375,15.375,33.0,24.875,16.25,1.7606818666201658,9.875,29.25,34.1875,29.5,59.875,49.80227050689412,18.125,24.5,75.1125,0.0,6.875,0.4422576548735436,4.5,20.125,0.2562495203012938,16.25,0.0,119.0
101,105,2024-11-27,1,1,2024-25,Golden State Warriors,Oklahoma City Thunder,114.375,48.375,52.0,14.0,49.375,13.125,36.25,31.0,15.125,2.133971382075097,16.125,42.625,37.6375,26.0,50.0,51.98413621611612,14.0,21.375,64.6375,0.0,8.625,0.576845677542272,4.875,20.5,0.2530542750163493,15.125,0.0,135.25,114.625,40.125,57.25,17.25,40.0,10.875,29.125,25.25,11.375,2.347172619047619,13.375,39.375,34.2,28.625,51.625,55.79311035752306,17.25,20.375,85.1125,0.0,11.125,1.070900974025974,6.125,20.625,0.29680689444116554,11.375,0.0,133.625
96,121,2024-11-27,1,1,2024-25,Washington Wizards,LA Clippers,107.0,35.625,57.25,14.125,42.375,9.0,33.375,23.75,16.375,1.522611676249447,11.875,34.75,34.05,28.625,55.625,51.82623694347785,14.125,19.75,71.5625,0.0,7.75,0.4782061618507052,4.125,20.5,0.20525632356035606,16.375,0.0,113.125,106.5,34.125,56.25,16.125,46.125,11.0,35.125,24.5,15.5,1.7590721288515405,11.375,34.0,34.637499999999996,28.125,54.0,52.15813116668846,16.125,19.875,81.4625,0.0,9.625,0.6924661531279178,4.0,16.875,0.2689138986013986,15.5,0.0,123.0
115,122,2024-11-27,1,1,2024-25,Philadelphia 76ers,Houston Rockets,101.25,34.875,49.0,17.375,39.375,9.875,29.5,22.375,14.625,1.5694269374416432,11.625,38.125,30.437500000000004,24.5,46.875,51.991716567176496,17.375,20.5,84.45,0.0,9.875,0.6922560690943044,4.375,18.5,0.24707961328784286,14.625,0.0,110.625,117.5,38.625,61.5,17.375,51.375,13.0,38.375,26.5,12.875,2.099132974868269,12.875,36.75,34.4375,30.75,60.875,50.259353082100304,17.375,23.0,77.08749999999999,0.0,10.75,0.8342577765371884,6.25,19.375,0.34068185168804366,12.875,0.0,139.875
103,122,2024-11-27,1,1,2024-25,Utah Jazz,Denver Nuggets,115.125,40.875,57.0,17.25,42.125,11.25,30.875,25.125,17.125,1.5132060921534607,13.625,36.0,38.6375,28.5,50.25,57.120732908548035,17.25,21.75,79.6875,0.0,7.375,0.4375666730929889,3.0,20.375,0.14372559822477085,17.125,0.0,127.0,116.0,39.75,60.75,15.5,42.125,9.5,32.625,30.375,14.25,2.2764586656034025,13.25,32.75,40.9125,30.375,55.375,55.42509904376333,15.5,20.875,75.075,0.0,7.625,0.5784190590111643,4.25,17.625,0.25367217917694324,14.25,0.0,136.25
133,119,2024-11-27,1,1,2024-25,Orlando Magic,Chicago Bulls,104.125,35.625,52.0,16.5,41.125,10.875,30.25,24.0,13.875,1.8495153743315509,11.875,38.5,31.075000000000003,26.0,46.25,56.295915027582296,16.5,20.625,79.525,0.0,10.0,0.7812653849418556,7.125,20.375,0.3576579315936901,13.875,0.0,121.5,122.375,52.5,53.75,16.125,41.0,7.625,33.375,29.5,14.5,2.104567680341674,17.5,43.75,40.462500000000006,26.875,47.875,56.325887495666834,16.125,19.0,85.77499999999999,0.0,6.625,0.4504405510210464,5.75,18.75,0.32840163486343155,14.5,0.0,140.625
104,115,2024-11-27,1,1,2024-25,Minnesota Timberwolves,Sacramento Kings,108.875,39.75,51.25,17.875,41.75,10.875,30.875,21.125,15.5,1.505382157803833,13.25,40.125,32.862500000000004,25.625,47.625,54.020385110898374,17.875,21.75,82.725,0.0,9.375,0.5963492709336699,4.0,19.125,0.21848610088741668,15.5,0.0,116.875,109.75,37.5,56.75,15.5,42.0,9.0,33.0,23.625,14.375,1.6490324320287557,12.5,35.25,35.3875,28.375,49.75,56.4791559542419,15.5,21.0,75.55,0.0,7.5,0.546619128420599,5.5,19.625,0.3088571671735972,14.375,0.0,124.375
121,114,2024-11-27,1,1,2024-25,Indiana Pacers,Portland Trail Blazers,112.25,36.375,59.5,16.375,40.625,9.125,31.5,27.375,15.625,1.9177717875687825,12.125,33.0,36.4125,29.75,55.125,54.04902299412766,16.375,20.5,80.17500000000001,0.0,9.625,0.6755406930558785,5.125,18.0,0.2800277347781218,15.625,0.0,129.0,102.5,36.375,48.0,18.125,45.0,15.0,30.0,21.125,19.75,1.1373015873015873,12.125,38.5,32.75,24.0,52.0,45.58632100587866,18.125,23.0,78.88749999999999,0.0,9.875,0.5300550144300145,8.0,21.25,0.37797784944524077,19.75,0.0,107.5
129,114,2024-11-27,1,1,2024-25,Dallas Mavericks,New York Knicks,120.375,34.5,66.25,19.625,47.25,12.625,34.625,24.75,15.375,1.6488685538317893,11.5,33.0,35.325,33.125,58.375,57.2583719022179,19.625,24.625,79.4125,0.0,8.125,0.5548063456151692,6.5,19.125,0.3652808393297524,15.375,0.0,139.875,124.375,46.875,62.5,15.0,43.0,9.0,34.0,32.125,11.75,2.9593871406371406,15.625,39.0,40.125,31.25,51.375,60.91745020078799,15.0,17.75,85.375,0.0,6.875,0.5963480963480964,4.25,18.125,0.22455895973950218,11.75,0.0,152.625
117,127,2024-11-27,1,1,2024-25,Phoenix Suns,Brooklyn Nets,111.25,45.0,50.5,15.75,43.25,11.875,31.375,25.75,13.25,2.0989163614163613,15.0,42.5,35.6625,25.25,47.75,52.467040458711786,15.75,21.25,74.825,0.0,8.375,0.6907064748976514,3.625,17.875,0.24854865529207631,13.25,0.0,123.5,112.125,54.0,40.25,17.875,36.875,8.0,28.875,26.75,13.5,2.1284390510590203,18.0,41.75,43.0375,20.125,39.5,50.88923639260236,17.875,22.0,82.7375,0.0,4.875,0.3911189172025085,4.125,19.0,0.22454392564181902,13.5,0.0,124.0
94,98,2024-11-27,1,1,2024-25,Charlotte Hornets,Miami Heat,108.0,48.0,44.75,15.25,47.25,13.0,34.25,23.375,17.375,1.6488242609845871,16.0,43.25,37.025,22.375,47.375,47.466417105575474,15.25,19.0,79.3625,0.0,8.25,0.5659330102264885,5.125,20.25,0.2525221155655938,17.375,0.0,118.625,113.0,44.625,51.5,16.875,42.625,9.5,33.125,25.375,12.75,2.2269386410690757,14.875,39.75,37.225,25.75,50.25,51.43065675901506,16.875,21.375,79.3875,0.0,10.125,0.8260057876905704,3.125,16.875,0.17108527437474808,12.75,0.0,127.625
101,119,2024-11-27,1,1,2024-25,San Antonio Spurs,Los Angeles Lakers,116.375,47.625,49.5,19.25,44.0,10.125,33.875,30.625,12.875,2.6013881951381954,15.875,43.5,36.074999999999996,24.75,44.25,56.1517902091265,19.25,24.5,80.0125,0.0,7.25,0.6339188589188589,6.75,15.875,0.4313086697229499,12.875,0.0,139.75,114.875,39.75,56.5,18.625,37.875,9.0,28.875,26.875,12.125,2.53502886002886,13.25,35.125,37.887499999999996,28.25,50.375,56.21932245785076,18.625,25.25,74.4,0.0,8.375,0.7863546176046177,4.375,15.0,0.3033008658008658,12.125,0.0,129.625
124,135,2024-11-27,1,1,2024-25,Cleveland Cavaliers,Atlanta Hawks,122.125,44.625,61.0,16.5,44.0,10.0,34.0,27.5,13.0,2.348223998223998,14.875,37.25,39.6875,30.5,51.375,59.621992575642174,16.5,19.625,83.1875,0.0,9.125,0.7625513375513376,4.375,16.0,0.27182730463980465,13.0,0.0,147.75,114.5,33.375,64.5,16.625,46.0,13.75,32.25,31.125,16.125,2.059313592861387,11.125,34.75,32.0375,32.25,61.125,52.52326339511269,16.625,21.875,75.175,0.0,10.125,0.6638120525988173,5.75,17.375,0.33125,16.125,0.0,133.625
93,92,2024-11-29,1,1,2024-25,Minnesota Timberwolves,LA Clippers,110.125,40.125,50.5,19.5,40.0,9.375,30.625,21.5,14.875,1.5762154911371662,13.375,39.375,33.7375,25.25,46.625,54.41075055940336,19.5,23.5,83.2625,0.0,9.125,0.6067659376003366,4.5,19.0,0.24644662720320615,14.875,0.0,119.0,108.75,33.375,58.5,16.875,46.75,11.375,35.375,24.5,16.0,1.6887596288515407,11.125,33.375,34.5875,29.25,53.75,54.35178880215645,16.875,21.0,80.80000000000001,0.0,10.625,0.7289244864612512,4.125,17.25,0.2717921880750828,16.0,0.0,127.875
121,111,2024-11-29,1,1,2024-25,Miami Heat,Toronto Raptors,110.0,42.375,49.75,17.875,44.0,8.875,35.125,23.875,13.75,2.0516139657444006,14.125,39.0,36.137499999999996,24.875,48.375,51.65532996162944,17.875,22.5,80.0,0.0,9.5,0.7618824110671937,3.625,15.625,0.23395077145077142,13.75,0.0,124.25,108.75,33.75,58.75,16.25,49.875,15.375,34.5,26.375,16.0,1.8770013110646102,11.25,32.125,34.925,29.375,58.625,50.992485513475955,16.25,23.25,68.475,0.0,8.0,0.5143062659846548,4.75,19.25,0.2766299550839024,16.0,0.0,124.625
93,101,2024-11-29,1,1,2024-25,Los Angeles Lakers,Oklahoma City Thunder,114.375,40.125,57.25,17.0,39.5,9.125,30.375,27.0,13.125,2.083105783105783,13.375,34.75,38.612500000000004,28.625,51.25,55.86855715172831,17.0,23.0,76.6375,0.0,8.25,0.6382776945276946,4.25,15.0,0.2949675324675325,13.125,0.0,130.25,113.25,40.125,56.5,16.625,40.875,10.125,30.75,25.375,11.75,2.295224567099567,13.375,39.875,33.75,28.25,50.0,56.73231800779628,16.625,20.375,82.7,0.0,11.875,1.1147321428571428,6.5,21.0,0.30871165634592745,11.75,0.0,134.125
106,130,2024-11-29,1,1,2024-25,Indiana Pacers,Detroit Pistons,116.125,37.5,62.25,16.375,41.375,10.625,30.75,28.0,15.0,2.0372570816864295,12.5,33.25,37.325,31.125,56.125,55.60965620798668,16.375,20.75,79.0625,0.0,9.625,0.7061779479578393,5.625,18.25,0.30007786009140497,15.0,0.0,135.625,111.125,42.375,52.75,16.0,46.25,12.5,33.75,25.5,14.625,1.9120392893999705,14.125,39.25,36.0875,26.375,51.375,51.74467784409089,16.0,21.75,73.6875,0.0,6.625,0.4931894687699641,5.5,19.375,0.2896070899755784,14.625,0.0,124.5
120,109,2024-11-29,1,1,2024-25,Memphis Grizzlies,New Orleans Pelicans,121.125,40.5,62.0,18.625,48.375,13.375,35.0,29.75,16.75,1.8465139414249323,13.5,38.875,34.925,31.0,54.5,57.24447728619617,18.625,24.375,77.7125,0.0,8.5,0.5297048861870843,8.0,20.125,0.4078478057889822,16.75,0.0,144.375,98.75,30.75,54.0,14.0,46.875,13.75,33.125,24.375,16.25,1.6534417175961293,10.25,33.875,30.412499999999998,27.0,53.375,50.531235210378334,14.0,19.75,70.65,0.0,7.875,0.5445083715304304,4.5,17.125,0.26423172770212244,16.25,0.0,110.375
129,138,2024-11-29,1,1,2024-25,Chicago Bulls,Boston Celtics,121.75,53.25,53.75,14.75,40.625,7.625,33.0,29.375,14.5,2.0976232358972298,17.75,44.5,40.3625,26.875,47.75,56.507046915956685,14.75,17.625,84.18750000000001,0.0,6.5,0.44349610657660193,5.75,19.875,0.31313014165076186,14.5,0.0,139.0,119.375,58.5,43.25,17.625,41.875,9.375,32.5,29.0,11.5,2.7780792124542124,19.5,49.5,39.8,21.625,37.875,57.2473016706391,17.625,22.25,78.77499999999999,0.0,6.375,0.5889530608280609,6.0,17.25,0.37432121303899135,11.5,0.0,140.25
98,99,2024-11-29,1,1,2024-25,Charlotte Hornets,New York Knicks,106.625,49.125,44.25,13.25,46.375,13.5,32.875,23.375,16.375,1.7294103415706676,16.375,42.875,37.95,22.125,48.125,46.07824896857496,13.25,17.25,73.25,0.0,8.25,0.6025630468565252,5.125,19.875,0.2570077614986082,16.375,0.0,116.875,124.75,46.125,62.0,16.625,41.25,8.875,32.375,30.75,11.0,2.978831585081585,15.375,38.75,39.5125,31.0,51.25,60.61118885777528,16.625,19.625,84.9625,0.0,7.0,0.6546814296814296,4.0,18.625,0.2026291351780987,11.0,0.0,150.125
117,101,2024-11-29,1,1,2024-25,Atlanta Hawks,Cleveland Cavaliers,117.25,37.5,63.0,16.75,47.5,14.25,33.25,32.125,16.25,2.1075278785756724,12.5,36.375,34.1125,31.5,60.5,51.765687637536935,16.75,21.25,77.5125,0.0,9.875,0.6423834811702459,5.875,17.625,0.3340695488721805,16.25,0.0,139.0,124.5,46.5,60.75,17.25,45.375,11.0,34.375,28.375,12.625,2.4588009213009214,15.5,39.75,39.1375,30.375,51.5,59.1825846200455,17.25,20.75,82.7,0.0,9.0,0.7745705683205684,4.375,16.375,0.2668669871794872,12.625,0.0,150.125
115,106,2024-11-29,1,1,2024-25,Portland Trail Blazers,Sacramento Kings,105.625,40.875,47.5,17.25,44.375,14.625,29.75,22.75,18.5,1.3203373015873017,13.625,37.625,37.275,23.75,51.25,45.851572995268576,17.25,22.5,76.1125,0.0,9.5,0.5367514430014431,8.25,20.875,0.3948429288103201,18.5,0.0,115.25,112.125,38.25,58.0,15.875,43.25,9.375,33.875,24.875,15.125,1.6503693304244775,12.75,35.125,36.15,29.0,50.25,57.09567366360966,15.875,21.75,73.6,0.0,7.125,0.4804426578323637,5.375,20.5,0.29100002431645433,15.125,0.0,128.125
100,123,2024-11-29,1,1,2024-25,Brooklyn Nets,Orlando Magic,114.625,53.625,42.5,18.5,35.625,7.125,28.5,27.75,13.0,2.259660770516034,17.875,41.75,42.75,21.25,39.875,53.05193480530078,18.5,22.375,84.15,0.0,5.375,0.4386302294197031,3.625,20.25,0.1851094018322952,13.0,0.0,127.625,106.5,36.375,52.25,17.875,40.625,10.75,29.875,24.625,14.125,1.85388600370218,12.125,37.875,32.2,26.125,46.5,56.24089301877878,17.875,21.75,81.275,0.0,9.75,0.7410555947320654,7.25,19.5,0.38741983635559485,14.125,0.0,124.625
96,111,2024-11-30,1,1,2024-25,Detroit Pistons,Philadelphia 76ers,112.375,42.375,53.25,16.75,46.125,12.0,34.125,26.25,15.0,1.9134281782888594,14.125,39.25,36.0875,26.625,49.25,54.43284988710163,16.75,22.625,74.075,0.0,7.0,0.5056894687699641,5.25,18.75,0.28700292330891164,15.0,0.0,128.375,102.25,36.0,49.25,17.0,39.625,10.125,29.5,21.75,14.5,1.5413938492063493,12.0,38.125,31.575000000000003,24.625,48.375,50.789569041499554,17.0,20.125,84.075,0.0,10.375,0.7271825396825397,5.125,18.875,0.27529867683299336,14.5,0.0,111.625
104,107,2024-11-30,1,1,2024-25,Charlotte Hornets,Atlanta Hawks,107.75,49.875,44.25,13.625,45.25,14.25,31.0,23.75,15.5,1.8127436749040011,16.625,44.0,37.6625,22.125,47.625,46.621727229444524,13.625,17.375,75.275,0.0,8.375,0.6294569862504645,5.5,20.0,0.27564811237580117,15.5,0.0,118.5,117.25,39.0,60.5,17.75,48.625,13.125,35.5,31.875,16.875,2.030518950004244,13.0,36.625,35.349999999999994,30.25,58.5,51.65594224684335,17.75,21.875,81.19999999999999,0.0,9.0,0.5709549097416744,6.25,18.0,0.3506136665192393,16.875,0.0,140.125
94,106,2024-11-30,1,1,2024-25,Utah Jazz,Dallas Mavericks,114.0,41.25,55.0,17.75,43.125,12.375,30.75,24.25,17.875,1.369987468671679,13.75,36.625,38.35,27.5,49.375,56.02735229389083,17.75,22.875,77.6,0.0,7.375,0.41631161236424397,3.25,20.375,0.15843148057771203,17.875,0.0,124.25,121.875,36.75,65.75,19.375,47.625,12.875,34.75,24.875,14.75,1.7279283828916183,12.25,32.875,37.7125,32.875,58.625,56.460294979140976,19.375,24.25,79.5625,0.0,8.125,0.5708319866408101,6.875,19.375,0.3798460567210567,14.75,0.0,143.375
113,105,2024-11-30,1,1,2024-25,Phoenix Suns,Golden State Warriors,111.125,42.75,51.25,17.125,41.875,11.25,30.625,25.125,13.875,1.970239890828126,14.25,39.25,36.550000000000004,25.625,47.5,53.57664190798715,17.125,22.875,75.08749999999999,0.0,7.875,0.6275937297996121,3.875,18.75,0.2528502747252747,13.875,0.0,123.375,111.125,46.5,50.75,13.875,50.75,13.75,37.0,29.75,15.25,2.0376172154084307,15.5,43.5,35.537499999999994,25.375,50.25,50.41031375234801,13.875,21.125,64.8625,0.0,8.5,0.5648665108756054,5.25,19.875,0.27434548380755813,15.25,0.0,130.0
124,114,2024-11-30,1,1,2024-25,Milwaukee Bucks,Washington Wizards,115.375,47.625,53.0,14.75,44.75,9.0,35.75,26.125,13.875,1.990666859692595,15.875,38.875,41.5125,26.5,48.625,54.5863444547655,14.75,20.125,70.7375,0.0,8.125,0.5848708072972778,6.75,17.375,0.3962077761419867,13.875,0.0,136.75,107.5,34.5,57.75,15.25,43.125,9.375,33.75,23.75,16.5,1.515703781512605,11.5,35.0,32.6375,28.875,55.0,52.83416541851159,15.25,20.875,73.1375,0.0,7.125,0.44235089869281047,4.0,20.625,0.19626939545578087,16.5,0.0,113.75
119,116,2024-12-01,1,1,2024-25,Houston Rockets,Oklahoma City Thunder,118.875,36.75,62.25,19.875,50.375,12.5,37.875,25.875,13.75,1.986037736773031,12.25,35.625,33.7875,31.125,60.875,50.917247818942414,19.875,25.625,78.7875,0.0,11.0,0.8223530146324264,6.625,19.625,0.35190476190476194,13.75,0.0,140.125,109.125,38.25,55.5,15.375,43.125,10.875,32.25,24.0,11.625,2.19295183982684,12.75,39.125,32.925,27.75,51.0,54.57298886733506,15.375,19.5,80.1125,0.0,11.375,1.082913961038961,6.25,20.25,0.303596566831861,11.625,0.0,128.5
126,122,2024-12-01,1,1,2024-25,LA Clippers,Denver Nuggets,107.25,33.375,59.0,14.875,45.25,10.75,34.5,25.5,16.0,1.7554262955182074,11.125,32.25,35.5,29.5,54.125,54.483864273854564,14.875,18.5,80.5625,0.0,12.0,0.8205911531279179,3.75,17.375,0.24522968807508283,16.0,0.0,128.375,114.375,37.125,61.5,15.75,42.125,10.0,32.125,29.5,13.375,2.360423312068049,12.375,32.5,38.650000000000006,30.75,56.0,55.30787824239931,15.75,21.375,74.2125,0.0,8.25,0.6573332004253056,4.625,17.75,0.27702382752859156,13.375,0.0,134.5
131,137,2024-12-01,1,1,2024-25,Portland Trail Blazers,Dallas Mavericks,104.75,38.25,50.0,16.5,44.5,14.25,30.25,22.375,17.5,1.4140873015873017,12.75,38.25,33.949999999999996,25.0,51.375,48.096674591785266,16.5,21.875,74.8625,0.0,9.0,0.5534181096681097,7.75,20.125,0.37885827407886236,17.5,0.0,113.625,121.0,37.875,64.5,18.625,49.875,13.0,36.875,25.5,14.5,1.7941048534798536,12.625,32.875,38.675,32.25,59.25,54.408930955270556,18.625,23.625,77.6875,0.0,8.25,0.5899496336996337,6.375,19.75,0.34611589799089804,14.5,0.0,144.25
118,85,2024-12-01,1,1,2024-25,New York Knicks,New Orleans Pelicans,121.75,45.0,59.75,17.0,41.75,9.125,32.625,29.375,11.75,2.8395458707958707,15.0,38.125,39.1375,29.875,50.25,59.49679573210396,17.0,19.75,86.48750000000001,0.0,7.0,0.638014763014763,4.25,18.875,0.21346504849079218,11.75,0.0,146.125,101.375,30.75,55.0,15.625,45.375,12.875,32.5,23.75,15.125,1.6774000509294629,10.25,32.875,31.249999999999996,27.5,55.0,50.000458383518556,15.625,21.375,72.5625,0.0,8.625,0.6038833715304304,4.875,17.375,0.2823689826040832,15.125,0.0,113.0
115,111,2024-12-01,1,1,2024-25,Cleveland Cavaliers,Boston Celtics,122.25,45.0,60.5,16.75,45.0,10.875,34.125,27.75,13.125,2.299612887112887,15.0,38.875,38.5875,30.25,51.875,58.58817902563991,16.75,19.875,83.625,0.0,8.375,0.6666645854145855,4.0,17.5,0.23802083333333332,13.125,0.0,145.625,122.5,60.0,45.75,16.75,43.0,9.75,33.25,28.625,11.125,2.8301625457875454,20.0,50.0,40.375,22.875,38.875,59.07810975144717,16.75,21.75,76.9,0.0,6.5,0.6202030608280608,6.0,16.875,0.37792698226976057,11.125,0.0,144.5
92,100,2024-12-01,1,1,2024-25,Brooklyn Nets,Orlando Magic,112.875,51.75,43.25,17.875,35.75,7.375,28.375,27.25,13.875,2.1471607705160336,17.25,40.0,43.262499999999996,21.625,41.375,52.01026813863411,17.875,21.875,82.6625,0.0,5.5,0.43141869095816465,3.875,20.375,0.1961213065942,13.875,0.0,124.875,110.125,38.25,53.5,18.375,39.375,10.5,28.875,25.0,14.125,1.875944827231592,12.75,37.5,34.35,26.75,46.75,57.305204612981676,18.375,22.625,80.1,0.0,10.375,0.7778203006144183,7.625,19.75,0.39901131505233667,14.125,0.0,129.375
136,121,2024-12-01,1,1,2024-25,Memphis Grizzlies,Indiana Pacers,120.75,40.5,63.25,17.0,49.625,13.625,36.0,30.75,17.0,1.877763941424932,13.5,39.875,34.0375,31.625,54.375,58.50259416931306,17.0,22.375,77.7875,0.0,8.25,0.5018031004727986,7.875,19.75,0.4062568966980732,17.0,0.0,145.75,115.5,36.75,62.0,16.75,40.5,10.5,30.0,27.375,14.5,2.0419445816864297,12.25,33.0,36.875,31.0,56.25,55.22786887766994,16.75,21.0,80.375,0.0,9.75,0.7264904479578392,5.625,18.625,0.29452230453584943,14.5,0.0,134.0
119,116,2024-12-01,1,1,2024-25,Toronto Raptors,Miami Heat,112.0,34.5,61.5,16.0,48.875,14.5,34.375,28.125,15.625,1.9870491579545626,11.5,32.625,35.1625,30.75,57.375,54.53234407985332,16.0,22.875,68.775,0.0,7.125,0.47812205545833897,4.375,20.0,0.23050696043149602,15.625,0.0,130.25,113.25,46.125,49.5,17.625,42.75,9.25,33.5,25.625,12.125,2.3537878787878785,15.375,41.875,36.5625,24.75,47.625,52.28032996162944,17.625,21.875,81.21249999999999,0.0,9.0,0.8107954545454545,2.5,15.5,0.17770077145077146,12.125,0.0,127.375
125,127,2024-12-01,1,1,2024-25,Sacramento Kings,San Antonio Spurs,109.5,38.25,54.25,17.0,42.75,10.0,32.75,23.75,15.5,1.552207565718595,12.75,36.875,33.9125,27.125,48.5,55.29011810805411,17.0,23.125,74.14999999999999,0.0,7.125,0.4727220695970696,4.875,20.375,0.2673158137901386,15.5,0.0,120.875,114.5,44.625,49.75,20.125,43.25,10.5,32.75,30.0,12.5,2.6027770840270845,14.875,42.75,34.475,24.875,45.0,55.532132089468384,20.125,25.5,79.2375,0.0,7.5,0.65752997002997,6.625,16.25,0.4072702081844884,12.5,0.0,136.0
104,105,2024-12-01,1,1,2024-25,Utah Jazz,Los Angeles Lakers,111.375,39.75,53.75,17.875,44.75,12.75,32.0,23.625,17.25,1.380404135338346,13.25,37.25,36.462500000000006,26.875,50.0,54.25476826027737,17.875,22.875,78.19999999999999,0.0,7.25,0.43089494569757725,3.875,19.625,0.20843148057771202,17.25,0.0,121.5,110.0,36.75,57.0,16.25,40.125,9.25,30.875,26.25,13.0,2.0516515347397704,12.25,34.375,36.125,28.5,50.125,57.191609099780266,16.25,21.625,77.5625,0.0,7.875,0.6190783481224659,4.375,14.5,0.3082251082251082,13.0,0.0,126.5
128,102,2024-12-02,1,1,2024-25,Chicago Bulls,Brooklyn Nets,122.125,53.25,54.5,14.375,41.5,7.875,33.625,28.875,13.375,2.2998291182501704,17.75,45.625,39.3125,27.25,47.25,58.046901988420444,14.375,17.125,84.35,0.0,6.5,0.5014005183413078,5.5,19.5,0.302836024003703,13.375,0.0,140.5,109.125,47.625,43.75,17.75,35.25,7.125,28.125,26.25,14.875,1.911866652868975,15.875,38.125,41.324999999999996,21.875,42.0,51.92548131692868,17.75,22.25,81.175,0.0,5.75,0.3938369916117594,4.0,21.5,0.19685444442411199,14.875,0.0,118.625
124,112,2024-12-02,1,1,2024-25,Atlanta Hawks,New Orleans Pelicans,114.5,38.25,59.0,17.25,47.875,13.0,34.875,31.75,17.625,1.9651780409133348,12.75,36.125,35.0875,29.5,56.5,52.46650690986702,17.25,21.5,80.5125,0.0,8.75,0.5382844551962199,5.875,17.75,0.3354175880878667,17.625,0.0,136.5,99.375,28.125,56.25,15.0,43.625,12.375,31.25,23.625,15.0,1.6809714795008914,9.375,31.875,29.175,28.125,56.875,49.534040473070796,15.0,21.25,69.5375,0.0,9.875,0.695550038197097,5.375,18.125,0.29350258584294964,15.0,0.0,109.375
108,89,2024-12-02,1,1,2024-25,Boston Celtics,Miami Heat,121.875,59.625,46.0,16.25,44.5,10.25,34.25,27.25,10.0,2.848344363969364,19.875,50.5,39.7125,23.0,40.875,56.45129815724428,16.25,20.75,78.55,0.0,7.0,0.7014530608280608,6.125,17.75,0.3653173331469536,10.0,0.0,143.75,112.625,45.375,48.0,19.25,43.0,9.25,33.75,25.625,12.375,2.316585497835498,15.125,41.25,36.525,24.0,46.625,51.83390139020087,19.25,23.75,81.8625,0.0,8.625,0.763176406926407,2.625,14.875,0.19006708161119926,12.375,0.0,126.875
109,80,2024-12-02,1,1,2024-25,Minnesota Timberwolves,Los Angeles Lakers,108.25,40.875,48.5,18.875,42.125,10.25,31.875,21.875,14.75,1.5986957282913166,13.625,39.875,33.9125,24.25,46.375,52.07156927285365,18.875,23.125,81.85,0.0,8.5,0.5815683091418385,4.625,18.0,0.26836221161879054,14.75,0.0,118.0,108.125,34.125,57.5,16.5,40.25,9.25,31.0,25.75,12.125,2.34540153473977,11.375,34.625,33.125,28.75,49.875,57.885389004086484,16.5,21.875,77.775,0.0,7.5,0.6899116814557991,4.5,15.375,0.3019119769119769,12.125,0.0,124.25
121,116,2024-12-03,1,1,2024-25,Dallas Mavericks,Memphis Grizzlies,124.375,41.625,63.0,19.75,47.375,12.375,35.0,26.375,14.25,1.894745879120879,13.875,33.5,41.699999999999996,31.5,57.75,54.619014988884004,19.75,25.0,77.875,0.0,8.75,0.6399496336996336,5.5,19.375,0.2975047868797869,14.25,0.0,147.0,123.0,43.875,62.75,16.375,47.875,12.375,35.5,32.5,16.375,2.1444306080915987,14.625,40.375,36.3,31.375,52.625,60.10705876645292,16.375,21.625,77.75,0.0,8.375,0.5476364338061319,7.25,19.875,0.3748716153127918,16.375,0.0,150.375
118,87,2024-12-03,1,1,2024-25,Cleveland Cavaliers,Washington Wizards,122.375,45.375,59.5,17.5,44.75,10.5,34.25,27.375,14.0,2.168299755799756,15.125,38.375,39.4875,29.75,51.75,57.61595680341769,17.5,20.875,83.325,0.0,8.0,0.6104777167277168,4.75,18.25,0.2728422619047619,14.0,0.0,144.625,105.5,31.125,58.0,16.375,43.125,9.0,34.125,23.375,15.75,1.578203781512605,10.375,33.5,31.0375,29.0,55.5,52.50885347555259,16.375,21.875,74.175,0.0,7.375,0.48054534313725494,3.75,21.0,0.18351855933537953,15.75,0.0,112.25
133,106,2024-12-03,1,1,2024-25,Oklahoma City Thunder,Utah Jazz,110.375,37.5,56.75,16.125,45.0,11.625,33.375,25.25,11.625,2.3715232683982683,12.5,39.125,32.275,28.375,51.75,55.041448978652326,16.125,20.625,79.45,0.0,10.0,0.8864853896103896,5.875,21.375,0.27135674782733604,11.625,0.0,130.375,109.75,40.5,54.0,15.25,46.125,12.375,33.75,25.0,17.125,1.4804041353383457,13.5,39.0,35.0625,27.0,48.75,56.210550573202546,15.25,19.625,76.7875,0.0,6.375,0.37829077903091063,4.0,19.5,0.21599727005139624,17.125,0.0,122.5
119,115,2024-12-03,1,1,2024-25,Denver Nuggets,Golden State Warriors,114.375,35.625,64.0,14.75,41.375,9.375,32.0,29.75,13.875,2.253280454925192,11.875,31.875,37.825,32.0,56.5,56.857357409065976,14.75,20.5,72.13749999999999,0.0,8.375,0.6448332004253057,4.375,17.875,0.26002015105800336,13.875,0.0,134.125,109.25,46.5,49.0,13.75,49.875,12.625,37.25,29.625,14.75,2.1476599504511658,15.5,43.375,35.65,24.5,50.125,48.868223766861796,13.75,20.0,67.8625,0.0,7.875,0.5509776219867164,5.0,19.75,0.26249907857879995,14.75,0.0,127.125
104,93,2024-12-03,1,1,2024-25,Phoenix Suns,San Antonio Spurs,110.25,42.75,50.0,17.5,42.25,10.75,31.5,26.375,14.375,1.9845256051138405,14.25,38.75,37.2,25.0,47.125,52.609523919592576,17.5,22.875,76.80000000000001,0.0,7.625,0.5883080155138979,3.625,19.0,0.21438873626373628,14.375,0.0,123.75,113.0,46.5,47.0,19.5,43.125,10.5,32.625,29.25,13.375,2.324999306249306,15.5,43.0,35.6125,23.5,43.5,54.316854311690605,19.5,24.5,79.8875,0.0,7.375,0.6071827478077478,6.875,16.5,0.4151133454393904,13.375,0.0,133.75
120,111,2024-12-03,1,1,2024-25,Sacramento Kings,Houston Rockets,109.375,38.25,54.0,17.125,42.75,11.25,31.5,25.125,15.125,1.7502844887955182,12.75,36.25,34.55,27.0,49.75,54.00357917413123,17.125,23.625,72.8,0.0,7.375,0.5150297619047619,4.625,21.125,0.24301913859832272,15.125,0.0,121.375,118.125,34.5,61.75,21.875,50.75,13.25,37.5,24.5,13.5,1.9131210701063643,11.5,34.75,32.775000000000006,30.875,61.375,49.981418941937065,21.875,28.25,78.675,0.0,10.0,0.7452696812990931,7.0,19.125,0.3726190476190476,13.5,0.0,136.75
104,110,2024-12-03,1,1,2024-25,Charlotte Hornets,Philadelphia 76ers,106.375,51.0,42.0,13.375,44.25,14.5,29.75,23.5,16.125,1.6919103415706678,17.0,44.75,37.8875,21.0,47.0,44.86874342722798,13.375,17.125,75.08749999999999,0.0,9.125,0.6502903195837979,5.75,20.875,0.27700680802797506,16.125,0.0,115.375,103.75,34.875,52.75,16.125,40.875,10.5,30.375,21.75,14.75,1.522766398225957,11.625,36.75,31.85,26.375,50.0,52.78256813815719,16.125,19.875,81.1875,0.0,10.25,0.7100256769374416,5.375,19.0,0.285417724452041,14.75,0.0,114.75
122,111,2024-12-03,1,1,2024-25,Toronto Raptors,Indiana Pacers,115.0,35.25,64.0,15.75,48.125,13.625,34.5,29.25,15.75,2.0464241579545623,11.75,32.375,36.25,32.0,56.5,57.25769076706442,15.75,22.625,68.4875,0.0,6.75,0.4510387221250056,4.25,21.25,0.1999885657826666,15.75,0.0,135.625,115.75,37.125,61.5,17.125,40.0,10.0,30.0,27.125,15.0,1.934368824110672,12.375,34.625,35.4375,30.75,55.25,55.860309353860416,17.125,21.75,79.225,0.0,10.0,0.7249752964426878,5.25,19.375,0.26469275908130396,15.0,0.0,131.75
121,106,2024-12-03,1,1,2024-25,New York Knicks,Orlando Magic,121.0,47.625,57.5,15.875,43.625,9.875,33.75,30.0,12.25,2.8197494907053726,15.875,39.0,40.412499999999994,28.75,50.5,56.73674845078009,15.875,18.25,87.1625,0.0,7.375,0.6442364824717767,4.625,18.0,0.2581079056336494,12.25,0.0,147.125,110.375,36.75,54.5,19.125,40.5,10.875,29.625,26.0,14.625,1.9024599787467436,12.25,36.375,33.7625,27.25,47.375,57.629966012769586,19.125,23.875,79.0625,0.0,10.25,0.7582495935437112,8.25,20.75,0.41071082244149926,14.625,0.0,131.75
107,128,2024-12-03,1,1,2024-25,Detroit Pistons,Milwaukee Bucks,112.0,43.5,51.5,17.0,44.375,11.5,32.875,26.0,15.375,1.860907169885498,14.5,39.5,36.887499999999996,25.75,48.5,53.516957214243014,17.0,22.375,76.36250000000001,0.0,6.75,0.47837854440021627,4.875,19.125,0.25739766015101695,15.375,0.0,125.5,118.5,47.625,54.5,16.375,43.625,8.375,35.25,26.875,13.25,2.129759996947497,15.875,36.25,43.65,27.25,50.25,54.212247447541564,16.375,21.75,73.45,0.0,6.75,0.5193070818070817,6.375,17.375,0.3753744428086533,13.25,0.0,140.125
127,105,2024-12-03,1,1,2024-25,LA Clippers,Portland Trail Blazers,108.5,36.0,56.5,16.0,45.375,10.625,34.75,25.25,16.625,1.5887596288515407,12.0,32.125,37.8375,28.25,53.75,52.509463402394864,16.0,19.75,81.1875,0.0,11.625,0.7392419467787115,3.625,18.0,0.219661506256901,16.625,0.0,128.375,107.875,41.625,50.5,15.75,43.5,14.125,29.375,23.875,17.625,1.4804563492063492,13.875,39.0,36.7125,25.25,50.75,49.15799534650225,15.75,21.25,73.8625,0.0,8.625,0.5325847763347763,6.5,21.0,0.3094138296344179,17.625,0.0,116.625
104,119,2024-12-04,1,1,2024-25,Milwaukee Bucks,Atlanta Hawks,118.625,50.625,52.5,15.5,42.25,7.75,34.5,26.875,14.0,2.0394822191697193,16.875,37.0,45.3,26.25,47.625,55.013529498823615,15.5,21.25,71.375,0.0,6.75,0.4845848595848596,6.0,18.0,0.3257420898674768,14.0,0.0,139.25,116.25,37.875,61.75,16.625,48.375,12.375,36.0,31.75,16.5,2.0346224853577795,12.625,36.875,34.075,30.875,57.125,54.267905738754465,16.625,20.875,80.0125,0.0,9.0,0.575321492233257,5.5,17.25,0.3226982898422527,16.5,0.0,139.625
134,93,2024-12-04,1,1,2024-25,Miami Heat,Los Angeles Lakers,108.25,42.75,46.25,19.25,44.0,10.125,33.875,25.25,12.375,2.279085497835498,14.25,40.375,34.925000000000004,23.125,47.5,49.02941421071369,19.25,23.75,81.8625,0.0,7.375,0.6381764069264069,2.625,14.75,0.19101405130816895,12.375,0.0,120.125,105.125,31.875,57.25,16.0,39.75,8.25,31.5,25.125,13.375,2.1857695001077353,10.625,33.5,31.8,28.625,49.75,57.768467235379,16.0,21.375,76.975,0.0,7.25,0.623894365438483,4.375,15.625,0.2907512626262626,13.375,0.0,118.875
80,108,2024-12-04,1,1,2024-25,LA Clippers,Minnesota Timberwolves,111.625,37.125,58.75,15.75,44.25,11.375,32.875,25.25,15.875,1.6664382002801121,12.375,32.5,38.375,29.375,53.75,54.85321340239487,15.75,19.625,80.375,0.0,11.375,0.7481705182072829,3.875,18.125,0.23339776999316472,15.875,0.0,132.125,109.625,43.875,47.5,18.25,42.375,9.5,32.875,23.75,14.875,1.714171918767507,14.625,39.375,37.0375,23.75,45.25,52.31860484597618,18.25,22.25,82.1875,0.0,8.375,0.566092118665648,4.5,17.75,0.26333125186646855,14.875,0.0,123.5
102,106,2024-12-04,1,1,2024-25,Philadelphia 76ers,Orlando Magic,104.25,35.625,51.5,17.125,39.125,10.0,29.125,22.0,14.75,1.5435997315592904,11.875,36.375,32.775,25.75,49.125,52.44243208373542,17.125,21.0,81.07499999999999,0.0,10.375,0.7204423436041083,5.5,20.125,0.2832324097667263,14.75,0.0,114.75,110.0,36.0,54.75,19.25,40.5,11.0,29.5,25.0,15.25,1.7405281605649252,12.0,37.625,31.9125,27.375,47.5,57.73524083546462,19.25,23.875,79.5625,0.0,10.75,0.7717439117255294,7.875,20.75,0.39097398033623615,15.25,0.0,128.5
99,90,2024-12-04,1,1,2024-25,Brooklyn Nets,Indiana Pacers,108.875,46.5,46.0,16.375,36.0,7.5,28.5,25.375,15.375,1.7120803280826502,15.5,38.25,40.300000000000004,23.0,44.25,52.2287158182764,16.375,20.375,81.58749999999999,0.0,6.75,0.46648656426133206,4.25,21.5,0.21001233916095408,15.375,0.0,117.875,114.75,36.0,60.75,18.0,40.25,9.625,30.625,26.125,16.25,1.7298233695652174,12.0,33.375,35.75,30.375,54.625,55.73476007576876,18.0,22.75,79.4875,0.0,8.875,0.5794125258799172,5.375,19.875,0.2644067178913726,16.25,0.0,128.75
130,120,2024-12-04,1,1,2024-25,Boston Celtics,Detroit Pistons,118.0,58.5,44.0,15.5,45.625,10.5,35.125,26.0,11.125,2.4852928933811285,19.5,51.625,38.05,22.0,39.25,56.35743082307657,15.5,19.375,80.275,0.0,6.75,0.6288427667104137,6.5,18.125,0.37744968608813,11.125,0.0,138.5,109.875,41.25,51.5,17.125,43.125,11.5,31.625,25.375,16.5,1.6386849476632759,13.75,38.875,35.4625,25.75,47.875,54.08585238059581,17.125,22.75,75.58749999999999,0.0,6.75,0.4019896555113273,5.25,19.375,0.2727485373439994,16.5,0.0,121.0
99,93,2024-12-05,1,1,2024-25,Golden State Warriors,Houston Rockets,108.25,43.875,51.0,13.375,48.875,12.25,36.625,30.0,14.25,2.230554687293271,14.625,42.375,34.4375,25.5,50.75,50.116536857280146,13.375,19.5,67.7875,0.0,8.25,0.5917670956709269,4.75,19.375,0.25517765000737136,14.25,0.0,126.75,114.125,36.0,57.25,20.875,49.125,13.75,35.375,22.0,14.125,1.6361324337427279,12.0,35.375,33.5875,28.625,59.25,48.30888373066946,20.875,26.875,78.6125,0.0,9.75,0.7012355903900022,6.0,19.75,0.31555383022774325,14.125,0.0,126.875
125,101,2024-12-05,1,1,2024-25,New York Knicks,Charlotte Hornets,121.875,48.375,57.0,16.5,42.625,9.25,33.375,29.625,13.625,2.501492911758005,16.125,38.375,41.7125,28.5,50.75,55.92424845078009,16.5,18.375,89.80000000000001,0.0,7.625,0.6212101666823029,4.5,18.25,0.2509339925901711,13.625,0.0,146.25,105.125,48.375,41.75,15.0,45.125,14.25,30.875,22.0,17.25,1.4116471836759308,16.125,42.5,37.85,20.875,46.0,45.58123772727358,15.0,19.125,74.9375,0.0,8.25,0.5331850564259031,5.375,20.125,0.2664569359052129,17.25,0.0,113.0
126,114,2024-12-05,1,1,2024-25,Cleveland Cavaliers,Denver Nuggets,119.125,43.5,58.75,16.875,45.375,10.875,34.5,27.125,13.75,2.203264790764791,14.5,38.75,37.7375,29.375,50.875,57.96479401272001,16.875,21.0,80.3875,0.0,8.0,0.6297084859584859,4.5,18.75,0.25096726190476193,13.75,0.0,140.5,117.5,36.0,64.5,17.0,41.375,9.25,32.125,30.5,14.75,2.1136971215918585,12.0,30.25,40.175000000000004,32.25,57.125,56.69826649997506,17.0,23.5,70.77499999999999,0.0,8.25,0.5635832004253056,4.875,17.75,0.29387431772467,14.75,0.0,138.125
92,129,2024-12-05,1,1,2024-25,Toronto Raptors,Oklahoma City Thunder,114.875,36.75,61.5,16.625,47.625,12.5,35.125,28.375,17.25,1.726979713510118,12.25,33.625,36.2875,30.75,53.125,58.497274100397746,16.625,23.625,69.2,0.0,7.5,0.4629434840297675,4.5,22.125,0.20606144027659373,17.25,0.0,134.875,114.625,40.125,59.25,15.25,42.625,11.875,30.75,26.625,11.25,2.6328869047619046,13.375,40.0,33.675,29.625,52.25,56.85071814086266,15.25,19.75,79.0125,0.0,11.5,1.0995535714285714,4.875,21.0,0.23477648026880762,11.25,0.0,135.25
124,139,2024-12-05,1,1,2024-25,San Antonio Spurs,Chicago Bulls,110.25,43.125,47.25,19.875,44.75,11.375,33.375,28.5,13.5,2.2494498556998557,14.375,42.875,33.1625,23.625,45.125,52.7855004910926,19.875,25.0,79.8875,0.0,7.75,0.6298475829725829,6.5,16.25,0.39692449095022625,13.5,0.0,129.125,124.75,54.0,57.0,13.75,42.375,7.625,34.75,29.75,13.625,2.325809510407033,18.0,44.5,40.4375,28.5,46.5,61.54363401456424,13.75,16.75,82.9375,0.0,6.5,0.4935573810864059,5.25,18.875,0.3002318573370364,13.625,0.0,147.5
126,124,2024-12-05,1,1,2024-25,New Orleans Pelicans,Phoenix Suns,101.0,28.875,58.0,14.125,42.5,12.0,30.5,23.25,14.875,1.6685633912655973,9.625,33.5,28.3125,29.0,57.375,50.659519400273865,14.125,20.5,67.8375,0.0,10.875,0.7612669499618029,5.5,18.0,0.3019090185914876,14.875,0.0,109.625,110.25,42.0,51.0,17.25,42.75,8.625,34.125,26.75,14.875,1.9291684622566976,14.0,37.375,37.725,25.5,46.125,54.622406367257625,17.25,22.25,77.78750000000001,0.0,7.375,0.5275937297996122,4.0,19.5,0.2326179029304029,14.875,0.0,127.25
101,137,2024-12-05,1,1,2024-25,Washington Wizards,Dallas Mavericks,101.75,27.0,58.0,16.75,43.125,9.0,34.125,22.125,16.375,1.466596638655462,9.0,31.375,28.6,29.0,54.75,53.09364879719001,16.75,22.375,74.14999999999999,0.0,6.5,0.4184173669467787,4.125,20.75,0.2039636939109489,16.375,0.0,107.5,124.375,42.375,62.25,19.75,46.875,11.875,35.0,27.125,15.375,1.8741208791208792,14.125,34.125,41.6875,31.125,56.75,54.89201892730147,19.75,26.0,75.9875,0.0,9.25,0.6486996336996337,5.875,19.75,0.3097330477493521,15.375,0.0,146.25
115,110,2024-12-05,1,1,2024-25,Memphis Grizzlies,Sacramento Kings,124.375,43.875,63.75,16.75,47.125,12.75,34.375,32.0,17.125,2.023985263962044,14.625,40.5,36.199999999999996,31.875,53.25,60.39383339533282,16.75,21.875,78.94999999999999,0.0,9.0,0.5501667981786016,6.375,21.625,0.30446931646221703,17.125,0.0,149.375,109.25,36.375,56.5,16.375,42.625,11.375,31.25,26.25,14.625,1.9484987745098041,12.125,34.875,34.599999999999994,28.25,52.125,53.920636160860354,16.375,23.0,71.3,0.0,7.5,0.5489583333333333,5.25,20.0,0.28008810411556406,14.625,0.0,123.0
134,132,2024-12-06,1,1,2024-25,Atlanta Hawks,Los Angeles Lakers,117.5,35.25,65.0,17.25,50.5,13.5,37.0,31.125,16.5,1.9899796282149225,11.75,36.125,32.324999999999996,32.5,60.25,54.30758827843701,17.25,21.375,80.9625,0.0,10.125,0.6556786350903998,5.0,18.0,0.2916456582633053,16.5,0.0,141.5,101.25,28.5,58.25,14.5,40.0,9.0,31.0,25.0,13.25,2.1967585110967462,9.5,32.375,28.9875,29.125,52.375,56.05129551820728,14.5,19.25,77.1625,0.0,7.25,0.6300756841198017,4.25,14.625,0.3141887626262626,13.25,0.0,113.625
111,105,2024-12-06,1,1,2024-25,Boston Celtics,Milwaukee Bucks,118.5,58.5,44.25,15.75,45.75,10.5,35.25,26.0,12.0,2.3030012267144624,19.5,50.625,38.7,22.125,39.625,56.10871452012407,15.75,20.125,78.5875,0.0,7.875,0.6870024889326359,6.625,17.375,0.40244968608813003,12.0,0.0,139.75,117.375,50.625,49.0,17.75,42.25,7.75,34.5,25.875,15.125,1.7686488858363858,16.875,38.125,44.25,24.5,44.75,54.68885417414829,17.75,24.25,73.9,0.0,6.875,0.4498626373626373,5.75,18.5,0.30680269592808296,15.125,0.0,135.0
90,107,2024-12-06,1,1,2024-25,Golden State Warriors,Minnesota Timberwolves,108.25,41.25,52.5,14.5,50.0,12.5,37.5,29.0,13.125,2.290423108345902,13.75,40.375,33.9,26.25,53.0,49.373002374521526,14.5,20.5,70.2,0.0,7.375,0.5753197272498742,4.625,19.625,0.24290086429308566,13.125,0.0,126.75,106.875,42.375,46.75,17.75,43.5,9.125,34.375,24.375,15.375,1.6770507066462947,14.125,38.75,36.4875,23.375,43.875,53.20978683471915,17.75,22.5,78.2,0.0,9.125,0.5888193913929208,4.625,17.375,0.27607796239278437,15.375,0.0,123.25
102,94,2024-12-06,1,1,2024-25,Philadelphia 76ers,Orlando Magic,106.25,36.0,54.0,16.25,39.25,10.5,28.75,22.5,14.25,1.6170124299719888,12.0,36.25,33.325,27.0,50.5,53.62090300306,16.25,20.75,77.60000000000001,0.0,10.25,0.7313550420168067,5.25,19.625,0.2735070093090604,14.25,0.0,117.0,111.625,36.0,56.75,18.875,42.75,12.75,30.0,25.0,15.25,1.7405281605649252,12.0,36.875,32.5,28.375,49.375,57.42274083546462,18.875,23.5,79.18750000000001,0.0,11.0,0.7896010545826723,7.875,20.875,0.3881145032120531,15.25,0.0,132.5
123,132,2024-12-06,1,1,2024-25,Chicago Bulls,Indiana Pacers,126.875,51.75,60.5,14.625,42.875,7.75,35.125,30.75,14.625,2.244469797488373,17.25,43.375,39.925000000000004,30.25,47.5,63.96501766236299,14.625,17.875,82.9,0.0,6.875,0.49894015620602306,5.25,20.125,0.2852078188754979,14.625,0.0,151.375,111.875,37.125,57.0,17.75,40.625,9.875,30.75,26.25,15.375,1.7828125000000001,12.375,34.75,35.9375,28.5,52.25,54.88581393993738,17.75,22.375,79.7125,0.0,8.75,0.5882440476190476,5.5,19.25,0.2833211915755831,15.375,0.0,126.875
113,140,2024-12-06,1,1,2024-25,San Antonio Spurs,Sacramento Kings,114.125,42.0,52.0,20.125,44.25,11.625,32.625,29.125,13.375,2.326154401154401,14.0,41.375,33.300000000000004,26.0,47.5,55.07483506820702,20.125,26.125,78.025,0.0,7.875,0.6506809163059164,5.875,16.25,0.36015978506787333,13.375,0.0,133.0,109.5,31.875,60.0,17.625,42.75,12.0,30.75,25.625,14.125,1.9547204939668175,10.625,33.5,32.025,30.0,55.125,54.62271186293606,17.625,24.125,72.8,0.0,7.75,0.5885510935143288,4.875,20.375,0.2605228867242598,14.125,0.0,121.875
99,141,2024-12-06,1,1,2024-25,Portland Trail Blazers,Utah Jazz,106.75,40.125,50.75,15.875,42.125,13.25,28.875,23.125,17.375,1.4603174603174602,13.375,37.875,36.425,25.375,50.0,50.17708719376746,15.875,20.875,76.125,0.0,7.375,0.474251443001443,5.75,20.25,0.28322335344394167,17.375,0.0,113.625,109.875,40.875,53.5,15.5,45.5,12.625,32.875,24.625,18.375,1.413026639875551,13.625,38.375,35.95,26.75,48.25,56.485275847927824,15.5,20.125,76.03750000000001,0.0,5.875,0.3451691819347219,4.625,19.5,0.2606401271942534,18.375,0.0,121.25
111,120,2024-12-07,1,1,2024-25,New York Knicks,Detroit Pistons,120.75,47.625,55.0,18.125,42.875,9.125,33.75,28.625,13.75,2.3261456895357826,15.875,37.5,42.275000000000006,27.5,49.75,55.01225574672172,18.125,20.75,88.02499999999999,0.0,8.0,0.6559323889045251,4.875,18.375,0.2789788643850429,13.75,0.0,144.875,110.875,43.125,50.5,17.25,41.375,10.5,30.875,25.375,17.75,1.4413165266106442,14.375,38.25,37.612500000000004,25.25,46.75,54.2247412694847,17.25,22.625,76.7625,0.0,7.625,0.4261124625288712,5.5,19.625,0.282773600000641,17.75,0.0,122.25
121,127,2024-12-07,1,1,2024-25,Boston Celtics,Memphis Grizzlies,117.375,56.625,44.5,16.25,45.625,10.25,35.375,25.375,11.125,2.557808919022154,18.875,52.125,36.0,22.25,38.25,58.453485761954134,16.25,20.375,80.6,0.0,8.0,0.7527076171377642,6.875,17.25,0.4178005632811125,11.125,0.0,138.75,125.0,45.375,62.0,17.625,46.375,11.5,34.875,32.375,17.125,2.041030718507499,15.125,40.5,37.5125,31.0,50.375,61.680463431962856,17.625,22.0,81.45,0.0,9.0,0.5501667981786016,5.75,21.25,0.2821478878907885,17.125,0.0,152.25
109,119,2024-12-07,1,1,2024-25,New Orleans Pelicans,Oklahoma City Thunder,105.375,30.0,61.25,14.125,43.375,12.625,30.75,23.75,13.875,1.7766219993242052,10.0,34.0,28.875,30.625,59.0,52.216262215307026,14.125,21.0,66.125,0.0,11.375,0.8326955213903743,5.5,18.25,0.3000150791975482,13.875,0.0,116.25,115.875,41.25,60.0,14.625,45.875,12.625,33.25,26.5,11.0,2.763095238095238,13.75,40.625,34.0375,30.0,53.5,56.06788985803438,14.625,18.75,79.8125,0.0,12.0,1.2401785714285714,5.625,19.875,0.29571398026880763,11.0,0.0,140.375
118,125,2024-12-07,1,1,2024-25,Toronto Raptors,Dallas Mavericks,110.125,35.625,58.25,16.25,48.25,12.75,35.5,28.0,16.875,1.7302405830753356,11.875,35.625,33.3,29.125,52.125,56.31173950920278,16.25,22.625,70.9,0.0,7.5,0.4670195709862892,4.25,20.875,0.21747970950736295,16.875,0.0,128.125,125.0,44.625,60.5,19.875,48.125,11.75,36.375,27.25,15.875,1.8142250457875457,14.875,35.0,42.6125,30.25,55.25,54.81031958089625,19.875,26.25,75.7125,0.0,8.75,0.5861996336996337,6.5,19.875,0.34514971441601877,15.875,0.0,148.25
102,116,2024-12-07,1,1,2024-25,Charlotte Hornets,Cleveland Cavaliers,103.375,46.5,43.5,13.375,44.625,13.875,30.75,22.25,15.75,1.5825958002767213,15.5,42.75,35.900000000000006,21.75,46.625,46.83123772727358,13.375,17.625,71.6375,0.0,7.875,0.5346672698646383,4.875,20.375,0.23918420863248566,15.75,0.0,110.875,118.875,46.875,57.25,14.75,45.25,10.875,34.375,27.875,13.375,2.2760589084118497,15.625,41.0,38.05,28.625,50.75,56.51359142252575,14.75,19.5,76.15,0.0,8.75,0.6771349565467213,4.375,19.0,0.23969275210084034,13.375,0.0,139.5
121,111,2024-12-07,1,1,2024-25,Miami Heat,Phoenix Suns,111.25,44.625,49.0,17.625,45.75,9.875,35.875,27.875,13.0,2.368574134199134,14.875,40.875,35.7875,24.5,47.0,52.64767249868994,17.625,22.375,78.32499999999999,0.0,8.25,0.6786593614718615,3.125,15.125,0.22046116669278432,13.0,0.0,130.0,115.375,45.0,54.25,16.125,42.25,8.5,33.75,28.625,14.875,2.0394625799037565,15.0,38.375,39.4125,27.125,46.375,58.47109057778394,16.125,20.5,78.5125,0.0,7.875,0.5570054945054945,3.875,18.875,0.23261790293040294,14.875,0.0,136.125
122,113,2024-12-07,1,1,2024-25,Washington Wizards,Denver Nuggets,101.375,27.375,57.75,16.25,43.125,9.875,33.25,22.625,15.75,1.5726015406162464,9.125,33.0,27.1125,28.875,55.125,52.57533765917549,16.25,21.75,73.7375,0.0,7.0,0.47846638655462187,4.125,21.125,0.20026303601621206,15.75,0.0,106.875,120.5,34.5,68.25,17.75,42.625,9.625,33.0,30.75,14.875,2.1173429549251916,11.5,29.375,39.2625,34.125,59.5,57.74648452932517,17.75,24.5,70.9375,0.0,8.625,0.5823332004253057,4.875,17.875,0.28986790746825974,14.875,0.0,142.5
111,141,2024-12-08,1,1,2024-25,Atlanta Hawks,Denver Nuggets,122.125,37.125,67.5,17.5,48.375,12.25,36.125,32.75,16.5,2.08556786350904,12.375,35.5,34.3,33.75,60.25,56.390921611770345,17.5,21.125,82.8125,0.0,10.25,0.6630315762668704,5.0,18.875,0.28092261904761906,16.5,0.0,148.75,119.375,31.875,69.5,18.0,42.0,10.0,32.0,31.375,14.375,2.2098868145743147,10.625,28.0,37.6,34.75,60.25,58.03666310075374,18.0,25.125,70.39999999999999,0.0,8.125,0.5753156565656565,4.875,17.125,0.29661453415491645,14.375,0.0,141.375
109,113,2024-12-08,1,1,2024-25,Indiana Pacers,Charlotte Hornets,113.75,39.75,57.5,16.5,40.625,9.0,31.625,26.625,15.0,1.8657451923076924,13.25,34.25,39.3875,28.75,52.875,54.72310878996568,16.5,20.5,80.8625,0.0,8.5,0.5888450091575091,5.25,18.375,0.2892035445167596,15.0,0.0,130.625,100.75,43.125,44.0,13.625,43.875,13.75,30.125,22.0,15.125,1.641544663913085,14.375,42.125,33.737500000000004,22.0,46.375,47.62368236470302,13.625,17.375,73.9,0.0,7.125,0.5090990880464564,4.875,21.0,0.23392326587154288,15.125,0.0,107.625
112,140,2024-12-08,1,1,2024-25,Washington Wizards,Memphis Grizzlies,103.375,29.25,57.0,17.125,43.75,10.25,33.5,23.625,16.625,1.5130427170868348,9.75,34.0,27.825000000000003,28.5,54.375,52.64993978119141,17.125,22.5,75.7875,0.0,7.5,0.48214285714285715,5.25,21.375,0.2519547653395203,16.625,0.0,111.375,126.25,43.875,64.5,17.875,47.75,11.75,36.0,31.875,16.25,2.100165333892114,14.625,39.25,37.675000000000004,32.25,52.75,61.69022143352413,17.875,22.875,78.7375,0.0,10.0,0.6439167981786016,5.875,22.25,0.273030240831965,16.25,0.0,155.375
141,97,2024-12-08,1,1,2024-25,Sacramento Kings,Utah Jazz,116.0,35.25,62.5,18.25,42.25,11.875,30.375,27.375,13.625,2.171387160633484,11.75,33.375,35.412499999999994,31.25,56.125,55.924795196269386,18.25,24.125,75.41250000000001,0.0,8.0,0.6264298813931167,4.625,21.25,0.2210998098011828,13.625,0.0,132.25,112.75,41.625,55.0,16.125,47.875,12.625,35.25,25.375,18.125,1.4978480684469795,13.875,37.875,37.2625,27.5,49.5,56.46357445903894,16.125,20.625,76.925,0.0,5.5,0.32842811050615045,6.0,18.625,0.34152248013542985,18.125,0.0,128.875
106,117,2024-12-08,1,1,2024-25,LA Clippers,Houston Rockets,108.625,37.125,56.5,15.0,43.875,10.75,33.125,24.125,15.625,1.6270903741931555,12.375,34.75,35.5625,28.25,52.25,53.94940790556611,15.0,18.625,80.825,0.0,11.0,0.7362139964681524,4.0,17.375,0.24334095181134655,15.625,0.0,126.0,113.25,36.375,55.75,21.125,48.125,13.125,35.0,22.125,13.5,1.7659401260504202,12.125,36.125,33.3625,27.875,57.625,48.29217250072294,21.125,27.375,77.6,0.0,9.75,0.7553221288515406,6.375,20.375,0.3218038302277433,13.5,0.0,126.125
121,116,2024-12-08,1,1,2024-25,San Antonio Spurs,New Orleans Pelicans,114.5,40.125,53.25,21.125,43.75,12.125,31.625,28.625,12.5,2.3856782106782104,13.375,40.75,32.4,26.625,49.125,54.568078311450265,21.125,27.5,78.225,0.0,8.25,0.692347582972583,5.875,17.125,0.34333286199095026,12.5,0.0,132.25,106.5,31.125,60.25,15.125,42.75,11.625,31.125,24.0,14.75,1.68886947407168,10.375,34.75,29.3625,30.125,56.625,53.89951748462787,15.125,21.625,68.36250000000001,0.0,12.125,0.8345894607843137,5.875,19.375,0.30342417010663914,14.75,0.0,119.125
107,98,2024-12-08,1,1,2024-25,Los Angeles Lakers,Portland Trail Blazers,103.0,29.625,59.25,14.125,40.5,8.625,31.875,26.5,13.875,2.2092585110967464,9.875,32.875,29.4625,29.625,53.375,55.96759016106442,14.125,18.0,79.925,0.0,8.125,0.6717423507864684,4.75,15.75,0.31627209595959593,13.875,0.0,118.375,106.75,39.75,52.25,14.75,40.25,12.0,28.25,23.75,15.75,1.6279310966810967,13.25,39.0,35.2125,26.125,50.875,50.98374369783251,14.75,19.5,75.2875,0.0,7.125,0.4884559884559884,5.75,20.5,0.27924608071666895,15.75,0.0,112.625
115,110,2024-12-08,1,1,2024-25,Orlando Magic,Phoenix Suns,108.5,35.25,54.75,18.5,41.5,11.875,29.625,23.75,15.75,1.6375869840943371,11.75,37.625,31.35,27.375,47.0,58.3724957374254,18.5,23.0,79.5,0.0,11.0,0.7783965727899551,8.0,20.625,0.395723198864227,15.75,0.0,127.0,114.625,45.75,51.25,17.625,42.25,8.625,33.625,28.625,14.0,2.12577210371328,15.25,39.625,38.6375,25.625,44.75,57.161244145986295,17.625,21.75,80.85,0.0,7.75,0.5748626373626373,4.0,18.125,0.24175251831501832,14.0,0.0,135.625
100,108,2024-12-08,1,1,2024-25,Chicago Bulls,Philadelphia 76ers,129.0,53.25,60.75,15.0,43.5,8.125,35.375,31.75,14.375,2.365005511774087,17.75,44.0,40.45,30.375,48.0,63.637209646529236,15.0,18.5,80.8125,0.0,7.0,0.5197734895393564,5.75,18.875,0.3320305613504143,14.375,0.0,155.25,107.875,34.875,55.5,17.5,38.625,11.5,27.125,22.25,14.375,1.5883665966386555,11.625,34.375,33.6375,27.75,51.75,53.66478189731186,17.5,22.875,76.41250000000001,0.0,10.375,0.7339592086834734,4.875,19.875,0.2514481857796486,14.375,0.0,117.5
114,106,2024-12-08,1,1,2024-25,Golden State Warriors,Minnesota Timberwolves,104.5,40.125,49.5,14.875,48.375,12.625,35.75,27.125,14.0,2.1097412901640844,13.375,40.25,33.05,24.75,50.75,48.71535845534501,14.875,20.375,72.8875,0.0,7.25,0.5431227575529046,4.25,18.875,0.236884821512337,14.0,0.0,119.125,105.25,41.25,47.0,17.0,45.5,9.125,36.375,25.0,16.25,1.626455468551057,13.75,39.125,35.2,23.5,44.5,52.6530530065113,17.0,21.0,80.675,0.0,9.625,0.5888193913929208,4.625,17.5,0.27195708327190526,16.25,0.0,123.375
113,118,2024-12-08,1,1,2024-25,Brooklyn Nets,Milwaukee Bucks,106.75,44.25,45.75,16.75,36.875,7.125,29.75,24.5,15.625,1.630217582984611,14.75,37.625,38.975,22.875,44.375,51.799422888983464,16.75,20.875,81.61250000000001,0.0,7.25,0.4880551917123125,4.0,21.375,0.19904742688025234,15.625,0.0,115.25,117.875,49.875,50.0,18.0,43.25,8.75,34.5,25.25,14.25,1.826808608058608,16.625,37.625,44.0625,25.0,46.625,54.01577725107137,18.0,24.0,76.3,0.0,6.375,0.4429181929181929,5.0,18.25,0.2668721403725274,14.25,0.0,134.875
122,113,2024-12-08,1,1,2024-25,Miami Heat,Cleveland Cavaliers,113.125,44.625,51.25,17.25,44.25,10.125,34.125,28.375,12.625,2.464407467532468,14.875,39.375,37.175,25.625,48.375,53.36903339446944,17.25,22.375,76.7,0.0,8.125,0.6890760281385281,3.375,16.0,0.22623039746201512,12.625,0.0,132.25,118.75,48.375,55.25,15.125,46.0,11.125,34.875,27.625,14.0,2.0320112893642306,16.125,42.125,38.3375,27.625,48.5,57.09103707469966,15.125,20.375,74.5,0.0,9.0,0.6682063851181499,4.75,19.625,0.2521927521008403,14.0,0.0,140.0
108,113,2024-12-09,1,1,2024-25,Toronto Raptors,New York Knicks,111.125,38.625,57.75,14.75,47.75,12.5,35.25,29.875,16.375,1.9242451079622134,12.875,37.625,34.3125,28.875,52.75,55.140159766194465,14.75,20.0,73.39999999999999,0.0,7.75,0.5111372180451128,4.5,20.625,0.22931683071948417,16.375,0.0,130.75,117.375,44.625,55.0,17.75,41.625,8.375,33.25,28.25,13.75,2.3011456895357822,14.875,36.875,40.2375,27.5,49.5,55.378686006769,17.75,21.5,84.125,0.0,8.125,0.6642657222378585,5.5,18.0,0.33106219771837625,13.75,0.0,139.375
114,109,2024-12-10,1,1,2024-25,Milwaukee Bucks,Orlando Magic,117.375,50.625,48.25,18.5,41.5,7.875,33.625,24.75,14.75,1.717433608058608,16.875,37.0,45.599999999999994,24.125,45.75,53.317067177361295,18.5,24.125,77.60000000000001,0.0,6.25,0.41687652625152627,5.625,18.875,0.29625248225286926,14.75,0.0,133.375,109.0,35.25,55.25,18.5,41.5,11.5,30.0,22.75,15.5,1.5927151892225422,11.75,37.25,31.6625,27.625,47.5,58.2923675322972,18.5,24.0,76.61250000000001,0.0,10.75,0.7758324702258527,7.625,20.5,0.3789468830747533,15.5,0.0,125.25
118,104,2024-12-10,1,1,2024-25,Oklahoma City Thunder,Dallas Mavericks,117.75,39.75,62.0,16.0,45.625,12.25,33.375,26.875,11.75,2.717559523809524,13.25,38.0,34.95,31.0,54.25,57.20197255574614,16.0,20.5,79.225,0.0,11.625,1.1785714285714286,5.5,20.625,0.28356120249102984,11.75,0.0,143.125,125.25,47.25,56.75,21.25,49.125,12.0,37.125,26.875,16.5,1.7292891483516484,15.75,37.25,42.7125,28.375,51.75,55.07073624756291,21.25,27.5,76.80000000000001,0.0,8.625,0.5498748473748474,6.875,19.125,0.37924062350692783,16.5,0.0,149.125
100,108,2024-12-11,1,1,2024-25,New York Knicks,Atlanta Hawks,118.25,44.625,55.75,17.875,41.625,7.75,33.875,29.125,13.875,2.3539234673135603,14.875,35.5,41.3875,27.875,48.625,57.206917299286005,17.875,22.375,80.5625,0.0,7.75,0.6128768333489696,5.125,17.25,0.332580416341858,13.875,0.0,142.125,120.75,36.75,65.75,18.25,48.75,12.875,35.875,32.0,16.625,1.9927648332060097,12.25,36.25,33.4375,32.875,58.75,56.27021646916985,18.25,22.125,82.8625,0.0,10.375,0.6630315762668704,4.75,19.625,0.2610362554112554,16.625,0.0,146.25
91,90,2024-12-11,1,1,2024-25,Houston Rockets,Golden State Warriors,111.625,37.5,53.25,20.875,48.5,13.0,35.5,21.875,13.625,1.7343925070028012,12.5,36.75,33.775,26.625,54.5,49.28533584144725,20.875,26.5,79.0875,0.0,8.25,0.6457983193277311,6.625,19.75,0.34114906832298136,13.625,0.0,125.5,104.75,41.625,49.25,13.875,47.5,12.625,34.875,27.25,13.5,2.1804426476301475,13.875,40.75,33.875,24.625,50.625,48.5980115165695,13.875,19.25,72.15,0.0,7.625,0.5832811285936287,4.375,19.0,0.24149008467023172,13.5,0.0,119.75
109,111,2024-12-12,1,1,2024-25,New Orleans Pelicans,Sacramento Kings,107.5,31.5,60.5,15.5,42.75,11.625,31.125,23.75,14.5,1.74511947407168,10.5,34.625,29.7875,30.25,57.625,53.20743582672499,15.5,21.5,70.5375,0.0,12.0,0.8502144607843136,5.75,18.875,0.30604321772568677,14.5,0.0,119.75,120.75,40.125,64.25,16.375,42.125,11.625,30.5,29.625,12.625,2.616699660633484,13.375,35.75,37.162499999999994,32.125,56.625,57.00652596550016,16.375,21.25,75.16250000000001,0.0,8.5,0.7358048813931167,4.75,20.625,0.2384794889455678,12.625,0.0,141.375
114,104,2024-12-12,1,1,2024-25,Miami Heat,Toronto Raptors,113.0,45.375,49.5,18.125,43.0,9.875,33.125,28.375,13.0,2.370657467532468,15.125,38.875,38.3125,24.75,46.25,53.68597835427154,18.125,22.25,80.3625,0.0,7.875,0.6474093614718615,3.125,15.125,0.22547282170443936,13.0,0.0,133.0,111.125,39.0,59.0,13.125,47.25,12.25,35.0,30.0,16.0,1.9735239541160594,13.0,37.125,35.1,29.5,53.75,55.391474334706686,13.125,17.125,75.53750000000001,0.0,7.125,0.47928625650665124,4.375,20.375,0.22584460849726196,16.0,0.0,131.5
123,99,2024-12-12,1,1,2024-25,Boston Celtics,Detroit Pistons,119.0,59.25,44.25,15.5,46.625,10.875,35.75,25.875,11.25,2.578642252355488,19.75,53.875,36.7625,22.125,39.0,57.10733191580028,15.5,19.875,79.325,0.0,7.375,0.6958165914967385,6.875,16.875,0.42643543170216514,11.25,0.0,139.125,110.75,43.5,50.5,16.75,39.75,9.0,30.75,25.125,17.75,1.428158631873802,14.5,36.75,39.4375,25.25,46.25,54.746226459305305,16.75,21.875,77.2875,0.0,7.5,0.4195335151604502,5.125,19.25,0.266469252174554,17.75,0.0,122.125
115,105,2024-12-13,1,1,2024-25,Cleveland Cavaliers,Washington Wizards,116.875,46.875,54.25,15.75,44.0,9.75,34.25,27.125,13.375,2.1203049401578813,15.625,41.0,38.275,27.125,48.75,55.86092238731528,15.75,20.875,75.5875,0.0,8.375,0.64836511527688,3.75,19.875,0.18882469654528475,13.375,0.0,134.625,105.375,28.875,58.25,18.25,44.25,11.5,32.75,23.75,16.75,1.5133403361344537,9.625,34.5,27.050000000000004,29.125,55.125,52.99979746620089,18.25,23.25,78.55000000000001,0.0,8.0,0.5041666666666667,5.375,20.875,0.2597133860291755,16.75,0.0,114.125
120,98,2024-12-13,1,1,2024-25,Denver Nuggets,LA Clippers,122.0,30.75,73.5,17.75,42.125,9.0,33.125,32.625,15.0,2.2036368145743146,10.25,27.75,36.6875,36.75,60.375,61.16992592465644,17.75,24.5,71.0625,0.0,8.75,0.5982323232323232,4.625,17.5,0.27897099348506,15.0,0.0,147.25,108.875,37.5,56.75,14.625,41.25,10.25,31.0,23.375,15.125,1.6739653741931555,12.5,33.75,36.6375,28.375,53.0,53.443771300791575,14.625,18.625,78.4875,0.0,10.75,0.7726723298014858,4.0,17.375,0.24334095181134655,15.125,0.0,123.25
109,95,2024-12-13,1,1,2024-25,Chicago Bulls,Charlotte Hornets,124.5,53.25,57.25,14.0,42.75,7.75,35.0,30.875,13.875,2.3698300731775963,17.75,45.375,39.325,28.625,46.625,61.1662794139711,14.0,17.375,80.9625,0.0,7.125,0.542141910591988,4.875,19.0,0.2793344829190417,13.875,0.0,147.25,100.0,41.25,45.0,13.75,43.5,13.25,30.25,22.25,17.0,1.486544663913085,13.75,39.875,34.725,22.5,45.875,49.06765618064449,13.75,18.0,72.325,0.0,7.75,0.48909908804645646,4.625,20.625,0.22499469444297146,17.0,0.0,107.375
116,118,2024-12-13,1,1,2024-25,Portland Trail Blazers,San Antonio Spurs,108.0,39.0,54.0,15.0,40.75,11.875,28.875,23.75,15.375,1.644796176046176,13.0,38.125,35.137499999999996,27.0,50.875,52.80666036449918,15.0,19.375,76.9375,0.0,6.5,0.46266233766233766,5.125,20.375,0.24898292282193213,15.375,0.0,115.375,113.875,41.25,52.75,19.875,44.25,12.75,31.5,28.0,12.75,2.281657231657232,13.75,41.625,32.737500000000004,26.375,48.875,54.36966561303757,19.875,25.625,78.78750000000001,0.0,8.125,0.6687461843711844,6.125,16.875,0.36347175087983913,12.75,0.0,131.5
126,134,2024-12-13,1,1,2024-25,Utah Jazz,Phoenix Suns,110.125,42.375,52.0,15.75,46.5,12.25,34.25,25.25,18.875,1.4326694970184082,14.125,37.5,38.112500000000004,26.0,47.625,55.12295876887011,15.75,20.0,77.76249999999999,0.0,5.75,0.3302138247918647,5.875,17.125,0.3554677134011499,18.875,0.0,125.375,116.0,46.125,52.0,17.875,41.5,7.75,33.75,28.5,15.0,2.0282446311858076,15.375,38.0,40.775,26.0,46.375,56.22509695983911,17.875,21.375,83.14999999999999,0.0,8.0,0.5684523809523809,4.5,18.5,0.2610977564102564,15.0,0.0,137.0
107,121,2024-12-13,1,1,2024-25,Philadelphia 76ers,Indiana Pacers,107.5,34.125,57.0,16.375,40.5,11.0,29.5,22.75,14.625,1.5961790966386555,11.375,34.75,32.6,28.5,52.0,54.772586130116096,16.375,21.625,76.5625,0.0,9.875,0.6893163515406162,4.75,19.375,0.25364116823578897,14.625,0.0,118.625,113.0,39.75,57.75,15.5,38.625,7.875,30.75,25.625,15.625,1.7119461726998493,13.25,35.375,38.0,28.875,51.25,56.73121490639899,15.5,19.0,81.97500000000001,0.0,8.625,0.5716881464124111,5.75,18.5,0.31442284276237364,15.625,0.0,128.0
135,119,2024-12-13,1,1,2024-25,Memphis Grizzlies,Brooklyn Nets,126.0,43.125,63.75,19.125,47.375,11.625,35.75,31.375,16.75,1.9969907307175108,14.375,39.375,36.962500000000006,31.875,52.625,61.13990696811533,19.125,24.0,80.525,0.0,10.875,0.6826072743690778,6.375,22.5,0.2952524630541872,16.75,0.0,154.625,108.625,45.375,45.5,17.75,36.375,7.125,29.25,24.0,14.875,1.676776287438052,15.125,37.375,40.300000000000004,22.75,44.875,50.85480591175779,17.75,22.0,80.8375,0.0,8.25,0.5680147058823529,3.875,22.375,0.18463566217437,14.875,0.0,117.625
97,87,2024-12-13,1,1,2024-25,Minnesota Timberwolves,Los Angeles Lakers,105.375,43.875,46.0,15.5,45.375,8.75,36.625,25.75,16.125,1.6806834097275276,14.625,40.0,36.5625,23.0,43.5,52.56296291642121,15.5,19.375,79.825,0.0,8.875,0.5474590972752738,5.0,16.75,0.30147097216079416,16.125,0.0,124.5,103.625,29.625,59.0,15.0,41.5,8.875,32.625,26.25,13.375,2.2683494201876555,9.875,32.625,29.725,29.5,53.0,56.095141181472584,15.0,18.875,80.8125,0.0,8.5,0.7391665932107108,5.25,16.25,0.33658459595959594,13.375,0.0,121.625
92,106,2024-12-15,1,1,2024-25,San Antonio Spurs,Minnesota Timberwolves,115.625,41.625,54.0,20.0,43.375,13.25,30.125,28.375,13.5,2.1455461205461206,13.875,39.5,35.1125,27.0,51.0,52.964163220693074,20.0,25.875,78.45,0.0,8.125,0.6409684065934066,5.75,16.5,0.3508515585721468,13.5,0.0,132.25,104.375,41.625,47.0,15.75,45.25,8.75,36.5,25.625,16.875,1.5445226954418132,13.875,38.875,35.5,23.5,44.5,52.620989995724884,15.75,19.75,79.675,0.0,10.125,0.6233519544181308,5.5,16.25,0.3391693848592068,16.875,0.0,124.0
91,100,2024-12-15,1,1,2024-25,Orlando Magic,New York Knicks,110.75,33.0,57.75,20.0,42.375,11.75,30.625,22.5,16.25,1.4342330463653992,11.0,34.875,31.175,28.875,49.75,58.41073874441842,20.0,25.25,79.725,0.0,10.625,0.6865467559401383,7.375,20.5,0.36704212116999146,16.25,0.0,127.375,112.625,41.625,53.75,17.25,42.375,8.25,34.125,26.875,14.375,2.0675598309499237,13.875,36.25,38.0625,26.875,48.0,56.05583186511234,17.25,22.25,77.125,0.0,8.125,0.6227253181974544,6.0,16.125,0.4090555716213611,14.375,0.0,133.125
116,109,2024-12-15,1,1,2024-25,Phoenix Suns,Portland Trail Blazers,117.5,47.25,51.75,18.5,41.875,7.5,34.375,29.25,14.25,2.3228874883286648,15.75,37.375,42.1375,25.875,46.625,55.5892744490166,18.5,21.75,84.83749999999999,0.0,8.125,0.644345238095238,5.125,18.75,0.2940838675213675,14.25,0.0,142.0,109.5,38.25,56.5,14.75,38.625,10.875,27.75,24.875,15.125,1.7289975649350648,12.75,37.75,34.9,28.25,50.25,56.38566354583534,14.75,18.625,78.9125,0.0,7.0,0.49825261544011545,4.25,19.875,0.21969970603871533,15.125,0.0,118.25
98,112,2024-12-15,1,1,2024-25,Washington Wizards,Boston Celtics,105.625,30.0,58.75,16.875,44.625,11.25,33.375,23.75,16.875,1.503536414565826,10.0,35.125,27.500000000000004,29.375,55.375,53.234481260667295,16.875,21.5,78.775,0.0,7.875,0.4939542483660131,5.625,22.0,0.25806864918707023,16.875,0.0,114.875,121.0,58.875,46.75,15.375,48.0,10.875,37.125,27.0,12.125,2.4357851094983447,19.625,52.875,37.2875,23.375,40.375,58.39381425066972,15.375,19.625,79.9,0.0,7.5,0.6601023057824528,6.5,15.125,0.4439475089968511,12.125,0.0,143.375
119,104,2024-12-15,1,1,2024-25,Indiana Pacers,New Orleans Pelicans,113.875,38.625,59.5,15.75,38.625,8.0,30.625,26.25,15.0,1.8994461726998493,12.875,34.25,38.074999999999996,29.75,52.375,57.127870137959874,15.75,19.125,82.9375,0.0,8.5,0.6008548130790778,6.0,19.125,0.3226073665718975,15.0,0.0,130.875,107.375,33.375,57.75,16.25,42.625,11.875,30.75,22.125,14.75,1.6152175132873663,11.125,35.125,31.099999999999998,28.875,56.625,51.66758075426123,16.25,21.625,73.92500000000001,0.0,11.625,0.8193321078431373,5.875,19.625,0.3053329904529595,14.75,0.0,117.75
133,143,2024-12-15,1,1,2024-25,Golden State Warriors,Dallas Mavericks,104.25,40.875,50.0,13.375,46.25,11.875,34.375,26.375,15.0,1.9429426476301477,13.625,40.0,33.849999999999994,25.0,50.0,49.999332914693966,13.375,18.75,70.0125,0.0,8.75,0.607144764957265,5.0,17.75,0.3145420327221798,15.0,0.0,118.875,123.5,49.125,54.0,20.375,47.25,11.0,36.25,26.375,17.125,1.6348342611336033,16.375,36.75,44.8,27.0,49.125,55.06636561819228,20.375,26.75,75.35000000000001,0.0,9.125,0.5620928924876294,6.0,17.625,0.3531989568402612,17.125,0.0,146.25
116,110,2024-12-15,1,1,2024-25,Los Angeles Lakers,Memphis Grizzlies,102.0,30.375,57.5,14.125,42.875,9.875,33.0,25.25,14.625,2.104523662611898,10.125,32.75,30.3625,28.75,53.0,54.624552946178476,14.125,17.875,79.89999999999999,0.0,8.5,0.7060226538167714,5.25,17.5,0.30411706349206347,14.625,0.0,118.625,127.5,45.0,64.75,17.75,46.0,11.125,34.875,31.125,16.0,2.084035265130466,15.0,40.375,37.5,32.375,53.125,61.51655480239028,17.75,22.375,79.675,0.0,11.125,0.7230931043285919,5.25,22.375,0.24031825252787142,16.0,0.0,154.25
144,107,2024-12-16,1,1,2024-25,LA Clippers,Utah Jazz,105.5,38.25,53.75,13.5,39.625,9.625,30.0,22.5,15.375,1.6039189345646725,12.75,35.125,35.9,26.875,51.875,51.71057802348066,13.5,17.75,75.9375,0.0,11.875,0.8249169118448295,3.625,17.375,0.226295497265892,15.375,0.0,116.125,110.75,43.5,51.0,16.25,44.25,11.875,32.375,25.25,18.5,1.4743361636850747,14.5,38.125,38.175,25.5,45.75,56.13462709061788,16.25,20.375,78.77499999999999,0.0,5.875,0.34410271368075357,6.125,16.875,0.37326957098628927,18.5,0.0,125.75
129,130,2024-12-16,1,1,2024-25,Sacramento Kings,Denver Nuggets,121.0,40.875,62.5,17.625,44.5,12.625,31.875,29.625,12.5,2.639426933360757,13.625,35.875,37.824999999999996,31.25,57.125,54.99959222127828,17.625,22.0,77.5625,0.0,8.75,0.7680018510900863,4.5,20.25,0.2289101109551372,12.5,0.0,143.375,121.125,28.5,73.0,19.625,41.875,8.625,33.25,30.875,15.5,2.0773741883116883,9.5,27.375,34.75,36.5,60.125,61.00325925798977,19.625,26.125,73.9875,0.0,9.75,0.6348484848484848,4.625,17.25,0.2807071045961711,15.5,0.0,144.75
121,122,2024-12-16,1,1,2024-25,Toronto Raptors,Chicago Bulls,111.625,39.375,58.75,13.5,46.25,10.5,35.75,30.375,16.25,1.9506072874493927,13.125,36.75,35.825,29.375,52.625,56.02553230572118,13.5,17.75,74.69999999999999,0.0,7.25,0.47511958983998454,4.375,20.0,0.22873812701578047,16.25,0.0,132.5,121.75,51.375,55.5,14.875,44.875,8.25,36.625,30.625,14.5,2.2512221186321417,17.125,46.5,37.1125,27.75,45.0,61.19333569102738,14.875,18.125,82.25,0.0,8.125,0.5904373651374425,5.25,19.625,0.2802743325431019,14.5,0.0,146.25
125,124,2024-12-16,1,1,2024-25,Detroit Pistons,Miami Heat,110.625,41.25,53.75,15.625,40.875,8.875,32.0,26.5,16.625,1.7323865730502725,13.75,37.25,36.875,26.875,48.625,55.37073855922724,15.625,20.375,77.625,0.0,7.625,0.4930629269251561,4.625,18.125,0.2605168712221731,16.625,0.0,123.625,114.375,46.5,50.0,17.875,44.75,10.125,34.625,27.75,14.125,2.1188192322383497,15.5,39.25,39.074999999999996,25.0,46.625,53.793208746428405,17.875,22.5,78.975,0.0,7.625,0.5830711261777438,3.25,14.75,0.24170658793820557,14.125,0.0,133.625
108,121,2024-12-16,1,1,2024-25,Charlotte Hornets,Philadelphia 76ers,101.375,41.625,45.75,14.0,43.75,13.75,30.0,23.25,15.75,1.5834945549806232,13.875,41.625,34.1625,22.875,47.0,48.581296609982594,14.0,18.25,72.5875,0.0,7.875,0.5127918985039728,4.625,20.625,0.22499469444297146,15.75,0.0,109.0,106.75,31.875,57.5,17.375,41.375,11.0,30.375,21.875,15.0,1.4857624299719887,10.625,32.5,32.95,28.75,53.375,54.02003510970793,17.375,23.125,76.175,0.0,8.875,0.5955663515406162,4.125,19.375,0.21457866823578897,15.0,0.0,115.75
101,130,2024-12-16,1,1,2024-25,Brooklyn Nets,Cleveland Cavaliers,110.0,45.75,46.75,17.5,37.625,7.375,30.25,24.75,15.375,1.6708239064856714,15.25,39.125,38.925000000000004,23.375,45.25,52.003310185262066,17.5,21.25,82.2,0.0,8.5,0.5680147058823529,4.125,22.0,0.20121174913089174,15.375,0.0,120.125,116.0,46.5,51.5,18.0,44.125,10.0,34.125,27.125,13.0,2.1860516934046346,15.5,42.125,37.15,25.75,46.875,55.12050426884838,18.0,24.125,75.4125,0.0,8.25,0.663787193198958,3.875,19.0,0.2096580298786181,13.0,0.0,132.5
144,93,2024-12-19,1,1,2024-25,Memphis Grizzlies,Golden State Warriors,124.875,42.0,63.5,19.375,47.0,12.0,35.0,30.375,16.5,2.004903612469402,14.0,38.125,36.887499999999996,31.75,55.875,57.72762479930671,19.375,24.125,80.7125,0.0,10.75,0.6870286785582838,5.125,23.625,0.22860550291189596,16.5,0.0,148.625,105.875,43.875,49.0,13.0,45.5,12.375,33.125,27.25,14.625,2.12275033993784,14.625,41.0,34.9375,24.5,50.25,48.696684195631875,13.0,18.0,71.01249999999999,0.0,8.75,0.6302216880341881,4.625,17.25,0.2994860103132162,14.625,0.0,120.25
123,114,2024-12-19,1,1,2024-25,Washington Wizards,Charlotte Hornets,104.375,31.125,58.25,15.0,45.625,12.75,32.875,23.125,17.125,1.4343399859943977,10.375,35.5,28.187500000000004,29.125,56.0,52.24185728075518,15.0,18.625,78.525,0.0,8.25,0.5095792483660131,6.125,22.875,0.2722353158537369,17.125,0.0,114.75,103.125,39.75,48.25,15.125,43.125,12.875,30.25,24.25,16.625,1.5594560934421617,13.25,40.0,33.949999999999996,24.125,46.75,51.595481007145715,15.125,19.875,75.0375,0.0,8.125,0.4916380523501266,5.0,21.625,0.22913699463790324,16.625,0.0,112.875
119,126,2024-12-19,1,1,2024-25,Detroit Pistons,Utah Jazz,113.5,44.25,54.25,15.0,42.625,9.0,33.625,27.125,17.625,1.673133326297026,14.75,37.625,39.075,27.125,50.0,54.31945650794519,15.0,19.375,77.98750000000001,0.0,8.125,0.5028031866654158,4.25,18.75,0.23529757297655904,17.625,0.0,127.875,109.75,43.5,49.25,17.0,43.5,11.875,31.625,25.0,18.75,1.4510442382192363,14.5,38.625,37.699999999999996,24.625,44.75,55.4937609880793,17.0,21.625,77.9375,0.0,6.125,0.3518666888360331,6.0,16.875,0.36701957098628923,18.75,0.0,122.75
99,105,2024-12-19,1,1,2024-25,Orlando Magic,Oklahoma City Thunder,105.5,30.75,56.75,18.0,42.375,12.125,30.25,21.75,16.5,1.3457715079038608,10.25,33.75,30.1125,28.375,50.375,56.83948524301785,18.0,23.375,77.725,0.0,10.375,0.6570595764529588,7.625,22.0,0.34369047281834314,16.5,0.0,120.25,118.875,43.875,60.75,14.25,46.375,12.5,33.875,27.5,11.75,2.762202380952381,14.625,40.375,36.325,30.375,53.125,57.11618824202065,14.25,18.5,79.0625,0.0,11.625,1.1785714285714286,5.125,20.25,0.2703259083733828,11.75,0.0,145.0
95,118,2024-12-19,1,1,2024-25,Dallas Mavericks,LA Clippers,125.25,51.0,54.0,20.25,46.75,11.0,35.75,27.875,16.875,1.7494175944669366,17.0,37.5,45.487500000000004,27.0,47.5,56.92248205150105,20.25,27.125,73.55000000000001,0.0,9.375,0.5829262258209627,5.625,17.5,0.32835921325051765,16.875,0.0,150.125,111.75,43.5,52.75,15.5,39.25,9.25,30.0,23.75,15.625,1.661954648850387,14.5,36.75,39.2625,26.375,49.25,53.600112907201584,15.5,20.125,77.05,0.0,12.5,0.8550508404162581,4.0,18.375,0.232545497265892,15.625,0.0,125.875
126,124,2024-12-19,1,1,2024-25,Portland Trail Blazers,Denver Nuggets,110.875,40.875,56.75,13.25,39.125,10.0,29.125,25.875,15.375,1.7674591033966034,13.625,38.125,36.55,28.375,48.875,58.08209211726391,13.25,16.75,78.7,0.0,6.5,0.4423085594960595,3.875,20.0,0.2007603120993214,15.375,0.0,122.375,122.625,28.125,75.75,18.75,44.625,9.25,35.375,32.75,16.0,2.1326772186147185,9.375,26.75,35.05,37.875,62.0,61.57300273027562,18.75,25.75,71.7875,0.0,10.25,0.6530303030303031,4.75,17.25,0.2876515490406156,16.0,0.0,150.5
107,133,2024-12-19,1,1,2024-25,Minnesota Timberwolves,New York Knicks,103.75,42.75,45.75,15.25,45.125,8.75,36.375,26.25,16.25,1.660944264069264,14.25,38.5,36.825,22.875,45.125,51.13060538034027,15.25,19.25,79.3625,0.0,10.75,0.6938176406926406,5.5,15.625,0.34985314554296754,16.25,0.0,124.625,110.875,42.75,51.25,16.875,43.875,8.25,35.625,26.875,15.625,1.9213610005405672,14.25,35.625,40.2625,25.625,46.75,54.936011036444924,16.875,22.25,75.875,0.0,8.0,0.5503568971448228,6.0,15.75,0.4127562295160979,15.625,0.0,132.125
133,113,2024-12-19,1,1,2024-25,Houston Rockets,New Orleans Pelicans,108.5,34.125,54.5,19.875,46.625,12.25,34.375,21.375,13.625,1.704980742296919,11.375,35.25,31.7375,27.25,54.75,50.178192984304395,19.875,24.625,81.8375,0.0,7.75,0.6163865546218488,6.625,19.0,0.3545419254658385,13.625,0.0,121.125,108.75,33.0,58.5,17.25,42.875,13.0,29.875,21.375,14.875,1.5637469250520721,11.0,34.875,30.962500000000002,29.25,57.375,51.74839971977847,17.25,22.5,75.9,0.0,11.5,0.8074857026143791,5.875,20.0,0.3003987799266437,14.875,0.0,118.25
133,126,2024-12-19,1,1,2024-25,San Antonio Spurs,Atlanta Hawks,111.125,39.0,53.75,18.375,44.75,13.125,31.625,28.875,14.625,1.9942303310724363,13.0,39.125,33.475,26.875,51.125,52.52938061199742,18.375,23.75,78.5625,0.0,7.375,0.5304420908039329,6.125,16.625,0.36964240824534944,14.625,0.0,127.875,119.375,36.75,64.5,18.125,51.125,14.5,36.625,31.375,16.25,2.013868729309906,12.25,36.25,33.4375,32.25,59.125,55.12784856310331,18.125,22.625,80.05,0.0,9.75,0.630564043799338,4.875,19.375,0.2783439477189477,16.25,0.0,144.875
111,120,2024-12-19,1,1,2024-25,Phoenix Suns,Indiana Pacers,116.125,46.5,50.25,19.375,41.875,8.0,33.875,28.25,14.5,2.1536955691367456,15.5,37.0,41.8875,25.125,45.75,55.13313409813941,19.375,22.875,84.7,0.0,7.875,0.5988906926406926,5.0,18.125,0.2924813034188034,14.5,0.0,139.0,113.625,39.75,57.5,16.375,38.125,6.5,31.625,27.0,15.625,1.8608432315233785,13.25,35.0,38.2625,28.75,50.0,57.742086191973385,16.375,19.625,83.875,0.0,8.5,0.570217558177117,5.875,19.125,0.3166549856195165,15.625,0.0,131.25
94,101,2024-12-19,1,1,2024-25,Toronto Raptors,Brooklyn Nets,111.875,34.875,61.25,15.75,45.25,10.25,35.0,29.125,16.5,1.8481767318938371,11.625,33.5,35.1,30.625,55.5,55.28557458901928,15.75,20.0,79.69999999999999,0.0,6.75,0.4377932009510957,4.625,20.625,0.23320241273006617,16.5,0.0,130.125,106.625,43.5,46.5,16.625,36.75,7.625,29.125,25.0,16.625,1.5732860276977925,14.5,37.75,38.525,23.25,46.375,50.41456438459017,16.625,20.5,81.2625,0.0,9.125,0.5680147058823529,4.0,23.25,0.18930698722612985,16.625,0.0,114.625
100,113,2024-12-19,1,1,2024-25,Sacramento Kings,Los Angeles Lakers,122.75,40.875,63.25,18.625,43.875,12.5,31.375,29.625,11.75,2.7517263986013982,13.625,35.625,38.0625,31.625,58.375,54.446436945027955,18.625,22.625,80.275,0.0,9.0,0.8228146853146853,5.25,20.5,0.2599660115762552,11.75,0.0,146.0,101.625,29.25,56.0,16.375,42.625,9.75,32.875,24.25,15.875,1.9314467395349748,9.75,32.75,29.2625,28.0,52.0,54.364136279511804,16.375,21.5,76.375,0.0,8.75,0.683447402980651,5.75,19.0,0.3115244708994709,15.875,0.0,115.0
108,117,2024-12-19,1,1,2024-25,Boston Celtics,Chicago Bulls,119.25,57.375,46.5,15.375,49.125,11.875,37.25,26.125,13.0,2.2413406650539,19.125,52.25,36.7875,23.25,41.625,56.47460781018668,15.375,20.125,78.4375,0.0,7.625,0.6228548310349781,5.75,15.5,0.3710308423301844,13.0,0.0,138.625,121.125,51.375,54.5,15.25,43.75,8.25,35.5,31.125,14.625,2.265426664086687,17.125,46.5,37.1125,27.25,44.875,60.39406944364792,15.25,18.875,81.275,0.0,8.875,0.6472555469556244,5.75,19.75,0.3010253206853944,14.625,0.0,145.375
124,101,2024-12-20,1,1,2024-25,Cleveland Cavaliers,Milwaukee Bucks,116.75,48.0,50.25,18.5,43.875,10.0,33.875,27.375,13.5,2.130621829151241,16.0,42.0,38.287499999999994,25.125,45.25,56.23126772316628,18.5,24.25,76.8125,0.0,8.625,0.6609591389003153,4.0,18.75,0.21936980932723965,13.5,0.0,135.25,115.5,48.375,48.25,18.875,40.625,7.25,33.375,24.0,14.5,1.6992044413919414,16.125,36.25,44.2875,24.125,44.875,54.3858221024992,18.875,24.75,77.1,0.0,6.125,0.41774458180708174,5.875,18.625,0.31405433983800857,14.5,0.0,130.875
97,104,2024-12-20,1,1,2024-25,Miami Heat,Oklahoma City Thunder,117.625,45.75,53.5,18.375,44.75,10.75,34.0,28.875,13.0,2.287962588881707,15.25,40.0,37.837500000000006,26.75,49.125,54.562057952777614,18.375,22.75,80.2125,0.0,8.875,0.7028263709329885,2.875,16.0,0.1854200382306032,13.0,0.0,138.5,115.75,42.375,59.75,13.625,44.875,11.625,33.25,26.875,11.5,2.750022893772894,14.125,40.375,34.7125,29.875,52.75,56.60045397628638,13.625,17.375,80.7875,0.0,12.75,1.2728021978021977,5.5,20.5,0.28699257504004944,11.5,0.0,141.375
108,98,2024-12-20,1,1,2024-25,Philadelphia 76ers,Charlotte Hornets,109.5,34.5,57.5,17.5,42.5,10.5,32.0,21.75,15.75,1.4205838585434174,11.5,32.375,35.325,28.75,52.75,54.81157512997136,17.5,23.625,75.1875,0.0,9.625,0.6116377801120448,4.0,19.75,0.20281396235343602,15.75,0.0,120.625,105.125,37.125,51.75,16.25,44.75,13.875,30.875,24.875,15.75,1.819872760108828,12.375,39.5,32.2875,25.875,49.375,52.28992545159016,16.25,21.375,75.13749999999999,0.0,8.625,0.6124713856834599,4.5,21.875,0.20156807233213886,15.75,0.0,116.375
113,97,2024-12-21,1,1,2024-25,Dallas Mavericks,LA Clippers,121.0,47.25,53.0,20.75,46.375,10.75,35.625,27.125,16.875,1.6917252867746289,15.75,37.125,41.9625,26.5,48.0,55.49734468886369,20.75,28.0,72.95,0.0,9.75,0.6117723796671165,5.75,16.0,0.3564361363274407,16.875,0.0,143.0,111.375,44.25,52.0,15.125,39.25,8.625,30.625,24.125,15.5,1.701017148850387,14.75,36.75,40.0125,26.0,48.75,53.44557994016862,15.125,19.125,79.3125,0.0,11.375,0.789425840416258,3.875,18.5,0.22497970779220777,15.5,0.0,125.75
125,133,2024-12-21,1,1,2024-25,Phoenix Suns,Detroit Pistons,115.375,45.375,50.75,19.25,42.75,8.5,34.25,28.625,14.375,2.188622039724981,15.125,36.875,40.8,25.375,46.5,54.704622392453786,19.25,22.875,84.26250000000002,0.0,7.75,0.5942951044053986,4.875,17.375,0.29344284188034186,14.375,0.0,138.5,114.5,44.25,55.75,14.5,42.25,9.5,32.75,27.375,16.375,1.848133326297026,14.75,38.75,38.262499999999996,27.875,51.375,54.250674409632644,14.5,18.5,78.7125,0.0,8.625,0.5903031866654158,4.75,19.75,0.24588580827067671,16.375,0.0,129.625
112,101,2024-12-21,1,1,2024-25,Milwaukee Bucks,Washington Wizards,112.5,45.375,49.5,17.625,39.875,7.25,32.625,24.375,15.25,1.6643830128205128,15.125,35.0,42.837500000000006,24.75,45.625,54.84172395926313,17.625,23.75,74.6375,0.0,7.5,0.47845886752136746,5.25,18.0,0.2923297409075273,15.25,0.0,127.375,107.75,34.5,57.5,15.75,47.125,12.875,34.25,24.625,16.875,1.5322566526610644,11.5,36.625,30.225,28.75,54.625,53.06854583610227,15.75,19.75,77.975,0.0,7.75,0.4880514705882353,6.625,22.875,0.3000130936315147,16.875,0.0,122.0
112,128,2024-12-21,1,1,2024-25,Atlanta Hawks,Memphis Grizzlies,118.25,35.25,65.5,17.5,51.375,14.25,37.125,30.5,17.25,1.8627817727881666,11.75,35.75,32.75,32.75,59.625,55.574689857402234,17.5,22.125,79.2625,0.0,10.75,0.656651000321077,4.875,19.5,0.27672057109557113,17.25,0.0,143.0,127.875,47.625,61.25,19.0,48.125,12.125,36.0,30.625,16.625,2.003065377175284,15.875,39.0,40.262499999999996,30.625,55.25,56.27307934476126,19.0,23.875,79.575,0.0,11.0,0.6975985314994603,5.5,23.25,0.2528279909501735,16.625,0.0,153.875
98,123,2024-12-21,1,1,2024-25,Chicago Bulls,Boston Celtics,120.875,52.5,52.75,15.625,46.125,8.75,37.375,30.25,13.875,2.296676664086687,17.5,47.75,36.9125,26.375,44.5,58.90597420555269,15.625,18.875,83.6125,0.0,8.0,0.6055888802889577,5.25,18.875,0.28533706157608263,13.875,0.0,145.0,115.5,54.0,46.0,15.5,48.375,11.875,36.5,25.75,12.375,2.564257331720567,18.0,52.5,34.5875,23.0,41.25,56.40531734455475,15.5,19.875,79.9125,0.0,7.625,0.7270214977016448,6.5,15.5,0.4287231500224921,12.375,0.0,134.25
94,105,2024-12-21,1,1,2024-25,Brooklyn Nets,Utah Jazz,103.375,40.125,46.0,17.25,38.875,8.625,30.25,23.25,17.125,1.3979466611819555,13.375,37.375,36.050000000000004,23.0,46.125,50.16908634841446,17.25,21.625,79.8125,0.0,8.5,0.5131504524886878,4.625,22.875,0.2198129396070822,17.125,0.0,110.0,112.625,45.0,48.5,19.125,45.375,11.125,34.25,24.75,19.75,1.3930520354901914,15.0,38.25,39.3,24.25,44.25,55.165952972245556,19.125,23.25,81.5875,0.0,5.875,0.3289622054052339,6.375,17.125,0.38288644405130473,19.75,0.0,127.875
103,113,2024-12-21,1,1,2024-25,Minnesota Timberwolves,Golden State Warriors,104.125,43.875,47.0,13.25,45.625,9.0,36.625,26.75,16.0,1.7314570845820847,14.625,38.875,37.400000000000006,23.5,46.625,50.72786981803024,13.25,17.5,75.9375,0.0,10.625,0.6983048201798202,5.0,15.125,0.33230928589384473,16.0,0.0,124.5,104.875,42.375,49.25,13.25,42.875,11.375,31.5,26.625,14.875,2.066326728826729,14.125,39.25,35.1,24.625,51.0,48.37839715859484,13.25,18.375,70.9375,0.0,9.25,0.6519230769230769,4.5,16.625,0.3028342245989305,14.875,0.0,116.625
99,103,2024-12-21,1,1,2024-25,Sacramento Kings,Los Angeles Lakers,122.0,39.375,64.75,17.875,44.125,11.625,32.5,29.375,11.25,2.7814138986013983,13.125,34.0,38.337500000000006,32.375,60.5,53.63406797228161,17.875,21.875,79.425,0.0,9.0,0.8337521853146853,5.5,20.625,0.271150222102571,11.25,0.0,145.75,104.125,29.625,57.0,17.5,43.375,10.5,32.875,23.875,15.375,1.9591616716616715,9.875,32.125,30.2,28.5,55.25,51.83486227482796,17.5,22.625,77.2625,0.0,9.25,0.7309587151978456,6.25,18.75,0.34798280423280425,15.375,0.0,117.375
121,114,2024-12-21,1,1,2024-25,Orlando Magic,Miami Heat,102.5,28.125,56.25,18.125,42.375,12.0,30.375,21.25,16.875,1.2887862137862136,9.375,33.75,27.6125,28.125,49.75,57.04539609573103,18.125,23.75,77.0625,0.0,9.5,0.5989713411588411,6.75,21.375,0.31318452043739076,16.875,0.0,113.875,114.625,42.375,54.0,18.25,45.75,10.5,35.25,27.375,14.125,2.0195415362501277,14.125,38.25,36.725,27.0,49.5,54.663802138824124,18.25,23.125,78.03750000000001,0.0,8.75,0.637036897248778,3.25,15.625,0.2088575382306032,14.125,0.0,134.125
114,94,2024-12-21,1,1,2024-25,San Antonio Spurs,Portland Trail Blazers,115.125,40.875,55.75,18.5,45.25,12.75,32.5,29.625,14.875,2.0128577820528286,13.625,39.375,34.75,27.875,52.875,52.77420170427614,18.5,24.625,75.53750000000001,0.0,8.375,0.5824028751176584,6.625,16.875,0.3978475364504776,14.875,0.0,133.25,112.375,40.875,57.0,14.5,40.0,10.25,29.75,25.625,14.875,1.853173389110889,13.625,39.5,35.1875,28.5,48.75,58.45916602374958,14.5,17.625,81.7625,0.0,6.625,0.47623713092463094,4.125,20.0,0.21464920098821028,14.875,0.0,124.625
126,99,2024-12-21,1,1,2024-25,Cleveland Cavaliers,Philadelphia 76ers,119.625,51.375,50.0,18.25,44.875,9.75,35.125,28.5,14.125,2.1370320855614975,17.125,43.125,40.0,25.0,43.875,57.481267723166276,18.25,23.875,77.22500000000001,0.0,8.875,0.6508095662507427,4.0,17.25,0.21936980932723965,14.125,0.0,141.25,108.625,34.5,57.0,17.125,42.125,10.625,31.5,23.125,15.625,1.5221463585434174,11.5,32.375,35.325,28.5,51.125,55.91078147917771,17.125,23.0,75.675,0.0,9.875,0.6345544467787115,3.875,19.125,0.2048744019138756,15.625,0.0,122.625
93,104,2024-12-21,1,1,2024-25,New Orleans Pelicans,New York Knicks,109.25,34.5,58.25,16.5,41.75,12.625,29.125,22.5,14.5,1.6908302583854056,11.5,34.75,32.8875,29.125,57.625,51.370375526230085,16.5,21.875,74.9,0.0,11.125,0.7949857026143792,5.25,20.625,0.26029182805498596,14.5,0.0,118.25,115.125,45.75,52.75,16.625,45.5,8.75,36.75,29.25,14.875,2.1273133814929484,15.25,37.25,41.125,26.375,47.125,56.025100518391554,16.625,21.875,76.175,0.0,8.375,0.5920235638114896,5.625,14.875,0.40069482600732603,14.875,0.0,141.0
95,122,2024-12-22,1,1,2024-25,Sacramento Kings,Indiana Pacers,118.75,38.625,63.25,16.875,43.5,10.375,33.125,28.5,11.75,2.6046281843156844,12.875,34.625,37.025000000000006,31.625,58.5,54.13311090364613,16.875,20.625,79.35000000000001,0.0,9.25,0.8230378996003996,5.0,20.25,0.2502263090590927,11.75,0.0,140.875,115.375,41.25,56.0,18.125,40.0,6.75,33.25,27.875,14.75,2.0978223981900452,13.75,36.0,38.587500000000006,28.0,49.5,56.760515679152874,18.125,21.875,82.825,0.0,8.5,0.624905058177117,6.25,19.5,0.33054387450840544,14.75,0.0,135.75
129,132,2024-12-22,1,1,2024-25,New Orleans Pelicans,Denver Nuggets,110.25,37.5,56.0,16.75,42.125,13.0,29.125,22.875,15.125,1.663574619287661,12.5,35.625,35.45,28.0,55.375,51.199038334637024,16.75,22.125,75.3625,0.0,10.375,0.7226172815617475,4.75,20.75,0.23233130173919647,15.125,0.0,119.375,122.875,29.625,75.0,18.25,44.75,9.0,35.75,33.375,16.0,2.1894954004329006,9.875,26.875,36.4,37.5,62.25,60.541741169047356,18.25,25.5,70.3875,0.0,9.875,0.6189393939393939,4.125,18.0,0.2349729776120441,16.0,0.0,150.0
110,114,2024-12-22,1,1,2024-25,Toronto Raptors,Houston Rockets,109.75,36.375,58.0,15.375,43.75,10.25,33.5,28.125,15.625,1.8953258547008547,12.125,35.375,34.625,29.0,54.375,53.09719923887922,15.375,19.625,79.225,0.0,7.0,0.47397741147741146,4.75,22.125,0.22838496851099926,15.625,0.0,124.875,112.875,37.5,56.75,18.625,46.5,11.25,35.25,23.5,13.875,1.8466474089635856,12.5,36.125,34.0625,28.375,53.5,53.59952919120094,18.625,22.875,82.5125,0.0,7.625,0.5893032212885154,6.75,19.125,0.35914718862373324,13.875,0.0,130.375
123,105,2024-12-23,1,1,2024-25,Oklahoma City Thunder,Washington Wizards,115.625,43.5,59.0,13.125,44.875,12.125,32.75,26.625,11.5,2.7321657509157506,14.5,40.0,36.15,29.5,53.25,55.318402694235104,13.125,16.25,81.925,0.0,12.5,1.254945054945055,5.0,20.0,0.27018585235097387,11.5,0.0,140.75,106.125,37.875,54.0,14.25,47.875,12.875,35.0,24.125,17.75,1.4138356000294854,12.625,37.875,32.075,27.0,52.625,51.56504933260576,14.25,18.75,74.60000000000001,0.0,7.75,0.46118743550051605,6.75,20.875,0.33559001670843774,17.75,0.0,119.5
114,117,2024-12-23,1,1,2024-25,Los Angeles Lakers,Detroit Pistons,103.875,30.375,56.75,16.75,44.125,10.375,33.75,23.875,16.5,1.5895188145188146,10.125,32.375,30.7625,28.375,54.375,52.63505166876736,16.75,22.125,75.60000000000001,0.0,9.625,0.64524442948356,6.5,18.25,0.373776455026455,16.5,0.0,117.875,114.875,44.625,55.75,14.5,41.125,9.875,31.25,26.875,15.75,1.9031546938183934,14.875,38.875,38.425,27.875,52.0,53.417341076299316,14.5,18.75,77.80000000000001,0.0,9.125,0.6528031866654158,4.625,20.125,0.2331390977443609,15.75,0.0,128.5
124,113,2024-12-23,1,1,2024-25,Cleveland Cavaliers,Utah Jazz,121.0,53.25,51.0,16.75,45.5,10.625,34.875,29.625,13.5,2.2823312308606427,17.75,44.0,40.5,25.5,44.25,58.146161340187554,16.75,22.625,73.8875,0.0,9.25,0.6930104209515975,3.25,17.0,0.1825642537716841,13.5,0.0,144.25,114.0,46.875,49.0,18.125,44.375,10.0,34.375,25.375,20.125,1.3999964799346358,15.625,38.5,40.675,24.5,42.875,57.08559582938842,18.125,22.75,78.075,0.0,6.0,0.32201776096078943,6.5,17.375,0.38288644405130473,20.125,0.0,130.25
110,114,2024-12-23,1,1,2024-25,Memphis Grizzlies,LA Clippers,126.875,48.375,61.0,17.5,48.125,12.125,36.0,30.5,17.625,1.7961209327308398,16.125,38.375,41.400000000000006,30.5,56.375,54.639340742937556,17.5,22.125,79.0,0.0,11.5,0.6753763092772381,4.875,23.25,0.22441890004108256,17.625,0.0,151.5,112.0,44.25,51.5,16.25,39.375,8.625,30.75,23.875,15.75,1.6667034233601907,14.75,37.5,39.35,25.75,47.625,54.131686286652325,16.25,20.25,80.5,0.0,10.25,0.7065827031613561,4.375,18.25,0.2640422077922078,15.75,0.0,125.5
101,114,2024-12-23,1,1,2024-25,Charlotte Hornets,Houston Rockets,104.375,34.125,54.0,16.25,44.625,13.25,31.375,24.75,16.0,1.7899707993245144,11.375,37.375,31.637500000000003,27.0,49.5,54.58525385122013,16.25,21.625,74.1375,0.0,7.875,0.5556086405854208,4.25,21.375,0.19527516615364915,16.0,0.0,116.0,112.5,34.5,57.5,20.5,47.625,12.625,35.0,21.875,15.0,1.630873599439776,11.5,35.0,32.125,28.75,53.375,54.31343717639397,20.5,25.375,81.2,0.0,7.625,0.5357317927170868,6.375,18.375,0.3564686171951618,15.0,0.0,128.0
108,104,2024-12-23,1,1,2024-25,Orlando Magic,Boston Celtics,105.125,29.625,57.5,18.0,41.0,11.5,29.5,21.375,15.75,1.3888736263736263,9.875,34.875,28.2,28.75,50.25,57.7084395739919,18.0,23.125,78.4125,0.0,8.875,0.5902300824175825,6.5,20.625,0.31468377081220333,15.75,0.0,115.5,117.0,53.25,49.0,14.75,50.0,12.75,37.25,27.0,12.5,2.6523255135387487,17.75,52.0,34.4125,24.5,42.375,58.198795605424316,14.75,19.25,78.7875,0.0,7.25,0.6853548310349781,6.25,14.625,0.4309161324786325,12.5,0.0,138.375
139,125,2024-12-23,1,1,2024-25,New York Knicks,Toronto Raptors,113.375,43.875,53.0,16.5,43.25,8.875,34.375,28.5,14.875,2.0831957344341245,14.625,36.25,40.6375,26.5,47.5,55.92403668860432,16.5,21.75,76.075,0.0,8.5,0.59937650498796,4.875,15.375,0.3411710164835165,14.875,0.0,135.75,108.625,39.0,55.0,14.625,43.125,10.375,32.75,28.5,16.25,1.857379426129426,13.0,37.125,35.25,27.5,53.125,51.63576720843992,14.625,18.75,78.5,0.0,7.75,0.502251221001221,4.5,22.375,0.21621105546752098,16.25,0.0,122.375
132,108,2024-12-23,1,1,2024-25,Dallas Mavericks,Portland Trail Blazers,121.875,46.875,53.0,22.0,45.75,10.625,35.125,26.5,16.625,1.6821099021592443,15.625,36.625,42.150000000000006,26.5,48.25,55.25687114095396,22.0,28.875,76.25,0.0,9.75,0.6271569950517318,5.625,15.625,0.35544407283537716,16.625,0.0,143.25,109.75,41.25,54.75,13.75,40.5,10.625,29.875,24.875,15.0,1.7738464660339661,13.75,40.25,34.9625,27.375,48.75,56.33652451431562,13.75,16.875,80.1,0.0,6.375,0.4489935411810412,4.125,19.75,0.2175903774587985,15.0,0.0,119.625
117,90,2024-12-23,1,1,2024-25,Denver Nuggets,Phoenix Suns,124.125,29.625,74.5,20.0,46.625,9.75,36.875,33.0,17.0,2.0523200757575757,9.875,28.0,34.975,37.25,62.25,60.151116169047356,20.0,27.125,73.1875,0.0,10.25,0.6132575757575758,4.75,18.25,0.26554573303000073,17.0,0.0,151.5,116.875,43.875,53.5,19.5,41.5,8.5,33.0,28.5,15.0,2.109204746491898,14.625,36.125,40.4125,26.75,47.125,56.93096747594172,19.5,23.0,84.875,0.0,8.375,0.6177913450069022,3.875,18.375,0.21285676129426132,15.0,0.0,138.75
105,111,2024-12-23,1,1,2024-25,Golden State Warriors,Indiana Pacers,105.875,43.125,49.25,13.5,43.125,11.625,31.5,26.875,15.125,2.018346930846931,14.375,39.5,35.4875,24.625,50.125,49.275833056030734,13.5,19.0,69.7625,0.0,9.375,0.6430846930846932,4.625,17.375,0.29867821436875147,15.125,0.0,118.625,115.5,42.375,57.0,16.125,41.125,6.75,34.375,28.875,14.375,2.239489064856712,14.125,35.625,39.875,28.5,49.375,57.985028090500386,16.125,19.625,80.5375,0.0,8.375,0.631155058177117,6.5,18.625,0.3551650866296175,14.375,0.0,140.125
111,106,2024-12-23,1,1,2024-25,Philadelphia 76ers,San Antonio Spurs,107.125,34.5,55.0,17.625,41.0,10.5,30.5,22.375,15.125,1.5074404761904763,11.5,32.75,34.9375,27.5,50.75,54.372110455212564,17.625,23.625,75.85000000000001,0.0,9.625,0.6356856684981685,3.25,18.5,0.18069285429482798,15.125,0.0,117.75,113.5,36.0,59.5,18.0,46.625,13.25,33.375,29.75,14.375,2.1066077820528286,12.0,38.125,31.975,29.75,55.5,53.63311983293111,18.0,23.875,76.2375,0.0,8.5,0.608444541784325,7.125,16.25,0.467087732528909,14.375,0.0,133.375
110,95,2024-12-23,1,1,2024-25,Miami Heat,Brooklyn Nets,114.375,40.125,54.75,19.5,44.875,9.875,35.0,26.25,14.25,1.9296605838691752,13.375,37.25,35.55,27.375,48.875,56.262639348126456,19.5,24.875,77.60000000000001,0.0,8.25,0.5971559448678256,3.0,16.625,0.1894457735247209,14.25,0.0,131.75,102.625,37.5,47.75,17.375,40.75,10.0,30.75,23.5,17.0,1.4183413980240607,12.5,38.75,32.2,23.875,46.875,51.095012274340384,17.375,21.375,82.35,0.0,9.0,0.5411109788044772,4.375,22.375,0.2121098583745892,17.0,0.0,110.0
117,104,2024-12-23,1,1,2024-25,Atlanta Hawks,Minnesota Timberwolves,117.625,35.25,64.25,18.125,49.875,13.75,36.125,30.0,17.75,1.8113532013595952,11.75,36.25,32.2,32.125,58.5,55.66222487140784,18.125,22.875,79.2625,0.0,11.0,0.6580795717496486,5.0,18.75,0.2990419996669997,17.75,0.0,140.125,105.375,43.5,48.5,13.375,45.125,9.0,36.125,27.0,15.125,1.8144116300366302,14.5,38.75,37.18750000000001,24.25,48.125,50.90148092914135,13.375,18.125,74.4375,0.0,10.25,0.6945169413919413,4.625,15.625,0.3015553176398764,15.125,0.0,124.375
91,112,2024-12-23,1,1,2024-25,Chicago Bulls,Milwaukee Bucks,117.0,50.25,51.5,15.25,46.125,9.375,36.75,30.25,14.5,2.1284074333174563,16.75,46.5,36.275000000000006,25.75,46.375,55.61650052134216,15.25,18.25,84.8125,0.0,8.125,0.5731369572120346,5.5,18.5,0.3063454649374272,14.5,0.0,139.125,113.25,45.375,51.5,16.375,40.25,7.375,32.875,25.875,15.25,1.779767628205128,15.125,35.75,42.1,25.75,47.5,55.12743824497741,16.375,22.25,74.3375,0.0,8.375,0.5457665598290597,4.625,17.375,0.2641342521857228,15.25,0.0,128.875
117,114,2024-12-25,1,1,2024-25,New York Knicks,San Antonio Spurs,115.625,44.625,54.5,16.5,42.75,9.25,33.5,29.0,14.625,2.1358273133814927,14.875,36.5,41.012499999999996,27.25,47.375,57.597506076359416,16.5,22.875,72.2,0.0,8.875,0.626079291365669,4.5,15.625,0.3258006461131461,14.625,0.0,138.0,115.125,38.625,58.25,18.25,45.25,11.375,33.875,29.5,14.875,2.041131591576638,12.875,38.25,33.862500000000004,29.125,53.0,55.245223007534285,18.25,23.625,78.6625,0.0,7.875,0.5558651767049599,8.375,16.75,0.5238104216045393,14.875,0.0,136.625
114,118,2024-12-25,1,1,2024-25,Boston Celtics,Philadelphia 76ers,116.5,49.125,51.25,16.125,48.375,12.0,36.375,25.5,12.75,2.5540282999164576,16.375,49.25,33.125,25.625,44.5,57.95369756620863,16.125,21.0,78.4,0.0,8.25,0.7341164409420988,5.75,14.125,0.4137286324786325,12.75,0.0,135.0,107.25,34.5,55.25,17.5,43.0,10.625,32.375,21.875,15.0,1.4866071428571428,11.5,33.25,34.487500000000004,27.625,51.625,53.691838346369025,17.5,24.0,73.83749999999999,0.0,9.875,0.6669356684981685,3.125,18.0,0.17753628863826232,15.0,0.0,117.875
110,100,2024-12-25,1,1,2024-25,Phoenix Suns,Denver Nuggets,115.125,44.625,51.75,18.75,40.875,9.375,31.5,28.125,15.125,2.068728556015708,14.875,36.25,41.0375,25.875,47.625,54.594010954202595,18.75,22.25,83.9125,0.0,7.875,0.578505630721188,3.875,18.0,0.22187118437118436,15.125,0.0,134.125,123.875,31.5,74.75,17.625,47.625,10.625,37.0,33.375,16.625,2.150236742424242,10.5,30.125,34.125,37.375,61.5,61.21326830262805,17.625,24.125,73.4125,0.0,9.875,0.6007575757575758,4.625,18.25,0.2572123996966674,16.625,0.0,152.5
113,115,2024-12-25,1,1,2024-25,Golden State Warriors,Los Angeles Lakers,104.625,43.125,48.0,13.5,42.625,11.625,31.0,26.0,14.625,2.047892385392385,14.375,39.5,35.487500000000004,24.0,49.5,48.748673811766224,13.5,19.0,69.7625,0.0,8.75,0.6226301476301477,5.125,15.875,0.3509859066764438,14.625,0.0,116.375,108.125,33.375,56.75,18.0,44.0,10.0,34.0,25.0,16.375,1.6514235764235763,11.125,32.25,34.175,28.375,53.875,53.250581971797665,18.0,23.5,76.67500000000001,0.0,9.625,0.6476253818645122,6.625,17.5,0.39565145502645505,16.375,0.0,124.875
99,105,2024-12-25,1,1,2024-25,Dallas Mavericks,Minnesota Timberwolves,121.25,44.625,54.5,22.125,46.75,11.25,35.5,25.75,16.375,1.6716203916697339,14.875,36.625,40.0625,27.25,48.625,56.2372632978167,22.125,29.5,75.16250000000001,0.0,9.375,0.6157933586880955,6.125,16.375,0.379253596644901,16.375,0.0,142.375,104.75,43.125,48.25,13.375,45.125,10.125,35.0,27.0,15.875,1.7406021062271064,14.375,39.75,35.9,24.125,48.375,50.34668020450366,13.375,17.875,75.97500000000001,0.0,10.375,0.6742788461538461,4.75,15.625,0.30890825881634704,15.875,0.0,122.0
88,89,2024-12-26,1,1,2024-25,Orlando Magic,Miami Heat,105.375,31.125,56.25,18.0,41.5,11.25,30.25,22.125,16.25,1.3951236263736264,10.375,34.125,30.2375,28.125,50.5,56.15635624065857,18.0,22.625,80.4125,0.0,9.125,0.5886675824175824,7.125,21.25,0.3352429813385191,16.25,0.0,118.25,117.0,43.5,53.75,19.75,44.875,9.125,35.75,26.625,15.0,1.8405980838691751,14.5,38.0,37.875,26.875,46.375,58.1556681942803,19.75,25.0,78.2125,0.0,8.25,0.5690309448678257,3.25,17.375,0.20014096069049628,15.0,0.0,136.75
105,111,2024-12-26,1,1,2024-25,Milwaukee Bucks,Brooklyn Nets,111.75,46.125,50.0,15.625,41.625,7.375,34.25,25.0,15.375,1.6876201923076923,15.375,36.75,41.625,25.0,46.625,54.51469314693819,15.625,21.25,74.6375,0.0,8.625,0.5609909188034188,4.0,17.125,0.2302800855190561,15.375,0.0,127.0,103.0,39.375,47.25,16.375,41.875,10.375,31.5,24.0,16.75,1.4703021823377862,13.125,39.125,33.75,23.625,47.125,50.36584560767372,16.375,20.0,82.67500000000001,0.0,8.875,0.5425815670397713,4.25,20.75,0.21390197306992972,16.75,0.0,112.125
141,133,2024-12-26,1,1,2024-25,Atlanta Hawks,Chicago Bulls,118.875,38.25,62.5,18.125,48.5,12.75,35.75,30.0,17.875,1.804683240885287,12.75,36.625,34.6625,31.25,57.5,54.97904168822465,18.125,22.75,79.6375,0.0,11.875,0.6941467654255378,4.875,18.625,0.2942800949050949,17.875,0.0,141.5,112.375,48.0,50.0,14.375,45.125,9.125,36.0,29.5,14.25,2.110760374493927,16.0,46.625,34.625,25.0,46.0,54.46570687054851,14.375,17.375,83.6625,0.0,8.25,0.5893134278002699,5.0,18.375,0.2756162982707605,14.25,0.0,131.375
111,128,2024-12-26,1,1,2024-25,New Orleans Pelicans,Houston Rockets,112.375,37.125,57.75,17.5,42.375,12.25,30.125,24.875,15.0,1.8078454526209944,12.375,35.375,35.325,28.875,56.625,51.50329796952546,17.5,22.875,76.5125,0.0,10.5,0.7387631148950808,5.25,21.375,0.24652212299523513,15.0,0.0,124.25,111.5,35.625,57.5,18.375,48.75,13.5,35.25,21.875,13.875,1.7335521708683475,11.875,36.375,31.9625,28.75,53.375,54.31343717639397,18.375,23.0,80.5375,0.0,6.875,0.5178746498599439,5.625,18.0,0.3268633540372671,13.875,0.0,127.0
114,120,2024-12-26,1,1,2024-25,Indiana Pacers,Oklahoma City Thunder,115.5,42.0,59.0,14.5,42.25,6.625,35.625,29.5,13.25,2.3853223981900453,14.0,36.25,38.800000000000004,29.5,49.75,59.42264992285906,14.5,17.5,81.6375,0.0,8.25,0.656452677224736,6.25,17.75,0.3538063909774436,13.25,0.0,143.0,118.375,42.375,62.0,14.0,46.375,12.625,33.75,27.25,11.75,2.7425824175824176,14.125,39.75,35.375,31.0,55.125,56.223646867376054,14.0,17.0,83.35,0.0,12.875,1.2611950549450548,5.75,20.125,0.31062702882156207,11.75,0.0,146.125
155,126,2024-12-26,1,1,2024-25,Memphis Grizzlies,Toronto Raptors,126.125,49.5,58.5,18.125,50.25,12.875,37.375,30.375,17.75,1.7809893537834713,16.5,38.625,42.1,29.25,56.375,52.4463582867972,18.125,23.625,76.03750000000001,0.0,10.625,0.6266920987509222,5.25,21.875,0.2531545322249906,17.75,0.0,150.125,109.0,38.25,55.0,15.75,41.625,10.125,31.5,28.5,15.5,1.9240460927960927,12.75,36.5,35.237500000000004,27.5,53.25,51.47101380707939,15.75,19.75,79.5875,0.0,7.375,0.49867979242979243,4.375,22.25,0.21198028623675175,15.5,0.0,121.875
122,120,2024-12-26,1,1,2024-25,Portland Trail Blazers,Utah Jazz,106.875,37.5,55.75,13.625,41.625,11.375,30.25,24.125,14.75,1.7525432078886027,12.5,40.0,31.15,27.875,50.125,55.86114125959864,13.625,17.0,78.9,0.0,6.25,0.4468005587249008,4.25,19.75,0.2225903774587985,14.75,0.0,115.25,115.125,48.75,47.25,19.125,45.25,11.25,34.0,25.375,20.375,1.3735258916993418,16.25,39.0,41.699999999999996,23.625,44.0,53.70017916272175,19.125,24.0,78.9125,0.0,6.25,0.33280207468627965,6.625,17.5,0.3878206545776205,20.375,0.0,130.25
113,114,2024-12-26,1,1,2024-25,Sacramento Kings,Detroit Pistons,115.625,37.875,60.75,17.0,45.125,11.0,34.125,27.0,11.75,2.454628184315684,12.625,35.625,35.1375,30.375,58.125,52.327712373403045,17.0,20.25,81.41250000000001,0.0,8.75,0.7730378996003996,4.375,19.125,0.23431721815000184,11.75,0.0,135.125,117.5,44.625,58.75,14.125,40.5,9.875,30.625,27.125,15.125,1.9913899879360406,14.875,37.625,39.575,29.375,53.375,54.79305265125188,14.125,18.0,79.88749999999999,0.0,9.875,0.7336855396065923,4.625,20.25,0.23149436090225564,15.125,0.0,133.875
113,110,2024-12-26,1,1,2024-25,Washington Wizards,Charlotte Hornets,108.375,42.375,52.0,14.0,47.75,12.875,34.875,25.0,17.5,1.4711664270971545,14.125,40.0,34.800000000000004,26.0,51.5,50.633031788746116,14.0,18.125,75.72500000000001,0.0,8.125,0.48343054326993956,6.75,20.25,0.3504709690893901,17.5,0.0,123.0,104.0,33.0,55.5,15.5,44.25,12.75,31.5,25.125,15.0,1.9293248663101605,11.0,37.625,30.3375,27.75,50.75,54.84852721673132,15.5,21.125,72.725,0.0,8.25,0.6136229946524064,4.625,21.125,0.22321634262423737,15.0,0.0,116.0
89,98,2024-12-27,1,1,2024-25,Phoenix Suns,Dallas Mavericks,113.375,42.375,52.75,18.25,40.375,9.625,30.75,28.0,14.125,2.2639899939242047,14.125,35.125,40.137499999999996,26.375,49.125,53.68054941574105,18.25,21.5,84.4375,0.0,8.125,0.6716428856231487,4.0,18.25,0.22628294907706673,14.125,0.0,132.75,118.5,45.75,53.0,19.75,46.0,10.875,35.125,24.625,14.875,1.695851160900503,15.25,38.0,39.6375,26.5,48.0,55.286428418410395,19.75,25.375,79.1375,0.0,9.125,0.6334856663804033,6.125,15.125,0.4126984126984127,14.875,0.0,139.625
102,92,2024-12-27,1,1,2024-25,LA Clippers,Golden State Warriors,110.5,40.875,53.5,16.125,40.75,8.875,31.875,23.125,16.125,1.5784681292425438,13.625,36.0,37.7375,26.75,49.875,53.98249617582538,16.125,20.125,80.4125,0.0,11.125,0.7454482493798434,4.625,19.75,0.2595779220779221,16.125,0.0,124.5,106.375,46.5,47.0,12.875,41.375,11.75,29.625,26.875,15.0,2.0603923853923853,15.5,41.625,36.475,23.5,47.75,49.46379920361576,12.875,17.75,70.9875,0.0,8.375,0.579360916860917,5.75,16.125,0.38310396223199933,15.0,0.0,118.5
124,132,2024-12-27,1,1,2024-25,New Orleans Pelicans,Memphis Grizzlies,110.5,36.375,57.25,16.875,42.375,12.875,29.5,25.625,15.375,1.8132541064671484,12.125,35.5,34.512499999999996,28.625,57.0,50.761772545796646,16.875,22.0,76.5375,0.0,10.375,0.7075131148950808,5.0,20.375,0.24131378966190178,15.375,0.0,121.625,131.125,51.375,62.25,17.5,52.0,14.75,37.25,31.5,17.25,1.8775802628743805,17.125,39.5,42.824999999999996,31.125,59.125,52.81838209632101,17.5,23.25,74.925,0.0,10.5,0.6311112906701142,5.625,21.5,0.27894818301864144,17.25,0.0,157.375
135,149,2024-12-27,1,1,2024-25,Denver Nuggets,Cleveland Cavaliers,122.125,32.25,71.75,18.125,47.25,11.25,36.0,32.75,16.625,2.111174242424242,10.75,30.75,34.449999999999996,35.875,58.625,61.411681001040755,18.125,24.875,73.25,0.0,8.75,0.5304450757575758,4.25,18.625,0.22476047661974435,16.625,0.0,149.0,121.75,54.75,50.0,17.0,44.875,11.0,33.875,29.875,13.25,2.3883918369212487,18.25,44.0,41.5875,25.0,44.5,56.686213019774115,17.0,22.375,75.67500000000001,0.0,9.125,0.7068993098404863,3.125,17.375,0.17386860159777107,13.25,0.0,144.875
142,105,2024-12-27,1,1,2024-25,Boston Celtics,Indiana Pacers,114.5,48.75,51.0,14.75,49.375,11.875,37.5,24.75,12.375,2.5504225306856885,16.25,48.75,33.275,25.5,45.125,56.88662439547692,14.75,19.5,76.5875,0.0,7.25,0.6770250947882527,5.375,14.625,0.37900641025641024,12.375,0.0,132.0,118.5,44.25,60.0,14.25,43.75,7.375,36.375,30.5,12.625,2.5472542163718632,14.75,36.625,40.637499999999996,30.0,51.125,58.88356636490758,14.25,17.5,80.5,0.0,7.625,0.6209413135883725,6.0,18.0,0.3356359649122807,12.625,0.0,147.5
85,108,2024-12-27,1,1,2024-25,Orlando Magic,New York Knicks,103.125,30.0,55.25,17.875,41.5,10.375,31.125,21.25,17.375,1.2837105828953654,10.0,34.125,28.9375,27.625,49.625,56.208439573991896,17.875,22.25,81.3,0.0,9.0,0.5378135451505016,7.0,20.875,0.336631870227408,17.375,0.0,114.0,114.625,42.75,56.75,15.125,43.25,10.625,32.625,28.625,14.125,2.3830495356037154,14.25,37.25,38.3625,28.375,49.625,57.46883661391183,15.125,20.875,73.375,0.0,8.875,0.7038570691434468,4.375,16.125,0.30939793118101944,14.125,0.0,135.625
112,113,2024-12-27,1,1,2024-25,Houston Rockets,Minnesota Timberwolves,112.625,37.5,58.25,16.875,49.125,13.875,35.25,21.75,14.625,1.6319896708683475,12.5,37.625,32.3625,29.125,52.75,55.63161899457579,16.875,21.0,80.7125,0.0,7.375,0.5350621498599439,6.0,17.125,0.3715062111801242,14.625,0.0,129.375,104.375,42.375,48.5,13.5,44.625,10.25,34.375,26.0,15.25,1.7697687728937728,14.125,38.25,36.825,24.25,50.0,48.74324750350999,13.5,17.25,79.6,0.0,9.5,0.6492788461538461,4.75,15.375,0.3144886159592042,15.25,0.0,120.375
87,96,2024-12-27,1,1,2024-25,Brooklyn Nets,San Antonio Spurs,104.125,40.125,47.0,17.0,41.5,10.25,31.25,24.125,17.75,1.388342475378079,13.375,38.625,34.85,23.5,46.0,51.23955915827407,17.0,20.875,82.3375,0.0,8.75,0.5036621531203574,3.75,19.75,0.1923708725914608,17.75,0.0,112.875,113.875,41.625,55.75,16.5,45.75,10.5,35.25,30.375,15.375,2.0206770461220924,13.875,39.5,35.550000000000004,27.875,50.25,55.75102731930875,16.5,20.875,79.9875,0.0,6.875,0.45586517670495996,8.625,16.5,0.5443986568986569,15.375,0.0,137.75
134,121,2024-12-28,1,1,2024-25,Denver Nuggets,Detroit Pistons,124.875,36.0,71.0,17.875,46.0,10.25,35.75,33.375,16.375,2.202840909090909,12.0,31.5,38.0,35.5,57.75,61.62993496929472,17.875,23.75,75.5625,0.0,8.375,0.515701486013986,3.875,18.25,0.21090178096757042,16.375,0.0,152.5,118.375,46.875,56.75,14.75,40.875,9.5,31.375,27.5,14.125,2.1511122101582627,15.625,39.0,40.2375,28.375,52.5,53.66519607126764,14.75,18.375,81.30000000000001,0.0,9.25,0.7322966507177033,4.25,20.375,0.21255496696286172,14.125,0.0,135.0
94,106,2024-12-28,1,1,2024-25,Charlotte Hornets,Oklahoma City Thunder,105.125,33.75,55.25,16.125,45.5,12.875,32.625,25.625,16.0,1.8264540529130313,11.25,38.0,30.5875,27.625,51.0,54.36775798596209,16.125,21.625,75.05,0.0,8.625,0.6190057697720237,4.625,21.25,0.22222820033174723,16.0,0.0,117.875,118.875,42.375,62.5,14.0,46.25,12.375,33.875,26.0,11.25,3.0402014652014655,14.125,39.5,35.599999999999994,31.25,55.5,56.31377225922558,14.0,16.875,83.75,0.0,12.75,1.3385760073260073,5.75,19.125,0.31917403736857064,11.25,0.0,145.875
132,122,2024-12-28,1,1,2024-25,Los Angeles Lakers,Sacramento Kings,110.875,37.125,55.25,18.5,44.625,9.875,34.75,25.125,15.875,1.7892440892440893,12.375,34.75,35.8,27.625,51.75,53.82262897241609,18.5,23.375,79.9625,0.0,9.25,0.6444202536593842,6.625,18.25,0.36886574074074074,15.875,0.0,129.25,116.0,40.125,59.25,16.625,44.875,10.25,34.625,27.125,11.875,2.4505073051948054,13.375,36.125,36.7625,29.625,55.625,53.44436058307451,16.625,20.0,80.80000000000001,0.0,7.75,0.6940543831168832,5.0,18.75,0.2663824355413062,11.875,0.0,136.75
109,105,2024-12-28,1,1,2024-25,Golden State Warriors,Phoenix Suns,106.625,45.0,48.75,12.875,42.125,12.875,29.25,27.25,14.0,2.155359917859918,15.0,41.5,35.25,24.375,49.5,49.49949891801804,12.875,18.125,69.33749999999999,0.0,9.0,0.6532245532245533,5.5,16.75,0.35327441677745386,14.0,0.0,119.625,110.625,41.25,52.5,16.875,40.5,9.5,31.0,27.25,14.375,2.1847489224956327,13.75,34.375,39.9,26.25,50.0,52.53090510679797,16.875,20.625,81.275,0.0,8.5,0.6861518141945773,4.5,17.875,0.25900353731236087,14.375,0.0,128.875
126,122,2024-12-28,1,1,2024-25,Portland Trail Blazers,Dallas Mavericks,109.0,39.375,55.5,14.125,43.375,11.125,32.25,24.25,13.875,1.874386642232037,13.125,41.125,31.775,27.75,50.125,55.616043220382956,14.125,17.75,78.39999999999999,0.0,6.75,0.5187702556945978,4.75,20.375,0.23925704412546517,13.875,0.0,120.25,113.625,42.75,51.75,19.125,43.875,10.125,33.75,24.25,14.75,1.684913660900503,14.25,37.5,37.474999999999994,25.875,47.375,54.673683320371175,19.125,24.125,81.175,0.0,8.875,0.6209856663804032,5.25,15.0,0.36061507936507936,14.75,0.0,131.375
132,136,2024-12-28,1,1,2024-25,Washington Wizards,New York Knicks,109.875,42.75,51.75,15.375,48.25,12.375,35.875,25.0,17.375,1.494840669521397,14.25,40.5,34.7125,25.875,50.0,51.77349338268769,15.375,19.75,76.7625,0.0,8.0,0.48153660387600017,7.25,20.25,0.37678675856307436,17.375,0.0,126.25,114.25,40.125,58.0,16.125,44.875,11.625,33.25,27.5,14.5,2.2830495356037153,13.375,34.875,37.650000000000006,29.0,51.5,56.35772550280073,16.125,21.75,74.78750000000001,0.0,8.75,0.6816348469212246,4.125,17.125,0.27606459784768606,14.5,0.0,135.375
116,111,2024-12-28,1,1,2024-25,Chicago Bulls,Milwaukee Bucks,111.625,49.875,49.0,12.75,43.375,8.875,34.5,29.5,13.875,2.155168269230769,16.625,47.375,35.2875,24.5,46.25,53.25644443487098,12.75,15.25,84.2875,0.0,8.5,0.6123397435897435,4.5,18.375,0.2563855290399913,13.875,0.0,128.625,108.875,43.125,51.0,14.75,42.0,7.875,34.125,24.625,16.0,1.6320646367521368,14.375,36.375,39.55,25.5,47.375,54.68563331787836,14.75,20.125,74.05000000000001,0.0,8.875,0.5567638656633221,3.625,17.25,0.20699577179356593,16.0,0.0,122.75
120,110,2024-12-28,1,1,2024-25,Atlanta Hawks,Miami Heat,121.0,40.875,60.0,20.125,47.625,12.875,34.75,30.25,17.375,1.8820641932662392,13.625,37.5,36.1,30.0,55.75,54.81250563806791,20.125,24.5,81.39999999999999,0.0,11.5,0.6911705749493474,5.0,18.375,0.3090236846486846,17.375,0.0,144.0,111.375,40.125,50.75,20.5,42.75,8.375,34.375,24.0,15.625,1.6374730838691751,13.375,35.875,37.7375,25.375,46.75,54.363959397515885,20.5,25.625,80.58749999999999,0.0,8.625,0.5664267782011589,3.375,17.875,0.1985784606904963,15.625,0.0,125.5
111,114,2024-12-28,1,1,2024-25,Utah Jazz,Philadelphia 76ers,116.875,51.75,46.0,19.125,46.5,11.25,35.25,26.0,18.375,1.5330086503200313,17.25,39.875,43.3125,23.0,45.125,50.4534259159685,19.125,24.375,77.74999999999999,0.0,7.0,0.40640950174198254,6.5,17.75,0.37331172600619195,18.375,0.0,134.5,109.25,36.75,54.0,18.5,43.5,10.0,33.5,22.5,14.0,1.8645833333333333,12.25,34.5,35.2125,27.0,51.125,52.97068450021518,18.5,24.0,79.1,0.0,10.0,0.7949118589743589,3.625,17.75,0.2077220471521942,14.0,0.0,123.0
100,104,2024-12-29,1,1,2024-25,Houston Rockets,Miami Heat,112.75,36.0,60.25,16.5,48.375,13.625,34.75,22.375,14.375,1.6922575280112044,12.0,36.5,32.0375,30.125,53.75,56.43807060747901,16.5,20.75,79.6875,0.0,7.5,0.5506871498599439,6.25,16.25,0.3895089285714286,14.375,0.0,130.5,110.0,40.125,49.5,20.375,42.875,8.0,34.875,23.125,15.25,1.6444175283136195,13.375,37.0,36.625,24.75,46.125,53.8443070921493,20.375,25.0,82.6,0.0,8.625,0.5976767782011589,3.375,17.75,0.1998942501641805,15.25,0.0,123.125
102,101,2024-12-29,1,1,2024-25,Orlando Magic,Brooklyn Nets,102.0,28.875,55.75,17.375,40.875,10.75,30.125,21.125,16.875,1.3057694064247773,9.625,32.5,29.1875,27.875,52.375,53.48853216658449,17.375,21.625,81.73750000000001,0.0,8.875,0.5416650857667482,6.625,20.875,0.32032752240132106,16.875,0.0,111.0,102.625,40.125,47.0,15.5,41.75,10.875,30.875,23.875,17.875,1.3646496649205626,13.375,39.25,34.35,23.5,46.5,50.71801720816068,15.5,19.0,80.9125,0.0,8.25,0.4709824145582659,3.5,20.25,0.17343147865206687,17.875,0.0,109.75
114,123,2024-12-29,1,1,2024-25,Boston Celtics,Indiana Pacers,118.375,51.0,51.25,16.125,50.75,13.25,37.5,25.25,12.875,2.3754225306856886,17.0,49.125,34.4,25.625,45.375,56.76407537586908,16.125,21.125,76.425,0.0,7.75,0.685358428121586,5.375,14.75,0.3768134278002699,12.875,0.0,137.75,115.125,41.625,58.25,15.25,42.875,8.125,34.75,29.75,12.5,2.511196524064171,13.875,37.75,36.6625,29.125,49.875,58.51911227061477,15.25,19.125,79.0875,0.0,7.125,0.5864861853832443,5.875,19.25,0.30438596491228065,12.5,0.0,139.75
112,110,2024-12-29,1,1,2024-25,Minnesota Timberwolves,San Antonio Spurs,105.125,45.0,47.25,12.875,43.625,10.375,33.25,25.125,14.625,1.7746050824175823,15.0,38.375,38.7625,23.625,49.25,48.24053011220564,12.875,17.5,74.23750000000001,0.0,9.0,0.6403502747252747,4.75,16.375,0.2950080964786847,14.625,0.0,119.375,111.75,40.875,54.5,16.375,45.875,10.375,35.5,30.125,15.5,1.9873437127887592,13.625,37.875,36.65,27.25,50.25,54.50102731930875,16.375,20.5,80.5,0.0,7.125,0.46776993860972194,9.0,15.375,0.6040577478077478,15.5,0.0,137.0
107,136,2024-12-29,1,1,2024-25,Toronto Raptors,Atlanta Hawks,113.25,39.375,58.5,15.375,40.25,10.25,30.0,30.375,14.875,2.0990460927960926,13.125,36.25,36.262499999999996,29.25,55.75,52.36844970451528,15.375,19.5,78.6875,0.0,7.75,0.5340964590964591,3.875,23.125,0.1735971340628387,14.875,0.0,126.875,121.125,43.125,58.25,19.75,46.75,12.125,34.625,30.875,17.25,1.9500586987607447,14.375,38.125,37.65,29.125,53.125,55.78189339316996,19.75,24.5,79.7,0.0,10.375,0.6156211243998968,4.875,17.25,0.3096486846486846,17.25,0.0,144.25
130,106,2024-12-29,1,1,2024-25,Oklahoma City Thunder,Memphis Grizzlies,115.5,39.75,61.5,14.25,48.125,11.625,36.5,25.625,12.375,2.7534367593191122,13.25,38.375,34.3625,30.75,54.875,56.1319540774074,14.25,17.25,83.1,0.0,11.625,1.1235024779142426,5.5,18.625,0.30944863691090474,12.375,0.0,141.75,131.75,52.125,60.5,19.125,50.75,14.5,36.25,32.125,17.75,1.8577838827838828,17.375,40.5,42.324999999999996,30.25,57.5,52.77142171380736,19.125,24.75,76.2125,0.0,10.375,0.5943465847877613,5.625,20.75,0.2900008145975888,17.75,0.0,156.875
113,116,2024-12-30,1,1,2024-25,New Orleans Pelicans,LA Clippers,112.375,36.375,58.5,17.5,43.625,13.375,30.25,26.25,15.25,1.8602312306501547,12.125,35.625,34.4125,29.25,59.0,49.6226099842203,17.5,22.25,77.9875,0.0,10.125,0.6989346835225319,5.5,21.0,0.25381378966190177,15.25,0.0,124.625,107.375,37.5,54.0,15.875,41.25,8.25,33.0,21.875,17.25,1.4228004273791897,12.5,35.375,35.225,27.0,49.25,55.411759741716864,15.875,19.875,80.1125,0.0,10.875,0.7066283736034459,4.875,20.375,0.2539388243335612,17.25,0.0,119.875
121,132,2024-12-30,1,1,2024-25,Utah Jazz,Denver Nuggets,113.125,51.0,44.0,18.125,44.875,11.625,33.25,25.125,19.375,1.3828463126576938,17.0,40.375,42.0,22.0,43.75,50.14755917068549,18.125,23.375,77.175,0.0,6.625,0.3698835277160085,5.5,18.75,0.3074293730650155,19.375,0.0,125.5,124.0,36.375,68.25,19.375,45.625,10.375,35.25,31.625,15.625,2.1930194805194807,12.125,31.5,38.4625,34.125,56.875,60.258967227359236,19.375,25.25,76.7875,0.0,8.375,0.5398086288711289,4.0,17.75,0.2241593567251462,15.625,0.0,150.0
110,100,2024-12-30,1,1,2024-25,Sacramento Kings,Dallas Mavericks,113.75,38.25,60.25,15.25,44.25,11.0,33.25,27.75,11.75,2.550507305194805,12.75,36.875,34.3125,30.125,55.875,54.037032996867616,15.25,18.875,78.5,0.0,7.75,0.7020089285714286,4.5,19.5,0.2384978201566908,11.75,0.0,132.75,113.25,42.0,53.5,17.75,42.375,9.625,32.75,24.125,14.125,1.7313880198748621,14.0,36.625,37.6875,26.75,49.25,54.24476175174373,17.75,22.75,80.4625,0.0,8.375,0.6092335296282665,5.5,15.625,0.3576388888888889,14.125,0.0,129.375
103,125,2024-12-30,1,1,2024-25,Portland Trail Blazers,Philadelphia 76ers,112.375,38.25,58.5,15.625,45.375,12.125,33.25,24.75,14.25,1.8540944344398291,12.75,38.5,33.3375,29.25,52.375,56.2552477658375,15.625,19.25,80.22500000000001,0.0,7.25,0.5447442816686238,4.75,20.0,0.24553694843168528,14.25,0.0,127.75,110.75,39.0,52.0,19.75,42.875,10.0,32.875,22.375,13.0,2.028645833333333,13.0,35.75,36.3625,26.0,50.375,51.77638502209395,19.75,25.0,80.71249999999999,0.0,10.5,0.9433493589743589,4.625,18.125,0.25317659260673964,13.0,0.0,125.75
95,113,2024-12-30,1,1,2024-25,Golden State Warriors,Cleveland Cavaliers,106.0,43.5,49.5,13.0,42.625,13.375,29.25,27.0,13.875,2.156962481962482,14.5,42.0,33.7125,24.75,50.0,49.70646849830299,13.0,18.0,70.44999999999999,0.0,9.0,0.6596348096348097,5.625,16.375,0.367245005012748,13.875,0.0,118.625,124.625,55.125,51.5,18.0,43.75,11.0,32.75,30.875,12.5,2.6076431738196444,18.375,44.0,41.85,25.75,44.75,57.965651425571224,18.0,23.125,78.0875,0.0,9.25,0.7543592028886147,3.625,17.375,0.2032803663036534,12.5,0.0,149.875
106,126,2024-12-30,1,1,2024-25,Washington Wizards,New York Knicks,111.125,43.125,53.0,15.0,48.0,11.875,36.125,25.125,17.375,1.5021936106978677,14.375,40.125,35.425000000000004,26.5,51.125,51.76955265128795,15.0,18.875,78.5125,0.0,7.75,0.466830721523059,6.25,20.375,0.3280854598617756,17.375,0.0,126.625,117.125,37.5,62.0,17.625,45.25,12.125,33.125,26.75,15.125,2.0997162022703817,12.5,34.875,35.462500000000006,31.0,53.375,57.90847738249998,17.625,22.625,78.425,0.0,8.75,0.652468180254558,3.625,17.25,0.23554261982570807,15.125,0.0,136.625
108,115,2024-12-30,1,1,2024-25,Charlotte Hornets,Chicago Bulls,104.125,33.75,53.25,17.125,46.375,12.625,33.75,25.125,16.875,1.7058732448322231,11.25,37.375,31.1125,26.625,50.875,52.3441687167669,17.125,22.75,75.025,0.0,9.0,0.6133239515902054,4.625,19.875,0.2381425521835991,16.875,0.0,116.375,110.75,47.25,50.5,13.0,45.125,9.25,35.875,29.5,13.75,2.186418269230769,15.75,45.625,34.9,25.25,47.75,53.17530487482771,13.0,15.875,82.7,0.0,8.0,0.5744609557109557,4.5,18.75,0.24556822134768358,13.75,0.0,128.875
112,120,2024-12-31,1,1,2024-25,Indiana Pacers,Milwaukee Bucks,116.875,40.5,60.0,16.375,45.5,9.125,36.375,30.25,11.5,2.7170788770053473,13.5,36.125,37.3875,30.0,52.125,57.5935008575713,16.375,20.625,78.4375,0.0,6.75,0.6036430481283424,5.25,19.0,0.2730392156862745,11.5,0.0,144.125,109.75,43.125,53.0,13.625,42.375,7.625,34.75,25.125,14.75,1.8942174145299144,14.375,36.375,39.55,26.5,50.375,53.569205885661454,13.625,17.5,78.3375,0.0,8.75,0.601902754552211,4.0,16.5,0.23895599906629317,14.75,0.0,125.5
113,105,2024-12-31,1,1,2024-25,Oklahoma City Thunder,Minnesota Timberwolves,115.625,38.625,63.0,14.0,46.875,11.125,35.75,26.5,12.875,2.6076034259857788,12.875,38.0,33.8125,31.5,55.375,56.91007426230725,14.0,16.625,85.30000000000001,0.0,11.0,0.9360024779142426,5.25,19.625,0.27038613691090474,12.875,0.0,140.75,105.875,42.0,51.0,12.875,45.75,11.75,34.0,25.25,13.875,1.8902300824175824,14.0,38.625,36.237500000000004,25.5,51.625,49.640144011819544,12.875,17.375,74.72500000000001,0.0,8.75,0.6434752747252748,4.375,17.0,0.26662645396660745,13.875,0.0,120.875
110,122,2024-12-31,1,1,2024-25,Los Angeles Lakers,Cleveland Cavaliers,110.875,36.375,54.5,20.0,43.75,9.625,34.125,25.125,15.375,1.8892440892440892,12.125,33.625,36.8125,27.25,50.125,54.82982872731805,20.0,25.5,78.875,0.0,8.375,0.5982081324472629,5.75,16.875,0.3456285612535613,15.375,0.0,128.625,124.25,56.625,51.0,16.625,44.625,10.625,34.0,30.5,13.0,2.511289007152978,18.875,45.125,42.037499999999994,25.5,45.125,56.9896088346218,16.625,21.375,77.4625,0.0,9.75,0.7699842028886147,3.625,18.0,0.1957803663036534,13.0,0.0,149.125
122,86,2024-12-31,1,1,2024-25,San Antonio Spurs,LA Clippers,110.375,40.5,53.75,16.125,44.125,9.375,34.75,29.875,15.125,2.0402283281733746,13.5,37.875,36.324999999999996,26.875,49.5,54.587832874864304,16.125,20.125,80.6875,0.0,7.0,0.47546224630202955,8.125,15.375,0.5554466366966367,15.125,0.0,133.375,111.875,38.25,56.5,17.125,40.5,8.75,31.75,23.25,16.5,1.5286188417014404,12.75,35.0,36.175,28.25,50.0,57.322058745039115,17.125,21.625,79.2625,0.0,11.375,0.7494672482837529,4.875,20.125,0.25617096719070404,16.5,0.0,126.875
125,71,2024-12-31,1,1,2024-25,Boston Celtics,Toronto Raptors,117.5,50.25,52.0,15.25,49.5,12.375,37.125,25.25,12.25,2.5316725306856886,16.75,48.375,34.35,26.0,44.625,58.75125486304857,15.25,20.0,75.8375,0.0,7.75,0.7214161204292784,5.25,15.5,0.356216836891179,12.25,0.0,138.0,111.875,36.375,59.25,16.25,41.875,11.125,30.75,29.0,17.125,1.8481155717042812,12.125,34.375,35.1,29.625,56.625,52.23942723942724,16.25,20.625,78.0,0.0,7.375,0.4494190397416204,4.0,23.625,0.1757824487481534,17.125,0.0,123.375
112,117,2024-12-31,1,1,2024-25,Phoenix Suns,Memphis Grizzlies,110.0,39.75,53.5,16.75,41.375,10.125,31.25,26.875,13.5,2.2293917796384903,13.25,35.25,37.3125,26.75,50.25,53.20076156612811,16.75,20.625,80.7,0.0,8.5,0.7069851475279108,5.25,16.5,0.34313815269697623,13.5,0.0,129.125,127.5,51.0,58.0,18.5,51.375,15.0,36.375,31.625,18.125,1.8002442002442003,17.0,41.5,40.824999999999996,29.0,56.625,51.238402845882824,18.5,23.75,77.0125,0.0,9.625,0.5467275371687136,5.125,20.125,0.2733341479309221,18.125,0.0,149.75
119,103,2025-01-01,1,1,2024-25,New York Knicks,Utah Jazz,120.375,39.0,62.25,19.125,45.875,12.5,33.375,27.625,14.25,2.405966202270382,13.0,35.125,36.449999999999996,31.125,53.75,57.74507868968952,19.125,23.875,81.425,0.0,8.875,0.7264265135878913,2.5,17.875,0.15048622884826446,14.25,0.0,141.5,116.125,50.25,47.75,18.125,44.75,11.375,33.375,26.0,18.875,1.4703463126576937,16.75,39.875,41.8125,23.875,45.0,52.95731794261531,18.125,23.5,76.6375,0.0,6.625,0.37925852771600854,5.0,18.75,0.27801760835913314,18.875,0.0,130.0
110,99,2025-01-01,1,1,2024-25,Houston Rockets,Dallas Mavericks,113.625,37.125,60.25,16.25,49.25,14.625,34.625,22.875,15.0,1.6105267587804353,12.375,36.75,32.8125,30.125,54.0,56.23870856601171,16.25,20.25,80.7,0.0,7.0,0.45813907293686706,5.625,16.375,0.3570684523809524,15.0,0.0,131.125,112.75,40.875,52.75,19.125,41.375,9.0,32.375,23.125,14.0,1.6849698912198914,13.625,36.0,37.31250000000001,26.375,49.375,53.266226398208374,19.125,24.0,82.26249999999999,0.0,8.125,0.5989996114996115,6.875,16.625,0.41805555555555557,14.0,0.0,128.0
125,107,2025-01-01,1,1,2024-25,Washington Wizards,Chicago Bulls,110.375,45.375,50.5,14.5,47.25,10.875,36.375,25.75,16.375,1.623530607034864,15.125,41.5,36.5625,25.25,48.75,51.85583716509347,14.5,18.875,76.2375,0.0,7.25,0.46499921969155716,6.625,20.125,0.3465637207313409,16.375,0.0,126.625,112.625,46.875,51.75,14.0,48.625,10.75,37.875,29.75,13.75,2.2030849358974356,15.625,46.375,34.25,25.875,49.25,52.891213965736796,14.0,17.75,80.0375,0.0,8.25,0.5911276223776224,4.625,18.625,0.2541466527202326,13.75,0.0,132.25
119,108,2025-01-01,1,1,2024-25,Miami Heat,New Orleans Pelicans,107.75,37.875,50.0,19.875,43.5,8.625,34.875,22.375,15.625,1.5381675283136196,12.625,36.5,35.0125,25.0,46.375,54.08440313056467,19.875,25.25,79.98750000000001,0.0,8.875,0.6060101115344924,3.25,17.625,0.19334663111656145,15.625,0.0,119.5,112.0,38.25,57.0,16.75,42.625,12.5,30.125,26.75,16.25,1.6883562306501547,12.75,35.5,36.2125,28.5,57.0,50.14173566728041,16.75,21.375,77.68750000000001,0.0,10.625,0.6598721835225319,5.125,21.125,0.23460383295194506,16.25,0.0,125.0
130,113,2025-01-01,1,1,2024-25,Toronto Raptors,Brooklyn Nets,107.25,35.25,56.0,16.0,41.0,10.75,30.25,28.375,18.125,1.7341045826932924,11.75,35.0,33.5875,28.0,54.75,50.71145147321198,16.0,20.625,75.725,0.0,7.875,0.4585765488991295,4.0,23.625,0.1757824487481534,18.125,0.0,115.75,101.125,39.0,45.5,16.625,42.75,11.125,31.625,23.625,18.375,1.295645140033685,13.0,38.625,34.05,22.75,46.125,49.44779476124461,16.625,20.5,79.9,0.0,8.0,0.43591454125509854,3.5,19.5,0.17816832075733005,18.375,0.0,107.75
113,107,2025-01-01,1,1,2024-25,Sacramento Kings,Philadelphia 76ers,109.875,33.75,59.5,16.625,46.125,12.125,34.0,26.0,12.75,2.136444805194805,11.25,35.375,31.975,29.75,57.375,52.10688593804409,16.625,20.25,81.2125,0.0,7.5,0.6082589285714286,3.75,20.25,0.19246201453009235,12.75,0.0,125.125,112.875,39.75,51.5,21.625,39.875,9.75,30.125,21.75,13.375,1.9649122807017543,13.25,34.25,38.9625,25.75,49.75,52.030236562710186,21.625,27.125,80.3875,0.0,11.0,0.9597967273954116,4.375,19.625,0.2253988148289619,13.375,0.0,126.0
105,96,2025-01-01,1,1,2024-25,Detroit Pistons,Orlando Magic,118.5,43.875,59.5,15.125,41.75,10.375,31.375,27.75,13.25,2.2755639645442276,14.625,39.0,37.675,29.75,53.875,54.86559289666446,15.125,19.0,80.8125,0.0,9.0,0.7498405103668262,3.75,20.875,0.18779306220095696,13.25,0.0,135.125,100.375,28.875,54.5,17.0,40.625,11.0,29.625,22.75,16.875,1.4307694064247771,9.625,32.5,29.1875,27.25,51.75,52.925929875258795,17.0,21.0,81.82499999999999,0.0,8.375,0.5032035473052097,6.25,21.375,0.29715818601688165,16.875,0.0,110.125
139,120,2025-01-01,1,1,2024-25,Denver Nuggets,Atlanta Hawks,125.5,36.0,71.25,18.25,46.25,11.875,34.375,33.5,13.75,2.7409090909090907,12.0,31.625,37.9,35.625,60.25,59.25896722735924,18.25,23.625,77.8125,0.0,8.125,0.6867242132867133,4.125,17.875,0.23059318025455794,13.75,0.0,154.125,121.375,43.5,57.0,20.875,45.75,12.5,33.25,29.625,17.0,1.9059410517019213,14.5,38.75,37.3375,28.5,51.875,55.90689339316996,20.875,26.125,79.325,0.0,11.875,0.7254250459685243,5.25,16.625,0.3362385969293864,17.0,0.0,144.0
116,98,2025-01-02,1,1,2024-25,Oklahoma City Thunder,LA Clippers,114.875,38.625,62.25,14.0,45.875,11.0,34.875,26.25,11.875,2.699270092652446,12.875,38.5,33.2875,31.125,55.375,56.20252709249593,14.0,16.875,84.41250000000001,0.0,11.375,1.0214191445809093,5.125,18.25,0.27399190614167396,11.875,0.0,138.875,109.375,38.25,53.75,17.375,41.5,9.125,32.375,22.75,17.25,1.3522795559871545,12.75,35.875,35.475,26.875,48.5,56.01958498192067,17.375,21.875,79.5125,0.0,10.875,0.6400922482837529,4.875,19.0,0.265545967190704,17.25,0.0,122.875
115,118,2025-01-02,1,1,2024-25,Minnesota Timberwolves,Boston Celtics,106.875,44.25,50.5,12.125,45.125,11.625,33.5,25.625,15.125,1.8388907967032968,14.75,39.375,37.6625,25.25,49.875,51.04812627346034,12.125,15.875,77.85000000000001,0.0,7.625,0.5519574175824177,4.625,17.5,0.2705947079348614,15.125,0.0,121.75,117.75,51.0,51.75,15.0,49.25,12.75,36.5,24.625,12.125,2.506947255960414,17.0,47.75,35.5375,25.875,44.875,58.11543235222606,15.0,20.25,72.7625,0.0,8.75,0.8024600764732344,5.625,15.625,0.38816128133562344,12.125,0.0,138.875
114,106,2025-01-02,1,1,2024-25,Los Angeles Lakers,Portland Trail Blazers,111.25,34.875,56.5,19.875,44.125,9.625,34.5,25.25,15.125,1.9662642912642911,11.625,33.75,35.25,28.25,51.5,55.32727770690989,19.875,25.25,79.35,0.0,7.5,0.536339445578576,5.25,15.875,0.3331285612535613,15.125,0.0,127.5,113.0,37.875,59.25,15.875,43.375,12.125,31.25,25.5,15.25,1.846615801961197,12.625,38.5,32.9875,29.625,51.5,58.325877847138315,15.875,20.375,77.66250000000001,0.0,7.75,0.5554280423523844,4.875,20.875,0.24503087555719136,15.25,0.0,127.0
115,128,2025-01-02,1,1,2024-25,Miami Heat,Indiana Pacers,108.375,38.25,50.75,19.375,41.75,7.875,33.875,24.0,15.125,1.7106788405308142,12.75,36.75,35.0875,25.375,46.125,55.11981729623093,19.375,23.875,81.91250000000001,0.0,9.125,0.6342906545209177,3.0,18.25,0.16706822202565236,15.125,0.0,121.875,115.75,40.125,58.5,17.125,46.625,9.25,37.375,29.125,12.5,2.460134432560903,13.375,36.0,37.175,29.25,52.125,56.17840651794866,17.125,22.25,76.7875,0.0,6.625,0.5466986036838978,5.625,18.875,0.2929796918767507,12.5,0.0,140.625
110,113,2025-01-02,1,1,2024-25,Milwaukee Bucks,Brooklyn Nets,111.625,43.5,54.0,14.125,42.375,7.75,34.625,26.5,15.125,1.9532451923076923,14.5,36.875,39.3625,27.0,50.25,54.43759530873838,14.125,18.375,77.4125,0.0,9.5,0.6505138656633221,3.75,17.25,0.22333099906629317,15.125,0.0,128.75,100.375,35.625,47.75,17.0,41.625,10.625,31.0,23.375,17.75,1.3565425759311207,11.875,36.625,33.05,23.875,47.5,50.14651270996256,17.0,20.625,81.2875,0.0,7.875,0.4503376181781754,2.875,19.125,0.14912420311027122,17.75,0.0,106.375
139,105,2025-01-02,1,1,2024-25,Golden State Warriors,Philadelphia 76ers,106.625,42.375,49.25,15.0,44.625,13.75,30.875,26.75,13.0,2.1986291486291485,14.125,42.0,32.725,24.625,51.875,47.83102302431867,15.0,20.125,74.5125,0.0,8.0,0.62743783993784,5.625,16.75,0.3477644855322285,13.0,0.0,118.375,112.875,41.625,51.0,20.25,38.25,8.875,29.375,22.5,13.875,1.9728070175438597,13.875,36.125,38.65,25.5,47.75,53.50750928998292,20.25,24.875,82.1125,0.0,11.625,0.9839195344129554,4.5,20.375,0.22255790573805279,13.875,0.0,126.75
117,107,2025-01-03,1,1,2024-25,Oklahoma City Thunder,New York Knicks,114.625,36.375,63.0,15.25,43.75,9.375,34.375,26.25,11.375,2.802841521223874,12.125,37.0,32.8875,31.5,55.0,57.38206140622142,15.25,18.5,83.7,0.0,11.0,1.0339191445809093,4.875,17.875,0.2640129145450353,11.375,0.0,137.5,122.75,38.625,66.0,18.125,46.125,12.375,33.75,29.0,13.5,2.572464177978884,12.875,35.0,36.125,33.0,55.625,59.28934773567442,18.125,23.0,80.125,0.0,9.125,0.769948780794369,2.875,17.875,0.17392372884826446,13.5,0.0,146.75
97,106,2025-01-03,1,1,2024-25,Toronto Raptors,Orlando Magic,110.5,37.125,57.5,15.875,40.625,10.625,30.0,29.25,18.0,1.8411121584508683,12.375,35.0,35.5375,28.75,54.25,52.49716575892627,15.875,20.375,76.175,0.0,7.875,0.46615230647488715,4.125,23.125,0.18724078208148676,18.0,0.0,121.75,98.75,29.625,53.0,16.125,39.0,10.25,28.75,22.625,16.75,1.4342034723588433,9.875,33.5,29.275,26.5,50.5,52.770356282185205,16.125,20.125,80.85,0.0,9.25,0.5780661846678471,6.375,21.375,0.30311056696926264,16.75,0.0,107.625
110,113,2025-01-03,1,1,2024-25,Denver Nuggets,San Antonio Spurs,126.625,36.75,71.25,18.625,44.75,10.5,34.25,34.25,13.5,2.847319347319347,12.25,31.875,38.4375,35.625,59.0,60.341104051683566,18.625,23.25,80.9375,0.0,8.0,0.6886472902097902,4.25,17.625,0.2418779024767802,13.5,0.0,156.75,110.875,38.625,56.0,16.25,46.25,9.625,36.625,30.5,14.375,2.287450550395597,12.875,39.125,33.3,28.0,49.875,56.17482347047559,16.25,19.875,82.35,0.0,7.625,0.5726844685242518,8.25,15.625,0.5560876623376624,14.375,0.0,137.375
119,102,2025-01-03,1,1,2024-25,Los Angeles Lakers,Atlanta Hawks,114.625,36.75,57.75,20.125,42.875,9.625,33.25,26.875,14.0,2.1581349206349207,12.25,34.75,36.037499999999994,28.875,51.5,56.55276790298832,20.125,24.875,82.875,0.0,7.625,0.5734897952289256,4.875,15.375,0.3194730990686873,14.0,0.0,133.0,122.5,46.125,56.25,20.125,45.625,11.625,34.0,30.625,17.25,1.9386791469400164,15.375,39.5,38.875,28.125,51.0,56.06247930695259,20.125,25.375,78.4,0.0,11.625,0.6897107602542386,5.625,15.875,0.36393746056575,17.25,0.0,146.5
86,109,2025-01-03,1,1,2024-25,Houston Rockets,Boston Celtics,112.75,34.5,62.5,15.75,47.375,13.625,33.75,22.0,14.875,1.5617172349709114,11.5,34.75,32.2375,31.25,56.875,55.25738234649951,15.75,19.875,79.9125,0.0,8.625,0.576591453889248,5.25,16.625,0.33276289682539684,14.875,0.0,128.125,118.5,52.5,52.25,13.75,46.125,12.0,34.125,25.125,10.375,3.263891700404858,17.5,49.125,35.475,26.125,43.375,60.83579709386739,13.75,18.0,73.8125,0.0,8.5,1.0073211875843455,5.5,15.75,0.3777446146689568,10.375,0.0,140.25
122,134,2025-01-03,1,1,2024-25,Dallas Mavericks,Cleveland Cavaliers,107.25,37.125,52.25,17.875,40.25,8.5,31.75,21.0,14.5,1.5224698912198913,12.375,34.375,35.825,26.125,49.5,52.55507931217692,17.875,22.875,79.51249999999999,0.0,8.25,0.5927496114996115,7.75,17.625,0.4409722222222222,14.5,0.0,119.625,125.375,58.125,51.0,16.25,46.125,11.25,34.875,31.375,13.25,2.5277031485671193,19.375,46.75,41.625,25.5,44.375,57.8025353701497,16.25,21.25,75.96249999999999,0.0,9.75,0.757357940262352,4.5,17.625,0.25550258852587565,13.25,0.0,152.625
138,133,2025-01-03,1,1,2024-25,Sacramento Kings,Memphis Grizzlies,110.125,33.375,60.75,16.0,45.5,11.75,33.75,26.0,13.5,2.0401881207028265,11.125,35.125,31.8125,30.375,56.625,53.933716766314,16.0,19.625,81.03750000000001,0.0,7.375,0.5527776451489687,4.0,19.625,0.21501840550753593,13.5,0.0,125.625,125.25,50.25,55.5,19.5,51.625,15.5,36.125,30.875,18.625,1.6814659197012138,16.75,42.5,39.1875,27.75,55.0,50.54395840143838,19.5,25.25,77.0125,0.0,9.75,0.533718487394958,5.375,21.375,0.27288042742275515,18.625,0.0,145.5
132,120,2025-01-03,1,1,2024-25,New Orleans Pelicans,Washington Wizards,111.875,36.375,58.5,17.0,41.125,11.875,29.25,27.125,15.5,1.8106824338587109,12.125,35.125,34.8,29.25,57.0,51.7721704498891,17.0,21.625,77.8625,0.0,10.375,0.6612090819182538,5.5,20.25,0.27020989355800573,15.5,0.0,125.125,112.875,46.5,51.75,14.625,47.0,11.125,35.875,27.25,16.25,1.7215698227211385,15.5,41.0,38.0875,25.875,50.875,50.868086992560684,14.625,19.0,76.425,0.0,7.75,0.4972704615216225,6.125,18.25,0.34415987457749475,16.25,0.0,129.875
98,94,2025-01-03,1,1,2024-25,Detroit Pistons,Charlotte Hornets,116.625,41.625,60.5,14.5,42.5,10.375,32.125,27.375,13.875,2.2215617715617717,13.875,38.125,36.6,30.25,54.25,55.466656726451696,14.5,18.75,78.375,0.0,9.0,0.7402462121212121,4.125,20.625,0.20862639553429027,13.875,0.0,133.25,103.5,32.25,54.75,16.5,47.75,12.5,35.25,25.0,15.5,1.791230387689366,10.75,39.125,27.9875,27.375,52.0,52.60806737968034,16.5,22.0,74.63749999999999,0.0,8.625,0.6297525230187769,5.0,20.125,0.25480921885026575,15.5,0.0,115.875
121,113,2025-01-04,1,1,2024-25,Golden State Warriors,Memphis Grizzlies,107.375,40.5,51.5,15.375,45.375,12.5,32.875,27.0,13.25,2.138212481962482,13.5,40.125,33.525,25.75,51.75,50.29169479302615,15.375,20.625,74.5875,0.0,7.625,0.5795211732711734,6.375,17.375,0.3785131486338328,13.25,0.0,122.625,128.125,53.25,54.75,20.125,51.75,15.125,36.625,31.625,18.125,1.7605975723622784,17.75,43.625,40.9125,27.375,52.875,51.540335213032584,20.125,26.0,77.01249999999999,0.0,9.125,0.5109593837535014,5.5,20.0,0.28578365322920674,18.125,0.0,150.75
111,122,2025-01-04,1,1,2024-25,San Antonio Spurs,Denver Nuggets,113.5,39.375,57.75,16.375,47.0,9.875,37.125,30.125,13.625,2.361843262946204,13.125,38.0,34.7625,28.875,52.0,55.65722512679028,16.375,20.375,80.3125,0.0,7.375,0.5716723227752639,7.625,15.25,0.5255321067821068,13.625,0.0,140.0,124.875,36.75,70.0,18.125,45.5,10.75,34.75,34.0,13.125,2.9652170745920747,12.25,32.5,37.7375,35.0,59.625,58.6128997576042,18.125,22.625,80.6125,0.0,8.0,0.7184768356643357,4.75,16.75,0.29043559478447245,13.125,0.0,154.625
131,105,2025-01-04,1,1,2024-25,LA Clippers,Atlanta Hawks,109.375,37.125,54.75,17.5,43.25,9.75,33.5,22.875,17.375,1.3506348191450492,12.375,34.75,35.5125,27.375,49.375,56.0621019887234,17.5,21.75,80.65,0.0,9.375,0.5591711956521739,4.75,18.5,0.2611267752715121,17.375,0.0,123.625,121.75,45.0,56.5,20.25,43.25,10.5,32.75,30.0,16.875,1.9756109651218345,15.0,39.875,37.449999999999996,28.25,50.125,56.869349377521296,20.25,25.125,80.0,0.0,12.25,0.7891425784360566,5.125,17.0,0.3136752228035123,16.875,0.0,143.875
102,105,2025-01-04,1,1,2024-25,Milwaukee Bucks,Portland Trail Blazers,110.625,42.0,55.25,13.375,44.25,9.0,35.25,25.875,14.875,1.9376201923076923,14.0,37.625,37.025000000000006,27.625,52.25,53.169109842139704,13.375,17.875,76.1375,0.0,9.5,0.6572102942347506,3.625,17.625,0.2104341736694678,14.875,0.0,126.25,111.75,35.25,60.5,16.0,44.125,12.125,32.0,25.375,15.5,1.8179699686278634,11.75,36.625,32.4375,30.25,53.125,57.57497450477156,16.0,20.875,76.025,0.0,7.375,0.5267822090190512,4.75,20.0,0.24995511798143377,15.5,0.0,125.25
100,136,2025-01-04,1,1,2024-25,Miami Heat,Utah Jazz,107.25,37.875,50.5,18.875,41.125,7.375,33.75,24.5,15.5,1.6878423020692757,12.625,34.625,36.8875,25.25,45.25,55.91701117378195,18.875,23.5,81.1625,0.0,7.875,0.5273195006747639,3.5,17.5,0.21160263498111798,15.5,0.0,122.125,113.25,46.875,49.0,17.375,46.125,12.375,33.75,25.125,19.125,1.3894639597165173,15.625,40.375,38.5375,24.5,46.875,52.18149867747132,17.375,22.625,76.4125,0.0,6.875,0.389062449284636,5.0,19.0,0.27337364551083587,19.125,0.0,124.875
94,123,2025-01-04,1,1,2024-25,Brooklyn Nets,Philadelphia 76ers,101.875,34.875,49.25,17.75,43.625,11.25,32.375,23.5,16.75,1.4466399785285233,11.625,37.25,31.75,24.625,47.75,51.46001683501683,17.75,21.125,82.55,0.0,7.5,0.45926618960674687,3.0,18.25,0.15805277453884264,16.75,0.0,110.625,110.875,39.0,51.0,20.875,37.125,8.5,28.625,22.0,12.75,2.034738835725678,13.0,35.25,37.012499999999996,25.5,48.75,52.31703309950673,20.875,25.375,82.82499999999999,0.0,11.25,1.0214195344129555,4.75,19.875,0.24443290573805282,12.75,0.0,123.25
139,126,2025-01-04,1,1,2024-25,Chicago Bulls,New York Knicks,112.375,46.875,52.75,12.75,47.625,10.0,37.625,29.875,14.25,2.167147435897436,15.625,45.875,34.5375,26.375,49.625,53.5459758704987,12.75,16.375,79.3625,0.0,8.125,0.5661276223776224,4.0,17.875,0.2394705393599087,14.25,0.0,130.625,119.5,34.5,67.0,18.0,44.25,11.75,32.5,26.875,13.125,2.4766308446455505,11.5,33.375,34.0875,33.5,56.375,59.405395481032514,18.0,23.125,78.78750000000001,0.0,8.75,0.7595321141277023,2.875,18.5,0.1677962778678723,13.125,0.0,139.25
119,105,2025-01-04,1,1,2024-25,Detroit Pistons,Minnesota Timberwolves,116.5,43.5,58.5,14.5,43.5,11.0,32.5,26.625,14.75,1.9746867715617717,14.5,38.125,38.287499999999994,29.25,53.625,54.32131129319643,14.5,19.125,76.0625,0.0,9.625,0.7235795454545455,4.5,22.5,0.19936713627503103,14.75,0.0,133.375,108.0,47.625,47.5,12.875,43.875,11.25,32.625,25.375,15.625,1.7555574633699633,15.875,39.875,40.1,23.75,46.125,51.37779660313067,12.875,16.625,78.275,0.0,6.375,0.44518658424908425,4.375,17.25,0.25486044220059567,15.625,0.0,122.25
126,108,2025-01-04,1,1,2024-25,Indiana Pacers,Phoenix Suns,116.875,40.5,60.75,15.625,46.125,10.0,36.125,29.375,11.375,2.7643623737373737,13.5,36.25,37.224999999999994,30.375,53.75,56.500250371769255,15.625,21.25,72.88749999999999,0.0,6.5,0.6137941919191919,5.0,18.25,0.2706582633053221,11.375,0.0,140.75,107.25,34.875,55.5,16.875,42.125,10.25,31.875,25.875,14.625,1.8727741325796665,11.625,33.375,34.949999999999996,27.75,52.5,52.75171464530699,16.875,21.25,78.95,0.0,8.375,0.616911618116146,5.625,17.375,0.3445270415858651,14.625,0.0,123.75
119,115,2025-01-05,1,1,2024-25,Houston Rockets,Los Angeles Lakers,112.125,36.0,60.0,16.125,47.5,14.5,33.0,20.25,14.5,1.4729567307692308,12.0,35.875,32.9375,30.0,56.375,53.402986742103906,16.125,20.125,81.1625,0.0,8.125,0.5566334706959707,5.125,17.5,0.31192956349206347,14.5,0.0,124.375,115.0,37.875,58.0,19.125,44.375,10.5,33.875,27.5,13.5,2.21734544695071,12.625,34.25,37.775,29.0,52.75,55.4662018110343,19.125,23.125,83.89999999999999,0.0,6.875,0.5454577586156533,4.75,14.625,0.3227799773755656,13.5,0.0,135.625
99,129,2025-01-05,1,1,2024-25,Golden State Warriors,Sacramento Kings,110.875,44.625,51.75,14.5,44.5,12.375,32.125,28.5,13.25,2.221545815295815,14.875,41.0,36.05,25.875,50.125,52.06450418778676,14.5,19.625,73.55,0.0,7.875,0.5934100621600622,6.375,17.625,0.374172870856055,13.25,0.0,129.375,111.25,36.75,58.5,16.0,44.875,11.625,33.25,26.5,13.375,2.1220063025210085,12.25,36.625,33.1125,29.25,54.75,53.76150092245636,16.0,20.0,79.4875,0.0,7.375,0.564141281512605,3.875,19.625,0.2095836228988403,13.375,0.0,126.625
105,92,2025-01-05,1,1,2024-25,Oklahoma City Thunder,Boston Celtics,116.125,37.875,62.75,15.5,44.875,9.75,35.125,26.75,11.375,2.8413030596854125,12.625,36.5,35.3375,31.375,55.625,56.53017206748998,15.5,19.125,82.10000000000001,0.0,10.25,0.9762268368886016,5.0,17.5,0.2779835027803294,11.375,0.0,139.875,118.625,54.375,51.25,13.0,45.625,12.125,33.5,25.0,11.625,2.7862131289762866,18.125,47.0,38.4375,25.625,43.0,60.09767129155674,13.0,17.625,71.4375,0.0,8.5,0.873392616155774,5.5,15.75,0.3777446146689568,11.625,0.0,140.75
98,110,2025-01-05,1,1,2024-25,Washington Wizards,New Orleans Pelicans,115.625,45.0,54.0,16.625,46.625,10.75,35.875,28.0,16.875,1.7163614893878052,15.0,39.5,38.0375,27.0,50.5,53.183462295224125,16.625,21.375,78.3375,0.0,7.25,0.4548597472359082,5.25,18.0,0.3091598745774947,16.875,0.0,133.125,115.375,39.375,59.0,17.0,39.625,11.125,28.5,29.375,14.25,2.2481824338587106,13.125,36.125,36.5,29.5,55.875,53.121602268070916,17.0,21.5,78.3,0.0,10.25,0.7410701930293648,5.75,20.625,0.2779850131752306,14.25,0.0,132.25
92,105,2025-01-05,1,1,2024-25,Orlando Magic,Utah Jazz,100.625,33.375,50.75,16.5,39.375,10.5,28.875,23.625,16.625,1.5199177580731287,11.125,35.25,30.925,25.375,47.875,53.17214199647092,16.5,20.625,80.80000000000001,0.0,9.5,0.6006852322868947,6.125,20.0,0.32170031055900616,16.625,0.0,111.875,116.875,49.125,51.5,16.25,48.875,13.125,35.75,26.25,18.0,1.5466844566109272,16.375,41.25,39.5375,25.75,48.5,52.80819244440899,16.25,20.875,77.41250000000001,0.0,7.25,0.44379847412935647,5.125,19.125,0.2784331693203597,18.0,0.0,134.125
115,105,2025-01-05,1,1,2024-25,Cleveland Cavaliers,Charlotte Hornets,127.75,58.125,55.0,14.625,45.625,10.5,35.125,32.75,12.875,2.8146349667489377,19.375,45.5,42.5625,27.5,46.5,59.374234276793935,14.625,18.75,76.5875,0.0,9.125,0.7218465766259884,4.75,18.375,0.2546097313830185,12.875,0.0,157.875,103.375,32.625,54.0,16.75,46.625,11.5,35.125,25.375,15.625,1.8030767929181242,10.875,37.125,29.5625,27.0,51.75,52.11768276429573,16.75,23.125,72.425,0.0,8.75,0.6338374903390382,5.125,18.875,0.29855921885026576,15.625,0.0,116.25
108,106,2025-01-06,1,1,2024-25,Minnesota Timberwolves,LA Clippers,107.75,47.25,46.0,14.5,43.375,11.375,32.0,24.25,16.125,1.6237701330532213,15.75,39.625,40.0375,23.0,45.25,50.61981787972641,14.5,18.25,80.6875,0.0,6.0,0.4005033263305322,4.25,18.0,0.2370032993434528,16.125,0.0,119.625,107.75,34.125,57.75,15.875,44.125,9.75,34.375,23.875,17.5,1.3965907014979906,11.375,34.375,33.3,28.875,51.5,56.25590043833579,15.875,19.875,79.7125,0.0,9.625,0.5679028132992328,4.375,18.125,0.2456855988009239,17.5,0.0,122.625
119,104,2025-01-06,1,1,2024-25,Memphis Grizzlies,Dallas Mavericks,124.25,46.5,57.5,20.25,49.625,14.75,34.875,30.5,18.875,1.6387945033085698,15.5,41.0,38.0375,28.75,54.25,52.622302426147336,20.25,26.125,77.225,0.0,8.875,0.4789900742905858,5.375,19.875,0.2817631853929494,18.875,0.0,142.875,110.625,39.0,53.25,18.375,41.875,10.125,31.75,22.0,14.375,1.6226301476301477,13.0,36.125,36.325,26.625,49.5,53.44793645503406,18.375,23.125,80.5875,0.0,7.5,0.53746114996115,7.625,18.125,0.4223070638511815,14.375,0.0,124.5
114,110,2025-01-06,1,1,2024-25,Chicago Bulls,San Antonio Spurs,114.5,49.125,53.25,12.125,47.875,10.125,37.75,30.25,14.375,2.169551282051282,16.375,45.5,36.925,26.625,50.125,53.504598843024354,12.125,15.125,81.33749999999999,0.0,7.375,0.4988199300699301,3.5,17.625,0.21980180229986734,14.375,0.0,133.5,110.75,37.125,57.25,16.375,49.0,10.5,38.5,29.625,13.25,2.376549145299145,12.375,38.75,32.5,28.625,51.625,55.55129292340045,16.375,19.75,82.725,0.0,5.875,0.4881639194139194,7.5,15.875,0.5026154401154401,13.25,0.0,136.75
118,115,2025-01-06,1,1,2024-25,Detroit Pistons,Portland Trail Blazers,115.75,40.875,60.5,14.375,42.875,11.75,31.125,25.875,13.75,2.025011446886447,13.625,37.875,36.3125,30.25,54.25,55.5940385659237,14.375,18.75,76.82499999999999,0.0,10.125,0.7852678571428571,4.25,22.25,0.18989743930533404,13.75,0.0,132.5,111.25,34.5,60.75,16.0,45.0,11.625,33.375,24.25,16.125,1.6753417634996584,11.5,35.0,33.125,30.375,53.625,57.2178316476287,16.0,20.875,76.025,0.0,7.5,0.5177010124378545,4.625,18.375,0.2688945119208277,16.125,0.0,124.875
123,118,2025-01-06,1,1,2024-25,Sacramento Kings,Miami Heat,114.875,39.75,58.5,16.625,44.875,12.375,32.5,27.0,13.375,2.1532563025210085,13.25,38.375,33.900000000000006,29.25,53.625,55.01578908712189,16.625,20.0,82.325,0.0,8.375,0.626641281512605,3.5,19.5,0.19182046500410344,13.375,0.0,132.375,107.625,36.75,51.0,19.875,40.0,7.125,32.875,25.125,15.0,1.764596688034188,12.25,34.0,36.35,25.5,45.5,56.16248920995766,19.875,24.75,81.7875,0.0,7.875,0.5431089743589743,4.0,17.25,0.250665134981118,15.0,0.0,123.0
99,113,2025-01-06,1,1,2024-25,Brooklyn Nets,Indiana Pacers,101.0,36.75,48.25,16.0,41.875,10.125,31.75,24.0,17.375,1.4392870373520528,12.25,37.5,33.125,24.125,47.5,50.58083362458008,16.0,19.625,79.9625,0.0,7.875,0.4712982751682442,2.75,18.25,0.14614801263408075,17.375,0.0,107.875,117.625,40.125,62.75,14.75,46.125,10.5,35.625,30.0,11.25,2.894570707070707,13.375,36.125,37.037499999999994,31.375,54.75,57.43030989557877,14.75,20.0,73.71249999999999,0.0,6.25,0.5981691919191919,4.625,17.625,0.2602415966386555,11.25,0.0,142.0
94,103,2025-01-06,1,1,2024-25,New York Knicks,Orlando Magic,122.25,31.875,71.25,19.125,45.125,12.125,33.0,27.25,12.625,2.559775641025641,10.625,32.5,32.362500000000004,35.625,58.5,61.11808204819669,19.125,24.75,77.775,0.0,8.25,0.7459574534942183,2.875,17.875,0.1758090983806928,12.625,0.0,142.75,99.75,34.5,50.0,15.25,39.75,11.0,28.75,23.625,15.5,1.6477586671640378,11.5,36.75,30.725,25.0,48.875,51.342456633953816,15.25,19.125,79.48750000000001,0.0,9.75,0.6540943231959856,5.875,20.625,0.29863483436853,15.5,0.0,110.25
104,128,2025-01-06,1,1,2024-25,Toronto Raptors,Milwaukee Bucks,107.5,37.5,55.5,14.5,39.75,10.25,29.5,29.25,17.125,1.964849532188242,12.5,35.375,35.525000000000006,27.75,52.375,52.54172903878367,14.5,18.25,77.5875,0.0,7.75,0.4857230135455942,3.5,21.875,0.16289013273083738,17.125,0.0,119.375,109.125,42.75,54.5,11.875,45.0,9.25,35.75,25.625,14.25,2.0107736013986015,14.25,39.0,36.4,27.25,53.125,51.40591047255736,11.875,15.875,76.3625,0.0,10.125,0.7459887033256598,3.25,17.125,0.1951626804567981,14.25,0.0,124.25
99,109,2025-01-06,1,1,2024-25,Philadelphia 76ers,Phoenix Suns,112.75,40.125,50.5,22.125,38.5,8.125,30.375,22.125,13.125,2.0000166135034556,13.375,36.125,37.15,25.25,47.75,53.102747385221015,22.125,26.875,83.1,0.0,10.875,0.9811417566351777,4.25,19.375,0.22342450237670824,13.125,0.0,125.375,106.25,33.75,55.0,17.5,40.875,9.375,31.5,26.75,14.875,1.8998720346775688,11.25,32.25,35.1375,27.5,52.25,52.52254797864032,17.5,21.5,80.9875,0.0,7.875,0.5662123174168453,6.25,17.5,0.3877962723550959,14.875,0.0,123.375
106,118,2025-01-07,1,1,2024-25,Denver Nuggets,Boston Celtics,123.625,36.75,69.5,17.375,46.0,10.75,35.25,33.75,11.25,3.343463827838828,12.25,32.5,37.7375,34.75,61.0,57.16237892427086,17.375,21.5,81.02499999999999,0.0,8.125,0.8580872252747253,4.625,16.5,0.2892746040723982,11.25,0.0,154.25,114.75,52.125,48.5,14.125,44.25,11.5,32.75,23.75,12.125,2.6377756289762866,17.375,47.125,36.724999999999994,24.25,41.0,59.648953342838794,14.125,18.875,71.6625,0.0,8.25,0.8369342828224408,5.625,16.5,0.37080017022451234,12.125,0.0,133.25
112,135,2025-01-07,1,1,2024-25,Washington Wizards,Houston Rockets,112.5,42.75,54.75,15.0,45.875,10.375,35.5,27.0,16.625,1.6825073227211387,14.25,39.375,36.325,27.375,51.375,52.897639124492414,15.0,19.25,78.48750000000001,0.0,7.375,0.467012525013686,4.75,18.0,0.28138209679971693,16.625,0.0,127.5,110.375,34.875,60.0,15.5,48.375,16.0,32.375,18.375,13.75,1.5146233974358976,11.625,36.0,31.8625,30.0,57.75,51.800762165832715,15.5,20.125,77.875,0.0,7.625,0.5462168040293041,4.875,17.75,0.29715683621933625,13.75,0.0,119.125
121,124,2025-01-07,1,1,2024-25,Utah Jazz,Atlanta Hawks,114.25,45.75,53.75,14.75,47.375,12.625,34.75,26.0,17.375,1.5595211569476275,15.25,40.25,37.5875,26.875,49.25,54.427793773312644,14.75,19.25,77.2375,0.0,7.375,0.45474123507211744,4.75,19.125,0.25869632721509656,17.375,0.0,130.5,119.125,45.0,54.5,19.625,42.0,10.0,32.0,29.75,16.875,1.9647413999044434,15.0,40.875,36.5375,27.25,48.0,57.061036221750506,19.625,24.625,78.85,0.0,11.875,0.7728382306099697,4.875,15.75,0.3212509803792698,16.875,0.0,139.125
115,104,2025-01-07,1,1,2024-25,Charlotte Hornets,Phoenix Suns,103.0,33.75,52.25,17.0,47.875,12.0,35.875,24.0,15.125,1.7640142929181242,11.25,37.625,30.075,26.125,52.25,49.651696369737905,17.0,22.875,74.5,0.0,8.375,0.6291499903390383,4.625,17.75,0.2892999595910065,15.125,0.0,114.375,106.0,35.625,54.0,16.375,40.875,9.0,31.875,27.25,14.375,2.014455368010902,11.875,32.375,37.0375,27.0,52.0,51.820624901717245,16.375,20.375,79.71249999999999,0.0,8.0,0.5922539840835119,6.25,17.25,0.39057405013287366,14.375,0.0,124.5
97,104,2025-01-07,1,1,2024-25,New Orleans Pelicans,Minnesota Timberwolves,115.0,41.25,56.75,17.0,41.125,11.125,30.0,29.5,14.25,2.2585991005253776,13.75,38.75,35.2875,28.375,53.0,53.44553519490019,17.0,20.875,80.55,0.0,10.375,0.7514868596960315,6.5,19.5,0.34354445373467113,14.25,0.0,134.75,108.375,48.0,46.75,13.625,44.625,12.125,32.5,23.875,16.125,1.5987701330532211,16.0,39.75,40.5625,23.375,45.875,50.78687762815409,13.625,17.25,79.53750000000001,0.0,6.125,0.40883665966386556,4.625,18.25,0.2543644104545639,16.125,0.0,121.625
98,114,2025-01-07,1,1,2024-25,Golden State Warriors,Miami Heat,109.125,43.125,52.0,14.0,43.25,12.125,31.125,27.5,14.625,2.0056367243867244,14.375,40.125,35.575,26.0,50.25,52.19131578198966,14.0,19.0,73.3375,0.0,8.0,0.5479555167055167,6.0,17.375,0.35942131806102395,14.625,0.0,124.25,108.125,37.5,52.25,18.375,41.875,7.75,34.125,26.25,14.875,1.8544776404151404,12.5,35.25,36.1125,26.125,47.625,54.980318667321995,18.375,22.875,81.6875,0.0,8.75,0.609775641025641,4.5,16.5,0.2801388191916443,14.875,0.0,125.875
118,97,2025-01-07,1,1,2024-25,Dallas Mavericks,Los Angeles Lakers,109.5,38.625,53.5,17.375,42.75,10.375,32.375,22.0,14.625,1.5905788655788655,12.875,36.25,35.837500000000006,26.75,50.625,52.75940937043273,17.375,22.25,78.95,0.0,6.875,0.48040986790986795,8.0,18.625,0.4330393870835047,14.625,0.0,122.375,115.25,39.375,57.0,18.875,42.625,10.0,32.625,28.0,13.125,2.3308069854122486,13.125,34.625,38.775,28.5,50.375,56.68595200619433,18.875,22.875,83.75,0.0,6.375,0.5185346816925764,4.125,15.25,0.27441688213747034,13.125,0.0,135.875
109,103,2025-01-08,1,1,2024-25,Philadelphia 76ers,Washington Wizards,112.75,41.625,49.5,21.625,39.125,8.25,30.875,23.0,12.75,2.1250166135034556,13.875,36.875,37.7875,24.75,47.25,52.518683972621936,21.625,26.75,81.525,0.0,10.75,0.9888340643274853,4.375,19.75,0.22630279185039245,12.75,0.0,126.625,113.875,41.625,56.75,15.5,45.375,11.375,34.0,27.125,16.5,1.696761708686051,13.875,39.125,35.650000000000006,28.375,52.625,53.761061416486136,15.5,19.75,79.26249999999999,0.0,7.25,0.4626265601014053,4.75,19.125,0.2576978862734011,16.5,0.0,128.125
112,98,2025-01-08,1,1,2024-25,New York Knicks,Toronto Raptors,116.625,27.0,70.75,18.875,45.5,12.5,33.0,25.0,12.0,2.4764423076923077,9.0,30.625,28.900000000000002,35.375,59.75,59.22427367739074,18.875,23.875,79.375,0.0,7.625,0.7214476495726496,3.125,16.75,0.1920128020843965,12.0,0.0,134.875,108.75,35.25,58.75,14.75,39.875,10.25,29.625,29.375,17.5,1.9190161988549084,11.75,34.25,34.475,29.375,54.125,54.02982427687891,14.75,19.125,75.5,0.0,8.375,0.5148896802122609,3.5,20.125,0.17898208675382588,17.5,0.0,120.75
129,122,2025-01-08,1,1,2024-25,Cleveland Cavaliers,Oklahoma City Thunder,125.875,56.625,56.25,13.0,45.5,10.125,35.375,32.25,12.25,2.8740712412587412,18.875,45.0,41.875,28.125,48.375,57.9486640487027,13.0,17.125,75.1875,0.0,8.0,0.6709887334887336,4.625,18.125,0.2519007530548451,12.25,0.0,153.5,116.25,38.625,62.25,15.375,44.625,9.375,35.25,26.5,11.625,2.7988923453996986,12.875,37.0,35.45,31.125,55.25,56.387903621650096,15.375,18.625,83.85,0.0,10.625,0.9907357654600302,5.125,17.625,0.2828854635646431,11.625,0.0,140.0
98,113,2025-01-08,1,1,2024-25,Brooklyn Nets,Detroit Pistons,101.625,37.875,48.25,15.5,42.0,10.625,31.375,23.875,16.75,1.4867494433670903,12.625,36.625,34.725,24.125,48.875,49.366446160192616,15.5,19.5,76.44999999999999,0.0,7.75,0.48351632028102615,2.75,18.5,0.14382603120993212,16.75,0.0,108.5,115.625,41.625,59.0,15.0,43.625,12.25,31.375,25.5,14.375,1.8916781135531133,13.875,37.375,37.2125,29.5,53.375,55.09961665922999,15.0,19.25,77.9,0.0,10.0,0.735267857142857,3.75,21.0,0.18323077263866738,14.375,0.0,132.5
129,113,2025-01-08,1,1,2024-25,Indiana Pacers,Chicago Bulls,116.5,38.25,61.5,16.75,44.25,10.375,33.875,28.25,11.25,2.7487373737373737,12.75,35.125,36.425,30.75,54.875,55.9453808175646,16.75,21.875,77.3125,0.0,6.375,0.6085858585858587,4.625,17.875,0.2553396358543417,11.25,0.0,137.125,114.125,46.875,55.25,12.0,46.75,10.5,36.25,30.5,14.5,2.170352564102564,15.625,43.875,36.525,27.625,52.75,52.81015439857991,12.0,15.0,81.2375,0.0,8.625,0.5933712121212121,3.75,16.375,0.2621994631185808,14.5,0.0,132.875
121,105,2025-01-08,1,1,2024-25,Milwaukee Bucks,San Antonio Spurs,112.5,47.25,53.25,12.0,45.125,8.875,36.25,27.375,14.375,2.0872616966366966,15.75,41.125,38.025,26.625,50.625,53.164077441704364,12.0,15.5,78.725,0.0,9.25,0.7001553699923265,3.75,17.375,0.21838249469828416,14.375,0.0,130.75,110.25,39.0,56.0,15.25,49.0,10.625,38.375,29.375,13.875,2.2607403217697333,13.0,40.0,33.1,28.0,50.625,55.49311175619673,15.25,19.0,78.89999999999999,0.0,6.0,0.47407078215901743,7.375,16.625,0.45053210678210676,13.875,0.0,134.75
100,119,2025-01-08,1,1,2024-25,New Orleans Pelicans,Portland Trail Blazers,115.5,41.25,57.0,17.25,41.25,10.75,30.5,29.5,13.625,2.312640453908836,13.75,39.625,34.5375,28.5,53.5,53.2578185988278,17.25,21.5,79.8125,0.0,10.875,0.8059981378915202,6.5,19.25,0.3470166759568934,13.625,0.0,134.875,109.875,34.5,61.5,13.875,44.125,10.625,33.5,24.625,16.875,1.5628417634996583,11.5,33.625,34.4875,30.75,54.125,57.38271578310107,13.875,18.5,73.1125,0.0,7.375,0.4770760124378545,4.25,18.375,0.24806117858749438,16.875,0.0,123.25
126,103,2025-01-08,1,1,2024-25,Denver Nuggets,LA Clippers,122.25,36.0,68.5,17.75,45.125,11.0,34.125,32.125,11.75,3.1507554945054945,12.0,31.875,37.724999999999994,34.25,61.25,55.88186671938891,17.75,22.0,80.8,0.0,8.125,0.8424622252747253,4.875,16.75,0.3000589177978884,11.75,0.0,149.625,106.25,33.375,56.5,16.375,44.375,10.5,33.875,23.0,17.25,1.3677445476518366,11.125,34.625,32.2875,28.25,51.75,54.83139901383437,16.375,20.875,77.94999999999999,0.0,9.625,0.5794412748376943,5.25,18.0,0.2927250724851344,17.25,0.0,119.75
92,97,2025-01-09,1,1,2024-25,Utah Jazz,Miami Heat,116.25,47.625,52.25,16.375,47.625,13.0,34.625,26.0,17.125,1.5812225458365163,15.875,41.125,38.275,26.125,49.625,52.396543773312644,16.375,20.25,81.625,0.0,7.0,0.44085234618322855,4.25,19.25,0.22560809192097891,17.125,0.0,131.375,108.625,37.125,54.25,17.25,42.375,8.25,34.125,26.875,14.125,2.0435401404151405,12.375,35.125,35.925,27.125,50.0,54.17609072614553,17.25,22.0,79.57499999999999,0.0,8.75,0.637900641025641,4.5,15.5,0.2997466623288991,14.125,0.0,126.625
89,104,2025-01-09,1,1,2024-25,Orlando Magic,Minnesota Timberwolves,97.5,34.5,49.0,14.0,39.5,10.875,28.625,23.5,15.375,1.6565727697281407,11.5,36.0,31.450000000000003,24.5,48.5,50.789265144592115,14.0,18.0,78.1,0.0,10.0,0.6789340667857292,5.375,20.125,0.2826165277323744,15.375,0.0,108.0,108.375,48.375,46.25,13.75,45.875,11.5,34.375,23.25,15.625,1.6054227941176469,16.125,39.875,40.75,23.125,45.5,50.665349850376316,13.75,18.0,76.55,0.0,5.75,0.4035845588235294,5.25,18.25,0.29112911633691685,15.625,0.0,122.5
117,111,2025-01-09,1,1,2024-25,Dallas Mavericks,Portland Trail Blazers,107.75,40.875,51.25,15.625,43.125,10.125,33.0,22.25,14.875,1.5626068376068376,13.625,36.5,37.6,25.625,49.875,51.45732603709939,15.625,19.75,79.05,0.0,6.5,0.4340811965811966,7.5,18.0,0.40922986327398087,14.875,0.0,121.0,113.0,34.875,63.75,14.375,44.125,11.125,33.0,25.0,17.125,1.5609186865765814,11.625,32.75,35.5125,31.875,54.0,59.664101849864494,14.375,19.0,74.3875,0.0,7.75,0.49181960218144427,4.75,18.25,0.28556117858749436,17.125,0.0,129.625
123,115,2025-01-09,1,1,2024-25,Phoenix Suns,Atlanta Hawks,103.375,33.375,54.0,16.0,41.75,9.25,32.5,26.875,13.375,2.1239051287764523,11.125,32.875,34.025,27.0,53.25,50.48025824658062,16.0,19.875,80.13749999999999,0.0,7.25,0.5671343668586315,6.625,17.5,0.4063607996152753,13.375,0.0,120.625,120.625,46.5,55.5,18.625,42.375,10.75,31.625,30.5,15.0,2.2572413999044434,15.5,41.625,37.05,27.75,49.5,56.333522994237285,18.625,23.5,78.4375,0.0,11.25,0.7928382306099697,5.5,16.75,0.33017955180784125,15.0,0.0,142.5
104,107,2025-01-09,1,1,2024-25,Detroit Pistons,Golden State Warriors,113.125,40.125,59.0,14.0,44.5,11.875,32.625,25.375,14.625,1.8436011904761904,13.375,37.125,36.1875,29.5,53.25,55.252677883719784,14.0,18.0,77.14999999999999,0.0,9.5,0.6852678571428571,4.375,21.125,0.21316498316498317,14.625,0.0,130.75,108.25,43.875,51.75,12.625,44.25,12.125,32.125,27.375,14.75,1.9677579365079365,14.625,41.625,35.125,25.875,49.75,52.47176449993838,12.625,17.0,74.41250000000001,0.0,8.25,0.5621600621600622,5.875,17.625,0.34211362575333165,14.75,0.0,124.0
115,119,2025-01-09,1,1,2024-25,Memphis Grizzlies,Houston Rockets,123.125,44.25,56.5,22.375,51.5,15.375,36.125,29.125,18.5,1.5957389477530142,14.75,40.25,36.8375,28.25,53.875,52.08321886819585,22.375,28.875,77.25,0.0,8.625,0.48037896317947465,5.875,19.25,0.3128460730934842,18.5,0.0,142.125,113.0,37.875,60.5,14.625,47.875,16.125,31.75,20.0,12.375,1.7949805402930403,12.625,37.25,33.675,30.25,57.5,52.453721321153644,14.625,18.875,78.525,0.0,8.0,0.6622882326007327,4.375,18.125,0.2582912900008488,12.375,0.0,124.75
132,126,2025-01-09,1,1,2024-25,Cleveland Cavaliers,Toronto Raptors,126.5,54.75,57.75,14.0,44.5,10.5,34.0,33.0,11.875,2.965737907925408,18.25,43.625,41.7625,28.875,49.625,57.96970781974647,14.0,18.75,73.7375,0.0,7.5,0.652933177933178,4.875,19.375,0.2644007530548451,11.875,0.0,153.625,107.25,32.625,59.5,15.125,38.75,9.875,28.875,28.375,17.0,1.9064111568381017,10.875,32.125,34.35,29.75,54.375,54.51501835450996,15.125,19.375,76.85,0.0,8.25,0.5215423412766866,3.875,18.875,0.2139820867538259,17.0,0.0,119.375
101,126,2025-01-10,1,1,2024-25,New York Knicks,Oklahoma City Thunder,116.0,26.625,70.25,19.125,45.0,12.25,32.75,24.75,13.375,2.0139423076923078,8.875,29.875,29.2875,35.125,59.0,59.48507844639222,19.125,24.375,78.4375,0.0,7.875,0.6167601495726496,3.25,16.5,0.20328731188831806,13.375,0.0,133.375,116.125,39.0,62.25,14.875,42.0,8.125,33.875,27.75,11.75,2.8750141402714933,13.0,36.125,36.6,31.125,54.125,57.42541608426227,14.875,18.0,84.075,0.0,9.875,0.9210242269984917,4.625,18.375,0.2464271302313098,11.75,0.0,139.375
138,105,2025-01-10,1,1,2024-25,Chicago Bulls,Washington Wizards,116.0,46.125,57.5,12.375,46.25,10.375,35.875,29.875,15.125,2.060844017094017,15.375,43.125,36.55,28.75,52.0,55.609432004359064,12.375,16.0,78.425,0.0,8.375,0.5581148018648018,4.0,17.625,0.2577351774042951,15.125,0.0,134.75,113.625,40.5,59.0,14.125,45.375,12.0,33.375,27.25,16.375,1.7128435800310802,13.5,37.5,36.4125,29.5,54.625,54.2167905831528,14.125,18.375,76.975,0.0,6.75,0.43740726185579126,4.5,19.375,0.2368645529400678,16.375,0.0,127.75
108,96,2025-01-10,1,1,2024-25,Indiana Pacers,Golden State Warriors,118.75,37.875,63.5,17.375,44.625,11.25,33.375,29.625,11.375,2.833673271173271,12.625,34.375,36.8125,31.75,56.625,55.8836066638705,17.375,23.5,73.7625,0.0,6.875,0.6414384226884227,4.25,18.25,0.23066858322276276,11.375,0.0,140.0,107.5,42.75,52.5,12.25,44.875,12.5,32.375,28.125,15.0,1.9844246031746031,14.25,41.75,34.2,26.25,49.625,53.49581312573119,12.25,16.875,72.66250000000001,0.0,9.125,0.6179292929292929,5.75,17.625,0.3351691813088872,15.0,0.0,124.875
124,105,2025-01-10,1,1,2024-25,Denver Nuggets,Brooklyn Nets,125.5,39.375,69.5,16.625,45.0,10.125,34.875,33.25,11.25,3.296588827838828,13.125,32.625,40.35,34.75,61.875,56.14641698393917,16.625,20.625,79.9625,0.0,8.625,0.891941391941392,5.0,17.75,0.3000589177978884,11.25,0.0,155.5,102.0,37.875,48.25,15.875,41.5,10.375,31.125,24.0,16.75,1.4950827767004238,12.625,37.25,34.1125,24.125,48.5,49.68559509636283,15.875,19.625,77.76249999999999,0.0,7.875,0.49184965361435945,3.0,18.125,0.16327047565437658,16.75,0.0,108.875
97,114,2025-01-10,1,1,2024-25,Boston Celtics,Sacramento Kings,116.5,53.625,49.25,13.625,44.25,11.875,32.375,25.875,11.25,2.864749313186813,17.875,47.375,37.9875,24.625,41.25,60.08828001690464,13.625,18.0,72.725,0.0,8.0,0.8659913003663002,5.875,16.125,0.39904536253220463,11.25,0.0,138.75,117.875,40.875,59.25,17.75,46.625,13.25,33.375,27.625,13.5,2.180042016806723,13.625,38.5,34.800000000000004,29.625,55.75,53.89045215989817,17.75,21.5,82.1125,0.0,8.0,0.595688900560224,4.375,19.5,0.23557046500410345,13.5,0.0,136.25
106,109,2025-01-10,1,1,2024-25,Orlando Magic,Milwaukee Bucks,95.125,33.375,48.75,13.0,40.125,11.625,28.5,22.875,14.875,1.6581352697281406,11.125,36.875,29.65,24.375,48.125,50.90628642118786,13.0,17.75,74.14999999999999,0.0,9.125,0.6414340667857292,5.5,19.875,0.2925597095505562,14.875,0.0,103.625,113.625,46.875,53.5,13.25,46.75,8.875,37.875,26.25,14.125,2.0461777805527803,15.625,40.375,38.4625,26.75,50.625,53.414077441704364,13.25,17.375,77.475,0.0,8.625,0.6643162091531656,4.0,17.625,0.2317753518411413,14.125,0.0,132.375
115,123,2025-01-10,1,1,2024-25,Philadelphia 76ers,New Orleans Pelicans,112.5,41.25,50.0,21.25,37.75,8.375,29.375,22.875,12.5,2.166683280170122,13.75,36.875,37.5,25.0,46.625,53.75360976111915,21.25,26.25,81.5,0.0,10.375,0.9749451754385965,5.5,19.25,0.31062818867578934,12.5,0.0,126.75,111.875,41.25,54.5,16.125,41.0,11.875,29.125,27.25,14.125,2.1293071205755028,13.75,39.25,34.8375,27.25,51.625,52.8762980660864,16.125,20.0,79.66250000000001,0.0,10.25,0.7450332256108185,5.75,18.25,0.3231036324786325,14.125,0.0,128.25
98,119,2025-01-11,1,1,2024-25,Portland Trail Blazers,Miami Heat,113.375,37.875,60.75,14.75,43.5,10.875,32.625,25.125,16.375,1.640372127872128,12.625,33.625,37.6125,30.375,53.125,57.8720239989873,14.75,19.125,75.8,0.0,7.75,0.5100382256632257,5.5,17.875,0.32033390586022165,16.375,0.0,130.75,109.625,36.75,55.75,17.125,44.125,9.0,35.125,27.5,13.25,2.1506829975579977,12.25,37.625,33.175,27.875,49.375,56.53558171235974,17.125,22.125,78.025,0.0,8.25,0.643853021978022,4.625,14.5,0.33516332899556583,13.25,0.0,129.0
123,114,2025-01-11,1,1,2024-25,Detroit Pistons,Toronto Raptors,111.5,41.25,56.25,14.0,44.875,11.5,33.375,25.5,15.0,1.801934523809524,13.75,38.25,36.0875,28.125,51.375,54.643549537803516,14.0,18.5,74.025,0.0,8.875,0.6186011904761904,4.625,21.0,0.2279676147439305,15.0,0.0,128.125,107.375,33.75,61.5,12.125,39.625,10.5,29.125,29.125,16.75,2.0000009004278456,11.25,32.5,35.087500000000006,30.75,55.5,55.012027502996936,12.125,16.375,72.4875,0.0,8.625,0.5580808028151482,3.75,17.875,0.21368796910676705,16.75,0.0,121.5
114,106,2025-01-11,1,1,2024-25,Phoenix Suns,Utah Jazz,107.5,33.375,58.0,16.125,42.125,9.625,32.5,28.125,13.5,2.1900509621097854,11.125,32.875,34.025,29.0,53.5,54.13410440042677,16.125,19.875,80.975,0.0,7.375,0.5718218668586316,6.75,17.75,0.4082838765383523,13.5,0.0,128.375,113.625,44.625,53.0,16.0,47.375,12.125,35.25,25.125,17.125,1.5297519576012224,14.875,40.125,36.7,26.5,49.5,53.29969093643321,16.0,19.125,84.0,0.0,7.375,0.4629111697126403,4.5,18.625,0.25269142525431226,17.125,0.0,129.5
125,127,2025-01-11,1,1,2024-25,Minnesota Timberwolves,Memphis Grizzlies,108.25,47.625,45.25,15.375,46.375,12.25,34.125,23.0,15.625,1.5804227941176472,15.875,40.125,39.6875,22.625,45.125,50.038988194602894,15.375,20.25,75.64999999999999,0.0,5.875,0.4160845588235294,5.125,18.875,0.2728020486677439,15.625,0.0,121.375,123.75,42.0,59.0,22.75,49.875,14.25,35.625,28.375,18.5,1.558238947753014,14.0,39.0,35.987500000000004,29.5,53.25,54.950965156994776,22.75,29.375,77.35,0.0,8.75,0.4866289631794747,6.125,20.5,0.30689369214110324,18.5,0.0,143.0
120,113,2025-01-12,1,1,2024-25,Phoenix Suns,Charlotte Hornets,108.0,34.125,58.25,15.625,41.625,9.625,32.0,27.5,13.75,2.0549499520087755,11.375,33.0,34.5875,29.125,53.125,54.830729204194434,15.625,19.75,78.9,0.0,7.0,0.5074279274646922,6.75,17.75,0.40828387653835224,13.75,0.0,127.375,103.125,35.625,49.75,17.75,48.75,11.75,37.0,23.125,15.875,1.5006214357752672,11.875,38.125,31.2125,24.875,50.75,48.83470290568562,17.75,23.125,76.45,0.0,8.0,0.5220071331961812,5.0,17.5,0.31028993452834985,15.875,0.0,114.625
95,136,2025-01-12,1,1,2024-25,Washington Wizards,Oklahoma City Thunder,112.625,42.0,58.0,12.625,45.625,12.625,33.0,27.375,17.0,1.631877670940171,14.0,37.75,37.325,29.0,55.25,52.61593133601696,12.625,16.5,76.25,0.0,6.375,0.38200953458306397,4.125,18.875,0.2241452546944538,17.0,0.0,125.25,116.875,39.375,63.0,14.5,42.125,8.0,34.125,27.75,13.25,2.2083474736048267,13.125,34.875,38.7,31.5,54.625,57.599220311181064,14.5,17.25,85.2875,0.0,10.5,0.8293575603318251,5.25,19.0,0.2675623959317929,13.25,0.0,141.625
101,112,2025-01-12,1,1,2024-25,Dallas Mavericks,Denver Nuggets,110.0,38.625,53.75,17.625,44.375,10.75,33.625,23.625,15.0,1.6505189255189257,12.875,34.875,37.112500000000004,26.875,51.625,52.24102509666052,17.625,22.125,77.8,0.0,6.75,0.4478174603174603,7.375,18.625,0.3809178974620151,15.0,0.0,125.875,124.125,37.125,69.0,18.0,46.375,10.625,35.75,32.625,11.5,3.204922161172161,12.375,31.75,38.9875,34.5,61.875,55.74959158711377,18.0,22.5,79.7125,0.0,9.125,0.9150183150183151,5.25,17.5,0.3160311400201106,11.5,0.0,154.75
120,119,2025-01-12,1,1,2024-25,Boston Celtics,New Orleans Pelicans,114.375,50.25,49.25,14.875,43.25,11.25,32.0,25.625,11.5,2.817313415750916,16.75,46.375,36.2375,24.625,40.875,60.52432652853255,14.875,19.125,75.2625,0.0,8.25,0.8788118131868132,6.25,15.625,0.43376758475442684,11.5,0.0,136.125,113.375,43.5,53.25,16.625,41.0,11.25,29.75,27.5,13.625,2.2256612872421697,14.5,39.625,36.4125,26.625,50.25,52.99884708569424,16.625,21.0,78.8125,0.0,9.625,0.7241998922774852,6.5,18.25,0.3699786324786325,13.625,0.0,131.25
112,111,2025-01-12,1,1,2024-25,Utah Jazz,Brooklyn Nets,111.875,40.125,56.25,15.5,47.875,13.375,34.5,25.125,17.125,1.5297519576012224,13.375,40.125,33.125,28.125,50.75,55.256761643503914,15.5,18.25,84.525,0.0,7.0,0.4340650158664865,4.125,18.875,0.22751781414320113,17.125,0.0,126.75,101.25,37.125,48.5,15.625,41.625,10.5,31.125,24.125,16.25,1.5374497234791353,12.375,38.125,32.7375,24.25,48.625,49.81817085393858,15.625,19.25,77.9625,0.0,8.0,0.5104070765835471,3.5,19.75,0.17794850595740688,16.25,0.0,108.5
104,99,2025-01-12,1,1,2024-25,Orlando Magic,Philadelphia 76ers,97.375,36.75,47.25,13.375,40.375,12.0,28.375,23.625,13.375,1.8093210404791287,12.25,38.25,31.875,23.625,47.875,49.60420308785453,13.375,18.75,72.3875,0.0,8.625,0.6671257663904723,5.375,20.375,0.2754544463926615,13.375,0.0,106.375,112.125,40.125,51.0,21.0,38.125,9.125,29.0,22.25,12.875,1.9027943912812333,13.375,36.625,36.7875,25.5,47.25,54.10738334602481,21.0,26.25,80.1875,0.0,10.0,0.8638340643274854,5.25,20.25,0.2888634827934363,12.875,0.0,124.625
93,108,2025-01-12,1,1,2024-25,Cleveland Cavaliers,Indiana Pacers,127.25,53.25,58.5,15.5,43.625,10.875,32.75,33.0,11.625,3.019933712121212,17.75,43.875,40.362500000000004,29.25,49.25,59.29345056636156,15.5,20.0,77.075,0.0,7.5,0.6669191919191919,5.125,18.5,0.29154721770130976,11.625,0.0,154.25,118.0,36.0,65.0,17.0,44.25,10.875,33.375,29.5,11.875,2.7404914529914532,12.0,33.25,36.1125,32.5,56.875,57.00710580623757,17.0,23.125,73.225,0.0,7.75,0.696741452991453,4.25,17.25,0.2599726125267921,11.875,0.0,140.125
140,106,2025-01-12,1,1,2024-25,New York Knicks,Milwaukee Bucks,115.125,26.625,69.5,19.0,44.875,12.75,32.125,24.75,12.625,2.0764423076923078,8.875,31.875,27.5625,34.75,59.625,58.33123229254607,19.0,23.0,82.1125,0.0,7.5,0.6202323717948718,3.25,15.875,0.2095373118883181,12.625,0.0,131.0,113.25,43.5,56.5,13.25,46.0,8.875,37.125,25.5,14.125,1.9884854728604728,14.5,38.125,37.725,28.25,52.375,54.49166364860091,13.25,18.125,74.7875,0.0,9.0,0.6931623629993195,4.5,17.875,0.25868507406336355,14.125,0.0,131.5
119,124,2025-01-12,1,1,2024-25,Chicago Bulls,Sacramento Kings,121.875,51.0,58.5,12.375,47.375,10.625,36.75,31.375,15.125,2.160844017094017,17.0,43.25,39.81250000000001,29.25,52.5,56.02351067930731,12.375,16.25,77.0875,0.0,8.625,0.5747814685314685,4.75,17.25,0.3223185107376284,15.125,0.0,145.5,120.25,43.125,60.0,17.125,47.75,13.375,34.375,28.25,13.75,2.188375350140056,14.375,39.625,35.6375,30.0,55.375,54.84264651726494,17.125,20.5,83.66250000000001,0.0,9.0,0.6727722338935573,5.0,20.375,0.2570351114687499,13.75,0.0,142.5
120,118,2025-01-13,1,1,2024-25,Houston Rockets,Memphis Grizzlies,113.625,37.875,60.0,15.75,45.875,15.5,30.375,19.75,12.5,1.7573202838827837,12.625,36.25,34.575,30.0,58.125,51.519935243055166,15.75,21.625,75.975,0.0,9.125,0.7456215659340659,3.75,19.0,0.2120956378269358,12.5,0.0,122.0,120.25,41.25,57.0,22.0,47.75,13.875,33.875,27.0,17.875,1.5486235631376295,13.75,38.5,35.862500000000004,28.5,53.625,53.10861441072612,22.0,28.125,78.1625,0.0,9.375,0.5560734076239191,5.5,20.75,0.2700881365855477,17.875,0.0,136.0
104,101,2025-01-13,1,1,2024-25,Toronto Raptors,Golden State Warriors,105.875,34.5,58.75,12.625,40.25,10.75,29.5,27.625,16.375,1.9562509004278454,11.5,31.875,36.275,29.375,54.125,53.83681382778327,12.625,17.5,71.1,0.0,9.125,0.6164141361484815,3.75,17.625,0.21524076413782298,16.375,0.0,120.25,108.0,43.875,52.5,11.625,44.25,11.5,32.75,28.25,15.0,1.9933531746031747,14.625,41.75,35.1875,26.25,49.125,53.95923583344387,11.625,16.0,72.9,0.0,8.75,0.5911435786435786,5.75,18.0,0.3327020760457293,15.0,0.0,125.625
119,124,2025-01-13,1,1,2024-25,New York Knicks,Detroit Pistons,115.625,29.625,67.5,18.5,45.625,12.75,32.875,25.125,12.25,2.1618589743589745,9.875,32.0,29.925,33.75,58.375,58.116599967051485,18.5,22.75,80.9875,0.0,7.375,0.6243990384615384,3.375,16.375,0.21052937538038155,12.25,0.0,133.875,112.625,42.0,57.25,13.375,45.125,11.125,34.0,26.75,15.875,1.7467874649859945,14.0,36.875,38.4625,28.625,51.875,55.18589413521695,13.375,18.0,73.05,0.0,9.125,0.6024247198879552,4.75,21.0,0.23364943292574872,15.875,0.0,131.75
106,120,2025-01-13,1,1,2024-25,Washington Wizards,Minnesota Timberwolves,108.0,39.0,54.25,14.75,45.0,12.25,32.75,25.875,17.125,1.535472442182001,13.0,38.75,34.1875,27.125,52.25,52.06763714018179,14.75,18.75,76.775,0.0,6.25,0.37220561301443655,4.375,19.0,0.23402667761935497,17.125,0.0,117.5,109.75,46.125,47.5,16.125,46.5,11.875,34.625,24.5,16.0,1.628531346749226,15.375,40.0,38.65,23.75,45.25,52.62282965801752,16.125,20.625,78.61250000000001,0.0,5.75,0.3996371904024768,5.0,18.125,0.2777736395768348,16.0,0.0,124.875
109,98,2025-01-13,1,1,2024-25,LA Clippers,Miami Heat,107.0,33.75,55.25,18.0,44.375,10.625,33.75,22.5,16.625,1.3812249398086993,11.25,34.75,32.525,27.625,51.5,53.66797910041446,18.0,23.125,77.15,0.0,9.625,0.6039510787592629,5.125,18.125,0.2802250724851344,16.625,0.0,119.5,110.75,39.0,55.25,16.5,44.25,9.0,35.25,28.5,13.5,2.1835112803862806,13.0,38.0,34.6125,27.625,49.25,56.15824327698559,16.5,21.875,75.6,0.0,8.75,0.6665802947052947,4.75,14.125,0.34791003952188165,13.5,0.0,131.5
102,126,2025-01-13,1,1,2024-25,Los Angeles Lakers,San Antonio Spurs,114.5,40.125,55.0,19.375,40.75,9.5,31.25,27.625,12.625,2.3754498425551054,13.375,34.625,39.4875,27.5,49.375,55.800535339527656,19.375,23.25,84.7875,0.0,6.0,0.5167489674068622,4.125,15.125,0.2785377612583495,12.625,0.0,133.375,110.125,40.125,54.75,15.25,49.5,11.75,37.75,29.375,12.75,2.4274069884364002,13.375,40.875,33.2625,27.375,51.5,52.79608333242412,15.25,19.25,77.725,0.0,6.5,0.5574041154923508,6.5,15.75,0.4237463924963925,12.75,0.0,133.625
114,132,2025-01-14,1,1,2024-25,Portland Trail Blazers,Brooklyn Nets,110.375,37.125,59.0,14.25,44.5,11.75,32.75,24.875,17.125,1.5213881706528767,12.375,34.5,36.287499999999994,29.5,53.0,56.269082822516715,14.25,18.75,74.6875,0.0,7.25,0.44051950908568555,5.25,17.25,0.32033390586022165,17.125,0.0,125.0,104.25,36.375,50.0,17.875,42.75,10.875,31.875,24.625,15.375,1.680126491155903,12.125,38.0,32.2,25.0,49.0,50.921977761316924,17.875,22.625,78.3625,0.0,7.625,0.5116697028461734,3.625,19.125,0.19198593911248707,15.375,0.0,112.875
122,117,2025-01-14,1,1,2024-25,Atlanta Hawks,Phoenix Suns,120.375,45.375,57.0,18.0,41.625,11.0,30.625,31.125,13.5,2.4741386331060244,15.125,41.125,36.662499999999994,28.5,51.625,55.48892839964269,18.0,22.375,80.1,0.0,10.75,0.8363164914795349,5.125,17.375,0.29634496534167587,13.5,0.0,142.0,111.875,35.625,59.75,16.5,41.25,9.125,32.125,28.5,13.25,2.198179118675442,11.875,33.75,35.137499999999996,29.875,52.875,56.676290798397325,16.5,20.25,81.3625,0.0,6.75,0.5152404274646922,6.625,17.75,0.4009309353618816,13.25,0.0,133.125
130,115,2025-01-14,1,1,2024-25,Milwaukee Bucks,Sacramento Kings,113.375,41.625,58.25,13.5,46.0,9.75,36.25,25.375,13.0,2.0599140442890445,13.875,37.625,36.462500000000006,29.125,54.25,54.14444142637869,13.5,18.75,73.8,0.0,8.25,0.6815164002664001,4.5,18.125,0.25660174073003017,13.0,0.0,130.375,121.625,42.75,62.25,16.625,48.875,13.75,35.125,29.875,13.0,2.5254289215686274,14.25,39.625,35.3125,31.125,57.0,55.164490371085535,16.625,19.875,83.6875,0.0,9.125,0.7084865196078431,4.625,19.625,0.2463208257544642,13.0,0.0,146.625
117,127,2025-01-14,1,1,2024-25,Indiana Pacers,Cleveland Cavaliers,118.375,36.0,66.25,16.125,45.625,10.375,35.25,29.875,11.875,2.7717414529914532,12.0,32.75,36.5125,33.125,57.5,57.53426505050207,16.125,22.25,71.8625,0.0,8.5,0.7592414529914531,4.75,17.5,0.28099533979951935,11.875,0.0,144.0,123.375,49.875,58.25,15.25,44.125,10.375,33.75,31.875,12.125,2.7923696095571096,16.625,43.25,38.275,29.125,48.875,59.45218072509172,15.25,19.375,78.39999999999999,0.0,6.75,0.5664918414918415,5.375,17.875,0.30996509209744505,12.125,0.0,148.875
113,119,2025-01-14,1,1,2024-25,Chicago Bulls,New Orleans Pelicans,120.125,49.5,57.0,13.625,48.5,10.5,38.0,30.125,14.125,2.285844017094017,16.5,42.5,39.4875,28.5,52.625,54.558413276709906,13.625,18.0,76.05000000000001,0.0,8.125,0.5747814685314685,5.125,16.25,0.34528859620771385,14.125,0.0,143.375,112.75,45.75,51.0,16.0,40.625,10.5,30.125,26.75,12.75,2.305073051948052,15.25,39.5,38.5375,25.5,49.125,51.96964230033182,16.0,20.625,77.75,0.0,9.0,0.7286116569833675,5.625,17.5,0.3397154745838956,12.75,0.0,129.5
99,118,2025-01-14,1,1,2024-25,Dallas Mavericks,Denver Nuggets,110.375,38.625,53.75,18.0,43.875,10.875,33.0,24.0,14.625,1.7317689255189257,12.875,34.875,37.1125,26.875,52.25,51.62827999862131,18.0,23.125,75.5375,0.0,6.875,0.470734126984127,7.375,19.25,0.37050123079534847,14.625,0.0,125.375,121.375,34.875,70.5,16.0,48.25,11.5,36.75,31.875,11.5,3.1513507326007324,11.625,32.375,35.712500000000006,35.25,62.75,56.112494812920225,16.0,20.5,77.7625,0.0,8.75,0.8882326007326008,5.125,17.625,0.3072592101955492,11.5,0.0,151.125
102,118,2025-01-14,1,1,2024-25,Philadelphia 76ers,Oklahoma City Thunder,110.25,39.75,50.5,20.0,37.75,8.25,29.5,21.625,14.125,1.6770999468367889,13.25,35.75,37.45,25.25,46.75,54.09501323221976,20.0,24.375,82.325,0.0,9.375,0.6989035087719297,4.75,20.5,0.2642422706722242,14.125,0.0,121.25,120.625,40.5,63.0,17.125,43.0,8.75,34.25,27.375,12.75,2.2451121794871796,13.5,34.5,40.050000000000004,31.5,55.875,56.26588697784773,17.125,19.875,86.3625,0.0,10.75,0.8689503205128205,5.625,19.375,0.2837107212906446,12.75,0.0,146.5
112,117,2025-01-15,1,1,2024-25,Utah Jazz,Charlotte Hornets,112.0,42.0,54.25,15.75,47.0,12.375,34.625,24.875,15.75,1.6604337757830407,14.0,41.125,33.787499999999994,27.125,49.875,54.19544088878693,15.75,18.875,83.0625,0.0,7.5,0.49656501586648644,4.5,19.5,0.23751781414320117,15.75,0.0,127.125,105.0,37.5,49.75,17.75,49.75,12.0,37.75,24.125,15.75,1.5732317298929142,12.5,39.25,31.862499999999997,24.875,51.375,48.16980928866434,17.75,23.0,76.925,0.0,8.375,0.548661544960887,4.75,17.625,0.2964741450546657,15.75,0.0,117.75
115,129,2025-01-15,1,1,2024-25,San Antonio Spurs,Memphis Grizzlies,111.625,39.0,57.0,15.625,49.0,12.25,36.75,29.0,12.25,2.493316079345491,13.0,40.5,32.637499999999996,28.5,52.75,53.52840656474735,15.625,19.625,78.05,0.0,8.125,0.7142222973105326,6.375,15.75,0.41541305916305915,12.25,0.0,136.125,118.5,40.125,58.5,19.875,46.375,13.75,32.625,25.125,18.0,1.4322019945101787,13.375,37.375,36.150000000000006,29.25,54.125,54.05012082098252,19.875,26.375,75.42500000000001,0.0,10.0,0.5858936690618276,4.875,21.5,0.23403550500660034,18.0,0.0,131.5
108,128,2025-01-15,1,1,2024-25,Denver Nuggets,Houston Rockets,119.625,36.375,67.0,16.25,48.25,10.75,37.5,30.625,13.125,2.647779304029304,12.125,32.25,37.5625,33.5,60.125,55.72360592403133,16.25,20.875,77.375,0.0,8.25,0.7123397435897436,5.625,18.0,0.32895038666613746,13.125,0.0,147.875,112.625,37.125,59.25,16.25,44.125,15.125,29.0,20.875,13.375,1.7610566969262622,12.375,34.25,36.2375,29.625,58.125,50.769935243055166,16.25,22.625,75.0625,0.0,9.875,0.7615862398471095,3.625,19.25,0.19423849496979295,13.375,0.0,121.0
115,116,2025-01-15,1,1,2024-25,Minnesota Timberwolves,Golden State Warriors,110.75,47.25,46.25,17.25,46.125,11.375,34.75,24.125,17.125,1.472610294117647,15.75,39.125,40.25,23.125,44.0,52.81692903689951,17.25,22.125,78.425,0.0,6.25,0.40226876934984523,5.125,17.125,0.3005997265333566,17.125,0.0,126.125,107.0,45.375,50.0,11.625,43.875,11.0,32.875,27.875,15.375,1.9141865079365081,15.125,41.875,36.2,25.0,47.75,52.77437509669634,11.625,16.375,71.5625,0.0,9.125,0.599476911976912,5.375,17.625,0.3169457735247209,15.375,0.0,123.625
119,116,2025-01-15,1,1,2024-25,New Orleans Pelicans,Dallas Mavericks,113.5,44.25,52.0,17.25,42.0,11.375,30.625,27.0,12.0,2.4706980519480517,14.75,41.125,35.9625,26.0,49.25,52.91167128583907,17.25,22.125,78.025,0.0,8.75,0.7645491569833676,5.625,16.375,0.3593833067517278,12.0,0.0,130.375,107.5,36.375,54.0,17.125,42.625,10.625,32.0,24.875,14.5,1.8207112332112332,12.125,34.125,35.6875,27.0,53.125,51.01553490058209,17.125,22.625,73.3875,0.0,7.875,0.5588751526251526,6.875,18.75,0.3550950683303624,14.5,0.0,121.625
126,67,2025-01-15,1,1,2024-25,LA Clippers,Brooklyn Nets,106.375,35.25,55.0,16.125,43.75,9.625,34.125,23.25,16.0,1.5111269005930132,11.75,35.875,32.875,27.5,50.0,54.70726209049837,16.125,21.125,74.55000000000001,0.0,9.125,0.6082402944455374,5.125,16.5,0.30343935819942014,16.0,0.0,120.0,108.125,38.625,52.75,16.75,43.5,11.0,32.5,26.375,14.875,1.864515631427396,12.875,39.375,32.575,26.375,49.75,53.05178317185323,16.75,21.375,78.0625,0.0,8.125,0.5659683453801101,3.5,19.375,0.18415385891198582,14.875,0.0,120.25
94,110,2025-01-15,1,1,2024-25,Chicago Bulls,Atlanta Hawks,119.75,49.5,57.0,13.25,49.125,11.375,37.75,29.875,14.625,2.16917735042735,16.5,43.375,38.7,28.5,52.625,54.5584132767099,13.25,17.375,76.60000000000001,0.0,8.625,0.5959935897435897,5.125,16.625,0.3378872804182402,14.625,0.0,142.75,118.0,45.375,56.25,16.375,42.875,12.0,30.875,29.875,13.5,2.38485291882031,15.125,40.625,37.125,28.125,53.25,52.95204642197124,16.375,21.375,77.47500000000001,0.0,10.875,0.8452450629081063,4.875,18.375,0.26612518512189565,13.5,0.0,137.375
122,93,2025-01-15,1,1,2024-25,Milwaukee Bucks,Orlando Magic,115.75,42.375,59.75,13.625,47.125,10.375,36.75,26.0,13.125,2.0824834887334887,14.125,37.625,37.025,29.875,53.875,55.85009444782119,13.625,19.25,71.7125,0.0,7.75,0.615544178044178,4.125,18.75,0.225723764539554,13.125,0.0,134.5,99.75,35.625,49.75,14.375,41.375,12.125,29.25,24.0,13.375,1.8313798640085404,11.875,37.875,31.0,24.875,47.375,52.511610495261934,14.375,20.75,69.4125,0.0,9.0,0.6891845899198841,6.125,20.375,0.30806314204483537,13.375,0.0,112.0
119,125,2025-01-15,1,1,2024-25,Philadelphia 76ers,New York Knicks,107.375,40.5,48.5,18.375,38.125,8.625,29.5,22.0,14.5,1.6762028176501862,13.5,38.25,35.4125,24.25,45.375,53.7518759773178,18.375,23.0,80.4125,0.0,9.125,0.6767743221690591,4.5,19.375,0.25729782622777975,14.5,0.0,116.125,114.75,29.625,66.25,18.875,44.125,12.125,32.0,24.125,13.5,1.8111645299145298,9.875,31.125,30.725,33.125,57.0,58.439597383072154,18.875,23.25,80.8375,0.0,6.875,0.5184962606837606,3.375,16.625,0.20927624254830138,13.5,0.0,130.25
117,108,2025-01-15,1,1,2024-25,Los Angeles Lakers,Miami Heat,113.0,40.125,54.75,18.125,41.0,10.625,30.375,27.125,12.5,2.358344579397211,13.375,36.375,37.625,27.375,49.25,55.68161356362914,18.125,22.125,82.6,0.0,6.125,0.5259594937226516,4.25,16.0,0.27044952596423183,12.5,0.0,130.125,110.0,41.625,52.5,15.875,43.875,8.25,35.625,28.625,13.625,2.180386280386281,13.875,40.375,34.912499999999994,26.25,47.0,55.60120227876812,15.875,20.625,77.08749999999999,0.0,8.875,0.6712677947052947,4.75,13.5,0.36279099190283404,13.625,0.0,130.5
110,97,2025-01-15,1,1,2024-25,Toronto Raptors,Boston Celtics,105.5,36.375,58.25,10.875,39.25,10.625,28.625,27.875,14.375,2.0847455240837593,12.125,32.5,37.8,29.125,53.625,53.84400393419684,10.875,16.0,68.325,0.0,8.25,0.6010915555033203,4.375,16.625,0.25850999490705373,14.375,0.0,120.875,111.625,46.5,51.0,14.125,43.625,11.25,32.375,24.625,11.75,2.669396749084249,15.5,44.875,34.7875,25.5,43.5,58.9892388092343,14.125,18.375,74.8125,0.0,7.75,0.8183951465201464,6.375,15.5,0.44290501165501167,11.75,0.0,130.625
89,118,2025-01-16,1,1,2024-25,Portland Trail Blazers,LA Clippers,108.875,39.375,55.75,13.75,43.0,11.625,31.375,24.0,17.5,1.4273755656108598,13.125,36.0,36.587500000000006,27.875,50.75,55.3694616103955,13.75,18.125,74.675,0.0,7.25,0.4279144670688788,4.75,16.875,0.29771877428127425,17.5,0.0,120.25,109.375,36.0,55.25,18.125,44.625,9.625,35.0,24.125,15.125,1.6109910310277957,12.0,35.875,33.65,27.625,50.5,54.231012709004055,18.125,23.0,76.2125,0.0,10.0,0.6771940987933635,4.25,16.25,0.2597087080446214,15.125,0.0,125.625
132,127,2025-01-16,1,1,2024-25,Sacramento Kings,Houston Rockets,120.75,45.0,58.75,17.0,49.625,13.25,36.375,28.25,12.875,2.3976511437908496,15.0,39.875,36.9375,29.375,56.375,52.65554437238677,17.0,20.25,84.25,0.0,8.75,0.6765420751633987,5.0,18.375,0.27576794113907954,12.875,0.0,144.375,114.625,39.75,58.5,16.375,43.25,14.875,28.375,22.0,13.0,1.9095956579652231,13.25,35.25,37.6625,29.25,57.375,50.85634077300909,16.375,22.375,76.725,0.0,10.75,0.8581771489380184,4.0,19.625,0.21027467918031928,13.0,0.0,125.5
100,111,2025-01-16,1,1,2024-25,Detroit Pistons,Indiana Pacers,113.0,43.125,56.5,13.375,44.875,10.625,34.25,25.625,16.0,1.6370118239603533,14.375,36.25,40.125,28.25,52.125,54.27764290368985,13.375,17.375,75.61250000000001,0.0,9.125,0.5960144634776987,4.875,20.5,0.24055419483051063,16.0,0.0,131.75,117.625,37.125,65.0,15.5,44.0,10.125,33.875,30.25,12.5,2.664598595848596,12.375,33.375,36.9875,32.5,57.375,56.65690889970842,15.5,21.625,71.3375,0.0,9.0,0.765193833943834,4.875,17.625,0.2871227907799115,12.5,0.0,141.25
123,130,2025-01-16,1,1,2024-25,Washington Wizards,Phoenix Suns,108.0,40.875,53.25,13.875,43.5,11.75,31.75,26.125,16.875,1.6019060086155674,13.625,38.375,36.0125,26.625,52.5,50.81713694010175,13.875,17.875,75.1875,0.0,7.125,0.46224057804940155,3.75,18.375,0.2113817500831231,16.875,0.0,117.0,113.375,37.125,59.75,16.5,40.125,8.125,32.0,29.375,13.125,2.2799098879062116,12.375,33.75,36.5625,29.875,51.875,57.750404654466074,16.5,20.875,79.47500000000001,0.0,7.125,0.5488942736185384,5.625,18.25,0.3149580846831486,13.125,0.0,134.75
134,114,2025-01-16,1,1,2024-25,Oklahoma City Thunder,Cleveland Cavaliers,119.125,39.75,61.75,17.625,42.125,8.875,33.25,27.0,13.75,2.029834401709402,13.25,33.5,40.237500000000004,30.875,54.125,57.38170618688728,17.625,20.625,84.97500000000001,0.0,10.75,0.8133947649572649,5.0,19.125,0.25956299401791727,13.75,0.0,143.75,120.625,46.875,57.5,16.25,45.5,11.0,34.5,30.0,12.625,2.5461574883449885,15.625,42.75,36.55,28.75,48.5,59.15704183620282,16.25,20.5,78.6625,0.0,6.5,0.5195221445221445,5.25,18.0,0.3001611705288176,12.625,0.0,144.125
123,125,2025-01-17,1,1,2024-25,Chicago Bulls,Charlotte Hornets,117.125,45.0,60.0,12.125,47.875,10.625,37.25,28.875,15.25,2.054594017094017,15.0,39.25,37.725,30.0,54.75,55.35479926776803,12.125,15.25,80.30000000000001,0.0,7.875,0.5355769230769231,5.25,16.375,0.3501421823790245,15.25,0.0,139.625,107.0,38.25,51.25,17.5,49.875,12.0,37.875,24.375,16.625,1.476640820802005,12.75,39.625,32.2375,25.625,50.5,50.76927606471028,17.5,22.625,77.0,0.0,8.125,0.49941912071846284,4.75,17.75,0.29334914505466564,16.625,0.0,120.625
136,123,2025-01-17,1,1,2024-25,New Orleans Pelicans,Utah Jazz,114.875,45.75,51.75,17.375,44.25,12.625,31.625,26.875,11.875,2.486607142857143,15.25,41.75,36.8125,25.875,50.75,50.95327548374012,17.375,22.375,77.6375,0.0,9.625,0.8565946115288221,5.75,17.0,0.3510499734183945,11.875,0.0,133.125,110.875,43.125,53.25,14.5,46.875,12.625,34.25,25.125,15.25,1.7541837757830407,14.375,41.75,34.1625,26.625,50.125,52.87252422212027,14.5,18.25,79.05000000000001,0.0,7.375,0.5017733491998198,4.75,19.625,0.2505897095680377,15.25,0.0,125.125
130,112,2025-01-17,1,1,2024-25,Milwaukee Bucks,Toronto Raptors,116.0,40.5,61.0,14.5,46.875,9.125,37.75,25.625,14.25,1.9440906315906317,13.5,35.0,39.762499999999996,30.5,53.375,57.321448614487856,14.5,20.625,71.2625,0.0,7.75,0.5709013209013208,5.375,18.5,0.288223764539554,14.25,0.0,136.875,110.375,36.75,62.5,11.125,40.75,10.5,30.25,30.0,13.125,2.375329939668175,12.25,31.75,38.725,31.25,54.75,56.95171144407826,11.125,16.5,67.875,0.0,7.75,0.598927053338818,4.375,17.0,0.2535757843807379,13.125,0.0,131.75
106,98,2025-01-17,1,1,2024-25,Dallas Mavericks,Oklahoma City Thunder,109.5,36.375,56.75,16.375,43.75,11.375,32.375,26.125,14.375,1.9011850894203837,12.125,34.625,35.1375,28.375,54.375,52.505433890481086,16.375,22.125,72.0375,0.0,8.0,0.5694960676578323,5.625,18.375,0.2959038918597742,14.375,0.0,124.375,121.75,42.0,63.0,16.75,42.375,8.75,33.625,27.0,13.125,2.2158463064713065,14.0,35.625,40.325,31.5,54.0,58.719696027235614,16.75,19.125,87.1,0.0,10.25,0.8610138125763126,5.375,20.0,0.2715822247871481,13.125,0.0,147.125
112,140,2025-01-17,1,1,2024-25,San Antonio Spurs,Memphis Grizzlies,114.0,40.5,58.0,15.5,49.125,11.75,37.375,28.5,11.75,2.5266494126788244,13.5,42.375,31.925,29.0,52.25,55.05014569518214,15.5,19.625,77.5875,0.0,7.5,0.6877071457953811,6.75,16.5,0.4053863211951447,11.75,0.0,137.875,121.375,40.875,61.5,19.0,46.5,13.5,33.0,24.875,16.375,1.69113056593875,13.625,35.75,37.975,30.75,56.5,54.530890051751754,19.0,25.875,72.80000000000001,0.0,10.125,0.6595543833475419,5.0,22.0,0.23359690851537224,16.375,0.0,136.75
121,94,2025-01-17,1,1,2024-25,Boston Celtics,Orlando Magic,109.5,46.5,49.25,13.75,44.125,11.875,32.25,24.375,11.875,2.596480082417582,15.5,43.875,35.4375,24.625,44.25,55.890948210943705,13.75,18.25,73.16250000000001,0.0,7.75,0.8079784798534798,6.625,14.75,0.47131410256410255,11.875,0.0,128.0,98.625,35.625,48.75,14.25,40.125,11.25,28.875,23.25,13.375,1.7736875563162329,11.875,39.125,30.099999999999998,24.375,47.625,51.219817182192024,14.25,20.25,70.3375,0.0,9.75,0.7468768976121918,5.875,20.5,0.2969671275520818,13.375,0.0,107.75
102,101,2025-01-17,1,1,2024-25,Los Angeles Lakers,Brooklyn Nets,113.25,39.375,56.75,17.125,40.125,10.0,30.125,27.5,12.25,2.5309636270162583,13.125,35.375,37.9375,28.375,50.125,56.63824621669037,17.125,21.625,79.02499999999999,0.0,6.875,0.6569118746750325,4.25,15.75,0.2764019069166128,12.25,0.0,131.25,102.375,36.375,50.0,16.0,44.375,12.375,32.0,24.75,16.0,1.6805121349238998,12.125,38.25,31.1,25.0,50.375,49.84723771730778,16.0,21.625,73.62500000000001,0.0,8.25,0.5401816320933968,3.5,19.25,0.18507297655904467,16.0,0.0,110.125
99,116,2025-01-17,1,1,2024-25,New York Knicks,Minnesota Timberwolves,115.5,32.25,64.25,19.0,43.875,13.25,30.625,23.75,13.875,1.7318376068376067,10.75,32.875,31.237499999999997,32.125,55.375,58.43136828498131,19.0,23.375,80.9875,0.0,6.875,0.5004674145299146,3.0,16.375,0.18918695683401565,13.875,0.0,129.375,112.0,48.0,45.5,18.5,45.875,12.125,33.75,24.125,15.25,1.6549019607843136,16.0,39.0,41.05,22.75,45.0,50.85699872331067,18.5,24.25,75.4125,0.0,6.375,0.44219932490540076,5.125,17.0,0.3034592036575396,15.25,0.0,127.25
113,133,2025-01-17,1,1,2024-25,Miami Heat,Denver Nuggets,108.625,42.375,50.75,15.5,43.75,8.0,35.75,27.5,14.5,2.0097132034632033,14.125,40.625,35.3125,25.375,45.5,55.7184113245486,15.5,19.875,78.625,0.0,8.5,0.6323254870129871,5.375,13.125,0.4126707995951417,14.5,0.0,128.25,115.75,37.125,63.25,15.375,47.375,11.375,36.0,27.875,14.0,2.362202380952381,12.375,32.125,38.6,31.625,57.875,54.78101081533568,15.375,20.875,73.2125,0.0,7.75,0.6604166666666667,5.875,18.0,0.34457538666613746,14.0,0.0,139.125
115,102,2025-01-18,1,1,2024-25,Indiana Pacers,Philadelphia 76ers,117.5,37.125,65.25,15.125,42.75,9.375,33.375,30.5,11.5,2.8340430402930403,12.375,32.5,38.0125,32.625,58.125,56.22118776123704,15.125,20.625,72.5125,0.0,9.625,0.8721382783882784,5.0,17.25,0.30219632019167625,11.5,0.0,142.75,108.875,39.75,50.5,18.625,38.25,9.0,29.25,22.375,13.625,1.7995580808080809,13.25,37.625,35.362500000000004,25.25,47.0,53.88644535530823,18.625,23.0,82.2,0.0,8.875,0.6943181818181818,4.125,19.0,0.242046630055531,13.625,0.0,118.375
121,125,2025-01-18,1,1,2024-25,Detroit Pistons,Phoenix Suns,112.375,42.0,56.0,14.375,45.625,11.25,34.375,25.25,15.375,1.6515403327322833,14.0,37.125,38.075,28.0,52.75,53.16400654005349,14.375,18.0,78.325,0.0,8.625,0.5792929722496286,5.375,20.75,0.2634708614971773,15.375,0.0,130.375,115.625,39.75,58.5,17.375,40.625,8.125,32.5,30.0,13.0,2.331840034965035,13.25,34.125,38.875,29.25,50.625,57.82794807878369,17.375,21.625,80.4625,0.0,7.25,0.5608428030303031,4.875,18.0,0.2866972151179312,13.0,0.0,138.875
115,119,2025-01-18,1,1,2024-25,Boston Celtics,Atlanta Hawks,109.0,44.625,49.25,15.125,43.125,11.875,31.25,23.875,11.5,2.6301339285714285,14.875,43.125,34.775,24.625,44.125,56.0561173441361,15.125,19.125,77.025,0.0,6.75,0.7483630952380952,6.125,16.375,0.4001184503901895,11.5,0.0,125.625,116.75,44.625,56.0,16.125,43.375,12.625,30.75,29.125,13.25,2.3761116600790513,14.875,41.375,35.8375,28.0,54.25,51.69443811549075,16.125,21.375,76.33749999999999,0.0,11.375,0.902937370600414,5.25,18.25,0.2921668517885623,13.25,0.0,134.625
117,124,2025-01-18,1,1,2024-25,Minnesota Timberwolves,Cleveland Cavaliers,112.125,48.375,46.5,17.25,46.5,12.125,34.375,24.0,15.25,1.6470894607843136,16.125,39.125,41.199999999999996,23.25,45.5,51.55296941928136,17.25,23.25,72.97500000000001,0.0,6.875,0.47344932490540076,5.125,17.625,0.2963569309302668,15.25,0.0,128.125,120.75,45.0,58.25,17.5,44.875,11.0,33.875,30.875,13.25,2.5413211788211787,15.0,42.125,35.6375,29.125,48.375,60.07647210831167,17.5,21.875,80.0375,0.0,5.5,0.4533019064269065,5.125,16.25,0.3269793523469994,13.25,0.0,143.125
103,125,2025-01-18,1,1,2024-25,Portland Trail Blazers,Houston Rockets,107.125,39.75,54.75,12.625,43.5,11.875,31.625,24.125,16.25,1.5042986425339366,13.25,35.75,37.125,27.375,52.75,52.01045433611223,12.625,16.0,77.4625,0.0,7.375,0.4597654286073404,4.375,15.75,0.28584094622697565,16.25,0.0,119.0,118.0,39.375,61.5,17.125,42.5,14.0,28.5,22.0,13.125,1.8931121414817067,13.125,34.375,38.15,30.75,57.75,53.082217965991546,17.125,23.75,75.0,0.0,11.375,0.8993859401468097,4.25,19.25,0.2281318220374621,13.125,0.0,130.125
122,114,2025-01-18,1,1,2024-25,Golden State Warriors,Washington Wizards,109.625,48.75,49.5,11.375,42.625,11.0,31.625,28.625,15.125,1.9975198412698414,16.25,41.625,39.487500000000004,24.75,45.875,53.834603179376316,11.375,15.75,72.66250000000001,0.0,9.5,0.6347333222333222,5.0,19.125,0.269555663634611,15.125,0.0,129.375,107.75,39.375,53.5,14.875,43.875,12.25,31.625,25.125,16.375,1.6064308954933955,13.125,39.0,34.075,26.75,51.0,52.556165885013044,14.875,19.75,73.11250000000001,0.0,7.375,0.5063582251082251,3.875,19.5,0.20526286896424195,16.375,0.0,116.625
123,100,2025-01-19,1,1,2024-25,Sacramento Kings,Washington Wizards,123.5,46.5,59.5,17.5,47.875,12.5,35.375,29.125,12.375,2.535671977124183,15.5,40.0,38.325,29.75,56.0,53.50396066197953,17.5,20.625,85.08749999999999,0.0,8.375,0.666125408496732,5.25,17.375,0.29533315853038394,12.375,0.0,147.875,107.0,44.25,48.5,14.25,43.375,11.875,31.5,24.625,15.5,1.6540499431124431,14.75,41.125,36.175000000000004,24.25,49.125,49.39850037978657,14.25,19.25,72.0875,0.0,7.25,0.5152867965367965,4.125,19.25,0.21716763086900387,15.5,0.0,114.625
100,113,2025-01-19,1,1,2024-25,Orlando Magic,Denver Nuggets,98.375,34.5,48.75,15.125,40.625,11.625,29.0,22.875,13.25,1.7568606332393097,11.5,38.75,29.187500000000004,24.375,46.875,51.99660289647774,15.125,21.625,70.05,0.0,7.875,0.6050499745352687,5.625,20.25,0.28694206489544016,13.25,0.0,105.875,118.625,37.5,65.0,16.125,46.75,11.0,35.75,28.125,13.75,2.5757440476190476,12.5,31.375,39.85,32.5,58.0,56.16543512860277,16.125,21.25,75.8,0.0,7.5,0.6552083333333334,5.125,17.625,0.2897676943584451,13.75,0.0,142.875
113,102,2025-01-19,1,1,2024-25,Portland Trail Blazers,Chicago Bulls,106.75,40.875,53.75,12.125,43.25,11.875,31.375,24.625,16.375,1.5218425021830595,13.625,37.0,36.9625,26.875,52.25,51.5845284101863,12.125,15.625,76.3625,0.0,7.375,0.4575724461512,5.125,16.875,0.30459094622697563,16.375,0.0,118.5,119.125,45.0,61.75,12.375,48.0,11.125,36.875,29.625,14.5,2.1831654456654457,15.0,38.375,38.375,30.875,56.0,55.58207199504076,12.375,15.25,82.0875,0.0,7.625,0.5471840659340659,4.875,17.0,0.3132832080200501,14.5,0.0,143.375
127,101,2025-01-19,1,1,2024-25,Oklahoma City Thunder,Brooklyn Nets,119.5,44.25,59.5,15.75,43.75,10.0,33.75,26.375,13.75,2.0533463064713064,14.75,36.625,41.1625,29.75,53.625,55.33427936056894,15.75,18.125,85.4375,0.0,9.75,0.7818471459096459,5.25,20.75,0.25729651050143376,13.75,0.0,142.75,100.875,38.25,48.5,14.125,43.625,12.125,31.5,25.0,16.375,1.654251630722219,12.75,38.125,32.8375,24.25,49.75,48.89640283790147,14.125,19.75,72.075,0.0,7.875,0.5055177665471783,3.875,18.375,0.22078726227333037,16.375,0.0,108.375
123,109,2025-01-19,1,1,2024-25,Milwaukee Bucks,Philadelphia 76ers,118.5,41.25,61.0,16.25,46.625,8.875,37.75,26.125,14.25,1.9798049173049173,13.75,34.25,41.287499999999994,30.5,53.0,57.73182597297842,16.25,22.25,72.8375,0.0,7.875,0.5798298923298922,5.25,18.75,0.2796833918687466,14.25,0.0,141.125,108.5,40.125,51.25,17.125,38.125,9.5,28.625,22.875,13.375,1.8980429292929293,13.375,38.0,35.4125,25.625,47.625,54.00008171894459,17.125,21.5,80.98750000000001,0.0,8.5,0.680429292929293,3.5,19.375,0.20175057742395205,13.375,0.0,117.125
128,107,2025-01-19,1,1,2024-25,Miami Heat,San Antonio Spurs,108.375,41.625,51.75,15.0,44.0,8.125,35.875,27.0,13.5,2.2128382034632033,13.875,41.5,33.4375,25.875,46.625,55.31376670808132,15.0,19.0,80.41250000000001,0.0,8.0,0.6167004870129871,4.625,13.375,0.354978491902834,13.5,0.0,126.125,114.25,41.25,58.0,15.0,49.0,12.0,37.0,29.0,12.625,2.4273847067964716,13.75,42.0,32.9125,29.0,52.25,55.05014569518214,15.0,19.0,77.64999999999999,0.0,7.25,0.6421189105012634,7.25,16.125,0.4442752100840336,12.625,0.0,138.625
116,102,2025-01-19,1,1,2024-25,LA Clippers,Los Angeles Lakers,109.625,34.875,56.75,18.0,45.875,8.875,37.0,24.0,15.25,1.5942426650147237,11.625,34.125,34.7,28.375,51.25,54.815428293419636,18.0,23.0,75.75,0.0,9.75,0.658811745852187,4.5,16.125,0.28031310364901696,15.25,0.0,128.125,109.5,38.625,55.25,15.625,40.25,10.25,30.0,26.375,12.125,2.4559636270162586,12.875,36.375,35.625,27.625,49.75,55.56594229512174,15.625,19.75,78.9,0.0,7.125,0.6864573292204871,4.75,15.625,0.3204724197371256,12.125,0.0,126.125
96,107,2025-01-20,1,1,2024-25,Houston Rockets,Detroit Pistons,119.875,41.625,61.5,16.75,45.75,16.375,29.375,23.125,13.125,1.9734692843388495,13.875,35.125,39.8,30.75,59.375,51.96107348547206,16.75,23.625,73.73750000000001,0.0,10.875,0.863671654432524,4.625,19.25,0.24896515537079544,13.125,0.0,134.375,115.25,40.875,58.0,16.375,44.625,11.375,33.25,25.375,14.625,1.7820958882878388,13.625,36.625,37.4375,29.0,53.375,54.30935197330876,16.375,20.875,78.975,0.0,7.625,0.5404040833607396,4.875,20.75,0.24495234297865878,14.625,0.0,131.25
110,105,2025-01-20,1,1,2024-25,Charlotte Hornets,Dallas Mavericks,108.875,36.75,54.0,18.125,49.125,12.25,36.875,23.75,15.75,1.5435267857142856,12.25,38.625,31.949999999999996,27.0,51.75,52.056496908382734,18.125,23.375,77.175,0.0,8.5,0.5536954365079365,4.5,16.5,0.29084078385065226,15.75,0.0,122.625,110.375,38.25,54.75,17.375,44.375,11.375,33.0,26.875,14.0,1.9662586188321483,12.75,36.25,35.1,27.375,52.75,52.51325616832839,17.375,22.875,74.875,0.0,8.25,0.5941284205990089,5.0,18.125,0.2695150029708853,14.0,0.0,126.5
99,112,2025-01-20,1,1,2024-25,LA Clippers,Chicago Bulls,113.375,34.875,61.0,17.5,45.5,9.0,36.5,25.25,15.125,1.7020723353443943,11.625,32.75,35.9375,30.5,52.875,57.27950345922657,17.5,22.5,75.16250000000001,0.0,10.375,0.7116963612368025,4.625,15.75,0.2969797703156836,15.125,0.0,135.5,114.5,40.5,61.0,13.0,47.125,11.0,36.125,27.75,14.875,2.0010740995115994,13.5,37.375,35.0625,30.5,55.375,55.514595611774894,13.0,16.25,80.86250000000001,0.0,8.125,0.5676167582417582,5.25,16.75,0.3355263157894737,14.875,0.0,135.875
123,119,2025-01-20,1,1,2024-25,New Orleans Pelicans,Utah Jazz,115.375,47.25,50.5,17.625,46.625,13.625,33.0,26.625,12.5,2.25103021978022,15.75,42.875,36.825,25.25,50.125,50.3850936655583,17.625,23.5,75.47500000000001,0.0,9.5,0.7868830730672836,6.0,17.25,0.35862573099415207,12.5,0.0,133.75,113.375,43.125,54.25,16.0,46.25,11.75,34.5,26.0,15.125,1.819441128724217,14.375,41.125,34.662499999999994,27.125,49.5,54.55294875042215,16.0,20.125,79.05000000000001,0.0,7.375,0.5049902609645257,5.0,19.75,0.26111602535751144,15.125,0.0,129.625
119,110,2025-01-20,1,1,2024-25,New York Knicks,Atlanta Hawks,114.5,34.125,61.0,19.375,43.75,13.75,30.0,23.375,13.5,1.7665598290598292,11.375,33.125,32.875,30.5,55.125,55.791282078084755,19.375,23.375,83.1875,0.0,7.25,0.5664396367521367,3.25,15.875,0.21294261294261294,13.5,0.0,128.25,114.625,41.25,57.75,15.625,45.25,12.5,32.75,28.75,13.625,2.3136116600790513,13.75,40.375,33.875,28.875,55.0,52.50693811549075,15.625,20.5,76.875,0.0,9.75,0.7821040372670807,5.5,18.0,0.31306468460589976,13.625,0.0,132.625
118,92,2025-01-20,1,1,2024-25,Cleveland Cavaliers,Phoenix Suns,121.0,44.625,57.75,18.625,44.75,11.375,33.375,30.25,12.875,2.599559815184815,14.875,42.375,35.175,28.875,48.0,59.99789377175461,18.625,22.875,81.2375,0.0,5.375,0.4589837246087246,4.25,16.625,0.2672571301247772,12.875,0.0,141.875,117.75,37.875,61.0,18.875,42.375,9.125,33.25,29.375,12.625,2.3558784965034967,12.625,33.5,37.375,30.5,52.25,58.43416392577823,18.875,24.0,78.5625,0.0,7.625,0.6069966491841492,4.375,19.25,0.23982221511793125,12.625,0.0,141.125
108,106,2025-01-20,1,1,2024-25,Memphis Grizzlies,Minnesota Timberwolves,124.25,42.375,64.25,17.625,45.25,12.75,32.5,26.375,15.375,2.034267820840711,14.125,35.75,39.1125,32.125,56.875,56.7714560894876,17.625,23.625,73.625,0.0,10.0,0.7110249715828361,4.25,20.75,0.207734839549855,15.375,0.0,142.375,113.625,48.0,49.0,16.625,47.625,12.375,35.25,24.875,14.125,1.921905637254902,16.0,38.875,41.137499999999996,24.5,47.0,52.65873865005059,16.625,22.375,73.4,0.0,6.5,0.48447873667010666,5.125,17.375,0.2988631965944272,14.125,0.0,132.5
85,125,2025-01-20,1,1,2024-25,Golden State Warriors,Boston Celtics,107.5,45.75,49.5,12.25,44.125,12.5,31.625,26.5,14.875,1.8704365079365077,15.25,41.875,36.699999999999996,24.75,46.75,52.80714105816419,12.25,16.875,72.875,0.0,9.625,0.6576499888999889,4.875,18.625,0.27271222929117667,14.875,0.0,124.5,108.625,42.0,49.5,17.125,45.875,12.75,33.125,23.0,12.75,1.8979910714285715,14.0,42.5,33.55,24.75,46.25,53.49430415732291,17.125,21.25,79.5625,0.0,7.25,0.5831845238095238,6.375,16.625,0.4105351170568562,12.75,0.0,124.25
95,99,2025-01-21,1,1,2024-25,Brooklyn Nets,New York Knicks,101.75,37.5,49.75,14.5,43.875,12.875,31.0,25.375,15.75,1.7130751601339838,12.5,38.375,32.0625,24.875,50.125,49.901114589564436,14.5,19.75,74.03750000000001,0.0,7.75,0.5081915633386221,3.75,17.375,0.22582389230996042,15.75,0.0,110.375,113.625,34.5,60.5,18.625,42.5,13.0,29.5,23.875,13.875,1.7491319444444446,11.5,32.625,33.8625,30.25,54.75,55.75047051092058,18.625,22.5,82.8875,0.0,7.375,0.5616319444444444,3.0,16.875,0.19004884004884004,13.875,0.0,127.0
109,93,2025-01-21,1,1,2024-25,Toronto Raptors,Orlando Magic,108.125,33.75,62.25,12.125,41.25,11.125,30.125,29.375,13.5,2.24302474486298,11.25,32.0,35.4125,31.125,54.875,56.591435754855205,12.125,17.875,67.6375,0.0,7.5,0.5615893910011558,4.125,18.0,0.2339329272378808,13.5,0.0,126.625,97.625,31.875,50.75,15.0,40.25,12.125,28.125,22.625,12.375,2.0068606332393095,10.625,38.375,27.45,25.375,50.125,50.89590032036533,15.0,21.5,69.8625,0.0,8.5,0.7836214031066973,5.375,20.75,0.25974908243929984,12.375,0.0,103.0
144,109,2025-01-21,1,1,2024-25,Denver Nuggets,Philadelphia 76ers,117.5,36.375,64.0,17.125,46.625,10.875,35.75,27.125,15.5,2.1471726190476192,12.125,30.375,39.5625,32.0,55.125,57.931460769628416,17.125,22.25,76.5,0.0,6.875,0.49449404761904764,5.25,17.5,0.300797106123151,15.5,0.0,141.375,106.75,40.5,50.25,16.0,36.625,9.125,27.5,22.25,12.25,2.0438762626262625,13.5,38.625,35.175000000000004,25.125,47.5,52.97656255518152,16.0,20.5,79.5125,0.0,7.625,0.6595959595959595,3.75,20.375,0.20704469507101086,12.25,0.0,112.75
107,116,2025-01-21,1,1,2024-25,Miami Heat,Portland Trail Blazers,111.875,45.0,53.25,13.625,46.125,9.0,37.125,28.25,13.0,2.4022321428571427,15.0,41.25,37.0375,26.625,48.75,54.543157389084904,13.625,16.5,84.16250000000001,0.0,7.875,0.6326095779220778,4.5,13.125,0.35497849190283404,13.0,0.0,134.375,107.75,39.375,55.0,13.375,42.625,12.625,30.0,24.625,16.375,1.5218425021830595,13.125,36.375,36.074999999999996,27.5,53.375,51.55374023284641,13.375,17.125,76.75,0.0,7.375,0.4575724461512,5.5,18.125,0.3023979637708353,16.375,0.0,118.625
111,88,2025-01-21,1,1,2024-25,Los Angeles Lakers,Washington Wizards,108.5,38.625,54.25,15.625,39.0,9.875,29.125,26.375,13.125,2.2860289864933825,12.875,35.375,36.575,27.125,48.375,56.08890147879521,15.625,19.75,78.9,0.0,7.0,0.6333527540570885,5.125,15.875,0.3427938483085542,13.125,0.0,125.0,107.25,43.875,47.25,16.125,43.375,12.0,31.375,23.875,15.625,1.5984433254653843,14.625,41.25,35.8,23.625,49.0,48.218314209573805,16.125,21.5,72.425,0.0,7.25,0.5125294435956201,3.75,19.0,0.19720235309122608,15.625,0.0,112.5
123,114,2025-01-22,1,1,2024-25,Oklahoma City Thunder,Utah Jazz,120.75,46.125,59.5,15.125,44.0,10.125,33.875,27.625,13.625,2.179147588522589,15.375,38.625,40.2,29.75,52.0,57.21326660139829,15.125,17.125,86.85,0.0,9.625,0.7786420177045177,5.0,21.0,0.23872065910824494,13.625,0.0,145.875,111.25,40.125,53.75,17.375,47.0,12.125,34.875,25.25,15.125,1.7658697001527883,13.375,41.125,32.4875,26.875,50.25,53.3723931948666,17.375,21.875,78.88749999999999,0.0,6.75,0.46034740382166855,5.0,19.5,0.26362229102167184,15.125,0.0,124.5
104,114,2025-01-22,1,1,2024-25,Atlanta Hawks,Detroit Pistons,113.375,40.125,57.25,16.0,44.875,13.0,31.875,27.375,14.875,2.1298318981742894,13.375,38.375,34.9375,28.625,55.125,51.93033878889142,16.0,20.625,78.19999999999999,0.0,9.75,0.7449016563146997,5.625,18.625,0.30971647032018546,14.875,0.0,130.0,113.75,39.75,58.0,16.0,45.25,11.375,33.875,24.75,15.75,1.6640834659275905,13.25,35.25,37.787499999999994,29.0,54.125,53.594001749761816,16.0,20.25,79.8125,0.0,7.625,0.4984786175222304,5.25,19.375,0.2904068884332042,15.75,0.0,129.5
132,120,2025-01-22,1,1,2024-25,Memphis Grizzlies,Charlotte Hornets,121.125,38.625,65.25,17.25,44.75,12.625,32.125,24.875,14.875,1.9890189520624302,12.875,35.25,36.025000000000006,32.625,57.0,57.59692778760081,17.25,23.375,73.1375,0.0,10.5,0.7607987272389446,4.25,21.0,0.20546211227712774,14.875,0.0,137.75,110.875,39.0,55.25,16.625,49.75,13.375,36.375,25.125,15.125,1.6947019993894994,13.0,39.25,33.35,27.625,53.375,52.038073916488855,16.625,22.125,75.0375,0.0,8.625,0.5873492826617827,4.75,16.5,0.30646578385065226,15.125,0.0,126.5
123,117,2025-01-22,1,1,2024-25,Sacramento Kings,Golden State Warriors,124.75,47.625,60.0,17.125,48.625,12.0,36.625,29.625,11.75,2.6508680555555557,15.875,41.0,38.550000000000004,30.0,56.375,53.546076564944485,17.125,20.625,83.525,0.0,8.5,0.7102430555555556,5.25,18.125,0.2846188728160982,11.75,0.0,150.0,103.0,42.375,48.75,11.875,45.25,12.625,32.625,26.0,14.125,1.9398809523809524,14.125,43.125,33.3125,24.375,46.5,52.17393280300472,11.875,16.25,73.0125,0.0,9.0,0.6507055444555445,4.625,17.875,0.26924000706895446,14.125,0.0,118.25
113,117,2025-01-22,1,1,2024-25,LA Clippers,Boston Celtics,113.5,34.125,61.25,18.125,44.875,9.0,35.875,25.125,13.875,1.845822335344394,11.375,34.0,34.3125,30.625,53.25,57.122517587954974,18.125,22.5,78.83749999999999,0.0,10.125,0.7241963612368024,5.375,16.0,0.33378532587123916,13.875,0.0,135.5,110.625,42.375,51.75,16.5,47.0,12.25,34.75,24.625,12.25,2.131919642857143,14.125,43.625,32.675,25.875,47.0,55.15399315253822,16.5,20.0,82.1625,0.0,7.5,0.6296130952380952,6.5,16.0,0.4742370401337792,12.25,0.0,129.875
84,108,2025-01-22,1,1,2024-25,Brooklyn Nets,Phoenix Suns,101.25,38.25,47.0,16.0,43.375,12.125,31.25,25.125,16.125,1.6621297819827232,12.75,39.25,32.025000000000006,23.5,47.75,49.37435873672163,16.0,21.5,75.5875,0.0,7.25,0.4661747566159331,4.5,17.25,0.26858705020469725,16.125,0.0,109.125,115.625,36.375,60.75,18.5,41.125,8.75,32.375,28.125,13.25,2.1843098690525165,12.125,32.875,36.5375,30.375,52.375,58.056712945386074,18.5,23.25,79.625,0.0,7.125,0.5561388060468943,4.5,19.5,0.24329443734015346,13.25,0.0,135.75
114,115,2025-01-22,1,1,2024-25,Dallas Mavericks,Minnesota Timberwolves,108.25,36.0,55.0,17.25,44.125,10.75,33.375,25.625,14.25,1.8338181426416722,12.0,34.75,34.0375,27.5,52.75,52.736470454042674,17.25,22.375,75.9375,0.0,9.125,0.6521641348847232,5.5,17.875,0.30676990493166967,14.25,0.0,125.25,113.375,47.25,48.25,17.875,47.25,12.375,34.875,25.0,14.25,1.917218137254902,15.75,39.375,40.0875,24.125,46.625,52.26251223495625,17.875,23.625,75.3125,0.0,6.375,0.4735412366701066,5.25,18.125,0.2964593504405811,14.25,0.0,131.125
109,108,2025-01-22,1,1,2024-25,Houston Rockets,Cleveland Cavaliers,121.125,42.0,62.5,16.625,46.0,16.5,29.5,24.375,13.5,2.032818023834648,14.0,35.5,39.85,31.25,59.75,52.58170285610143,16.625,24.125,69.83749999999999,0.0,12.375,0.9424531670375661,4.25,18.75,0.23250857273774223,13.5,0.0,137.125,119.0,46.125,54.0,18.875,45.25,12.0,33.25,28.875,13.0,2.380809815184815,15.375,43.125,35.65,27.0,46.875,57.636000738679314,18.875,23.25,81.1,0.0,6.0,0.5197476134976136,3.5,16.375,0.2304515745692216,13.0,0.0,137.625
110,93,2025-01-23,1,1,2024-25,LA Clippers,Washington Wizards,111.25,32.625,60.75,17.875,43.875,9.25,34.625,23.625,14.625,1.7115512356001488,10.875,33.0,33.8125,30.375,53.5,56.45047457720229,17.875,22.0,79.625,0.0,9.625,0.6736848522853958,5.75,17.0,0.34172650234182744,14.625,0.0,130.125,104.25,42.375,46.5,15.375,43.75,11.125,32.625,24.375,15.0,1.6929946075166664,14.125,41.625,34.3125,23.25,49.375,47.11450730219547,15.375,20.625,71.7,0.0,7.5,0.5477858538520304,4.25,18.875,0.22644211917309745,15.0,0.0,110.25
115,121,2025-01-23,1,1,2024-25,Oklahoma City Thunder,Dallas Mavericks,123.0,44.625,61.75,16.625,43.125,10.625,32.5,27.375,13.0,2.234545315795316,14.875,38.75,38.7875,30.875,52.875,58.48877680547992,16.625,18.625,87.775,0.0,10.125,0.8631590631590631,4.75,21.625,0.21879312287636088,13.0,0.0,147.5,109.5,34.125,57.5,17.875,42.625,10.0,32.625,25.5,14.25,1.825484809308339,11.375,33.875,32.975,28.75,52.625,54.87488928006066,17.875,22.875,77.30000000000001,0.0,8.875,0.6354974682180565,5.0,17.75,0.285124883286648,14.25,0.0,125.875
131,106,2025-01-23,1,1,2024-25,Golden State Warriors,Chicago Bulls,105.25,46.125,47.75,11.375,46.375,13.0,33.375,27.125,13.75,2.018828320802005,15.375,44.75,34.75,23.875,46.25,51.34636363304425,11.375,15.625,72.63749999999999,0.0,8.375,0.6267820994794678,4.5,18.625,0.26064212347107085,13.75,0.0,121.875,114.25,41.25,59.0,14.0,48.0,11.375,36.625,27.75,14.75,2.021106150793651,13.75,38.25,34.975,29.5,53.5,55.35338529431458,14.0,17.625,80.125,0.0,7.5,0.5251488095238095,5.5,17.75,0.32408840729274163,14.75,0.0,136.125
119,122,2025-01-23,1,1,2024-25,Atlanta Hawks,Toronto Raptors,113.625,40.125,56.75,16.75,45.875,13.25,32.625,27.75,15.625,2.0092961838885754,13.375,38.875,34.7125,28.375,55.0,51.64770475625738,16.75,21.625,78.0875,0.0,10.25,0.7136516563146997,5.625,17.625,0.3194567300604452,15.625,0.0,130.5,109.625,34.875,61.75,13.0,41.875,10.875,31.0,29.5,13.625,2.226926260014495,11.625,31.375,37.875,30.875,54.625,56.36134371804048,13.0,19.75,65.1,0.0,7.625,0.5663242394860042,4.75,19.375,0.2566601999651535,13.625,0.0,129.5
132,123,2025-01-23,1,1,2024-25,Denver Nuggets,Sacramento Kings,122.25,37.125,66.5,18.625,48.125,11.0,37.125,29.25,15.25,2.323511904761905,12.375,29.75,41.15,33.25,55.5,59.892245083353906,18.625,23.5,78.5,0.0,7.0,0.5101190476190476,5.0,16.625,0.3066794590643275,15.25,0.0,151.875,122.875,43.875,60.5,18.5,48.75,11.375,37.375,28.625,11.5,2.6258680555555554,14.625,38.875,37.550000000000004,30.25,56.25,54.168248510645846,18.5,21.75,84.925,0.0,8.375,0.7258680555555556,5.125,17.0,0.303640611946533,11.5,0.0,148.75
79,101,2025-01-23,1,1,2024-25,Orlando Magic,Portland Trail Blazers,97.75,30.0,52.0,15.75,40.875,12.125,28.75,21.5,12.75,1.8656268670055436,10.0,36.375,27.35,26.0,50.5,51.767360015354434,15.75,22.25,71.3875,0.0,8.125,0.7373551693404634,5.125,21.125,0.2463562252964427,12.75,0.0,103.25,107.875,39.0,54.0,14.875,43.75,13.125,30.625,23.75,15.375,1.6624675021830595,13.0,37.375,34.725,27.0,52.0,52.23555841466459,14.875,19.375,77.4,0.0,7.0,0.4575724461512,5.625,17.5,0.3226971090699806,15.375,0.0,118.75
125,96,2025-01-23,1,1,2024-25,Milwaukee Bucks,Miami Heat,121.125,41.625,61.25,18.25,47.25,8.875,38.375,26.875,13.75,2.2492854367854367,13.875,33.75,42.05,30.625,52.5,58.50034449149694,18.25,24.875,72.7,0.0,6.375,0.4564532689532689,5.25,19.125,0.2742747380225927,13.75,0.0,144.75,110.5,46.125,52.0,12.375,45.125,9.0,36.125,28.375,12.5,2.5040178571428573,15.375,41.25,37.925000000000004,26.0,47.625,54.49413778124177,12.375,14.625,85.89999999999999,0.0,6.375,0.5326095779220779,4.125,12.5,0.34229052197802196,12.5,0.0,132.25
117,96,2025-01-23,1,1,2024-25,Los Angeles Lakers,Boston Celtics,108.125,37.125,55.25,15.75,39.875,8.875,31.0,26.375,12.875,2.3384765389409354,12.375,34.25,36.2625,27.625,49.0,56.369013523613134,15.75,20.25,77.0125,0.0,6.75,0.6246114953158296,6.0,15.125,0.43437138841550604,12.875,0.0,126.5,113.75,46.125,51.75,15.875,45.0,11.75,33.25,25.5,12.625,2.157001879699248,15.375,44.125,34.974999999999994,25.875,47.125,54.97771110125617,15.875,19.5,81.225,0.0,8.125,0.6551065162907268,6.375,15.5,0.4752291036258427,12.625,0.0,132.5
97,102,2025-01-24,1,1,2024-25,Charlotte Hornets,Portland Trail Blazers,112.375,39.375,54.75,18.25,46.875,13.625,33.25,25.625,15.375,1.7002823565323566,13.125,37.75,34.875,27.375,53.0,51.95970401053274,18.25,23.625,76.83749999999999,0.0,8.75,0.5862332112332113,4.5,16.375,0.2952815733243365,15.375,0.0,127.125,105.625,37.5,53.0,15.125,43.5,12.25,31.25,23.625,15.375,1.6541341688497262,12.5,36.375,34.225,26.5,52.25,50.99802280212897,15.125,20.125,75.6875,0.0,7.375,0.48257244615120004,6.25,18.375,0.331625680498552,15.375,0.0,116.375
132,129,2025-01-24,1,1,2024-25,Philadelphia 76ers,Cleveland Cavaliers,108.0,40.5,52.75,14.75,34.0,8.625,25.375,24.0,12.25,2.2188762626262624,13.5,38.375,35.425000000000004,26.375,48.875,54.17337106581982,14.75,18.25,81.19999999999999,0.0,7.75,0.6720959595959596,3.75,20.5,0.20572890559732665,12.25,0.0,114.375,118.125,45.375,53.75,19.0,45.75,13.375,32.375,28.375,13.125,2.3191110972360973,15.125,42.875,35.25,26.875,47.75,56.48804155500584,19.0,23.625,80.275,0.0,6.875,0.5830488955488956,3.5,16.5,0.22840909090909092,13.125,0.0,136.25
139,126,2025-01-24,1,1,2024-25,Memphis Grizzlies,New Orleans Pelicans,123.5,43.125,63.0,17.375,44.375,12.75,31.625,25.75,14.0,2.1126602564102566,14.375,37.75,37.45,31.5,55.75,56.87770567252527,17.375,23.125,75.375,0.0,10.5,0.7821981837606837,4.125,22.5,0.18185100116601666,14.0,0.0,140.875,117.0,46.125,52.25,18.625,46.125,13.0,33.125,26.875,12.75,2.2301968864468864,15.375,41.875,36.8125,26.125,51.375,50.96495975833687,18.625,24.625,75.4375,0.0,10.125,0.8211092635434741,6.0,18.625,0.3233693207377418,12.75,0.0,135.625
131,135,2025-01-25,1,1,2024-25,Cleveland Cavaliers,Houston Rockets,118.125,49.125,50.75,18.25,45.375,13.125,32.25,27.625,13.25,2.253486097236097,16.375,44.875,36.05,25.375,45.75,55.659581516019486,18.25,22.625,80.225,0.0,7.25,0.6028405622155623,3.875,16.5,0.2471590909090909,13.25,0.0,135.75,119.875,42.375,60.5,17.0,46.5,16.75,29.75,25.125,15.5,1.7790301450467692,14.125,34.75,40.9875,30.25,59.5,51.0726335727235,17.0,24.25,71.35,0.0,13.0,0.9254077124921114,4.375,18.5,0.2410313000104695,15.5,0.0,136.25
121,113,2025-01-25,1,1,2024-25,Orlando Magic,Detroit Pistons,94.75,28.125,50.0,16.625,41.5,12.75,28.75,20.75,14.0,1.722634442763119,9.375,35.625,25.9125,25.0,51.0,49.22251228902986,16.625,23.875,70.125,0.0,8.375,0.7155748663101604,5.25,21.0,0.25512815512100406,14.0,0.0,97.125,113.25,38.625,58.75,15.875,46.0,10.125,35.875,25.25,16.5,1.6331310849752092,12.875,34.125,37.8375,29.375,54.0,54.47635469093828,15.875,19.875,80.85,0.0,7.375,0.46514528418889706,6.0,19.875,0.3228630287840814,16.5,0.0,131.5
119,109,2025-01-25,1,1,2024-25,Phoenix Suns,Washington Wizards,116.125,38.625,60.0,17.5,41.875,9.125,32.75,28.25,13.25,2.1956735054161527,12.875,33.875,37.775000000000006,30.0,50.875,58.93572484585488,17.5,22.5,77.39999999999999,0.0,7.875,0.6243206242287125,4.125,18.125,0.2319719735720375,13.25,0.0,138.125,103.0,41.625,44.5,16.875,43.5,10.625,32.875,24.125,14.75,1.6999390519611108,13.875,43.625,31.8875,22.25,47.375,46.91919480219547,16.875,22.125,74.075,0.0,8.875,0.636327520518697,3.625,19.25,0.19072783345881172,14.75,0.0,108.25
125,103,2025-01-25,1,1,2024-25,Memphis Grizzlies,Utah Jazz,126.0,45.75,65.25,15.0,42.875,13.125,29.75,27.5,13.75,2.278044871794872,15.25,38.625,38.8125,32.625,56.5,58.11291513846707,15.0,19.75,78.2375,0.0,10.125,0.767454594017094,4.0,22.75,0.17140208475734792,13.75,0.0,144.75,112.375,41.25,53.75,17.375,47.25,13.625,33.625,25.75,15.75,1.7622922590753474,13.75,41.75,32.9125,26.875,50.75,52.83330963691512,17.375,22.625,76.1125,0.0,6.375,0.44014538361964833,5.125,19.625,0.26822755417956656,15.75,0.0,124.0
94,117,2025-01-25,1,1,2024-25,Atlanta Hawks,Toronto Raptors,115.375,39.0,58.5,17.875,45.0,13.375,31.625,27.75,14.625,2.096252705627706,13.0,37.75,34.75,29.25,56.0,52.35008570863834,17.875,23.25,77.6875,0.0,10.25,0.7455357142857143,5.375,18.75,0.28969482529854046,14.625,0.0,132.25,111.875,34.875,63.25,13.75,42.375,10.375,32.0,30.125,14.25,2.201926260014495,11.625,29.625,40.025000000000006,31.625,55.125,57.135153241850006,13.75,20.125,67.2625,0.0,7.5,0.5371575728193375,4.5,20.75,0.2329422512472048,14.25,0.0,134.25
133,104,2025-01-25,1,1,2024-25,Minnesota Timberwolves,Denver Nuggets,114.75,45.75,49.0,20.0,45.5,12.125,33.375,25.0,13.5,2.021496212121212,15.25,37.5,40.5625,24.5,47.5,52.12362334606736,20.0,25.5,77.7875,0.0,6.5,0.521001129718235,5.25,18.25,0.29319137658437194,13.5,0.0,132.75,123.0,35.625,67.5,19.875,49.5,12.0,37.5,29.375,15.125,2.362337662337662,11.875,30.0,39.4625,33.75,56.75,59.5160876759465,19.875,25.25,78.875,0.0,7.375,0.5508387445887446,5.625,15.375,0.36248303049289887,15.125,0.0,153.25
97,106,2025-01-25,1,1,2024-25,Brooklyn Nets,Miami Heat,99.5,36.0,48.75,14.75,45.125,13.5,31.625,24.125,16.375,1.5797768408062525,12.0,38.875,30.2875,24.375,48.75,50.19157343691505,14.75,20.625,72.3125,0.0,7.0,0.44166495269436445,4.125,16.75,0.2466173532350003,16.375,0.0,106.375,108.25,44.625,50.75,12.875,45.375,9.5,35.875,27.625,12.625,2.399472402597403,14.875,42.625,35.862500000000004,25.375,46.375,54.583807795588974,12.875,15.125,86.60000000000001,0.0,6.0,0.491700487012987,4.125,13.625,0.32145718864468864,12.625,0.0,127.75
107,122,2025-01-25,1,1,2024-25,Dallas Mavericks,Boston Celtics,109.875,32.625,57.0,20.25,42.5,9.625,32.875,25.0,15.125,1.702888655462185,10.875,33.0,32.7,28.5,52.0,55.11108114052577,20.25,25.625,78.44999999999999,0.0,9.125,0.6244397759103643,5.375,18.875,0.300124883286648,15.125,0.0,125.75,111.0,46.875,49.0,15.125,45.125,11.75,33.375,24.625,12.0,2.255216165413534,15.625,44.875,34.949999999999996,24.5,46.75,52.68054128993542,15.125,19.25,78.3125,0.0,7.375,0.6298088972431078,6.25,16.0,0.45203905837697395,12.0,0.0,126.75
108,118,2025-01-25,1,1,2024-25,Golden State Warriors,Los Angeles Lakers,109.375,50.25,46.5,12.625,46.375,13.5,32.875,28.25,13.75,2.112578320802005,16.75,45.625,36.737500000000004,23.25,45.875,50.40886363304424,12.625,16.75,75.13749999999999,0.0,7.625,0.5642820994794678,4.5,19.375,0.24635640918535656,13.75,0.0,126.75,107.875,37.875,54.5,15.5,39.5,8.0,31.5,26.25,11.75,2.491766012625146,12.625,34.875,36.2125,27.25,48.5,56.153496282233824,15.5,19.625,78.2625,0.0,6.75,0.6482957058421455,5.625,14.25,0.4254428169869346,11.75,0.0,126.625
127,117,2025-01-25,1,1,2024-25,LA Clippers,Milwaukee Bucks,111.75,33.0,61.25,17.5,44.625,8.875,35.75,24.375,15.25,1.6917862783351914,11.0,33.375,33.8,30.625,53.0,57.413437540165255,17.5,21.125,81.425,0.0,9.75,0.6565908351913786,5.375,17.0,0.3219896602365643,15.25,0.0,132.25,120.75,40.125,62.0,18.625,48.375,9.375,39.0,26.25,12.0,2.600475912975913,13.375,33.25,41.425,31.0,55.0,56.311143039591315,18.625,25.5,72.075,0.0,6.125,0.5040723165723165,5.0,18.5,0.27521458764665285,12.0,0.0,143.75
123,92,2025-01-25,1,1,2024-25,Charlotte Hornets,New Orleans Pelicans,112.75,39.375,54.5,18.875,47.0,14.5,32.5,25.0,15.125,1.6829212454212454,13.125,37.875,34.75,27.25,53.5,51.283778084606816,18.875,23.375,79.6375,0.0,8.875,0.6009901556776557,4.5,18.625,0.24706728761005078,15.125,0.0,127.5,120.625,46.875,54.25,19.5,44.75,12.375,32.375,27.75,12.625,2.313301282051282,15.625,41.0,38.300000000000004,27.125,50.875,53.44859472175621,19.5,25.625,76.22500000000001,0.0,9.375,0.7716587140929247,5.75,17.625,0.3261470985155196,12.625,0.0,140.375
97,109,2025-01-25,1,1,2024-25,Chicago Bulls,Philadelphia 76ers,113.375,42.75,55.5,15.125,48.375,11.5,36.875,27.625,14.125,2.07292239010989,14.25,38.875,35.6875,27.75,53.0,52.29748208196581,15.125,18.625,81.7625,0.0,7.625,0.5507898351648352,5.0,16.75,0.30846340729274163,14.125,0.0,134.5,110.875,42.75,52.25,15.875,34.875,9.375,25.5,24.25,13.375,2.086931818181818,14.25,37.75,37.8875,26.125,49.375,53.06068167188043,15.875,19.25,82.6375,0.0,7.875,0.6234848484848484,3.125,20.75,0.15438961988304095,13.375,0.0,117.5
143,120,2025-01-25,1,1,2024-25,New York Knicks,Sacramento Kings,114.25,36.0,60.5,17.75,43.0,12.75,30.25,25.5,13.875,1.8845486111111112,12.0,33.375,35.162499999999994,30.25,54.75,55.75047051092058,17.75,21.5,82.4875,0.0,8.25,0.6345486111111112,3.0,17.125,0.1879655067155067,13.875,0.0,130.5,122.125,42.375,62.0,17.75,50.0,12.25,37.75,28.625,11.125,2.6817574786324787,14.125,38.625,36.6,31.0,59.0,52.84249093488827,17.75,21.375,82.775,0.0,7.125,0.6567574786324787,5.125,17.125,0.30265376984126985,11.125,0.0,145.75
108,118,2025-01-26,1,1,2024-25,Portland Trail Blazers,Oklahoma City Thunder,104.5,35.625,52.5,16.375,44.0,12.375,31.625,22.75,15.875,1.5483649380804954,11.875,36.625,32.2875,26.25,50.25,52.356602177396404,16.375,22.5,73.7125,0.0,8.125,0.5131154325765394,6.125,18.25,0.3275672389401105,15.875,0.0,114.75,122.125,46.125,59.25,16.75,42.5,10.5,32.0,26.25,13.0,2.1480068542568542,15.375,39.5,39.4125,29.625,51.875,57.26744081345599,16.75,19.25,85.8375,0.0,10.125,0.8631590631590631,4.625,22.0,0.21126997472821274,13.0,0.0,143.75
107,112,2025-01-27,1,1,2024-25,Charlotte Hornets,Los Angeles Lakers,115.0,41.625,54.0,19.375,47.0,14.0,33.0,26.125,15.0,1.7678170787545786,13.875,38.875,35.5375,27.0,51.625,53.13701938112542,19.375,24.125,79.42500000000001,0.0,9.125,0.6223443223443224,4.625,18.625,0.25401173205449523,15.0,0.0,132.5,108.25,35.625,58.25,14.375,39.875,8.0,31.875,26.625,12.125,2.4456121664712995,11.875,34.0,34.975,29.125,50.375,57.719912322334075,14.375,18.25,78.3,0.0,7.25,0.6752187827652223,5.25,13.25,0.41491168145579904,12.125,0.0,127.875
110,125,2025-01-27,1,1,2024-25,Utah Jazz,Milwaukee Bucks,110.125,38.625,55.25,16.25,46.375,13.75,32.625,26.0,15.875,1.7655091708400534,12.875,41.625,31.15,27.625,50.375,54.86455963691512,16.25,21.5,75.275,0.0,6.375,0.436468913031413,5.25,20.25,0.26722488038277514,15.875,0.0,121.5,120.25,37.875,61.75,20.625,46.5,8.75,37.75,26.0,12.25,2.5357905982905984,12.625,32.375,40.4125,30.875,54.25,56.87932485777313,20.625,27.25,74.35,0.0,5.5,0.4437576312576312,5.125,19.125,0.2737264924085576,12.25,0.0,141.375
125,119,2025-01-27,1,1,2024-25,Miami Heat,Orlando Magic,109.375,44.25,50.75,14.375,45.625,9.375,36.25,27.125,13.625,2.2923295454545456,14.75,39.875,38.1625,25.375,47.625,53.268647585163336,14.375,16.25,89.4125,0.0,5.875,0.45355113636363636,4.0,15.0,0.2811492176301959,13.625,0.0,129.125,98.75,30.0,50.5,18.25,40.625,12.125,28.5,20.875,13.875,1.7419052760964524,10.0,34.75,28.475,25.25,51.375,49.355491012434115,18.25,26.25,70.125,0.0,8.875,0.7509915329768271,4.5,21.125,0.2200491037376049,13.875,0.0,100.875
96,110,2025-01-27,1,1,2024-25,Brooklyn Nets,Sacramento Kings,98.5,36.0,46.75,15.75,44.625,13.25,31.375,23.75,16.125,1.5802670368846838,12.0,38.25,30.775000000000002,23.375,48.125,48.524906770248386,15.75,21.5,73.5125,0.0,7.25,0.46715514877279585,4.125,16.375,0.25033759133023836,16.125,0.0,105.375,121.75,42.75,62.0,17.0,47.25,11.125,36.125,29.0,10.75,2.7755074786324787,14.25,38.375,37.1875,31.0,57.625,53.90786623755171,17.0,20.125,84.10000000000001,0.0,6.875,0.6505074786324786,4.75,17.0,0.2855485066833751,10.75,0.0,145.0
100,92,2025-01-27,1,1,2024-25,Minnesota Timberwolves,Atlanta Hawks,118.375,46.5,53.25,18.625,44.875,12.625,32.25,27.125,14.25,2.055871212121212,15.5,37.0,41.9875,26.625,49.25,54.23146648332226,18.625,23.5,78.95,0.0,7.125,0.5178761297182349,5.25,17.625,0.30258987282497346,14.25,0.0,139.5,111.625,36.375,56.75,18.5,44.875,12.875,32.0,26.875,16.375,1.804586038961039,12.125,36.875,33.35,28.375,55.125,51.488186575462606,18.5,24.5,76.1875,0.0,11.25,0.743452380952381,4.625,18.5,0.25844482529854046,16.375,0.0,125.375
113,104,2025-01-27,1,1,2024-25,Toronto Raptors,New Orleans Pelicans,114.25,35.25,64.0,15.0,44.625,10.5,34.125,30.875,14.75,2.2026265401265404,11.75,30.125,39.800000000000004,32.0,56.25,56.73074147714412,15.0,21.375,68.2625,0.0,7.75,0.5364572927072927,4.625,21.375,0.22669225124720482,14.75,0.0,138.375,119.625,45.375,53.25,21.0,44.5,11.25,33.25,28.0,11.875,2.390224358974359,15.125,40.25,37.475,26.625,50.875,52.50519849534111,21.0,27.5,76.75,0.0,9.0,0.77621336996337,6.0,17.875,0.33791180439787255,11.875,0.0,139.375
129,121,2025-01-27,1,1,2024-25,Chicago Bulls,Denver Nuggets,108.25,38.625,54.0,15.625,48.25,11.75,36.5,25.75,14.75,1.89792239010989,12.875,37.5,33.775,27.0,53.125,50.52828689232659,15.625,19.375,81.85,0.0,7.0,0.49662316849816845,4.5,17.25,0.258984240626075,14.75,0.0,124.5,120.5,36.375,66.5,17.625,47.875,12.25,35.625,29.125,15.75,2.2790043290043287,12.125,31.0,39.074999999999996,33.25,55.875,59.5160876759465,17.625,22.75,76.125,0.0,6.75,0.4945887445887446,5.375,14.75,0.3566069621168305,15.75,0.0,147.25
112,114,2025-01-27,1,1,2024-25,Boston Celtics,Houston Rockets,114.125,50.25,49.25,14.625,46.125,12.875,33.25,26.0,10.75,2.8968828320802005,16.75,46.25,36.4125,24.625,47.75,51.87684771948398,14.625,18.875,77.3,0.0,7.25,0.6881422305764411,6.0,17.25,0.41558072504364063,10.75,0.0,131.875,119.875,41.625,59.75,18.5,46.0,16.125,29.875,24.5,15.625,1.6869846905013146,13.875,33.5,41.849999999999994,29.875,58.875,51.06478674284277,18.5,27.0,69.3625,0.0,11.75,0.7947258943102933,4.625,19.25,0.24806454809231093,15.625,0.0,134.0
111,109,2025-01-27,1,1,2024-25,Phoenix Suns,LA Clippers,115.625,38.625,57.75,19.25,43.25,9.125,34.125,27.0,12.625,2.199224641779789,12.875,34.75,36.9125,28.875,50.625,57.031878692008725,19.25,24.125,79.01250000000002,0.0,7.5,0.6150876696832579,3.875,17.625,0.22742651902658295,12.625,0.0,136.125,114.75,33.0,64.75,17.0,45.5,9.25,36.25,25.0,14.625,1.8852386592875723,11.0,32.875,34.2375,32.375,55.625,58.3062946830224,17.0,19.625,83.92500000000001,0.0,9.75,0.7161146447151883,5.0,18.0,0.2882940080626512,14.625,0.0,137.625
143,106,2025-01-27,1,1,2024-25,New York Knicks,Memphis Grizzlies,118.125,37.875,61.75,18.5,44.25,13.0,31.25,27.5,13.25,2.1515940656565657,12.625,33.75,36.5125,30.875,56.5,55.27286840288369,18.5,21.875,84.45,0.0,8.25,0.6665088383838385,3.0,16.875,0.19309371184371185,13.25,0.0,137.75,127.25,47.25,64.5,15.5,43.125,13.5,29.625,28.5,13.375,2.358927224736048,15.75,39.375,39.5,32.25,55.75,58.301042228768075,15.5,20.25,78.675,0.0,10.25,0.7847340057818,4.125,21.625,0.19489832535885168,13.375,0.0,148.0
130,108,2025-01-27,1,1,2024-25,Dallas Mavericks,Washington Wizards,108.625,31.875,57.25,19.5,42.0,9.25,32.75,24.0,15.0,1.6438227213962509,10.625,32.0,33.0875,28.625,53.0,54.516776020358584,19.5,25.375,76.57499999999999,0.0,8.375,0.5722419737125619,5.5,19.125,0.3015137721755369,15.0,0.0,121.875,103.5,41.625,45.25,16.625,42.5,9.625,32.875,24.375,13.75,1.9343140519611108,13.875,43.0,32.4875,22.625,47.0,47.99356685871038,16.625,21.625,75.14999999999999,0.0,9.125,0.714452520518697,3.75,19.5,0.19415920600783132,13.75,0.0,111.0
110,91,2025-01-27,1,1,2024-25,Cleveland Cavaliers,Detroit Pistons,118.0,48.75,51.0,18.25,45.125,12.375,32.75,27.25,13.25,2.2193951881451883,16.25,44.125,36.5,25.5,46.75,54.632483613921586,18.25,22.75,79.8375,0.0,6.75,0.5573860167610167,4.125,18.875,0.23390151515151514,13.25,0.0,134.375,113.25,36.75,58.75,17.75,45.875,10.625,35.25,24.25,16.625,1.5550060849752092,12.25,32.625,37.775,29.375,55.5,52.97083445005505,17.75,21.875,82.77499999999999,0.0,7.625,0.47608278418889705,5.5,20.5,0.2916130287840814,16.625,0.0,129.25
96,100,2025-01-28,1,1,2024-25,Atlanta Hawks,Houston Rockets,108.75,35.25,55.5,18.0,47.25,13.625,33.625,25.875,17.75,1.5773133116883118,11.75,38.25,30.974999999999998,27.75,53.75,51.63353541267191,18.0,24.625,72.7625,0.0,11.125,0.6752705627705627,4.625,18.625,0.2574579831932773,17.75,0.0,120.75,119.25,43.125,58.75,17.375,45.375,15.625,29.75,25.5,15.0,1.9381866135782377,14.375,34.375,42.2625,29.375,57.5,51.30197839369666,17.375,24.5,70.975,0.0,11.0,0.7791008943102933,4.375,19.125,0.23744201844804216,15.0,0.0,135.25
114,103,2025-01-28,1,1,2024-25,Golden State Warriors,Utah Jazz,109.5,50.625,46.25,12.625,45.0,13.0,32.0,28.0,13.625,2.113768796992481,16.875,45.625,37.012499999999996,23.125,45.875,50.11816595862564,12.625,16.75,75.13749999999999,0.0,7.75,0.5785678137651822,3.625,19.0,0.19774529807424546,13.625,0.0,124.625,112.375,41.25,55.5,15.625,46.0,14.25,31.75,27.0,15.125,1.9366321654924596,13.75,43.875,31.4875,27.75,50.25,55.26349580712788,15.625,21.0,73.8625,0.0,6.25,0.46120153335226866,4.5,20.75,0.2154704944178628,15.125,0.0,123.0
118,104,2025-01-28,1,1,2024-25,Philadelphia 76ers,Los Angeles Lakers,110.125,42.375,52.5,15.25,34.625,8.75,25.875,24.25,13.5,2.0549873737373736,14.125,38.625,36.9,26.25,48.625,54.16967404442158,15.25,19.0,80.275,0.0,8.25,0.6512626262626262,3.25,19.5,0.17272295321637426,13.5,0.0,116.375,110.125,33.75,62.0,14.375,41.75,8.875,32.875,26.875,13.25,2.340349008576563,11.25,33.125,33.725,31.0,52.625,58.72206749474787,14.375,18.25,78.3,0.0,7.5,0.6469293090810119,5.125,13.875,0.39194159598571365,13.25,0.0,130.75
125,112,2025-01-28,1,1,2024-25,Portland Trail Blazers,Milwaukee Bucks,105.75,37.5,50.5,17.75,43.125,12.0,31.125,22.375,15.625,1.5468943498452012,12.5,36.0,34.300000000000004,25.25,49.125,51.179772909103725,17.75,23.625,75.875,0.0,7.625,0.48566445218438253,6.125,19.75,0.3053450167178883,15.625,0.0,116.125,122.25,39.0,63.25,20.0,46.875,8.5,38.375,27.875,12.125,2.7064636752136755,13.0,33.5,40.325,31.625,53.5,59.1671232662612,20.0,26.5,73.35000000000001,0.0,5.0,0.41010378510378503,5.125,19.125,0.2737264924085576,12.125,0.0,146.125
133,119,2025-01-29,1,1,2024-25,Indiana Pacers,Detroit Pistons,115.875,34.875,65.0,16.0,44.125,9.5,34.625,29.875,12.75,2.4955013736263734,11.625,31.75,36.75,32.5,57.25,57.050269393890105,16.0,21.5,74.17500000000001,0.0,9.0,0.7592910561660562,5.0,17.875,0.29475584400120003,12.75,0.0,140.75,111.625,35.25,59.25,17.125,46.5,11.25,35.25,24.125,16.0,1.646672751641876,11.75,32.25,36.7625,29.625,57.125,51.94689827984228,17.125,21.25,81.35,0.0,7.5,0.4927494508555637,5.125,20.25,0.2749721619110164,16.0,0.0,126.75
82,106,2025-01-29,1,1,2024-25,Washington Wizards,Toronto Raptors,105.125,42.375,48.25,14.5,43.25,10.375,32.875,24.75,12.875,2.0567887994358585,14.125,41.875,33.75,24.125,50.375,47.62933543979146,14.5,19.625,73.35,0.0,9.0,0.7296040356702121,3.375,18.5,0.18655051035565742,12.875,0.0,113.5,112.625,33.375,62.75,16.5,46.75,11.0,35.75,30.5,14.75,2.173780386280386,11.125,30.375,37.56250000000001,31.375,57.375,54.66885264544057,16.5,22.625,72.275,0.0,7.625,0.5268419080919081,5.0,22.25,0.2380280355609303,14.75,0.0,136.375
116,128,2025-01-29,1,1,2024-25,San Antonio Spurs,LA Clippers,112.375,43.5,54.75,14.125,47.25,11.75,35.5,27.875,13.375,2.1468291512409157,14.5,42.0,34.7875,27.375,51.375,53.01752230099687,14.125,18.625,74.27499999999999,0.0,6.5,0.5365633549457078,7.0,15.375,0.4553863211951447,13.375,0.0,131.625,114.75,31.875,64.5,18.375,44.75,9.625,35.125,24.25,15.0,1.776905325954239,10.625,32.375,33.6375,32.25,54.875,58.88679003905955,18.375,20.875,87.05000000000001,0.0,9.875,0.7015313113818549,4.875,18.0,0.27996067472931785,15.0,0.0,136.625
122,112,2025-01-29,1,1,2024-25,New York Knicks,Denver Nuggets,123.375,42.75,63.25,17.375,44.625,13.125,31.5,29.25,13.125,2.327730429292929,14.25,35.375,39.724999999999994,31.625,56.375,56.54390205672984,17.375,21.25,81.675,0.0,9.875,0.820864898989899,3.5,17.0,0.22278121184371183,13.125,0.0,147.75,121.625,36.0,68.25,17.375,46.25,11.875,34.375,30.75,15.875,2.373647186147186,12.0,30.375,39.1125,34.125,57.25,59.52989677890717,17.375,21.625,80.5,0.0,7.625,0.5493506493506494,5.375,13.75,0.3805304070929071,15.875,0.0,150.0
136,137,2025-01-29,1,1,2024-25,New Orleans Pelicans,Dallas Mavericks,117.25,40.875,55.0,21.375,44.75,10.5,34.25,26.75,12.0,2.269230769230769,13.625,38.75,34.525,27.5,52.125,52.89494455770048,21.375,28.0,76.91250000000001,0.0,9.25,0.7898351648351649,6.375,17.875,0.36134930439787255,12.0,0.0,136.0,112.25,34.875,58.75,18.625,43.75,9.875,33.875,25.5,15.0,1.7688227213962509,11.625,33.375,34.225,29.375,52.5,56.5922870758446,18.625,24.375,75.89999999999999,0.0,8.125,0.5514086403792287,5.75,19.125,0.3140137721755369,15.0,0.0,129.75
116,109,2025-01-29,1,1,2024-25,Golden State Warriors,Oklahoma City Thunder,111.75,53.25,44.0,14.5,45.625,13.625,32.0,28.5,13.0,2.2933322890559733,17.75,47.0,38.0625,22.0,44.625,49.03764818767347,14.5,19.0,75.6,0.0,7.375,0.5914646391620076,3.875,19.625,0.20542073667073668,13.0,0.0,127.75,121.125,44.625,58.75,17.75,42.125,11.25,30.875,26.75,12.25,2.314673520923521,14.875,39.875,37.087500000000006,29.375,51.5,57.19226312072773,17.75,20.625,85.075,0.0,9.875,0.8853812853812854,3.875,21.5,0.182093773355215,12.25,0.0,141.5
106,126,2025-01-29,1,1,2024-25,Miami Heat,Cleveland Cavaliers,110.125,42.75,52.75,14.625,45.625,9.0,36.625,27.5,14.5,2.1761679292929292,14.25,39.5,37.337500000000006,26.375,48.0,54.84646621261432,14.625,16.875,88.375,0.0,5.375,0.36832386363636366,3.625,15.625,0.2539914795349578,14.5,0.0,128.625,120.125,49.125,52.5,18.5,46.25,13.125,33.125,27.75,12.875,2.3386259573759576,16.375,44.5,36.5625,26.25,47.375,55.531673076940834,18.5,23.375,78.5125,0.0,6.875,0.5814244782994783,4.0,18.25,0.23764083139083142,12.875,0.0,138.0
117,104,2025-01-29,1,1,2024-25,Philadelphia 76ers,Sacramento Kings,112.5,42.0,55.25,15.25,36.375,9.875,26.5,24.625,12.375,2.214709595959596,14.0,39.25,35.775,27.625,50.375,55.082566741280004,15.25,19.375,78.8375,0.0,8.75,0.7762626262626262,3.25,19.0,0.17688961988304094,12.375,0.0,121.0,121.25,39.375,64.5,17.375,45.75,10.5,35.25,29.625,11.5,2.7199519230769234,13.125,36.0,36.4125,32.25,57.5,56.33210866179413,17.375,21.125,81.07499999999999,0.0,6.375,0.5845352564102564,4.25,17.75,0.25082628446115285,11.5,0.0,143.875
83,104,2025-01-29,1,1,2024-25,Charlotte Hornets,Brooklyn Nets,114.0,42.0,54.0,18.0,43.875,12.75,31.125,26.5,15.0,1.794602793040293,14.0,37.5,36.9375,27.0,51.625,53.13701938112542,18.0,22.75,78.625,0.0,9.375,0.6402014652014651,4.375,18.625,0.24085383731765314,15.0,0.0,130.25,96.625,36.0,44.5,16.125,42.75,13.375,29.375,22.875,16.75,1.4332499914301384,12.0,37.75,31.125000000000004,22.25,47.375,46.988535532790195,16.125,20.875,76.13749999999999,0.0,7.75,0.480649466954614,3.875,16.75,0.23232288544788546,16.75,0.0,101.5
113,121,2025-01-29,1,1,2024-25,Phoenix Suns,Minnesota Timberwolves,115.25,42.0,54.5,18.75,43.375,9.0,34.375,26.625,13.375,2.072887743384067,14.0,36.0,38.375,27.25,49.25,55.04476805828155,18.75,23.125,80.6875,0.0,7.625,0.5863443541752364,4.0,17.625,0.23477946020305354,13.375,0.0,135.125,115.25,44.625,51.25,19.375,46.125,13.5,32.625,24.75,14.125,1.9374501594896332,14.875,36.75,40.675,25.625,49.875,51.06338588947284,19.375,24.75,78.36250000000001,0.0,7.875,0.5621012759170654,5.125,17.875,0.29130515060275125,14.125,0.0,133.5
122,100,2025-01-29,1,1,2024-25,Boston Celtics,Chicago Bulls,113.125,51.0,47.5,14.625,44.375,11.5,32.875,25.75,11.125,2.8322994987468673,17.0,45.625,37.5375,23.75,45.75,52.3956752761806,14.625,18.5,78.85,0.0,7.125,0.6693922305764411,5.625,17.5,0.3919696139325295,11.125,0.0,130.375,109.5,40.875,54.0,14.625,48.5,12.375,36.125,26.875,15.875,1.7490253312863606,13.625,39.5,33.3625,27.0,51.75,51.89237419391389,14.625,17.875,83.4125,0.0,7.875,0.515005521439345,4.625,16.75,0.27584931999115436,15.875,0.0,127.625
96,134,2025-01-30,1,1,2024-25,Washington Wizards,Los Angeles Lakers,102.125,37.875,48.25,16.0,44.375,10.625,33.75,23.5,14.875,1.82867432132138,12.625,40.625,30.525,24.125,49.25,48.837318633068776,16.0,21.375,74.89999999999999,0.0,8.125,0.6096545407207172,3.625,18.875,0.19547908178422885,14.875,0.0,108.375,110.375,32.25,62.5,15.625,41.625,7.5,34.125,27.0,13.625,2.324499726279912,10.75,31.75,33.5375,31.25,52.125,60.1084717881289,15.625,19.125,81.3625,0.0,7.0,0.6161278736743133,5.0,14.125,0.38226667338509446,13.625,0.0,132.0
113,138,2025-01-30,1,1,2024-25,Utah Jazz,Minnesota Timberwolves,112.0,40.875,55.0,16.125,44.625,12.25,32.375,27.5,15.375,1.9366321654924596,13.625,41.875,32.6625,27.5,49.75,55.374606918238996,16.125,21.75,73.6875,0.0,6.0,0.43684255899329427,5.0,21.5,0.23283160552897397,15.375,0.0,123.625,115.375,44.25,51.75,19.375,43.75,12.25,31.5,25.5,13.75,2.008996212121212,14.75,35.75,41.55,25.875,49.875,51.60686415034241,19.375,24.25,79.8,0.0,7.875,0.571969696969697,5.125,18.375,0.28077883481327753,13.75,0.0,134.0
119,90,2025-01-30,1,1,2024-25,Portland Trail Blazers,Orlando Magic,107.125,35.625,53.25,18.25,44.875,12.5,32.375,23.125,15.375,1.6165021929824561,11.875,34.75,34.075,26.625,50.625,52.32560624243706,18.25,24.125,76.2375,0.0,7.375,0.47684092277261786,6.0,20.0,0.2957964056067771,15.375,0.0,120.375,100.375,30.0,52.5,17.875,41.0,12.125,28.875,22.375,14.375,1.781299215490392,10.0,34.625,28.587500000000002,26.25,53.0,49.67328762260361,17.875,26.125,68.97500000000001,0.0,9.0,0.7350824420677361,4.375,21.125,0.21347015636918382,14.375,0.0,103.125
137,115,2025-01-30,1,1,2024-25,Cleveland Cavaliers,Atlanta Hawks,120.0,48.375,55.75,15.875,46.0,13.0,33.0,28.25,11.875,2.648149766899767,16.125,44.25,36.175,27.875,49.0,56.590102195714785,15.875,20.25,78.4375,0.0,7.125,0.6933292402042402,3.5,18.125,0.2106800470771059,11.875,0.0,139.375,105.5,33.0,55.25,17.25,45.5,12.25,33.25,25.5,18.25,1.5128291847041846,11.0,39.0,28.7125,27.625,51.875,53.37225721718319,17.25,23.375,73.78750000000001,0.0,11.25,0.6623737373737375,4.875,18.25,0.2743230625583567,18.25,0.0,116.0
120,119,2025-01-30,1,1,2024-25,Memphis Grizzlies,Houston Rockets,124.625,44.625,64.5,15.5,43.25,13.125,30.125,28.0,15.0,2.2195041478129713,14.875,37.25,39.3125,32.25,55.75,58.301042228768075,15.5,20.0,79.8375,0.0,9.25,0.6837724673202615,4.875,21.125,0.24646082535885167,15.0,0.0,144.625,116.75,39.75,60.0,17.0,45.875,14.5,31.375,24.375,14.75,1.8991079386299976,13.25,34.25,38.725,30.0,57.375,52.705039618186454,17.0,23.125,73.975,0.0,10.875,0.7798772918258212,3.875,19.625,0.19994201844804213,14.75,0.0,132.5
134,137,2025-01-31,1,1,2024-25,Philadelphia 76ers,Denver Nuggets,114.375,41.625,57.0,15.75,36.375,9.125,27.25,25.5,10.875,2.4590277777777776,13.875,37.375,37.2625,28.5,52.0,54.893887495996985,15.75,19.625,80.2625,0.0,8.5,0.8194444444444444,3.25,19.25,0.1761951754385965,10.875,0.0,126.25,120.875,34.875,68.5,17.5,45.75,11.875,33.875,29.875,15.125,2.3861471861471863,11.625,30.25,37.974999999999994,34.25,57.5,59.505095191605584,17.5,21.75,80.575,0.0,6.875,0.5198863636363636,5.125,13.625,0.36967514393501233,15.125,0.0,147.25
104,112,2025-01-31,1,1,2024-25,Charlotte Hornets,LA Clippers,110.25,40.125,52.0,18.125,43.875,13.125,30.75,25.0,15.125,1.6925807342167636,13.375,36.875,35.825,26.0,51.125,51.57451938112542,18.125,23.375,77.125,0.0,8.875,0.6061941122602887,5.0,18.5,0.2744064688966005,15.125,0.0,124.0,115.0,31.875,65.75,17.375,46.125,11.0,35.125,24.25,15.125,1.7649567965424742,10.625,31.375,35.2,32.875,57.375,57.35852709844349,17.375,20.0,86.2625,0.0,9.125,0.651439399617149,4.875,18.0,0.2799606747293179,15.125,0.0,136.375
117,102,2025-01-31,1,1,2024-25,Detroit Pistons,Dallas Mavericks,111.125,32.625,61.0,17.5,45.875,11.5,34.375,23.0,15.75,1.6059864771320722,10.875,32.375,33.975,30.5,57.625,53.0921745721774,17.5,21.875,80.9625,0.0,7.375,0.4922592547771324,4.875,20.125,0.26442021385906833,15.75,0.0,123.5,117.0,39.0,59.5,18.5,46.375,10.875,35.5,25.875,15.875,1.6849411424488823,13.0,34.75,36.525000000000006,29.75,51.875,57.88945688716536,18.5,23.75,77.5125,0.0,7.125,0.4450489912564216,5.75,19.125,0.3140137721755369,15.875,0.0,137.125
106,122,2025-01-31,1,1,2024-25,Toronto Raptors,Chicago Bulls,111.625,31.5,64.5,15.625,45.625,10.0,35.625,31.0,15.0,2.1693161005661006,10.5,29.5,36.7375,32.25,57.75,55.911542703920105,15.625,21.125,73.1,0.0,7.625,0.5089847652347652,5.0,23.0,0.23405978159267632,15.0,0.0,135.875,107.875,41.25,51.75,14.875,47.25,11.375,35.875,26.5,15.875,1.7240253312863607,13.75,40.25,33.1125,25.875,49.75,51.7199264209537,14.875,17.875,85.5,0.0,7.25,0.4733388547726783,4.75,16.75,0.2824282673595754,15.875,0.0,124.375
116,118,2025-01-31,1,1,2024-25,New Orleans Pelicans,Boston Celtics,119.375,40.125,58.25,21.0,44.0,11.0,33.0,27.625,11.75,2.4536057692307693,13.375,38.0,34.8375,29.125,54.125,53.95067454200189,21.0,27.5,77.1375,0.0,9.875,0.8929601648351649,6.75,17.375,0.3916124622926094,11.75,0.0,139.75,116.25,51.75,48.25,16.25,44.375,10.625,33.75,26.75,11.125,2.943410609857978,17.25,45.375,38.3,24.125,45.5,53.52616623225295,16.25,19.625,82.7875,0.0,7.5,0.7110588972431078,5.0,17.125,0.35831576777868335,11.125,0.0,135.875
105,130,2025-01-31,1,1,2024-25,Golden State Warriors,Phoenix Suns,113.625,52.125,46.0,15.5,45.125,12.75,32.375,29.375,13.0,2.351665622389307,17.375,46.0,37.987500000000004,23.0,44.75,51.23172349221389,15.5,19.75,77.33749999999999,0.0,6.75,0.5497979724953409,4.25,20.875,0.2061647842897843,13.0,0.0,131.5,114.375,40.125,56.0,18.25,43.0,9.25,33.75,26.5,13.875,1.9843460767174002,13.375,34.875,37.875,28.0,50.125,55.562610552128966,18.25,22.875,79.2625,0.0,7.375,0.5472818541752366,4.0,18.625,0.22066181314423003,13.875,0.0,133.125
144,118,2025-01-31,1,1,2024-25,San Antonio Spurs,Milwaukee Bucks,112.75,43.875,53.5,15.375,44.0,10.875,33.125,27.375,13.0,2.1862522281639927,14.625,42.75,34.4375,26.75,49.125,54.24768103115561,15.375,20.125,75.58749999999999,0.0,7.375,0.6356018164841695,7.25,16.25,0.45879541210423563,13.0,0.0,130.5,123.0,39.375,63.25,20.375,46.5,7.75,38.75,28.375,11.75,2.8054896492396493,13.125,33.625,40.575,31.625,52.5,60.22481557395351,20.375,26.625,75.02499999999999,0.0,5.25,0.4474414474414474,5.0,19.375,0.266340128772194,11.75,0.0,148.75
103,105,2025-02-01,1,1,2024-25,Minnesota Timberwolves,Washington Wizards,118.25,45.75,53.5,19.0,43.5,11.375,32.125,27.625,14.25,2.082714160839161,15.25,35.875,42.725,26.75,49.25,54.20426674774501,19.0,23.625,80.2125,0.0,8.0,0.5644910644910645,5.375,18.5,0.29180824657798343,14.25,0.0,140.75,98.75,36.75,44.75,17.25,43.5,10.625,32.875,22.25,15.125,1.7094435520906108,12.25,41.0,29.400000000000002,22.375,48.75,45.802274828312825,17.25,22.25,76.8625,0.0,7.0,0.5179878740540506,3.875,18.375,0.2144184757236228,15.125,0.0,100.125
132,127,2025-02-01,1,1,2024-25,Indiana Pacers,Atlanta Hawks,116.75,36.375,64.0,16.375,42.75,8.5,34.25,29.0,13.375,2.2178571428571425,12.125,31.5,38.3125,32.0,55.625,57.979463746049575,16.375,22.75,71.7375,0.0,9.0,0.7172237484737485,5.125,18.125,0.29822806622342224,13.375,0.0,139.875,106.125,33.0,55.25,17.875,43.625,11.75,31.875,25.5,18.25,1.5128291847041848,11.0,38.5,29.1,27.625,51.125,54.09465143802942,17.875,24.0,74.52499999999999,0.0,11.125,0.651010101010101,4.375,18.625,0.23960084033613444,18.25,0.0,115.375
144,110,2025-02-01,1,1,2024-25,Oklahoma City Thunder,Sacramento Kings,117.75,43.125,58.5,16.125,41.375,11.5,29.875,26.125,12.375,2.252173520923521,14.375,40.375,35.3375,29.25,51.5,56.98392978739439,16.125,19.375,83.2875,0.0,9.5,0.851040626040626,3.75,21.375,0.17722364348508512,12.375,0.0,134.625,118.75,38.25,63.5,17.0,44.875,10.875,34.0,29.75,12.0,2.55849358974359,12.75,36.25,35.300000000000004,31.75,56.625,56.39588417199821,17.0,20.625,81.25,0.0,6.5,0.5741185897435896,4.0,18.0,0.2318530701754386,12.0,0.0,139.875
127,108,2025-02-01,1,1,2024-25,Portland Trail Blazers,Phoenix Suns,110.875,36.75,54.25,19.875,45.0,11.875,33.125,23.0,15.125,1.634359335839599,12.25,33.625,36.7625,27.125,50.125,53.68277274359562,19.875,26.375,74.77499999999999,0.0,7.125,0.4690284227726178,6.5,20.125,0.32316568665252876,15.125,0.0,126.5,116.0,42.375,56.25,17.375,44.375,9.0,35.375,28.125,14.125,2.0567819741532976,14.125,35.375,39.325,28.125,50.25,55.65954932763917,17.375,21.5,79.52499999999999,0.0,7.0,0.5094613413547238,4.375,19.0,0.23500004843834768,14.125,0.0,138.25
104,107,2025-02-01,1,1,2024-25,Charlotte Hornets,Denver Nuggets,108.625,38.25,52.5,17.875,43.5,13.375,30.125,23.875,14.0,1.7550807342167636,12.75,35.75,34.8875,26.25,53.625,49.235915955565474,17.875,22.625,79.03750000000001,0.0,9.5,0.7173052233713999,4.625,18.5,0.2509689688966005,14.0,0.0,121.0,124.5,34.125,72.5,17.875,45.625,11.875,33.75,32.0,15.0,2.505226133515607,11.375,29.5,38.4625,36.25,59.125,61.338182885047,17.875,21.375,84.0375,0.0,7.25,0.540938995215311,4.5,13.75,0.3296935262879535,15.0,0.0,154.375
98,110,2025-02-01,1,1,2024-25,Houston Rockets,Brooklyn Nets,115.625,38.25,59.25,18.125,46.5,15.125,31.375,23.625,14.875,1.8100927871148458,12.75,33.5,38.2125,29.625,58.5,51.13910555225239,18.125,24.5,74.2375,0.0,9.875,0.6832863827349122,3.75,19.75,0.19171833423751583,14.875,0.0,128.5,93.125,32.625,44.25,16.25,42.25,13.0,29.25,21.75,16.5,1.393914327094474,10.875,36.625,29.25,22.125,47.25,46.88755764163373,16.25,21.125,75.725,0.0,7.75,0.49988023618538324,4.625,16.375,0.2759736790986791,16.5,0.0,97.25
103,105,2025-02-01,1,1,2024-25,San Antonio Spurs,Miami Heat,116.875,48.0,53.0,15.875,43.375,10.875,32.5,28.5,12.0,2.707085561497326,16.0,43.0,37.05,26.5,48.625,54.24768103115561,15.875,21.0,74.475,0.0,7.875,0.7546494355317885,7.75,16.25,0.48379541210423566,12.0,0.0,138.125,111.125,42.0,54.75,14.375,43.875,8.625,35.25,28.125,14.25,2.245364357864358,14.0,38.375,37.6125,27.375,48.875,56.285860152008254,14.375,16.5,88.80000000000001,0.0,5.0,0.34935064935064936,3.75,15.125,0.31232481286829117,14.25,0.0,129.625
112,128,2025-02-01,1,1,2024-25,New York Knicks,Los Angeles Lakers,121.125,41.25,63.5,16.375,42.875,12.625,30.25,29.75,12.375,2.713147095959596,13.75,34.5,39.387499999999996,31.75,57.875,54.970696142557465,16.375,20.5,79.60000000000001,0.0,10.0,0.9041982323232323,3.25,16.75,0.21062843406593407,12.375,0.0,143.625,112.5,33.0,62.5,17.0,43.375,7.875,35.5,26.75,14.125,2.087486739266925,11.0,31.5,34.625,31.25,52.375,59.846772280739735,17.0,20.125,84.375,0.0,6.625,0.5041148866613263,5.25,15.625,0.3718500067184278,14.125,0.0,135.625
113,99,2025-02-01,1,1,2024-25,Utah Jazz,Orlando Magic,112.125,39.75,55.5,16.875,42.375,11.875,30.5,27.0,15.875,1.8275412564015503,13.25,40.625,32.9875,27.75,49.375,56.39204877870411,16.875,22.375,74.8125,0.0,5.875,0.40729710444783973,4.75,20.25,0.23283160552897395,15.875,0.0,121.75,98.625,29.25,51.75,17.625,40.0,12.25,27.75,21.25,14.25,1.7215565684315686,9.75,34.125,28.075,25.875,53.625,48.264196713512696,17.625,25.125,71.1125,0.0,8.75,0.7240530303030303,4.0,21.125,0.19716580854309687,14.25,0.0,98.75
110,118,2025-02-02,1,1,2024-25,Philadelphia 76ers,Boston Celtics,116.25,44.625,56.0,15.625,35.375,9.125,26.25,25.75,11.125,2.436706349206349,14.875,38.0,39.1875,28.0,51.125,54.90704539073383,15.625,19.875,77.925,0.0,9.0,0.8432539682539683,3.375,18.875,0.18647478070175438,11.125,0.0,128.125,115.875,51.375,48.5,16.0,43.625,9.875,33.75,27.625,11.5,2.938602917550286,17.125,45.875,37.4375,24.25,45.5,53.81686390667156,16.0,20.125,80.075,0.0,8.25,0.7514435126277232,5.5,16.25,0.3966989199525964,11.5,0.0,135.25
127,119,2025-02-02,1,1,2024-25,Detroit Pistons,Chicago Bulls,110.25,30.375,62.75,17.125,46.875,12.375,34.5,22.75,15.0,1.7351073562529513,10.125,32.5,31.675,31.375,59.25,53.1012809344892,17.125,21.625,80.1,0.0,8.0,0.6474790349969126,5.375,19.375,0.30251545195430646,15.0,0.0,123.5,111.375,45.75,50.25,15.375,47.125,11.5,35.625,27.875,14.75,1.966638967649997,15.25,41.875,35.9625,25.125,48.25,51.8453864410273,15.375,18.75,83.3,0.0,7.125,0.48754340022722376,5.25,17.125,0.30326160069290875,14.75,0.0,130.875
144,101,2025-02-02,1,1,2024-25,Cleveland Cavaliers,Dallas Mavericks,122.875,48.375,58.5,16.0,46.0,12.875,33.125,28.5,10.75,2.811840243090243,16.125,43.875,36.4625,29.25,49.5,58.65340347776606,16.0,20.125,79.5625,0.0,8.0,0.7751744782994783,3.25,19.125,0.17359870736418725,10.75,0.0,145.75,115.25,38.625,58.25,18.375,46.5,11.875,34.625,25.0,16.0,1.6253006195730655,12.875,34.5,36.4,29.125,51.75,56.86252086022933,18.375,23.25,78.6375,0.0,6.5,0.4066502984459641,7.0,18.75,0.40802637721755375,16.0,0.0,135.125
115,108,2025-02-02,1,1,2024-25,Toronto Raptors,LA Clippers,111.875,30.75,64.5,16.625,45.625,9.125,36.5,30.875,14.0,2.4181256243756244,10.25,29.625,35.725,32.25,58.375,55.39866777466147,16.625,22.625,73.1,0.0,8.0,0.5911276223776224,4.875,22.375,0.24848285851575325,14.0,0.0,135.75,114.25,32.25,65.5,16.5,45.5,11.125,34.375,24.625,15.125,1.7857901298758077,10.75,32.0,34.675000000000004,32.75,57.125,57.41427323909529,16.5,19.125,85.125,0.0,8.875,0.6375505107282601,4.875,18.625,0.2692769140455572,15.125,0.0,134.75
119,132,2025-02-02,1,1,2024-25,Milwaukee Bucks,Memphis Grizzlies,121.5,37.5,63.0,21.0,45.875,8.5,37.375,27.375,11.875,2.661045204795205,12.5,32.625,39.9,31.5,53.625,58.96820181733975,21.0,27.625,74.225,0.0,5.375,0.4571636696636696,5.5,19.125,0.29516218391003857,11.875,0.0,144.875,124.875,42.75,66.5,15.625,44.0,13.25,30.75,29.0,14.125,2.376701117509941,14.25,36.75,37.85,33.25,57.375,58.349119151845,15.625,19.875,80.875,0.0,8.0,0.6452623663101604,5.375,21.125,0.2664608253588517,14.125,0.0,146.25
130,132,2025-02-03,1,1,2024-25,Detroit Pistons,Atlanta Hawks,113.625,30.75,67.0,15.875,45.25,11.625,33.625,24.75,14.0,2.0221886959658697,10.25,31.75,32.7125,33.5,61.0,54.93593179087918,15.875,20.5,77.94999999999999,0.0,9.375,0.7868331019825585,5.125,19.125,0.29348767417652866,14.0,0.0,130.5,107.125,34.875,54.25,18.0,42.25,11.5,30.75,26.0,17.625,1.6234061077811077,11.625,38.5,30.7875,27.125,50.75,53.593472192746404,18.0,24.5,73.6875,0.0,10.75,0.6462024087024087,3.625,19.375,0.1878105590062112,17.625,0.0,115.125
114,124,2025-02-03,1,1,2024-25,Charlotte Hornets,Washington Wizards,106.0,36.75,51.75,17.5,44.375,13.375,31.0,24.5,14.0,1.807164067550097,12.25,34.75,34.4375,25.875,54.5,47.97656579193761,17.5,22.25,78.60000000000001,0.0,9.0,0.6756385567047332,5.125,18.5,0.28943050735813897,14.0,0.0,119.125,97.625,34.125,46.5,17.0,43.5,10.125,33.375,22.5,15.5,1.686334308393132,11.375,39.5,28.975,23.25,49.875,46.67422604782502,17.0,21.5,78.4625,0.0,7.25,0.5248156051464875,4.375,18.375,0.23822799953314658,15.5,0.0,100.5
124,118,2025-02-03,1,1,2024-25,New York Knicks,Houston Rockets,120.25,39.375,65.75,15.125,43.125,13.375,29.75,30.625,11.875,2.8272343975468974,13.125,33.375,38.787499999999994,32.875,60.875,54.0465378641819,15.125,19.25,78.46249999999999,0.0,10.25,0.9319760101010102,3.375,16.125,0.22216117216117215,11.875,0.0,143.375,112.0,38.25,56.5,17.25,46.25,15.375,30.875,22.875,14.5,1.8003525273745862,12.75,34.25,37.5125,28.25,58.0,49.23434364749048,17.25,23.375,73.72500000000001,0.0,9.375,0.662182486631016,3.75,20.0,0.18755166757084918,14.5,0.0,122.375
125,113,2025-02-03,1,1,2024-25,Denver Nuggets,New Orleans Pelicans,121.25,30.75,72.5,18.0,45.875,12.0,33.875,31.25,15.625,2.105604921394395,10.25,30.0,34.7625,36.25,58.125,62.46812638787186,18.0,21.5,84.1,0.0,7.75,0.5390450558213716,5.5,14.5,0.3875060262879535,15.625,0.0,150.875,119.0,40.5,58.5,20.0,44.25,10.625,33.625,25.625,13.0,2.1536057692307695,13.5,36.375,36.4,29.25,55.0,53.18160153133741,20.0,26.625,75.58749999999999,0.0,9.375,0.7992101648351648,6.375,18.375,0.3554403011204482,13.0,0.0,136.375
128,109,2025-02-03,1,1,2024-25,Memphis Grizzlies,San Antonio Spurs,125.25,42.0,67.25,16.0,45.125,14.25,30.875,30.125,14.625,2.3246177841766076,14.0,36.875,37.075,33.625,57.75,58.60364403872283,16.0,20.5,80.7375,0.0,8.25,0.6296373663101604,5.375,20.625,0.2752327551834131,14.625,0.0,148.0,116.0,46.875,52.25,16.875,43.25,10.875,32.375,28.0,11.25,2.7859625668449195,15.625,41.75,37.137499999999996,26.125,49.375,52.75881275657304,16.875,22.125,76.1125,0.0,7.875,0.7867349970291146,6.625,16.25,0.42129541210423566,11.25,0.0,135.875
111,112,2025-02-03,1,1,2024-25,Utah Jazz,Indiana Pacers,112.25,39.0,55.0,18.25,44.25,11.75,32.5,26.5,16.375,1.7181662564015503,13.0,39.625,33.337500000000006,27.5,49.25,56.01959979911228,18.25,23.25,78.4,0.0,5.875,0.3942762711145064,5.125,21.375,0.23746123515860357,16.375,0.0,124.25,119.125,36.375,66.25,16.5,43.5,8.75,34.75,30.625,13.375,2.3532738095238095,12.125,31.75,38.025,33.125,56.75,58.8018321671022,16.5,23.0,71.325,0.0,8.75,0.6963904151404152,5.125,19.25,0.2855018218795309,13.375,0.0,144.0
121,119,2025-02-03,1,1,2024-25,Portland Trail Blazers,Phoenix Suns,113.875,35.625,56.75,21.5,45.375,12.125,33.25,22.5,14.0,1.7501488095238096,11.875,33.0,36.225,28.375,51.125,54.9069106746301,21.5,28.0,76.2375,0.0,7.75,0.5670547385620915,5.875,19.625,0.30233235331919545,14.0,0.0,131.0,113.25,40.125,56.25,16.875,43.125,9.125,34.0,26.625,14.5,1.9371273688901398,13.375,35.375,37.05,28.125,50.125,55.791525194909156,16.875,20.875,79.6125,0.0,6.375,0.464231078196829,4.125,18.75,0.22516567990832695,14.5,0.0,131.0
104,99,2025-02-03,1,1,2024-25,Golden State Warriors,Orlando Magic,112.25,51.375,45.5,15.375,45.625,12.75,32.875,29.375,12.875,2.37249895572264,17.125,47.0,36.2875,22.75,45.5,50.061154930340976,15.375,20.25,75.125,0.0,7.125,0.5874582289055974,4.375,20.0,0.22160000696184906,12.875,0.0,128.375,99.375,28.125,51.75,19.5,41.375,12.5,28.875,20.625,13.625,1.7876623376623377,9.375,33.5,27.5625,25.875,53.75,48.15705385636984,19.5,26.875,72.9,0.0,8.25,0.7396780303030304,4.75,21.0,0.2300009534706331,13.625,0.0,101.375
125,96,2025-02-03,1,1,2024-25,Oklahoma City Thunder,Milwaukee Bucks,121.0,45.75,59.75,15.5,45.375,12.75,32.625,26.75,11.625,2.4153679653679654,15.25,41.625,36.337500000000006,29.875,53.5,55.60414836662937,15.5,19.125,80.775,0.0,8.875,0.8336795149295149,4.0,20.875,0.1961630374244791,11.625,0.0,140.75,121.125,42.375,59.5,19.25,44.25,9.125,35.125,28.375,10.875,2.82588036963037,14.125,36.75,38.1625,29.75,51.875,57.573274281107864,19.25,25.625,72.53750000000001,0.0,5.0,0.46494755244755237,4.875,19.25,0.26242408867194333,10.875,0.0,141.625
114,116,2025-02-03,1,1,2024-25,Minnesota Timberwolves,Sacramento Kings,116.625,42.0,55.0,19.625,43.625,11.375,32.25,28.375,14.25,2.129589160839161,14.0,35.875,39.6,27.5,51.0,53.92608580918671,19.625,24.125,81.7,0.0,8.625,0.6035535644910645,5.5,18.5,0.29962074657798343,14.25,0.0,138.625,118.125,36.0,64.5,17.625,43.875,10.875,33.0,29.75,11.875,2.6018963675213675,12.0,36.5,33.3625,32.25,57.0,56.97287204261816,17.625,21.625,80.6625,0.0,7.0,0.6435630341880343,4.0,17.25,0.2552905701754386,11.875,0.0,137.625
97,122,2025-02-04,1,1,2024-25,LA Clippers,Los Angeles Lakers,113.25,31.5,64.5,17.25,45.875,11.375,34.5,23.875,14.75,1.788674745260423,10.5,31.75,34.1,32.25,57.25,56.45382126169415,17.25,20.0,85.425,0.0,8.125,0.5971658953436447,5.25,19.0,0.28594358071222387,14.75,0.0,132.625,115.75,35.625,63.0,17.125,43.75,7.5,36.25,27.0,14.75,2.0041534059335917,11.875,32.25,36.15,31.5,51.5,61.61252431326007,17.125,20.125,85.0625,0.0,7.0,0.5041148866613263,4.875,16.875,0.3216606127790338,14.75,0.0,140.25
133,124,2025-02-04,1,1,2024-25,Chicago Bulls,Miami Heat,110.875,47.625,47.25,16.0,47.0,11.375,35.625,27.125,15.5,1.8380675390785683,15.875,43.375,36.15,23.625,46.0,51.550546146187,16.0,19.5,82.9375,0.0,6.875,0.4509362573700809,5.375,16.25,0.3278828128141209,15.5,0.0,128.375,110.75,40.875,56.0,13.875,45.75,9.75,36.0,28.75,13.5,2.356971500721501,13.625,39.125,35.9375,28.0,50.125,55.96239839237628,13.875,16.75,84.4875,0.0,5.5,0.39310064935064937,3.625,15.375,0.2962991718426501,13.5,0.0,130.375
115,121,2025-02-04,1,1,2024-25,Toronto Raptors,New York Knicks,112.5,31.5,63.75,17.25,44.0,8.75,35.25,30.375,14.375,2.297184065934066,10.5,28.5,38.175,31.875,59.0,54.12972838072208,17.25,22.75,76.5375,0.0,8.25,0.5992445054945056,5.125,22.125,0.2662847161008926,14.375,0.0,135.25,120.125,35.625,68.5,16.0,42.5,13.0,29.5,30.125,11.625,2.822770111832612,11.875,32.0,36.275,34.25,63.125,54.04273037103539,16.0,20.0,79.6125,0.0,10.125,0.934208152958153,3.625,16.25,0.23704212454212453,11.625,0.0,141.875
112,89,2025-02-04,1,1,2024-25,Portland Trail Blazers,Indiana Pacers,114.875,38.25,54.5,22.125,45.125,12.125,33.0,23.625,13.375,1.8927770146520144,12.75,34.125,37.599999999999994,27.25,50.0,53.917290688704696,22.125,28.625,76.65,0.0,7.625,0.5761359351432881,5.375,19.875,0.274763431013431,13.375,0.0,132.625,117.0,36.375,64.0,16.625,42.375,7.625,34.75,30.0,12.875,2.4419490231990233,12.125,33.375,36.6875,32.0,54.0,59.825833316857874,16.625,22.5,73.5125,0.0,9.0,0.77117673992674,6.25,19.375,0.3414228745111098,12.875,0.0,142.625
105,112,2025-02-04,1,1,2024-25,Cleveland Cavaliers,Boston Celtics,125.375,51.75,59.0,14.625,46.5,11.625,34.875,30.0,10.875,2.93163190975691,17.25,43.5,39.2625,29.5,50.0,58.582380750493336,14.625,19.0,77.4375,0.0,8.375,0.8098967005217005,4.125,19.0,0.2254777923315075,10.875,0.0,152.375,116.25,53.625,47.5,15.125,41.75,8.375,33.375,29.0,10.875,3.205467996915365,17.875,45.5,39.199999999999996,23.75,43.375,55.30724852205617,15.125,19.25,79.3625,0.0,7.0,0.6770387507229613,5.75,16.625,0.40265130090497736,10.875,0.0,137.5
118,116,2025-02-04,1,1,2024-25,Philadelphia 76ers,Dallas Mavericks,117.25,46.5,54.5,16.25,37.125,8.875,28.25,25.625,11.25,2.3950396825396827,15.5,37.75,41.375,27.25,50.5,54.04340902709746,16.25,20.625,78.21249999999999,0.0,8.875,0.8196428571428571,3.5,18.875,0.19305372807017543,11.25,0.0,131.25,114.625,36.0,60.75,17.875,46.75,12.375,34.375,24.625,15.0,1.7470326457168563,12.0,34.75,34.1375,30.375,55.0,55.60026595826855,17.875,22.375,79.55,0.0,5.875,0.4091012788381209,6.5,17.875,0.39350617519735165,15.0,0.0,131.5
99,97,2025-02-04,1,1,2024-25,Brooklyn Nets,Houston Rockets,98.5,34.5,47.5,16.5,43.125,12.75,30.375,22.875,15.125,1.581414327094474,11.5,36.5,31.637500000000003,23.75,47.875,49.21710309617919,16.5,21.0,77.25,0.0,7.25,0.5055620543672014,5.375,16.375,0.3228486790986791,15.125,0.0,108.375,111.125,36.0,58.0,17.125,44.875,15.0,29.875,23.125,14.875,1.7756676534250064,12.0,33.875,35.4375,29.0,57.875,50.293810496431014,17.125,22.5,76.8625,0.0,8.75,0.6049345874713521,4.0,21.0,0.18862004363922524,14.875,0.0,120.875
127,108,2025-02-05,1,1,2024-25,Minnesota Timberwolves,Chicago Bulls,116.25,40.875,55.75,19.625,42.875,11.625,31.25,28.5,14.25,2.145214160839161,13.625,36.125,38.4125,27.875,51.25,54.37124250434341,19.625,23.75,83.675,0.0,8.75,0.6191785644910645,6.0,18.125,0.33580495710429925,14.25,0.0,138.125,114.75,51.75,47.5,15.5,47.875,11.25,36.625,28.875,14.75,2.111505039078568,17.25,44.875,38.4875,23.75,45.75,52.069776915417776,15.5,19.0,82.58749999999999,0.0,6.125,0.4228112573700809,4.875,16.125,0.3026635145685068,14.75,0.0,134.625
102,119,2025-02-05,1,1,2024-25,Brooklyn Nets,Washington Wizards,98.25,31.875,49.5,16.875,42.375,12.5,29.875,22.625,14.75,1.6076748312961548,10.625,35.125,30.675000000000004,24.75,49.25,49.89892127799737,16.875,21.5,77.2,0.0,7.875,0.5580830627705627,5.75,17.75,0.31427725052725053,14.75,0.0,108.5,100.625,36.75,47.75,16.125,44.5,11.125,33.375,23.75,14.75,1.8761738805856452,12.25,40.625,30.1625,23.875,50.0,47.85441221803779,16.125,20.375,78.62499999999999,0.0,7.25,0.5488797762694821,4.875,19.0,0.2601774042950513,14.75,0.0,107.5
107,138,2025-02-05,1,1,2024-25,Toronto Raptors,Memphis Grizzlies,112.875,32.625,63.0,17.25,42.875,8.375,34.5,29.875,14.375,2.2614697802197803,10.875,27.875,39.975,31.5,58.5,54.00145959555161,17.25,22.125,79.0,0.0,8.375,0.608173076923077,5.125,21.375,0.27115484597102246,14.375,0.0,135.875,123.75,40.125,66.75,16.875,45.875,14.25,31.625,29.375,15.375,2.057951117509941,13.375,35.875,36.5375,33.375,59.0,56.85910974701872,16.875,21.125,82.825,0.0,9.25,0.6463040329768271,6.0,20.5,0.3099549774056353,15.375,0.0,146.5
131,128,2025-02-05,1,1,2024-25,Utah Jazz,Golden State Warriors,110.75,39.0,54.0,17.75,46.75,13.0,33.75,26.625,16.75,1.687738624822603,13.0,39.5,33.45,27.0,50.0,54.22561831763079,17.75,23.25,76.73750000000001,0.0,5.625,0.37248350795661167,4.625,21.0,0.21687299986448594,16.75,0.0,122.625,110.0,50.625,43.25,16.125,44.25,11.75,32.5,29.5,13.25,2.312883571107255,16.875,46.75,35.875,21.625,43.5,50.06698243616848,16.125,21.5,74.575,0.0,7.5,0.5989966904440589,3.5,19.75,0.17298889585073796,13.25,0.0,124.375
144,119,2025-02-05,1,1,2024-25,Denver Nuggets,New Orleans Pelicans,122.75,32.625,72.75,17.375,44.5,12.125,32.375,31.75,13.75,2.5460811118705857,10.875,31.0,35.8125,36.375,59.0,61.738823910688026,17.375,20.875,83.7125,0.0,7.875,0.6491641034404192,5.25,14.5,0.3718810262879535,13.75,0.0,152.125,118.25,42.375,56.0,19.875,43.25,10.5,32.75,26.0,13.0,2.191105769230769,14.125,36.25,38.1625,28.0,54.0,51.716084289958104,19.875,26.375,75.975,0.0,8.625,0.7242101648351649,5.875,18.5,0.329249824929972,13.0,0.0,134.375
125,126,2025-02-05,1,1,2024-25,Atlanta Hawks,San Antonio Spurs,109.875,36.0,54.0,19.875,41.75,10.125,31.625,26.5,16.375,1.7446858696858696,12.0,39.375,30.775,27.0,49.375,54.843472192746404,19.875,26.625,74.2875,0.0,10.5,0.6655476467976469,3.75,20.125,0.18450368069933287,16.375,0.0,119.5,116.5,44.625,55.25,16.625,43.5,10.5,33.0,28.875,13.0,2.621107494381152,14.875,39.75,36.975,27.625,50.875,54.40786138236586,16.625,22.125,74.8625,0.0,7.875,0.7191021467875688,6.25,16.75,0.3905414438502674,13.0,0.0,136.375
140,109,2025-02-05,1,1,2024-25,Oklahoma City Thunder,Phoenix Suns,119.875,45.0,59.75,15.125,47.375,13.5,33.875,27.125,12.875,2.1748217468805704,15.0,40.125,36.962500000000006,29.875,54.25,54.733790276443685,15.125,18.75,80.35000000000001,0.0,8.5,0.685570271232036,4.0,20.625,0.1996352596467013,12.875,0.0,140.875,112.5,43.125,53.5,15.875,42.25,8.75,33.5,27.0,15.125,1.8579607022234732,14.375,37.5,38.0125,26.75,47.875,55.6819178750464,15.875,19.375,80.325,0.0,7.125,0.489231078196829,4.375,18.375,0.23930258467023172,15.125,0.0,130.375
111,130,2025-02-05,1,1,2024-25,Sacramento Kings,Orlando Magic,116.125,34.5,64.5,17.125,44.25,10.75,33.5,28.625,11.875,2.5081463675213675,11.5,35.375,33.275,32.25,57.375,56.6759263412607,17.125,21.375,79.3,0.0,7.25,0.6643963675213675,4.375,17.375,0.2771655701754386,11.875,0.0,135.5,100.0,29.25,53.25,17.5,43.25,13.25,30.0,21.625,13.625,1.870995670995671,9.75,33.5,28.737499999999997,26.625,55.875,47.4369046026385,17.5,24.25,70.6875,0.0,8.875,0.7917613636363636,4.625,21.875,0.21987949598075457,13.625,0.0,105.0
102,112,2025-02-05,1,1,2024-25,Charlotte Hornets,Milwaukee Bucks,106.5,34.5,53.0,19.0,44.0,12.375,31.625,24.25,13.75,1.833387843773873,11.5,33.5,33.724999999999994,26.5,54.625,48.937017769338745,19.0,23.5,80.7375,0.0,8.25,0.6249392560054325,4.375,18.625,0.24209594853460956,13.75,0.0,119.0,116.875,42.375,57.75,16.75,43.375,8.875,34.5,28.25,11.0,2.8026660839160837,14.125,37.75,37.087500000000006,28.875,52.375,55.41586687370045,16.75,23.125,70.2125,0.0,5.625,0.5024475524475525,4.625,17.875,0.2665001756284651,11.0,0.0,134.25
101,108,2025-02-05,1,1,2024-25,Philadelphia 76ers,Miami Heat,118.375,44.625,57.75,16.0,36.625,9.375,27.25,27.0,11.75,2.3896978021978024,14.875,36.25,41.0875,28.875,52.0,55.5217799428821,16.0,20.25,78.23750000000001,0.0,9.0,0.8121642246642246,3.5,18.375,0.19686325187969925,11.75,0.0,134.0,112.125,43.875,53.5,14.75,46.125,10.375,35.75,28.625,14.25,2.147150072150072,14.625,40.5,37.35,26.75,48.625,55.26899509402546,14.75,18.25,82.08749999999999,0.0,5.75,0.39756493506493507,4.0,15.625,0.3183579953720619,14.25,0.0,131.125
115,118,2025-02-05,1,1,2024-25,Detroit Pistons,Cleveland Cavaliers,114.75,30.75,66.75,17.25,45.0,11.0,34.0,25.875,14.625,1.9934188546960288,10.25,31.0,33.4625,33.375,60.375,55.353086357623916,17.25,20.75,81.125,0.0,9.625,0.7798886575381141,5.0,18.875,0.2895987852876398,14.625,0.0,134.375,123.75,48.75,59.75,15.25,46.625,11.5,35.125,28.875,11.375,2.729708832833833,16.25,42.625,37.625,29.875,50.375,58.979751237149536,15.25,19.375,78.775,0.0,7.875,0.7287001193251194,4.125,19.625,0.22396813049575873,11.375,0.0,148.875
112,90,2025-02-06,1,1,2024-25,Denver Nuggets,Orlando Magic,122.75,32.625,74.0,16.125,44.5,12.0,32.5,31.875,13.125,2.7534223817118555,10.875,32.5,34.012499999999996,37.0,59.375,62.39671864753013,16.125,19.625,83.375,0.0,8.125,0.7116641034404192,5.25,15.875,0.3456905500974773,13.125,0.0,151.875,103.75,30.75,55.25,17.75,42.75,12.375,30.375,21.625,14.125,1.676190476190476,10.25,32.25,31.525,27.625,55.375,49.56517610105667,17.75,24.125,72.97500000000001,0.0,8.0,0.6148133116883118,4.25,22.5,0.19603081177022824,14.125,0.0,110.125
112,119,2025-02-06,1,1,2024-25,LA Clippers,Indiana Pacers,113.0,32.625,63.0,17.375,45.375,11.375,34.0,24.625,14.75,1.8636747452604232,10.875,31.625,35.087500000000006,31.5,56.75,55.45221869759159,17.375,20.25,84.85000000000001,0.0,8.75,0.6596658953436447,5.0,18.625,0.2789582865945768,14.75,0.0,133.125,114.625,34.875,62.75,17.0,41.25,8.375,32.875,29.75,13.375,2.3814227074095493,11.625,33.0,35.125,31.375,54.25,58.45820971239217,17.0,22.75,74.48750000000001,0.0,9.375,0.7768784943127048,6.0,20.125,0.3039734817985592,13.375,0.0,137.625
108,102,2025-02-06,1,1,2024-25,Portland Trail Blazers,Sacramento Kings,114.375,37.875,54.25,22.25,45.625,12.75,32.875,23.375,14.75,1.6534678041256987,12.625,33.375,37.9625,27.125,51.375,52.099108870522876,22.25,27.875,80.26249999999999,0.0,8.25,0.5818925140906565,5.25,20.375,0.25609827264239027,14.75,0.0,131.5,114.625,33.75,63.5,17.375,42.5,11.25,31.25,28.0,12.75,2.367795490328385,11.25,33.875,34.05,31.75,57.0,56.16211232508819,17.375,21.875,78.77499999999999,0.0,6.5,0.5788700517318939,4.375,16.625,0.2878798558897243,12.75,0.0,130.875
120,127,2025-02-06,1,1,2024-25,Boston Celtics,Dallas Mavericks,114.625,52.5,46.0,16.125,42.125,9.25,32.875,28.125,11.125,3.0638013302486984,17.5,45.5,38.4125,23.0,44.125,52.8186121584198,16.125,20.5,78.83749999999999,0.0,7.25,0.681205417389628,5.375,18.25,0.29774058661926306,11.125,0.0,132.875,116.0,37.875,60.0,18.125,45.875,12.25,33.625,25.25,14.75,1.8273897885739991,12.625,34.875,35.95,30.0,54.5,55.42856266156526,18.125,23.0,78.5625,0.0,5.625,0.40314889788574,6.0,18.375,0.3531552980043692,14.75,0.0,132.375
120,112,2025-02-06,1,1,2024-25,Los Angeles Lakers,Golden State Warriors,118.25,39.0,62.5,16.75,45.875,8.125,37.75,27.875,14.5,2.0879769353453566,13.0,33.5,38.0625,31.25,50.875,61.88501967504114,16.75,20.625,81.48750000000001,0.0,7.125,0.5183305729358361,4.5,17.0,0.29308918420760527,14.5,0.0,145.125,115.375,51.75,46.0,17.625,44.625,12.0,32.625,30.125,12.875,2.479550237773922,17.25,46.125,37.0,23.0,45.125,51.26890551309156,17.625,23.5,75.425,0.0,7.25,0.5989966904440589,3.625,21.25,0.1625722291840713,12.875,0.0,131.25
127,114,2025-02-06,1,1,2024-25,Minnesota Timberwolves,Houston Rockets,118.875,43.125,55.75,20.0,43.75,12.375,31.375,28.75,13.625,2.2567198426573425,14.375,36.625,39.6625,27.875,51.375,54.26339936708851,20.0,23.875,84.675,0.0,8.875,0.6482978826728827,6.25,16.75,0.37362546992481205,13.625,0.0,143.25,111.25,36.0,57.25,18.0,45.625,15.125,30.5,23.625,15.0,1.7956839932942874,12.0,33.0,36.2125,28.625,57.375,50.021974489300895,18.0,23.875,76.60000000000001,0.0,7.25,0.5142483129615483,4.625,21.125,0.2229337691294213,15.0,0.0,121.75
135,127,2025-02-07,1,1,2024-25,Phoenix Suns,Utah Jazz,114.625,44.625,51.75,18.25,42.375,9.0,33.375,27.25,15.75,1.8325596327047564,14.875,38.75,38.0625,25.875,45.75,56.294662973085615,18.25,21.875,81.7,0.0,7.125,0.48421770921287177,4.0,18.0,0.2227584670231729,15.75,0.0,132.25,112.25,39.75,55.0,17.5,44.875,12.125,32.75,27.25,16.625,1.752985877569856,13.25,38.375,34.849999999999994,27.5,49.375,55.721830438842915,17.5,22.875,76.92500000000001,0.0,5.5,0.3669890024621062,4.75,21.5,0.21773112343427997,16.625,0.0,125.625
124,134,2025-02-07,1,1,2024-25,Washington Wizards,Cleveland Cavaliers,104.5,40.125,48.0,16.375,43.75,10.875,32.875,25.625,15.0,1.969122598534363,13.375,40.625,32.775,24.0,48.25,50.220302906296894,16.375,20.5,79.8,0.0,7.0,0.5219566993464052,4.25,19.375,0.22247899159663867,15.0,0.0,114.5,125.0,49.875,59.0,16.125,46.75,10.375,36.375,29.25,12.75,2.635157550782551,16.625,42.25,38.925,29.5,49.25,59.3786874073623,16.125,20.0,80.63749999999999,0.0,7.125,0.6445655039405039,4.375,20.125,0.22901863554626375,12.75,0.0,150.5
117,116,2025-02-07,1,1,2024-25,Charlotte Hornets,San Antonio Spurs,104.25,34.5,52.25,17.5,45.0,12.125,32.875,23.5,12.75,1.950575343773873,11.5,33.875,33.3375,26.125,54.5,48.368835951156925,17.5,22.0,79.5625,0.0,7.625,0.6171267560054325,4.0,18.0,0.22470873048949677,12.75,0.0,116.375,116.5,44.25,56.25,16.0,43.5,10.375,33.125,29.625,12.875,2.7301984034720608,14.75,40.0,36.3875,28.125,52.0,54.070503427820405,16.0,21.625,73.6125,0.0,7.875,0.737283964969387,6.0,17.375,0.3676247771836007,12.875,0.0,135.875
121,109,2025-02-07,1,1,2024-25,Oklahoma City Thunder,Toronto Raptors,125.125,42.0,66.0,17.125,47.375,13.875,33.5,27.125,11.75,2.47482174688057,14.0,39.625,35.1,33.0,56.125,58.900456943110356,17.125,20.625,83.125,0.0,9.5,0.9397369378987026,4.25,21.0,0.20887439008148392,11.75,0.0,149.375,112.625,32.25,63.25,17.125,41.875,9.5,32.375,29.75,14.125,2.309386446886447,10.75,30.125,36.775,31.625,59.375,53.39559224861283,17.125,21.0,82.15,0.0,8.875,0.6727564102564103,4.75,22.25,0.24999497136287196,14.125,0.0,132.75
115,110,2025-02-07,1,1,2024-25,Atlanta Hawks,Milwaukee Bucks,112.5,39.75,53.75,19.0,41.5,9.25,32.25,27.5,17.125,1.727721583971584,13.25,39.875,33.5625,26.875,47.375,56.66058365271501,19.0,25.625,73.7,0.0,9.375,0.5717976467976469,4.0,20.125,0.20236082355647572,17.125,0.0,124.0,115.5,43.875,56.25,15.375,42.875,8.75,34.125,27.625,11.5,2.5445492007992008,14.625,38.375,37.725,28.125,51.0,55.53766174549533,15.375,21.0,72.1625,0.0,6.125,0.5349150849150849,4.75,17.875,0.2743126756284651,11.5,0.0,133.125
102,86,2025-02-07,1,1,2024-25,Brooklyn Nets,Miami Heat,98.375,32.25,49.0,17.125,41.875,12.5,29.375,22.75,13.875,1.74885130188439,10.75,34.5,31.462500000000002,24.5,49.375,49.185537439613526,17.125,22.0,76.575,0.0,8.125,0.6088183568882098,5.75,18.625,0.30418109668109666,13.875,0.0,109.5,109.625,42.375,51.75,15.5,46.75,10.5,36.25,27.375,15.625,1.8914682539682541,14.125,40.625,35.6875,25.875,47.0,55.19493321120782,15.5,19.5,79.58749999999999,0.0,5.125,0.3237012987012987,3.75,15.75,0.2943195338336003,15.625,0.0,125.375
125,112,2025-02-07,1,1,2024-25,Detroit Pistons,Philadelphia 76ers,115.75,31.5,65.5,18.75,44.125,11.5,32.625,26.0,13.25,2.1084550865800864,10.5,32.25,32.8875,32.75,60.375,54.32849619368949,18.75,22.375,81.44999999999999,0.0,9.75,0.8500879329004328,5.0,20.125,0.26254250823136277,13.25,0.0,134.375,117.375,43.5,56.75,17.125,38.375,9.75,28.625,25.5,11.125,2.5146978021978024,14.5,36.5,39.9,28.375,51.75,54.85213708573924,17.125,21.75,78.23750000000001,0.0,9.875,1.0746642246642246,3.5,17.75,0.20519658521303258,11.125,0.0,133.5
130,110,2025-02-08,1,1,2024-25,LA Clippers,Utah Jazz,112.875,35.625,59.5,17.75,46.375,11.625,34.75,24.75,14.25,1.8977136468622535,11.875,33.125,36.3875,29.75,55.0,54.04092837501095,17.75,20.875,84.26249999999999,0.0,8.0,0.6327780234900978,4.75,17.5,0.2802082865945768,14.25,0.0,132.875,113.875,39.375,56.75,17.75,46.25,12.375,33.875,27.75,14.75,1.9393284701624485,13.125,39.75,33.5125,28.375,51.375,55.45863656408218,17.75,22.375,79.8375,0.0,5.75,0.4051834469065506,4.875,21.0,0.23491862343428,14.75,0.0,129.5
112,125,2025-02-08,1,1,2024-25,Memphis Grizzlies,Oklahoma City Thunder,127.5,43.5,67.0,17.0,47.625,15.625,32.0,29.75,16.0,2.028036587595411,14.5,36.5,39.15,33.5,58.75,57.381677264591794,17.0,21.625,82.1125,0.0,9.0,0.6083766825494766,6.125,20.125,0.3201224415204678,16.0,0.0,152.125,124.375,38.25,67.25,18.875,47.5,14.25,33.25,25.75,11.75,2.360238413547237,12.75,38.125,33.2,33.625,57.25,58.6806885040023,18.875,22.875,82.075,0.0,9.75,0.960570271232036,4.5,20.375,0.23847965323937864,11.75,0.0,147.125
116,105,2025-02-08,1,1,2024-25,Dallas Mavericks,Houston Rockets,117.625,40.5,59.25,17.875,45.5,12.375,33.125,26.25,14.25,1.9910261522103627,13.5,35.375,38.18750000000001,29.625,53.75,55.57386817572323,17.875,22.875,77.76249999999999,0.0,6.125,0.4637549584918006,6.0,17.625,0.3626791075281788,14.25,0.0,136.25,111.875,34.875,58.25,18.75,43.875,14.125,29.75,23.75,13.75,1.924471872082166,11.625,32.625,35.5375,29.125,56.875,51.379140990459454,18.75,24.875,76.775,0.0,7.75,0.5937937675070027,4.875,20.875,0.24029488024053242,13.75,0.0,123.5
111,132,2025-02-08,1,1,2024-25,Chicago Bulls,Golden State Warriors,114.25,50.625,48.75,14.875,45.375,9.875,35.5,28.875,14.625,2.1351792815028108,16.875,43.625,38.575,24.375,45.625,53.52700209272274,14.875,18.5,81.575,0.0,6.375,0.4521673179761415,4.75,16.75,0.28695495841877416,14.625,0.0,133.375,114.75,49.5,47.0,18.25,44.125,11.75,32.375,29.875,12.0,2.577686202686203,16.5,46.75,35.05,23.5,45.625,51.81341308884914,18.25,24.375,75.525,0.0,7.625,0.6494352869352868,3.625,21.0,0.163312969924812,12.0,0.0,129.5
105,122,2025-02-08,1,1,2024-25,Phoenix Suns,Denver Nuggets,118.0,47.625,51.0,19.375,42.5,9.125,33.375,27.625,15.375,1.9987528145229385,15.875,40.625,38.7125,25.5,45.875,55.35827112911399,19.375,22.875,83.4,0.0,6.75,0.4756949819401445,5.75,18.625,0.32263591800356506,15.375,0.0,136.625,120.25,32.25,73.0,15.0,44.0,11.625,32.375,32.25,14.25,2.6187632908027645,10.75,31.625,34.625,36.5,58.0,62.912638458850886,15.0,18.375,82.05,0.0,7.75,0.6417777398040556,4.75,16.875,0.29698925139617866,14.25,0.0,149.0
123,118,2025-02-08,1,1,2024-25,Sacramento Kings,New Orleans Pelicans,112.0,33.375,62.75,15.875,43.625,12.0,31.625,27.625,13.125,2.231431853964749,11.125,33.875,33.625,31.375,57.875,54.62813666585898,15.875,20.625,77.275,0.0,6.375,0.5291541426409847,4.25,17.375,0.2628798558897243,13.125,0.0,126.75,116.125,37.875,58.0,20.25,41.0,9.125,31.875,25.0,12.75,2.1596372377622375,12.625,33.625,36.975,29.0,55.75,51.911396789958104,20.25,25.75,78.975,0.0,8.125,0.6944898851148852,5.25,16.75,0.32508315826330536,12.75,0.0,129.5
111,125,2025-02-08,1,1,2024-25,Washington Wizards,Atlanta Hawks,108.375,42.0,50.25,16.125,42.625,11.125,31.5,25.75,14.875,1.9899559318676965,14.0,40.375,34.337500000000006,25.125,48.5,52.251552906296894,16.125,21.0,77.08749999999999,0.0,6.25,0.4792483660130719,4.375,18.875,0.2312324929971989,14.875,0.0,117.875,112.0,39.75,54.5,17.75,43.5,9.5,34.0,27.375,16.625,1.8072670385170384,13.25,39.75,33.6875,27.25,48.125,56.55344079557216,17.75,24.125,72.875,0.0,8.75,0.5483127983127983,4.5,19.25,0.2440274902231424,16.625,0.0,125.75
112,111,2025-02-08,1,1,2024-25,Orlando Magic,San Antonio Spurs,103.375,29.25,55.25,18.875,41.75,12.25,29.5,22.25,14.125,1.7208333333333332,9.75,32.25,29.9125,27.625,55.25,49.67873305423627,18.875,25.5,73.35,0.0,8.625,0.6594561688311689,5.0,21.375,0.2522808117702282,14.125,0.0,110.125,116.625,42.75,57.75,16.125,42.75,11.125,31.625,30.0,12.5,2.8708234034720608,14.25,39.5,35.5875,28.875,52.875,54.62423599549882,16.125,21.25,75.22500000000001,0.0,8.25,0.8054657831512052,5.25,16.875,0.33481934731934737,12.5,0.0,136.0
114,98,2025-02-08,1,1,2024-25,Minnesota Timberwolves,Portland Trail Blazers,120.375,45.0,56.5,18.875,44.75,13.5,31.25,28.375,13.875,2.1824191433566433,15.0,37.875,40.050000000000004,28.25,51.75,54.6043084579976,18.875,22.625,84.5875,0.0,8.25,0.5827384421134421,6.0,17.125,0.35378420008354217,13.875,0.0,143.75,115.25,40.5,52.25,22.5,46.25,13.0,33.25,23.625,14.5,1.7021857528436475,13.5,34.875,38.949999999999996,26.125,50.875,50.67318294459695,22.5,27.75,82.0875,0.0,7.125,0.5133027705009129,4.625,20.0,0.23328081232492998,14.5,0.0,131.0
124,117,2025-02-08,1,1,2024-25,Los Angeles Lakers,Indiana Pacers,119.375,39.75,61.0,18.625,45.5,8.125,37.375,27.375,14.875,1.9792107015791227,13.25,33.625,38.650000000000006,30.5,49.25,62.30030206706772,18.625,22.875,81.8375,0.0,7.5,0.5305058976111608,3.875,18.25,0.2092147253331464,14.875,0.0,145.375,116.0,35.625,62.25,18.125,40.75,8.75,32.0,29.875,12.875,2.5532977074095493,11.875,33.5,35.3625,31.125,54.125,58.137094424171615,18.125,23.5,77.2625,0.0,9.625,0.8654201609793715,5.5,19.125,0.29098646881154616,12.875,0.0,138.875
104,131,2025-02-08,1,1,2024-25,New York Knicks,Boston Celtics,122.875,33.375,73.0,16.5,42.75,13.25,29.5,31.0,12.125,2.808881222943723,11.125,30.875,35.125,36.5,64.75,56.42044776233974,16.5,20.75,78.9125,0.0,10.125,0.8914731102231103,3.625,16.5,0.23191391941391942,12.125,0.0,146.0,115.0,51.375,48.0,15.625,43.125,9.625,33.5,28.875,10.5,3.173763736263736,17.125,43.875,39.0625,24.0,45.625,53.15515061995826,15.625,19.875,78.83749999999999,0.0,6.125,0.6266941391941392,5.625,18.625,0.3061439479638009,10.5,0.0,135.625
112,102,2025-02-09,1,1,2024-25,Detroit Pistons,Charlotte Hornets,117.125,33.375,64.75,19.0,44.75,13.25,31.5,26.625,12.5,2.2144074675324674,11.125,33.5,33.300000000000004,32.375,60.75,53.19642072199138,19.0,23.25,79.225,0.0,9.75,0.8667545995670995,4.25,20.75,0.21758636788048555,12.5,0.0,135.0,106.75,37.5,54.0,15.25,45.875,12.125,33.75,25.125,12.125,2.169325343773873,12.5,34.75,35.3,27.0,55.625,48.9971428294638,15.25,19.25,81.35,0.0,7.0,0.592268801459978,3.75,17.25,0.2206502889310552,12.125,0.0,121.5
135,127,2025-02-09,1,1,2024-25,Milwaukee Bucks,Philadelphia 76ers,113.625,44.25,54.75,14.625,41.375,8.25,33.125,27.125,11.875,2.3231206293706292,14.75,39.625,36.85,27.375,49.5,55.481439856439856,14.625,19.75,74.0375,0.0,6.125,0.5081293706293706,4.375,18.25,0.24280007058644829,11.875,0.0,128.625,114.875,40.5,58.0,16.375,37.75,8.625,29.125,25.875,10.5,2.60497557997558,13.5,35.5,38.412499999999994,29.0,52.25,55.593322983175135,16.375,20.875,78.2125,0.0,9.625,1.079471916971917,3.625,18.25,0.2020715852130326,10.5,0.0,131.5
94,87,2025-02-09,1,1,2024-25,Houston Rockets,Toronto Raptors,108.125,33.0,58.25,16.875,44.25,14.75,29.5,23.125,13.5,1.9206839932942874,11.0,32.625,33.3125,29.125,59.125,49.52728913860759,16.875,22.0,77.55,0.0,7.375,0.5647533634665988,5.0,20.75,0.24696484071484073,13.5,0.0,117.625,111.0,36.0,58.75,16.25,42.25,10.5,31.75,29.625,13.125,2.4323031135531132,12.0,32.625,37.2,29.375,58.125,50.47892558194616,16.25,20.375,80.14999999999999,0.0,8.75,0.7040064102564103,5.25,22.0,0.2716295867474874,13.125,0.0,130.25
132,113,2025-02-10,1,1,2024-25,Los Angeles Lakers,Utah Jazz,120.25,38.25,63.0,19.0,44.625,8.0,36.625,27.625,15.5,1.8833773682457893,12.75,33.375,37.45,31.5,49.375,64.00484752161317,19.0,23.25,82.0,0.0,7.75,0.5305058976111607,3.875,19.25,0.19947446559288667,15.5,0.0,145.875,114.75,41.25,55.5,18.0,46.0,12.125,33.875,27.625,15.125,1.9032990583977427,13.75,39.25,35.2625,27.75,50.75,54.833636564082184,18.0,22.625,80.0875,0.0,5.625,0.39010991749478596,4.75,20.875,0.2303190563347129,15.125,0.0,130.5
111,125,2025-02-10,1,1,2024-25,Milwaukee Bucks,Golden State Warriors,115.875,48.375,54.25,13.25,42.75,10.0,32.75,27.75,11.75,2.394434731934732,16.125,42.125,37.662499999999994,27.125,50.25,54.16325803825804,13.25,18.0,74.8875,0.0,6.75,0.561815268065268,4.125,17.875,0.23387149915787686,11.75,0.0,131.625,114.875,47.25,48.25,19.375,43.125,11.875,31.25,29.5,12.375,2.475602869352869,15.75,45.625,34.5125,24.125,45.25,53.71817499361104,19.375,26.0,73.675,0.0,8.25,0.6848519536019536,3.75,21.25,0.16564216247139588,12.375,0.0,129.5
97,89,2025-02-10,1,1,2024-25,Brooklyn Nets,Charlotte Hornets,99.25,31.5,51.25,16.5,43.125,13.0,30.125,22.25,13.5,1.746225251464222,10.5,34.125,31.087500000000002,25.625,50.625,50.22396911663216,16.5,21.125,76.8,0.0,8.625,0.6508351636108989,6.25,18.25,0.35001443001443,13.5,0.0,112.75,104.125,35.25,53.5,15.375,44.5,12.125,32.375,24.75,12.0,2.1592062961548257,11.75,32.5,35.912499999999994,26.75,57.125,46.439598072430556,15.375,19.0,82.675,0.0,6.625,0.5720307062218827,3.25,17.25,0.19287251115327744,12.0,0.0,116.5
85,103,2025-02-10,1,1,2024-25,Miami Heat,Boston Celtics,107.0,41.625,50.0,15.375,46.0,10.375,35.625,27.0,16.125,1.771825396825397,13.875,40.375,35.275,25.0,46.875,53.57728615238429,15.375,19.5,78.53750000000001,0.0,6.0,0.3790584415584416,4.0,16.375,0.3004285563899913,16.125,0.0,121.375,119.375,53.25,49.5,16.625,43.875,9.625,34.25,28.625,11.0,3.001685814185814,17.75,43.625,40.887499999999996,24.75,45.125,55.242107141697396,16.625,20.625,80.91250000000001,0.0,6.25,0.6055902430902431,5.75,19.125,0.30369296757164405,11.0,0.0,142.625
137,101,2025-02-10,1,1,2024-25,Oklahoma City Thunder,New Orleans Pelicans,124.625,40.5,66.0,18.125,49.5,15.25,34.25,26.875,11.5,2.5357434640522873,13.5,38.5,34.7125,33.0,58.125,56.894974218288006,18.125,22.375,80.7,0.0,8.5,0.8595601702219349,4.625,20.875,0.2398886709527442,11.5,0.0,148.25,115.5,37.5,58.75,19.25,40.25,9.0,31.25,24.875,13.0,2.1205747377622375,12.5,33.0,37.262499999999996,29.375,56.125,52.25181073331323,19.25,25.25,76.76249999999999,0.0,8.125,0.6810970279720279,5.25,16.75,0.32508315826330536,13.0,0.0,127.75
121,131,2025-02-10,1,1,2024-25,Washington Wizards,San Antonio Spurs,108.625,38.625,52.25,17.75,44.625,12.25,32.375,25.5,16.125,1.733011487423252,12.875,39.75,31.975,26.125,49.5,53.14664778635418,17.75,22.5,79.2625,0.0,6.0,0.39591503267973854,4.0,19.0,0.20835667600373484,16.125,0.0,117.625,116.5,42.75,58.0,15.75,42.0,10.375,31.625,29.75,12.125,2.8986595379258424,14.25,38.75,36.487500000000004,29.0,52.75,55.03979450613712,15.75,20.875,74.9,0.0,9.0,0.8653397327310371,5.125,16.75,0.3306526806526807,12.125,0.0,136.875
128,129,2025-02-10,1,1,2024-25,Dallas Mavericks,Sacramento Kings,117.0,39.75,59.75,17.5,45.5,12.875,32.625,25.875,12.5,2.293109485543696,13.25,34.375,39.0625,29.875,55.875,53.931426315258115,17.5,22.625,77.25,0.0,5.5,0.4908382918251339,7.875,16.75,0.47267910752817877,12.5,0.0,137.0,112.0,31.875,62.75,17.375,43.375,11.25,32.125,26.75,13.75,2.1000215975544925,10.625,33.875,32.4,31.375,55.875,56.56753060525292,17.375,22.375,77.9125,0.0,7.0,0.5505216640085061,4.75,17.625,0.28390258316245154,13.75,0.0,127.375
146,117,2025-02-10,1,1,2024-25,Denver Nuggets,Portland Trail Blazers,122.5,34.125,72.25,16.125,46.5,11.75,34.75,31.75,13.0,2.7687632908027644,11.375,32.0,36.0375,36.125,58.125,62.12943043880076,16.125,18.875,87.0875,0.0,7.5,0.6605277398040557,4.875,16.875,0.30660463601156324,13.0,0.0,154.75,114.75,39.0,54.5,21.25,46.0,13.125,32.875,23.75,14.5,1.709538694020118,13.0,34.5,37.8375,27.25,52.875,50.84969128862776,21.25,25.625,83.1,0.0,7.0,0.5059498293244423,4.625,20.375,0.22881652661064428,14.5,0.0,130.125
128,107,2025-02-10,1,1,2024-25,Cleveland Cavaliers,Minnesota Timberwolves,125.625,46.5,62.0,17.125,47.875,11.0,36.875,29.5,12.5,2.6864968364968367,15.5,40.5,38.175,31.0,51.5,59.9425971817984,17.125,20.625,82.8875,0.0,7.0,0.6467976467976468,4.125,20.125,0.21651863554626374,12.5,0.0,152.625,118.0,43.5,55.0,19.5,44.5,12.25,32.25,26.5,13.625,2.090901286213786,14.5,37.625,38.675000000000004,27.5,50.375,54.74319734688649,19.5,24.25,81.7875,0.0,7.5,0.5447920135420135,5.75,17.625,0.33195880325814536,13.625,0.0,137.875
106,112,2025-02-10,1,1,2024-25,Orlando Magic,Atlanta Hawks,107.5,30.75,59.0,17.75,41.875,12.125,29.75,22.5,13.25,1.7825757575757577,10.25,32.875,31.075000000000003,29.5,56.125,52.3198757181984,17.75,24.125,72.3875,0.0,8.75,0.6916531385281385,4.375,21.375,0.21755858954800603,13.25,0.0,116.125,115.875,42.375,56.25,17.25,43.25,9.5,33.75,28.375,15.125,2.036433705183705,14.125,40.625,35.087500000000006,28.125,48.875,57.54199960729435,17.25,23.125,73.9375,0.0,7.75,0.5378961316461317,4.75,19.125,0.25883012180208975,15.125,0.0,131.75
115,128,2025-02-11,1,1,2024-25,Indiana Pacers,New York Knicks,116.0,35.625,60.5,19.875,40.875,9.0,31.875,29.5,12.5,2.5922587463705886,11.875,34.75,33.95,30.25,52.375,58.16543909537343,19.875,24.75,79.71249999999999,0.0,9.625,0.8897708103300209,5.375,19.375,0.28265313547821286,12.5,0.0,139.0,121.0,33.375,70.0,17.625,41.625,12.625,29.0,29.125,11.25,2.7889159451659453,11.125,30.625,35.4875,35.0,64.125,54.507047338610924,17.625,21.75,80.16250000000001,0.0,10.25,0.9539731102231102,3.625,15.75,0.2342948717948718,11.25,0.0,141.625
103,106,2025-02-11,1,1,2024-25,Philadelphia 76ers,Toronto Raptors,117.125,42.375,58.0,16.75,38.0,8.875,29.125,26.5,11.0,2.5674755799755804,14.125,35.5,39.8,29.0,51.875,56.11919338936468,16.75,21.125,79.25,0.0,9.5,1.03482905982906,3.75,19.0,0.198500156641604,11.0,0.0,135.25,107.25,34.875,57.25,15.125,41.875,10.25,31.625,28.125,11.75,2.485279304029304,11.625,34.125,34.987500000000004,28.625,56.625,50.5310089152795,15.125,19.375,78.71249999999999,0.0,8.0,0.7010302197802197,5.125,22.125,0.26359387246177307,11.75,0.0,123.875
112,119,2025-02-11,1,1,2024-25,Phoenix Suns,Memphis Grizzlies,116.25,49.125,49.5,17.625,41.25,9.75,31.5,27.875,14.75,2.2582225114926358,16.375,41.875,38.9,24.75,45.625,54.07702112911399,17.625,21.25,81.7875,0.0,6.875,0.5344071031522657,6.0,19.125,0.3271813725490196,14.75,0.0,133.5,125.0,40.125,66.0,18.875,47.625,15.25,32.375,27.875,15.625,1.948709664518488,13.375,34.125,38.925000000000004,33.0,59.0,56.179309525043145,18.875,24.75,79.47500000000001,0.0,8.75,0.605371874857169,6.5,19.0,0.3486938700918964,15.625,0.0,147.5
92,132,2025-02-11,1,1,2024-25,Chicago Bulls,Detroit Pistons,114.875,51.0,48.75,15.125,44.0,9.375,34.625,29.125,15.125,2.1001114081996435,17.0,43.5,39.025000000000006,24.375,44.75,54.364768050169545,15.125,19.0,81.0625,0.0,6.5,0.4436831550802139,5.0,17.125,0.2976457478924584,15.125,0.0,133.625,117.0,33.75,65.5,17.75,45.375,13.625,31.75,27.75,11.875,2.394805194805195,11.25,35.0,32.0125,32.75,59.75,54.831898606309345,17.75,21.75,79.125,0.0,9.75,0.9058170995670995,3.75,20.25,0.1985387488328665,11.875,0.0,137.0
102,86,2025-02-12,1,1,2024-25,Orlando Magic,Charlotte Hornets,105.625,29.625,59.0,17.0,41.375,12.0,29.375,22.5,13.625,1.752020202020202,9.875,32.5,30.387500000000003,29.5,55.875,52.580292384865075,17.0,22.375,74.25,0.0,9.0,0.6944309163059164,4.875,21.125,0.24343850673227102,13.625,0.0,115.375,101.875,32.25,53.75,15.875,45.25,12.25,33.0,23.75,12.5,2.0520634390119685,10.75,31.875,33.475,26.875,56.625,47.22704070905967,15.875,20.25,80.75,0.0,6.125,0.5224275316187081,3.75,16.125,0.2606356690480143,12.5,0.0,113.0
110,128,2025-02-12,1,1,2024-25,Chicago Bulls,Detroit Pistons,114.25,50.25,49.0,15.0,42.75,9.5,33.25,28.875,14.625,2.1219864081996436,16.75,44.625,37.7375,24.5,45.5,53.878015741859635,15.0,18.875,80.8375,0.0,6.875,0.4764956550802139,4.875,16.375,0.2992082478924584,14.625,0.0,130.25,122.125,36.75,67.0,18.375,46.625,13.125,33.5,28.5,12.5,2.344805194805195,12.25,35.625,34.025,33.5,59.125,56.706898606309345,18.375,22.0,82.7125,0.0,10.25,0.914150432900433,4.25,20.5,0.22175856307435254,12.5,0.0,146.625
128,114,2025-02-12,1,1,2024-25,LA Clippers,Memphis Grizzlies,115.375,34.875,62.75,17.75,44.125,11.25,32.875,25.625,13.875,1.9963247579733647,11.625,31.625,37.4,31.375,56.5,55.355444504043206,17.75,21.25,82.58749999999999,0.0,7.75,0.63000024571232,4.125,17.625,0.24665565501562944,13.875,0.0,134.5,122.5,37.5,64.5,20.5,49.75,15.75,34.0,25.875,15.625,1.794863510672334,12.5,33.75,37.125,32.25,59.25,54.69278549058913,20.5,27.125,76.7,0.0,8.75,0.605371874857169,6.375,19.375,0.33942353516366675,15.625,0.0,142.75
111,107,2025-02-12,1,1,2024-25,Dallas Mavericks,Golden State Warriors,119.625,42.375,60.5,16.75,43.5,11.875,31.625,27.5,12.5,2.418109485543696,14.125,36.25,39.575,30.25,54.875,55.38780040094254,16.75,22.125,75.6875,0.0,6.625,0.5773767533635954,7.375,16.625,0.44899489700186296,12.5,0.0,140.0,117.0,46.125,49.0,21.875,44.375,12.375,32.0,29.125,11.75,2.5827457264957263,15.375,45.5,33.775,24.5,45.875,53.74239979981259,21.875,28.75,75.725,0.0,9.0,0.8177884615384614,4.0,22.25,0.1765117276887872,11.75,0.0,133.375
149,148,2025-02-12,1,1,2024-25,New York Knicks,Atlanta Hawks,124.625,34.125,71.75,18.75,42.375,13.125,29.25,30.125,11.75,2.775895111832612,11.375,30.5,36.537499999999994,35.875,64.75,55.34457382166177,18.75,22.875,81.2125,0.0,9.625,0.8862647768897769,3.5,16.0,0.22690850815850816,11.75,0.0,146.375,118.375,42.375,57.25,18.75,41.75,8.5,33.25,29.0,14.5,2.113305362937716,14.125,39.25,36.2875,28.625,49.125,58.36887299230727,18.75,24.375,76.3125,0.0,7.75,0.5546073615926557,4.75,18.75,0.2621389453315015,14.5,0.0,135.875
116,103,2025-02-12,1,1,2024-25,Boston Celtics,San Antonio Spurs,117.0,52.125,49.0,15.875,44.0,7.875,36.125,27.5,11.375,2.5516858141858143,17.375,43.75,40.0875,24.5,42.75,57.953504200520925,15.875,19.25,84.2,0.0,6.25,0.568090243090243,5.75,17.5,0.3344694827231592,11.375,0.0,141.125,119.5,43.5,58.5,17.5,41.875,10.125,31.75,29.75,11.75,2.9569928712591755,14.5,38.5,37.3875,29.25,52.625,55.66724548652928,17.5,22.5,77.4375,0.0,9.875,0.9465897327310372,5.0,17.75,0.29062000091411855,11.75,0.0,141.875
111,119,2025-02-12,1,1,2024-25,New Orleans Pelicans,Sacramento Kings,112.375,36.0,57.5,18.875,41.125,9.5,31.625,23.5,14.25,1.9353740688659167,12.0,32.125,36.7375,28.75,56.875,50.25273837709801,18.875,24.75,76.65,0.0,7.875,0.6451438507145029,5.375,17.25,0.3232974439775911,14.25,0.0,121.875,113.125,30.0,65.75,17.375,44.875,11.75,33.125,26.125,14.875,1.922938264221159,10.0,32.625,31.8625,32.875,57.25,57.64501244544662,17.375,22.75,76.1875,0.0,6.75,0.5162954735323156,4.5,18.0,0.26805330086580087,14.875,0.0,128.125
108,131,2025-02-12,1,1,2024-25,Toronto Raptors,Cleveland Cavaliers,106.375,35.625,55.5,15.25,41.25,9.875,31.375,27.125,12.5,2.338518170426065,11.875,34.125,35.737500000000004,27.75,54.375,51.07548043523076,15.25,19.375,79.25,0.0,8.0,0.6767387218045113,5.0,21.625,0.2625522057951064,12.5,0.0,122.25,125.25,46.5,62.25,16.5,49.0,11.5,37.5,29.375,13.25,2.566844430079724,15.5,41.0,37.6625,31.125,51.375,60.3290979359462,16.5,19.875,82.65,0.0,7.75,0.6748725131078073,4.125,19.375,0.2217269688795971,13.25,0.0,153.125
119,111,2025-02-12,1,1,2024-25,Houston Rockets,Phoenix Suns,105.625,30.375,57.5,17.75,46.625,14.5,32.125,21.625,14.375,1.609225659960954,10.125,32.25,31.4125,28.75,58.75,49.11368619743112,17.75,22.875,78.45,0.0,7.5,0.5220450301332654,5.25,20.375,0.2610198646382857,14.375,0.0,115.0,116.375,45.375,52.25,18.75,41.625,9.25,32.375,29.375,14.125,2.453688197767145,15.125,41.5,36.4625,26.125,46.875,55.70805183086837,18.75,22.625,81.7875,0.0,6.625,0.5442110247208931,6.5,19.125,0.35659313725490194,14.125,0.0,135.375
100,96,2025-02-12,1,1,2024-25,Brooklyn Nets,Philadelphia 76ers,100.875,32.625,51.25,17.0,42.5,12.875,29.625,23.25,13.5,1.8050487808759867,10.875,34.875,31.637500000000003,25.625,50.125,50.70525253909206,17.0,21.125,80.375,0.0,8.875,0.6655410459638401,6.875,19.875,0.36990079365079365,13.5,0.0,116.25,115.25,41.625,57.0,16.625,38.375,9.125,29.25,26.75,11.625,2.4861263736263735,13.875,36.0,38.7125,28.5,51.375,55.705423114621226,16.625,21.0,79.1625,0.0,9.0,0.9296703296703297,3.5,18.75,0.1873890455304929,11.625,0.0,131.875
130,134,2025-02-12,1,1,2024-25,Washington Wizards,Indiana Pacers,110.25,39.75,52.25,18.25,44.25,11.75,32.5,25.875,16.5,1.7037907082024728,13.25,41.0,31.9875,26.125,47.25,55.515873329832445,18.25,22.75,80.8875,0.0,6.0,0.38373970800441387,4.0,20.0,0.1996610238298218,16.5,0.0,120.5,116.5,34.125,62.0,20.375,40.375,9.75,30.625,30.0,12.5,2.6422587463705884,11.375,34.875,32.1625,31.0,52.25,59.56082191243948,20.375,25.25,80.23750000000001,0.0,9.0,0.8272708103300209,4.75,19.375,0.2458884295958599,12.5,0.0,138.5
101,103,2025-02-12,1,1,2024-25,Minnesota Timberwolves,Milwaukee Bucks,118.875,43.5,55.5,19.875,43.25,12.375,30.875,26.375,13.375,2.098713786213786,14.5,37.5,38.775,27.75,51.0,54.647289418497735,19.875,24.375,82.75,0.0,7.125,0.5326392357642358,6.0,17.75,0.3436547096908939,13.375,0.0,137.5,114.125,47.625,51.25,15.25,41.625,10.0,31.625,25.875,12.75,2.1631847319347317,15.875,42.0,37.0375,25.625,49.125,52.68740830659435,15.25,20.125,77.4625,0.0,6.625,0.530565268065268,4.0,18.75,0.21914927693565464,12.75,0.0,125.0
115,101,2025-02-12,1,1,2024-25,Oklahoma City Thunder,Miami Heat,127.375,45.0,64.75,17.625,51.0,15.5,35.5,27.25,11.25,2.615288918597742,15.0,40.75,35.7875,32.375,56.75,57.15232715946448,17.625,21.625,80.9875,0.0,9.25,0.9434762541380188,5.125,20.0,0.2713701524342257,11.25,0.0,154.625,105.625,41.25,49.5,14.875,46.125,10.25,35.875,26.375,15.25,2.1326208513708513,13.75,39.625,35.3875,24.75,47.625,52.18911801538377,14.875,18.5,80.55,0.0,5.875,0.4074675324675325,3.875,15.375,0.304595223056658,15.25,0.0,120.25
131,119,2025-02-12,1,1,2024-25,Utah Jazz,Los Angeles Lakers,115.125,39.0,56.5,19.625,45.125,11.625,33.5,27.75,16.125,1.775906713900135,13.0,37.5,34.85,28.25,50.5,56.25409110953672,19.625,24.375,81.125,0.0,5.375,0.33867451079622135,5.0,20.625,0.24579893249570361,16.125,0.0,130.75,122.0,40.125,62.5,19.375,44.875,8.0,36.875,27.5,15.5,1.8737619836304047,13.375,35.0,37.6,31.25,48.5,64.64081243389387,19.375,23.375,83.5,0.0,8.125,0.5593520514573146,3.875,20.375,0.19160733272575378,15.5,0.0,148.0
132,121,2025-02-12,1,1,2024-25,Denver Nuggets,Portland Trail Blazers,125.625,34.875,73.75,17.0,46.0,11.0,35.0,32.75,12.375,3.018763290802765,11.625,31.75,37.2625,36.875,57.25,64.10120295851848,17.0,20.0,85.8375,0.0,7.375,0.7021944064707222,4.5,18.375,0.26065601941077277,12.375,0.0,160.375,115.875,37.875,57.0,21.0,44.625,12.75,31.875,24.25,14.625,1.7298511940201182,12.625,34.125,37.275,28.5,54.125,52.4039715373126,21.0,25.375,82.96249999999999,0.0,7.25,0.5205331626577756,4.375,19.5,0.22603874883286648,14.625,0.0,130.25
116,120,2025-02-13,1,1,2024-25,Utah Jazz,LA Clippers,118.625,41.625,56.25,20.75,46.25,12.375,33.875,27.75,15.75,1.838406713900135,13.875,39.375,35.574999999999996,28.125,49.875,56.83742444287006,20.75,25.5,82.125,0.0,6.125,0.40950784412955465,5.25,20.25,0.26216798011475123,15.75,0.0,136.25,115.5,35.625,63.0,16.875,44.0,11.375,32.625,26.875,15.125,1.8702743378052977,11.875,31.75,37.987500000000004,31.5,55.875,56.1354116633207,16.875,20.5,82.02499999999999,0.0,8.875,0.6121431028551771,4.0,16.625,0.24701797385620916,15.125,0.0,136.25
98,105,2025-02-13,1,1,2024-25,Houston Rockets,Golden State Warriors,108.0,32.625,58.25,17.125,47.0,15.875,31.125,23.25,13.125,1.8597667855020796,10.875,33.75,32.375,29.125,59.5,48.96062497294133,17.125,23.375,73.86250000000001,0.0,7.25,0.5642528223410577,5.25,19.75,0.26935319797161905,13.125,0.0,118.125,116.125,43.5,52.0,20.625,44.75,12.625,32.125,29.125,12.625,2.4065304487179486,14.5,43.75,33.012499999999996,26.0,48.125,54.57160300225255,20.625,27.125,76.0625,0.0,9.125,0.7769898504273505,4.25,21.25,0.20255339435545383,12.625,0.0,132.875
116,101,2025-02-13,1,1,2024-25,Minnesota Timberwolves,Oklahoma City Thunder,116.375,42.375,55.5,18.5,46.375,13.75,32.625,26.5,13.125,2.136660214785215,14.125,39.375,36.0125,27.75,52.625,52.91092243249921,18.5,22.875,82.475,0.0,6.625,0.5058535214785215,6.0,17.0,0.3618733331726753,13.125,0.0,134.25,127.0,46.875,63.75,16.375,50.75,15.125,35.625,27.0,11.75,2.49349404680287,15.625,41.875,36.4375,31.875,55.5,57.51552328537247,16.375,20.5,79.3875,0.0,9.625,0.9424078780696429,5.125,20.0,0.2713701524342257,11.75,0.0,153.75
118,113,2025-02-13,1,1,2024-25,Dallas Mavericks,Miami Heat,117.25,40.5,60.0,16.75,42.0,11.375,30.625,25.125,12.875,2.1785261522103627,13.5,35.125,39.237500000000004,30.0,55.375,54.29268150231926,16.75,21.875,76.8625,0.0,7.125,0.6002934200302621,7.375,16.125,0.45993239700186295,12.875,0.0,133.875,105.0,40.5,50.25,14.25,45.375,10.0,35.375,26.625,14.5,2.1951208513708513,13.5,40.375,33.6375,25.125,46.875,53.741405597083116,14.25,18.625,77.575,0.0,5.625,0.41101866883116883,3.75,14.625,0.308751233286837,14.5,0.0,118.875
140,133,2025-02-13,1,1,2024-25,New Orleans Pelicans,Sacramento Kings,114.75,36.0,60.5,18.25,41.25,9.875,31.375,24.375,13.75,2.1223398808317286,12.0,32.25,36.637499999999996,30.25,58.0,51.85042553473647,18.25,23.75,77.45,0.0,7.75,0.6654429960136482,5.375,18.0,0.3137066511387164,13.75,0.0,126.25,114.25,32.625,63.0,18.625,45.375,11.875,33.5,25.75,14.0,2.025842304625199,10.875,34.75,32.3,31.5,55.75,56.75215530258948,18.625,24.25,77.14999999999999,0.0,6.375,0.51313890787575,4.875,17.0,0.3019074675324675,14.0,0.0,128.875
97,100,2025-02-19,1,1,2024-25,Los Angeles Lakers,Charlotte Hornets,122.875,45.375,58.25,19.25,44.5,8.25,36.25,28.625,14.875,2.005810855810856,15.125,37.75,39.925000000000004,29.125,46.5,62.701157261480084,19.25,24.125,81.2125,0.0,7.625,0.5447843822843823,3.625,20.625,0.17563511050353153,14.875,0.0,147.5,102.25,31.5,55.25,15.5,44.125,10.75,33.375,24.125,11.875,2.138460497835498,10.5,30.75,33.75,27.625,57.5,47.99408616360513,15.5,19.0,83.9125,0.0,5.875,0.5199765512265513,3.375,15.625,0.24791637080240023,11.875,0.0,114.25
129,115,2025-02-20,1,1,2024-25,Denver Nuggets,Charlotte Hornets,128.125,36.75,74.5,16.875,46.25,11.125,35.125,33.375,12.375,3.0634061479456216,12.25,33.0,37.7375,37.25,57.5,64.50914630827218,16.875,20.125,84.86250000000001,0.0,8.125,0.7557658350421508,4.75,18.5,0.27151128256866747,12.375,0.0,164.0,101.75,35.625,50.25,15.875,44.75,10.25,34.5,24.375,13.125,2.0200394452039188,11.875,33.625,35.0875,25.125,54.0,46.29950881113304,15.875,19.25,84.83749999999999,0.0,6.0,0.4461461418698261,3.5,15.625,0.2557288708024002,13.125,0.0,113.25
102,110,2025-02-20,1,1,2024-25,Portland Trail Blazers,Los Angeles Lakers,115.375,38.625,56.0,20.75,43.75,12.375,31.375,24.375,14.25,1.7944345273534514,12.875,35.375,36.5125,28.0,53.625,52.002185823026885,20.75,25.5,81.75,0.0,7.375,0.5434498293244423,4.875,19.625,0.2516235441545039,14.25,0.0,128.625,122.0,47.25,57.0,17.75,45.875,9.25,36.625,29.125,14.375,2.0651542901542905,15.75,40.0,39.8125,28.5,46.5,61.09859315891598,17.75,22.75,78.675,0.0,7.875,0.5649864024864025,3.75,20.375,0.18531003310415076,14.375,0.0,147.0
108,114,2025-02-20,1,1,2024-25,Atlanta Hawks,Orlando Magic,124.875,43.5,61.25,20.125,42.625,9.75,32.875,32.0,14.0,2.365289489921843,14.5,38.125,37.9625,30.625,52.875,58.046452357386634,20.125,26.75,74.725,0.0,7.875,0.5853613298466239,5.375,20.125,0.2705201713851414,14.0,0.0,146.25,103.5,29.625,57.0,16.875,42.0,12.125,29.875,21.25,13.125,1.7353535353535352,9.875,33.0,29.975,28.5,54.375,52.12951705129132,16.875,21.625,75.9625,0.0,8.375,0.6648854617604618,5.5,20.25,0.31087271725858684,13.125,0.0,113.75
120,109,2025-02-20,1,1,2024-25,San Antonio Spurs,Phoenix Suns,117.875,41.625,59.75,16.5,42.875,10.375,32.5,30.125,11.5,3.0882428712591756,13.875,38.125,36.112500000000004,29.875,54.125,55.12630981401466,16.5,20.875,78.85,0.0,9.625,0.9497147327310371,4.625,17.0,0.27783591000502766,11.5,0.0,140.75,116.125,44.625,53.5,18.0,42.5,9.375,33.125,28.75,14.375,2.392924308878256,14.875,40.75,36.5875,26.75,48.125,55.539588219008536,18.0,21.5,82.6375,0.0,6.625,0.5381346358320043,6.375,18.375,0.3594878740970072,14.375,0.0,135.25
104,124,2025-02-20,1,1,2024-25,Philadelphia 76ers,Boston Celtics,112.625,40.125,56.0,16.5,38.75,9.625,29.125,26.125,12.25,2.319459706959707,13.375,36.5,36.5625,28.0,50.75,55.42535235990425,16.5,21.0,78.5875,0.0,9.25,0.913003663003663,4.5,18.125,0.2561390455304929,12.25,0.0,128.625,117.5,53.25,49.0,15.25,45.875,8.875,37.0,28.0,11.625,2.5605093435975785,17.75,45.75,39.3625,24.5,42.125,58.96976436312255,15.25,19.375,80.6625,0.0,6.125,0.5568157332863215,5.875,16.5,0.36155281605649253,11.625,0.0,142.0
97,110,2025-02-20,1,1,2024-25,Brooklyn Nets,Cleveland Cavaliers,101.25,30.375,55.25,15.625,44.375,13.875,30.5,23.25,13.875,1.7731043364315424,10.125,33.625,30.6,27.625,52.0,52.97797981181933,15.625,19.75,79.3125,0.0,9.125,0.6641521570749511,7.125,19.5,0.38875000000000004,13.875,0.0,119.25,127.875,48.75,62.75,16.375,49.0,11.625,37.375,30.125,13.625,2.543767507002801,16.25,42.125,38.5,31.375,51.25,61.03446333835139,16.375,19.5,83.4875,0.0,8.5,0.718141743877038,4.125,20.125,0.20958121989174286,13.625,0.0,157.125
113,111,2025-02-20,1,1,2024-25,New York Knicks,Chicago Bulls,125.375,31.875,73.75,19.75,40.625,12.0,28.625,28.625,12.625,2.5157941017316015,10.625,29.25,35.925,36.875,64.625,56.90840587622273,19.75,24.625,79.3875,0.0,9.25,0.8256587162837163,3.625,17.25,0.21562088274044794,12.625,0.0,143.625,111.875,44.625,49.75,17.5,41.5,9.125,32.375,27.375,14.75,2.024355689245395,14.875,43.125,34.824999999999996,24.875,45.5,54.71134907519296,17.5,21.625,81.15,0.0,6.625,0.45811330213903745,5.125,18.0,0.28697279815700866,14.75,0.0,124.75
116,110,2025-02-20,1,1,2024-25,Milwaukee Bucks,LA Clippers,113.0,48.0,49.75,15.25,43.125,9.625,33.5,25.625,13.0,2.098499417249417,16.0,41.375,38.1125,24.875,49.875,50.573681516143424,15.25,19.875,78.6,0.0,6.5,0.5069638694638694,3.875,17.875,0.2161189739053516,13.0,0.0,124.125,116.875,37.125,61.5,18.25,44.125,11.75,32.375,26.875,14.75,1.916107671138631,12.375,32.5,38.675000000000004,30.75,56.5,54.11772959049158,18.25,22.5,81.125,0.0,9.375,0.6788097695218438,4.0,17.5,0.2337603980986334,14.75,0.0,136.375
127,113,2025-02-20,1,1,2024-25,Indiana Pacers,Memphis Grizzlies,118.875,36.0,62.25,20.625,39.375,9.25,30.125,31.0,11.375,2.961703190815033,12.0,35.0,33.825,31.125,55.125,57.04523234327847,20.625,24.875,82.7875,0.0,9.375,0.8967152547744655,4.875,18.875,0.2588436116686891,11.375,0.0,140.875,121.125,39.0,63.75,18.375,49.125,15.25,33.875,25.375,16.25,1.7253447940947941,13.0,33.5,38.775000000000006,31.875,60.125,52.944426179678544,18.375,24.75,74.17500000000001,0.0,8.125,0.560251554001554,5.75,19.625,0.3040225326574011,16.25,0.0,138.125
107,130,2025-02-21,1,1,2024-25,Utah Jazz,Oklahoma City Thunder,119.0,43.125,55.0,20.875,49.25,13.125,36.125,28.0,17.125,1.773983636977058,14.375,40.75,35.425,27.5,48.625,57.145740158162525,20.875,25.625,82.2,0.0,6.25,0.3931616902834008,4.875,20.875,0.2421679801147512,17.125,0.0,138.0,126.0,46.125,63.5,16.375,50.625,14.5,36.125,27.5,11.25,2.61849404680287,15.375,40.625,36.5625,31.75,55.375,57.413122155428965,16.375,20.375,79.80000000000001,0.0,9.125,0.9209793066410713,5.625,19.5,0.30498359781237694,11.25,0.0,154.75
108,132,2025-02-21,1,1,2024-25,Sacramento Kings,Golden State Warriors,117.875,35.25,63.5,19.125,46.875,12.75,34.125,26.25,14.375,1.9883423046251996,11.75,35.5,33.775,31.75,57.75,55.252940231945836,19.125,24.75,77.5625,0.0,6.75,0.5277222412090833,4.875,17.375,0.3006739149008886,14.375,0.0,132.875,114.75,42.75,51.25,20.75,44.75,12.875,31.875,28.625,12.125,2.451984994172494,14.25,44.125,32.0875,25.625,48.75,52.97276579295022,20.75,27.0,76.9125,0.0,10.0,0.8747171231546231,4.125,20.5,0.2077617276887872,12.125,0.0,130.875
104,105,2025-02-21,1,1,2024-25,Orlando Magic,Memphis Grizzlies,106.5,30.0,58.5,18.0,44.5,11.875,32.625,21.375,12.125,1.8603535353535352,10.0,32.875,30.575000000000003,29.25,55.0,52.83027462704891,18.0,23.875,73.8875,0.0,8.125,0.6961354617604618,5.625,20.125,0.3180367488791402,12.125,0.0,119.5,122.0,40.125,63.0,18.875,49.0,14.5,34.5,26.25,14.625,1.8936140248640247,13.375,35.375,37.9375,31.5,59.25,53.015943592613866,18.875,25.375,73.95,0.0,8.25,0.5939054001554002,5.5,20.0,0.27976266423634844,14.625,0.0,140.125
110,125,2025-02-21,1,1,2024-25,San Antonio Spurs,Detroit Pistons,114.875,38.25,60.5,16.125,41.75,9.5,32.25,29.25,12.125,2.658318628834933,12.75,37.0,34.6875,30.25,54.125,55.84746366016851,16.125,20.5,78.5125,0.0,10.375,0.9516086721249765,3.625,17.0,0.22783591000502765,12.125,0.0,135.25,123.25,36.0,67.75,19.5,47.375,13.5,33.875,29.0,12.75,2.348726763432646,12.0,34.5,34.612500000000004,33.875,60.125,56.378615778026514,19.5,23.125,83.575,0.0,10.375,0.9146406289788642,4.625,20.625,0.2379923293081188,12.75,0.0,149.5
142,105,2025-02-21,1,1,2024-25,Cleveland Cavaliers,New York Knicks,125.875,48.0,59.75,18.125,49.625,12.125,37.5,28.875,14.875,2.1656162464985993,16.0,41.75,38.15,29.875,50.875,58.78916553270875,18.125,22.125,81.875,0.0,8.25,0.5983938447173741,4.5,20.5,0.22612533753880168,14.875,0.0,151.5,121.625,30.75,72.0,18.875,41.625,11.125,30.5,28.125,12.875,2.4213885073260073,10.25,29.5,34.9,36.0,64.25,55.848595425403055,18.875,23.625,78.41250000000001,0.0,8.0,0.6945398351648352,3.625,16.75,0.23385004940711462,12.875,0.0,137.875
121,115,2025-02-21,1,1,2024-25,Houston Rockets,Minnesota Timberwolves,105.375,32.25,57.5,15.625,47.875,15.375,32.5,23.5,14.125,1.7806001188354128,10.75,34.25,31.4625,28.75,58.5,49.08545628198317,15.625,22.125,70.98750000000001,0.0,7.375,0.5455028223410576,5.25,19.75,0.26935319797161905,14.125,0.0,115.5,113.625,39.0,56.0,18.625,48.25,15.125,33.125,25.25,12.75,2.121275599400599,13.0,40.375,32.362500000000004,28.0,53.75,52.03184867606696,18.625,22.625,83.9375,0.0,6.625,0.5202765984015983,5.125,16.875,0.3140792155256164,12.75,0.0,129.0
101,104,2025-02-21,1,1,2024-25,Washington Wizards,Milwaukee Bucks,116.25,46.5,52.5,17.25,44.625,11.375,33.25,27.375,15.375,1.8264758933876581,15.5,42.875,36.2875,26.25,48.5,54.43986600382512,17.25,21.125,82.0,0.0,5.875,0.39068415244885835,4.25,19.875,0.21364911906791703,15.375,0.0,129.5,112.75,49.875,47.25,15.625,42.375,8.5,33.875,25.375,14.0,1.951277195027195,16.625,42.125,39.0,23.625,46.625,51.51748245994437,15.625,20.0,79.6375,0.0,6.75,0.5041860916860916,3.5,17.75,0.19820961718020544,14.0,0.0,123.875
111,120,2025-02-21,1,1,2024-25,Toronto Raptors,Miami Heat,106.625,35.25,55.75,15.625,41.625,10.125,31.5,26.5,12.625,2.2783991228070177,11.75,33.875,35.612500000000004,27.875,55.0,50.72884772442148,15.625,20.125,78.42500000000001,0.0,7.375,0.6279291979949874,5.25,20.0,0.29330617404907466,12.625,0.0,121.0,103.5,38.625,50.25,14.625,45.25,11.375,33.875,25.25,13.875,2.1801635864135864,12.875,39.75,32.537499999999994,25.125,47.375,53.153170302965464,14.625,19.25,77.4125,0.0,5.625,0.43505713036963034,4.0,13.75,0.3325607570963608,13.875,0.0,116.0
111,103,2025-02-21,1,1,2024-25,Dallas Mavericks,New Orleans Pelicans,114.875,37.875,60.25,16.75,40.625,10.75,29.875,24.875,12.25,2.2311577311577313,12.625,34.25,37.9375,30.125,55.5,54.3844005798874,16.75,21.75,77.4625,0.0,7.25,0.6233197358197359,6.875,16.125,0.4305206322959806,12.25,0.0,130.25,119.25,41.625,58.5,19.125,41.125,10.0,31.125,25.75,13.375,2.3204168039086515,13.875,35.0,39.2125,29.25,55.625,52.52860664324545,19.125,24.25,79.0375,0.0,8.0,0.7164045344751866,4.875,18.125,0.2792397393740105,13.375,0.0,133.0
100,123,2025-02-22,1,1,2024-25,Denver Nuggets,Los Angeles Lakers,127.125,39.375,71.5,16.25,48.75,12.0,36.75,32.125,11.75,3.065755772005772,13.125,35.5,36.7375,35.75,57.0,62.429023041708234,16.25,19.875,82.4375,0.0,7.625,0.7364989177489177,4.875,18.125,0.2835911145014406,11.75,0.0,161.5,119.0,45.0,56.0,18.0,45.875,9.5,36.375,27.75,16.0,1.8170482295482295,15.0,40.0,37.462500000000006,28.0,45.5,61.271006952019434,18.0,23.125,78.2375,0.0,7.625,0.4991720085470086,3.75,19.5,0.1981776801629743,16.0,0.0,140.375
103,105,2025-02-22,1,1,2024-25,Philadelphia 76ers,Brooklyn Nets,108.875,35.25,56.75,16.875,40.875,9.5,31.375,25.375,11.75,2.3480311355311354,11.75,36.375,32.5625,28.375,51.25,55.58275976731166,16.875,21.125,80.1875,0.0,8.625,0.8933608058608058,4.125,18.25,0.23270154553049288,11.75,0.0,124.375,101.375,30.375,57.25,13.75,45.125,13.625,31.5,24.0,13.875,1.8199793364315424,10.125,33.875,30.4125,28.625,53.375,53.683548080316655,13.75,18.375,75.71249999999999,0.0,8.875,0.6485271570749511,8.0,19.875,0.4243478260869565,13.875,0.0,120.375
117,121,2025-02-22,1,1,2024-25,Chicago Bulls,Phoenix Suns,113.25,46.125,49.75,17.375,42.25,9.25,33.0,26.875,14.75,1.9910223559120617,15.375,43.0,35.95,24.875,47.0,53.31600023798366,17.375,21.625,80.1,0.0,7.0,0.48311330213903747,5.0,17.125,0.3034201665780613,14.75,0.0,125.625,113.5,43.5,51.25,18.75,41.375,9.5,31.875,27.125,14.75,2.2457020866560344,14.5,41.375,35.05,25.625,46.5,55.222020651440964,18.75,22.0,84.66250000000001,0.0,6.5,0.5214679691653376,6.0,18.5,0.33954739790653105,14.75,0.0,128.75
124,115,2025-02-22,1,1,2024-25,Utah Jazz,Houston Rockets,118.25,43.5,55.25,19.5,48.25,13.875,34.375,28.125,17.75,1.7315729226913439,14.5,41.5,35.0,27.625,48.625,57.40084219897884,19.5,24.875,78.2125,0.0,6.5,0.3957658569500675,4.25,19.375,0.2264272393740105,17.75,0.0,134.25,108.25,32.625,58.25,17.375,48.375,14.75,33.625,23.5,15.25,1.6885546642899585,10.875,32.625,33.8625,29.125,58.75,49.53188485341174,17.375,24.25,72.025,0.0,7.25,0.5085710041592395,5.25,20.375,0.26185319797161904,15.25,0.0,119.125
141,88,2025-02-22,1,1,2024-25,Portland Trail Blazers,Charlotte Hornets,113.25,38.625,55.25,19.375,43.125,12.0,31.125,24.875,14.625,1.7876067962610145,12.875,36.875,34.5625,27.625,53.125,51.795216242741944,19.375,24.25,80.0125,0.0,8.5,0.5985968881479717,5.125,20.375,0.25335965526561505,14.625,0.0,125.875,103.125,37.875,49.25,16.0,44.0,10.375,33.625,24.0,12.875,2.0471227785372523,12.625,35.0,35.825,24.625,53.125,46.147568652180254,16.0,19.25,85.57499999999999,0.0,6.625,0.5190628085364928,3.0,16.625,0.2099413250148544,12.875,0.0,113.75
110,90,2025-02-23,1,1,2024-25,Orlando Magic,Washington Wizards,107.125,30.0,60.0,17.125,45.375,12.125,33.25,21.875,12.875,1.768835678210678,10.0,31.625,31.450000000000003,30.0,55.875,53.50132725862785,17.125,23.625,71.8875,0.0,7.875,0.6180104617604618,5.875,19.875,0.33356469918969917,12.875,0.0,121.25,116.875,47.25,53.5,16.125,45.125,10.875,34.25,28.25,15.25,1.8996901791019436,15.75,42.25,37.300000000000004,26.75,48.625,55.37625784779675,16.125,20.25,80.5,0.0,6.5,0.43770796197266787,4.0,20.25,0.19579197621077418,15.25,0.0,133.0
129,123,2025-02-23,1,1,2024-25,Cleveland Cavaliers,Memphis Grizzlies,126.5,50.25,59.0,17.25,49.375,12.25,37.125,29.375,15.25,2.1281162464985997,16.75,41.5,40.412499999999994,29.5,51.25,57.582871826415044,17.25,21.5,79.7875,0.0,8.625,0.6046438447173741,4.375,20.0,0.22305516210020518,15.25,0.0,152.25,120.125,39.375,61.0,19.75,51.0,15.25,35.75,26.125,15.125,1.8155837218337219,13.125,36.0,36.575,30.5,58.5,52.08374020278336,19.75,26.5,74.0625,0.0,8.25,0.572693278943279,5.625,20.125,0.2834165103901946,15.125,0.0,138.375
123,130,2025-02-23,1,1,2024-25,Minnesota Timberwolves,Oklahoma City Thunder,115.125,38.625,57.0,19.5,46.75,14.625,32.125,24.375,11.875,2.200268654956155,12.875,40.125,32.225,28.5,53.875,52.8442176488133,19.5,23.625,84.1,0.0,6.625,0.5810404872904873,5.5,17.625,0.3247326246165256,11.875,0.0,129.75,124.25,46.125,60.75,17.375,48.25,14.125,34.125,27.625,11.25,2.6289107134695366,15.375,40.25,36.925,30.375,54.5,55.87623690952732,17.375,20.875,83.07499999999999,0.0,9.75,0.9730626399744048,6.125,19.75,0.32581693114571025,11.25,0.0,152.25
129,111,2025-02-23,1,1,2024-25,Indiana Pacers,LA Clippers,118.125,35.25,62.75,20.125,40.625,9.75,30.875,31.125,11.125,3.0220178761297185,11.75,35.875,32.3,31.375,55.5,57.07682991658485,20.125,23.75,84.1375,0.0,9.25,0.8975893806485913,5.75,19.125,0.2991213894464668,11.125,0.0,141.875,114.625,37.125,59.75,17.75,42.375,11.0,31.375,27.125,14.375,1.9749312005503956,12.375,33.25,37.425000000000004,29.875,55.375,53.65131168004382,17.75,22.0,80.77499999999999,0.0,10.25,0.7523391812865496,4.5,18.75,0.24410898197662903,14.375,0.0,133.875
143,148,2025-02-23,1,1,2024-25,Atlanta Hawks,Detroit Pistons,124.0,42.75,61.25,20.0,44.5,10.5,34.0,31.0,13.75,2.324885449517802,14.25,37.625,37.724999999999994,30.625,54.625,56.56832264396281,20.0,26.875,73.95,0.0,7.5,0.5689471884324825,5.75,21.0,0.2835757269406969,13.75,0.0,144.75,124.25,37.125,67.0,20.125,48.125,13.75,34.375,30.625,13.875,2.2694856920040745,12.375,34.5,35.6875,33.5,58.625,57.10372917024423,20.125,23.875,83.4375,0.0,9.75,0.744997771836007,4.5,20.875,0.22475703519047172,13.875,0.0,152.375
114,96,2025-02-23,1,1,2024-25,New Orleans Pelicans,San Antonio Spurs,115.125,39.0,57.0,19.125,43.25,10.5,32.75,25.0,14.125,2.0592560896229375,13.0,34.5,36.862500000000004,28.5,55.625,51.3747604893993,19.125,24.625,77.7375,0.0,7.375,0.584708105903758,4.875,19.125,0.2618484350261844,14.125,0.0,127.375,115.75,37.5,62.25,16.0,39.75,8.875,30.875,29.25,12.875,2.5500298587814574,12.5,36.125,34.8375,31.125,54.125,57.4383727510776,16.0,20.625,77.53750000000001,0.0,10.875,0.9489348753335326,3.875,17.25,0.2382525766716943,12.875,0.0,135.375
127,109,2025-02-23,1,1,2024-25,Toronto Raptors,Phoenix Suns,107.25,37.875,53.75,15.625,41.875,11.0,30.875,26.25,13.5,2.019470551378446,12.625,35.5,36.3875,26.875,53.25,50.35082353087309,15.625,19.625,79.875,0.0,7.625,0.5922149122807018,4.5,20.75,0.22954099186283983,13.5,0.0,120.75,115.125,43.5,52.5,19.125,42.875,9.125,33.75,28.125,13.75,2.4370896464646465,14.5,41.0,35.425,26.25,47.5,55.35080097713056,19.125,22.25,85.25,0.0,6.75,0.5681186868686868,6.125,17.25,0.36173354509267824,13.75,0.0,134.375
118,105,2025-02-23,1,1,2024-25,Boston Celtics,New York Knicks,117.75,55.5,48.0,14.25,46.375,9.5,36.875,28.125,11.875,2.4910648991531343,18.5,47.0,39.8,24.0,41.125,59.06943213720893,14.25,17.875,82.1375,0.0,5.375,0.4659066423772306,6.25,16.875,0.3795816622103387,11.875,0.0,142.75,119.5,29.25,71.5,18.75,41.25,11.5,29.75,27.125,14.25,1.917712036737772,9.75,28.75,34.2125,35.75,64.5,55.20258264407491,18.75,23.625,77.71249999999999,0.0,8.125,0.6075300312432665,3.75,16.25,0.24947504940711462,14.25,0.0,132.875
120,113,2025-02-23,1,1,2024-25,Milwaukee Bucks,Miami Heat,110.875,45.75,48.75,16.375,43.375,8.5,34.875,24.375,14.5,1.8200554755701814,15.25,40.5,36.9625,24.375,47.125,52.49574332950959,16.375,20.875,80.575,0.0,7.25,0.5177607523195759,3.625,18.125,0.19969771241830067,14.5,0.0,122.5,105.25,37.875,52.5,14.875,46.375,11.625,34.75,24.375,13.875,2.1176635864135864,12.625,38.875,32.6875,26.25,49.125,53.29205919185435,14.875,19.625,76.9875,0.0,6.125,0.4707714160839161,3.875,15.875,0.24960621164181535,13.875,0.0,118.25
126,102,2025-02-23,1,1,2024-25,Golden State Warriors,Dallas Mavericks,118.125,44.25,53.75,20.125,43.0,12.5,30.5,30.375,12.125,2.5978183275058275,14.75,44.0,33.35,26.875,48.5,55.66507348525791,20.125,25.375,80.9125,0.0,10.25,0.8955504564879565,3.75,20.5,0.18802488558352404,12.125,0.0,137.25,116.0,39.75,59.0,17.25,40.75,9.75,31.0,25.875,11.75,2.3422688422688425,13.25,35.625,38.325,29.5,54.0,54.61588206136888,17.25,22.5,77.0625,0.0,7.75,0.6669705294705295,5.75,16.625,0.3422269815023298,11.75,0.0,132.25
130,88,2025-02-24,1,1,2024-25,Sacramento Kings,Charlotte Hornets,117.625,35.25,63.5,18.875,47.125,13.0,34.125,26.375,16.375,1.733133971291866,11.75,34.0,34.95,31.75,56.625,56.49249190367836,18.875,23.75,80.22500000000001,0.0,6.75,0.44438890787574997,4.625,18.125,0.2616114149008886,16.375,0.0,134.125,99.875,35.625,49.5,14.75,42.875,10.75,32.125,23.125,13.625,1.891374115435648,11.875,35.375,33.0375,24.75,53.875,45.80665956127116,14.75,18.375,83.3375,0.0,7.625,0.5618435571995943,3.75,17.125,0.24425505050505053,13.625,0.0,107.375
116,125,2025-02-24,1,1,2024-25,Indiana Pacers,Denver Nuggets,117.75,35.25,62.0,20.5,41.25,9.875,31.375,30.625,11.375,2.9342202570820994,11.75,36.25,31.9125,31.0,54.375,57.81696149553222,20.5,24.0,84.7125,0.0,9.375,0.8975893806485913,5.75,18.875,0.30112459457467194,11.375,0.0,142.0,126.25,42.75,67.5,16.0,49.0,12.5,36.5,32.0,13.125,2.8953012265512266,14.25,36.0,39.25,33.75,56.125,59.20932607201127,16.0,20.0,80.7125,0.0,7.25,0.6683170995670995,3.875,18.375,0.22022305894588504,13.125,0.0,157.125
110,142,2025-02-24,1,1,2024-25,Philadelphia 76ers,Chicago Bulls,108.0,33.375,57.75,16.875,40.5,10.375,30.125,25.5,12.125,2.2999542124542125,11.125,37.25,29.9,28.875,50.75,57.147977158616,16.875,20.625,81.75,0.0,8.75,0.8827838827838828,4.5,17.75,0.2612103174603175,12.125,0.0,123.375,112.625,46.125,48.75,17.75,41.375,9.5,31.875,26.25,14.5,2.007436497326203,15.375,44.625,34.575,24.375,46.5,52.81713402483173,17.75,21.625,82.3,0.0,7.625,0.562658756684492,4.375,17.5,0.2647296903875851,14.5,0.0,122.5
106,97,2025-02-24,1,1,2024-25,Detroit Pistons,LA Clippers,126.875,40.875,64.75,21.25,47.5,13.375,34.125,30.75,14.875,2.0942464575543136,13.625,35.75,37.775,32.375,56.625,57.38743165862269,21.25,25.375,83.78750000000001,0.0,9.125,0.6451173890608874,4.5,21.5,0.21720872601172778,14.875,0.0,153.375,114.5,36.75,58.5,19.25,40.75,10.625,30.125,26.75,13.5,2.0557392813584765,12.25,34.75,35.6375,29.25,54.375,53.646070589897064,19.25,23.625,82.125,0.0,10.5,0.8060007974481659,4.375,18.75,0.2371645375321846,13.5,0.0,131.375
107,99,2025-02-24,1,1,2024-25,Washington Wizards,Brooklyn Nets,115.0,45.375,53.25,16.375,44.125,10.5,33.625,27.75,15.625,1.8460137085137087,15.125,42.875,34.900000000000006,26.625,47.375,56.50125784779675,16.375,20.875,79.2875,0.0,6.25,0.41748737373737377,3.75,20.5,0.18181682093127105,15.625,0.0,128.25,101.5,29.25,58.5,13.75,45.0,13.875,31.125,24.0,14.5,1.7240986546133605,9.75,33.375,29.625000000000004,29.25,54.0,54.15033267151163,13.75,18.25,76.23750000000001,0.0,8.75,0.6016521570749511,8.0,20.0,0.4214238494787694,14.5,0.0,119.875
128,131,2025-02-24,1,1,2024-25,Oklahoma City Thunder,Minnesota Timberwolves,124.875,47.25,59.25,18.375,46.0,13.25,32.75,28.125,10.75,2.7307206682206684,15.75,39.5,38.8375,29.625,53.625,55.44097659850637,18.375,22.375,81.51249999999999,0.0,9.75,0.9934246309246308,6.5,20.25,0.3365492543780335,10.75,0.0,152.75,116.25,40.875,54.5,20.875,47.75,15.125,32.625,23.75,12.5,1.9839225011100012,13.625,40.75,33.475,27.25,52.625,51.63420081379646,20.875,25.125,83.65,0.0,6.75,0.5606077949827949,5.125,18.375,0.2906417155256164,12.5,0.0,130.375
98,86,2025-02-24,1,1,2024-25,Atlanta Hawks,Miami Heat,126.0,45.375,60.25,20.375,44.0,10.375,33.625,30.875,13.75,2.3152700649024176,15.125,38.625,38.837500000000006,30.125,54.375,55.87464894806936,20.375,27.375,73.98750000000001,0.0,7.75,0.5881779576632518,6.0,20.75,0.29755088222020004,13.75,0.0,146.125,106.25,36.375,53.5,16.375,45.625,11.375,34.25,23.75,13.5,2.133897352647353,12.125,37.5,32.4375,26.75,50.375,52.86279454086518,16.375,20.75,80.2125,0.0,5.625,0.44236232517482516,3.625,16.75,0.22498499952060325,13.5,0.0,118.0
112,114,2025-02-24,1,1,2024-25,Utah Jazz,Portland Trail Blazers,119.875,43.5,57.75,18.625,48.0,13.75,34.25,27.75,16.375,1.9651255542702912,14.5,41.875,34.675,28.875,49.125,59.140944370115506,18.625,24.5,75.8875,0.0,6.375,0.4253711201079622,4.125,19.5,0.21784880800146147,16.375,0.0,136.25,115.0,42.75,53.75,18.5,44.875,12.125,32.75,26.5,15.75,1.7310278488925934,14.25,38.375,36.75,26.875,51.375,52.62789649352564,18.5,23.75,78.325,0.0,8.5,0.5334653092006033,5.375,20.625,0.2618823825383423,15.75,0.0,130.625
100,97,2025-02-25,1,1,2024-25,Houston Rockets,Milwaukee Bucks,107.875,36.0,55.0,16.875,47.25,13.25,34.0,24.25,14.0,2.079310966810967,12.0,34.5,35.225,27.5,56.375,48.87399011656964,16.875,24.625,67.3125,0.0,6.625,0.5033189033189033,4.75,19.25,0.24771292647840637,14.0,0.0,117.625,113.875,46.125,50.75,17.0,43.75,8.375,35.375,24.5,13.75,1.9672776977924036,15.375,40.5,37.287499999999994,25.375,46.25,55.38187414117232,17.0,21.0,83.0625,0.0,6.25,0.4733163078751314,3.625,19.5,0.18475206024438762,13.75,0.0,128.25
151,148,2025-02-25,1,1,2024-25,Memphis Grizzlies,Phoenix Suns,119.0,39.75,58.25,21.0,48.0,14.0,34.0,25.0,15.375,1.6801670551670551,13.25,36.0,36.900000000000006,29.125,56.625,51.46637061343819,21.0,27.625,75.7875,0.0,8.125,0.5503718503718504,5.625,21.5,0.2657883052619895,15.375,0.0,133.5,113.875,40.5,55.25,18.125,42.125,8.375,33.75,27.375,13.375,2.43292297979798,13.5,39.25,34.0875,27.625,49.25,55.97809595877071,18.125,21.5,83.625,0.0,6.375,0.5618686868686869,6.375,17.0,0.3780242719097208,13.375,0.0,132.0
109,103,2025-02-25,1,1,2024-25,New Orleans Pelicans,San Antonio Spurs,114.875,37.5,57.5,19.875,45.875,11.375,34.5,26.375,13.75,2.1577855013876435,12.5,34.0,35.962500000000006,28.75,56.625,50.88759686428331,19.875,25.5,78.325,0.0,6.875,0.5630169294331698,5.0,18.875,0.2696805152266856,13.75,0.0,130.25,114.125,38.625,59.25,16.25,39.5,9.375,30.125,29.0,11.25,2.744051597911892,12.875,38.0,34.35,29.625,53.0,55.46702887755981,16.25,21.25,76.66250000000001,0.0,11.25,1.0429566144639675,4.5,17.375,0.2704163193617528,11.25,0.0,133.625
101,111,2025-02-25,1,1,2024-25,Toronto Raptors,Boston Celtics,108.75,40.5,51.75,16.5,42.625,11.5,31.125,26.125,13.5,2.0105419799498745,13.5,36.75,37.025,25.875,52.375,49.31701849942655,16.5,21.375,77.6875,0.0,7.625,0.5922149122807017,3.875,21.5,0.19085812741271196,13.5,0.0,120.875,117.75,55.875,48.5,13.375,48.125,10.375,37.75,27.5,11.75,2.4646225914608264,18.625,47.375,39.75,24.25,41.625,58.958101112963504,13.375,16.0,85.9875,0.0,4.875,0.43385536032594857,6.0,16.625,0.36953701935319583,11.75,0.0,143.75
82,122,2025-02-25,1,1,2024-25,Orlando Magic,Cleveland Cavaliers,108.5,31.125,58.5,18.875,44.75,11.625,33.125,22.125,13.375,1.7245648448773447,10.375,31.625,32.625,29.25,54.75,53.221476512359196,18.875,25.125,76.4375,0.0,8.0,0.6049896284271284,6.25,19.5,0.35112322761779285,13.375,0.0,123.25,124.625,45.375,60.5,18.75,50.125,14.625,35.5,27.625,15.875,1.8096638655462185,15.125,41.75,36.650000000000006,30.25,51.75,58.48431413410735,18.75,23.875,78.9875,0.0,8.375,0.5520644796380091,4.0,21.0,0.18923163268844048,15.875,0.0,145.625
107,99,2025-02-25,1,1,2024-25,Los Angeles Lakers,Dallas Mavericks,118.375,43.875,55.75,18.75,46.125,10.25,35.875,27.875,15.25,1.975381562881563,14.625,40.125,36.4,27.875,46.0,60.23442158616577,18.75,24.0,78.325,0.0,8.375,0.6325053418803419,4.375,19.25,0.23170040743570156,15.25,0.0,141.0,116.125,41.25,57.5,17.375,40.25,9.375,30.875,26.125,12.875,2.203379953379953,13.75,34.25,40.7875,28.75,52.75,54.40754872803554,17.375,23.0,75.6125,0.0,7.875,0.6322483072483073,5.875,18.0,0.3308633451386934,12.875,0.0,133.25
128,92,2025-02-25,1,1,2024-25,Golden State Warriors,Charlotte Hornets,120.875,44.25,57.0,19.625,44.25,13.5,30.75,31.0,11.75,2.732433712121212,14.75,44.125,33.25,28.5,50.875,56.15689488225172,19.625,24.0,82.9625,0.0,10.375,0.9340119949494949,4.5,20.625,0.23214253264234755,11.75,0.0,143.125,98.125,35.25,47.75,15.125,42.375,11.5,30.875,23.5,15.0,1.7211438522777531,11.75,36.125,32.112500000000004,23.875,52.75,45.11221511682672,15.125,18.875,83.3375,0.0,8.875,0.5914488203574891,4.125,17.375,0.2665764790764791,15.0,0.0,105.0
117,97,2025-02-26,1,1,2024-25,Detroit Pistons,Boston Celtics,123.875,40.875,63.0,20.0,48.125,13.125,35.0,29.625,15.125,1.9893357432685994,13.625,36.0,37.4875,31.5,55.875,56.54814594433697,20.0,25.125,80.95,0.0,9.625,0.6685548890608874,5.125,20.625,0.25581983712283884,15.125,0.0,149.375,116.875,53.625,50.5,12.75,48.25,11.25,37.0,26.25,12.5,2.1924003692386043,17.875,47.625,38.0625,25.25,42.5,60.089053493915884,12.75,15.0,88.325,0.0,5.625,0.4671886936592819,5.5,16.0,0.3531679717341482,12.5,0.0,140.75
111,91,2025-02-26,1,1,2024-25,Indiana Pacers,Toronto Raptors,118.25,36.75,60.25,21.25,40.625,10.125,30.5,30.25,12.5,2.6911647015265436,12.25,36.375,33.0125,30.125,53.5,57.13668938668868,21.25,24.875,84.9,0.0,9.125,0.7934227139819245,4.875,18.125,0.26541030886038625,12.5,0.0,139.5,107.0,38.25,53.0,15.75,43.375,11.5,31.875,26.125,13.875,1.967999963143152,12.75,37.25,34.1875,26.5,52.0,51.019848688105796,15.75,21.0,75.225,0.0,8.0,0.6032443240454076,3.5,20.5,0.17705942611401065,13.875,0.0,118.875
117,122,2025-02-26,1,1,2024-25,Chicago Bulls,LA Clippers,115.5,45.75,50.0,19.75,41.375,9.375,32.0,26.75,13.875,2.09910316399287,15.25,43.125,35.6375,25.0,48.0,52.27245669444012,19.75,23.625,82.85,0.0,8.125,0.6105754233511587,4.625,18.5,0.258748829143566,13.875,0.0,127.75,113.125,37.5,57.0,18.625,41.625,10.875,30.75,27.125,14.375,1.9697098695937705,12.5,36.375,34.974999999999994,28.5,53.25,53.35195294283824,18.625,23.375,79.89999999999999,0.0,11.25,0.8192360915658129,3.875,19.875,0.19445620419885126,14.375,0.0,129.25
131,109,2025-02-26,1,1,2024-25,Miami Heat,Atlanta Hawks,101.5,32.625,52.0,16.875,45.75,11.75,34.0,22.0,14.0,1.979135447885448,10.875,37.0,29.799999999999997,26.0,50.125,51.47939533137901,16.875,20.875,81.6875,0.0,6.125,0.46220359501609504,3.75,15.75,0.25848173154674703,14.0,0.0,110.875,121.75,42.75,61.5,17.5,45.625,11.375,34.25,31.125,14.25,2.275587525219878,14.25,38.375,36.65,30.75,55.5,55.7996060664227,17.5,24.0,73.10000000000001,0.0,8.375,0.6070271640124582,5.375,20.125,0.276507111176429,14.25,0.0,142.625
121,129,2025-02-26,1,1,2024-25,Brooklyn Nets,Oklahoma City Thunder,100.125,30.75,55.0,14.375,44.125,14.25,29.875,24.125,15.375,1.6249824929971988,10.25,34.5,29.862499999999997,27.5,52.5,52.223249338178285,14.375,18.625,77.8,0.0,10.125,0.6559450863678805,7.5,21.5,0.3767809923359122,15.375,0.0,117.125,123.375,48.375,56.75,18.25,46.875,13.125,33.75,28.5,11.375,2.53753885003885,16.125,40.375,39.0875,28.375,53.25,53.686590633594086,18.25,22.625,80.3125,0.0,9.125,0.7945609945609945,7.0,21.125,0.34814345727658425,11.375,0.0,150.0
101,118,2025-02-26,1,1,2024-25,Utah Jazz,Sacramento Kings,117.5,45.375,54.25,17.875,47.625,13.625,34.0,27.0,16.625,1.8766640158087526,15.125,42.75,35.4,27.125,49.0,56.04751002668115,17.875,23.5,76.225,0.0,6.625,0.43562753036437246,3.75,18.875,0.20456378384687207,16.625,0.0,130.75,119.375,39.0,61.5,18.875,47.375,13.0,34.375,27.25,17.125,1.701883971291866,13.0,35.75,36.3125,30.75,54.25,56.94642347630741,18.875,23.5,81.3375,0.0,7.375,0.45480557454241666,4.375,18.375,0.24251419267866633,17.125,0.0,137.75
110,105,2025-02-26,1,1,2024-25,New York Knicks,Philadelphia 76ers,118.625,30.75,69.5,18.375,40.75,10.375,30.375,25.625,13.875,1.8617055432312783,10.25,29.75,34.6125,34.75,63.125,54.662870490556784,18.375,22.625,81.0,0.0,7.75,0.590484576697812,3.5,16.125,0.23437088274044796,13.875,0.0,130.25,107.0,33.0,55.5,18.5,42.125,11.125,31.0,23.25,12.625,2.083890864037923,11.0,38.125,28.862499999999997,27.75,51.0,54.79377475724379,18.5,21.875,84.4125,0.0,9.5,0.9155893126481363,4.625,18.0,0.2645747066942719,12.625,0.0,120.125
118,106,2025-02-26,1,1,2024-25,Houston Rockets,San Antonio Spurs,108.25,36.375,55.5,16.375,48.25,13.25,35.0,23.625,13.875,2.051941685765215,12.125,34.875,35.212500000000006,27.75,57.0,48.81709235746599,16.375,23.5,68.7,0.0,6.625,0.5057698837110602,5.125,19.125,0.27222273039997497,13.875,0.0,118.875,111.25,39.0,55.75,16.5,40.0,9.625,30.375,28.125,12.5,2.475301597911892,13.0,38.875,33.987500000000004,27.875,51.125,54.227392397967975,16.5,21.5,77.0125,0.0,11.0,0.9304566144639674,4.625,17.25,0.277982108835437,12.5,0.0,128.375
121,129,2025-02-26,1,1,2024-25,Washington Wizards,Portland Trail Blazers,112.875,43.875,52.0,17.0,42.0,9.125,32.875,27.375,17.25,1.6518849206349207,14.625,40.375,35.975,26.0,46.25,56.5212898990788,17.0,21.125,80.9625,0.0,6.375,0.3857638888888889,4.125,21.125,0.19051645463090475,17.25,0.0,125.375,114.125,42.0,54.5,17.625,45.25,12.375,32.875,26.0,15.75,1.6925663104310549,14.0,38.875,35.725,27.25,52.0,52.7554475139338,17.625,23.0,77.2875,0.0,8.625,0.5430806938159879,5.875,20.0,0.29685262063358037,15.75,0.0,129.125
111,102,2025-02-27,1,1,2024-25,Los Angeles Lakers,Minnesota Timberwolves,116.5,41.25,56.0,19.25,47.0,10.625,36.375,26.75,15.125,1.914667277167277,13.75,40.5,33.7625,28.0,46.375,60.010775551349525,19.25,24.125,80.08749999999999,0.0,8.375,0.6366720085470086,5.0,19.0,0.2836234843587785,15.125,0.0,138.5,116.75,36.75,57.75,22.25,47.125,13.625,33.5,24.0,12.75,1.955950473137973,12.25,38.875,31.662499999999998,28.875,54.375,52.97281318182059,22.25,26.5,84.2875,0.0,6.75,0.5501182844932845,4.75,19.375,0.251148961902428,12.75,0.0,130.25
116,124,2025-02-27,1,1,2024-25,Phoenix Suns,New Orleans Pelicans,118.75,43.125,58.5,17.125,43.5,9.0,34.5,29.25,12.625,2.6012468434343434,14.375,39.375,36.325,29.25,52.75,55.44441474434946,17.125,20.625,82.7375,0.0,6.75,0.5916982323232323,6.875,18.0,0.39331838955677967,12.625,0.0,140.5,114.375,33.375,61.0,20.0,47.5,12.125,35.375,26.125,14.875,1.9847591855981699,11.125,33.125,32.862500000000004,30.5,58.25,52.63362861031506,20.0,25.875,77.525,0.0,7.625,0.5728853504858015,5.25,18.375,0.2899886384759854,14.875,0.0,130.375
121,112,2025-02-27,1,1,2024-25,Milwaukee Bucks,Denver Nuggets,112.0,43.875,50.5,17.625,42.875,8.125,34.75,23.625,14.25,1.8301564856711914,14.625,39.875,35.975,25.25,47.375,53.73924593604411,17.625,22.25,80.7625,0.0,6.875,0.4968011563599799,3.75,19.125,0.2015789833213107,14.25,0.0,122.875,126.25,41.25,70.25,14.75,49.0,12.5,36.5,33.375,14.875,2.5557178932178934,13.75,34.5,39.462500000000006,35.125,57.875,59.71141569355758,14.75,18.5,80.4375,0.0,7.375,0.5724837662337663,3.625,19.0,0.19715758275540884,14.875,0.0,157.5
115,121,2025-02-27,1,1,2024-25,Orlando Magic,Golden State Warriors,102.5,27.0,57.0,18.5,44.75,12.0,32.75,21.0,13.5,1.602405753968254,9.0,31.25,28.412499999999998,28.5,55.375,51.41049745180458,18.5,25.0,74.60000000000001,0.0,7.875,0.5869972041847041,6.875,18.25,0.40692679904636425,13.5,0.0,113.875,120.875,43.5,58.25,19.125,45.5,14.0,31.5,31.875,12.125,2.6907670454545456,14.5,43.375,33.2875,29.125,51.625,56.51332724299443,19.125,22.875,84.57499999999999,0.0,11.625,1.0173453282828282,4.625,20.125,0.2425591993090142,12.125,0.0,147.25
103,96,2025-02-27,1,1,2024-25,Dallas Mavericks,Charlotte Hornets,114.0,43.5,54.75,15.75,40.375,9.25,31.125,26.0,12.875,2.1929632867132867,14.5,35.625,41.449999999999996,27.375,53.0,51.60306154854836,15.75,20.75,77.075,0.0,7.75,0.6218316405816405,6.75,17.375,0.40276184137929494,12.875,0.0,130.25,95.0,33.0,45.75,16.25,42.0,11.75,30.25,21.625,16.75,1.4361438522777532,11.0,36.375,29.962500000000002,22.875,51.0,44.772079062404956,16.25,20.375,81.25,0.0,9.25,0.5809942749029436,4.625,16.5,0.310515873015873,16.75,0.0,98.125
125,115,2025-02-28,1,1,2024-25,Chicago Bulls,Toronto Raptors,113.5,45.75,49.5,18.25,41.125,10.375,30.75,26.75,14.75,1.9189561051693405,15.25,43.25,35.5,24.75,48.25,51.512841309824736,18.25,22.25,79.4375,0.0,8.75,0.6267518939393939,4.375,17.75,0.24833216247689932,14.75,0.0,124.25,105.0,36.0,54.0,15.0,44.125,11.125,33.0,25.5,15.25,1.754904725047914,12.0,35.375,33.3875,27.0,52.5,51.451396307153416,15.0,20.625,72.63749999999999,0.0,7.625,0.5133633716644552,3.375,18.75,0.1807950582979187,15.25,0.0,115.875
119,135,2025-02-28,1,1,2024-25,Atlanta Hawks,Oklahoma City Thunder,119.75,41.25,60.75,17.75,44.125,11.5,32.625,30.625,13.875,2.282572819337525,13.75,37.125,36.575,30.375,55.5,55.03429994397372,17.75,24.125,73.9375,0.0,8.5,0.6198948110712816,5.125,20.25,0.2568642540335719,13.875,0.0,139.375,124.375,48.375,58.0,18.0,47.0,13.125,33.875,28.625,11.375,2.5479555167055166,16.125,40.25,39.212500000000006,29.0,54.125,53.792722709065785,18.0,22.375,80.175,0.0,9.125,0.7945609945609946,6.625,22.0,0.309452981086108,11.375,0.0,150.75
106,102,2025-02-28,1,1,2024-25,Los Angeles Lakers,LA Clippers,115.375,40.5,55.25,19.625,47.625,11.75,35.875,26.125,15.0,1.8844474969474971,13.5,41.25,32.475,27.625,46.125,59.46483113841702,19.625,25.375,78.71249999999999,0.0,8.125,0.623622557997558,4.625,18.625,0.2677504684857626,15.0,0.0,134.875,116.25,40.125,57.75,18.375,42.625,11.0,31.625,27.5,15.0,1.8697098695937706,13.375,35.875,37.7375,28.875,53.25,54.13320294283824,18.375,23.125,79.7375,0.0,11.25,0.7817360915658129,4.5,19.75,0.2358164983164983,15.0,0.0,135.5
119,134,2025-02-28,1,1,2024-25,Detroit Pistons,Denver Nuggets,124.125,41.25,64.75,18.125,48.875,12.75,36.125,30.5,15.375,2.0190976480305043,13.75,35.5,38.3625,32.375,55.25,58.604644773376776,18.125,23.75,77.13749999999999,0.0,9.625,0.6492096509656494,5.125,20.0,0.2651204323609341,15.375,0.0,152.625,122.25,38.625,69.5,14.125,49.5,12.625,36.875,31.875,15.375,2.269393106893107,12.875,33.375,38.125,34.75,59.625,57.41032846845257,14.125,18.0,79.0,0.0,7.25,0.5244068431568432,3.375,18.5,0.18805394129882622,15.375,0.0,149.625
125,108,2025-02-28,1,1,2024-25,Phoenix Suns,New Orleans Pelicans,116.375,42.375,58.25,15.75,43.875,9.25,34.625,29.0,13.0,2.446417297979798,14.125,39.0,36.125,29.125,51.875,56.25107124841449,15.75,19.25,81.425,0.0,6.5,0.5434027777777778,5.75,17.75,0.33302427190972084,13.0,0.0,137.375,115.0,36.0,61.0,18.0,49.0,12.875,36.125,26.0,14.25,2.2101379734769573,12.0,35.375,33.075,30.5,57.375,53.425158215578215,18.0,24.125,73.75,0.0,7.375,0.5785671686676196,5.625,18.625,0.31498863847598535,14.25,0.0,132.375
125,120,2025-02-28,1,1,2024-25,Miami Heat,Indiana Pacers,104.375,36.0,51.25,17.125,43.375,11.125,32.25,23.75,13.375,2.1238546992223464,12.0,38.0,31.5,25.625,48.25,53.1900796050885,17.125,21.125,81.91250000000001,0.0,7.0,0.5186875522353463,3.5,15.75,0.23925096231597778,13.375,0.0,116.0,121.0,40.5,60.0,20.5,40.875,8.875,32.0,30.625,12.625,2.7016910173160174,13.5,38.0,35.475,30.0,51.875,58.73158571842712,20.5,24.25,83.1875,0.0,9.0,0.7835542929292929,5.0,18.0,0.274547735760971,12.625,0.0,143.75
102,121,2025-02-28,1,1,2024-25,Brooklyn Nets,Portland Trail Blazers,102.875,35.625,51.75,15.5,45.0,15.25,29.75,24.75,15.5,1.651172969187675,11.875,38.75,29.95,25.875,49.625,51.718987974541925,15.5,19.625,79.2375,0.0,9.75,0.6249927054154996,7.0,21.5,0.35678099233591226,15.5,0.0,119.125,116.25,41.25,56.0,19.0,44.625,12.5,32.125,26.5,15.5,1.7397799327220766,13.75,38.875,35.05,28.0,53.125,53.06439637757016,19.0,25.25,75.16250000000001,0.0,9.0,0.5713314678097959,5.875,21.375,0.28529799878484086,15.5,0.0,130.25
117,116,2025-02-28,1,1,2024-25,Utah Jazz,Minnesota Timberwolves,114.25,46.5,51.0,16.75,44.0,11.375,32.625,27.375,16.375,1.9745806824754195,15.5,42.25,36.5625,25.5,45.375,56.58193031653623,16.75,23.125,71.5875,0.0,7.125,0.49604419703103914,3.125,18.5,0.16910705307764132,16.375,0.0,126.5,113.625,35.25,56.25,22.125,46.375,12.625,33.75,24.25,12.625,1.9952132936507938,11.75,39.125,30.2,28.125,52.875,53.06795060253941,22.125,26.75,82.96249999999999,0.0,7.25,0.5957913614163614,4.375,20.375,0.22836571067090095,12.625,0.0,126.5
116,123,2025-02-28,1,1,2024-25,Boston Celtics,Cleveland Cavaliers,115.0,55.125,47.75,12.125,45.625,10.25,35.375,25.625,13.375,2.0597249306421133,18.375,47.75,39.0,23.875,40.125,59.17776317133524,12.125,14.625,86.25,0.0,5.5,0.4222325533084047,4.875,15.25,0.3257870193531958,13.375,0.0,135.125,126.75,48.375,60.75,17.625,49.625,14.0,35.625,28.5,15.75,1.8970036091359619,16.125,40.875,40.55,30.375,51.25,59.2455320828253,17.625,22.625,78.575,0.0,8.25,0.5464555052790347,4.5,19.75,0.2318737731566679,15.75,0.0,151.25
113,114,2025-02-28,1,1,2024-25,Memphis Grizzlies,New York Knicks,121.875,42.0,57.75,22.125,46.875,13.625,33.25,25.375,15.0,1.7801670551670552,14.0,37.5,37.25,28.875,55.125,52.5634761223084,22.125,28.875,75.7875,0.0,7.25,0.5128718503718503,5.5,22.0,0.25379335576704,15.0,0.0,135.375,116.875,31.125,67.5,18.25,41.125,9.75,31.375,25.375,14.125,1.8192948289455644,10.375,28.875,36.324999999999996,33.75,62.0,54.125685724730744,18.25,22.5,80.91250000000001,0.0,7.375,0.5570024338406692,3.875,16.125,0.25937088274044795,14.125,0.0,129.5
100,113,2025-03-01,1,1,2024-25,Charlotte Hornets,Washington Wizards,94.25,30.0,49.25,15.0,44.375,12.375,32.0,21.625,16.875,1.4212628998968007,10.0,35.75,27.3375,24.625,54.125,45.41889473907366,15.0,19.125,79.57499999999999,0.0,8.625,0.5345657034743722,4.75,16.25,0.31919642857142855,16.875,0.0,97.375,113.125,40.875,53.75,18.5,42.125,9.125,33.0,25.5,17.75,1.4830252715121135,13.625,39.5,34.325,26.875,47.375,56.87123390803737,18.5,23.5,79.85,0.0,6.75,0.3949744152046784,4.75,21.75,0.21112085023530036,17.75,0.0,123.125
126,119,2025-03-01,1,1,2024-25,Philadelphia 76ers,Golden State Warriors,107.5,32.625,56.25,18.625,41.625,10.875,30.75,23.125,13.625,1.7358139409609998,10.875,37.375,29.162499999999998,28.125,50.75,55.69489909586813,18.625,21.875,85.0375,0.0,9.375,0.6905893126481362,4.875,18.5,0.2707150575714649,13.625,0.0,120.5,122.0,44.625,56.25,21.125,45.25,14.125,31.125,31.5,12.375,2.6208265692640693,14.875,42.375,34.787499999999994,28.125,49.875,56.252910576327764,21.125,24.625,86.85,0.0,11.625,1.0054405663780663,5.25,19.25,0.28117031042012536,12.375,0.0,150.5
128,130,2025-03-01,1,1,2024-25,Memphis Grizzlies,San Antonio Spurs,118.75,37.5,60.0,21.25,46.5,13.0,33.5,25.875,15.125,1.7984419089682246,12.5,36.625,33.6,30.0,56.625,52.90194484313006,21.25,26.875,78.5125,0.0,6.625,0.47741863399758133,5.375,21.75,0.25031038363081703,15.125,0.0,131.625,110.0,37.125,57.0,15.875,40.375,9.5,30.875,28.5,12.5,2.5221765979118915,12.375,38.875,32.375,28.5,52.125,54.32405184739576,15.875,21.125,75.52499999999999,0.0,11.25,0.9617066144639674,4.625,17.375,0.2745480429013711,12.5,0.0,126.875
115,94,2025-03-01,1,1,2024-25,Detroit Pistons,Brooklyn Nets,123.375,39.375,66.25,17.75,47.125,11.875,35.25,30.5,14.875,2.116067345000201,13.125,34.625,37.5875,33.125,56.375,58.88994605152651,17.75,23.375,76.7625,0.0,10.625,0.7613308630868615,5.0,19.75,0.26133255357305535,14.875,0.0,151.375,102.875,33.375,53.25,16.25,46.0,16.375,29.625,24.0,16.875,1.4452205882352942,11.125,37.625,28.6875,26.625,51.25,51.58009908565304,16.25,20.125,80.65,0.0,10.5,0.6148736577964519,6.875,21.875,0.34890055755330357,16.875,0.0,118.375
117,132,2025-03-01,1,1,2024-25,Dallas Mavericks,Milwaukee Bucks,111.0,42.0,53.5,15.5,42.0,9.5,32.5,24.875,12.625,2.1487713675213675,14.0,36.0,39.5875,26.75,53.75,49.8184117720953,15.5,20.5,76.72500000000001,0.0,8.125,0.68622557997558,7.125,16.875,0.4489739625914161,12.625,0.0,126.5,113.375,42.0,52.0,19.375,43.5,8.125,35.375,23.25,14.375,1.7642473947621007,14.0,37.875,36.375,26.0,48.625,54.01098506647889,19.375,24.5,79.775,0.0,7.25,0.5252102472690708,3.875,18.375,0.2249747052464444,14.375,0.0,125.25
103,113,2025-03-01,1,1,2024-25,Houston Rockets,Sacramento Kings,108.75,36.0,57.5,15.25,50.875,14.25,36.625,23.125,14.375,1.952983352431882,12.0,35.75,33.9875,28.75,58.375,49.20403221595655,15.25,21.75,69.60000000000001,0.0,5.625,0.4120198837110602,4.875,18.625,0.268254476431721,14.375,0.0,119.0,120.25,40.875,61.75,17.625,48.625,12.125,36.5,27.875,16.75,1.769318181818182,13.625,36.875,36.9,30.875,54.0,57.46899099388048,17.625,21.5,83.42500000000001,0.0,7.375,0.46220689033189033,4.75,18.25,0.27410759927207295,16.75,0.0,141.875
132,146,2025-03-02,1,1,2024-25,San Antonio Spurs,Oklahoma City Thunder,112.375,37.5,59.0,15.875,41.375,10.625,30.75,29.25,12.375,2.5984128616481557,12.5,39.625,31.825,29.5,53.75,54.37724333675746,15.875,21.375,74.6125,0.0,11.0,0.9493439771013301,4.25,17.875,0.23982582067914884,12.375,0.0,129.0,125.625,50.25,58.25,17.125,45.5,11.625,33.875,29.625,11.75,2.5305944055944054,16.75,41.25,39.6,29.125,52.625,55.29832494996215,17.125,21.25,80.4625,0.0,9.75,0.8292832167832168,6.125,20.875,0.29324927738240436,11.75,0.0,152.75
108,102,2025-03-02,1,1,2024-25,Los Angeles Lakers,LA Clippers,113.125,40.5,53.5,19.125,46.75,11.875,34.875,24.875,15.0,1.8011141636141637,13.5,41.25,32.475,26.75,45.125,58.957094194509864,19.125,25.25,76.96249999999999,0.0,9.125,0.6902892246642247,4.875,17.625,0.29534787108316524,15.0,0.0,131.5,115.0,37.125,59.25,18.625,42.125,11.5,30.625,27.5,14.875,1.8788472964943552,12.375,35.5,35.4625,29.625,53.5,55.38320294283824,18.625,23.5,79.6375,0.0,12.0,0.8252302436125966,4.125,20.125,0.21114544568491936,14.875,0.0,134.0
110,103,2025-03-02,1,1,2024-25,Boston Celtics,Denver Nuggets,114.5,55.5,46.75,12.25,45.625,10.625,35.0,24.375,13.0,2.019140515057698,18.5,48.0,39.05,23.375,39.875,58.46622470979678,12.25,14.875,85.8125,0.0,5.875,0.4611935922694437,4.75,15.5,0.3145641091364776,13.0,0.0,133.5,125.0,40.5,69.0,15.5,49.25,12.375,36.875,31.25,15.375,2.238143106893107,13.5,33.5,39.975,34.5,59.625,56.938630355245024,15.5,19.25,81.1375,0.0,7.0,0.5119068431568431,3.875,18.0,0.220882224127109,15.375,0.0,152.125
127,112,2025-03-02,1,1,2024-25,Indiana Pacers,Chicago Bulls,121.125,43.5,59.0,18.625,38.875,8.5,30.375,31.125,12.875,2.6548160173160174,14.5,38.0,38.0375,29.5,51.0,58.66781020822303,18.625,22.25,80.5875,0.0,8.625,0.7054292929292929,5.0,17.625,0.28185293056616584,12.875,0.0,143.25,115.625,46.125,50.5,19.0,42.5,10.875,31.625,27.625,15.25,1.901531862745098,15.375,44.875,34.65,25.25,48.875,51.75834049149413,19.0,22.625,81.35,0.0,9.0,0.6161458333333333,4.25,17.0,0.2511730715678084,15.25,0.0,127.0
102,104,2025-03-02,1,1,2024-25,Orlando Magic,Toronto Raptors,105.625,29.25,59.0,17.375,45.5,12.25,33.25,21.25,14.0,1.5746279761904762,9.75,30.875,31.3125,29.5,56.375,52.24563509486057,17.375,23.5,74.7375,0.0,7.75,0.5602114898989898,6.375,19.5,0.36026013237969756,14.0,0.0,118.375,105.75,33.75,56.5,15.5,45.25,11.375,33.875,25.375,15.875,1.6525762936753647,11.25,34.875,31.987499999999997,28.25,54.5,52.1332144889716,15.5,20.75,74.7375,0.0,7.0,0.4490251363703376,3.0,18.375,0.16740220115506158,15.875,0.0,115.375
133,129,2025-03-02,1,1,2024-25,Cleveland Cavaliers,Portland Trail Blazers,127.375,48.75,61.5,17.125,49.375,14.375,35.0,27.875,13.75,2.110545275802629,16.25,41.0,40.737500000000004,30.75,52.25,58.9602322762489,17.125,22.0,78.6875,0.0,8.0,0.5777055052790347,4.0,18.75,0.21888676016965491,13.75,0.0,151.75,117.875,40.875,57.75,19.25,43.25,12.375,30.875,27.25,16.625,1.675531680973825,13.625,38.375,35.262499999999996,28.875,52.125,56.24296780614159,19.25,26.375,72.85,0.0,9.75,0.5857545447328729,5.5,21.625,0.2616868876737298,16.625,0.0,131.875
112,116,2025-03-02,1,1,2024-25,Miami Heat,New York Knicks,109.25,37.875,54.0,17.375,43.375,11.25,32.125,25.125,13.5,2.201830889698537,12.625,37.0,34.3875,27.0,48.5,55.64200268201157,17.375,21.25,83.0375,0.0,6.75,0.4966637427115368,3.375,14.75,0.25181077092841797,13.5,0.0,124.625,116.0,33.0,65.5,17.5,40.125,8.625,31.5,25.75,13.625,1.972072606723342,11.0,30.5,36.6,32.75,60.5,53.85871394746148,17.5,21.625,80.75,0.0,7.375,0.599737476575712,4.25,16.25,0.2807250494071146,13.625,0.0,128.5
98,116,2025-03-02,1,1,2024-25,Phoenix Suns,Minnesota Timberwolves,118.875,43.875,59.5,15.5,42.875,7.75,35.125,30.25,14.375,2.182936905822935,14.625,37.75,38.4375,29.75,50.75,59.115654581747826,15.5,19.0,81.0375,0.0,6.625,0.48335375816993464,5.375,18.125,0.30385760524305416,14.375,0.0,142.0,113.875,39.0,54.0,20.875,46.0,13.0,33.0,25.75,11.75,2.414856150793651,13.0,42.125,30.55,27.0,52.25,51.551510693242356,20.875,25.0,82.0625,0.0,8.375,0.8279342185592186,4.625,19.75,0.25293836024355054,11.75,0.0,128.375
121,128,2025-03-02,1,1,2024-25,Utah Jazz,New Orleans Pelicans,115.125,45.375,53.75,16.0,46.75,11.75,35.0,28.5,16.375,2.030830682475419,15.125,41.25,36.625,26.875,47.5,56.943772421799395,16.0,22.625,69.2125,0.0,6.625,0.4710441970310391,3.125,17.5,0.18375906772965597,16.375,0.0,130.375,113.75,34.875,62.0,16.875,48.5,13.875,34.625,26.125,14.125,2.2325338068102907,11.625,34.375,33.125,31.0,58.0,53.70372067634406,16.875,22.875,72.25,0.0,7.125,0.568150502000953,5.0,17.25,0.3021681256554726,14.125,0.0,130.625
102,119,2025-03-03,1,1,2024-25,Philadelphia 76ers,Portland Trail Blazers,109.25,34.875,55.75,18.625,41.875,11.25,30.625,23.25,13.75,1.7268853695324284,11.625,37.625,31.124999999999996,27.875,50.75,55.2141298650989,18.625,22.875,82.0,0.0,9.5,0.6947101917690153,4.375,18.375,0.24670189967672804,13.75,0.0,121.375,121.75,43.5,57.25,21.0,43.375,12.0,31.375,28.125,17.0,1.6994287397973544,14.5,39.0,37.137499999999996,28.625,52.0,55.914020437720545,21.0,28.0,74.2625,0.0,9.375,0.5548721917916964,4.875,21.875,0.2352445799814221,17.0,0.0,135.625
98,122,2025-03-03,1,1,2024-25,Dallas Mavericks,Sacramento Kings,111.125,41.625,54.75,14.75,40.75,9.0,31.75,25.25,13.25,1.9745289432789432,13.875,38.125,36.5,27.375,52.625,52.036549026997264,14.75,19.375,77.16250000000001,0.0,8.5,0.6824377011877012,5.0,17.5,0.32940874520011176,13.25,0.0,123.25,121.625,40.5,63.75,17.375,48.5,12.375,36.125,27.875,17.125,1.7181818181818183,13.5,36.625,36.75,31.875,54.125,59.06527971392723,17.375,21.375,82.725,0.0,8.0,0.487369227994228,4.625,17.875,0.2733723051544259,17.125,0.0,144.125
130,132,2025-03-03,1,1,2024-25,Memphis Grizzlies,Atlanta Hawks,120.75,37.125,63.75,19.875,46.625,13.25,33.375,27.125,15.125,1.894595755122071,12.375,37.875,31.85,31.875,57.125,55.794199063586866,19.875,24.5,80.1625,0.0,6.625,0.4774186339975814,5.25,21.125,0.2592389550593885,15.125,0.0,135.875,120.25,42.0,59.75,18.5,43.375,11.375,32.0,30.375,14.875,2.130658943739439,14.0,37.125,37.275,29.875,55.0,54.62221203188581,18.5,24.75,75.38749999999999,0.0,8.75,0.604344571836832,5.0,20.25,0.24793568260500043,14.875,0.0,138.375
101,119,2025-03-03,1,1,2024-25,Charlotte Hornets,Golden State Warriors,95.625,33.0,49.5,13.125,44.875,12.375,32.5,22.875,16.75,1.5021452528379773,11.0,37.125,29.075,24.75,54.625,45.121648180875916,13.125,16.375,79.425,0.0,8.875,0.5521310629514964,4.5,16.75,0.27633928571428573,16.75,0.0,100.75,120.375,42.0,58.25,20.125,45.875,14.375,31.5,31.375,12.375,2.612493235930736,14.0,41.625,33.4125,29.125,51.875,55.84240154512907,20.125,23.625,86.0625,0.0,11.5,0.997107233044733,4.875,18.75,0.26944262163293997,12.375,0.0,147.75
137,128,2025-03-03,1,1,2024-25,Oklahoma City Thunder,Houston Rockets,126.75,47.25,61.75,17.75,45.5,11.875,33.625,30.25,11.25,2.808191808191808,15.75,39.875,38.862500000000004,30.875,54.75,56.31806179206741,17.75,21.75,81.7125,0.0,8.75,0.7838286713286713,5.875,20.375,0.2901242773824043,11.25,0.0,153.875,108.5,37.875,55.5,15.125,50.25,13.5,36.75,22.75,15.25,1.8019416857652153,12.625,36.625,35.050000000000004,27.75,55.75,49.53082960157747,15.125,21.875,68.6375,0.0,6.25,0.4389296059332824,4.5,17.875,0.25547038552263013,15.25,0.0,118.25
106,90,2025-03-03,1,1,2024-25,Miami Heat,Washington Wizards,112.625,37.875,57.5,17.25,41.25,10.125,31.125,26.125,14.625,1.8244270435446905,12.625,35.75,35.2625,28.75,48.75,58.99632313359646,17.25,21.625,80.10000000000001,0.0,7.125,0.48224066578845987,3.875,15.5,0.27368577092841795,14.625,0.0,128.875,111.75,41.25,52.0,18.5,43.125,8.625,34.5,26.5,17.75,1.5496919381787804,13.75,40.25,34.025000000000006,26.0,45.875,56.93702338172158,18.5,22.5,83.6125,0.0,7.375,0.43664108187134504,5.375,20.875,0.28391496788235915,17.75,0.0,126.0
106,134,2025-03-03,1,1,2024-25,Utah Jazz,Detroit Pistons,116.125,46.875,54.5,14.75,47.0,11.5,35.5,29.25,15.625,2.1765796703296703,15.625,41.75,37.425,27.25,48.5,56.48485633788331,14.75,21.375,68.125,0.0,6.375,0.47003205128205133,3.25,17.125,0.1974145299145299,15.625,0.0,132.375,123.75,39.75,64.75,19.25,47.25,10.875,36.375,30.5,16.875,1.9073131362459923,13.25,33.5,39.2375,32.375,55.25,58.77738172905653,19.25,25.0,77.375,0.0,9.875,0.6594790112350096,6.75,20.75,0.32003534503446746,16.875,0.0,152.375
115,102,2025-03-04,1,1,2024-25,Indiana Pacers,Houston Rockets,122.375,46.125,60.0,16.25,38.625,7.75,30.875,32.0,13.0,2.7021645021645027,15.375,38.75,39.487500000000004,30.0,50.25,60.720491745954405,16.25,20.5,76.8125,0.0,8.25,0.664709595959596,5.25,17.125,0.3006029305661658,13.0,0.0,145.625,112.75,40.125,58.5,14.125,49.125,14.125,35.0,23.125,15.375,1.8165250190985487,13.375,36.25,37.475,29.25,58.0,50.31207960157747,14.125,20.5,69.1125,0.0,6.25,0.4347629392666157,5.0,18.125,0.27740021008403365,15.375,0.0,122.875
113,114,2025-03-04,1,1,2024-25,Orlando Magic,Toronto Raptors,104.375,28.125,56.0,20.25,44.25,11.5,32.75,21.0,13.875,1.568080357142857,9.375,29.75,31.3125,28.0,54.875,50.9525316465847,20.25,26.25,77.65,0.0,6.875,0.5036638708513709,6.875,20.5,0.3773541494737147,13.875,0.0,116.25,107.875,33.375,57.75,16.75,44.25,12.0,32.25,25.75,16.5,1.5984096270086983,11.125,32.375,33.5875,28.875,55.75,52.08831506368424,16.75,22.375,74.7625,0.0,7.375,0.45319180303700424,2.75,19.875,0.146839430592291,16.5,0.0,117.75
119,117,2025-03-04,1,1,2024-25,Phoenix Suns,LA Clippers,117.125,44.25,57.75,15.125,44.75,8.125,36.625,28.875,15.625,1.9547172088532383,14.75,37.5,38.9,28.875,49.5,58.800413353677655,15.125,18.625,80.67500000000001,0.0,5.875,0.4113840612002377,5.125,18.0,0.2923686346548189,15.625,0.0,139.25,111.5,37.5,55.75,18.25,42.5,11.75,30.75,26.0,14.5,1.8288472964943554,12.5,37.125,34.025,27.875,51.875,53.95133987503047,18.25,23.0,79.8125,0.0,12.125,0.8523135769459299,4.0,20.375,0.20432726386673755,14.5,0.0,128.25
102,114,2025-03-04,1,1,2024-25,New York Knicks,Golden State Warriors,117.5,34.875,67.0,15.625,42.125,9.125,33.0,27.125,14.125,2.0094657691165043,11.625,33.0,35.887499999999996,33.5,59.5,56.19337662609226,15.625,19.875,78.3125,0.0,6.875,0.522814399652635,4.875,16.375,0.31926671607378126,14.125,0.0,132.75,119.625,43.875,56.75,19.0,46.625,14.0,32.625,32.125,12.375,2.695826569264069,14.625,42.25,34.3,28.375,51.5,54.66184598957352,19.0,21.875,87.1375,0.0,10.75,0.9137738997113997,5.125,18.75,0.2803121868503313,12.375,0.0,148.25
121,127,2025-03-04,1,1,2024-25,Atlanta Hawks,Milwaukee Bucks,121.125,40.125,63.0,18.0,42.25,12.125,30.125,30.25,14.875,2.120242277072772,13.375,35.125,37.9625,31.5,56.875,55.50317762567049,18.0,24.75,72.4375,0.0,9.5,0.6668445718368319,5.0,20.875,0.2383413843593864,14.875,0.0,139.375,113.0,37.875,54.25,20.875,43.375,7.5,35.875,23.75,14.5,1.7794717537364597,12.625,35.875,35.0875,27.125,48.375,56.58390173314555,20.875,26.375,78.975,0.0,7.125,0.5099858882947118,4.25,18.5,0.24361505612363737,14.5,0.0,127.0
117,139,2025-03-04,1,1,2024-25,Chicago Bulls,Cleveland Cavaliers,115.75,43.5,54.5,17.75,43.875,11.625,32.25,27.625,14.875,1.939346988795518,14.5,44.125,32.987500000000004,27.25,50.75,53.86061321876686,17.75,21.0,81.4,0.0,8.75,0.6108937324929972,4.25,16.75,0.25426904680000656,14.875,0.0,129.0,127.25,49.875,59.25,18.125,49.5,14.125,35.375,27.25,13.875,2.0498309900883434,16.625,42.0,40.637499999999996,29.625,51.625,57.45463003535254,18.125,23.375,77.9375,0.0,8.375,0.5973483624218918,4.25,19.625,0.22328490831780307,13.875,0.0,150.125
127,113,2025-03-04,1,1,2024-25,San Antonio Spurs,Brooklyn Nets,112.5,37.875,60.25,14.375,40.375,10.0,30.375,30.25,12.5,2.6529000411353354,12.625,40.25,31.475,30.125,53.5,55.97099333675746,14.375,19.75,73.6375,0.0,9.875,0.8539914129987659,4.125,17.875,0.23247287950267825,12.5,0.0,128.25,101.875,31.875,51.75,18.25,43.625,15.875,27.75,24.25,16.875,1.463077731092437,10.625,37.875,27.2375,25.875,51.25,50.240813371367324,18.25,22.25,81.6375,0.0,11.0,0.6505879435107377,6.25,23.0,0.28223389088663686,16.875,0.0,113.5
136,115,2025-03-04,1,1,2024-25,Los Angeles Lakers,New Orleans Pelicans,110.125,41.625,49.75,18.75,46.375,12.0,34.375,24.0,15.5,1.686295159089277,13.875,41.25,33.375,24.875,43.25,57.34995133736701,18.75,25.5,73.9125,0.0,8.75,0.6433435233067586,5.375,16.875,0.3308592347195289,15.5,0.0,126.625,117.125,36.75,65.0,15.375,49.25,14.0,35.25,28.125,12.625,2.5270002099723463,12.25,36.5,32.7625,32.5,58.375,55.98428493966695,15.375,21.0,70.4875,0.0,7.625,0.6373204624752613,5.125,17.375,0.3081205066078535,12.625,0.0,138.875
126,112,2025-03-04,1,1,2024-25,Minnesota Timberwolves,Philadelphia 76ers,115.0,42.375,52.5,20.125,45.25,11.75,33.5,27.125,10.75,2.719543650793651,14.125,43.75,31.75,26.25,50.875,51.294157752065885,20.125,23.875,82.6,0.0,9.375,1.0310592185592187,4.125,19.5,0.2281705583859654,10.75,0.0,132.125,106.125,32.25,56.0,17.875,42.0,12.0,30.0,23.125,13.0,1.8987603695324284,10.75,36.375,30.05,28.0,52.75,53.22549350146254,17.875,22.125,80.7875,0.0,9.125,0.7081030489118725,4.125,17.625,0.24193999491482326,13.0,0.0,116.875
112,107,2025-03-05,1,1,2024-25,Cleveland Cavaliers,Miami Heat,128.625,49.875,58.75,20.0,50.0,13.75,36.25,27.25,12.875,2.2263015783236373,16.625,42.625,40.125,29.375,51.5,57.106590819666266,20.0,25.0,79.925,0.0,7.625,0.5793745062127416,4.125,18.375,0.23295752736542208,12.875,0.0,151.625,113.25,38.625,57.75,16.875,41.625,9.5,32.125,27.0,14.125,1.9598437102113573,12.875,36.125,35.6,28.875,48.75,59.27410091137424,16.875,20.75,81.5125,0.0,7.5,0.5317198324551266,3.75,15.75,0.26323685451974926,14.125,0.0,132.0
110,125,2025-03-05,1,1,2024-25,Charlotte Hornets,Minnesota Timberwolves,97.5,34.125,49.25,14.125,45.375,12.625,32.75,22.75,17.375,1.430454076367389,11.375,38.875,28.6625,24.625,53.5,45.917102726330455,14.125,18.625,76.1,0.0,8.75,0.5325232198142414,4.75,17.25,0.28247963659147873,17.375,0.0,100.875,118.125,45.375,52.25,20.5,42.5,10.75,31.75,27.375,11.375,2.669261695906433,15.125,43.25,34.5375,26.125,48.625,53.68667532130938,20.5,24.125,83.525,0.0,9.75,1.0413975644238802,4.0,20.5,0.20024015545556245,11.375,0.0,136.125
128,118,2025-03-05,1,1,2024-25,Boston Celtics,Portland Trail Blazers,111.875,53.625,45.75,12.5,45.25,10.5,34.75,25.0,13.375,2.0126470085641914,17.875,47.375,38.1125,22.875,39.625,57.66335909714856,12.5,15.25,85.5875,0.0,6.0,0.45551177408762544,4.375,15.125,0.30067522024758864,13.375,0.0,130.125,122.0,42.0,60.25,19.75,46.875,13.5,33.375,28.25,16.375,1.7995707852518998,14.0,38.75,36.0,30.125,53.625,57.01313195732838,19.75,27.125,71.58749999999999,0.0,9.625,0.5918040099735147,5.125,21.0,0.2679368876737298,16.375,0.0,139.875
116,110,2025-03-05,1,1,2024-25,Denver Nuggets,Sacramento Kings,122.625,39.0,69.0,14.625,47.0,11.5,35.5,31.125,15.625,2.169393106893107,13.0,33.5,38.550000000000004,34.5,58.875,57.68682436969291,14.625,18.75,78.025,0.0,7.75,0.5639901764901765,3.625,18.625,0.19630957455445944,15.625,0.0,147.5,121.5,42.375,63.5,15.625,46.75,12.125,34.625,29.125,15.75,2.1586580086580085,14.125,35.75,39.287499999999994,31.75,54.875,57.984922571070086,15.625,18.75,85.375,0.0,7.25,0.48935335497835497,4.25,17.125,0.2648495778816986,15.75,0.0,145.25
137,107,2025-03-05,1,1,2024-25,Milwaukee Bucks,Dallas Mavericks,115.0,38.25,56.75,20.0,45.125,8.0,37.125,24.875,13.875,1.8919717537364598,12.75,36.375,35.012499999999996,28.375,50.375,56.49521430705175,20.0,25.0,79.575,0.0,7.5,0.5454025549613785,3.875,17.0,0.233230440739022,13.875,0.0,131.875,107.375,38.625,53.25,15.5,41.25,9.25,32.0,24.875,13.375,1.92645202020202,12.875,36.75,34.8,26.625,51.75,51.571707918139936,15.5,19.375,80.28750000000001,0.0,7.75,0.6213113275613275,4.625,16.75,0.3127083403418122,13.375,0.0,119.625
103,120,2025-03-05,1,1,2024-25,Memphis Grizzlies,Oklahoma City Thunder,122.125,37.5,64.5,20.125,44.5,12.875,31.625,28.875,16.0,1.9080572935836095,12.5,37.125,32.925,32.25,57.0,56.525073380526756,20.125,24.25,81.9375,0.0,6.5,0.4442455570745044,5.25,20.375,0.26563100051393396,16.0,0.0,137.75,129.5,48.0,62.5,19.0,46.5,12.25,34.25,31.375,11.25,2.8947302697302693,16.0,39.625,39.787499999999994,31.25,56.125,55.6335379825436,19.0,22.625,84.075,0.0,8.875,0.7934440559440559,6.25,20.25,0.31205410194380784,11.25,0.0,159.125
125,122,2025-03-05,1,1,2024-25,Washington Wizards,Utah Jazz,109.125,41.625,49.25,18.25,41.875,7.75,34.125,26.0,17.125,1.5806748441616862,13.875,40.125,34.475,24.625,44.875,55.27662237921531,18.25,22.625,81.93749999999999,0.0,7.625,0.47189749212775534,5.125,20.75,0.2700260789934703,17.125,0.0,121.75,113.0,45.0,53.25,14.75,46.125,11.25,34.875,27.875,17.625,1.9489010989010989,15.0,40.75,36.637499999999996,26.625,49.0,54.529074024958135,14.75,21.25,68.4375,0.0,6.0,0.39711538461538465,2.375,17.375,0.15523026490417796,17.625,0.0,123.125
123,115,2025-03-05,1,1,2024-25,LA Clippers,Detroit Pistons,110.125,35.625,56.0,18.5,41.375,11.0,30.375,26.0,13.25,2.133469145233851,11.875,36.5,32.725,28.0,51.25,54.87847064926599,18.5,23.625,78.525,0.0,11.0,0.8701707198030727,4.125,21.25,0.20470605174552542,13.25,0.0,126.375,124.0,37.125,66.5,20.375,45.25,10.875,34.375,30.75,16.625,1.9650054439383,12.375,33.5,37.1,33.25,54.75,61.08130329768398,20.375,26.875,75.21249999999999,0.0,10.625,0.7299918317478301,6.75,21.25,0.3108820269566642,16.625,0.0,151.625
113,109,2025-03-06,1,1,2024-25,Los Angeles Lakers,New York Knicks,112.25,41.25,51.75,19.25,47.125,12.375,34.75,24.125,15.625,1.6761761114702292,13.75,41.5,32.9375,25.875,42.75,60.63942502157754,19.25,25.125,76.55,0.0,9.0,0.6570339994972348,5.625,15.875,0.36419256805286215,15.625,0.0,132.0,114.25,34.125,65.5,14.625,41.375,9.25,32.125,25.75,13.875,1.9525461262593615,11.375,33.75,34.2875,32.75,58.875,55.56771454982107,14.625,18.875,77.4375,0.0,6.625,0.5116536853669207,4.875,15.75,0.3226089620630861,13.875,0.0,126.25
124,118,2025-03-06,1,1,2024-25,Atlanta Hawks,Indiana Pacers,122.25,41.625,64.0,16.625,43.25,12.75,30.5,30.75,14.25,2.2507569829551253,13.875,36.25,38.15,32.0,58.75,54.53095540344827,16.625,23.375,71.28750000000001,0.0,9.5,0.6974818267387927,5.375,21.375,0.25199684654426036,14.25,0.0,141.0,122.375,49.125,58.25,15.0,38.5,7.25,31.25,32.25,13.375,2.629087579087579,16.375,40.125,40.925000000000004,29.125,48.5,61.063360084512404,15.0,18.5,79.69999999999999,0.0,8.375,0.6512480574980576,5.625,17.375,0.3180177912472804,13.375,0.0,147.125
123,105,2025-03-06,1,1,2024-25,Boston Celtics,Philadelphia 76ers,115.0,55.875,45.75,13.375,45.25,12.375,32.875,25.0,13.625,1.9376470085641913,18.625,47.5,39.425,22.875,41.0,55.46495793435786,13.375,16.375,84.1125,0.0,6.125,0.45551177408762544,4.5,15.5,0.2974284670008354,13.625,0.0,132.25,107.25,32.25,57.25,17.75,40.75,11.75,29.0,23.125,12.875,1.9138702596423185,10.75,35.625,30.599999999999998,28.625,52.875,54.260608805445756,17.75,22.5,79.175,0.0,9.125,0.7149711807800043,4.125,17.375,0.24367610602593437,12.875,0.0,117.625
123,125,2025-03-06,1,1,2024-25,Orlando Magic,Chicago Bulls,105.25,29.25,56.0,20.0,44.125,11.5,32.625,21.75,13.375,1.6653025793650793,9.75,30.5,31.525,28.0,54.75,51.0910511501308,20.0,26.125,77.025,0.0,7.125,0.5413622835497836,6.5,21.25,0.35288325000281523,13.375,0.0,117.75,118.875,43.875,57.25,17.75,44.625,11.125,33.5,28.875,13.75,2.3389005602240895,14.625,43.75,33.45,28.625,51.875,55.22245131980155,17.75,20.75,82.32499999999999,0.0,8.375,0.6477240896358543,4.75,18.125,0.2649833325142923,13.75,0.0,136.375
119,121,2025-03-06,1,1,2024-25,Brooklyn Nets,Golden State Warriors,103.875,34.5,50.5,18.875,42.75,14.875,27.875,24.875,16.375,1.5654532967032968,11.5,38.875,28.512500000000003,25.25,49.375,51.26205520143268,18.875,23.125,80.7375,0.0,10.75,0.6539816086691086,5.75,22.0,0.26660889088663686,16.375,0.0,115.875,120.5,45.0,56.5,19.0,45.875,12.875,33.0,32.25,12.0,2.757725607725608,15.0,42.5,35.1125,28.25,50.25,55.66232814965066,19.0,22.0,86.5875,0.0,10.5,0.9107690920190921,5.25,18.5,0.2959371868503313,12.0,0.0,149.875
97,109,2025-03-06,1,1,2024-25,New Orleans Pelicans,Houston Rockets,117.625,37.125,65.25,15.25,48.625,13.75,34.875,28.25,12.625,2.540889098861235,12.375,36.75,32.95,32.625,58.0,56.56520347438537,15.25,21.375,68.4125,0.0,8.125,0.6928760180308169,4.875,16.625,0.30300541709378703,12.625,0.0,139.0,110.625,38.625,58.0,14.0,50.5,15.0,35.5,21.875,15.75,1.6493172268907563,12.875,34.75,37.35,29.0,59.625,48.51060901334218,14.0,20.75,68.075,0.0,5.75,0.3746980042016807,4.5,18.0,0.24406687675070032,15.75,0.0,118.25
105,95,2025-03-07,1,1,2024-25,LA Clippers,New York Knicks,110.5,35.25,57.5,17.75,40.125,10.125,30.0,25.5,13.0,2.1293024785671846,11.75,34.75,34.9,28.75,51.25,56.21775636355171,17.75,22.375,79.375,0.0,10.0,0.803504053136406,4.25,20.5,0.22317196083643454,13.0,0.0,127.25,109.25,33.75,61.5,14.0,42.25,10.0,32.25,24.75,13.625,1.914351681814917,11.25,35.875,31.912499999999998,30.75,56.75,54.280949843938714,14.0,18.25,77.0625,0.0,7.125,0.5481120187002541,4.5,15.5,0.30733981092436974,13.625,0.0,119.375
118,109,2025-03-07,1,1,2024-25,Toronto Raptors,Utah Jazz,108.875,33.75,57.5,17.625,44.125,12.375,31.75,26.375,16.625,1.622093837535014,11.25,32.0,34.425,28.75,55.875,51.70055996164343,17.625,23.875,73.725,0.0,7.25,0.44431022408963583,3.25,20.5,0.161839430592291,16.625,0.0,119.125,113.75,43.5,56.5,13.75,47.5,12.25,35.25,27.625,16.25,2.013324175824176,14.5,40.125,36.012499999999996,28.25,52.5,53.71561153116777,13.75,20.5,66.6125,0.0,5.75,0.40512820512820513,2.625,16.625,0.1699671070094411,16.25,0.0,124.375
111,122,2025-03-07,1,1,2024-25,Dallas Mavericks,Memphis Grizzlies,106.875,37.875,54.5,14.5,40.125,8.75,31.375,26.125,12.75,2.1347853535353534,12.625,37.125,33.75,27.25,52.75,51.733721876265555,14.5,18.75,75.28750000000001,0.0,8.25,0.7088113275613275,4.125,16.375,0.2868669941879661,12.75,0.0,118.5,120.75,34.125,65.0,21.625,45.625,13.125,32.5,28.5,15.25,1.935756157219973,11.375,36.875,29.987499999999997,32.5,57.5,56.53334878602163,21.625,25.125,86.63749999999999,0.0,7.0,0.4861489661654136,4.875,20.0,0.2487659211488546,15.25,0.0,137.5
117,118,2025-03-07,1,1,2024-25,Charlotte Hornets,Cleveland Cavaliers,98.75,31.875,53.0,13.875,46.625,14.0,32.625,23.5,16.875,1.5155417956656345,10.625,37.5,27.987500000000004,26.5,55.375,48.05836389812787,13.875,18.75,74.0625,0.0,7.625,0.4785758513931889,4.5,17.5,0.26511852548036763,16.875,0.0,103.5,126.25,48.375,58.0,19.875,49.25,13.375,35.875,26.25,12.875,2.14937850140056,16.125,41.0,40.25,29.0,51.625,56.135267970452574,19.875,25.25,78.3875,0.0,7.125,0.540912967751203,4.125,18.375,0.23295752736542208,12.875,0.0,147.25
104,106,2025-03-07,1,1,2024-25,Miami Heat,Minnesota Timberwolves,112.5,39.75,55.25,17.5,41.625,8.625,33.0,27.75,14.25,1.9976184354860826,13.25,36.125,36.6375,27.625,47.75,57.891122187969984,17.5,20.625,84.3375,0.0,7.25,0.507681370916665,3.5,16.375,0.24068046354230563,14.25,0.0,132.25,119.25,48.75,50.5,20.0,41.125,9.5,31.625,27.25,10.875,2.881761695906433,16.25,43.625,36.6375,25.25,47.125,53.62339874514739,20.0,24.125,81.25,0.0,10.25,1.1663975644238802,4.125,20.5,0.20759309663203301,10.875,0.0,137.75
107,89,2025-03-07,1,1,2024-25,Oklahoma City Thunder,Portland Trail Blazers,131.875,51.0,62.25,18.625,45.25,11.125,34.125,31.625,11.375,2.8890484515484514,17.0,40.5,41.9875,31.125,55.125,56.38544891640867,18.625,22.0,84.85,0.0,9.625,0.8570804195804196,5.875,20.875,0.28331078643578644,11.375,0.0,162.0,121.625,42.75,60.25,18.625,46.125,12.75,33.375,27.25,15.875,1.8151957852518998,14.25,39.0,36.4,30.125,52.875,57.7899176716141,18.625,25.625,71.3625,0.0,9.25,0.5813873433068479,4.75,20.625,0.2519007034632035,15.875,0.0,138.625
149,141,2025-03-07,1,1,2024-25,Denver Nuggets,Phoenix Suns,118.875,40.5,63.0,15.375,48.0,12.125,35.875,29.125,16.0,1.888623876123876,13.5,34.75,38.837500000000006,31.5,57.125,54.56910875197729,15.375,20.0,76.775,0.0,6.875,0.46206709956709957,4.375,17.5,0.25686858076563956,16.0,0.0,139.75,118.125,45.75,55.5,16.875,44.0,7.625,36.375,29.625,14.75,2.133378825014854,15.25,38.5,39.237500000000004,27.75,47.375,58.99451273255964,16.875,20.625,81.1,0.0,5.625,0.41959113190730835,4.875,18.125,0.2782238978127136,14.75,0.0,140.875
127,109,2025-03-07,1,1,2024-25,Sacramento Kings,San Antonio Spurs,119.125,43.125,60.75,15.25,46.125,12.25,33.875,28.375,14.625,2.2211580086580085,14.375,35.875,40.05,30.375,54.75,56.10604058349245,15.25,18.125,85.9875,0.0,7.875,0.5548295454545454,4.625,16.875,0.2853041233362441,14.625,0.0,142.75,115.5,41.25,60.5,13.75,41.375,10.5,30.875,31.125,13.375,2.4924833744686685,13.75,40.25,34.3625,30.25,53.375,56.32343694578002,13.75,19.5,69.475,0.0,9.875,0.788366412998766,4.375,17.75,0.2501812128360116,13.375,0.0,133.5
111,101,2025-03-08,1,1,2024-25,Boston Celtics,Los Angeles Lakers,115.875,56.25,46.5,13.125,44.0,12.5,31.5,25.875,12.875,2.11745984278879,18.75,46.625,40.2875,23.25,41.875,54.98046181032686,13.125,15.375,87.31250000000001,0.0,6.75,0.5243620414673047,4.625,16.0,0.2922201336675021,12.875,0.0,135.5,114.25,40.875,52.25,21.125,47.0,12.375,34.625,23.625,15.5,1.658610751993105,13.625,40.375,33.425000000000004,26.125,43.75,59.971121693699736,21.125,27.125,78.475,0.0,9.0,0.6598934766214177,5.625,17.25,0.35263794620412264,15.5,0.0,133.625
105,102,2025-03-08,1,1,2024-25,Charlotte Hornets,Brooklyn Nets,99.0,31.125,53.75,14.125,46.375,13.5,32.875,23.625,17.125,1.467625128998968,10.375,37.5,27.3125,26.875,54.5,49.45865715325984,14.125,19.25,73.2875,0.0,7.25,0.42649251805985555,4.625,19.0,0.26457739993924206,17.125,0.0,103.875,106.25,37.125,49.75,19.375,40.5,13.875,26.625,25.75,15.625,1.7182310744810745,12.375,39.25,30.8625,24.875,49.25,50.70229089166837,19.375,23.5,81.85,0.0,10.0,0.6366204975579977,5.5,22.75,0.24403944644219244,15.625,0.0,117.0
109,111,2025-03-08,1,1,2024-25,Milwaukee Bucks,Orlando Magic,119.25,39.75,59.0,20.5,46.0,8.25,37.75,25.5,14.375,1.874437817084876,13.25,37.0,35.724999999999994,29.5,49.875,59.0095821231437,20.5,25.375,80.60000000000001,0.0,7.375,0.5222125097125098,4.25,16.25,0.2804526629612442,14.375,0.0,139.0,107.875,27.375,58.0,22.5,41.75,11.0,30.75,22.25,13.5,1.6861359126984126,9.125,29.25,30.8625,29.0,55.625,52.14995579946098,22.5,28.75,78.4375,0.0,7.875,0.6000744047619048,6.0,22.375,0.28889515476471994,13.5,0.0,119.25
120,118,2025-03-08,1,1,2024-25,Atlanta Hawks,Indiana Pacers,119.25,40.125,63.75,15.375,42.75,11.75,31.0,29.375,13.625,2.3112728559709983,13.375,35.25,37.7125,31.875,57.75,55.22539984789271,15.375,21.25,72.4375,0.0,8.625,0.65978341404038,4.625,19.75,0.24014339826839828,13.625,0.0,137.375,120.375,48.375,57.25,14.75,38.5,7.25,31.25,30.875,13.625,2.408127983127983,16.125,40.625,39.7,28.625,46.0,62.372120768273085,14.75,18.125,80.21249999999999,0.0,8.125,0.6108440170940171,5.625,17.5,0.31597530758714965,13.625,0.0,144.625
146,117,2025-03-08,1,1,2024-25,Houston Rockets,New Orleans Pelicans,112.0,37.5,60.75,13.75,49.125,14.25,34.875,23.0,15.625,1.716422490048651,12.5,33.875,37.0625,30.375,59.0,51.70308539660804,13.75,20.75,66.675,0.0,6.125,0.3967374778858912,4.625,18.5,0.24406687675070032,15.625,0.0,122.25,112.25,32.625,64.5,15.125,48.125,14.75,33.375,26.375,13.25,2.282555765527902,10.875,33.875,31.8625,32.25,59.75,54.03544156962347,15.125,21.25,68.33749999999999,0.0,7.875,0.6303760180308168,4.875,16.875,0.2975874604374402,13.25,0.0,129.625
109,114,2025-03-08,1,1,2024-25,Miami Heat,Chicago Bulls,110.5,40.125,53.75,16.625,41.25,8.5,32.75,28.875,13.625,2.2218247846924317,13.375,35.875,37.275,26.875,47.875,56.38859693544474,16.625,19.75,83.0125,0.0,7.125,0.5334750217103158,3.375,15.625,0.2392600089968511,13.625,0.0,130.875,120.75,46.125,57.25,17.375,46.0,11.5,34.5,29.125,13.875,2.3436520222123933,15.375,43.625,35.3875,28.625,52.0,55.053369194197685,17.375,20.75,81.07499999999999,0.0,7.875,0.6181188264779596,4.75,18.625,0.26080173155849773,13.875,0.0,139.625
117,118,2025-03-08,1,1,2024-25,Toronto Raptors,Washington Wizards,110.125,35.25,56.0,18.875,45.25,14.0,31.25,26.5,16.0,1.7429271708683474,11.75,34.125,33.9125,28.0,55.375,50.852395334279684,18.875,24.75,76.1,0.0,8.0,0.5484768907563025,3.25,22.375,0.1387482975873649,16.0,0.0,121.5,109.625,42.75,47.75,19.125,42.25,7.75,34.5,26.75,16.5,1.7929764314632737,14.25,40.125,35.275,23.875,45.125,53.36312600240372,19.125,23.875,81.1,0.0,8.125,0.5522546349848981,6.25,20.125,0.3370550645007167,16.5,0.0,124.625
115,110,2025-03-08,1,1,2024-25,Golden State Warriors,Detroit Pistons,122.5,45.375,57.5,19.625,46.25,13.625,32.625,32.875,12.75,2.6902122387416507,15.125,41.375,36.449999999999996,28.75,50.5,56.41232814965066,19.625,22.625,86.8,0.0,9.25,0.785100642821231,5.0,18.625,0.2805863096573488,12.75,0.0,152.125,122.375,37.5,66.25,18.625,43.625,10.0,33.625,30.375,16.125,2.004032593259567,12.5,34.75,36.025,33.125,53.25,62.47019218657286,18.625,24.875,74.425,0.0,10.25,0.7192452254129886,6.25,21.0,0.2892911178657552,16.125,0.0,148.125
126,122,2025-03-09,1,1,2024-25,Philadelphia 76ers,Utah Jazz,108.375,34.875,56.75,16.75,41.625,12.875,28.75,23.625,13.0,1.932099426308985,11.625,36.375,32.3875,28.375,53.875,52.8097159483029,16.75,21.25,79.36249999999998,0.0,8.625,0.678512847446671,3.625,17.375,0.21034277269260107,13.0,0.0,118.125,114.0,40.875,57.75,15.375,49.125,12.875,36.25,26.875,16.75,1.9576098901098902,13.625,38.875,34.6625,28.875,53.0,54.39427922466026,15.375,23.125,67.0375,0.0,5.5,0.38846153846153847,3.625,17.0,0.22274488478721888,16.75,0.0,125.25
104,107,2025-03-09,1,1,2024-25,New Orleans Pelicans,Memphis Grizzlies,114.0,34.125,66.0,13.875,47.0,15.25,31.75,26.875,13.25,2.3182700512421874,11.375,34.75,32.575,33.0,59.75,55.18928772346962,13.875,20.125,65.875,0.0,7.75,0.6214474466022454,4.5,16.125,0.2870375883146781,13.25,0.0,130.5,121.875,32.625,68.25,21.0,47.25,13.75,33.5,28.5,15.0,1.984707206171022,10.875,34.625,30.9,34.125,60.625,56.66815270759026,21.0,24.375,86.775,0.0,7.375,0.5307293857458332,5.5,20.125,0.2777132895699072,15.0,0.0,141.875
112,119,2025-03-09,1,1,2024-25,Portland Trail Blazers,Detroit Pistons,120.0,41.25,60.0,18.75,48.625,13.75,34.875,25.75,15.875,1.7269604911342529,13.75,39.75,34.675000000000004,30.0,53.25,57.166879995005,18.75,25.25,73.4375,0.0,8.0,0.5078579315421421,4.375,19.625,0.24669237012987014,15.875,0.0,135.125,120.5,34.875,66.0,19.625,42.5,9.125,33.375,28.625,16.625,1.8680950932595668,11.625,33.25,34.45,33.0,53.625,61.90977665896215,19.625,26.625,73.0,0.0,10.75,0.7317452254129886,6.125,22.5,0.2697677912937471,16.625,0.0,142.625
127,103,2025-03-09,1,1,2024-25,Oklahoma City Thunder,Denver Nuggets,129.0,49.125,61.75,18.125,44.25,9.5,34.75,30.0,11.5,2.7335997335997337,16.375,39.875,41.0625,30.875,54.125,56.92892717727823,18.125,21.625,84.0,0.0,9.875,0.8682983682983683,5.625,20.0,0.29773386335886337,11.5,0.0,157.0,121.0,42.75,63.5,14.75,46.625,11.625,35.0,31.5,15.375,2.281481018981019,14.25,35.0,40.462500000000006,31.75,57.0,55.136259387186,14.75,19.25,76.6,0.0,6.75,0.4928210678210678,3.875,17.75,0.23016403531109408,15.375,0.0,143.875
141,124,2025-03-09,1,1,2024-25,Minnesota Timberwolves,San Antonio Spurs,118.125,51.375,48.5,18.25,42.125,9.5,32.625,28.0,11.5,2.8262061403508776,17.125,44.5,38.025000000000006,24.25,44.875,54.317843189591834,18.25,22.625,77.8125,0.0,9.75,1.08108010410642,4.125,19.25,0.23600218754112395,11.5,0.0,138.25,114.125,41.625,59.25,13.25,40.375,10.875,29.5,30.75,13.0,2.5734492835595777,13.875,40.375,34.55,29.625,52.5,56.018949766292835,13.25,19.625,66.875,0.0,9.125,0.7500141402714933,4.5,17.375,0.26084297754189395,13.0,0.0,130.125
111,110,2025-03-09,1,1,2024-25,LA Clippers,Sacramento Kings,109.875,36.375,55.75,17.75,40.625,9.875,30.75,24.875,12.75,2.118885811900518,12.125,35.75,34.8375,27.875,50.25,55.46775636355171,17.75,22.375,79.375,0.0,9.125,0.7514207198030728,4.375,19.25,0.24958808284079181,12.75,0.0,125.5,120.125,43.5,62.5,14.125,46.5,12.75,33.75,28.75,14.25,2.38735119047619,14.5,35.0,41.18749999999999,31.25,56.75,55.5621161171542,14.125,16.875,84.8375,0.0,8.125,0.603125,4.25,16.875,0.2618666233362441,14.25,0.0,144.75
116,125,2025-03-09,1,1,2024-25,Dallas Mavericks,Phoenix Suns,106.0,38.625,51.75,15.625,40.75,8.75,32.0,25.625,12.5,2.1347853535353534,12.875,37.75,33.8125,25.875,52.875,49.09483298737666,15.625,19.75,76.5875,0.0,8.25,0.7192279942279942,4.75,15.875,0.3394688041427172,12.5,0.0,116.875,122.125,45.75,58.75,17.625,44.0,7.875,36.125,30.625,14.125,2.2850882267242563,15.25,37.75,39.95,29.375,49.375,59.816797281259284,17.625,21.75,80.3875,0.0,5.625,0.4356167729329494,4.625,17.75,0.2683032628920787,14.125,0.0,146.25
100,112,2025-03-09,1,1,2024-25,Milwaukee Bucks,Cleveland Cavaliers,118.375,37.5,61.25,19.625,45.625,7.75,37.875,24.875,13.75,1.8851215777686365,12.5,34.5,36.762499999999996,30.625,51.75,59.126525990087565,19.625,24.875,78.64999999999999,0.0,7.75,0.5644133644133644,4.125,16.25,0.27350821851679974,13.75,0.0,138.625,127.25,48.375,56.0,22.875,48.375,12.375,36.0,25.875,12.5,2.152529761904762,16.125,40.375,40.775,28.0,50.0,55.79435887954348,22.875,28.25,80.125,0.0,7.0,0.5445894383394383,4.0,18.25,0.22802331683910632,12.5,0.0,148.375
119,104,2025-03-10,1,1,2024-25,Toronto Raptors,Washington Wizards,110.875,32.625,58.25,20.0,45.625,15.0,30.625,26.375,16.125,1.7197128851540617,10.875,32.0,33.7875,29.125,58.0,50.81842794297534,20.0,25.625,77.5625,0.0,8.375,0.5687149859943977,3.75,22.125,0.16970804990934635,16.125,0.0,123.25,108.125,39.0,49.5,19.625,42.75,9.625,33.125,26.75,16.25,1.8181500425743846,13.0,39.25,33.1625,24.75,46.375,53.84389523317295,19.625,24.75,80.175,0.0,9.0,0.6112824127626759,6.25,19.875,0.3419161756118278,16.25,0.0,123.625
114,108,2025-03-10,1,1,2024-25,Boston Celtics,Utah Jazz,114.25,52.125,48.5,13.625,43.25,12.5,30.75,24.75,12.75,2.04245984278879,17.375,44.625,39.0125,24.25,43.25,55.531704046351706,13.625,16.625,84.65,0.0,7.5,0.6027711323763956,4.5,15.375,0.3021633154856839,12.75,0.0,132.25,113.75,42.75,54.0,17.0,47.375,12.125,35.25,26.5,18.0,1.6937210012210013,14.25,39.625,35.4875,27.0,51.625,52.220764917983814,17.0,23.625,71.5125,0.0,6.5,0.4092948717948718,3.75,17.375,0.22572107526340934,18.0,0.0,123.25
127,140,2025-03-10,1,1,2024-25,Oklahoma City Thunder,Denver Nuggets,128.625,46.875,62.75,19.0,46.625,9.875,36.75,29.125,10.5,3.050907425907426,15.625,40.25,38.55,31.375,54.75,57.18715546859476,19.0,22.25,85.625,0.0,9.375,0.9067599067599068,6.375,19.75,0.3397793179043179,10.5,0.0,158.375,117.75,40.125,63.0,14.625,45.75,11.375,34.375,30.625,14.625,2.3663024475524477,13.375,34.625,38.6875,31.5,57.25,54.45842844619717,14.625,19.75,74.1,0.0,6.75,0.5129103535353535,4.25,18.25,0.2450449876920465,14.625,0.0,138.375
129,133,2025-03-10,1,1,2024-25,San Antonio Spurs,Dallas Mavericks,115.875,42.0,60.0,13.875,40.875,11.25,29.625,30.625,12.375,2.645753205128205,14.0,40.5,34.824999999999996,30.0,52.5,56.700767948111015,13.875,19.875,68.825,0.0,8.625,0.7451121794871794,4.25,16.625,0.25637869182760825,12.375,0.0,132.875,106.625,39.0,53.0,14.625,38.875,8.375,30.5,25.75,11.625,2.402642496392496,13.0,37.5,34.325,26.5,53.375,49.910050378681014,14.625,18.375,77.025,0.0,8.25,0.7906565656565656,4.5,15.25,0.3309217955957086,11.625,0.0,117.25
130,120,2025-03-10,1,1,2024-25,Golden State Warriors,Portland Trail Blazers,120.375,42.375,55.75,22.25,47.625,13.625,34.0,31.125,13.625,2.4445982036539315,14.125,41.125,34.3,27.875,49.625,55.59837466127857,22.25,26.25,84.3625,0.0,9.125,0.7286313445756171,5.125,19.625,0.2793679860706042,13.625,0.0,147.0,116.375,39.375,57.5,19.5,46.625,13.625,33.0,23.25,15.125,1.6470009769642122,13.125,40.625,32.6125,28.75,53.125,54.46471297597751,19.5,25.875,74.4,0.0,7.5,0.5027972027972027,4.0,20.25,0.2254381613756614,15.125,0.0,124.375
132,123,2025-03-10,1,1,2024-25,Atlanta Hawks,Philadelphia 76ers,120.75,39.75,65.5,15.5,42.375,11.75,30.625,29.75,14.625,2.202612725252044,13.25,35.125,37.462500000000006,32.75,57.5,56.78522890772177,15.5,20.375,75.85000000000001,0.0,9.0,0.6360906035828637,5.375,19.375,0.2769615800865801,14.625,0.0,141.125,111.125,37.875,55.5,17.75,42.375,13.375,29.0,24.125,14.0,1.8320994263089851,12.625,37.375,34.075,27.75,53.25,52.29006364293631,17.75,22.25,79.6,0.0,9.125,0.6674017363355598,4.75,18.125,0.2592558161708619,14.0,0.0,122.75
102,105,2025-03-10,1,1,2024-25,Miami Heat,Charlotte Hornets,110.0,41.625,52.75,15.625,41.0,8.125,32.875,28.875,13.375,2.284956097823745,13.875,37.375,37.425,26.375,47.5,55.852534557277096,15.625,18.875,81.64999999999999,0.0,7.625,0.596606334841629,3.625,15.0,0.2589792603337495,13.375,0.0,129.875,101.125,33.375,53.75,14.0,48.0,14.75,33.25,24.375,16.25,1.6404192466460268,11.125,37.75,29.4125,26.875,54.25,49.6302954108356,14.0,18.625,75.3,0.0,6.25,0.3882572239422085,4.0,18.0,0.24214150250334462,16.25,0.0,108.875
121,103,2025-03-10,1,1,2024-25,Chicago Bulls,Indiana Pacers,121.125,43.125,59.0,19.0,45.75,10.75,35.0,29.5,13.25,2.4811520222123935,14.375,42.875,33.7125,29.5,50.875,57.93380397680638,19.0,22.5,81.725,0.0,7.875,0.6431188264779596,4.5,18.875,0.23401601727278348,13.25,0.0,142.125,119.25,45.75,57.75,15.75,37.875,8.0,29.875,30.875,14.25,2.305145028582529,15.25,39.125,38.7625,28.875,47.875,60.84414500205783,15.75,19.125,80.825,0.0,8.875,0.6364121989121989,4.875,17.625,0.2766895933014354,14.25,0.0,141.25
97,84,2025-03-10,1,1,2024-25,Houston Rockets,Orlando Magic,115.125,39.0,63.0,13.125,49.125,15.0,34.125,24.75,14.5,1.9675588536850146,13.0,35.625,36.125,31.5,59.125,53.503932854235146,13.125,19.375,68.6125,0.0,6.625,0.4677602051586185,4.75,17.0,0.2813745690583926,14.5,0.0,129.375,107.5,29.625,56.75,21.125,39.375,10.25,29.125,22.75,13.75,1.6892609126984126,9.875,30.125,32.55,28.375,54.375,52.35828913279431,21.125,26.375,79.75,0.0,7.75,0.5688244047619048,5.75,22.625,0.2751640941586594,13.75,0.0,117.875
104,133,2025-03-10,1,1,2024-25,Sacramento Kings,New York Knicks,117.25,40.5,62.25,14.5,45.25,11.125,34.125,27.375,13.375,2.4925595238095237,13.5,33.375,39.974999999999994,31.125,55.25,56.719590718025025,14.5,17.375,84.625,0.0,7.875,0.6302083333333334,4.25,16.875,0.26186662333624405,13.375,0.0,141.75,107.0,31.875,60.0,15.125,42.125,10.5,31.625,24.375,13.875,1.8534542459174812,10.625,34.375,31.425,30.0,56.25,53.4253271807233,15.125,19.25,79.425,0.0,6.625,0.5019581725464078,4.125,15.875,0.2677564775910364,13.875,0.0,116.25
111,108,2025-03-10,1,1,2024-25,Brooklyn Nets,Los Angeles Lakers,106.875,38.625,48.75,19.5,39.5,13.125,26.375,25.125,15.25,1.7152262667887668,12.875,40.75,31.075,24.375,46.125,53.93694001447539,19.5,23.0,84.61250000000001,0.0,9.875,0.6396253052503054,5.5,22.25,0.2554810940394464,15.25,0.0,118.5,113.125,42.75,51.0,19.375,46.625,12.125,34.5,23.375,14.25,1.715158371040724,14.25,41.375,34.2875,25.5,43.375,59.12005786391251,19.375,25.75,75.0125,0.0,8.875,0.6770065718595131,5.0,17.25,0.3158732403217698,14.25,0.0,131.375
120,118,2025-03-10,1,1,2024-25,Memphis Grizzlies,Phoenix Suns,122.125,34.875,67.5,19.75,47.75,14.75,33.0,28.75,14.875,2.015659587123403,11.625,36.625,31.5625,33.75,59.5,57.100356097420764,19.75,23.125,85.1875,0.0,7.875,0.5706103381267855,5.375,19.625,0.2781503525069702,14.875,0.0,142.875,122.625,45.75,60.25,16.625,43.625,7.625,36.0,31.125,14.375,2.2728504644864937,15.25,37.5,40.25,30.125,49.0,61.53062900038761,16.625,20.5,81.025,0.0,5.25,0.39453285684903333,4.75,17.625,0.2842123538011696,14.375,0.0,148.0
127,120,2025-03-11,1,1,2024-25,New Orleans Pelicans,LA Clippers,112.75,34.875,63.75,14.125,43.25,14.375,28.875,26.5,12.875,2.3340263537631962,11.625,34.875,33.1875,31.875,58.5,54.228985569821276,14.125,20.25,66.4625,0.0,8.0,0.6440314802156907,4.875,15.625,0.31730074620941495,12.875,0.0,126.5,109.875,36.375,57.0,16.5,41.375,9.5,31.875,24.875,12.625,2.1450221755368815,12.125,34.625,35.75,28.5,50.875,55.93997858577393,16.5,21.375,77.39999999999999,0.0,8.5,0.6991479925303454,4.625,19.5,0.26000474950745844,12.625,0.0,126.875
123,103,2025-03-11,1,1,2024-25,Detroit Pistons,Washington Wizards,116.875,30.75,65.75,20.375,44.625,10.0,34.625,26.5,16.0,1.8079447173197174,10.25,31.75,32.2125,32.875,54.375,60.85844950833855,20.375,27.5,73.375,0.0,10.5,0.7350346990971991,6.5,22.625,0.2842605449169355,16.0,0.0,138.875,108.5,40.5,49.25,18.75,44.25,10.625,33.625,26.75,15.5,1.985560756860099,13.5,41.25,32.95,24.625,46.625,53.354311899839615,18.75,23.25,81.375,0.0,8.5,0.609050269905533,7.25,19.75,0.393106651802304,15.5,0.0,125.5
115,114,2025-03-11,1,1,2024-25,Indiana Pacers,Milwaukee Bucks,116.0,45.0,56.75,14.25,37.0,8.0,29.0,30.75,13.75,2.4033593142968144,15.0,39.625,37.725,28.375,49.5,58.13751931899772,14.25,18.125,77.8,0.0,9.75,0.748912198912199,4.75,16.25,0.2891094650963072,13.75,0.0,134.875,117.875,37.5,61.25,19.125,46.375,8.625,37.75,24.0,13.875,1.8267065450888982,12.5,34.375,36.875,30.625,53.0,57.876525990087565,19.125,23.875,79.5,0.0,7.5,0.5460310114721879,3.625,15.125,0.2589248851834664,13.875,0.0,136.5
109,104,2025-03-11,1,1,2024-25,Cleveland Cavaliers,Brooklyn Nets,123.5,48.375,51.75,23.375,48.0,12.625,35.375,24.25,12.5,2.0441964285714285,16.125,41.625,39.400000000000006,25.875,48.25,53.482828946062334,23.375,28.75,80.82500000000002,0.0,6.875,0.536256105006105,4.0,18.25,0.22802331683910632,12.5,0.0,140.875,107.625,42.75,45.0,19.875,40.5,14.0,26.5,24.5,14.125,1.8971459096459098,14.25,42.875,32.95,22.5,45.125,51.19584986772487,19.875,24.375,82.0,0.0,9.875,0.7400717338217339,5.25,21.875,0.249724515092078,14.125,0.0,117.875
122,115,2025-03-12,1,1,2024-25,Memphis Grizzlies,Utah Jazz,121.75,35.625,66.5,19.625,48.0,14.625,33.375,28.5,15.0,1.9823262537900697,11.875,37.5,31.375,33.25,57.875,57.91993156911887,19.625,22.625,86.16250000000001,0.0,8.0,0.5741817666982141,5.625,19.125,0.29388461824123585,15.0,0.0,143.625,113.25,40.875,56.25,16.125,47.75,12.5,35.25,27.125,17.625,1.7958043345543346,13.625,38.875,34.650000000000006,28.125,52.0,53.938601175293755,16.125,22.75,70.3625,0.0,6.0,0.38221153846153844,4.0,16.75,0.25029372483605894,17.625,0.0,124.75
112,118,2025-03-12,1,1,2024-25,Boston Celtics,Oklahoma City Thunder,113.75,52.5,47.0,14.25,43.0,12.5,30.5,24.875,12.375,2.150098731677679,17.5,45.75,38.4375,23.5,42.375,54.95989553571341,14.25,17.5,83.2625,0.0,7.875,0.67221557682084,4.875,15.125,0.3408537916761601,12.375,0.0,131.625,128.5,48.375,62.25,17.875,44.625,9.5,35.125,29.375,10.5,3.0736346986346987,16.125,40.0,39.775,31.125,54.25,57.211981685079365,17.875,20.625,86.65,0.0,9.25,0.8953962703962705,6.125,18.0,0.3533209845709846,10.5,0.0,157.625
104,119,2025-03-12,1,1,2024-25,Miami Heat,LA Clippers,112.0,42.75,55.0,14.25,41.125,7.75,33.375,30.0,13.125,2.3682894311570784,14.25,36.25,39.275,27.5,48.75,56.88367933842187,14.25,18.0,78.82499999999999,0.0,7.5,0.5957382792860734,3.5,15.75,0.22842370477819393,13.125,0.0,134.0,112.75,37.5,58.5,16.75,39.625,9.0,30.625,26.125,11.875,2.3549152236652233,12.5,34.75,36.5625,29.25,50.75,57.56742956616609,16.75,21.25,79.22500000000001,0.0,8.25,0.724549062049062,5.25,18.5,0.30687974950745844,11.875,0.0,131.875
126,116,2025-03-12,1,1,2024-25,San Antonio Spurs,Dallas Mavericks,120.0,42.75,63.75,13.5,39.875,11.125,28.75,30.625,12.25,2.686030982905983,14.25,39.25,36.3375,31.875,53.375,59.628372542040466,13.5,19.75,67.6125,0.0,8.0,0.6909455128205128,3.625,17.25,0.2207427269153275,12.25,0.0,137.125,110.5,38.625,55.5,16.375,38.75,8.75,30.0,25.875,10.75,2.520066738816739,12.875,38.25,33.2,27.75,53.375,52.410050378681014,16.375,19.75,79.72500000000001,0.0,8.0,0.7988636363636363,4.25,14.75,0.3220834117573248,10.75,0.0,122.25
123,110,2025-03-12,1,1,2024-25,Atlanta Hawks,Charlotte Hornets,119.375,37.5,68.25,13.625,43.375,12.25,31.125,30.25,14.875,2.197484520123839,12.5,34.125,36.6875,34.125,58.75,57.95446709479988,13.625,17.625,76.65,0.0,8.5,0.5925008599931201,5.375,19.0,0.28291396103896105,14.875,0.0,141.75,103.25,33.75,55.0,14.5,47.875,14.0,33.875,24.625,15.125,1.8075245098039217,11.25,38.25,29.4125,27.5,53.875,51.51521604575623,14.5,18.5,77.8875,0.0,5.75,0.4211519607843137,4.25,18.0,0.25776650250334465,15.125,0.0,113.25
118,105,2025-03-12,1,1,2024-25,Toronto Raptors,Philadelphia 76ers,109.875,31.125,59.25,19.5,48.625,16.75,31.875,25.875,15.5,1.8129668534080299,10.375,33.75,30.7375,29.625,58.875,51.01889964108855,19.5,25.5,76.1375,0.0,8.0,0.5568102240896359,3.875,21.5,0.17816215618953957,15.5,0.0,122.125,113.625,40.125,56.5,17.0,40.875,12.25,28.625,25.125,13.75,1.9597218039313629,13.375,37.75,35.637499999999996,28.25,53.625,52.87790747612176,17.0,21.75,78.0375,0.0,9.125,0.6813877503215738,4.5,18.125,0.24258914950419527,13.75,0.0,125.0
113,114,2025-03-12,1,1,2024-25,Portland Trail Blazers,New York Knicks,117.125,40.875,57.25,19.0,45.625,13.5,32.125,23.875,15.875,1.6009483453852649,13.625,40.375,34.0,28.625,52.5,54.84736603720199,19.0,25.0,75.325,0.0,7.75,0.4947000368053,3.875,19.875,0.22664008445258443,15.875,0.0,125.75,110.5,36.375,57.75,16.375,43.125,10.125,33.0,25.5,13.75,1.9352557165057167,12.125,35.875,33.8375,28.875,54.125,53.40204104063388,16.375,20.25,81.88750000000002,0.0,7.25,0.5446971431346431,3.875,17.375,0.24171481092436975,13.75,0.0,123.625
95,115,2025-03-12,1,1,2024-25,Denver Nuggets,Minnesota Timberwolves,122.75,40.875,67.0,14.875,45.5,11.0,34.5,31.125,13.375,2.540544871794872,13.625,33.5,40.85,33.5,58.5,57.21516245293117,14.875,19.625,75.825,0.0,6.75,0.5413194444444445,4.75,18.25,0.27282276546982426,13.375,0.0,147.875,120.375,52.5,51.25,16.625,41.875,9.375,32.5,29.875,11.5,2.9704369095816467,17.5,44.125,39.275000000000006,25.625,46.0,55.8991039100035,16.625,21.0,77.425,0.0,9.875,1.0906954887218046,4.0,18.625,0.2370048613379154,11.5,0.0,143.125
111,104,2025-03-12,1,1,2024-25,Houston Rockets,Phoenix Suns,112.875,38.625,61.0,13.25,51.875,16.5,35.375,23.125,16.125,1.5032731393993002,12.875,35.625,35.8375,30.5,57.75,52.745923700917075,13.25,19.375,69.3,0.0,6.75,0.4391887765871899,5.0,17.125,0.2944464644832292,16.125,0.0,127.375,123.75,50.625,56.5,16.625,44.75,9.0,35.75,32.25,14.875,2.2858712978198272,16.875,38.75,43.699999999999996,28.25,48.375,58.68396908135928,16.625,20.5,81.02499999999999,0.0,4.875,0.34765785684903333,4.125,18.0,0.24952335858585858,14.875,0.0,149.0
126,106,2025-03-13,1,1,2024-25,Milwaukee Bucks,Los Angeles Lakers,117.125,37.5,61.0,18.625,46.875,8.375,38.5,24.875,14.625,1.7461509895333425,12.5,34.0,37.25,30.5,53.125,57.449885919165574,18.625,23.5,78.48750000000001,0.0,7.5,0.5238087892499657,3.5,14.625,0.2557784320942216,14.625,0.0,136.25,111.25,43.875,48.75,18.625,47.125,12.0,35.125,23.875,15.0,1.5984917043740574,14.625,41.25,35.35,24.375,43.375,56.62005786391251,18.625,25.0,74.375,0.0,7.5,0.502006571859513,4.375,17.25,0.2846232403217697,15.0,0.0,127.125
116,110,2025-03-13,1,1,2024-25,Chicago Bulls,Brooklyn Nets,121.625,40.875,62.5,18.25,47.125,10.625,36.5,29.625,14.375,2.2867075777679493,13.625,40.375,34.0125,31.25,53.375,58.66029970330211,18.25,22.125,79.05,0.0,7.25,0.5458966042557374,4.75,18.625,0.24968017767378597,14.375,0.0,143.25,108.25,43.5,46.0,18.75,40.375,13.0,27.375,25.25,13.75,1.981868131868132,14.5,43.875,32.6375,23.0,44.125,53.4354332010582,18.75,23.125,81.025,0.0,9.0,0.7039606227106228,5.125,21.0,0.24972451509207802,13.75,0.0,119.375
93,113,2025-03-13,1,1,2024-25,New Orleans Pelicans,Orlando Magic,115.0,38.625,62.75,13.625,42.25,13.375,28.875,27.625,12.875,2.393236880078985,12.875,34.875,37.212500000000006,31.375,57.375,54.42739826823397,13.625,19.375,67.575,0.0,7.5,0.6177156907420065,5.0,15.5,0.3278705991505914,12.875,0.0,130.75,105.0,29.25,55.0,20.75,38.375,10.25,28.125,21.75,13.125,1.692237103174603,9.75,30.25,32.05,27.5,54.0,51.066866130845,20.75,25.25,81.44999999999999,0.0,8.125,0.6452132936507937,5.25,22.375,0.25448740242933604,13.125,0.0,113.875
130,104,2025-03-13,1,1,2024-25,Golden State Warriors,Sacramento Kings,120.875,45.75,53.0,22.125,45.875,13.0,32.875,31.75,14.625,2.312653759209487,15.25,41.25,36.949999999999996,26.5,47.875,54.873453031184525,22.125,26.0,84.8,0.0,9.875,0.7147424556867281,5.0,19.5,0.27431283901178066,14.625,0.0,147.5,116.75,40.125,61.5,15.125,45.0,11.5,33.5,26.375,12.625,2.4821428571428568,13.375,33.625,39.35,30.75,55.875,55.25682476057821,15.125,18.375,83.39999999999999,0.0,7.75,0.6371527777777777,4.375,17.375,0.2634291233362441,12.625,0.0,139.0
125,129,2025-03-13,1,1,2024-25,Detroit Pistons,Washington Wizards,119.0,33.375,67.0,18.625,46.5,11.25,35.25,27.375,15.5,1.9381530506530507,11.125,32.875,33.6,33.5,56.375,60.16905556894461,18.625,24.875,73.8625,0.0,10.0,0.7220138657638658,6.25,22.625,0.2703716560280466,15.5,0.0,142.75,110.125,41.625,49.75,18.75,45.625,11.625,34.0,26.5,14.625,2.0403684491677914,13.875,41.375,33.825,24.875,48.25,52.13968925833018,18.75,23.0,82.2875,0.0,8.75,0.6451079622132254,7.25,19.125,0.3991452991452991,14.625,0.0,128.5
134,145,2025-03-14,1,1,2024-25,San Antonio Spurs,Charlotte Hornets,122.875,42.0,67.25,13.625,40.125,11.125,29.0,31.0,11.75,2.754780982905983,14.0,38.125,36.575,33.625,54.625,61.513533386039086,13.625,19.5,69.6125,0.0,7.625,0.6893830128205128,3.375,17.25,0.20758483217848542,11.75,0.0,142.25,105.5,34.875,56.0,14.625,47.5,13.0,34.5,26.0,14.625,1.8901435574229692,11.625,37.625,30.974999999999998,28.0,54.375,52.03504661949516,14.625,18.5,78.5875,0.0,6.0,0.4397233893557423,4.375,19.375,0.23436906660590873,14.625,0.0,118.5
118,126,2025-03-14,1,1,2024-25,Utah Jazz,Toronto Raptors,115.0,39.375,58.25,17.375,51.0,13.75,37.25,26.125,19.25,1.52623911716303,13.125,37.625,34.5125,29.125,54.0,53.760029746722324,17.375,24.125,72.2375,0.0,5.625,0.3023202341137124,4.75,17.25,0.2898864850170544,19.25,0.0,127.125,112.0,35.25,57.0,19.75,51.0,17.625,33.375,26.625,16.125,1.8019374416433238,11.75,34.625,33.8375,28.5,60.125,47.60223297442188,19.75,25.75,76.4875,0.0,7.625,0.5230535395976572,4.375,21.875,0.20599829064332106,16.125,0.0,125.0
98,121,2025-03-14,1,1,2024-25,Atlanta Hawks,LA Clippers,122.5,39.375,66.25,16.875,42.5,12.25,30.25,29.875,14.375,2.2282384883778072,13.125,34.25,38.337500000000006,33.125,58.625,56.171992493929054,16.875,21.0,78.4875,0.0,8.5,0.6182945107867708,5.875,18.25,0.3184253246753247,14.375,0.0,144.125,112.375,35.25,60.25,16.875,39.75,9.0,30.75,25.0,12.25,2.2465818903318904,11.75,33.5,36.150000000000006,30.125,50.875,59.22027820562187,16.875,22.125,76.5375,0.0,8.0,0.6981601731601732,4.0,17.75,0.22875474950745847,12.25,0.0,129.125
133,96,2025-03-14,1,1,2024-25,Houston Rockets,Dallas Mavericks,114.25,38.625,61.75,13.875,50.0,15.875,34.125,24.0,15.125,1.718142420445052,12.875,36.0,35.5,30.875,57.0,54.165566558059936,13.875,20.25,69.075,0.0,7.375,0.5478489073061442,4.25,17.375,0.24800683600025705,15.125,0.0,129.125,112.625,37.125,59.0,16.5,37.0,7.375,29.625,26.75,11.5,2.488816738816739,12.375,36.75,33.45,29.5,52.75,56.4066490181368,16.5,20.25,77.75,0.0,8.125,0.7815025252525253,2.875,14.5,0.2238691260430391,11.5,0.0,124.5
124,133,2025-03-14,1,1,2024-25,Memphis Grizzlies,Cleveland Cavaliers,118.125,35.625,64.25,18.25,48.125,14.375,33.75,27.75,14.625,2.0239929204567364,11.875,37.0,31.85,32.125,57.75,55.82679431421692,18.25,21.5,84.4375,0.0,8.625,0.6783484333648808,5.875,19.0,0.3068716312282489,14.625,0.0,139.875,121.0,47.25,50.75,23.0,46.875,11.375,35.5,24.0,12.625,2.0126488095238093,15.75,41.0,38.912499999999994,25.375,47.625,53.26290259581683,23.0,27.5,82.75,0.0,7.125,0.5499465811965811,3.875,16.375,0.2530233168391063,12.625,0.0,138.25
122,106,2025-03-14,1,1,2024-25,Phoenix Suns,Sacramento Kings,118.25,46.5,55.75,16.0,43.625,8.625,35.0,30.125,15.0,2.14294850370218,15.5,37.625,41.06249999999999,27.875,46.25,60.28791173368902,16.0,19.75,80.925,0.0,5.0,0.35225344508432743,4.375,17.125,0.27507891414141417,15.0,0.0,142.125,113.5,37.875,60.5,15.125,42.625,10.75,31.875,25.75,12.25,2.482142857142857,12.625,33.5,37.5,30.25,55.0,55.21430775377549,15.125,18.875,81.375,0.0,7.125,0.6121527777777778,4.375,17.0,0.26898467889179967,12.25,0.0,131.75
100,112,2025-03-14,1,1,2024-25,Philadelphia 76ers,Indiana Pacers,113.0,39.0,58.25,15.75,40.0,11.625,28.375,25.125,12.75,2.0839048104673106,13.0,37.125,35.012499999999996,29.125,54.375,53.70875695451222,15.75,20.875,75.9125,0.0,9.375,0.7810609529359529,5.25,17.75,0.284165236460717,12.75,0.0,125.5,115.875,44.625,58.0,13.25,37.75,7.625,30.125,30.875,12.75,2.576970425407925,14.875,39.125,37.8125,29.0,50.25,58.47234074756915,13.25,17.0,77.33749999999999,0.0,9.75,0.8100233100233101,4.75,17.0,0.2810737508105929,12.75,0.0,137.0
131,126,2025-03-14,1,1,2024-25,Denver Nuggets,Los Angeles Lakers,119.0,40.5,63.0,15.5,45.0,10.75,34.25,28.75,12.125,2.546794871794872,13.5,34.625,39.0,31.5,56.75,55.65375079748655,15.5,20.625,75.0875,0.0,6.875,0.6038194444444445,4.75,17.625,0.2802632416603005,12.125,0.0,140.75,111.125,45.375,47.5,18.25,44.75,11.0,33.75,23.125,15.0,1.544920275802629,15.125,41.25,36.6,23.75,43.375,55.29027062986995,18.25,24.25,75.4125,0.0,7.0,0.46629228614522733,3.875,18.5,0.22943929383347542,15.0,0.0,123.125
91,103,2025-03-14,1,1,2024-25,Miami Heat,Boston Celtics,108.625,39.375,56.0,13.25,40.375,7.875,32.5,28.5,12.375,2.388342907092907,13.125,35.625,37.14999999999999,28.0,50.375,55.710337661325504,13.25,17.0,77.525,0.0,8.0,0.6812997766122766,3.625,16.25,0.23125175907683648,12.375,0.0,128.125,113.875,54.375,45.0,14.5,43.25,12.875,30.375,25.0,12.125,2.1904833470622944,18.125,47.25,38.725,22.5,41.0,54.79668509024489,14.5,18.0,81.175,0.0,7.875,0.6837540383593015,5.125,16.25,0.33960379167616006,12.125,0.0,131.875
118,111,2025-03-14,1,1,2024-25,Minnesota Timberwolves,Orlando Magic,118.375,55.5,49.0,13.875,41.125,9.5,31.625,30.125,11.75,2.949924089068826,18.5,45.125,41.075,24.5,44.125,55.66833467923426,13.875,18.125,75.9,0.0,10.0,1.0913365143628302,4.0,17.75,0.24889344829443713,11.75,0.0,141.375,105.375,30.0,55.25,20.125,37.375,9.5,27.875,21.75,12.5,1.7810155122655122,10.0,30.375,32.675000000000004,27.625,53.0,52.316866130845,20.125,24.75,80.375,0.0,7.875,0.6544462481962482,5.5,22.0,0.2710634893858578,12.5,0.0,115.0
125,91,2025-03-15,1,1,2024-25,Memphis Grizzlies,Miami Heat,119.5,38.25,63.5,17.75,46.5,13.25,33.25,27.625,14.0,2.0761545745920746,12.75,37.625,34.0625,31.75,57.5,55.47225359082373,17.75,21.375,82.625,0.0,9.75,0.7634048243423244,5.75,20.0,0.2924598665223665,14.0,0.0,140.875,104.375,37.875,53.5,13.0,40.25,7.25,33.0,26.5,12.75,2.230009573759574,12.625,35.875,35.2875,26.75,49.0,54.66085360879267,13.0,17.5,73.3375,0.0,8.375,0.6924108877233878,3.625,16.375,0.2274638802889577,12.75,0.0,120.375
97,94,2025-03-15,1,1,2024-25,Golden State Warriors,New York Knicks,121.125,48.375,50.25,22.5,44.875,11.875,33.0,31.125,15.125,2.16942459254282,16.125,40.875,39.537499999999994,25.125,45.5,54.917661696082845,22.5,26.75,83.7625,0.0,8.875,0.6105757890200615,5.0,19.625,0.27282474377368543,15.125,0.0,146.5,111.625,35.625,59.25,16.75,42.875,10.625,32.25,26.25,14.25,1.9216193528693528,11.875,35.25,33.8125,29.625,55.0,53.94767596126881,16.75,21.375,78.13750000000002,0.0,8.25,0.5992425976800977,4.625,18.125,0.2750481442577031,14.25,0.0,126.0
126,119,2025-03-15,1,1,2024-25,Milwaukee Bucks,Indiana Pacers,120.75,39.375,61.5,19.875,48.25,8.75,39.5,26.25,14.25,1.9003176562000093,13.125,34.375,38.5125,30.75,52.875,58.24245838293369,19.875,24.75,79.475,0.0,7.25,0.5258921225832991,3.875,15.625,0.2553205566363461,14.25,0.0,143.875,116.0,42.75,59.5,13.75,38.25,8.625,29.625,31.25,11.625,2.754243152680653,14.25,38.875,36.325,29.75,51.5,58.38816566339407,13.75,17.25,79.25,0.0,9.25,0.8157051282051282,4.375,16.875,0.26187440440536414,11.625,0.0,137.625
113,115,2025-03-15,1,1,2024-25,Brooklyn Nets,Boston Celtics,106.875,39.0,50.25,17.625,40.875,12.625,28.25,25.375,13.0,2.167979242979243,13.0,40.5,31.975,25.125,47.875,54.02767110428401,17.625,22.25,79.05000000000001,0.0,8.875,0.7289606227106227,5.375,21.125,0.25837836124592417,13.0,0.0,119.5,114.625,53.625,46.25,14.75,44.375,13.125,31.25,24.625,11.625,2.2023254523254523,17.875,47.375,38.1125,23.125,41.25,56.39736935221948,14.75,17.75,84.37500000000001,0.0,7.75,0.6912101787101786,5.5,16.5,0.36068222304870906,11.625,0.0,134.625
119,115,2025-03-15,1,1,2024-25,San Antonio Spurs,New Orleans Pelicans,126.375,47.25,65.25,13.875,39.5,11.75,27.75,30.875,12.5,2.5583524114774114,15.75,39.0,40.050000000000004,32.625,53.125,61.22915734053891,13.875,19.625,70.35000000000001,0.0,8.125,0.6581330128205128,3.375,17.625,0.19970668091798124,12.5,0.0,146.25,111.125,34.875,61.5,14.75,41.0,12.75,28.25,27.375,13.75,2.0935573928994984,11.625,32.125,36.18750000000001,30.75,57.0,53.6720376444523,14.75,20.5,69.8125,0.0,7.5,0.5840618445881604,4.75,16.0,0.2966205991505914,13.75,0.0,125.5
117,114,2025-03-15,1,1,2024-25,Houston Rockets,Chicago Bulls,116.125,40.125,62.25,13.75,50.875,15.5,35.375,24.625,14.5,1.8530856022632338,13.375,35.125,37.9375,31.125,58.25,53.526841895897775,13.75,20.0,69.6625,0.0,7.5,0.573417089124326,4.375,17.25,0.2610562865497076,14.5,0.0,133.875,118.375,38.25,63.25,16.875,47.5,11.0,36.5,28.625,13.5,2.3950409111012823,12.75,40.0,32.1,31.625,53.875,58.8480162993745,16.875,20.875,78.3125,0.0,6.875,0.5792299375890707,4.5,18.25,0.24145649346325967,13.5,0.0,138.875
107,113,2025-03-15,1,1,2024-25,Detroit Pistons,Oklahoma City Thunder,120.0,32.25,65.75,22.0,45.25,10.625,34.625,26.625,15.25,1.9188078125578125,10.75,32.5,32.8375,32.875,56.25,59.170678945567985,22.0,28.125,77.2625,0.0,9.375,0.6892757705257705,6.375,23.5,0.2639178516802205,15.25,0.0,141.125,127.125,49.875,59.25,18.0,44.5,9.5,35.0,28.375,10.5,2.9903013653013653,16.625,40.875,40.412499999999994,29.625,52.375,56.586981685079365,18.0,21.375,85.22500000000001,0.0,8.875,0.8641462703962703,5.875,17.5,0.344217343114402,10.5,0.0,153.875
123,126,2025-03-15,1,1,2024-25,Denver Nuggets,Washington Wizards,121.375,42.0,61.25,18.125,43.0,10.125,32.875,29.0,12.0,2.5900641025641025,14.0,34.25,40.925,30.625,54.625,56.13953587834205,18.125,24.0,74.72500000000001,0.0,6.75,0.5998130341880342,5.125,17.375,0.3072240259740259,12.0,0.0,143.125,112.875,44.25,50.0,18.625,46.875,12.0,34.875,27.0,13.625,2.139326782501125,14.75,43.125,34.1375,25.0,49.0,51.47729609593702,18.625,23.25,80.9375,0.0,9.125,0.6867746288798922,6.875,19.5,0.38223548482169173,13.625,0.0,132.125
123,88,2025-03-16,1,1,2024-25,LA Clippers,Charlotte Hornets,114.75,36.375,61.5,16.875,39.25,8.0,31.25,25.25,11.75,2.3140422077922076,12.125,32.25,38.6625,30.75,52.0,59.135532442910005,16.875,22.0,76.9875,0.0,8.375,0.7467712842712843,4.5,17.25,0.2638424688057041,11.75,0.0,133.875,111.625,42.0,54.0,15.625,44.75,12.25,32.5,28.125,15.25,1.944310224089636,14.0,40.0,34.8,27.0,50.375,54.2380079773861,15.625,19.25,81.125,0.0,6.5,0.45847338935574233,4.375,19.5,0.2334499489588499,15.25,0.0,127.125
128,102,2025-03-16,1,1,2024-25,Minnesota Timberwolves,Utah Jazz,120.375,56.25,50.25,13.875,41.625,9.0,32.625,30.25,12.25,2.8926324224021593,18.75,44.125,42.7125,25.125,44.625,56.429096678244655,13.875,18.375,75.2125,0.0,9.875,1.0600865143628302,4.375,16.75,0.27167669952596424,12.25,0.0,144.875,115.125,40.125,55.75,19.25,47.875,12.625,35.25,24.625,18.875,1.4766067642218537,13.375,38.0,34.775,27.875,53.25,52.16044254341995,19.25,26.25,73.875,0.0,6.75,0.3718055282313595,4.5,18.75,0.26142494655551596,18.875,0.0,123.0
105,102,2025-03-16,1,1,2024-25,Portland Trail Blazers,Toronto Raptors,115.125,42.75,54.75,17.625,46.375,14.0,32.375,23.0,16.875,1.5024189336205591,14.25,41.0,35.0125,27.375,50.5,54.39163687053533,17.625,23.75,73.6875,0.0,7.125,0.44381768386412346,4.125,18.625,0.25044960826210827,16.875,0.0,122.875,116.375,37.5,57.25,21.625,52.375,17.5,34.875,27.25,15.375,1.8983660130718953,12.5,35.25,35.75,28.625,60.0,47.9235606580377,21.625,28.125,77.175,0.0,7.75,0.5504344919786096,4.875,23.25,0.21817777782280826,15.375,0.0,132.625
105,121,2025-03-16,1,1,2024-25,Milwaukee Bucks,Oklahoma City Thunder,121.375,39.75,61.5,20.125,47.875,8.75,39.125,26.625,15.0,1.8221091000502765,13.25,34.75,38.425,30.75,51.125,60.32579171626703,20.125,24.5,81.23750000000001,0.0,7.375,0.5011595022624434,3.875,16.25,0.24111601118180065,15.0,0.0,145.875,124.375,45.0,60.5,18.875,44.625,9.625,35.0,25.875,11.25,2.7229402541902537,15.0,38.875,38.3375,30.25,52.875,57.22423658704015,18.875,22.625,84.475,0.0,9.0,0.8363684926184927,6.75,17.75,0.3872728986699575,11.25,0.0,149.125
125,130,2025-03-16,1,1,2024-25,Dallas Mavericks,Philadelphia 76ers,111.75,36.0,59.5,16.25,35.25,6.875,28.375,25.625,11.375,2.3881222943722946,12.0,35.0,34.175,29.75,54.125,55.84597051176157,16.25,19.75,78.7875,0.0,7.125,0.6773358585858587,2.75,14.5,0.21250548967940272,11.375,0.0,120.25,112.375,39.0,57.75,15.625,41.0,11.875,29.125,24.125,13.125,1.9835442335442335,13.0,37.625,34.575,28.875,53.125,54.61363910939438,15.625,21.125,74.4375,0.0,8.625,0.7107484529359529,5.625,17.75,0.30390207856598017,13.125,0.0,124.25
107,96,2025-03-16,1,1,2024-25,Los Angeles Lakers,Phoenix Suns,113.0,46.875,50.25,15.875,44.125,11.375,32.75,24.5,14.5,1.7874416433239961,15.625,41.125,37.9375,25.125,46.375,54.816537046380276,15.875,20.5,76.875,0.0,7.375,0.5378734827264239,3.875,19.375,0.22555040494458653,14.5,0.0,127.0,119.0,48.0,54.0,17.0,41.375,7.75,33.625,30.625,15.375,2.1080459062995827,16.0,36.375,43.324999999999996,27.0,45.625,58.87361634073509,17.0,20.875,81.45,0.0,6.0,0.41394175677263917,4.0,17.125,0.25007891414141414,15.375,0.0,142.75
103,108,2025-03-16,1,1,2024-25,Cleveland Cavaliers,Orlando Magic,122.375,47.25,50.5,24.625,46.375,11.25,35.125,24.875,13.125,2.002232142857143,15.75,43.375,36.15,25.25,46.25,54.93801520842945,24.625,29.625,82.4375,0.0,7.625,0.5681757478632479,3.75,16.875,0.2343581584680656,13.125,0.0,138.25,109.0,32.625,55.25,21.125,36.875,8.75,28.125,21.375,12.375,1.7668109668109668,10.875,30.375,35.8,27.625,52.875,52.409409758555206,21.125,25.75,81.35,0.0,8.125,0.6838023088023089,5.125,23.0,0.2280440088663773,12.375,0.0,118.75
122,114,2025-03-16,1,1,2024-25,Brooklyn Nets,Atlanta Hawks,108.25,43.875,48.5,15.875,40.875,12.25,28.625,27.125,11.5,2.521153846153846,14.625,42.625,34.4,24.25,46.125,54.02767110428401,15.875,20.5,77.05,0.0,7.75,0.7071352258852259,5.5,20.875,0.2653659388856757,11.5,0.0,123.5,121.125,38.25,66.0,16.875,43.875,12.75,31.125,29.375,14.5,2.188614305371271,12.75,34.375,37.0625,33.0,59.375,55.13766967389195,16.875,20.75,79.65,0.0,8.75,0.6297324192835029,6.25,18.625,0.33509199134199136,14.5,0.0,143.0
129,89,2025-03-17,1,1,2024-25,Phoenix Suns,Toronto Raptors,115.375,43.5,54.0,17.875,43.375,8.875,34.5,29.375,15.0,2.073907250837398,14.5,36.5,39.512499999999996,27.0,46.75,57.3111163407351,17.875,21.875,81.9625,0.0,5.75,0.40553839542810133,4.125,18.25,0.24776409932659932,15.0,0.0,137.25,114.75,36.375,56.75,21.625,51.875,17.875,34.0,27.125,15.5,1.8791666666666669,12.125,34.5,35.4,28.375,59.625,47.79729803177507,21.625,28.125,77.175,0.0,8.75,0.6043560606060605,4.5,23.375,0.2003206349656654,15.5,0.0,131.375
81,127,2025-03-17,1,1,2024-25,New Orleans Pelicans,Detroit Pistons,112.0,35.25,61.75,15.0,43.125,12.625,30.5,28.125,14.125,2.0963351706772757,11.75,33.0,35.5625,30.875,56.75,54.13665257160068,15.0,20.0,74.8125,0.0,6.5,0.5146174001437159,4.75,16.875,0.2865244453044376,14.125,0.0,128.25,118.5,33.0,64.5,21.0,44.875,9.625,35.25,26.25,16.0,1.7684067430390962,11.0,32.0,34.0875,32.25,55.375,58.88108950275274,21.0,26.875,76.675,0.0,8.5,0.5776447544829898,6.375,23.375,0.26472953999190885,16.0,0.0,138.5
112,97,2025-03-17,1,1,2024-25,Portland Trail Blazers,Washington Wizards,113.125,43.875,51.75,17.5,48.25,15.25,33.0,21.75,16.875,1.4456007518023772,14.625,42.75,34.3,25.875,50.0,51.38411807354285,17.5,22.625,76.6875,0.0,7.0,0.4381358656823053,4.5,18.625,0.26919960826210826,16.875,0.0,120.375,113.5,46.875,49.0,17.625,47.25,12.75,34.5,28.125,13.375,2.2248530982905983,15.625,44.25,35.25,24.5,49.375,49.98261524487319,17.625,21.25,83.25,0.0,9.375,0.7084464555052791,6.375,18.375,0.3731857110660356,13.375,0.0,134.125
132,122,2025-03-17,1,1,2024-25,Sacramento Kings,Memphis Grizzlies,112.0,35.25,60.75,16.0,41.75,11.375,30.375,25.375,12.625,2.4278665413533833,11.75,33.0,35.412499999999994,30.375,54.75,55.77953384421166,16.0,19.875,81.1625,0.0,7.25,0.6113304093567251,3.625,17.625,0.20862143102855177,12.625,0.0,127.875,119.125,38.625,63.5,17.0,47.75,13.125,34.625,27.625,13.75,2.130350378787879,12.875,36.75,35.2875,31.75,58.0,54.91142529056489,17.0,20.375,83.4625,0.0,9.75,0.7756425865800866,5.5,20.0,0.2768348665223665,13.75,0.0,142.5
105,114,2025-03-17,1,1,2024-25,Golden State Warriors,Denver Nuggets,118.125,46.125,51.0,21.0,45.75,11.75,34.0,31.0,14.75,2.221372644490872,15.375,40.375,38.224999999999994,25.5,46.5,54.620042648463794,21.0,25.25,82.9625,0.0,8.75,0.6186926721369446,4.75,19.0,0.2722905557394974,14.75,0.0,143.375,120.0,40.125,62.75,17.125,42.0,10.125,31.875,30.5,11.75,2.6928418803418803,13.375,34.625,38.4875,31.375,55.625,56.441113360556706,17.125,22.25,76.475,0.0,7.625,0.6518963675213676,5.125,17.625,0.30166847041847045,11.75,0.0,142.875
130,132,2025-03-17,1,1,2024-25,Minnesota Timberwolves,Indiana Pacers,121.875,54.0,52.75,15.125,42.75,9.625,33.125,29.625,12.625,2.6426324224021593,18.0,43.0,41.975,26.375,45.25,58.17701806902319,15.125,19.875,76.725,0.0,9.5,0.9315150857914016,4.625,17.125,0.28009016106442575,12.625,0.0,147.125,115.875,41.25,60.25,14.375,38.5,8.75,29.75,30.5,11.875,2.6188264860139863,13.75,39.375,34.5375,30.125,52.0,58.595135243679,14.375,17.875,81.05,0.0,9.125,0.7844551282051282,4.5,17.375,0.2611168286477884,11.875,0.0,135.625
125,109,2025-03-17,1,1,2024-25,Los Angeles Lakers,San Antonio Spurs,113.125,48.0,48.5,16.625,44.25,11.0,33.25,24.875,13.875,1.904108309990663,16.0,41.875,38.2625,24.25,45.75,53.61972853574198,16.625,21.75,76.2,0.0,6.5,0.5087068160597572,3.875,20.125,0.2121575478017294,13.875,0.0,126.25,125.0,48.0,62.0,15.0,38.875,11.125,27.75,30.0,12.125,2.566044719169719,16.0,39.375,40.3125,31.0,51.25,60.1180462294278,15.0,21.0,70.7375,0.0,8.375,0.7062099358974359,3.125,17.25,0.18859556980687012,12.125,0.0,143.625
144,137,2025-03-17,1,1,2024-25,Houston Rockets,Philadelphia 76ers,117.875,40.5,63.75,13.625,52.25,15.875,36.375,25.375,14.25,1.926746316548948,13.5,36.25,37.275,31.875,58.625,54.58893339916575,13.625,20.375,68.175,0.0,7.125,0.5544438748386117,4.875,17.5,0.28709795321637427,14.25,0.0,137.0,112.875,37.125,59.75,16.0,40.875,11.75,29.125,23.375,12.75,1.9811091686091684,12.375,38.0,32.2375,29.875,53.625,55.95292482368009,16.0,20.625,77.26249999999999,0.0,9.25,0.7870471542346542,5.625,18.0,0.30202237931785986,12.75,0.0,125.25
116,95,2025-03-17,1,1,2024-25,New York Knicks,Miami Heat,109.625,36.375,58.0,15.25,43.625,11.375,32.25,26.0,13.875,1.9420520451770453,12.125,35.875,33.9,29.0,55.5,52.48076828607414,15.25,19.375,78.8,0.0,8.25,0.6100599053724054,4.375,18.25,0.2552564775910364,13.875,0.0,123.625,101.75,37.125,51.5,13.125,40.625,8.125,32.5,25.875,12.875,2.165449134199134,12.375,36.125,34.4,25.75,49.25,52.35993324064541,13.125,17.375,74.7375,0.0,8.5,0.6979053932178931,3.375,16.375,0.2118388802889577,12.875,0.0,115.75
97,111,2025-03-17,1,1,2024-25,Utah Jazz,Chicago Bulls,112.75,38.625,55.0,19.125,48.25,12.75,35.5,23.125,20.0,1.2707501208652103,12.875,37.25,34.175,27.5,53.25,51.4392886972661,19.125,26.0,74.3125,0.0,6.75,0.3560712624970937,4.0,19.5,0.22571066084123023,20.0,0.0,117.875,118.0,36.375,63.75,17.875,46.875,9.75,37.125,27.25,12.75,2.4104152426520846,12.125,39.5,31.05,31.875,54.25,58.94854077489897,17.875,21.5,82.4375,0.0,6.5,0.5812352851826537,5.0,19.625,0.25821373984007123,12.75,0.0,137.5
104,93,2025-03-18,1,1,2024-25,Golden State Warriors,Milwaukee Bucks,116.375,44.625,50.75,21.0,44.375,10.875,33.5,29.875,15.375,2.096372644490872,14.875,39.25,37.675,25.375,45.625,55.38069173568489,21.0,26.25,80.05000000000001,0.0,9.875,0.6603593388036113,5.5,19.25,0.3054985757896227,15.375,0.0,140.75,118.0,39.75,58.75,19.5,45.625,8.125,37.5,25.125,14.5,1.796468074409251,13.25,34.125,39.0375,29.375,51.25,57.35491586592689,19.5,24.25,80.0125,0.0,7.5,0.5406894167923579,4.125,16.75,0.24512058784083954,14.5,0.0,138.375
104,96,2025-03-18,1,1,2024-25,Boston Celtics,Brooklyn Nets,114.5,52.125,47.5,14.875,44.125,13.0,31.125,25.75,11.25,2.4281777250527252,17.375,47.25,36.9375,23.75,40.75,58.321282395697736,14.875,18.0,84.02499999999999,0.0,7.75,0.7125169968919969,5.75,15.875,0.3902874862066038,11.25,0.0,136.625,111.75,48.0,49.25,14.5,41.125,12.0,29.125,28.875,11.875,2.5941580478345183,16.0,42.125,38.550000000000004,24.625,46.0,54.80283344194635,14.5,19.0,76.6625,0.0,7.125,0.6514629569776629,5.125,20.125,0.25842149444123125,11.875,0.0,130.125
102,134,2025-03-18,1,1,2024-25,Charlotte Hornets,Atlanta Hawks,110.125,39.0,55.0,16.125,44.75,12.25,32.5,28.0,14.5,2.045246052966641,13.0,38.875,32.9125,27.5,51.625,53.97281993495601,16.125,19.625,83.89999999999999,0.0,6.0,0.4491151005856888,4.375,20.0,0.223529314038215,14.5,0.0,125.25,120.5,36.75,66.75,17.0,42.875,12.75,30.125,29.375,13.875,2.2520541549953315,12.25,34.5,35.5625,33.375,59.5,55.718221197839696,17.0,20.875,79.7625,0.0,9.25,0.6842436974789916,7.0,19.0,0.37133148714031067,13.875,0.0,142.875
132,119,2025-03-18,1,1,2024-25,LA Clippers,Cleveland Cavaliers,117.375,36.75,63.0,17.625,41.5,8.875,32.625,26.0,11.625,2.4049512987012984,12.25,30.625,41.0625,31.5,54.25,58.47302863541686,17.625,22.75,77.5625,0.0,8.5,0.7666576479076479,5.0,16.0,0.31024398395721925,11.625,0.0,140.5,119.875,44.625,51.0,24.25,46.875,11.5,35.375,24.625,13.875,1.830357142857143,14.875,43.5,33.825,25.5,46.375,55.27080741622166,24.25,29.75,80.03750000000001,0.0,8.0,0.5681757478632479,3.5,17.875,0.21325426236416947,13.875,0.0,134.0
120,108,2025-03-19,1,1,2024-25,Los Angeles Lakers,Denver Nuggets,115.25,48.375,49.75,17.125,44.375,10.625,33.75,26.5,12.875,2.221918767507003,16.125,42.625,37.85,24.875,46.625,53.91734758336102,17.125,22.25,76.825,0.0,7.125,0.6304388422035481,3.625,19.375,0.2152825478017294,12.875,0.0,130.625,121.375,40.875,62.75,17.75,43.875,11.5,32.375,31.125,13.0,2.593410062160062,13.625,35.125,38.6875,31.375,55.875,56.172892864811246,17.75,22.875,77.55,0.0,7.75,0.6054948523698523,5.75,18.375,0.32423791486291487,13.0,0.0,145.75
113,116,2025-03-19,1,1,2024-25,Miami Heat,Detroit Pistons,100.375,34.5,53.25,12.625,39.5,8.625,30.875,24.875,14.0,1.9794372294372296,11.5,34.375,33.275,26.625,51.0,52.129236442152,12.625,16.625,75.7875,0.0,8.375,0.6473101551226551,3.625,15.375,0.25370490899709164,14.0,0.0,111.5,120.0,33.375,66.0,20.625,45.25,10.25,35.0,26.5,14.375,1.9195310816634346,11.125,32.875,33.362500000000004,33.0,56.0,59.62900230423696,20.625,26.875,75.3875,0.0,9.125,0.643782320620556,5.375,22.125,0.2461269991570631,14.375,0.0,140.875
128,112,2025-03-19,1,1,2024-25,Utah Jazz,Washington Wizards,111.625,38.25,55.25,18.125,49.125,12.125,37.0,23.25,18.625,1.3329875158231936,12.75,38.375,33.0625,27.625,52.625,52.44810131322158,18.125,24.75,74.375,0.0,6.375,0.35423302720297606,4.375,19.0,0.2465916677062188,18.625,0.0,118.875,111.5,45.0,49.75,16.75,47.375,12.625,34.75,27.375,13.5,2.1607905982905984,15.0,43.0,34.75,24.875,51.125,48.66682577118898,16.75,20.625,80.8625,0.0,8.5,0.6469881221719457,6.375,19.125,0.3403732110660356,13.5,0.0,129.5
115,99,2025-03-19,1,1,2024-25,Portland Trail Blazers,Memphis Grizzlies,111.0,44.25,51.5,15.25,48.75,15.375,33.375,21.75,15.5,1.6365729740245993,14.75,43.5,34.0,25.75,49.625,51.50204260184474,15.25,20.625,74.16250000000001,0.0,7.875,0.5964691990156387,4.75,16.625,0.30189191595441595,15.5,0.0,120.625,118.125,38.625,62.75,16.75,48.375,12.875,35.5,26.125,13.5,2.0720170454545452,12.875,36.375,35.775000000000006,31.375,58.0,54.286425290564885,16.75,19.875,84.4625,0.0,9.875,0.7874481421356422,6.0,20.75,0.2931700937950938,13.5,0.0,141.75
108,116,2025-03-19,1,1,2024-25,Orlando Magic,Houston Rockets,108.125,33.375,52.0,22.75,37.0,8.5,28.5,21.125,12.375,1.7529220779220778,11.125,30.75,36.125,26.0,51.5,50.692196643801104,22.75,27.75,81.55,0.0,8.375,0.6976911976911977,5.0,22.375,0.22679400886637727,12.375,0.0,117.125,119.875,42.75,62.75,14.375,53.375,16.875,36.5,27.25,14.125,2.0621629832156145,14.25,38.5,36.75,31.375,57.125,55.05189636212871,14.375,21.25,68.2875,0.0,7.125,0.5586105415052784,4.625,18.25,0.2685794346978558,14.125,0.0,141.25
135,131,2025-03-19,1,1,2024-25,Indiana Pacers,Dallas Mavericks,116.5,40.5,60.75,15.25,40.0,9.875,30.125,29.75,12.875,2.4396598193473196,13.5,38.5,34.875,30.375,54.125,56.62323601887281,15.25,18.5,83.03750000000001,0.0,9.125,0.7552884615384616,4.75,18.5,0.25986682864778843,12.875,0.0,135.25,112.75,35.625,60.5,16.625,36.75,7.125,29.625,25.75,11.875,2.3206980519480522,11.875,34.25,34.4125,30.25,54.375,56.49339929459546,16.625,20.375,78.375,0.0,6.75,0.6311237373737374,3.0,14.0,0.22680754917597024,11.875,0.0,122.875
115,119,2025-03-19,1,1,2024-25,Minnesota Timberwolves,New Orleans Pelicans,123.625,51.0,56.0,16.625,43.875,10.125,33.75,29.25,13.5,2.4134657557354924,17.0,41.75,40.800000000000004,28.0,47.125,59.59747261447774,16.625,21.75,76.675,0.0,8.625,0.7419317524580682,5.25,17.75,0.30515700598421186,13.5,0.0,148.125,106.125,31.5,58.0,16.625,42.0,12.625,29.375,26.0,14.875,1.8309608391264738,10.5,31.5,33.25,29.0,56.25,51.27107147326095,16.625,22.125,76.42500000000001,0.0,6.375,0.47517889746991915,4.875,16.875,0.29485777863777096,14.875,0.0,116.75
123,119,2025-03-19,1,1,2024-25,Sacramento Kings,Cleveland Cavaliers,114.375,39.375,58.5,16.5,40.75,11.0,29.75,27.125,12.625,2.5528665413533833,13.125,34.625,37.5,29.25,53.25,55.27917322394481,16.5,21.0,79.97500000000001,0.0,7.0,0.5934732664995823,3.875,18.125,0.2135233918128655,12.625,0.0,130.5,118.125,42.75,52.75,22.625,44.625,11.125,33.5,24.875,13.125,2.008134920634921,14.25,42.875,32.925,26.375,46.125,57.28661373875067,22.625,28.625,77.5,0.0,7.25,0.5515090811965812,2.875,17.125,0.19010611421602133,13.125,0.0,130.25
133,100,2025-03-19,1,1,2024-25,Oklahoma City Thunder,Philadelphia 76ers,121.25,41.625,60.5,19.125,45.25,9.125,36.125,25.375,11.625,2.4907973970473964,13.875,37.0,37.25,30.25,53.25,56.829499744934886,19.125,23.25,83.35,0.0,8.5,0.7488684926184926,6.375,18.25,0.3591478986699575,11.625,0.0,144.875,117.25,42.0,58.25,17.0,39.875,11.0,28.875,22.625,13.75,1.7232966686091684,14.0,39.75,34.4375,29.125,51.875,56.224663954114874,17.0,22.125,77.1125,0.0,9.5,0.7557971542346542,5.75,18.625,0.30202237931785986,13.75,0.0,127.625
120,105,2025-03-19,1,1,2024-25,San Antonio Spurs,New York Knicks,122.125,46.875,60.25,15.0,40.0,11.5,28.5,29.25,12.625,2.4404791083099906,15.625,38.75,40.0125,30.125,51.5,58.0242962294278,15.0,20.75,72.075,0.0,8.875,0.7310968137254902,3.375,17.375,0.20125896849968056,12.625,0.0,140.75,109.875,37.5,58.0,14.375,44.375,12.0,32.375,26.125,14.5,1.8071314102564102,12.5,35.375,35.5125,29.0,56.0,52.034981688432495,14.375,18.125,81.1375,0.0,8.5,0.5783138736263737,4.25,18.0,0.25414040616246497,14.5,0.0,125.0
127,121,2025-03-19,1,1,2024-25,Phoenix Suns,Chicago Bulls,119.25,46.125,55.25,17.875,43.0,9.125,33.875,30.625,13.5,2.3625436144737613,15.375,36.125,42.05,27.625,48.625,56.442198763773824,17.875,21.375,84.6,0.0,6.375,0.4816747590644649,3.75,18.875,0.21688612313612313,13.5,0.0,144.25,116.25,36.75,62.75,16.75,47.375,9.625,37.75,26.875,12.25,2.4732940305308726,12.25,39.0,31.624999999999996,31.375,54.25,57.98700231336051,16.75,20.375,81.60000000000001,0.0,6.625,0.6259322548796233,4.875,19.375,0.25374945412578553,12.25,0.0,136.5
89,118,2025-03-20,1,1,2024-25,Los Angeles Lakers,Milwaukee Bucks,113.25,47.25,49.0,17.0,42.75,9.5,33.25,25.625,12.75,2.178466386554622,15.75,40.875,38.55,24.5,47.5,51.60009612137272,17.0,22.375,76.02499999999999,0.0,7.875,0.6881769374416433,3.375,20.0,0.18525803799780782,12.75,0.0,126.625,113.75,40.125,54.0,19.625,43.5,7.5,36.0,24.125,13.875,1.808968074409251,13.375,34.25,39.275,27.0,49.0,55.09675133512904,19.625,24.75,79.02499999999999,0.0,7.625,0.5865227501256912,4.5,17.0,0.26883853655878825,13.875,0.0,131.625
105,99,2025-03-20,1,1,2024-25,Indiana Pacers,Brooklyn Nets,119.0,40.125,61.25,17.625,40.375,10.0,30.375,29.125,12.625,2.442282196969697,13.375,37.625,35.525,30.625,54.5,56.665547430865075,17.625,21.875,80.3375,0.0,8.5,0.7142045454545455,4.625,19.375,0.24443160597572364,12.625,0.0,136.625,109.625,46.5,49.5,13.625,41.0,11.625,29.375,27.875,11.375,2.6069785606550315,15.5,41.5,37.912499999999994,24.75,46.875,53.84999106468536,13.625,18.5,74.0375,0.0,7.25,0.699539880054586,5.125,20.5,0.2559543891780734,11.375,0.0,126.5
115,98,2025-03-20,1,1,2024-25,Charlotte Hornets,New York Knicks,110.25,38.625,56.25,15.375,43.75,12.5,31.25,28.625,14.5,2.0820107588489942,12.875,37.625,33.6375,28.125,52.625,54.20430141643749,15.375,18.125,85.0875,0.0,6.5,0.4785268652915712,4.625,19.625,0.24655562982768867,14.5,0.0,127.25,108.5,36.375,57.0,15.125,44.125,12.75,31.375,26.25,14.25,1.865697843822844,12.125,34.5,35.25,28.5,56.5,50.555480797166894,15.125,18.875,82.325,0.0,8.75,0.609782405094905,4.375,18.25,0.2558765172735761,14.25,0.0,123.625
116,128,2025-03-20,1,1,2024-25,Sacramento Kings,Chicago Bulls,114.5,39.375,58.25,16.875,41.25,11.625,29.625,26.375,13.375,2.2149544534412957,13.125,34.75,37.325,29.125,53.25,55.05595893823052,16.875,21.5,79.2,0.0,7.625,0.6085831566094724,3.5,18.625,0.18852339181286548,13.375,0.0,129.5,117.375,38.625,62.75,16.0,47.125,9.125,38.0,27.5,12.125,2.5378544700913124,12.875,39.625,32.775,31.375,53.875,58.432806509164706,16.0,19.625,80.21249999999999,0.0,6.75,0.639668518615887,5.375,19.625,0.27696926836727165,12.125,0.0,139.125
117,114,2025-03-20,1,1,2024-25,Golden State Warriors,Toronto Raptors,114.5,44.25,49.0,21.25,44.125,10.5,33.625,28.875,16.625,1.802512995368065,14.75,38.5,37.99999999999999,24.5,44.125,54.951398806391964,21.25,26.5,80.17500000000001,0.0,9.5,0.5675230814936697,5.75,19.375,0.3150094453548401,16.625,0.0,137.5,112.875,37.5,54.5,20.875,51.875,17.875,34.0,26.875,15.125,1.9041666666666668,12.5,36.125,35.0,27.25,58.875,46.37985771347268,20.875,27.25,76.825,0.0,8.25,0.5793560606060606,4.25,21.125,0.2018357864808169,15.125,0.0,127.375
98,102,2025-03-21,1,1,2024-25,Miami Heat,Houston Rockets,101.125,33.375,56.0,11.75,38.875,8.875,30.0,24.25,13.875,1.9512778887778888,11.125,33.875,32.675,28.0,52.375,53.33980137245281,11.75,15.75,75.2,0.0,8.375,0.6521178474303474,4.0,14.875,0.28221368092691623,13.875,0.0,111.625,121.625,43.5,61.75,16.375,51.875,15.375,36.5,26.75,14.375,2.0063594117870434,14.5,39.125,36.925,30.875,54.375,56.69032347210313,16.375,22.0,73.3625,0.0,7.625,0.5831641129338498,5.25,18.75,0.303301656920078,14.375,0.0,145.0
141,106,2025-03-21,1,1,2024-25,Oklahoma City Thunder,Charlotte Hornets,120.75,44.25,58.5,18.0,46.0,8.75,37.25,26.0,11.75,2.514149045399045,14.75,38.875,37.2875,29.25,50.5,57.93695588528576,18.0,22.375,81.6125,0.0,8.375,0.7323849761349762,6.25,17.5,0.3695645653366242,11.75,0.0,145.875,110.875,39.75,55.75,15.375,43.125,11.375,31.75,28.5,14.125,2.1257607588489944,13.25,36.375,35.925,27.875,53.0,53.37882971832428,15.375,18.0,85.66250000000001,0.0,6.25,0.4639435319582378,4.75,19.875,0.2514167409387998,14.125,0.0,128.5
123,117,2025-03-21,1,1,2024-25,Dallas Mavericks,Detroit Pistons,116.875,37.125,62.75,17.0,37.25,7.125,30.125,25.125,11.75,2.2918518981018985,12.375,34.375,36.1375,31.375,55.625,57.212621409670994,17.0,21.375,76.8125,0.0,6.875,0.644173187923188,2.875,15.625,0.21719216456058563,11.75,0.0,126.625,117.75,32.625,65.25,19.875,46.25,10.875,35.375,25.625,14.375,1.8522233893557423,10.875,30.625,34.9,32.625,58.125,56.62655132384481,19.875,25.625,76.425,0.0,7.625,0.5283977052359405,5.625,21.75,0.26514873828749785,14.375,0.0,137.5
128,108,2025-03-21,1,1,2024-25,LA Clippers,Memphis Grizzlies,119.25,39.75,61.75,17.75,43.0,9.75,33.25,25.875,12.375,2.156324925074925,13.25,31.25,43.4375,30.875,53.75,57.87137287877459,17.75,22.875,77.625,0.0,8.375,0.6911081973581974,5.25,16.5,0.3172369909502263,12.375,0.0,143.375,117.625,38.25,63.0,16.375,47.25,12.75,34.5,26.375,12.75,2.1954545454545453,12.75,35.875,35.800000000000004,31.5,58.625,53.9928486069203,16.375,19.75,83.225,0.0,10.125,0.8546356421356422,6.375,21.0,0.3112256493506494,12.75,0.0,141.375
128,109,2025-03-21,1,1,2024-25,Portland Trail Blazers,Denver Nuggets,110.5,46.875,47.75,15.875,49.25,15.375,33.875,21.625,16.25,1.5249419579818186,15.625,44.875,34.9625,23.875,47.875,49.77548010184474,15.875,20.875,76.3875,0.0,7.5,0.5503462043632321,4.75,17.125,0.2883172553209318,16.25,0.0,119.125,120.375,41.25,62.75,16.375,43.75,11.625,32.125,30.75,13.75,2.4886529771398194,13.75,35.625,38.5625,31.375,55.375,56.73379030070868,16.375,21.75,75.28750000000001,0.0,8.125,0.6100495082402977,5.25,18.75,0.28222110814022583,13.75,0.0,143.25
134,93,2025-03-21,1,1,2024-25,Minnesota Timberwolves,New Orleans Pelicans,122.25,50.25,53.75,18.25,44.25,10.375,33.875,28.25,12.875,2.4101762820512818,16.75,41.625,40.300000000000004,26.875,46.75,57.310887248624084,18.25,24.125,74.9875,0.0,8.625,0.7583791208791208,5.375,17.5,0.3148687854328334,12.875,0.0,145.25,106.625,33.0,57.25,16.375,43.375,12.75,30.625,25.875,15.625,1.6615163946820295,11.0,30.875,35.5375,28.625,56.375,50.515421755746836,16.375,22.25,74.9,0.0,5.625,0.36406778635880804,5.25,17.875,0.30279895510835914,15.625,0.0,117.625
123,112,2025-03-21,1,1,2024-25,Phoenix Suns,Cleveland Cavaliers,120.25,46.5,56.5,17.25,44.125,9.875,34.25,31.0,13.5,2.396634523564671,15.5,36.875,41.5875,28.25,49.875,56.24809938489184,17.25,20.5,85.2,0.0,6.875,0.5271293045190104,4.125,18.0,0.2558284308284308,13.5,0.0,146.625,115.625,41.25,53.75,20.625,42.625,10.75,31.875,24.5,13.5,1.8831349206349206,13.75,41.125,33.275000000000006,26.875,46.125,58.28661373875066,20.625,26.75,75.86250000000001,0.0,7.625,0.5688701923076923,2.5,17.125,0.16332039993030703,13.5,0.0,126.625
99,121,2025-03-21,1,1,2024-25,Utah Jazz,Boston Celtics,112.375,39.375,55.25,17.75,47.125,11.125,36.0,24.375,18.875,1.3785757511173111,13.125,38.625,33.75,27.625,50.875,54.46240197593522,17.75,24.5,73.2625,0.0,6.625,0.36403694877160353,4.125,18.625,0.23466732560095566,18.875,0.0,120.25,113.75,52.875,46.5,14.375,44.5,12.5,32.0,25.5,11.125,2.426804098679099,17.625,49.0,35.95,23.25,39.125,59.44848180918748,14.375,17.375,84.06250000000001,0.0,7.625,0.7077093045843046,5.875,15.375,0.40715256557168317,11.125,0.0,135.875
128,120,2025-03-21,1,1,2024-25,San Antonio Spurs,Philadelphia 76ers,121.25,46.125,59.0,16.125,40.75,11.75,29.0,28.125,12.625,2.365479108309991,15.375,38.25,39.949999999999996,29.5,51.375,57.025919606051175,16.125,22.0,74.575,0.0,8.625,0.7144301470588235,3.75,18.25,0.20769836243907452,12.625,0.0,139.25,115.75,45.375,54.25,16.125,40.5,11.0,29.5,22.875,13.625,1.761758207070707,15.125,42.875,34.875,27.125,49.875,54.17788032838388,16.125,20.75,77.6875,0.0,9.25,0.7429766414141414,5.875,18.5,0.3113973793178599,13.625,0.0,125.5
105,120,2025-03-21,1,1,2024-25,Washington Wizards,Orlando Magic,114.25,45.75,52.25,16.25,46.625,13.375,33.25,28.375,13.625,2.2171092796092795,15.25,44.25,34.5125,26.125,51.0,51.38259958071279,16.25,20.125,80.36250000000001,0.0,9.0,0.6772079023917259,6.875,18.625,0.378834749527574,13.625,0.0,133.75,108.875,34.125,54.25,20.5,37.75,9.375,28.375,21.875,12.125,1.840719696969697,11.375,32.5,35.175,27.125,52.875,51.45974050345023,20.5,25.0,81.76249999999999,0.0,8.875,0.7438221500721501,4.875,21.625,0.22775554732791575,12.125,0.0,118.75
108,114,2025-03-22,1,1,2024-25,Sacramento Kings,Milwaukee Bucks,115.25,40.875,56.5,17.875,40.125,11.0,29.125,27.0,13.375,2.2670377867746287,13.625,36.25,37.05,28.25,50.5,55.992591685686584,17.875,22.625,79.7,0.0,7.125,0.5669164899428057,3.375,18.875,0.17943248272195642,13.375,0.0,129.875,111.375,38.25,52.25,20.875,41.75,7.75,34.0,23.5,12.875,1.9290661136249372,12.75,34.25,37.487500000000004,26.125,48.375,54.16137718546918,20.875,26.625,77.76249999999999,0.0,8.375,0.7090717697335345,4.5,17.625,0.24899726671751843,12.875,0.0,127.125
108,103,2025-03-22,1,1,2024-25,Indiana Pacers,Brooklyn Nets,117.375,37.875,60.5,19.0,42.25,10.0,32.25,28.0,14.375,2.2254640151515153,12.625,36.625,34.2625,30.25,54.25,56.20400896932661,19.0,23.625,79.4625,0.0,9.125,0.7073863636363636,5.0,19.75,0.257328431372549,14.375,0.0,134.75,107.125,46.125,47.75,13.25,42.875,12.375,30.5,26.625,11.875,2.4507285606550315,15.375,43.625,35.724999999999994,23.875,46.5,52.5291849644675,13.25,18.5,71.95,0.0,7.75,0.7125607133879193,5.0,20.5,0.25074605584474,11.875,0.0,121.375
115,146,2025-03-22,1,1,2024-25,Los Angeles Lakers,Chicago Bulls,110.25,46.125,48.75,15.375,42.875,9.75,33.125,25.75,13.375,2.14237012987013,15.375,39.625,38.6875,24.375,47.875,50.967117397968465,15.375,20.875,73.57499999999999,0.0,7.625,0.6651154401154401,3.375,19.625,0.187400895140665,13.375,0.0,123.25,118.75,40.125,61.25,17.375,45.875,9.375,36.5,27.5,13.0,2.2521401843770263,13.375,38.5,35.0125,30.625,52.5,58.52768316950627,17.375,20.75,82.45,0.0,7.125,0.6128828043301727,4.875,19.375,0.254412877389828,13.0,0.0,140.75
124,115,2025-03-22,1,1,2024-25,Atlanta Hawks,Golden State Warriors,120.75,40.125,63.25,17.375,44.625,12.375,32.25,28.375,13.75,2.19428900348018,13.375,36.625,35.875,31.625,57.0,55.28929962921225,17.375,20.625,83.14999999999999,0.0,9.25,0.6956073338426279,7.125,18.125,0.39369668321874207,13.75,0.0,144.5,114.875,46.5,46.25,22.125,43.375,10.75,32.625,28.875,16.875,1.7640514569065266,15.5,39.75,38.6625,23.125,43.125,53.12171344387487,22.125,27.625,80.13749999999999,0.0,10.25,0.6085487225193108,5.5,19.5,0.29417611202150673,16.875,0.0,136.25
122,103,2025-03-22,1,1,2024-25,New York Knicks,Washington Wizards,108.0,37.125,55.25,15.625,43.625,12.125,31.5,26.25,13.375,2.097840700965701,12.375,35.25,35.425000000000004,27.625,55.5,49.93650439304593,15.625,19.5,82.325,0.0,9.375,0.7347824050949051,4.375,18.375,0.2550595238095238,13.375,0.0,123.625,111.75,45.75,51.0,15.0,46.125,13.125,33.0,27.25,14.375,1.964331501831502,15.25,43.25,35.4375,25.5,51.0,50.08051624737946,15.0,18.875,79.225,0.0,9.25,0.6438745690583926,5.875,17.625,0.34550141619424074,14.375,0.0,128.5
111,116,2025-03-23,1,1,2024-25,Houston Rockets,Denver Nuggets,120.75,45.375,58.75,16.625,52.5,16.125,36.375,24.375,14.125,1.892195325099737,15.125,39.0,39.3,29.375,54.875,53.37644984572951,16.625,22.375,73.7625,0.0,8.5,0.6423746392496392,5.0,17.5,0.3077659426343637,14.125,0.0,141.875,115.375,36.75,61.0,17.625,42.875,12.0,30.875,28.125,15.25,2.006510119996962,12.25,33.875,36.325,30.5,54.5,56.089053458603416,17.625,23.0,76.275,0.0,8.375,0.5584622066529961,5.125,19.125,0.27517565359477125,15.25,0.0,133.625
136,130,2025-03-23,1,1,2024-25,Detroit Pistons,New Orleans Pelicans,118.0,32.625,65.5,19.875,47.125,12.125,35.0,25.25,14.5,1.806893719026072,10.875,30.125,35.4125,32.75,60.125,54.82306873678014,19.875,25.625,76.425,0.0,8.75,0.6053207821590174,6.0,22.0,0.2810578291965887,14.5,0.0,138.25,106.125,33.75,57.5,14.875,42.375,11.75,30.625,26.25,17.0,1.616003574169209,11.25,31.375,35.8125,28.75,54.0,53.374977740302825,14.875,20.875,73.0,0.0,5.875,0.3419524017434234,4.875,18.0,0.2817463235294118,17.0,0.0,117.125
91,120,2025-03-23,1,1,2024-25,Utah Jazz,Cleveland Cavaliers,111.125,41.625,53.5,16.0,44.875,9.875,35.0,24.75,17.875,1.4500463393526053,13.875,39.125,35.525,26.75,50.375,53.27353020081007,16.0,21.125,75.26249999999999,0.0,6.875,0.3905075370068976,3.125,18.5,0.17992876350945236,17.875,0.0,118.875,115.625,42.375,53.25,20.0,42.25,11.5,30.75,24.25,13.25,1.9058621933621933,14.125,41.75,33.625,26.625,46.375,57.48331369532904,20.0,25.75,76.6,0.0,8.125,0.6265625,2.625,16.25,0.18908794378995616,13.25,0.0,126.5
101,103,2025-03-23,1,1,2024-25,LA Clippers,Oklahoma City Thunder,119.875,41.25,61.0,17.625,44.25,9.25,35.0,27.25,13.0,2.1729915917415914,13.75,32.5,42.9125,30.5,52.25,58.90627547617718,17.625,22.875,77.14999999999999,0.0,8.25,0.6494415306915308,5.625,16.25,0.35071913380736913,13.0,0.0,146.5,123.375,46.5,59.5,17.375,46.5,9.625,36.875,26.25,11.5,2.610108641358641,15.5,39.25,38.8,29.75,51.0,58.329112748030866,17.375,22.125,79.25,0.0,8.375,0.7576375013875014,6.625,16.375,0.41414498491704377,11.5,0.0,149.875
89,123,2025-03-23,1,1,2024-25,Toronto Raptors,San Antonio Spurs,112.875,37.125,56.25,19.5,51.375,17.125,34.25,27.375,15.5,1.9030797101449275,12.375,35.625,35.287499999999994,28.125,59.125,47.81255002116499,19.5,25.25,77.4,0.0,8.25,0.5736495388669302,3.75,21.0,0.18266911981415027,15.5,0.0,128.125,123.625,47.25,60.0,16.375,40.5,11.75,28.75,29.25,13.5,2.2436041083099907,15.75,37.875,41.275,30.0,52.0,57.35925293938451,16.375,21.375,77.925,0.0,9.125,0.6967218137254901,3.875,17.875,0.22292945487604932,13.5,0.0,143.75
132,119,2025-03-23,1,1,2024-25,Atlanta Hawks,Philadelphia 76ers,121.125,39.75,64.25,17.125,44.5,12.25,32.25,28.875,14.25,2.13960150348018,13.25,36.0,36.2125,32.125,55.75,57.53929962921225,17.125,20.75,81.225,0.0,8.625,0.6305031671759613,6.75,18.375,0.37428674533054324,14.25,0.0,145.625,117.625,45.0,56.0,16.625,38.875,9.375,29.5,23.0,14.125,1.722695707070707,15.0,42.625,34.7875,28.0,48.375,57.688432276435826,16.625,21.75,76.025,0.0,9.75,0.7586016414141414,5.75,18.5,0.3030640459845265,14.125,0.0,127.75
116,129,2025-03-23,1,1,2024-25,Portland Trail Blazers,Boston Celtics,111.75,46.125,48.75,16.875,49.125,16.25,32.875,23.0,17.375,1.4486551932759362,15.375,44.25,34.9625,24.375,48.125,50.45817240953705,16.875,21.875,77.5625,0.0,8.5,0.5760814984808793,5.125,17.375,0.30654642198759846,17.375,0.0,122.5,112.875,50.625,48.0,14.25,44.0,12.25,31.75,25.875,11.25,2.4336222804972807,16.875,48.625,34.7875,24.0,39.5,60.661828624152086,14.25,17.25,83.97500000000001,0.0,8.625,0.7929365773115773,5.625,15.5,0.38691447033358795,11.25,0.0,135.5
122,105,2025-03-23,1,1,2024-25,Miami Heat,Charlotte Hornets,100.375,31.875,56.25,12.25,38.0,8.625,29.375,23.75,15.375,1.6973096348096348,10.625,32.625,32.737500000000004,28.125,51.625,54.34629487894631,12.25,16.125,76.82499999999999,0.0,8.5,0.6025146728271729,4.375,14.875,0.30565118092691623,15.375,0.0,110.25,109.5,42.0,52.5,15.0,41.375,10.875,30.5,28.5,14.625,2.050239925515661,14.0,36.875,37.325,26.25,51.0,52.10260594210051,15.0,17.0,88.6375,0.0,6.125,0.43790186529157116,4.875,17.375,0.27851464303670187,14.625,0.0,126.125
104,112,2025-03-24,1,1,2024-25,Washington Wizards,Toronto Raptors,109.875,45.0,50.25,14.625,45.0,11.625,33.375,26.25,14.875,1.8690190018315018,15.0,43.0,34.987500000000004,25.125,49.75,50.56128547814868,14.625,18.375,79.2,0.0,8.875,0.6063745690583926,5.625,18.25,0.32406421812660785,14.875,0.0,124.375,109.25,35.625,56.0,17.625,51.125,16.375,34.75,27.375,17.0,1.7189888010540184,11.875,34.75,34.6875,28.0,58.5,48.105328160397264,17.625,23.375,75.33749999999999,0.0,7.625,0.4566040843214756,3.5,20.0,0.17897453853336207,17.0,0.0,122.75
119,129,2025-03-24,1,1,2024-25,Denver Nuggets,Chicago Bulls,117.0,36.0,62.5,18.5,42.25,11.5,30.75,28.875,15.375,2.051649008885851,12.0,31.5,38.525,31.25,55.625,56.38809652080437,18.5,23.75,78.05,0.0,8.625,0.5810316510974406,4.875,19.75,0.25524811736288716,15.375,0.0,137.125,121.375,41.625,63.5,16.25,45.125,9.0,36.125,29.5,11.875,2.6001665001665,13.875,38.625,36.1125,31.75,53.625,59.32807842642326,16.25,19.5,81.825,0.0,8.625,0.7924880674880674,4.625,17.5,0.2652495709382151,11.875,0.0,147.5
95,113,2025-03-24,1,1,2024-25,Sacramento Kings,Boston Celtics,112.875,37.875,56.5,18.5,39.25,10.75,28.5,25.75,13.375,2.1107877867746287,12.625,36.25,34.425,28.25,49.875,56.643209772869405,18.5,23.0,81.46249999999999,0.0,6.875,0.5356664899428057,3.125,19.0,0.16288836507489757,13.375,0.0,124.75,113.625,52.125,47.5,14.0,43.0,11.625,31.375,25.75,11.0,2.5005414724164723,17.375,48.875,35.5875,23.75,38.875,61.03667562537608,14.0,17.375,81.3625,0.0,8.375,0.7853608197358197,5.625,15.25,0.39361089890501655,11.0,0.0,135.375
101,120,2025-03-24,1,1,2024-25,Brooklyn Nets,Dallas Mavericks,107.25,46.5,47.75,13.0,44.25,12.75,31.5,26.625,12.125,2.4250875350140055,15.5,42.75,36.5875,23.875,48.375,49.537163687871754,13.0,18.75,69.3,0.0,7.75,0.7048684056956115,3.875,20.625,0.19120658216052955,12.125,0.0,120.125,118.875,36.75,62.25,19.875,39.0,7.75,31.25,24.5,13.0,2.0731018981018985,12.25,33.75,36.387499999999996,31.125,54.0,58.58513430576532,19.875,24.625,81.1875,0.0,6.5,0.5441731879231879,3.375,16.0,0.24303351071443177,13.0,0.0,130.125
119,103,2025-03-24,1,1,2024-25,Indiana Pacers,Minnesota Timberwolves,116.125,38.25,60.0,17.875,42.625,8.875,33.75,28.375,14.25,2.265568181818182,12.75,36.875,34.4,30.0,52.75,57.24950913660663,17.875,22.5,78.75,0.0,8.25,0.6553030303030304,5.0,20.125,0.2528641456582633,14.25,0.0,134.625,123.375,49.5,55.25,18.625,43.375,10.375,33.0,29.875,13.875,2.204819139194139,16.5,41.0,40.3375,27.625,47.25,58.35424768222841,18.625,23.875,77.775,0.0,9.25,0.6958791208791208,5.125,17.5,0.30016290307989224,13.875,0.0,147.75
108,106,2025-03-24,1,1,2024-25,Phoenix Suns,Milwaukee Bucks,118.0,47.625,55.0,15.375,45.0,10.5,34.5,30.625,13.75,2.3254806774108245,15.875,37.375,41.975,27.5,49.5,55.24338240375977,15.375,17.875,87.7875,0.0,6.875,0.5194369968267027,4.25,17.75,0.2653770419395419,13.75,0.0,145.0,112.0,39.0,52.5,20.5,42.25,8.625,33.625,24.125,12.5,2.0406045751633988,13.0,35.25,36.75,26.25,48.5,54.2611594786477,20.5,26.25,77.1875,0.0,8.125,0.7071486928104574,4.375,17.5,0.24327831246915244,12.5,0.0,128.125
112,99,2025-03-24,1,1,2024-25,New Orleans Pelicans,Philadelphia 76ers,107.75,36.75,55.75,15.25,41.5,10.75,30.75,27.0,17.5,1.6001305582961929,12.25,32.125,37.650000000000006,27.875,51.5,54.50745637278145,15.25,20.875,75.3375,0.0,5.375,0.3002857350767567,5.125,19.625,0.2805208333333334,17.5,0.0,120.125,116.75,43.125,56.5,17.125,37.25,9.25,28.0,22.625,13.5,1.7659649378399378,14.375,41.0,34.5875,28.25,49.375,57.16032629720203,17.125,23.25,73.48750000000001,0.0,9.375,0.7591358294483295,5.125,17.875,0.28192878028404345,13.5,0.0,123.75
118,106,2025-03-24,1,1,2024-25,Orlando Magic,Los Angeles Lakers,109.75,34.875,55.25,19.625,40.25,10.125,30.125,21.5,12.0,1.8311043123543125,11.625,33.25,35.025,27.625,53.75,51.523767296200425,19.625,23.75,82.55,0.0,8.5,0.7232177544677545,5.25,20.375,0.2634309285915323,12.0,0.0,121.375,112.0,47.25,48.5,16.25,41.625,9.75,31.875,26.375,14.25,2.118560606060606,15.75,39.75,39.5,24.25,47.5,51.136363045937514,16.25,21.875,74.625,0.0,7.875,0.6591630591630592,3.375,19.5,0.1878604539641944,14.25,0.0,124.125
103,140,2025-03-25,1,1,2024-25,Utah Jazz,Memphis Grizzlies,107.25,40.875,52.25,14.125,45.875,10.25,35.625,24.75,18.25,1.425244752051018,13.625,39.625,34.637499999999996,26.125,49.375,52.81662894603648,14.125,19.5,72.4125,0.0,5.875,0.33098372748308813,3.25,18.875,0.18216090636659524,18.25,0.0,114.125,115.875,42.375,57.75,15.75,44.875,11.875,33.0,26.375,12.625,2.227272727272727,14.125,39.375,35.8875,28.875,53.75,53.52289975781543,15.75,19.375,80.9375,0.0,10.0,0.8523629148629149,5.25,21.0,0.25497564935064937,12.625,0.0,136.0
112,86,2025-03-25,1,1,2024-25,Miami Heat,Golden State Warriors,102.0,31.5,58.0,12.5,36.5,8.625,27.875,24.0,15.75,1.6313374125874127,10.5,30.875,34.1375,29.0,51.5,56.119530378596906,12.5,16.25,77.61250000000001,0.0,8.875,0.6094591172716173,4.25,14.375,0.30734801350610175,15.75,0.0,113.25,114.125,48.0,45.0,21.125,42.5,9.625,32.875,28.5,16.0,1.8861102804359384,16.0,40.5,39.2375,22.5,42.625,52.37171344387487,21.125,26.875,78.91250000000001,0.0,10.875,0.686489898989899,5.5,19.125,0.29911032254782255,16.0,0.0,135.125
128,113,2025-03-25,1,1,2024-25,New York Knicks,Dallas Mavericks,109.625,38.25,56.25,15.125,44.0,12.125,31.875,27.375,13.375,2.168153200965701,12.75,34.25,37.15,28.125,56.125,50.23850019136526,15.125,18.875,82.2875,0.0,9.75,0.7582199050949051,4.5,17.875,0.26521358543417367,13.375,0.0,128.625,120.0,34.875,66.5,18.625,38.5,7.75,30.75,25.75,12.875,2.2094655344655347,11.625,32.5,35.85,33.25,54.125,62.29049144862247,18.625,23.625,79.1,0.0,6.875,0.5848928848928849,2.625,16.25,0.18405915174007279,12.875,0.0,134.125
105,121,2025-03-25,1,1,2024-25,Sacramento Kings,Oklahoma City Thunder,111.0,37.5,56.5,17.0,38.875,10.75,28.125,25.25,14.25,1.8805794534412954,12.5,35.0,35.275,28.25,51.0,55.581889018152424,17.0,21.25,81.1875,0.0,7.0,0.5002498232761391,3.125,18.875,0.16325386215092097,14.25,0.0,121.5,122.875,45.75,59.5,17.625,46.375,10.375,36.0,26.625,11.0,2.7586129148629146,15.25,38.875,38.4875,29.75,52.375,57.01809062751217,17.625,22.5,78.85,0.0,8.0,0.767252886002886,6.625,17.5,0.3826764534485123,11.0,0.0,148.375
121,114,2025-03-25,1,1,2024-25,Houston Rockets,Atlanta Hawks,116.375,43.125,56.25,17.0,52.125,16.25,35.875,23.5,13.5,2.0493922947967063,14.375,38.25,38.0375,28.125,54.375,51.689238751738756,17.0,24.0,70.5375,0.0,7.875,0.6234352453102453,5.0,18.375,0.2842082503266714,13.5,0.0,134.25,122.125,42.375,62.0,17.75,44.0,12.125,31.875,29.25,15.25,1.952510000212206,14.125,36.875,37.787499999999994,31.0,54.0,57.47679962921225,17.75,21.25,82.30000000000001,0.0,9.375,0.6419410756726933,6.75,19.625,0.3622675145613125,15.25,0.0,147.0
122,96,2025-03-25,1,1,2024-25,Detroit Pistons,San Antonio Spurs,121.25,35.625,65.5,20.125,45.625,11.875,33.75,26.375,13.0,2.106893719026072,11.875,30.625,38.712500000000006,32.75,59.75,55.17161985761119,20.125,26.125,76.1125,0.0,8.0,0.6240707821590175,5.75,20.875,0.27631644988624393,13.0,0.0,142.25,123.5,48.375,57.75,17.375,41.75,12.0,29.75,29.375,13.75,2.213842203548086,16.125,39.5,40.7625,28.875,50.5,57.026271966868656,17.375,22.375,78.575,0.0,10.0,0.7473170518207284,4.25,17.875,0.2497151691617636,13.75,0.0,145.125
104,111,2025-03-25,1,1,2024-25,Charlotte Hornets,Orlando Magic,109.5,42.0,52.75,14.75,40.125,9.625,30.5,28.375,15.875,1.8877399255156608,14.0,36.75,37.4375,26.375,49.75,53.38298788654495,14.75,16.625,89.23750000000001,0.0,6.25,0.4191518652915711,5.125,17.625,0.292617207139266,15.875,0.0,125.5,109.125,37.125,54.25,17.75,41.5,10.5,31.0,21.375,11.625,1.9074932012432013,12.375,34.125,36.3,27.125,52.625,51.8478413702745,17.75,21.625,82.25,0.0,8.0,0.7023844211344211,5.125,20.0,0.2614468016074053,11.625,0.0,122.375
111,122,2025-03-25,1,1,2024-25,Portland Trail Blazers,Cleveland Cavaliers,115.125,50.25,48.5,16.375,47.25,15.875,31.375,24.125,16.75,1.5883610756288773,16.75,44.75,37.6875,24.25,46.75,51.765630195653365,16.375,21.625,75.75,0.0,8.5,0.5944638514220558,5.0,16.75,0.3093873310785075,16.75,0.0,127.5,115.875,42.375,56.25,17.25,43.0,12.125,30.875,25.75,12.375,2.2630050505050505,14.125,43.5,32.4375,28.125,47.125,59.827063695329045,17.25,23.25,74.525,0.0,8.375,0.7247767857142857,3.0,15.875,0.21745965431627196,12.375,0.0,129.25
119,120,2025-03-26,1,1,2024-25,Indiana Pacers,Los Angeles Lakers,118.125,39.375,60.75,18.0,43.5,9.0,34.5,28.375,14.5,2.203068181818182,13.125,36.25,35.9125,30.375,52.5,58.093493576728896,18.0,21.875,82.7,0.0,7.625,0.5740530303030303,5.125,20.0,0.2664859405300582,14.5,0.0,139.125,111.75,43.875,50.75,17.125,41.125,10.125,31.0,24.875,13.75,2.0761363636363637,14.625,38.75,37.475,25.375,47.875,53.167613045937514,17.125,23.0,74.5875,0.0,8.25,0.7053751803751803,3.0,19.5,0.16911045396419438,13.75,0.0,122.75
127,117,2025-03-26,1,1,2024-25,Denver Nuggets,Milwaukee Bucks,114.375,33.375,62.75,18.25,43.375,12.5,30.875,29.125,15.375,2.0724823422191845,11.125,32.0,35.3125,31.375,56.5,55.68985729797499,18.25,24.25,75.1375,0.0,8.5,0.5706149844307739,5.375,19.5,0.290838395140665,15.375,0.0,133.375,112.75,40.125,51.25,21.375,40.5,7.875,32.625,25.0,11.125,2.351120448179272,13.375,36.25,36.975,25.625,46.5,55.113432205920425,21.375,27.625,76.7875,0.0,8.5,0.8589344070961717,4.125,17.625,0.22661164580248577,11.125,0.0,129.75
102,132,2025-03-26,1,1,2024-25,Phoenix Suns,Boston Celtics,115.875,49.125,51.5,15.25,45.75,11.5,34.25,29.625,14.125,2.203485485103132,16.375,38.375,42.375,25.75,48.25,53.331503521772184,15.25,17.875,87.1,0.0,6.625,0.4966004583651642,4.25,19.125,0.23918656574906577,14.125,0.0,140.875,113.875,54.375,46.25,13.25,43.25,11.5,31.75,26.25,11.0,2.5505414724164726,18.125,50.375,36.0625,23.125,38.125,60.57471910363695,13.25,16.75,79.8625,0.0,8.375,0.7853608197358197,5.5,15.625,0.3725070028011204,11.0,0.0,135.5
113,126,2025-03-26,1,1,2024-25,New York Knicks,LA Clippers,113.75,38.625,60.5,14.625,41.875,11.0,30.875,29.25,13.375,2.293153200965701,12.875,33.25,38.65,30.25,56.875,53.06849183714637,14.625,18.875,79.5125,0.0,10.125,0.7832199050949051,4.5,18.25,0.25965802987861814,13.375,0.0,134.875,119.375,38.625,62.25,18.5,44.375,9.5,34.875,26.875,13.25,2.1119796869796867,12.875,31.0,41.825,31.125,53.0,59.433061190462894,18.5,24.0,76.8875,0.0,8.125,0.6300962925962925,5.625,16.5,0.34452718334297283,13.25,0.0,145.625
86,116,2025-03-26,1,1,2024-25,Brooklyn Nets,Toronto Raptors,106.0,43.875,50.25,11.875,43.0,11.875,31.125,27.625,13.625,2.229598813209494,14.625,41.25,35.75,25.125,48.375,52.31494146564953,11.875,16.75,70.3125,0.0,7.375,0.5723496087031303,3.375,20.5,0.1609982488271962,13.625,0.0,119.0,108.625,35.625,56.25,16.75,52.5,15.75,36.75,27.875,16.625,1.810655467720685,11.875,36.0,33.35,28.125,58.0,48.632084013240075,16.75,23.0,73.35,0.0,7.625,0.4795207509881423,3.5,20.75,0.16746558712671245,16.625,0.0,123.25
114,119,2025-03-26,1,1,2024-25,Philadelphia 76ers,Washington Wizards,113.75,42.375,54.0,17.375,38.0,10.0,28.0,21.375,13.625,1.6343361499611502,14.125,41.0,33.9875,27.0,48.875,55.06282062826779,17.375,23.125,75.30000000000001,0.0,9.75,0.7828100718725719,5.5,18.0,0.3038037802840434,13.625,0.0,120.25,109.875,43.125,50.75,16.0,44.25,10.75,33.5,26.125,16.0,1.654864590066796,14.375,40.75,35.0625,25.375,49.75,51.06128547814868,16.0,20.75,77.65,0.0,9.25,0.5870730984701573,5.25,18.125,0.30827474444239733,16.0,0.0,123.25
92,101,2025-03-27,1,1,2024-25,Orlando Magic,Dallas Mavericks,109.125,37.5,53.75,17.875,43.5,11.5,32.0,21.75,11.75,1.9199932012432013,12.5,35.375,35.4875,26.875,52.375,51.63950803694117,17.875,21.625,82.9125,0.0,8.0,0.696702602952603,5.0,19.625,0.25921465875026245,11.75,0.0,123.5,119.625,30.75,69.25,19.625,38.625,7.75,30.875,24.5,14.0,1.8400458916083915,10.25,29.625,34.7375,34.625,56.0,62.80724127043287,19.625,24.75,79.4375,0.0,7.0,0.512348242035742,2.75,16.625,0.18826588250930357,14.0,0.0,132.625
125,104,2025-03-27,1,1,2024-25,Oklahoma City Thunder,Memphis Grizzlies,122.125,48.0,57.25,16.875,45.875,9.875,36.0,27.25,12.5,2.3542011501570324,16.0,38.125,41.6375,28.625,51.625,55.65201919894075,16.875,21.875,77.85,0.0,8.25,0.6937234742381801,5.625,17.25,0.336843120115179,12.5,0.0,146.5,120.0,45.0,58.75,16.25,44.25,11.125,33.125,28.125,12.0,2.540764790764791,15.0,38.875,38.125,29.375,54.125,54.07006956913619,16.25,19.25,84.15,0.0,9.5,0.8513708513708514,5.0,20.875,0.24469426406926406,12.0,0.0,143.25
110,121,2025-03-27,1,1,2024-25,Utah Jazz,Houston Rockets,106.625,42.375,49.0,15.25,43.375,9.0,34.375,24.125,18.5,1.337447133003399,14.125,40.125,35.425,24.5,46.75,52.140459355393205,15.25,20.75,73.2625,0.0,6.25,0.3533051560545167,3.125,19.25,0.16713686790505677,18.5,0.0,111.25,119.375,41.25,59.25,18.875,50.625,15.5,35.125,23.125,13.0,2.0572047947967063,13.75,37.75,36.9125,29.625,55.375,53.702121199403805,18.875,25.375,74.1125,0.0,8.375,0.6609352453102453,4.75,17.625,0.27726380588222693,13.0,0.0,137.0
122,112,2025-03-27,1,1,2024-25,Miami Heat,Atlanta Hawks,103.25,34.125,57.25,11.875,36.0,8.25,27.75,24.25,16.0,1.6243929681429683,11.375,30.125,38.599999999999994,28.625,51.25,55.656567415633944,11.875,15.25,78.23750000000001,0.0,9.0,0.6103271728271729,4.5,14.375,0.3240146801727684,16.0,0.0,116.25,121.375,44.25,60.25,16.875,43.25,12.375,30.875,30.375,14.875,2.069106638867668,14.75,38.75,37.9375,30.125,52.875,57.01383666624928,16.875,20.5,81.2375,0.0,9.125,0.6398402353365588,5.625,20.125,0.310257025050823,14.875,0.0,144.5
124,116,2025-03-27,1,1,2024-25,Cleveland Cavaliers,San Antonio Spurs,117.125,39.75,60.25,17.125,42.625,11.625,31.0,26.125,12.25,2.304671717171717,13.25,41.0,32.9375,30.125,49.625,61.10655190004715,17.125,23.0,74.96249999999999,0.0,7.5,0.6688244047619047,3.5,16.25,0.24245965431627195,12.25,0.0,131.5,119.375,47.25,54.5,17.625,42.125,12.5,29.625,28.375,14.0,2.0497007894066717,15.75,39.875,39.550000000000004,27.25,49.75,54.5322936449096,17.625,21.875,81.2875,0.0,10.125,0.7435291730328495,4.25,17.25,0.252456397231939,14.0,0.0,139.375
128,107,2025-03-27,1,1,2024-25,Sacramento Kings,Portland Trail Blazers,111.125,42.375,53.5,15.25,38.75,9.625,29.125,27.0,13.375,2.1192158170776594,14.125,36.625,37.7125,26.75,50.0,53.30916174542515,15.25,19.5,78.95,0.0,7.375,0.5652750758013916,3.5,18.25,0.1965871954842543,13.375,0.0,124.375,115.0,51.0,49.0,15.0,47.75,17.0,30.75,25.5,16.375,1.774899537167339,17.0,45.0,38.025,24.5,47.375,51.650562366196006,15.0,20.375,73.9375,0.0,8.75,0.6396561591143635,4.875,15.25,0.315868812559989,16.375,0.0,129.25
109,162,2025-03-27,1,1,2024-25,Washington Wizards,Indiana Pacers,111.875,45.0,52.25,14.625,44.5,10.875,33.625,27.375,15.75,1.8034659886681945,15.0,41.375,36.0125,26.125,49.5,52.75384929612871,14.625,19.75,72.8625,0.0,8.75,0.5538563152533741,5.5,17.375,0.34299696666461954,15.75,0.0,127.375,118.625,40.125,60.25,18.25,43.25,9.25,34.0,28.5,14.5,2.2155681818181816,13.375,35.875,36.9625,30.125,52.875,57.12842004731712,18.25,22.0,83.5,0.0,7.375,0.5490530303030303,5.25,19.5,0.2789859405300582,14.5,0.0,139.5
119,117,2025-03-27,1,1,2024-25,Chicago Bulls,Los Angeles Lakers,123.25,43.875,63.25,16.125,44.125,9.875,34.25,30.0,11.875,2.6501665001665,14.625,38.25,38.2875,31.625,54.375,58.1784128745838,16.125,19.5,81.3375,0.0,8.875,0.8174880674880675,4.75,17.875,0.26629999110628233,11.875,0.0,149.375,113.5,44.625,51.0,17.875,41.75,10.5,31.25,25.875,13.875,2.1320887445887444,14.875,38.5,38.375,25.5,47.125,54.367664940073475,17.875,23.75,75.11250000000001,0.0,8.5,0.7202561327561328,2.875,19.375,0.16441677807486632,13.875,0.0,127.5
107,116,2025-03-28,1,1,2024-25,Milwaukee Bucks,New York Knicks,113.125,40.875,51.5,20.75,39.875,8.125,31.75,24.75,10.625,2.425362872421696,13.625,36.375,37.512499999999996,25.75,47.0,54.772887334125556,20.75,26.875,76.225,0.0,8.5,0.8710556192173838,4.625,17.0,0.26702517963707223,10.625,0.0,130.125,111.25,35.25,62.0,14.0,41.625,11.125,30.5,29.375,12.625,2.465028200965701,11.75,32.5,36.55,31.0,57.625,53.78440092805546,14.0,18.375,78.5,0.0,9.0,0.7316574050949052,4.5,17.0,0.2633782679738562,12.625,0.0,131.375
124,109,2025-03-28,1,1,2024-25,Minnesota Timberwolves,Phoenix Suns,123.0,46.125,58.5,18.375,43.625,10.625,33.0,29.625,14.25,2.1459956097823745,15.375,39.75,38.55,29.25,49.75,58.52785879333952,18.375,23.375,78.1375,0.0,9.125,0.6790723981900453,4.75,17.625,0.2665090569260461,14.25,0.0,146.0,113.875,46.5,52.0,15.375,44.75,11.0,33.75,28.5,13.875,2.1577265565317036,15.5,38.75,39.7625,26.0,47.5,54.53342659869526,15.375,17.75,88.1375,0.0,6.75,0.5122254583651642,4.375,18.625,0.2486562627187627,13.875,0.0,137.25
133,122,2025-03-28,1,1,2024-25,Detroit Pistons,Cleveland Cavaliers,121.625,37.875,64.25,19.5,44.375,11.125,33.25,27.75,12.625,2.2854651475975003,12.625,31.0,40.75,32.125,58.25,55.680995984549526,19.5,25.25,76.2375,0.0,7.875,0.6297526003408357,5.375,20.25,0.26754452006168256,12.625,0.0,144.125,119.0,42.375,60.25,16.375,43.625,11.875,31.75,27.375,12.125,2.407647907647908,14.125,41.75,34.387499999999996,30.125,50.125,60.50162907985525,16.375,22.125,74.875,0.0,7.5,0.6729910714285714,3.625,16.75,0.2371025114591291,12.125,0.0,135.625
95,111,2025-03-28,1,1,2024-25,New Orleans Pelicans,Golden State Warriors,108.75,37.5,57.25,14.0,43.0,11.125,31.875,28.5,17.875,1.6505507263634198,12.5,32.25,38.237500000000004,28.625,51.625,55.846068740805585,14.0,19.125,76.1875,0.0,6.125,0.336525230875076,5.0,19.875,0.26728553921568626,17.875,0.0,125.625,110.5,46.875,45.25,18.375,41.5,10.0,31.5,27.75,15.625,1.871307648856991,15.625,40.125,38.5375,22.625,42.875,52.352333598913624,18.375,23.75,77.45,0.0,10.375,0.6700425305688463,5.125,17.5,0.28952037545787546,15.625,0.0,129.5
100,132,2025-03-28,1,1,2024-25,Brooklyn Nets,LA Clippers,103.75,40.875,50.25,12.625,43.625,12.125,31.5,25.75,14.25,2.071265479876161,13.625,40.875,33.6375,25.125,49.125,51.37744146564953,12.625,17.375,71.9125,0.0,7.0,0.5348496087031304,4.125,20.5,0.1967125345414819,14.25,0.0,114.0,121.25,40.875,61.25,19.125,45.25,10.75,34.5,27.375,12.625,2.499479686979687,13.625,30.875,44.45,30.625,54.0,57.433061190462894,19.125,23.875,79.80000000000001,0.0,8.125,0.6800962925962926,6.0,16.625,0.36089623096202045,12.625,0.0,150.0
129,93,2025-03-28,1,1,2024-25,Denver Nuggets,Utah Jazz,118.375,36.75,63.75,17.875,43.875,12.0,31.875,31.125,15.375,2.2724823422191847,12.25,32.875,37.8,31.875,55.75,57.32880836928934,17.875,24.25,73.4375,0.0,8.125,0.5331149844307739,5.375,19.0,0.30125506180733164,15.375,0.0,140.625,106.0,42.0,49.5,14.5,40.0,7.25,32.75,24.75,17.625,1.4335748503947034,14.0,38.75,36.9875,24.75,46.75,52.586887926821774,14.5,19.375,74.3375,0.0,6.125,0.35975896040234273,2.75,19.625,0.13956333849329206,17.625,0.0,110.375
108,97,2025-03-28,1,1,2024-25,Toronto Raptors,Charlotte Hornets,108.25,33.375,57.75,17.125,51.25,14.375,36.875,28.875,17.0,1.8037110232762406,11.125,34.0,33.05,28.875,59.125,48.98534488280529,17.125,22.25,76.89999999999999,0.0,7.875,0.48993741765480897,3.625,21.25,0.17062215278327808,17.0,0.0,124.625,109.375,43.125,52.25,14.0,40.375,9.5,30.875,28.375,16.0,1.8581944709702063,14.375,35.5,39.4625,26.125,51.25,51.26658577014284,14.0,16.375,86.8,0.0,5.5,0.3396064107461166,4.75,18.375,0.26278766168472056,16.0,0.0,123.75
119,120,2025-03-29,1,1,2024-25,Chicago Bulls,Dallas Mavericks,123.0,46.5,60.0,16.5,43.125,10.0,33.125,30.375,11.5,2.7168331668331667,15.5,39.625,39.137499999999996,30.0,52.25,57.313028259199186,16.5,20.5,79.4625,0.0,8.875,0.823043623043623,4.25,17.375,0.24349297356242267,11.5,0.0,147.75,115.625,30.375,67.0,18.25,38.625,7.125,31.5,24.0,14.5,1.7309549825174824,10.125,27.625,37.0375,33.5,56.75,59.8608126990043,18.25,23.75,77.275,0.0,7.625,0.5388633935508935,2.625,16.5,0.18172993479688526,14.5,0.0,127.75
111,121,2025-03-29,1,1,2024-25,San Antonio Spurs,Boston Celtics,118.125,48.375,52.0,17.75,42.5,13.25,29.25,27.75,13.25,2.137200789406672,16.125,40.875,39.7,26.0,50.25,52.02355003447107,17.75,22.5,79.0875,0.0,10.0,0.7825916730328495,4.375,17.375,0.2580485024950969,13.25,0.0,135.75,116.125,55.875,46.5,13.75,43.375,11.375,32.0,26.875,11.25,2.5366525835275833,18.625,50.25,37.1,23.25,37.75,61.46998937390722,13.75,17.25,80.1125,0.0,8.0,0.7234921328671329,5.375,16.375,0.3377847805788982,11.25,0.0,138.875
121,91,2025-03-29,1,1,2024-25,Orlando Magic,Sacramento Kings,110.125,36.375,56.0,17.75,43.75,11.125,32.625,21.625,12.75,1.8146010443804563,12.125,35.125,34.449999999999996,28.0,51.875,54.25987840731153,17.75,21.625,82.4,0.0,7.375,0.594578419946067,5.0,19.75,0.2575699219081572,12.75,0.0,124.375,114.125,40.875,57.25,16.0,40.75,10.125,30.625,26.875,14.125,2.0537396266014687,13.625,35.375,37.6125,28.625,50.625,56.57030662891046,16.0,20.125,80.05,0.0,7.5,0.5545607900871059,3.375,19.25,0.17955820997700794,14.125,0.0,130.625
127,134,2025-03-29,1,1,2024-25,Memphis Grizzlies,Los Angeles Lakers,118.0,44.625,57.25,16.125,43.875,10.375,33.5,28.375,12.5,2.508308650413914,14.875,38.375,38.2625,28.625,53.75,52.62581281237943,16.125,18.75,85.46249999999999,0.0,9.5,0.8355813776866409,4.625,20.625,0.2299215367965368,12.5,0.0,140.625,112.375,43.5,50.75,18.125,40.875,8.875,32.0,25.625,14.125,2.028553391053391,14.5,38.625,37.349999999999994,25.375,45.25,56.079203401611935,18.125,24.0,75.3625,0.0,8.25,0.6722763347763347,3.5,18.625,0.20046940965381368,14.125,0.0,126.625
112,115,2025-03-29,1,1,2024-25,Washington Wizards,Brooklyn Nets,109.375,41.625,53.25,14.5,42.5,11.125,31.375,26.0,15.625,1.727424322001528,13.875,39.5,35.050000000000004,26.625,50.75,52.501324043603454,14.5,19.625,72.7875,0.0,8.625,0.550731315253374,5.125,15.625,0.3381119091933552,15.625,0.0,121.125,102.5,42.0,47.0,13.5,42.75,11.5,31.25,25.125,15.0,1.8518210354317166,14.0,42.5,33.3125,23.5,46.625,50.58059046718563,13.5,18.375,72.5,0.0,7.5,0.5348496087031304,3.625,19.875,0.1809158312447786,15.0,0.0,110.0
95,118,2025-03-29,1,1,2024-25,Philadelphia 76ers,Miami Heat,114.875,45.0,52.5,17.375,38.875,10.375,28.5,21.75,13.125,1.920447261072261,15.0,42.375,35.287499999999994,26.25,47.75,54.826376744282925,17.375,22.875,76.2125,0.0,9.0,0.7772545163170164,4.75,17.375,0.2767204469507101,13.125,0.0,121.75,105.5,35.625,57.25,12.625,37.0,8.0,29.0,24.125,16.375,1.5497176434676434,11.875,29.625,40.68750000000001,28.625,51.5,55.374326859837154,12.625,16.0,79.3125,0.0,8.5,0.540521978021978,4.25,13.5,0.3144558566433566,16.375,0.0,119.0
132,111,2025-03-29,1,1,2024-25,Oklahoma City Thunder,Indiana Pacers,121.875,45.75,58.0,18.125,46.875,9.125,37.75,27.125,12.625,2.3163223622782443,15.25,36.125,41.825,29.0,52.375,55.616042224204584,18.125,23.375,77.62499999999999,0.0,8.25,0.6852007469654529,5.375,17.375,0.31937988482106133,12.625,0.0,147.375,124.875,46.5,59.75,18.625,43.875,9.375,34.5,30.625,15.0,2.2632954545454544,15.5,37.375,40.5625,29.875,51.75,58.14693856583565,18.625,22.125,84.96249999999999,0.0,7.625,0.5475378787878789,5.0,19.75,0.26273207056101794,15.0,0.0,149.75
109,127,2025-03-30,1,1,2024-25,Philadelphia 76ers,Toronto Raptors,114.25,45.75,52.25,16.25,38.125,9.75,28.375,23.625,13.375,2.0133292055167056,15.25,41.625,36.75,26.125,47.75,54.54228583519201,16.25,21.875,73.05,0.0,9.0,0.7711781274281274,4.5,16.875,0.275843253968254,13.375,0.0,122.5,107.0,32.625,57.75,16.625,49.5,13.625,35.875,28.25,15.0,2.1995443566095743,10.875,34.5,32.025,28.875,58.0,50.01475664751118,16.625,21.875,75.5125,0.0,8.125,0.6376646903820817,3.625,21.0,0.17552411356759184,15.0,0.0,123.5
98,94,2025-03-30,1,1,2024-25,New Orleans Pelicans,Charlotte Hornets,104.75,33.75,56.25,14.75,43.0,11.375,31.625,27.25,17.5,1.614366515837104,11.25,31.25,35.1875,28.125,52.125,54.505072572223206,14.75,20.375,74.9,0.0,6.0,0.3373475992961287,4.75,20.75,0.23977195225916453,17.5,0.0,118.625,107.75,41.25,53.25,13.25,41.5,9.875,31.625,28.375,15.625,1.8869643122400475,13.75,35.0,38.0875,26.625,52.75,50.90374106767549,13.25,16.0,84.025,0.0,5.0,0.32075720439691024,4.25,16.625,0.2716017642488231,15.625,0.0,121.125
123,104,2025-03-30,1,1,2024-25,Minnesota Timberwolves,Detroit Pistons,120.875,45.375,57.5,18.0,43.75,10.375,33.375,28.75,14.25,2.0786879174746824,15.125,39.375,38.387499999999996,28.75,49.375,57.98068898201877,18.0,23.125,77.05,0.0,9.75,0.7271493212669684,4.75,17.75,0.2648750699979415,14.25,0.0,143.625,122.875,37.5,63.5,21.875,42.125,10.875,31.25,27.25,12.75,2.2237664296487827,12.5,30.5,41.0,31.75,57.25,55.87038992394346,21.875,27.75,77.78750000000001,0.0,8.0,0.6337590105972458,5.375,21.625,0.25437402197739134,12.75,0.0,143.5
127,122,2025-03-30,1,1,2024-25,Cleveland Cavaliers,LA Clippers,117.625,40.875,60.0,16.75,43.375,12.25,31.125,25.375,12.0,2.290981240981241,13.625,40.375,34.4125,30.0,51.0,58.87386495209111,16.75,22.75,74.5625,0.0,7.5,0.6776785714285715,3.5,18.0,0.22157963564213562,12.0,0.0,131.625,122.75,42.75,59.5,20.5,47.0,9.625,37.375,26.75,12.875,2.3919622044622044,14.25,30.25,46.7125,29.75,53.125,56.700503050928006,20.5,25.125,81.2375,0.0,8.25,0.6722291597291598,5.5,17.375,0.32112350368929315,12.875,0.0,153.375
110,93,2025-03-30,1,1,2024-25,New York Knicks,Portland Trail Blazers,111.5,35.25,62.25,14.0,42.375,11.5,30.875,29.5,11.875,2.62891708985459,11.75,32.75,36.2625,31.125,57.25,54.31019457884912,14.0,17.875,80.6875,0.0,9.0,0.7983240717615717,3.75,16.125,0.23064017273576096,11.875,0.0,133.25,113.375,50.25,47.25,15.875,46.375,17.0,29.375,24.5,15.5,1.8105355020796197,16.75,46.0,36.6625,23.625,46.0,51.26790930497152,15.875,21.5,73.7375,0.0,9.0,0.6950289661319073,4.625,16.125,0.2865418894830659,15.5,0.0,125.125
106,148,2025-03-30,1,1,2024-25,San Antonio Spurs,Golden State Warriors,115.25,45.75,51.25,18.25,42.375,12.375,30.0,27.5,12.125,2.521129360835243,15.25,40.125,38.3625,25.625,50.0,51.518773655834515,18.25,23.125,79.14999999999999,0.0,9.0,0.8075916730328495,3.875,17.25,0.22909629661274397,12.125,0.0,131.75,108.125,43.875,45.5,18.75,42.75,10.75,32.0,27.0,14.75,1.9577975478468899,14.625,41.875,35.0875,22.75,42.0,53.98009772667775,18.75,24.75,75.62500000000001,0.0,9.625,0.6725677830940989,4.625,18.25,0.25613969363969363,14.75,0.0,124.875
124,145,2025-03-30,1,1,2024-25,Milwaukee Bucks,Atlanta Hawks,110.75,39.375,52.5,18.875,37.875,7.625,30.25,24.0,11.125,2.300362872421696,13.125,35.5,37.12500000000001,26.25,46.5,56.584481537024104,18.875,25.125,73.9,0.0,7.625,0.7929306192173838,4.0,16.125,0.2461918463037389,11.125,0.0,124.25,118.875,45.375,57.0,16.5,41.75,11.375,30.375,29.5,15.0,1.996710805534335,15.125,39.25,38.3625,28.5,50.5,56.667427610823836,16.5,20.125,80.5,0.0,9.875,0.6846319020032254,5.125,19.25,0.29131763111142905,15.0,0.0,140.375
109,148,2025-03-30,1,1,2024-25,Phoenix Suns,Houston Rockets,114.5,49.5,50.5,14.5,44.375,11.375,33.0,29.25,13.75,2.214711850649351,16.5,39.875,41.375,25.25,47.125,53.3231091383778,14.5,16.875,86.78750000000001,0.0,6.625,0.5076298701298702,3.875,18.375,0.22435070716320715,13.75,0.0,137.25,120.625,41.25,61.0,18.375,52.25,16.375,35.875,23.25,13.0,2.0710936836855955,13.75,37.625,37.012499999999996,30.5,57.25,53.43289043017304,18.375,24.625,74.475,0.0,7.875,0.6053796897546897,5.0,17.0,0.3021698209198209,13.0,0.0,139.125
87,96,2025-03-31,1,1,2024-25,Orlando Magic,LA Clippers,111.125,38.25,55.0,17.875,45.0,11.75,33.25,22.375,13.125,1.8072958495752613,12.75,35.875,35.3,27.5,51.875,53.25987840731153,17.875,22.375,80.4875,0.0,7.75,0.6043186796863268,4.375,19.5,0.22770881079704608,13.125,0.0,125.5,123.125,43.875,58.75,20.5,46.875,9.5,37.375,26.875,12.375,2.448509823509824,14.625,32.0,45.574999999999996,29.375,53.5,55.508391590959405,20.5,24.875,81.98750000000001,0.0,8.125,0.6771894771894772,6.0,18.25,0.3505352683951755,12.375,0.0,152.75
104,98,2025-03-31,1,1,2024-25,Los Angeles Lakers,Houston Rockets,115.75,45.375,52.0,18.375,41.125,9.0,32.125,26.625,14.5,2.0420149295149295,15.125,39.125,38.3875,26.0,45.75,56.89442079291628,18.375,23.375,77.95,0.0,8.25,0.6520840270840271,3.25,18.75,0.18707655251095653,14.5,0.0,131.75,122.5,42.375,60.75,19.375,49.5,15.875,33.625,24.5,12.875,2.226775501867414,14.125,37.625,38.225,30.375,56.375,53.93460483114117,19.375,26.25,73.0625,0.0,9.0,0.723561507936508,4.75,17.25,0.2778108465608466,12.875,0.0,141.0
145,117,2025-03-31,1,1,2024-25,Oklahoma City Thunder,Chicago Bulls,123.625,47.25,59.0,17.375,47.25,8.75,38.5,28.0,12.375,2.443405695611578,15.75,36.0,43.3375,29.5,54.0,54.7970767069632,17.375,21.875,79.02499999999999,0.0,8.5,0.7247840802987862,5.625,17.375,0.3340857671740025,12.375,0.0,151.375,123.375,47.625,59.75,16.0,44.25,9.875,34.375,31.25,12.875,2.545780535254219,15.875,39.125,40.725,29.875,52.875,56.487556561085974,16.0,20.25,78.30000000000001,0.0,8.375,0.7243594125173073,4.125,17.5,0.23430179709183444,12.875,0.0,148.0
110,106,2025-03-31,1,1,2024-25,Charlotte Hornets,Utah Jazz,101.375,34.5,53.0,13.875,43.5,10.375,33.125,25.625,15.0,1.7911309789067142,11.5,33.375,34.05,26.5,55.125,48.06333434795843,13.875,16.75,83.8375,0.0,6.0,0.4020072043969103,4.75,16.625,0.30101352895470546,15.0,0.0,112.875,102.875,38.625,50.25,14.0,40.875,8.25,32.625,24.5,17.75,1.4102905366692131,12.875,39.0,33.9125,25.125,47.0,53.0817084965591,14.0,18.5,75.075,0.0,5.875,0.34096811072914013,2.5,18.875,0.12956333849329205,17.75,0.0,106.375
111,109,2025-03-31,1,1,2024-25,Indiana Pacers,Sacramento Kings,123.875,45.375,58.75,19.75,45.25,9.125,36.125,30.375,15.125,2.220827505827506,15.125,37.25,39.787499999999994,29.375,50.75,58.251760368770654,19.75,23.75,84.4875,0.0,7.25,0.5114801864801866,5.25,19.875,0.2762737372276846,15.125,0.0,149.375,112.25,40.5,56.0,15.75,40.875,9.75,31.125,25.875,13.75,2.0220784423909426,13.5,34.875,37.6125,28.0,51.125,54.774965851089895,15.75,20.125,78.8,0.0,7.375,0.5553831585081586,4.0,19.625,0.20832805124684922,13.75,0.0,127.75
109,113,2025-03-31,1,1,2024-25,Dallas Mavericks,Brooklyn Nets,116.125,28.875,68.5,18.75,39.875,7.75,32.125,23.75,13.0,2.1059549825174826,9.625,27.375,35.7125,34.25,59.5,58.387688237952275,18.75,24.25,77.8375,0.0,7.75,0.6708078379953379,3.625,17.25,0.23728549035244081,13.0,0.0,129.625,102.75,41.25,46.75,14.75,43.25,10.75,32.5,24.0,15.625,1.60281309892378,13.75,42.5,32.7625,23.375,46.375,50.58059046718563,14.75,19.25,75.725,0.0,7.25,0.4971511960047177,3.75,20.125,0.18479781882241836,15.625,0.0,109.125
94,120,2025-03-31,1,1,2024-25,Washington Wizards,Miami Heat,107.625,37.875,53.5,16.25,42.0,10.375,31.625,24.375,14.25,1.914924322001528,12.625,38.125,33.087500000000006,26.75,50.875,52.61406914164268,16.25,21.625,72.75,0.0,7.875,0.5740156289788643,5.5,15.375,0.3670334778208062,14.25,0.0,118.125,108.875,38.25,58.0,12.625,38.125,9.125,29.0,26.0,15.5,1.7997176434676434,12.75,30.75,41.725,29.0,52.625,54.971887835446914,12.625,15.5,81.575,0.0,8.75,0.6074411699411699,4.25,13.625,0.31125072843822843,15.5,0.0,126.0
103,117,2025-03-31,1,1,2024-25,Memphis Grizzlies,Boston Celtics,118.625,42.375,60.5,15.75,44.125,10.875,33.25,28.75,12.875,2.435391983747247,14.125,36.875,38.05,30.25,55.375,54.018669955236575,15.75,18.375,84.9625,0.0,8.5,0.7001647110199741,4.375,21.375,0.2127257696007696,12.875,0.0,141.0,117.25,54.75,48.25,14.25,45.0,11.375,33.625,27.75,11.0,2.6599043317793316,18.25,48.75,37.300000000000004,24.125,39.25,61.14178232214428,14.25,18.0,79.42500000000001,0.0,7.125,0.6596809440559441,5.125,15.5,0.33556255835667603,11.0,0.0,141.875
139,140,2025-04-01,1,1,2024-25,Denver Nuggets,Minnesota Timberwolves,118.125,36.0,65.25,16.875,44.625,12.0,32.625,32.125,16.125,2.2238712311080735,12.0,32.625,37.3,32.625,55.75,58.717697258178234,16.875,23.0,73.4,0.0,8.75,0.5435316510974405,6.375,19.125,0.36115089514066495,16.125,0.0,144.0,121.875,43.5,59.0,19.375,45.125,10.75,34.375,27.875,13.625,2.120354584141349,14.5,38.25,37.912499999999994,29.5,50.875,57.93230188524458,19.375,25.0,76.94999999999999,0.0,9.25,0.706315987933635,5.25,18.75,0.2726875699979415,13.625,0.0,145.0
105,116,2025-04-01,1,1,2024-25,San Antonio Spurs,Orlando Magic,113.625,45.75,51.5,16.375,42.0,12.25,29.75,28.0,13.5,2.374700789406672,15.25,40.5,38.0,25.75,49.625,52.27274190980277,16.375,21.0,77.4875,0.0,8.25,0.7064011968423733,4.0,17.875,0.23117962994607733,13.5,0.0,128.625,108.125,36.375,53.75,18.0,45.125,11.75,33.375,22.375,13.625,1.7527503950298067,12.125,35.625,33.3,26.875,50.5,53.27217348927876,18.0,22.375,81.05,0.0,7.875,0.5853792857469328,4.25,18.875,0.22871148459383753,13.625,0.0,122.625
105,91,2025-04-01,1,1,2024-25,New York Knicks,Philadelphia 76ers,113.5,35.625,64.0,13.875,41.75,11.0,30.75,30.375,12.125,2.6616093975468975,11.875,32.875,36.575,32.0,56.875,56.080287525814676,13.875,17.875,79.72500000000001,0.0,9.5,0.8239650974025975,4.25,16.25,0.2572945845004668,12.125,0.0,137.375,111.625,43.5,52.25,15.875,39.0,9.625,29.375,24.125,14.25,1.948303952991453,14.5,40.75,35.3375,26.125,48.25,54.03633345423963,15.875,21.25,73.825,0.0,8.125,0.6651175213675213,5.375,15.75,0.36215277777777777,14.25,0.0,120.25
133,123,2025-04-01,1,1,2024-25,Milwaukee Bucks,Phoenix Suns,110.5,38.25,52.25,20.0,36.75,7.5,29.25,23.125,10.75,2.2819805194805194,12.75,35.25,36.349999999999994,26.125,47.125,55.43199926752056,20.0,27.25,71.7625,0.0,7.125,0.7713970057720057,3.75,17.125,0.22535851297040554,10.75,0.0,119.75,112.875,44.25,54.25,14.375,45.0,11.75,33.25,28.25,14.375,2.0845426777170197,14.75,38.5,38.3125,27.125,49.5,54.6930586333273,14.375,16.625,87.2875,0.0,6.125,0.4531185919343814,4.125,19.125,0.22911261192511193,14.375,0.0,133.625
113,127,2025-04-01,1,1,2024-25,Atlanta Hawks,Portland Trail Blazers,121.625,46.5,59.5,15.625,42.125,11.625,30.5,30.75,14.375,2.264567948391478,15.5,40.75,37.925000000000004,29.75,49.75,60.10597276132551,15.625,19.625,79.28750000000001,0.0,9.5,0.7074493623206858,4.625,20.875,0.2530633207666015,14.375,0.0,145.0,110.875,47.25,48.75,14.875,44.75,16.0,28.75,24.375,14.125,1.8801783592224768,15.75,45.25,34.725,24.375,46.375,52.386169108893085,14.875,20.125,72.875,0.0,9.375,0.7453861089890502,4.375,15.375,0.28654188948306597,14.125,0.0,122.875
125,134,2025-04-01,1,1,2024-25,Memphis Grizzlies,Golden State Warriors,116.0,42.375,58.75,14.875,44.125,10.25,33.875,28.25,12.5,2.450814061669325,14.125,37.875,37.35,29.375,53.75,54.249202742121824,14.875,17.75,82.65,0.0,8.25,0.7042231525784157,4.375,20.25,0.2211632696007696,12.5,0.0,137.5,110.375,43.5,48.5,18.375,42.875,11.125,31.75,27.875,14.375,2.0882062016930436,14.5,42.5,34.0,24.25,43.75,54.863019836014956,18.375,24.125,76.11250000000001,0.0,10.75,0.7735293215556374,4.375,17.5,0.2513777888777889,14.375,0.0,128.625
137,118,2025-04-01,1,1,2024-25,Chicago Bulls,Toronto Raptors,123.75,48.375,59.5,15.875,45.125,10.5,34.625,31.875,14.0,2.4543032625269463,16.125,40.75,40.05,29.75,51.875,57.34345598081518,15.875,20.25,77.525,0.0,8.5,0.699927594335489,4.375,16.625,0.2618153840483562,14.0,0.0,148.5,107.125,34.5,57.75,14.875,48.875,14.0,34.875,28.75,14.5,2.3298473869126046,11.5,35.25,32.925,28.875,58.75,49.388941784408175,14.875,19.75,74.5625,0.0,8.25,0.6763010540184453,3.375,19.375,0.18513949818297643,14.5,0.0,123.375
143,105,2025-04-02,1,1,2024-25,Houston Rockets,Utah Jazz,120.125,40.875,60.0,19.25,49.125,15.125,34.0,24.75,13.0,2.2291564542483657,13.625,36.125,38.1625,30.0,56.75,52.911213018275674,19.25,25.125,76.15,0.0,9.375,0.7461805555555556,4.625,17.5,0.2673941798941799,13.0,0.0,139.875,103.375,39.375,49.75,14.25,40.5,8.75,31.75,24.75,16.25,1.592108718487395,13.125,40.75,33.325,24.875,46.0,53.693596608447216,14.25,18.5,76.73750000000001,0.0,7.0,0.4807408380018674,2.75,18.25,0.1462300051599587,16.25,0.0,109.125
119,105,2025-04-02,1,1,2024-25,Indiana Pacers,Charlotte Hornets,121.25,44.25,58.0,19.0,44.25,8.125,36.125,30.375,14.25,2.3150582750582753,14.75,37.75,38.3125,29.0,49.375,58.936284178294464,19.0,22.5,86.6625,0.0,7.125,0.5254224941724942,5.125,18.5,0.29091659437054174,14.25,0.0,147.0,104.125,37.875,52.25,14.0,43.875,10.25,33.625,26.375,15.875,1.713479463755199,12.625,34.0,36.7125,26.125,52.75,50.04420866489832,14.0,17.375,80.7625,0.0,5.75,0.36602235591206184,4.75,16.125,0.3109341638753404,15.875,0.0,117.625
119,103,2025-04-02,1,1,2024-25,Oklahoma City Thunder,Detroit Pistons,127.625,52.125,58.0,17.5,47.25,8.625,38.625,30.75,11.875,2.6735644257703077,17.375,37.125,46.35,29.0,54.0,53.88798579787229,17.5,22.0,79.15,0.0,8.5,0.746609477124183,5.375,16.875,0.33096076717400247,11.875,0.0,158.375,120.25,38.25,61.75,20.25,42.5,11.75,30.75,27.125,12.125,2.377040239172592,12.75,31.5,40.7875,30.875,57.5,54.10404223654314,20.25,26.375,76.41250000000001,0.0,7.375,0.6039971058353412,5.0,21.75,0.23739032632521745,12.125,0.0,138.625
114,98,2025-04-02,1,1,2024-25,LA Clippers,New Orleans Pelicans,120.0,42.375,57.0,20.625,47.75,10.0,37.75,25.75,12.625,2.348063394938395,14.125,32.5,43.25,28.5,52.5,54.95588245171049,20.625,24.75,83.1375,0.0,7.875,0.6459394771894771,6.0,18.75,0.3417633385706141,12.625,0.0,148.25,105.375,34.5,56.5,14.375,45.125,11.75,33.375,27.375,18.0,1.569683257918552,11.5,32.0,35.3125,28.25,53.0,53.9662140415614,14.375,19.875,74.9375,0.0,6.75,0.37467791603821016,5.25,20.875,0.26734548167092925,18.0,0.0,121.125
103,124,2025-04-02,1,1,2024-25,Boston Celtics,Miami Heat,119.0,55.5,48.5,15.0,46.625,11.75,34.875,29.25,10.75,2.79836587024087,18.5,50.25,36.7875,24.25,39.375,61.32003544157387,15.0,18.75,79.725,0.0,6.625,0.6314758158508159,5.0,14.75,0.34024170274170273,10.75,0.0,145.125,112.5,38.25,61.0,13.25,41.25,9.75,31.5,26.625,16.125,1.7762214028661398,12.75,30.125,42.199999999999996,30.5,53.875,56.38622406174071,13.25,16.625,80.425,0.0,9.5,0.632817109790794,4.0,13.625,0.29562572843822843,16.125,0.0,133.625
106,113,2025-04-02,1,1,2024-25,Denver Nuggets,San Antonio Spurs,120.125,36.0,65.0,19.125,45.0,11.75,33.25,31.25,16.125,2.175260119996962,12.0,32.625,37.3,32.5,54.625,59.75410961631191,19.125,26.375,71.75,0.0,8.125,0.5088094288752183,6.25,19.375,0.35092362241339226,16.125,0.0,144.625,113.125,45.0,51.75,16.375,41.25,12.25,29.0,27.25,13.5,2.3305831423478485,15.0,39.75,38.1375,25.875,49.5,52.66049701184359,16.375,21.375,75.6,0.0,8.375,0.7137541380188439,3.875,17.375,0.2321716934381408,13.5,0.0,127.0
116,111,2025-04-02,1,1,2024-25,Washington Wizards,Sacramento Kings,107.25,38.25,52.25,16.75,40.75,9.625,31.125,23.75,14.5,1.8567645997793059,12.75,38.5,33.112500000000004,26.125,49.75,52.46872030443337,16.75,22.375,72.39999999999999,0.0,8.875,0.6243628512010865,5.125,15.875,0.3373459778208062,14.5,0.0,116.25,109.375,37.5,57.25,14.625,41.75,9.25,32.5,24.25,13.5,1.938745109057609,12.5,33.125,37.0625,28.625,53.375,53.82161069560708,14.625,18.5,78.55,0.0,6.875,0.5300855394605395,3.375,19.25,0.1805502734690714,13.5,0.0,122.875
124,105,2025-04-02,1,1,2024-25,Cleveland Cavaliers,New York Knicks,120.625,42.75,60.5,17.375,43.0,11.5,31.5,26.875,11.5,2.515981240981241,14.25,41.0,35.45,30.25,50.0,60.51076971399588,17.375,23.125,76.225,0.0,8.0,0.7526785714285714,3.75,17.375,0.2379566409897292,11.5,0.0,138.5,112.125,34.125,62.25,15.75,42.125,11.125,31.0,29.5,12.75,2.545068044163439,11.375,32.5,35.525,31.125,56.0,55.28338406497679,15.75,20.375,77.325,0.0,9.25,0.7826117139439508,4.0,16.75,0.23150093370681607,12.75,0.0,133.625
120,118,2025-04-02,1,1,2024-25,Dallas Mavericks,Atlanta Hawks,117.75,29.625,68.5,19.625,41.75,8.5,33.25,25.625,13.25,2.2497049825174824,9.875,28.375,35.325,34.25,57.5,59.92538665065069,19.625,26.375,74.75,0.0,7.75,0.658307837995338,3.25,18.25,0.18884051427588577,13.25,0.0,134.375,123.5,45.75,61.0,16.75,42.25,11.5,30.75,30.875,14.625,2.2534568372803667,15.25,40.625,37.25,30.5,50.375,60.82566973102248,16.75,21.0,78.975,0.0,10.0,0.7268938067651303,4.875,21.375,0.25685119955448027,14.625,0.0,147.375
113,126,2025-04-03,1,1,2024-25,Philadelphia 76ers,Milwaukee Bucks,105.875,36.75,53.25,15.875,39.875,10.25,29.625,24.375,14.75,1.927991452991453,12.25,38.5,31.6375,26.625,48.75,54.51459432380485,15.875,20.875,74.9875,0.0,8.5,0.6713675213675214,5.5,15.875,0.3669146825396825,14.75,0.0,116.0,114.0,39.75,55.75,18.5,36.125,6.75,29.375,24.5,12.125,2.1903138528138526,13.25,34.625,38.9,27.875,46.625,59.774402895638474,18.5,25.0,73.575,0.0,7.0,0.7116747835497834,3.375,17.0,0.21028934300993124,12.125,0.0,126.25
90,105,2025-04-03,1,1,2024-25,Brooklyn Nets,Minnesota Timberwolves,101.625,42.375,45.0,14.25,43.25,10.125,33.125,23.875,14.5,1.8601660401002507,14.125,44.5,31.5875,22.5,44.375,50.761243147838314,14.25,18.875,74.775,0.0,7.125,0.5394306077694235,3.5,20.75,0.1663799444262831,14.5,0.0,108.0,124.625,45.375,60.25,19.0,46.0,12.625,33.375,29.0,13.375,2.229729584141349,15.125,40.375,37.3625,30.125,52.625,57.247788456573495,19.0,24.625,76.525,0.0,8.875,0.6884588450764921,4.75,20.375,0.2443262254601264,13.375,0.0,146.5
97,109,2025-04-03,1,1,2024-25,Washington Wizards,Orlando Magic,107.75,40.125,51.0,16.625,41.25,8.875,32.375,23.0,14.5,1.8031931712078773,13.375,38.25,34.712500000000006,25.5,48.875,52.32263290605938,16.625,22.375,71.7,0.0,8.125,0.570791422629658,5.0,16.875,0.3167415822164106,14.5,0.0,116.625,109.125,38.25,54.75,16.125,44.375,11.375,33.0,23.25,13.0,1.8761478309272426,12.75,37.625,32.85,27.375,49.625,55.28961534974387,16.125,19.625,83.625,0.0,8.0,0.6243750122426592,4.75,18.25,0.26829481792717086,13.0,0.0,125.875
103,112,2025-04-03,1,1,2024-25,Toronto Raptors,Portland Trail Blazers,109.125,38.25,56.75,14.125,47.375,12.75,34.625,29.5,13.75,2.493041831357049,12.75,37.0,34.4375,28.375,57.375,49.60261699808339,14.125,18.625,75.92500000000001,0.0,7.625,0.6658843873517787,3.75,19.125,0.20388949818297644,13.75,0.0,125.875,113.625,45.375,52.75,15.5,45.125,16.0,29.125,25.5,13.5,1.9814484126984127,15.125,44.125,34.1875,26.375,49.375,53.31995518699156,15.5,21.25,71.725,0.0,9.75,0.7841561624649861,4.125,15.125,0.27751411170528817,13.5,0.0,126.875
116,123,2025-04-03,1,1,2024-25,Los Angeles Lakers,Golden State Warriors,113.125,44.25,50.5,18.375,41.5,9.25,32.25,25.125,14.75,1.8197927072927071,14.75,38.875,37.787499999999994,25.25,45.875,54.97720041639358,18.375,22.875,79.825,0.0,8.0,0.5965284715284715,3.5,19.375,0.1870765525109565,14.75,0.0,127.25,115.0,46.875,48.5,19.625,43.375,11.75,31.625,28.375,14.375,2.133660747147589,15.625,44.375,34.95,24.25,43.875,54.7245923720061,19.625,24.875,78.3875,0.0,11.25,0.8189838670101828,4.125,18.625,0.22034632034632035,14.375,0.0,134.125
108,110,2025-04-03,1,1,2024-25,Miami Heat,Memphis Grizzlies,116.125,41.25,60.0,14.875,40.625,10.0,30.625,27.25,14.125,2.3393166409613775,13.75,31.0,44.775000000000006,30.0,53.125,56.23432127952133,14.875,18.5,80.075,0.0,9.5,0.8042456812193653,3.5,13.875,0.2466746794871795,14.125,0.0,138.875,116.0,44.625,55.5,15.875,43.125,9.875,33.25,27.125,13.125,2.2704163343965975,14.875,39.5,37.625,27.75,52.125,53.02823279676663,15.875,19.0,81.9875,0.0,8.25,0.6793651980329612,4.375,21.125,0.2068969652529435,13.125,0.0,133.625
118,104,2025-04-04,1,1,2024-25,Golden State Warriors,Denver Nuggets,117.25,51.0,45.25,21.0,44.375,12.125,32.25,29.125,13.5,2.272122285609128,17.0,45.5,37.575,22.625,42.5,52.88635707788845,21.0,25.375,81.925,0.0,9.875,0.7670607900871059,3.125,18.625,0.1727272727272727,13.5,0.0,137.5,119.125,35.625,64.0,19.5,45.625,11.125,34.5,30.25,14.875,2.2434419381787807,11.875,33.25,36.5,32.0,54.5,58.92410235941786,19.5,27.25,70.525,0.0,7.5,0.5135442773600668,5.875,17.875,0.35613195574672557,14.875,0.0,141.875
140,112,2025-04-04,1,1,2024-25,Indiana Pacers,Utah Jazz,119.25,45.0,58.0,16.25,44.25,8.75,35.5,30.375,13.625,2.5896794871794873,15.0,38.875,37.7125,29.0,49.875,58.331361358102555,16.25,19.125,85.6125,0.0,7.875,0.6883012820512822,5.25,17.25,0.31375313283208023,13.625,0.0,145.75,104.375,39.75,50.75,13.875,39.375,9.5,29.875,25.375,15.375,1.757549894957983,13.25,40.5,33.775,25.375,47.25,53.25167741652802,13.875,18.625,74.6625,0.0,7.375,0.5388290732959851,3.0,17.625,0.17348564425770308,15.375,0.0,110.25
125,111,2025-04-04,1,1,2024-25,Houston Rockets,Oklahoma City Thunder,120.0,39.75,62.0,18.25,49.75,14.5,35.25,24.125,12.375,2.312489787581699,13.25,35.125,38.25,31.0,57.375,54.03723310616017,18.25,24.5,73.6375,0.0,8.875,0.7295138888888889,4.75,16.375,0.2859126984126984,12.375,0.0,140.625,127.375,52.125,57.0,18.25,46.75,9.25,37.5,30.125,11.875,2.6110644257703077,17.375,38.25,45.325,28.5,53.75,53.284537522010226,18.25,22.75,79.725,0.0,9.625,0.859109477124183,6.375,16.75,0.38457918822663406,11.875,0.0,157.75
105,117,2025-04-04,1,1,2024-25,Toronto Raptors,Detroit Pistons,110.875,39.0,59.5,12.375,46.75,12.875,33.875,30.625,14.5,2.486097386912604,13.0,36.875,35.275,29.75,58.625,51.00615297823227,12.375,16.375,74.1875,0.0,8.875,0.7214399429073343,3.625,19.625,0.19380177888473082,14.5,0.0,129.5,119.75,36.75,61.25,21.75,43.0,12.375,30.625,26.0,12.375,2.295383892423366,12.25,31.5,39.275,30.625,57.625,53.54397730147821,21.75,27.875,78.2625,0.0,7.0,0.5780683132656816,5.5,22.25,0.25453318346807463,12.375,0.0,136.5
114,91,2025-04-04,1,1,2024-25,LA Clippers,Dallas Mavericks,118.875,42.375,55.75,20.75,44.25,8.125,36.125,25.375,12.875,2.266769688644689,14.125,33.25,42.075,27.875,49.625,56.65618774343369,20.75,25.125,82.36250000000001,0.0,7.75,0.618841575091575,5.875,18.375,0.34523556079283635,12.875,0.0,144.0,117.125,31.5,66.75,18.875,41.375,7.75,33.625,25.75,13.25,2.2580383158508157,10.5,28.25,37.3375,33.375,57.125,58.684820612914834,18.875,25.25,75.2875,0.0,8.125,0.683307837995338,3.875,17.875,0.2316036721706226,13.25,0.0,135.125
113,114,2025-04-04,1,1,2024-25,San Antonio Spurs,Cleveland Cavaliers,112.25,45.375,51.0,15.875,41.25,11.375,29.875,27.125,12.875,2.434749809014515,15.125,41.125,37.050000000000004,25.5,49.0,52.44213694054233,15.875,20.5,76.46249999999999,0.0,8.25,0.7304208046855105,3.625,16.75,0.22916367204776647,12.875,0.0,125.5,121.25,42.0,62.5,16.75,44.875,12.125,32.75,26.125,12.0,2.3343573093573093,14.0,40.5,35.2375,31.25,51.0,61.19104182283941,16.75,21.625,78.7625,0.0,8.25,0.746268315018315,4.375,17.0,0.27267886321195145,12.0,0.0,141.75
123,103,2025-04-04,1,1,2024-25,Boston Celtics,Phoenix Suns,117.5,55.125,47.5,14.875,47.25,12.5,34.75,28.625,11.375,2.576010101010101,18.375,50.875,36.00000000000001,23.75,39.125,60.56657694355016,14.875,18.375,80.675,0.0,6.375,0.5821969696969698,4.875,15.125,0.3218593498005263,11.375,0.0,141.875,116.25,47.625,54.25,14.375,42.75,11.875,30.875,28.375,14.375,2.0934712491455914,15.875,39.0,40.5625,27.125,49.375,54.83711891701524,14.375,16.625,87.2875,0.0,6.375,0.47097573479152427,3.625,18.125,0.2105940934065934,14.375,0.0,135.375
124,108,2025-04-04,1,1,2024-25,Los Angeles Lakers,New Orleans Pelicans,112.625,45.0,49.25,18.375,41.625,10.0,31.625,24.875,14.25,1.8840784215784216,15.0,40.0,37.3125,24.625,45.125,54.48574742494059,18.375,22.25,81.775,0.0,7.0,0.542957042957043,3.5,20.125,0.18132207680763174,14.25,0.0,126.0,103.25,31.5,57.75,14.0,43.5,11.125,32.375,26.75,17.875,1.5468074409250878,10.5,30.375,33.3,28.875,53.75,54.24816892877944,14.0,19.875,71.525,0.0,7.625,0.42696549773755654,5.375,21.0,0.27240500548045304,17.875,0.0,118.0
102,125,2025-04-04,1,1,2024-25,Charlotte Hornets,Sacramento Kings,104.5,37.875,53.0,13.625,44.5,10.125,34.375,25.75,16.0,1.6685448232323232,12.625,33.25,37.7625,26.5,52.75,50.73865310934276,13.625,17.0,80.2625,0.0,5.25,0.335385101010101,4.0,16.0,0.26510083054200706,16.0,0.0,117.75,107.875,35.25,57.25,15.375,42.625,9.625,33.0,23.875,13.25,1.9536052489177491,11.75,33.625,34.55,28.625,53.375,53.821610695607085,15.375,20.0,76.2,0.0,7.0,0.5571834415584416,3.625,18.75,0.19773777346907143,13.25,0.0,120.5
118,113,2025-04-04,1,1,2024-25,Chicago Bulls,Portland Trail Blazers,127.0,48.375,61.5,17.125,45.125,10.625,34.5,32.75,14.125,2.499757807981492,16.125,39.375,41.3125,30.75,52.125,58.94602008337928,17.125,21.625,78.01249999999999,0.0,8.25,0.6677306246385194,4.25,16.0,0.2628074475404197,14.125,0.0,154.125,113.625,43.5,54.0,16.125,45.625,16.375,29.25,24.875,15.5,1.7342261904761904,14.5,42.625,33.7875,27.0,49.25,54.64433835099736,16.125,21.375,74.425,0.0,9.125,0.6258228291316527,4.5,15.5,0.29770641939759585,15.5,0.0,126.625
115,121,2025-04-05,1,1,2024-25,Miami Heat,Milwaukee Bucks,115.5,42.75,57.75,15.0,41.875,10.5,31.375,27.25,13.875,2.3812746829194196,14.25,31.125,46.1625,28.875,53.625,53.94705765326994,15.0,18.625,80.1875,0.0,10.0,0.8619379889116731,3.875,14.625,0.2526270604395604,13.875,0.0,139.375,118.125,41.25,58.5,18.375,36.875,7.25,29.625,26.125,12.25,2.3164502164502165,13.75,33.75,41.400000000000006,29.25,47.875,61.33466114527979,18.375,25.0,73.11250000000001,0.0,6.75,0.678720238095238,3.75,16.875,0.23945600967659791,12.25,0.0,134.125
109,114,2025-04-05,1,1,2024-25,Philadelphia 76ers,Minnesota Timberwolves,107.5,34.5,56.75,16.25,39.75,10.125,29.625,25.125,15.125,1.927991452991453,11.5,36.25,31.5375,28.375,50.25,56.67248906064696,16.25,21.25,75.47500000000001,0.0,8.5,0.6547008547008547,5.625,16.25,0.3696924603174603,15.125,0.0,119.75,121.75,45.0,58.25,18.5,45.5,11.875,33.625,28.625,14.375,2.042229584141349,15.0,40.25,37.162499999999994,29.125,50.375,58.40519586398089,18.5,24.0,76.2125,0.0,7.875,0.5551255117431587,5.25,20.0,0.29360507161397253,14.375,0.0,142.625
105,121,2025-04-05,1,1,2024-25,Atlanta Hawks,New York Knicks,124.0,47.25,60.0,16.75,42.875,11.75,31.125,31.125,14.25,2.341930863254393,15.75,40.875,38.349999999999994,30.0,51.0,59.33331449354687,16.75,20.75,79.87500000000001,0.0,9.375,0.6992964041677276,3.875,21.625,0.19570568871856694,14.25,0.0,146.875,112.125,34.125,62.5,15.5,41.5,10.875,30.625,29.0,13.375,2.414386225981621,11.375,32.375,35.6375,31.25,55.875,55.63271066430339,15.5,19.875,78.1,0.0,9.25,0.7577537593984962,3.375,16.875,0.19604771733254706,13.375,0.0,131.875
135,104,2025-04-05,1,1,2024-25,LA Clippers,Dallas Mavericks,116.625,41.625,55.75,19.25,44.125,7.75,36.375,24.75,12.875,2.2186927655677655,13.875,32.625,42.2,27.875,50.875,55.35905872233372,19.25,23.625,81.025,0.0,8.25,0.6573031135531135,5.75,18.0,0.3429362296891574,12.875,0.0,140.5,112.125,28.875,65.25,18.0,41.125,7.625,33.5,25.25,13.875,2.168828914141414,9.625,27.375,34.75,32.625,56.625,57.90109901383517,18.0,24.5,74.0875,0.0,8.25,0.6742266414141415,3.875,16.375,0.2316036721706226,13.875,0.0,128.5
103,109,2025-04-05,1,1,2024-25,Detroit Pistons,Memphis Grizzlies,118.5,36.375,60.25,21.875,42.625,12.5,30.125,25.25,12.375,2.241812463851937,12.125,31.375,39.050000000000004,30.125,58.375,51.71651904544852,21.875,27.625,79.425,0.0,7.125,0.5869968846942532,5.5,21.625,0.27098055188912723,12.375,0.0,133.375,114.5,45.75,53.75,15.0,43.25,9.5,33.75,27.125,13.125,2.2704163343965975,15.25,40.5,37.475,26.875,50.5,52.95287818683755,15.0,18.5,79.7875,0.0,8.25,0.6793651980329612,4.0,20.625,0.194902015757994,13.125,0.0,131.625
124,90,2025-04-06,1,1,2024-25,Boston Celtics,Washington Wizards,119.875,54.375,50.5,15.0,47.375,13.0,34.375,29.125,10.625,2.84524087024087,18.125,49.75,36.325,25.25,41.25,60.97820328763618,15.0,18.375,81.25,0.0,5.75,0.5423618048618049,4.75,15.0,0.3156780311192076,10.625,0.0,145.25,106.75,38.25,52.5,16.0,40.875,8.875,32.0,22.125,14.25,1.7653726583873643,12.75,37.125,34.2625,26.25,49.75,53.02339048181696,16.0,21.375,72.71249999999999,0.0,7.25,0.5175862944245297,4.875,18.125,0.2854915822164106,14.25,0.0,114.375
109,120,2025-04-06,1,1,2024-25,Brooklyn Nets,Toronto Raptors,100.875,41.625,46.0,13.25,42.625,10.125,32.5,25.0,14.875,1.880999373433584,13.875,43.375,31.800000000000004,23.0,45.625,50.44312116451229,13.25,17.25,76.0625,0.0,7.375,0.5290139411027569,3.25,20.5,0.153222049689441,14.875,0.0,108.125,109.75,39.75,57.5,12.5,47.375,14.0,33.375,29.625,13.625,2.4996843434343434,13.25,38.25,34.375,28.75,58.875,48.860497707577004,12.5,16.5,74.325,0.0,9.125,0.7537089646464646,3.875,19.625,0.20421844555139748,13.625,0.0,127.0
96,106,2025-04-06,1,1,2024-25,Golden State Warriors,Houston Rockets,119.0,50.625,48.25,20.125,42.375,12.375,30.0,29.125,12.875,2.330862887112887,16.875,44.75,38.0125,24.125,44.625,53.95453889607027,20.125,24.375,81.975,0.0,10.75,0.8460081585081585,2.625,17.5,0.1581439393939394,12.875,0.0,138.375,121.125,40.5,63.25,17.375,50.0,14.75,35.25,24.875,12.25,2.3718647875816994,13.5,34.375,39.925000000000004,31.625,59.5,53.04948293362739,17.375,23.75,72.8875,0.0,8.875,0.7347222222222222,4.75,16.125,0.2902529761904762,12.25,0.0,142.25
117,131,2025-04-06,1,1,2024-25,Charlotte Hornets,Chicago Bulls,102.875,35.25,52.25,15.375,43.625,10.125,33.5,24.75,16.125,1.571589695027195,11.75,33.625,34.762499999999996,26.125,51.75,50.999069776009435,15.375,19.125,80.2625,0.0,5.375,0.3441992035742036,3.875,15.875,0.25950872527884916,16.125,0.0,113.125,126.625,46.5,60.75,19.375,47.75,11.0,36.75,32.25,14.75,2.394522765246449,15.5,38.0,41.0,30.375,53.125,57.2312764936357,19.375,24.0,80.16250000000001,0.0,7.625,0.614311821219716,4.25,15.625,0.27267586859305126,14.75,0.0,153.875
120,109,2025-04-06,1,1,2024-25,Portland Trail Blazers,San Antonio Spurs,113.375,40.875,56.75,15.75,44.25,16.0,28.25,24.625,14.0,2.1254026610644257,13.625,42.125,32.175,28.375,52.125,54.79502328250421,15.75,21.0,74.025,0.0,9.625,0.7787640056022409,4.375,16.0,0.2833506771006771,14.0,0.0,124.75,110.375,44.25,50.25,15.875,42.5,11.375,31.125,26.0,12.5,2.4159998090145147,14.75,42.25,35.125,25.125,48.5,52.235615201411896,15.875,20.625,75.9125,0.0,8.0,0.732504138018844,3.5,16.875,0.21785414823824267,12.5,0.0,122.25
147,134,2025-04-06,1,1,2024-25,Atlanta Hawks,Utah Jazz,120.375,44.25,59.75,16.375,41.875,11.5,30.375,30.75,14.75,2.2351126814362106,14.75,40.875,36.125,29.875,50.375,59.89048503618254,16.375,20.375,79.25000000000001,0.0,9.25,0.6545994344707581,3.75,21.75,0.18549327041791336,14.75,0.0,140.625,102.375,39.375,48.25,14.75,40.625,10.75,29.875,24.25,14.875,1.7388847365869426,13.125,41.75,32.5625,24.125,47.875,50.00392782569332,14.75,19.0,77.7375,0.0,7.125,0.535435408137614,3.0,18.625,0.17088147759103642,14.875,0.0,105.875
112,98,2025-04-06,1,1,2024-25,New York Knicks,Phoenix Suns,115.0,36.0,63.5,15.5,41.5,10.5,31.0,29.75,14.25,2.235814797410192,12.0,31.125,38.9,31.75,56.375,56.07834346287736,15.5,19.75,78.625,0.0,9.125,0.6684680451127819,3.75,16.25,0.23023575152058123,14.25,0.0,136.875,113.0,44.625,54.75,13.625,41.0,11.75,29.25,27.125,14.125,2.0434712491455915,14.875,38.75,38.2,27.375,49.75,54.94240867442764,13.625,16.125,85.0125,0.0,6.375,0.4928507347915243,3.375,17.375,0.20345123626373626,14.125,0.0,128.0
120,125,2025-04-06,1,1,2024-25,Denver Nuggets,Indiana Pacers,118.625,35.25,64.0,19.375,44.75,10.5,34.25,30.625,15.75,2.2135836385836387,11.75,32.25,37.175,32.0,53.875,59.77197057647212,19.375,26.25,74.325,0.0,7.5,0.4993742368742369,5.875,18.0,0.354497968818621,15.75,0.0,142.375,123.625,46.5,61.0,16.125,43.5,8.875,34.625,32.875,11.375,3.178250915750916,15.5,39.0,39.175,30.5,50.75,60.133992937049925,16.125,20.0,83.27499999999999,0.0,7.625,0.7811584249084249,6.375,16.75,0.3911340852130326,11.375,0.0,155.0
107,111,2025-04-06,1,1,2024-25,New Orleans Pelicans,Milwaukee Bucks,106.625,34.875,58.5,13.25,43.375,11.375,32.0,27.875,17.875,1.6129839115133233,11.625,30.625,36.5,29.25,53.0,55.6949281880387,13.25,18.875,71.1375,0.0,8.0,0.44902432126696834,4.875,21.875,0.23376864184408944,17.875,0.0,124.5,118.5,40.125,60.5,17.875,37.625,6.375,31.25,26.75,12.25,2.3858946608946607,13.375,32.375,41.6375,30.25,49.625,61.27797180287616,17.875,24.375,73.1,0.0,6.0,0.5953869047619047,3.625,17.25,0.22580054749172396,12.25,0.0,135.375
99,126,2025-04-06,1,1,2024-25,Oklahoma City Thunder,Los Angeles Lakers,124.625,48.0,58.75,17.875,44.0,8.75,35.25,28.625,12.0,2.4896358543417367,16.0,36.125,44.1875,29.375,55.75,52.663192492770456,17.875,22.125,80.35,0.0,9.25,0.828157096171802,6.5,17.75,0.3699958548933007,12.0,0.0,150.25,117.0,46.875,49.75,20.375,39.875,9.25,30.625,24.875,13.125,1.9863511488511487,15.625,41.125,37.887499999999996,24.875,43.625,56.959431635466906,20.375,23.75,85.575,0.0,7.25,0.5818556443556443,3.25,19.25,0.17521096569652062,13.125,0.0,131.5
113,120,2025-04-06,1,1,2024-25,Cleveland Cavaliers,Sacramento Kings,120.625,45.375,59.0,16.25,45.75,12.0,33.75,27.0,12.625,2.312298485827897,15.125,42.625,35.85,29.5,49.25,59.53826404506163,16.25,21.125,77.96249999999999,0.0,8.125,0.7174692954104719,4.75,16.875,0.3022118302449185,12.625,0.0,141.5,109.0,35.625,58.0,15.375,43.625,9.75,33.875,23.75,12.75,2.078605248917749,11.875,33.25,35.2875,29.0,54.375,53.49762616949489,15.375,20.0,76.19999999999999,0.0,7.0,0.5780167748917749,3.375,19.5,0.18272153970283767,12.75,0.0,122.625
117,105,2025-04-07,1,1,2024-25,Miami Heat,Philadelphia 76ers,117.625,44.625,57.75,15.25,44.125,11.375,32.75,27.125,12.5,2.5324651591098957,14.875,33.875,45.025000000000006,28.875,54.5,53.0542005104128,15.25,18.875,80.4125,0.0,9.5,0.8643189412926255,3.375,15.25,0.2195169413919414,12.5,0.0,141.0,106.125,33.75,56.75,15.625,40.0,10.875,29.125,24.625,14.0,2.0359459984459987,11.25,36.0,31.1,28.375,51.75,54.724437112595005,15.625,20.625,74.22500000000001,0.0,8.375,0.694473581973582,5.625,17.25,0.35809825741890955,14.0,0.0,117.625
117,127,2025-04-07,1,1,2024-25,Detroit Pistons,Sacramento Kings,116.875,37.125,57.5,22.25,42.25,11.875,30.375,25.125,11.625,2.4299992770387506,12.375,33.75,37.4375,28.75,56.625,50.93356697573175,22.25,28.25,78.80000000000001,0.0,7.75,0.7092496319470004,5.0,21.5,0.24795423609965356,11.625,0.0,130.125,110.5,37.5,57.5,15.5,43.0,9.0,34.0,24.25,13.875,1.9343037783295136,12.5,32.625,37.625,28.75,53.875,53.60351758266393,15.5,20.0,76.7625,0.0,7.75,0.5890461866564808,3.5,19.125,0.19480137163561076,13.875,0.0,125.375
104,98,2025-04-08,1,1,2024-25,Indiana Pacers,Washington Wizards,125.75,48.0,61.5,16.25,43.125,9.0,34.125,33.125,10.25,3.6199175824175827,16.0,40.125,39.5125,30.75,51.125,60.187956830299534,16.25,20.0,83.8625,0.0,8.25,0.9478250915750916,6.5,15.875,0.4113546734483267,10.25,0.0,158.25,105.125,38.625,51.25,15.25,39.75,9.0,30.75,22.125,13.0,1.8966226583873644,12.875,38.25,33.775000000000006,25.625,48.375,53.30481637299896,15.25,20.25,73.5,0.0,6.75,0.5238362944245297,4.625,16.5,0.2958176691729323,13.0,0.0,112.25
100,124,2025-04-08,1,1,2024-25,Charlotte Hornets,Memphis Grizzlies,104.25,31.125,56.0,17.125,45.0,10.5,34.5,24.25,15.875,1.5682414807414808,10.375,32.25,32.3125,28.0,53.75,52.72983900677866,17.125,21.75,77.6875,0.0,5.5,0.35982420357420364,3.625,17.0,0.23241082318094702,15.875,0.0,114.5,115.75,46.125,54.0,15.625,46.25,10.375,35.875,26.625,13.75,2.141249667729931,15.375,40.75,37.65,27.0,50.5,53.15449109006335,15.625,19.5,79.15,0.0,7.375,0.5751985313662945,3.875,20.375,0.19073534909132736,13.75,0.0,133.375
95,133,2025-04-08,1,1,2024-25,Phoenix Suns,Golden State Warriors,109.375,40.5,55.5,13.375,39.625,12.0,27.625,25.375,14.25,1.8654409461152883,13.5,38.0,34.9875,27.75,50.0,55.34265497984636,13.375,16.0,84.2875,0.0,6.625,0.5051613408521304,3.0,18.5,0.1628043831168831,14.25,0.0,120.375,116.375,49.5,48.75,18.125,43.375,12.875,30.5,28.875,13.5,2.2558628871128867,16.5,44.25,37.612500000000004,24.375,45.0,54.13780482124721,18.125,22.25,78.9625,0.0,10.625,0.8126748251748251,2.25,17.375,0.13433441558441558,13.5,0.0,135.5
135,113,2025-04-08,1,1,2024-25,Cleveland Cavaliers,Chicago Bulls,120.75,42.75,61.75,16.25,45.125,11.625,33.5,27.875,13.25,2.2817587131006247,14.25,41.75,34.4125,30.875,49.375,62.160713024653475,16.25,21.75,75.375,0.0,8.125,0.6784067954104719,4.75,17.5,0.2868932027939381,13.25,0.0,141.875,127.0,46.875,60.75,19.375,47.875,10.625,37.25,31.5,14.625,2.3588084795321635,15.625,38.125,41.1875,30.375,53.0,57.3783353171651,19.375,24.375,79.0125,0.0,7.5,0.61087775528565,4.125,16.125,0.2649527564649048,14.625,0.0,153.25
119,114,2025-04-08,1,1,2024-25,Brooklyn Nets,New Orleans Pelicans,102.125,40.125,47.75,14.25,42.5,9.375,33.125,25.625,15.875,1.8549577067669172,13.375,41.5,31.875,23.875,45.125,52.763730259214,14.25,18.375,76.7625,0.0,7.0,0.48474310776942353,3.625,19.75,0.18099982746721877,15.875,0.0,111.5,105.125,34.5,57.75,12.875,43.625,11.125,32.5,28.25,17.5,1.7025672448466564,11.5,31.125,35.449999999999996,28.875,53.25,54.861594854705366,12.875,17.875,72.36250000000001,0.0,7.875,0.4490243212669683,4.875,20.5,0.257340070415518,17.5,0.0,123.25
119,112,2025-04-08,1,1,2024-25,Orlando Magic,Atlanta Hawks,109.25,39.0,53.5,16.75,45.125,11.25,33.875,23.75,13.0,1.917814497593909,13.0,37.0,34.225,26.75,49.0,54.76245610547936,16.75,20.25,84.0,0.0,8.0,0.6243750122426592,5.25,17.25,0.32662815126050415,13.0,0.0,128.625,123.25,46.875,59.25,17.125,41.375,11.625,29.75,31.5,14.25,2.3939668481028775,15.625,41.5,37.625,29.625,50.875,58.797892443589944,17.125,20.625,82.23750000000001,0.0,9.5,0.6884536011374246,3.75,21.25,0.18892576469708955,14.25,0.0,144.5
122,117,2025-04-08,1,1,2024-25,LA Clippers,San Antonio Spurs,117.5,39.375,59.5,18.625,44.375,8.75,35.625,25.0,11.875,2.5305975274725276,13.125,31.875,40.862500000000004,29.75,53.875,55.30892503249415,18.625,22.875,80.92500000000001,0.0,8.75,0.7953983516483516,5.0,19.0,0.27962454137746906,11.875,0.0,141.625,108.625,43.125,51.0,14.5,42.375,11.375,31.0,25.875,13.0,2.355483935998642,14.375,41.125,35.1,25.5,50.75,50.53431897571613,14.5,19.25,74.8875,0.0,7.25,0.6610755665902726,3.25,17.75,0.1880922434763379,13.0,0.0,117.625
110,103,2025-04-08,1,1,2024-25,Milwaukee Bucks,Minnesota Timberwolves,118.125,39.375,60.75,18.0,38.75,6.25,32.5,27.625,11.875,2.628751803751804,13.125,32.5,40.7,30.375,50.5,60.63331771482585,18.0,24.625,72.925,0.0,6.5,0.6989583333333333,3.75,16.875,0.23945600967659791,11.875,0.0,136.75,119.75,44.25,58.0,17.5,45.875,12.5,33.375,28.25,14.375,2.0172295841413486,14.75,39.25,37.3375,29.0,49.375,59.338464722781666,17.5,23.125,75.1875,0.0,7.125,0.5051255117431588,5.25,19.125,0.3121656776745786,14.375,0.0,141.375
136,120,2025-04-08,1,1,2024-25,Oklahoma City Thunder,Los Angeles Lakers,119.375,44.625,57.25,17.5,42.875,8.625,34.25,27.5,11.75,2.444000933706816,14.875,35.875,41.5125,28.625,55.5,51.53111702107234,17.5,21.5,80.89999999999999,0.0,9.125,0.8499824929971989,6.0,18.25,0.32474698611502023,11.75,0.0,141.25,118.375,48.75,49.75,19.875,40.875,9.125,31.75,25.125,12.625,2.033269916358152,16.25,41.0,39.574999999999996,24.875,43.625,56.95943163546691,19.875,23.125,85.3125,0.0,7.0,0.5783542437954203,3.375,19.125,0.18406513236318728,12.625,0.0,135.375
117,119,2025-04-08,1,1,2024-25,New York Knicks,Boston Celtics,113.75,35.625,62.75,15.375,40.5,9.5,31.0,29.625,14.125,2.2425856307435255,11.875,30.25,39.625,31.375,55.125,56.767396257908416,15.375,19.375,79.3125,0.0,8.25,0.616905545112782,3.75,16.375,0.2290102613245028,14.125,0.0,135.625,120.25,57.0,49.5,13.75,49.125,14.125,35.0,29.875,11.0,2.8330655455655456,19.0,49.875,37.9375,24.75,41.25,59.891246765897044,13.75,17.125,78.64999999999999,0.0,4.875,0.4482059607059607,4.875,14.25,0.35178914223031865,11.0,0.0,147.25
96,76,2025-04-09,1,1,2024-25,Orlando Magic,Boston Celtics,109.125,37.875,53.25,18.0,43.625,11.25,32.375,23.5,13.125,1.8827870250664367,12.625,36.0,34.3125,26.625,48.5,55.049493142516404,18.0,22.5,81.8875,0.0,8.5,0.6539079792756263,5.0,17.625,0.30530462184873947,13.125,0.0,126.875,119.0,55.5,48.5,15.0,49.125,13.875,35.25,29.25,11.75,2.6191766566766566,18.5,49.75,37.0375,24.25,41.25,58.57545729221283,15.0,18.5,79.725,0.0,5.125,0.43153929403929403,4.625,14.625,0.32762947836477246,11.75,0.0,143.625
112,125,2025-04-09,1,1,2024-25,Phoenix Suns,Oklahoma City Thunder,105.875,37.875,54.0,14.0,39.0,12.125,26.875,24.0,14.75,1.7351777882205515,12.625,38.125,32.824999999999996,27.0,49.375,54.481543868735244,14.0,16.875,82.625,0.0,7.375,0.5341087092731829,3.125,18.875,0.16568267259056732,14.75,0.0,113.875,123.5,46.875,59.5,17.125,43.125,9.25,33.875,27.25,11.5,2.5193977591036414,15.625,36.125,43.300000000000004,29.75,56.75,52.39194446281102,17.125,21.5,79.02499999999999,0.0,9.125,0.8856967787114847,5.625,18.75,0.30333090219893627,11.5,0.0,145.25
126,96,2025-04-09,1,1,2024-25,Toronto Raptors,Charlotte Hornets,113.625,40.5,60.0,13.125,47.5,13.625,33.875,30.0,13.25,2.5436436735778845,13.5,37.875,35.3375,30.0,59.5,50.50737474075853,13.125,17.625,73.625,0.0,10.125,0.8135175770866561,4.0,19.625,0.21017082650377844,13.25,0.0,133.625,103.625,31.125,55.0,17.5,44.75,9.75,35.0,24.0,15.25,1.601574814074814,10.375,32.875,31.7625,27.5,52.375,53.34353409721794,17.5,23.0,74.30000000000001,0.0,5.25,0.3535742035742036,3.625,17.375,0.2268552676253915,15.25,0.0,113.125
111,114,2025-04-09,1,1,2024-25,Golden State Warriors,San Antonio Spurs,118.625,49.125,50.5,19.0,45.75,14.5,31.25,29.25,14.125,2.1641962204462204,16.375,44.5,37.0375,25.25,45.875,54.96327651936043,19.0,23.25,79.1625,0.0,11.375,0.8293414918414919,2.125,16.625,0.1405844155844156,14.125,0.0,140.0,111.25,44.25,53.25,13.75,41.5,10.375,31.125,26.875,13.75,2.330082866479925,14.75,40.875,36.1875,26.625,50.25,53.620662370075365,13.75,18.75,72.7,0.0,7.375,0.6403536414565826,3.5,17.375,0.2061843487394958,13.75,0.0,122.0
134,117,2025-04-09,1,1,2024-25,LA Clippers,Houston Rockets,120.125,41.625,61.25,17.25,44.625,9.125,35.5,26.25,12.25,2.572614334195217,13.875,32.375,42.85,30.625,54.75,56.02817106424018,17.25,21.375,80.03750000000001,0.0,8.75,0.7859445701357466,4.0,18.375,0.22699296243010064,12.25,0.0,144.75,121.625,39.0,65.75,16.875,50.375,14.875,35.5,26.375,12.125,2.472048611111111,13.0,34.625,37.837500000000006,32.875,60.375,54.41357023521469,16.875,23.125,71.625,0.0,8.125,0.6956597222222223,5.125,16.25,0.31287202380952384,12.125,0.0,144.125
103,122,2025-04-09,1,1,2024-25,Washington Wizards,Philadelphia 76ers,104.375,38.625,52.0,13.75,40.0,9.5,30.5,21.375,12.625,1.8808663558663559,12.875,38.5,33.5875,26.0,48.625,53.79520098838357,13.75,17.875,74.21249999999999,0.0,6.0,0.4828699078699079,4.5,17.5,0.2736441798941799,12.625,0.0,111.25,104.375,34.125,56.0,14.25,41.0,11.0,30.0,24.125,14.0,1.99748445998446,11.375,36.5,31.000000000000004,28.0,50.875,54.864787989787985,14.25,19.125,73.2625,0.0,8.25,0.6848581973581974,5.625,16.75,0.36603476535541757,14.0,0.0,116.5
133,126,2025-04-09,1,1,2024-25,Utah Jazz,Portland Trail Blazers,106.75,41.625,48.5,16.625,39.875,10.5,29.375,24.875,14.0,1.9249141483516483,13.875,43.25,32.8875,24.25,46.75,51.69397884610149,16.625,21.0,79.07500000000002,0.0,7.5,0.6089648199023199,3.25,18.75,0.183953373015873,14.0,0.0,112.0,112.375,41.25,55.25,15.875,45.0,15.125,29.875,24.0,13.75,2.1131477591036414,13.75,42.875,31.75,27.625,51.625,53.893580974811904,15.875,21.25,73.75,0.0,9.375,0.7738620448179272,4.25,16.25,0.27293401043401044,13.75,0.0,122.75
97,112,2025-04-09,1,1,2024-25,Dallas Mavericks,Los Angeles Lakers,109.75,27.0,64.5,18.25,40.75,7.625,33.125,24.375,13.375,2.153203914141414,9.0,26.5,33.575,32.25,57.25,56.366572159615224,18.25,24.75,74.25,0.0,7.625,0.6507891414141415,4.0,16.625,0.2324717277261782,13.375,0.0,124.125,120.125,51.75,47.75,20.625,41.625,9.25,32.375,25.375,13.625,1.9555187201859028,17.25,42.0,41.287499999999994,23.875,42.625,55.86568163546691,20.625,24.25,84.94999999999999,0.0,6.375,0.5119666839868078,4.0,18.5,0.22781513236318726,13.625,0.0,136.75
116,124,2025-04-09,1,1,2024-25,Sacramento Kings,Denver Nuggets,114.5,38.625,58.75,17.125,43.625,10.25,33.375,23.875,13.5,1.9509704449961804,12.875,33.0,38.55,29.375,54.125,54.38476758266393,17.125,22.0,76.725,0.0,7.5,0.5827961866564808,3.875,19.5,0.21166645100069012,13.5,0.0,130.125,120.0,34.875,67.25,17.875,46.75,10.25,36.5,31.75,14.75,2.388034188034188,11.625,32.875,36.074999999999996,33.625,55.375,60.98971251195599,17.875,25.0,71.95,0.0,6.5,0.45908119658119656,6.5,17.0,0.3959685570539151,14.75,0.0,146.625
119,111,2025-04-09,1,1,2024-25,Chicago Bulls,Miami Heat,122.875,45.375,58.0,19.5,48.25,10.875,37.375,29.625,15.875,2.0088084795321635,15.125,38.375,39.7625,29.0,51.5,56.52738394295791,19.5,24.25,80.16250000000001,0.0,6.5,0.45462775528565,3.875,16.0,0.2508902564649048,15.875,0.0,144.75,117.0,46.125,56.25,14.625,46.0,11.75,34.25,27.0,12.625,2.5012151591098957,15.375,34.75,45.400000000000006,28.125,54.5,51.63910617079016,14.625,18.25,79.57499999999999,0.0,9.125,0.8274599669336511,3.625,15.75,0.22517304998922644,12.625,0.0,140.75
125,141,2025-04-10,1,1,2024-25,Memphis Grizzlies,Minnesota Timberwolves,117.75,45.75,54.75,17.25,47.75,10.875,36.875,26.0,14.25,1.9966068105870736,15.25,41.5,36.887499999999996,27.375,49.5,55.34270619303819,17.25,21.125,81.07499999999999,0.0,7.875,0.5823413885091516,3.875,20.125,0.19281868242466066,14.25,0.0,136.75,118.25,43.125,60.25,14.875,46.125,12.625,33.5,28.75,14.375,2.0529438698556346,14.375,39.375,36.275,30.125,50.75,60.23132186563881,14.875,19.75,76.225,0.0,6.75,0.47833979745744454,4.875,19.25,0.2914419934640523,14.375,0.0,139.875
115,106,2025-04-10,1,1,2024-25,Detroit Pistons,New York Knicks,116.875,37.875,56.0,23.0,41.75,11.625,30.125,25.875,11.0,2.632380229419703,12.625,34.75,37.1625,28.0,54.5,51.653716229463086,23.0,29.375,78.5125,0.0,7.0,0.6953607430581115,4.875,21.625,0.24128427562534524,11.0,0.0,130.375,112.375,36.0,61.25,15.125,42.5,11.0,31.5,28.125,13.625,2.2274341155920103,12.0,31.75,38.425000000000004,30.625,55.125,55.57692006743223,15.125,19.125,78.7875,0.0,8.125,0.6328146360218728,4.0,16.75,0.23694676926101077,13.625,0.0,133.25
109,133,2025-04-10,1,1,2024-25,Brooklyn Nets,Atlanta Hawks,104.125,40.875,47.75,15.5,41.5,8.875,32.625,26.875,16.0,1.9226660401002504,13.625,41.125,32.825,23.875,44.625,53.35749572185625,15.5,19.25,79.82499999999999,0.0,7.625,0.5206806077694236,4.0,20.0,0.1974771001944915,16.0,0.0,116.125,120.75,45.75,58.0,17.0,41.625,12.125,29.5,30.25,14.375,2.310225018037518,15.25,42.0,36.15,29.0,50.5,57.96278606061122,17.0,20.625,81.6625,0.0,9.0,0.6561823593073594,4.0,21.25,0.19854114931247419,14.375,0.0,139.375
114,112,2025-04-10,1,1,2024-25,Indiana Pacers,Cleveland Cavaliers,123.875,46.5,59.25,18.125,43.5,9.5,34.0,32.0,9.875,3.599084249084249,15.5,40.125,38.0875,29.625,50.25,58.96566217580149,18.125,22.875,81.1625,0.0,8.0,0.9512973137973139,6.5,16.375,0.39833384011499334,9.875,0.0,154.0,122.625,48.0,60.0,14.625,44.375,11.875,32.5,28.75,14.0,2.1182971746390864,16.0,42.0,37.8,30.0,49.625,60.066963024653475,14.625,19.5,74.6,0.0,8.625,0.6426925096961862,4.25,17.375,0.25720570279393806,14.0,0.0,144.125
136,111,2025-04-10,1,1,2024-25,Milwaukee Bucks,New Orleans Pelicans,118.625,39.375,61.5,17.75,39.625,6.5,33.125,28.0,12.5,2.4814303751803752,13.125,32.125,41.0125,30.75,51.0,60.82271165421979,17.75,24.125,73.3,0.0,6.0,0.5680059523809523,4.0,16.75,0.2561226763432646,12.5,0.0,138.125,107.75,34.875,58.75,14.125,44.75,11.375,33.375,29.0,16.375,1.7975898692810457,11.625,31.375,35.5625,29.375,54.75,53.97907968647592,14.125,19.0,74.0875,0.0,7.75,0.4696691176470588,5.125,20.25,0.27400673708218465,16.375,0.0,128.0
117,109,2025-04-11,1,1,2024-25,Denver Nuggets,Memphis Grizzlies,121.0,36.0,66.25,18.75,47.0,10.5,36.5,32.0,14.5,2.5348595848595847,12.0,34.5,34.9,33.125,53.625,61.76185703410051,18.75,25.625,73.375,0.0,6.75,0.5146367521367521,6.625,16.125,0.4132919266191325,14.5,0.0,149.0,115.875,45.0,53.75,17.125,45.375,9.75,35.625,24.5,15.0,1.6854956994759627,15.0,40.375,37.5875,26.875,49.5,54.39930996662309,17.125,21.5,78.88749999999999,0.0,7.625,0.526785832953596,3.625,20.25,0.18037279497877323,15.0,0.0,129.625
130,94,2025-04-11,1,1,2024-25,Boston Celtics,Charlotte Hornets,114.375,51.0,49.25,14.125,48.875,13.75,35.125,28.25,12.5,2.425426656676657,17.0,48.5,34.475,24.625,41.5,59.14093348268902,14.125,16.75,82.6375,0.0,4.625,0.358101794039294,4.75,14.25,0.3487333744686686,12.5,0.0,137.375,102.625,30.0,55.5,17.125,45.125,9.375,35.75,23.625,16.25,1.4574360580939527,10.0,33.0,30.537499999999998,27.75,51.5,54.66839619335663,17.125,22.375,74.9375,0.0,5.375,0.3410143949617634,3.625,16.25,0.23865596692609078,16.25,0.0,112.125
119,89,2025-04-11,1,1,2024-25,Chicago Bulls,Washington Wizards,121.625,44.25,59.0,18.375,48.625,10.625,38.0,29.875,16.625,1.8791209795321637,14.75,38.125,39.0375,29.5,51.5,57.48892240449637,18.375,22.625,82.0875,0.0,6.5,0.41712775528565005,4.125,15.625,0.2766255505825519,16.625,0.0,144.5,102.375,35.625,50.5,16.25,39.75,9.5,30.25,20.375,13.375,1.701721970839618,11.875,37.125,32.2625,25.25,49.0,51.99781536746853,16.25,20.125,79.41250000000001,0.0,6.75,0.5149554693672341,4.0,19.125,0.2211441798941799,13.375,0.0,107.0
124,102,2025-04-11,1,1,2024-25,Dallas Mavericks,Toronto Raptors,106.875,26.625,61.5,18.75,40.375,7.375,33.0,23.875,14.5,1.9543402777777779,8.875,25.875,33.8625,30.75,56.0,54.99817153849721,18.75,25.625,73.575,0.0,7.125,0.5746527777777778,4.625,16.5,0.27770982296427343,14.5,0.0,119.25,115.375,43.875,59.75,11.75,46.875,13.5,33.375,31.125,12.875,2.7658658958001063,14.625,39.875,36.425,29.875,57.875,51.75737474075852,11.75,15.75,73.73750000000001,0.0,9.75,0.8100453548644337,3.5,18.75,0.19318713085160452,12.875,0.0,136.5
100,101,2025-04-11,1,1,2024-25,Sacramento Kings,LA Clippers,115.875,36.0,62.0,17.875,44.125,11.0,33.125,23.0,13.125,1.9779590813598167,12.0,31.625,37.987500000000004,31.0,55.625,56.43428056967692,17.875,22.625,78.6875,0.0,6.5,0.5004098230201172,3.625,20.375,0.1817422085764477,13.125,0.0,131.0,121.125,42.75,61.25,17.125,44.375,8.875,35.5,27.0,13.125,2.2413643341952167,14.25,33.25,42.6125,30.625,54.125,56.61779370574961,17.125,20.75,82.125,0.0,9.5,0.7901112368024132,3.375,17.125,0.21346482390196211,13.125,0.0,146.125
140,109,2025-04-11,1,1,2024-25,Los Angeles Lakers,Houston Rockets,119.125,49.875,49.25,20.0,41.125,10.125,31.0,24.875,13.25,1.9680187201859027,16.625,41.75,39.8625,24.625,44.25,55.493052909179646,20.0,23.875,83.5375,0.0,7.5,0.6161333506534745,3.625,17.75,0.21076967781773273,13.25,0.0,134.375,122.375,42.375,65.0,15.0,49.25,13.75,35.5,26.25,13.125,2.165500992063492,14.125,35.375,40.037499999999994,32.5,59.5,54.56035053824499,15.0,20.125,72.2875,0.0,8.5,0.6748263888888889,4.75,15.5,0.3048363095238095,13.125,0.0,144.625
86,103,2025-04-11,1,1,2024-25,Portland Trail Blazers,Golden State Warriors,113.625,38.25,58.5,16.875,45.625,15.5,30.125,24.375,14.375,2.061677170868347,12.75,42.625,29.750000000000004,29.25,53.875,54.415490854927654,16.875,22.75,73.6375,0.0,10.25,0.8069502801120448,4.5,17.75,0.2660170143865796,14.375,0.0,123.625,121.75,51.75,49.5,20.5,46.625,14.75,31.875,30.375,13.625,2.310029553779554,17.25,45.75,38.237500000000004,24.75,45.0,54.8755572211148,20.5,24.75,80.825,0.0,11.375,0.8501748251748251,2.25,17.25,0.14481373889268626,13.625,0.0,145.75
111,145,2025-04-11,1,1,2024-25,Utah Jazz,Oklahoma City Thunder,112.0,41.25,53.25,17.5,40.375,10.875,29.5,25.125,14.375,1.9167296245421244,13.75,41.5,34.1,26.625,49.625,53.62222533079959,17.5,21.5,81.66250000000001,0.0,8.75,0.6580719627594628,3.125,19.0,0.1771424755799756,14.375,0.0,120.25,124.0,44.25,61.75,18.0,42.125,9.5,32.625,26.5,10.875,2.5488095238095236,14.75,35.875,40.875,30.875,57.5,53.75801589138245,18.0,22.375,79.675,0.0,9.625,0.9488095238095238,5.125,18.75,0.2755531244211585,10.875,0.0,144.375
110,124,2025-04-11,1,1,2024-25,Philadelphia 76ers,Atlanta Hawks,107.25,34.875,56.75,15.625,43.25,11.75,31.5,24.25,14.625,1.946626616847205,11.625,37.5,30.837500000000002,28.375,50.375,56.32142755618366,15.625,21.5,71.2875,0.0,8.125,0.6438042757895699,5.875,17.25,0.36915976535541756,14.625,0.0,120.375,123.125,45.75,59.25,18.125,42.75,10.75,32.0,30.75,14.5,2.3245107323232324,15.25,40.375,37.5375,29.625,49.75,60.07505457912974,18.125,22.875,79.16250000000001,0.0,9.375,0.6764204545454546,4.0,20.375,0.2003124043732029,14.5,0.0,145.5
117,98,2025-04-11,1,1,2024-25,Phoenix Suns,San Antonio Spurs,106.375,38.25,54.5,13.625,37.25,11.5,25.75,24.75,14.625,1.7981986215538848,12.75,38.875,32.425,27.25,49.25,55.18806560786568,13.625,17.0,80.0625,0.0,8.375,0.6018170426065163,3.0,18.375,0.16393197231045528,14.625,0.0,113.625,111.0,45.75,51.25,14.0,40.625,9.25,31.375,26.375,14.375,2.184249533146592,15.25,41.25,37.0,25.625,46.75,55.36669411610711,14.0,18.75,73.8875,0.0,6.875,0.5653536414565826,3.75,17.75,0.21460826178297407,14.375,0.0,122.375
115,129,2025-04-11,1,1,2024-25,Indiana Pacers,Orlando Magic,123.25,46.125,59.25,17.875,44.75,9.875,34.875,31.625,9.875,3.561584249084249,15.375,40.75,37.1375,29.625,50.375,58.828972884700434,17.875,23.0,79.3875,0.0,7.25,0.8762973137973139,7.375,16.375,0.45302134011499334,9.875,0.0,153.125,106.375,38.25,51.75,16.375,44.375,11.25,33.125,23.25,13.25,1.8230648028442145,12.75,36.625,34.075,25.875,48.625,53.256014881646834,16.375,20.625,80.9375,0.0,8.375,0.633074645942293,4.875,16.5,0.31919351073762836,13.25,0.0,123.125
117,91,2025-04-11,1,1,2024-25,Minnesota Timberwolves,Brooklyn Nets,119.125,43.5,60.0,15.625,46.75,12.375,34.375,27.375,14.625,1.9223635127127774,14.5,39.375,36.5625,30.0,50.5,60.31530119380419,15.625,20.75,75.5125,0.0,5.75,0.40021479745744454,5.125,20.25,0.2990890522875817,14.625,0.0,139.0,105.125,45.0,44.0,16.125,42.0,9.0,33.0,27.0,16.0,1.9292449874686717,15.0,43.5,33.95,22.0,43.75,49.907203324195436,16.125,20.25,79.425,0.0,7.75,0.5272595551378446,4.0,21.375,0.19042581814320944,16.0,0.0,115.5
119,125,2025-04-11,1,1,2024-25,Detroit Pistons,Milwaukee Bucks,114.25,36.0,57.25,21.0,42.125,11.375,30.75,25.125,11.875,2.3927968960863697,12.0,34.125,35.7,28.625,54.625,52.575326398954616,21.0,26.625,78.475,0.0,6.875,0.6432774097247782,5.375,22.0,0.26139297127751915,11.875,0.0,128.125,121.0,40.125,61.75,19.125,40.125,6.375,33.75,27.625,12.625,2.4217712842712844,13.375,33.125,40.612500000000004,30.875,50.125,62.222284303792435,19.125,26.25,72.98750000000001,0.0,7.125,0.6579680735930735,3.75,17.125,0.23196301247771836,12.625,0.0,140.875
104,153,2025-04-11,1,1,2024-25,New Orleans Pelicans,Miami Heat,105.375,33.0,58.0,14.375,46.75,12.0,34.75,28.125,16.125,1.7732843137254903,11.0,32.25,33.3,29.0,55.25,52.55617719214485,14.375,19.375,73.925,0.0,8.375,0.5113357843137255,4.5,19.125,0.25317340374885133,16.125,0.0,124.5,116.875,44.25,57.75,14.875,45.625,12.125,33.5,27.25,12.0,2.58989037278511,14.75,35.75,41.45,28.875,55.375,52.168767187739306,14.875,18.875,78.2875,0.0,9.5,0.8776736421473263,3.375,15.125,0.22100638332255979,12.0,0.0,139.125
102,108,2025-04-11,1,1,2024-25,New York Knicks,Cleveland Cavaliers,111.5,35.25,61.75,14.5,42.0,11.5,30.5,27.75,14.5,2.025228233239069,11.75,31.75,37.7,30.875,55.875,55.24656292457509,14.5,18.125,79.52499999999999,0.0,9.0,0.6636969889630493,4.625,17.375,0.26749188204296565,14.5,0.0,131.75,121.375,49.875,57.5,14.0,45.5,12.125,33.375,28.25,13.625,2.141024447366359,16.625,43.25,37.987500000000004,28.75,49.625,58.01778269678462,14.0,19.0,72.95,0.0,8.875,0.6751600421637187,3.875,17.125,0.23897653612727143,13.625,0.0,141.75
140,133,2025-04-13,1,1,2024-25,Milwaukee Bucks,Detroit Pistons,123.25,41.625,61.25,20.375,41.625,7.0,34.625,28.375,11.5,2.76998556998557,13.875,33.875,41.137499999999996,30.625,51.75,59.79804187955002,20.375,27.25,75.275,0.0,7.75,0.7673430735930735,4.375,17.5,0.26400082760376875,11.5,0.0,145.875,113.875,37.125,57.0,19.75,41.875,11.625,30.25,24.75,11.875,2.358705986995461,12.375,35.125,35.425,28.5,55.5,51.34404192298929,19.75,25.75,75.225,0.0,6.25,0.5864592279065963,5.875,22.0,0.28770876075120333,11.875,0.0,125.0
118,119,2025-04-13,1,1,2024-25,Miami Heat,Washington Wizards,120.75,45.0,60.75,15.0,48.5,13.25,35.25,28.5,11.375,2.8577475156422523,15.0,37.25,40.1875,30.375,56.625,53.58696158414194,15.0,19.125,77.94999999999999,0.0,9.75,0.9550545945282787,3.875,15.5,0.25658330639948285,11.375,0.0,147.375,99.875,35.25,50.0,14.625,41.0,9.0,32.0,21.25,13.75,1.7239441930618404,11.75,38.5,30.725,25.0,48.375,52.1114517311049,14.625,18.375,78.2125,0.0,6.5,0.4885665804783452,4.375,19.25,0.24354001322751323,13.75,0.0,105.375
116,105,2025-04-13,1,1,2024-25,Minnesota Timberwolves,Utah Jazz,120.875,44.25,59.0,17.625,47.125,12.125,35.0,27.5,14.0,2.0124370421245423,14.75,38.875,37.7875,29.5,49.25,60.926714237282454,17.625,23.125,77.5,0.0,5.75,0.41553342490842493,5.375,20.5,0.3119095651080945,14.0,0.0,143.25,113.0,41.25,54.5,17.25,44.0,12.75,31.25,25.0,14.625,1.8821314102564102,13.75,44.125,32.4125,27.25,50.125,54.59444755302181,17.25,21.25,81.4375,0.0,8.875,0.6591880341880342,3.125,18.75,0.18049068986568986,14.625,0.0,122.125
125,118,2025-04-13,1,1,2024-25,San Antonio Spurs,Toronto Raptors,109.375,45.375,51.75,12.25,41.25,8.625,32.625,26.75,15.625,1.7925828664799255,15.125,40.5,37.4,25.875,47.875,54.78728682127428,12.25,16.625,72.91250000000001,0.0,7.0,0.47368697478991595,3.875,16.625,0.24251004749725977,15.625,0.0,120.875,113.625,44.25,58.75,10.625,44.375,13.375,31.0,29.625,12.75,2.66169922913344,14.75,40.625,36.162499999999994,29.375,56.875,51.72173682201297,10.625,15.125,70.5,0.0,10.5,0.8829620215311005,3.625,17.875,0.20947500963948332,12.75,0.0,131.125
100,115,2025-04-13,1,1,2024-25,New Orleans Pelicans,Oklahoma City Thunder,104.375,32.625,57.0,14.75,45.625,11.875,33.75,27.0,15.875,1.733578431372549,10.875,32.5,32.662499999999994,28.5,56.0,50.99782175447906,14.75,20.25,72.1,0.0,7.75,0.480453431372549,4.125,19.0,0.23203369786649838,15.875,0.0,118.375,126.5,48.375,62.0,16.125,42.375,9.25,33.125,28.125,10.625,2.769642857142857,16.125,38.625,41.300000000000004,31.0,56.0,55.700857579085294,16.125,20.5,77.61250000000001,0.0,10.0,1.005059523809524,5.125,18.75,0.27555312442115854,10.625,0.0,149.625
119,124,2025-04-13,1,1,2024-25,Golden State Warriors,LA Clippers,120.75,52.125,48.0,20.625,46.0,13.375,32.625,30.0,14.125,2.197150765900766,17.375,44.375,39.262499999999996,24.0,45.25,52.51935486491245,20.625,24.625,81.6,0.0,12.0,0.8615384615384615,3.0,16.875,0.18518455228981545,14.125,0.0,145.375,117.25,38.25,63.25,15.75,43.0,9.5,33.5,25.75,13.0,2.1604348470157295,12.75,31.25,40.35,31.625,55.875,56.58719395054766,15.75,19.5,80.6875,0.0,8.875,0.7468420060331825,3.125,16.75,0.20389544591153153,13.0,0.0,138.5
111,126,2025-04-13,1,1,2024-25,Houston Rockets,Denver Nuggets,120.875,45.0,63.0,12.875,47.5,12.875,34.625,26.875,13.5,2.1774253341687553,15.0,36.875,40.925,31.5,57.625,54.75621948411394,12.875,18.0,70.45,0.0,8.5,0.6649579678362573,5.125,16.125,0.3207676820728292,13.5,0.0,142.25,120.75,33.75,67.25,19.75,47.0,9.75,37.25,31.75,14.625,2.488385225885226,11.25,33.0,33.675000000000004,33.625,54.375,61.8658452895446,19.75,26.5,74.7125,0.0,7.25,0.5490918803418803,5.75,16.25,0.3576853089720737,14.625,0.0,148.625
109,98,2025-04-13,1,1,2024-25,Sacramento Kings,Phoenix Suns,112.375,36.0,59.25,17.125,43.75,11.25,32.5,22.875,11.875,2.0964655748663104,12.0,32.125,37.400000000000006,29.625,56.5,52.57789759095352,17.125,21.375,80.2625,0.0,6.125,0.5096089572192514,3.375,19.75,0.17238230519480519,11.875,0.0,125.375,108.25,40.5,55.0,12.75,39.0,11.75,27.25,25.375,14.25,1.9085882319434953,13.5,39.625,33.5125,27.5,49.5,55.448482274532346,12.75,15.75,81.30000000000001,0.0,8.625,0.6415897698792435,3.875,17.25,0.2819875278660109,14.25,0.0,119.75
102,122,2025-04-13,1,1,2024-25,Philadelphia 76ers,Chicago Bulls,106.75,34.125,57.5,15.125,43.0,11.875,31.125,25.125,15.875,1.638293283513872,11.375,36.125,31.325000000000003,28.75,51.625,55.840658325414424,15.125,20.875,71.2875,0.0,8.0,0.5188042757895699,6.0,17.5,0.3716107457475744,15.875,0.0,119.625,121.625,42.0,60.5,19.125,49.375,10.875,38.5,29.75,16.375,1.9118132872244713,14.0,37.75,37.6,30.25,52.0,58.45046086603483,19.125,22.625,85.5,0.0,7.0,0.4607174988753936,4.75,15.375,0.3272665762235775,16.375,0.0,147.125
118,126,2025-04-13,1,1,2024-25,Cleveland Cavaliers,Indiana Pacers,119.375,47.625,57.0,14.75,44.625,12.0,32.625,27.0,13.75,2.0380482568901686,15.875,41.125,38.0,28.5,49.0,58.24689608126885,14.75,20.5,71.2875,0.0,8.875,0.6709933754970521,3.5,17.5,0.20903956133735546,13.75,0.0,138.125,117.375,40.5,58.25,18.625,44.0,10.375,33.625,28.625,10.5,3.311584249084249,13.5,38.5,35.1375,29.125,52.25,55.773417329144884,18.625,25.0,76.41250000000001,0.0,7.25,0.8596306471306472,8.0,16.375,0.4859160769570986,10.5,0.0,140.25
117,105,2025-04-13,1,1,2024-25,Atlanta Hawks,Orlando Magic,124.625,45.0,60.25,19.375,44.875,12.25,32.625,30.875,14.375,2.3469065656565657,15.0,40.5,36.8125,30.125,51.0,59.60573223480739,19.375,24.5,79.45,0.0,9.25,0.6732954545454546,4.375,20.875,0.21925179831259684,14.375,0.0,148.125,108.625,38.25,53.75,16.625,42.5,10.625,31.875,24.5,14.375,1.7730648028442144,12.75,35.375,35.275,26.875,49.25,54.454914252716016,16.625,20.875,81.125,0.0,9.5,0.6637564641241112,5.75,17.375,0.34449112978524743,14.375,0.0,127.25
105,113,2025-04-13,1,1,2024-25,Brooklyn Nets,New York Knicks,105.75,46.5,43.5,15.75,41.75,9.625,32.125,28.0,14.75,2.1292449874686716,15.5,43.5,35.175,21.75,44.125,49.01434618133829,15.75,20.0,78.4625,0.0,7.875,0.5772595551378445,3.0,21.75,0.1420627229051142,14.75,0.0,117.0,109.75,36.75,58.5,14.5,40.875,11.0,29.875,27.0,14.75,1.8863393443501801,12.25,32.75,38.025,29.25,54.25,53.6907118607453,14.5,18.625,77.3375,0.0,8.875,0.6220303222963827,4.75,17.875,0.2724521995032831,14.75,0.0,126.875
109,81,2025-04-13,1,1,2024-25,Portland Trail Blazers,Los Angeles Lakers,110.5,34.125,59.25,17.125,46.5,14.75,31.75,23.5,15.875,1.830995352686529,11.375,39.875,28.1625,29.625,54.75,54.33499843068523,17.125,22.75,74.775,0.0,10.25,0.7455866437484086,4.75,18.375,0.2722670143865796,15.875,0.0,120.375,122.0,52.5,49.5,20.0,41.375,9.875,31.5,24.625,13.5,1.8963403985075813,17.5,41.25,42.62500000000001,24.75,44.25,55.743052909179646,20.0,24.75,80.625,0.0,7.875,0.6309934905136143,2.875,17.25,0.1730503795721187,13.5,0.0,137.25
93,86,2025-04-13,1,1,2024-25,Boston Celtics,Charlotte Hornets,114.125,51.375,50.0,12.75,49.375,13.625,35.75,28.5,12.375,2.487926656676657,17.125,48.375,34.825,25.0,42.375,58.75702684878239,12.75,15.5,80.65,0.0,4.75,0.37969270313020315,4.875,13.375,0.3910313542666484,12.375,0.0,137.875,102.25,32.25,53.25,16.75,44.125,9.25,34.875,23.125,16.125,1.4398706986168288,10.75,34.125,31.6,26.625,50.0,53.851995612805105,16.75,21.75,75.35,0.0,5.625,0.3577627609748353,3.5,16.5,0.22228691930704314,16.125,0.0,110.75
132,97,2025-04-13,1,1,2024-25,Memphis Grizzlies,Dallas Mavericks,116.5,44.25,56.25,16.0,46.0,10.0,36.0,24.25,14.25,1.7512851731601733,14.75,40.5,36.9,28.125,50.875,55.68731672337985,16.0,21.0,75.47500000000001,0.0,7.5,0.5444983835608835,3.75,20.75,0.1814144616454399,14.25,0.0,130.25,108.25,30.0,60.75,17.5,43.25,8.25,35.0,25.75,15.0,2.0184027777777778,10.0,27.75,35.425,30.375,55.25,55.143477052655186,17.5,24.625,71.1625,0.0,7.0,0.5543402777777777,5.5,16.0,0.3584389896309401,15.0,0.0,125.0
123,112,2025-04-19,1,1,2024-25,New York Knicks,Detroit Pistons,110.125,39.0,55.0,16.125,40.375,11.125,29.25,27.0,14.375,1.9425893443501803,13.0,34.875,37.7875,27.5,52.375,52.24136671436625,16.125,20.25,78.7875,0.0,8.875,0.6428636556297159,3.875,18.875,0.2139227877385772,14.375,0.0,125.0,113.875,39.75,57.0,17.125,41.75,11.375,30.375,26.0,11.875,2.454859833149307,13.25,38.25,34.575,28.5,54.25,52.64612525632262,17.125,23.125,72.55,0.0,6.375,0.596074612521981,5.625,20.75,0.28589387871853544,11.875,0.0,125.0
95,117,2025-04-19,1,1,2024-25,Los Angeles Lakers,Minnesota Timberwolves,115.375,48.75,48.5,18.125,41.375,10.5,30.875,23.5,14.5,1.7328788600460427,16.25,39.375,41.1125,24.25,45.0,53.966297056336835,18.125,23.125,77.975,0.0,8.125,0.6172572267773506,3.875,17.25,0.22066942719116633,14.5,0.0,128.875,119.875,42.0,60.25,17.625,48.5,12.75,35.75,26.5,14.0,1.9355139652014652,14.0,39.375,35.475,30.125,49.875,61.426714237282454,17.625,23.5,75.525,0.0,5.375,0.3866872710622711,6.0,20.25,0.35444428733031674,14.0,0.0,141.25
112,110,2025-04-19,1,1,2024-25,Denver Nuggets,LA Clippers,120.625,31.5,67.75,21.375,47.125,10.125,37.0,30.75,14.5,2.427274114774115,10.5,32.0,32.587500000000006,33.875,55.125,61.49808065890821,21.375,27.625,77.8125,0.0,7.375,0.5713141025641025,6.0,16.375,0.3737109499977147,14.5,0.0,148.375,117.5,37.5,64.5,15.5,42.75,9.375,33.375,26.125,13.25,2.155970561301444,12.5,29.875,41.31250000000001,32.25,56.375,57.205325818679526,15.5,19.0,81.32499999999999,0.0,9.5,0.7792080774617539,3.0,17.25,0.19234082406279202,13.25,0.0,140.625
117,98,2025-04-19,1,1,2024-25,Indiana Pacers,Milwaukee Bucks,119.25,39.0,61.5,18.75,46.25,11.125,35.125,28.625,10.5,3.311584249084249,13.0,38.5,33.949999999999996,30.75,56.25,54.9978040535316,18.75,24.5,78.6375,0.0,8.375,0.9461691086691087,8.5,16.875,0.5015410769570986,10.5,0.0,143.75,125.25,45.75,61.25,18.25,41.875,7.0,34.875,29.5,12.375,2.7610569985569984,15.25,35.0,43.387499999999996,30.625,51.125,60.65290510143451,18.25,24.625,75.05,0.0,7.75,0.7524621212121211,5.0,16.625,0.3050547491723962,12.375,0.0,150.375
121,100,2025-04-20,1,1,2024-25,Cleveland Cavaliers,Miami Heat,118.875,48.75,57.5,12.625,47.625,12.875,34.75,27.625,14.625,2.024033105375017,16.25,43.625,37.0625,28.75,50.375,57.337805172177944,12.625,18.5,68.5625,0.0,8.5,0.6300842845879611,4.25,17.0,0.24406371592672743,14.625,0.0,137.375,120.75,41.25,64.5,15.0,48.375,12.375,36.0,27.875,11.0,2.9202475156422523,13.75,35.875,38.287499999999994,32.25,58.625,54.97332522050557,15.0,19.0,78.75,0.0,9.25,0.9436909581646424,4.125,15.375,0.2806217679379444,11.0,0.0,146.875
103,86,2025-04-20,1,1,2024-25,Boston Celtics,Orlando Magic,110.625,50.25,48.25,12.125,48.75,13.625,35.125,27.25,12.625,2.3358287545787544,16.75,47.625,34.550000000000004,24.125,42.625,56.4508252983948,12.125,14.875,79.575,0.0,6.0,0.4723500457875458,5.125,12.875,0.4168250050602992,12.625,0.0,133.0,110.25,42.0,52.75,15.5,42.375,10.875,31.5,25.875,14.125,1.8784569597069596,14.0,36.0,38.550000000000004,26.375,49.625,53.10114066781036,15.5,19.75,79.5625,0.0,10.25,0.7186584249084249,5.75,15.875,0.39136612978524743,14.125,0.0,130.875
85,95,2025-04-20,1,1,2024-25,Houston Rockets,Golden State Warriors,119.625,45.0,62.5,12.125,46.75,12.625,34.125,27.625,13.625,2.216314223057644,15.0,36.5,41.2875,31.25,57.75,54.27545025334471,12.125,17.375,68.625,0.0,8.25,0.6302357456140351,5.0,17.375,0.29695815826330535,13.625,0.0,140.375,117.125,49.875,46.25,21.0,43.625,12.5,31.125,28.625,14.5,2.035492112054612,16.625,43.0,38.9875,23.125,44.375,51.87333353595429,21.0,25.125,81.52499999999999,0.0,11.25,0.784014423076923,3.375,17.5,0.19768455228981546,14.5,0.0,137.75
131,80,2025-04-20,1,1,2024-25,Oklahoma City Thunder,Memphis Grizzlies,124.375,45.375,62.25,16.75,43.25,10.375,32.875,26.875,10.625,2.644642857142857,15.125,40.0,37.7875,31.125,55.125,56.86296035122863,16.75,21.0,78.4,0.0,9.875,0.9925595238095237,5.125,19.75,0.26614135971527614,10.625,0.0,145.75,117.125,44.625,56.5,16.0,47.5,11.25,36.25,24.0,14.25,1.7304518398268396,14.875,41.5,36.1125,28.25,51.0,55.771022080522705,16.0,20.625,77.2875,0.0,8.25,0.6069983835608835,4.125,19.25,0.2212292764602547,14.25,0.0,132.75
102,105,2025-04-21,1,1,2024-25,Denver Nuggets,LA Clippers,118.5,30.75,66.5,21.25,47.125,10.5,36.625,29.0,13.625,2.4361124986124985,10.25,31.75,32.0125,33.25,56.75,58.903415097824734,21.25,27.5,77.7125,0.0,7.25,0.6129807692307692,4.5,16.625,0.2790928944421591,13.625,0.0,141.5,119.25,39.0,65.25,15.0,42.375,9.375,33.0,27.0,13.75,2.171595561301444,13.0,30.125,42.6375,32.625,56.625,57.65390147535729,15.0,18.625,80.175,0.0,8.875,0.729208077461754,3.125,18.0,0.18944608722068676,13.75,0.0,142.125
94,100,2025-04-21,1,1,2024-25,New York Knicks,Detroit Pistons,112.375,38.25,58.75,15.375,39.375,10.375,29.0,27.375,13.375,2.0867281003310416,12.75,34.25,37.7625,29.375,54.0,53.96193056179577,15.375,19.125,79.7125,0.0,9.125,0.7134378183091419,4.5,19.25,0.239716438532228,13.375,0.0,129.5,114.875,40.875,58.0,16.0,40.875,10.75,30.125,26.125,13.625,2.198907452196926,13.625,37.5,36.487500000000004,29.0,53.875,53.84008237133237,16.0,21.625,72.55,0.0,6.75,0.5782174696648381,6.375,20.375,0.32384030728996405,13.625,0.0,127.0
123,115,2025-04-22,1,1,2024-25,Indiana Pacers,Milwaukee Bucks,120.0,38.625,61.75,19.625,46.625,11.0,35.625,28.625,9.875,3.47985347985348,12.875,37.625,34.4625,30.875,56.0,55.56771286812127,19.625,26.125,75.75,0.0,8.375,0.982226800976801,8.625,17.875,0.49098912890515056,9.875,0.0,146.0,120.875,42.75,59.25,18.875,43.375,7.625,35.75,27.375,11.125,2.7485569985569986,14.25,36.0,39.1,29.625,51.375,58.12335427401135,18.875,26.25,71.875,0.0,7.5,0.7649621212121211,4.75,16.375,0.2953956582633053,11.125,0.0,141.875
94,85,2025-04-22,1,1,2024-25,Los Angeles Lakers,Minnesota Timberwolves,114.25,48.375,48.25,17.625,40.5,10.875,29.625,22.625,14.75,1.627109629276812,16.125,38.75,41.337500000000006,24.125,44.875,53.800184099526206,17.625,22.625,77.6625,0.0,7.375,0.5403341498542737,3.625,16.625,0.22066942719116633,14.75,0.0,125.25,119.125,45.375,58.0,15.75,46.625,12.25,34.375,27.125,14.0,1.9980139652014652,15.125,40.75,36.8875,29.0,47.625,61.50919224314755,15.75,20.875,76.25,0.0,6.0,0.4491872710622711,5.375,19.875,0.3313788111398406,14.0,0.0,140.875
118,99,2025-04-22,1,1,2024-25,Oklahoma City Thunder,Memphis Grizzlies,122.625,43.125,63.25,16.25,44.5,10.75,33.75,26.5,10.875,2.5776785714285713,14.375,40.625,35.525000000000006,31.625,54.625,58.360286554437195,16.25,20.0,80.275,0.0,10.0,0.988095238095238,5.375,19.75,0.28176635971527614,10.875,0.0,145.125,114.25,42.75,55.5,16.0,47.25,12.25,35.0,23.625,15.875,1.5855654761904763,14.25,40.25,35.1875,27.75,52.375,53.46699665679389,16.0,20.125,79.8875,0.0,8.0,0.5411839896214896,4.25,19.125,0.23112510979358805,15.875,0.0,126.75
109,94,2025-04-23,1,1,2024-25,Houston Rockets,Golden State Warriors,111.75,40.5,60.0,11.25,47.625,13.75,33.875,25.375,14.5,1.8935201054105855,13.5,36.25,36.6125,30.0,56.625,53.22038077315943,11.25,16.75,66.5,0.0,7.625,0.5214122162022703,4.875,17.375,0.28862482492997205,14.5,0.0,127.875,112.25,46.125,47.25,18.875,42.0,11.375,30.625,27.5,14.875,1.884518086080586,15.375,40.0,38.7625,23.625,44.5,52.877561865764015,18.875,23.375,78.85,0.0,11.625,0.784014423076923,3.125,17.0,0.18758354218880532,14.875,0.0,131.625
121,112,2025-04-23,1,1,2024-25,Cleveland Cavaliers,Miami Heat,118.125,49.875,56.25,12.0,47.25,13.375,33.875,26.125,14.375,1.939658105375017,16.625,43.375,38.137499999999996,28.125,50.0,56.50447183884461,12.0,17.625,68.9375,0.0,8.125,0.6175842845879611,4.375,16.5,0.2604664308588541,14.375,0.0,135.375,118.25,42.75,61.5,14.0,45.25,11.875,33.375,27.125,10.375,2.934815184815185,14.25,35.75,40.0125,30.75,57.125,53.81909303582842,14.0,17.5,79.275,0.0,8.375,0.9093864468864469,4.375,15.25,0.29833010127127774,10.375,0.0,141.625
109,100,2025-04-23,1,1,2024-25,Boston Celtics,Orlando Magic,108.875,48.375,49.0,11.5,47.25,13.25,34.0,26.25,12.375,2.297367216117216,16.125,44.5,35.7125,24.5,44.0,55.6665115729046,11.5,14.75,76.7625,0.0,7.125,0.5816157800532801,5.375,13.125,0.4308110190463132,12.375,0.0,131.375,105.875,39.0,52.25,14.625,41.375,10.875,30.5,24.125,14.25,1.743337912087912,13.0,34.5,37.400000000000006,26.125,50.125,52.15669622336591,14.625,18.125,80.8375,0.0,9.625,0.6710393772893772,6.125,15.75,0.41424194677871146,14.25,0.0,123.875
116,118,2025-04-24,1,1,2024-25,Detroit Pistons,New York Knicks,114.5,39.375,58.25,16.875,41.5,10.875,30.625,25.0,13.25,2.1532660048285046,13.125,36.75,35.475,29.125,52.75,55.21736200659073,16.875,22.75,72.35,0.0,7.0,0.6000102328227328,6.0,20.25,0.3096736406232974,13.25,0.0,127.625,111.0,37.875,57.5,15.625,38.75,9.375,29.375,26.25,13.125,2.033156671759613,12.625,34.125,37.512499999999996,28.75,53.0,53.770706729267594,15.625,19.375,79.9375,0.0,9.25,0.7301788897377133,4.375,19.625,0.23224036197720407,13.125,0.0,127.0
117,83,2025-04-24,1,1,2024-25,LA Clippers,Denver Nuggets,118.125,39.0,65.5,13.625,42.625,10.0,32.625,26.625,13.5,2.184707449413332,13.0,30.375,42.3375,32.75,57.5,56.84619202794196,13.625,16.875,80.4875,0.0,9.375,0.7903968886505652,3.25,19.25,0.16678526850723646,13.5,0.0,141.125,113.875,31.5,63.5,18.875,47.75,11.375,36.375,27.75,13.875,2.350695831945832,10.5,31.5,33.075,31.75,56.125,56.606974835958944,18.875,24.75,76.28750000000001,0.0,7.375,0.6143696581196582,3.75,15.625,0.2482487385980033,13.875,0.0,135.375
108,114,2025-04-24,1,1,2024-25,Memphis Grizzlies,Oklahoma City Thunder,111.0,39.75,56.25,15.0,47.125,12.375,34.75,23.0,15.75,1.5553571428571429,13.25,38.625,34.112500000000004,28.125,53.875,52.737829990127224,15.0,19.125,78.91250000000001,0.0,7.5,0.5114964896214895,4.125,17.875,0.2465933372183372,15.75,0.0,121.75,122.5,45.0,62.75,14.75,45.625,11.125,34.5,26.0,10.5,2.6401785714285713,15.0,41.5,36.400000000000006,31.375,54.75,57.819667033689086,14.75,18.125,80.36250000000001,0.0,9.5,0.9809523809523809,5.0,19.375,0.27189793866264456,10.5,0.0,144.875
116,104,2025-04-25,1,1,2024-25,Minnesota Timberwolves,Los Angeles Lakers,112.25,40.125,56.0,16.125,44.375,10.75,33.625,24.5,13.875,1.8201293498168498,13.375,37.625,34.6375,28.0,46.75,60.53393419821737,16.125,20.875,77.75,0.0,6.125,0.46223672161172163,5.375,18.375,0.3353895063270063,13.875,0.0,131.0,111.5,43.875,50.0,17.625,40.75,10.25,30.5,22.625,15.25,1.5449667721339546,14.625,36.5,39.1375,25.0,45.75,54.678110520930886,17.625,22.25,79.2875,0.0,7.25,0.5135484355685594,4.0,16.75,0.23561507936507936,15.25,0.0,123.625
117,101,2025-04-25,1,1,2024-25,Milwaukee Bucks,Indiana Pacers,119.5,42.0,59.25,18.25,43.75,8.125,35.625,26.625,11.75,2.588045634920635,14.0,36.5,37.65,29.625,51.5,57.98195155907922,18.25,25.25,72.0875,0.0,7.0,0.7088541666666666,4.625,17.0,0.27236934247383165,11.75,0.0,138.375,120.5,37.875,61.5,21.125,46.625,10.5,36.125,28.75,10.125,3.344436813186813,12.625,36.625,34.9,30.75,56.375,54.94135121234785,21.125,27.25,79.5,0.0,8.125,0.8988934676434677,8.25,18.25,0.4638509710104137,10.125,0.0,146.375
95,93,2025-04-25,1,1,2024-25,Orlando Magic,Boston Celtics,107.5,39.0,54.5,14.0,41.625,11.0,30.625,24.125,13.25,1.9147664835164835,13.0,34.875,37.05,27.25,50.5,53.95386603468666,14.0,18.375,77.28750000000001,0.0,9.125,0.6948489010989012,6.125,16.5,0.40656931250761175,13.25,0.0,125.75,109.625,48.375,48.25,13.0,47.625,12.5,35.125,25.375,12.125,2.2597798035298036,16.125,43.75,36.275000000000006,24.125,43.875,54.97280121349656,13.0,16.875,76.075,0.0,7.5,0.6209514443889443,5.125,13.375,0.4130091614611739,12.125,0.0,131.875
115,117,2025-04-26,1,1,2024-25,Memphis Grizzlies,Oklahoma City Thunder,110.75,39.0,55.75,16.0,46.125,12.0,34.125,22.875,15.5,1.5683779761904761,13.0,39.125,33.0125,27.875,53.125,53.0621683398937,16.0,20.25,79.1875,0.0,7.625,0.5262534340659341,4.5,18.5,0.25685903770142904,15.5,0.0,120.75,122.875,45.0,61.75,16.125,46.875,11.75,35.125,26.0,10.0,2.712905844155844,15.0,41.875,36.0375,30.875,54.0,57.64605592257798,16.125,20.375,79.075,0.0,9.875,1.0362554112554112,4.75,19.75,0.2561370690974272,10.0,0.0,146.125
104,93,2025-04-26,1,1,2024-25,Golden State Warriors,Houston Rockets,108.625,45.375,46.25,17.0,40.375,10.5,29.875,26.5,15.125,1.779389880952381,15.125,40.125,38.05,23.125,44.125,52.03296727116942,17.0,21.75,76.0,0.0,11.875,0.7942708333333333,3.625,16.625,0.21734544695071012,15.125,0.0,125.125,113.125,42.375,59.25,11.5,47.125,13.875,33.25,24.75,14.25,1.8787765156669956,14.125,37.25,37.387499999999996,29.625,55.25,53.82106727201526,11.5,17.125,66.2,0.0,7.875,0.5496173444073986,4.75,17.0,0.28678658963585435,14.25,0.0,129.0
99,101,2025-04-26,1,1,2024-25,LA Clippers,Denver Nuggets,118.5,40.5,63.5,14.5,42.625,10.5,32.125,27.0,13.25,2.259008148714031,13.5,31.5,42.275000000000006,31.75,55.625,56.74025982455213,14.5,18.375,79.6,0.0,8.5,0.7300822033358798,3.75,18.625,0.2006016936280094,13.25,0.0,141.375,111.0,29.25,63.25,18.5,45.25,11.0,34.25,27.25,14.375,2.256945831945832,9.75,29.25,32.75,31.625,56.0,56.479712392520035,18.5,24.125,76.5375,0.0,7.0,0.5727029914529914,3.625,16.75,0.2244392147884795,14.375,0.0,130.25
87,124,2025-04-26,1,1,2024-25,Miami Heat,Cleveland Cavaliers,116.75,43.5,60.75,12.5,45.75,11.625,34.125,27.0,11.5,2.475886613386613,14.5,37.625,38.62499999999999,30.375,55.0,56.007248172096766,12.5,16.125,77.53750000000001,0.0,7.625,0.7111721611721612,4.5,16.0,0.2988361741457717,11.5,0.0,138.75,117.75,53.625,51.0,13.125,46.0,12.25,33.75,26.25,13.875,2.0518375925545045,17.875,44.375,40.2,25.5,47.5,53.91438174875452,13.125,18.75,69.6375,0.0,8.375,0.6795500965537731,3.875,15.875,0.23535959325201652,13.875,0.0,134.25
116,113,2025-04-27,1,1,2024-25,Minnesota Timberwolves,Los Angeles Lakers,113.625,40.125,57.25,16.25,43.5,10.625,32.875,24.125,13.0,1.9053566225441225,13.375,36.875,35.275,28.625,49.125,58.55161096589414,16.25,20.875,78.3375,0.0,6.625,0.5342064185814186,4.75,19.125,0.2721303970152654,13.0,0.0,131.0,109.0,44.25,48.75,16.0,41.0,10.125,30.875,22.0,16.0,1.4331246668707969,14.75,36.375,39.575,24.375,45.75,53.033373678825626,16.0,21.25,75.8,0.0,7.0,0.4791354801029724,4.625,17.375,0.25976966873706003,16.0,0.0,119.375
93,94,2025-04-27,1,1,2024-25,Detroit Pistons,New York Knicks,114.375,40.875,56.75,16.75,41.0,10.75,30.25,24.375,13.25,2.108623147685648,13.625,37.125,36.4625,28.375,52.0,54.493799854457144,16.75,22.75,71.88749999999999,0.0,6.375,0.5553673756798756,5.625,22.0,0.26503078348044024,13.25,0.0,125.375,110.625,36.75,57.0,16.875,39.0,9.75,29.25,25.0,12.75,1.9974423860453272,12.25,34.5,35.7375,28.5,52.875,53.434006392567255,16.875,20.625,80.625,0.0,9.625,0.7837503183091419,4.625,20.75,0.22393616617300827,12.75,0.0,125.75
103,129,2025-04-27,1,1,2024-25,Milwaukee Bucks,Indiana Pacers,119.0,44.625,56.75,17.625,43.875,9.0,34.875,26.5,12.25,2.4544986263736264,14.875,38.625,38.0625,28.375,49.625,57.67193171780938,17.625,24.375,72.4,0.0,7.25,0.7024439102564102,4.75,17.125,0.2780882967221977,12.25,0.0,137.375,115.625,38.25,58.25,19.125,45.25,10.0,35.25,28.0,11.0,2.9515796703296706,12.75,37.75,34.175,29.125,55.375,53.021372694624965,19.125,24.125,80.56250000000001,0.0,8.125,0.8274648962148963,6.625,18.625,0.36385097101041375,11.0,0.0,136.375
98,107,2025-04-27,1,1,2024-25,Orlando Magic,Boston Celtics,104.875,35.25,54.75,14.875,41.75,11.625,30.125,22.625,13.375,1.7883928571428573,11.75,33.0,35.387499999999996,27.375,51.5,53.058973193829395,14.875,20.125,73.92500000000001,0.0,8.75,0.6598214285714286,5.75,17.5,0.369975109609061,13.375,0.0,119.75,105.875,46.5,46.5,12.875,46.375,12.25,34.125,23.75,13.875,1.8490655178155178,15.5,42.25,35.95,23.25,43.75,53.282863270234145,12.875,16.875,75.5,0.0,8.5,0.6566657301032301,5.25,14.25,0.4057976229996354,13.875,0.0,124.625
83,138,2025-04-28,1,1,2024-25,Miami Heat,Cleveland Cavaliers,114.125,44.25,58.5,11.375,43.5,10.375,33.125,26.25,12.25,2.335512281835811,14.75,37.75,39.2125,29.25,52.5,55.72883035335637,11.375,15.0,75.7625,0.0,7.0,0.6302898082309847,3.875,15.5,0.2732759500561358,12.25,0.0,132.625,119.0,51.0,54.0,14.0,46.25,13.0,33.25,26.375,13.125,2.1875327797202795,17.0,43.0,39.5,27.0,48.75,55.741072570010566,14.0,19.5,71.3375,0.0,8.5,0.7149779040404041,3.5,16.125,0.2052313881238114,13.125,0.0,137.25
109,106,2025-04-28,1,1,2024-25,Golden State Warriors,Houston Rockets,106.875,44.625,45.75,16.5,41.5,10.375,31.125,26.625,14.625,1.881175595238095,14.875,41.0,36.675,22.875,43.5,52.22741171561386,16.5,21.375,74.8875,0.0,11.25,0.7817708333333333,4.125,17.375,0.23639306599832915,14.625,0.0,124.125,106.875,39.375,55.75,11.75,45.625,13.5,32.125,23.375,14.875,1.6621098490003288,13.125,35.125,37.025,27.875,55.125,50.938980772891945,11.75,17.75,65.5875,0.0,8.0,0.5412840110740652,4.75,16.875,0.2892375700280112,14.875,0.0,118.5
103,106,2025-04-29,1,1,2024-25,New York Knicks,Detroit Pistons,108.375,37.875,54.75,15.75,38.625,10.5,28.125,23.875,12.125,2.001609052711994,12.625,35.125,36.0625,27.375,54.375,49.92013832660024,15.75,19.875,77.85000000000001,0.0,10.25,0.8712503183091418,4.625,20.625,0.2251616563690867,12.125,0.0,120.0,113.125,39.375,57.5,16.25,42.25,11.5,30.75,23.625,14.75,1.7984727717457982,13.125,35.5,36.2,28.75,52.125,55.06619042684772,16.25,22.0,72.4,0.0,6.0,0.4341267741761163,6.0,21.75,0.29173356985814924,14.75,0.0,124.75
120,89,2025-04-29,1,1,2024-25,Boston Celtics,Orlando Magic,103.75,40.875,46.75,16.125,44.375,10.5,33.875,21.75,13.5,1.7476044788544787,13.625,39.625,33.800000000000004,23.375,43.875,53.410060310012135,16.125,20.125,78.8875,0.0,8.625,0.6826397560772561,5.5,15.25,0.3878237667904851,13.5,0.0,120.0,103.5,34.125,55.5,13.875,40.625,10.875,29.75,22.125,13.125,1.794642857142857,11.375,33.0,34.1375,27.75,52.25,53.034105819824084,13.875,19.5,71.675,0.0,8.5,0.6494047619047618,5.25,19.0,0.307475109609061,13.125,0.0,115.125
119,118,2025-04-29,1,1,2024-25,Indiana Pacers,Milwaukee Bucks,116.125,39.375,58.5,18.25,45.25,9.75,35.5,28.25,11.75,2.6182463369963367,13.125,37.125,35.6875,29.25,54.375,54.660358708610985,18.25,23.125,80.425,0.0,7.25,0.6503815628815629,6.625,18.5,0.3670678827751196,11.75,0.0,137.75,118.0,46.125,54.25,17.625,41.625,8.875,32.75,26.0,12.375,2.3272664835164836,15.375,39.25,38.825,27.125,48.625,56.29372658960425,17.625,23.75,74.75,0.0,6.75,0.6176224816849816,4.375,17.625,0.24931845545235637,12.375,0.0,132.875
131,115,2025-04-29,1,1,2024-25,Denver Nuggets,LA Clippers,110.625,28.5,63.75,18.375,46.375,11.625,34.75,27.25,12.875,2.372330447330447,9.5,29.0,32.225,31.875,57.875,54.80569475017841,18.375,24.5,73.6,0.0,6.875,0.596741452991453,3.625,16.625,0.22607320171658407,12.875,0.0,130.25,114.0,40.125,60.0,13.875,42.375,10.875,31.5,26.25,13.625,2.0179367201426026,13.375,31.75,41.525,30.0,54.375,55.08584805984625,13.875,17.875,78.19999999999999,0.0,8.0,0.6211536319073084,4.0,18.375,0.21480623908255486,13.625,0.0,134.25
96,103,2025-04-30,1,1,2024-25,Los Angeles Lakers,Minnesota Timberwolves,107.375,43.125,47.0,17.25,40.75,10.5,30.25,21.75,15.375,1.4888844707923654,14.375,37.25,37.75,23.5,44.375,52.654585800037744,17.25,22.25,77.975,0.0,7.0,0.49751783304414887,5.25,18.375,0.28114648033126294,15.375,0.0,118.0,113.875,41.25,55.75,16.875,43.75,11.125,32.625,23.75,12.25,1.985912178099678,13.75,37.125,36.0875,27.875,50.0,56.12844311719438,16.875,21.375,79.1375,0.0,7.0,0.603650863025863,4.125,19.625,0.22695495841877417,12.25,0.0,130.25
131,116,2025-04-30,1,1,2024-25,Houston Rockets,Golden State Warriors,104.5,38.625,54.5,11.375,44.75,13.375,31.375,22.625,14.625,1.635186772077252,12.875,34.375,37.4,27.25,54.0,50.83977442368559,11.375,18.375,62.675,0.0,7.5,0.5156429854330395,4.875,17.5,0.2858893557422969,14.625,0.0,114.375,108.5,45.0,45.25,18.25,40.0,9.625,30.375,26.5,13.375,2.043675595238095,15.0,41.375,36.65,22.625,42.75,52.45838997648343,18.25,22.75,79.4375,0.0,10.625,0.7942708333333333,4.125,18.375,0.22989955950482263,13.375,0.0,125.375
113,116,2025-05-01,1,1,2024-25,Detroit Pistons,New York Knicks,111.75,37.5,57.25,17.0,43.25,11.375,31.875,22.5,15.375,1.5693061050791315,12.5,34.25,35.4875,28.625,52.875,54.066190426847726,17.0,23.0,72.5,0.0,6.125,0.403372805922148,6.625,21.875,0.31686943942336665,15.375,0.0,122.875,106.625,37.125,53.0,16.5,38.25,10.25,28.0,22.75,12.625,1.841760567863509,12.375,33.5,36.95,26.5,54.625,48.34809925456116,16.5,21.25,77.45,0.0,9.875,0.8220078940667177,5.125,21.375,0.2357436669510973,12.625,0.0,116.0
111,105,2025-05-01,1,1,2024-25,LA Clippers,Denver Nuggets,113.125,39.0,59.5,14.625,40.875,10.375,30.5,26.125,12.75,2.1598484848484847,13.0,31.625,40.425000000000004,29.75,53.125,55.88698612513525,14.625,19.375,76.8625,0.0,8.0,0.6520359848484849,5.0,19.25,0.2624252867016025,12.75,0.0,133.625,112.0,31.875,61.0,19.125,45.25,11.5,33.75,26.75,12.5,2.417522755022755,10.625,29.25,35.4375,30.5,56.75,53.64927356941152,19.125,25.125,75.05,0.0,7.5,0.6650106837606837,3.625,17.125,0.21626928014795663,12.5,0.0,131.75
107,115,2025-05-02,1,1,2024-25,Golden State Warriors,Houston Rockets,106.375,45.0,44.75,16.625,39.0,10.375,28.625,25.75,13.25,2.008556547619048,15.0,41.875,36.225,22.375,43.5,51.31512166820073,16.625,21.25,77.6625,0.0,10.125,0.7668898809523809,4.375,20.5,0.2155477076529708,13.25,0.0,119.75,107.625,39.75,53.25,14.625,43.5,12.375,31.125,22.25,14.25,1.6532156182310982,13.25,34.375,38.65,26.625,52.125,51.70782997924115,14.625,21.125,68.5125,0.0,7.25,0.5162439469715011,4.875,18.375,0.26732874968169085,14.25,0.0,118.125
120,101,2025-05-03,1,1,2024-25,Denver Nuggets,LA Clippers,109.625,31.125,61.75,16.75,44.5,11.25,33.25,26.0,13.375,2.0960941835941838,10.375,28.375,35.75,30.875,57.375,53.67457721313622,16.75,22.375,73.31249999999999,0.0,7.375,0.5935821123321123,3.875,16.875,0.2397067801479566,13.375,0.0,127.875,110.25,36.375,60.0,13.875,39.875,10.125,29.75,24.875,12.125,2.2268127705627703,12.125,31.875,37.85,30.0,52.375,57.292044334689656,13.875,18.875,75.19999999999999,0.0,7.875,0.7085836038961039,5.75,19.75,0.3033343776106934,12.125,0.0,129.375
89,103,2025-05-04,1,1,2024-25,Houston Rockets,Golden State Warriors,107.375,36.75,52.75,17.875,44.75,12.875,31.875,22.125,14.125,1.66008375009923,12.25,33.125,37.4,26.375,52.125,51.18699664590782,17.875,25.625,68.725,0.0,7.875,0.5691285623561165,5.0,18.875,0.26633668618962736,14.125,0.0,118.625,105.875,44.625,45.25,16.0,38.625,10.0,28.625,25.375,13.875,1.8976496848739495,14.875,42.0,35.887499999999996,22.625,43.875,51.44349137295041,16.0,20.5,77.625,0.0,9.875,0.7276741946778712,4.875,21.875,0.2273898129161287,13.875,0.0,117.875
112,121,2025-05-04,1,1,2024-25,Cleveland Cavaliers,Indiana Pacers,122.125,55.5,51.25,15.375,47.75,12.375,35.375,25.75,12.625,2.216178613053613,18.5,44.125,42.0625,25.625,47.375,54.75389308283107,15.375,20.25,75.10000000000001,0.0,9.0,0.7852904040404041,3.625,15.5,0.23096668224145844,12.625,0.0,143.375,118.0,40.5,60.25,17.25,44.75,9.25,35.5,28.625,12.25,2.557348901098901,13.5,36.875,37.025,30.125,55.375,55.34946127271355,17.25,22.0,80.0,0.0,7.625,0.6493131868131868,6.5,18.875,0.35432117224880383,12.25,0.0,139.875
105,108,2025-05-05,1,1,2024-25,Boston Celtics,New York Knicks,103.875,38.625,49.0,16.25,44.375,9.75,34.625,22.25,13.0,1.8718469030969032,12.875,36.5,35.725,24.5,45.625,53.713704034708485,16.25,20.0,79.825,0.0,8.25,0.6727912712287712,5.375,15.375,0.37924533541793604,13.0,0.0,122.625,107.875,36.75,53.0,18.125,39.375,10.5,28.875,21.0,12.625,1.7388193913929209,12.25,33.0,37.0625,26.5,54.625,48.34809925456116,18.125,23.25,77.625,0.0,9.25,0.7852431881843647,4.875,21.75,0.2189972554678437,12.625,0.0,115.75
119,121,2025-05-05,1,1,2024-25,Oklahoma City Thunder,Denver Nuggets,125.125,43.125,63.5,18.5,46.75,12.125,34.625,26.25,10.125,2.699512987012987,14.375,41.625,34.487500000000004,31.75,54.75,58.481521224784565,18.5,23.25,79.7,0.0,10.375,1.0786661255411254,5.25,20.125,0.2778282455680154,10.125,0.0,148.625,110.0,33.375,61.0,15.625,43.75,11.25,32.5,25.0,13.25,2.038401875901876,11.125,29.0,37.8875,30.5,56.625,53.77550699047901,15.625,21.125,72.5625,0.0,7.625,0.6216269841269841,4.125,17.625,0.24674002822979807,13.25,0.0,127.75
119,120,2025-05-06,1,1,2024-25,Cleveland Cavaliers,Indiana Pacers,119.25,49.5,53.75,16.0,47.5,12.0,35.5,24.5,12.0,2.2702651515151517,16.5,42.625,38.775,26.875,48.625,55.75389308283107,16.0,20.875,76.4375,0.0,8.375,0.7852904040404041,3.375,15.625,0.21377918224145848,12.0,0.0,138.25,118.875,42.375,59.25,17.25,44.375,8.875,35.5,28.875,13.125,2.4279371363930187,14.125,36.25,39.3625,29.625,54.75,55.027243596772465,17.25,21.375,82.91250000000001,0.0,8.0,0.6559308338720105,6.25,19.375,0.32463367224880385,13.125,0.0,141.875
88,99,2025-05-06,1,1,2024-25,Minnesota Timberwolves,Golden State Warriors,113.875,39.0,56.0,18.875,45.25,12.125,33.125,23.75,12.125,2.003082507770008,13.0,38.0,33.887499999999996,28.0,49.125,57.61653835528962,18.875,24.375,77.11250000000001,0.0,7.5,0.6448596542346543,4.375,20.0,0.23537887146225245,12.125,0.0,131.0,105.875,46.125,45.75,14.0,37.75,9.5,28.25,25.125,12.875,2.1095544467787115,15.375,41.875,37.15,22.875,43.875,52.084517013976054,14.0,18.125,77.0875,0.0,8.75,0.7098170518207283,5.0,21.25,0.25276575276575275,12.875,0.0,118.0
90,91,2025-05-07,1,1,2024-25,Boston Celtics,New York Knicks,107.5,41.625,47.5,18.375,46.375,11.0,35.375,22.0,12.75,1.8763111888111887,13.875,39.0,36.6625,23.75,45.0,52.692146763151214,18.375,22.5,79.9875,0.0,8.125,0.669443056943057,5.375,16.75,0.35083624450884515,12.75,0.0,126.125,108.625,37.125,53.0,18.5,41.125,10.75,30.375,20.625,12.875,1.6715116990852286,12.375,32.5,37.925,26.5,55.0,48.028950318390955,18.5,24.625,75.72500000000001,0.0,9.125,0.7563970343382108,4.875,21.875,0.2182662613157969,12.875,0.0,116.75
149,106,2025-05-07,1,1,2024-25,Oklahoma City Thunder,Denver Nuggets,123.0,42.0,61.75,19.25,46.625,11.875,34.75,26.375,10.375,2.6102272727272724,14.0,42.375,32.775,30.875,53.5,58.05929027427396,19.25,24.25,79.875,0.0,10.75,1.0846185064935063,6.0,20.25,0.3047157099554798,10.375,0.0,146.375,109.375,33.375,60.25,15.75,45.75,12.5,33.25,23.75,14.375,1.774512987012987,11.125,29.375,37.4875,30.125,57.125,52.709459102397226,15.75,21.375,72.3,0.0,7.5,0.5660714285714286,4.0,18.625,0.2188096252993951,14.375,0.0,125.125
117,93,2025-05-08,1,1,2024-25,Minnesota Timberwolves,Golden State Warriors,107.25,33.375,56.25,17.625,45.25,12.625,32.625,22.5,12.125,1.9249575077700078,11.125,36.125,30.349999999999998,28.125,50.875,55.836652594375714,17.625,23.0,76.975,0.0,7.625,0.6526721542346543,4.75,19.5,0.2560931571765382,12.125,0.0,122.125,103.375,47.25,42.75,13.375,41.0,11.375,29.625,24.5,13.125,2.047922502334267,15.75,43.0,36.825,21.375,43.75,48.92026580624658,13.375,17.125,78.1375,0.0,8.625,0.6933239962651727,4.5,21.0,0.22915464165464167,13.125,0.0,115.5
104,126,2025-05-09,1,1,2024-25,Indiana Pacers,Cleveland Cavaliers,119.5,42.0,60.5,17.0,44.375,8.125,36.25,29.375,12.875,2.4723815808374634,14.0,36.125,39.1,30.25,54.375,56.430752368702294,17.0,20.625,83.75,0.0,7.875,0.6545419449831215,6.5,20.25,0.32185027143908723,12.875,0.0,144.875,120.125,47.25,54.25,18.625,46.625,12.375,34.25,24.5,12.25,2.2283071095571096,15.75,42.875,36.5625,27.125,47.375,57.28876932841128,18.625,23.625,78.5,0.0,9.0,0.8228778166278166,3.625,16.25,0.22010358700336322,12.25,0.0,139.25
113,104,2025-05-09,1,1,2024-25,Denver Nuggets,Oklahoma City Thunder,108.625,35.625,56.75,16.25,44.875,12.625,32.25,23.0,15.625,1.6089285714285713,11.875,30.625,38.387499999999996,28.375,55.0,51.23930984866588,16.25,22.0,72.3375,0.0,6.625,0.4648809523809524,4.625,20.0,0.2377272498204679,15.625,0.0,121.0,126.0,43.5,62.0,20.5,46.625,11.875,34.75,27.25,10.0,2.790782828282828,14.5,43.125,33.325,31.0,53.125,58.712086770230826,20.5,25.375,80.6875,0.0,10.875,1.1367018398268398,6.75,21.0,0.3324934877332576,10.0,0.0,151.875
93,115,2025-05-10,1,1,2024-25,New York Knicks,Boston Celtics,105.875,34.5,54.75,16.625,41.875,10.75,31.125,19.625,13.375,1.5386991990852286,11.5,31.125,36.7875,27.375,56.375,48.42667759111823,16.625,22.625,74.66250000000001,0.0,9.25,0.7381678676715442,5.125,20.75,0.24232876131579692,13.375,0.0,113.75,102.5,36.75,47.0,18.75,46.25,11.75,34.5,19.75,13.625,1.5638111888111887,12.25,37.625,34.15,23.5,46.25,50.86133868234313,18.75,22.875,80.6125,0.0,8.125,0.6231195275312922,5.0,17.5,0.29669185948210713,13.625,0.0,115.75
97,102,2025-05-10,1,1,2024-25,Golden State Warriors,Minnesota Timberwolves,103.125,46.125,43.0,14.0,41.75,11.875,29.875,24.875,13.875,2.0131010737628383,15.375,43.0,35.65,21.5,43.75,49.20435671533749,14.0,18.5,76.3125,0.0,7.875,0.6183239962651728,4.625,20.75,0.23783519721019722,13.875,0.0,114.0,107.25,35.25,55.5,16.5,44.125,13.125,31.0,23.25,12.25,1.9610152000777001,11.75,36.875,31.3125,27.75,51.375,54.41273955089745,16.5,21.875,75.6125,0.0,8.25,0.6967426670551671,4.75,20.375,0.2428355814189624,12.25,0.0,121.25
129,109,2025-05-11,1,1,2024-25,Indiana Pacers,Cleveland Cavaliers,116.75,41.625,57.5,17.625,41.375,6.875,34.5,29.25,12.875,2.462766196222079,13.875,34.625,39.875,28.75,51.0,56.761921199871125,17.625,22.125,81.575,0.0,6.75,0.56800348344466,6.25,21.375,0.29383303005977685,12.875,0.0,140.0,122.375,48.375,54.5,19.5,47.5,13.0,34.5,24.625,12.125,2.250926157176157,16.125,44.875,35.85,27.25,48.25,56.555586391577805,19.5,24.5,79.2125,0.0,8.75,0.8091873404373404,4.25,17.375,0.2390515508042682,12.125,0.0,140.625
87,92,2025-05-11,1,1,2024-25,Denver Nuggets,Oklahoma City Thunder,110.0,36.375,56.75,16.875,44.75,11.375,33.375,23.25,15.125,1.6604910714285714,12.125,31.625,37.912499999999994,28.375,54.75,51.511177460959026,16.875,22.25,74.2875,0.0,6.75,0.48519345238095235,5.375,20.875,0.2704653450585631,15.125,0.0,123.75,120.875,37.875,61.75,21.25,47.5,13.5,34.0,25.125,10.125,2.5510101010101005,12.625,40.875,30.875,30.875,55.875,55.817390501344,21.25,26.5,80.5625,0.0,10.25,1.0662472943722943,7.0,21.5,0.33879600874166094,10.125,0.0,142.125
110,117,2025-05-12,1,1,2024-25,Golden State Warriors,Minnesota Timberwolves,103.5,43.5,45.25,14.75,42.125,12.5,29.625,24.75,13.875,2.004767740429505,14.5,40.5,36.15,22.625,46.375,49.18688234441485,14.75,18.875,78.8,0.0,7.75,0.6099906629318395,4.75,21.5,0.23262686387686388,13.875,0.0,115.125,105.5,35.25,53.0,17.25,42.875,12.625,30.25,23.875,13.25,1.9065280205905206,11.75,35.75,32.3125,26.5,50.5,52.902322884230784,17.25,22.5,77.13749999999999,0.0,7.625,0.6340137293262295,4.5,21.25,0.21056655967983195,13.25,0.0,117.875
121,113,2025-05-12,1,1,2024-25,New York Knicks,Boston Celtics,102.125,32.625,51.75,17.75,42.75,11.875,30.875,18.375,13.375,1.4250628354488648,10.875,31.0,34.475,25.875,54.875,47.28692182449679,17.75,24.875,72.2125,0.0,8.125,0.6358951403988168,4.25,20.125,0.20438233274436834,13.375,0.0,106.0,105.25,39.0,46.75,19.5,45.375,11.375,34.0,19.875,13.5,1.5918560606060606,13.0,37.0,36.5125,23.375,46.0,50.841958837381895,19.5,23.375,82.9875,0.0,7.375,0.5702349121466768,5.25,19.0,0.2815819693722171,13.5,0.0,119.125
105,114,2025-05-13,1,1,2024-25,Cleveland Cavaliers,Indiana Pacers,121.25,46.875,52.0,22.375,44.5,12.0,32.5,24.5,12.125,2.245244338994339,15.625,41.75,37.099999999999994,26.0,45.75,56.360781196772614,22.375,26.75,83.3375,0.0,9.0,0.8205509768009768,3.625,18.0,0.2079956501831502,12.125,0.0,140.5,118.25,42.375,58.75,17.125,40.625,7.25,33.375,30.375,13.25,2.4457207416766242,14.125,34.75,40.462500000000006,29.375,52.375,56.37674144932086,17.125,21.375,81.9625,0.0,6.75,0.5424353016264782,5.75,22.0,0.26900138022812703,13.25,0.0,140.625
112,105,2025-05-13,1,1,2024-25,Oklahoma City Thunder,Denver Nuggets,118.0,38.25,59.0,20.75,47.625,13.25,34.375,25.625,10.625,2.5295815295815296,12.75,40.125,31.537499999999998,29.5,55.25,53.68077498557248,20.75,26.375,79.0625,0.0,10.375,1.0466044372294372,6.75,21.625,0.32841139335704556,10.625,0.0,139.0,110.5,37.875,54.25,18.375,46.125,11.5,34.625,22.875,14.875,1.6560267857142859,12.625,34.0,37.6,27.125,52.75,50.628824519782555,18.375,24.25,74.5625,0.0,7.375,0.5343005952380953,5.375,21.125,0.26891255002750725,14.875,0.0,124.5
127,102,2025-05-14,1,1,2024-25,Boston Celtics,New York Knicks,106.5,39.75,46.5,20.25,44.0,11.125,32.875,19.0,13.625,1.4981060606060606,13.25,38.375,35.8,23.25,44.25,53.07314163308082,20.25,24.375,83.1,0.0,6.75,0.5058409727527374,4.875,19.375,0.24913004629529398,13.625,0.0,117.25,105.5,33.375,55.25,16.875,43.875,12.625,31.25,19.625,13.125,1.55155093068696,11.125,30.875,35.3125,27.625,56.375,48.9548378664758,16.875,24.0,71.0625,0.0,7.75,0.6165499023035788,4.375,19.875,0.21120051456255018,13.125,0.0,112.375
121,110,2025-05-14,1,1,2024-25,Minnesota Timberwolves,Golden State Warriors,105.5,33.375,53.0,19.125,42.125,12.0,30.125,23.0,14.625,1.6749804015429015,11.125,34.75,31.95,26.5,50.625,52.757120864028764,19.125,24.5,78.19999999999999,0.0,7.75,0.5875851578976579,4.625,21.5,0.21393094891378645,14.625,0.0,115.25,104.25,41.25,46.25,16.75,41.25,13.0,28.25,23.75,14.625,1.820392740429505,13.75,38.25,35.9625,23.125,48.0,48.492437899970405,16.75,21.125,79.4,0.0,7.875,0.5756156629318394,4.125,22.0,0.20191257816257815,14.625,0.0,112.875
119,107,2025-05-15,1,1,2024-25,Denver Nuggets,Oklahoma City Thunder,111.0,39.0,53.5,18.5,46.375,12.0,34.375,21.875,15.125,1.5622767857142859,13.0,36.125,36.824999999999996,26.75,51.875,50.780954337226774,18.5,23.875,77.5,0.0,7.75,0.5499255952380953,5.25,21.75,0.2565462398670794,15.125,0.0,123.5,115.625,36.375,58.0,21.25,46.25,12.75,33.5,24.0,10.375,2.4536886724386724,12.125,37.75,32.2875,29.0,55.5,52.43216233296427,21.25,27.375,77.1875,0.0,9.75,1.0153544372294372,6.5,21.625,0.31278639335704556,10.375,0.0,133.5
119,81,2025-05-16,1,1,2024-25,New York Knicks,Boston Celtics,103.5,33.375,52.5,17.625,43.875,13.0,30.875,19.0,13.125,1.494732748868778,11.125,30.625,35.625,26.25,56.0,46.64002305166098,17.625,25.375,69.85000000000001,0.0,7.0,0.5483680841217606,4.0,19.625,0.19642778728982288,13.125,0.0,107.25,108.75,43.5,46.0,19.25,43.75,11.0,32.75,20.25,13.375,1.6799242424242424,14.5,39.875,37.362500000000004,23.0,43.25,53.95354030417716,19.25,23.5,81.8,0.0,6.375,0.47932582123758594,5.875,20.125,0.28281425682160977,13.375,0.0,121.75
125,93,2025-05-18,1,1,2024-25,Oklahoma City Thunder,Denver Nuggets,114.25,34.875,58.5,20.875,44.375,11.625,32.75,24.5,10.875,2.3627795815295816,11.625,37.125,31.5625,29.25,54.625,53.76853782188212,20.875,27.375,74.83749999999999,0.0,10.125,0.9974972943722943,6.0,23.125,0.2681435362141884,10.875,0.0,131.0,109.5,37.125,52.75,19.625,48.125,12.375,35.75,21.625,15.875,1.4107142857142858,12.375,36.0,35.074999999999996,26.375,52.0,49.951115063991274,19.625,25.0,78.2625,0.0,7.875,0.5249255952380952,5.125,21.125,0.2617545732004128,15.875,0.0,121.75
114,88,2025-05-20,1,1,2024-25,Oklahoma City Thunder,Minnesota Timberwolves,115.625,34.5,60.75,20.375,44.5,12.0,32.5,25.0,10.75,2.4400523088023083,11.5,37.25,31.137500000000003,30.375,55.75,54.67314308504002,20.375,26.25,76.025,0.0,10.875,1.0838609307359306,5.875,22.625,0.266141247884669,10.75,0.0,134.125,110.0,36.375,55.75,17.875,42.75,11.625,31.125,25.75,15.625,1.7546507312132311,12.125,35.5,34.6875,27.875,49.75,56.54455191209811,17.875,23.25,76.5375,0.0,8.375,0.5953690406815406,4.875,21.125,0.22888310202383427,15.625,0.0,125.5
135,138,2025-05-21,1,1,2024-25,New York Knicks,Indiana Pacers,106.625,33.75,54.25,18.625,46.0,13.375,32.625,19.75,13.625,1.480447034583064,11.25,32.125,34.387499999999996,27.125,54.5,49.61041285675843,18.625,25.75,73.525,0.0,6.5,0.4733680841217606,4.375,20.375,0.20697765941258506,13.625,0.0,114.25,117.125,42.0,58.25,16.875,41.75,7.0,34.75,29.875,14.0,2.2091135988194814,14.0,34.625,40.275000000000006,29.125,51.5,56.81015358486066,16.875,21.75,79.125,0.0,6.75,0.48886387305504964,6.375,23.0,0.2863015751599009,14.0,0.0,140.0
118,103,2025-05-22,1,1,2024-25,Oklahoma City Thunder,Minnesota Timberwolves,115.25,36.0,59.75,19.5,46.125,11.625,34.5,25.625,11.625,2.3213023088023084,12.0,35.5,35.1875,29.875,56.0,53.6172942381381,19.5,25.125,76.125,0.0,10.875,0.989069264069264,5.375,22.875,0.2394367024301235,11.625,0.0,136.375,106.5,37.125,51.5,17.875,43.25,12.0,31.25,25.0,16.625,1.6003445111175374,12.375,37.375,33.85,25.75,46.875,54.96784736664356,17.875,23.25,76.5375,0.0,7.75,0.5146274138872824,5.125,21.5,0.2357610924544563,16.625,0.0,119.5
109,114,2025-05-23,1,1,2024-25,New York Knicks,Indiana Pacers,110.625,34.5,56.0,20.125,45.625,13.125,32.5,20.375,13.625,1.5221137012497306,11.5,33.25,33.9375,28.0,53.875,51.549515420861,20.125,27.375,74.86250000000001,0.0,6.75,0.4900347507884273,4.125,19.875,0.20415962398585397,13.625,0.0,119.0,121.75,42.75,60.75,18.25,41.625,7.5,34.125,29.125,13.125,2.38768502739091,14.25,34.125,41.375,30.375,53.25,57.320357666493315,18.25,23.625,78.88749999999999,0.0,6.5,0.5245781587693353,6.25,23.5,0.27692657515990093,13.125,0.0,144.0
143,101,2025-05-24,1,1,2024-25,Minnesota Timberwolves,Oklahoma City Thunder,104.875,36.0,51.75,17.125,42.25,11.375,30.875,25.125,17.25,1.5150270508000772,12.0,37.75,32.512499999999996,25.875,46.125,55.92270847775467,17.125,22.375,76.3,0.0,7.0,0.4213734456333141,5.75,21.625,0.26635319771761423,17.25,0.0,116.5,115.125,33.75,62.0,19.375,46.0,11.125,34.875,26.0,11.5,2.4150523088023084,11.25,34.25,34.237500000000004,31.0,56.0,55.59097844866442,19.375,24.625,77.10000000000001,0.0,10.5,0.9630275974025974,4.375,22.25,0.20555623104965212,11.5,0.0,137.25
100,106,2025-05-25,1,1,2024-25,Indiana Pacers,New York Knicks,119.875,40.875,60.25,18.75,40.5,7.75,32.75,27.875,12.875,2.3376850273909096,13.625,33.0,41.0125,30.125,54.375,55.304920273697434,18.75,24.625,77.23750000000001,0.0,6.875,0.5683281587693353,5.75,24.375,0.23854342298598788,12.875,0.0,138.5,109.75,34.875,55.5,19.375,45.0,12.75,32.25,20.375,13.125,1.5628376831501831,11.625,33.5,34.075,27.75,53.375,51.601026409871984,19.375,26.25,75.575,0.0,6.75,0.5036094114219114,4.125,19.5,0.20774814073226544,13.125,0.0,118.5
126,128,2025-05-26,1,1,2024-25,Minnesota Timberwolves,Oklahoma City Thunder,109.875,40.875,53.25,15.75,41.75,10.5,31.25,25.75,16.875,1.6496424354154617,13.625,36.875,36.9,26.625,47.875,55.10425609680229,15.75,20.375,76.77499999999999,0.0,6.75,0.41945036871023716,5.5,21.0,0.2600126180074693,16.875,0.0,123.625,109.125,33.0,58.75,17.375,44.375,10.75,33.625,24.5,12.25,2.1428300865800862,11.0,35.25,32.6625,29.375,54.625,53.82211052413612,17.375,22.5,76.825,0.0,9.625,0.8380275974025975,3.75,21.75,0.18263956438298548,12.25,0.0,124.5
130,121,2025-05-27,1,1,2024-25,Indiana Pacers,New York Knicks,117.5,38.25,59.75,19.5,39.625,7.375,32.25,27.5,13.0,2.2944157966216787,12.75,32.0,38.962500000000006,29.875,53.375,55.817740786517945,19.5,25.25,78.0875,0.0,6.75,0.552531455472632,5.75,25.375,0.2307461520308222,13.0,0.0,135.625,109.5,32.625,56.25,20.625,43.5,12.375,31.125,19.625,13.375,1.4884787087912088,10.875,32.875,32.6375,28.125,52.875,52.85102640987199,20.625,26.125,79.975,0.0,6.375,0.4657888986013986,4.375,20.25,0.21459024599542334,13.375,0.0,117.75
124,94,2025-05-28,1,1,2024-25,Oklahoma City Thunder,Minnesota Timberwolves,112.125,35.625,59.0,17.5,42.125,10.875,31.25,24.25,12.625,2.066531385281385,11.875,35.5,34.85,29.5,53.25,55.10272021928854,17.5,22.375,77.82500000000002,0.0,10.5,0.8834821428571429,3.625,21.875,0.17533436957779064,12.625,0.0,127.75,114.625,45.75,52.25,16.625,41.75,11.375,30.375,27.125,17.75,1.6642484136763311,15.25,38.375,40.2375,26.125,46.125,56.01204883446039,16.625,21.75,75.575,0.0,6.875,0.4082411295798024,5.125,20.875,0.24304833229318357,17.75,0.0,129.5
111,94,2025-05-29,1,1,2024-25,New York Knicks,Indiana Pacers,113.25,33.75,55.75,23.75,43.25,12.75,30.5,19.375,13.5,1.4650412087912088,11.25,32.5,34.375,27.875,52.75,52.505908564754144,23.75,29.75,80.55,0.0,5.875,0.43132198683669276,4.25,21.625,0.19404626451394186,13.5,0.0,120.375,118.625,36.0,61.5,21.125,38.375,7.125,31.25,27.375,12.25,2.4033730158730156,12.0,31.5,37.4375,30.75,54.5,56.31166175916233,21.125,27.375,76.975,0.0,7.375,0.6334138084138085,5.125,26.25,0.1930146705493407,12.25,0.0,135.125
125,108,2025-05-31,1,1,2024-25,Indiana Pacers,New York Knicks,115.375,35.625,58.25,21.5,37.875,6.75,31.125,26.375,12.5,2.3339285714285714,11.875,31.75,36.6875,29.125,52.875,54.75663783571734,21.5,27.375,78.27499999999999,0.0,7.75,0.6473026973026974,4.875,25.75,0.1895181670528372,12.5,0.0,130.25,115.5,34.875,58.0,22.625,43.5,12.0,31.5,20.125,14.0,1.4665563603063603,11.625,33.0,35.325,29.0,53.375,53.86954492839051,22.625,28.125,80.5,0.0,6.875,0.48889774441245026,4.375,22.375,0.19546671905939642,14.0,0.0,125.125
110,111,2025-06-05,1,1,2024-25,Oklahoma City Thunder,Indiana Pacers,116.125,37.125,61.75,17.25,41.0,9.875,31.125,25.0,12.875,2.0910849567099565,12.375,34.75,36.800000000000004,30.875,54.125,56.94336829147886,17.25,21.75,78.925,0.0,11.125,0.9125000000000001,4.375,21.125,0.21571898496240605,12.875,0.0,134.625,118.0,38.625,59.0,20.375,37.75,7.0,30.75,26.875,12.5,2.37239010989011,12.875,32.125,39.375,29.5,53.125,55.22779168187119,20.375,25.5,79.6125,0.0,8.25,0.6857642357642358,5.0,25.0,0.20394845191040845,12.5,0.0,135.375
123,107,2025-06-08,1,1,2024-25,Oklahoma City Thunder,Indiana Pacers,115.875,36.75,61.5,17.625,40.5,10.125,30.375,23.75,12.0,2.117870670995671,12.25,34.875,36.212500000000006,30.75,56.0,55.25080447349883,17.625,21.875,80.075,0.0,12.0,1.1,4.375,21.5,0.20831766917293237,12.0,0.0,132.375,115.75,39.75,55.75,20.25,40.125,7.625,32.5,25.25,14.25,2.0719355644355644,13.25,32.625,39.7875,27.875,51.25,54.004856637765336,20.25,25.625,78.5375,0.0,7.625,0.6225824175824176,5.625,24.375,0.23446191992387644,14.25,0.0,132.0
116,107,2025-06-11,1,1,2024-25,Indiana Pacers,Oklahoma City Thunder,114.875,39.375,55.0,20.5,38.625,7.875,30.75,25.375,14.375,2.0647927072927073,13.125,33.25,38.8,27.5,50.625,53.93520111598215,20.5,26.125,78.0125,0.0,7.75,0.6261538461538462,5.375,24.125,0.2274248828868394,14.375,0.0,128.75,117.875,37.875,60.0,20.0,40.875,10.625,30.25,23.75,12.375,2.0569940476190474,12.625,34.375,37.6375,30.0,55.25,54.62371417249549,20.0,24.0,83.25,0.0,11.875,1.0642857142857143,4.375,20.5,0.21546052631578952,12.375,0.0,135.375
104,111,2025-06-13,1,1,2024-25,Indiana Pacers,Oklahoma City Thunder,112.125,37.125,54.75,20.25,38.25,7.375,30.875,25.125,15.25,1.8147927072927073,12.375,32.0,37.9,27.375,50.0,54.33544742140088,20.25,25.375,79.4375,0.0,8.625,0.6350824175824177,6.375,24.125,0.26909154955350606,15.25,0.0,127.875,115.625,37.125,58.0,20.5,40.625,9.875,30.75,22.25,13.5,1.812257205513784,12.375,32.25,39.475,29.0,55.25,52.86932820758321,20.5,24.75,82.9375,0.0,10.625,0.9037593984962405,4.5,20.625,0.22072368421052635,13.5,0.0,129.75
120,109,2025-06-16,1,1,2024-25,Oklahoma City Thunder,Indiana Pacers,115.25,34.125,59.0,22.125,40.25,10.25,30.0,20.25,13.625,1.6731947055137844,11.375,31.625,35.275000000000006,29.5,55.375,53.57662593365408,22.125,26.25,84.025,0.0,10.5,0.8891760651629073,4.5,21.125,0.21810130658814872,13.625,0.0,126.875,110.875,36.375,53.0,21.5,38.375,7.375,31.0,24.5,16.0,1.6538552072927073,12.125,32.75,36.3125,26.5,48.875,53.79406663237857,21.5,26.875,79.98749999999998,0.0,9.25,0.6460199175824177,6.375,24.625,0.266676090616308,16.0,0.0,125.0
108,91,2025-06-19,1,1,2024-25,Indiana Pacers,Oklahoma City Thunder,112.0,38.625,52.25,21.125,39.875,8.875,31.0,24.75,17.125,1.5913552072927073,12.875,33.375,38.4,26.125,48.875,53.07291278622473,21.125,26.5,79.76249999999999,0.0,9.25,0.6145758182035357,6.375,24.375,0.2681575720977895,17.125,0.0,126.5,115.5,36.0,56.5,23.0,40.625,11.5,29.125,19.5,14.0,1.4771719782410568,12.0,31.5,37.337500000000006,28.25,56.0,50.92382457541978,23.0,27.25,84.2875,0.0,11.25,0.9190056106174527,5.625,21.375,0.26355585204269416,14.0,0.0,127.0
103,91,2025-06-22,1,1,2024-25,Oklahoma City Thunder,Indiana Pacers,114.25,33.75,57.0,23.5,41.875,11.375,30.5,18.875,14.75,1.402171978241057,11.25,29.75,36.7,28.5,56.25,51.207915484510686,23.5,28.125,83.2,0.0,11.125,0.9011484677603098,5.75,21.375,0.2698058520426942,14.75,0.0,126.25,109.25,39.375,50.0,19.875,41.5,9.625,31.875,24.0,17.125,1.523173389110889,13.125,34.625,37.7875,25.0,48.125,51.68005564336759,19.875,25.625,77.7125,0.0,9.875,0.6713940000217176,6.5,23.125,0.2864037594616239,17.125,0.0,123.625
