placar_casa,placar_visitante,data,round,stage,ano,equipe_casa,equipe_visitante,Pts_casa,3P_casa,2P_casa,LL_casa,RT_casa,RO_casa,RD_casa,AS_casa,ER_casa,IA%_casa,3PC_casa,3PT_casa,3P%_casa,2PC_casa,2PT_casa,2P%_casa,LLC_casa,LLT_casa,LL%_casa,EN_casa,BR_casa,B/E_casa,TO_casa,FC_casa,T/FC_casa,ET_casa,VI_casa,EF_casa,Pts_visitante,3P_visitante,2P_visitante,LL_visitante,RT_visitante,RO_visitante,RD_visitante,AS_visitante,ER_visitante,IA%_visitante,3PC_visitante,3PT_visitante,3P%_visitante,2PC_visitante,2PT_visitante,2P%_visitante,LLC_visitante,LLT_visitante,LL%_visitante,EN_visitante,BR_visitante,B/E_visitante,TO_visitante,FC_visitante,T/FC_visitante,ET_visitante,VI_visitante,EF_visitante
92,89,2012-11-02,1,1,2012-13,Phoenix Suns,Detroit Pistons,85.0,12.0,56.0,17.0,44.0,11.0,33.0,16.0,18.0,0.8888888888888888,4.0,21.0,19.0,28.0,59.0,47.45762711864407,17.0,22.0,77.3,0.0,10.0,0.5555555555555556,12.0,23.0,0.5217391304347826,18.0,0.0,96.0,96.0,18.0,58.0,20.0,36.0,10.0,26.0,21.0,16.0,1.3125,6.0,16.0,37.5,29.0,63.0,46.03174603174603,20.0,26.0,76.9,0.0,12.0,0.75,4.0,15.0,0.26666666666666666,16.0,0.0,103.0
94,104,2012-11-02,1,1,2012-13,Golden State Warriors,Memphis Grizzlies,87.0,15.0,56.0,16.0,49.0,17.0,32.0,19.0,18.0,1.0555555555555556,5.0,17.0,29.4,28.0,69.0,40.57971014492754,16.0,23.0,69.6,0.0,9.0,0.5,3.0,20.0,0.15,18.0,0.0,89.0,92.0,6.0,62.0,24.0,44.0,17.0,27.0,24.0,21.0,1.1428571428571428,2.0,14.0,14.299999999999999,31.0,72.0,43.05555555555556,24.0,30.0,80.0,0.0,14.0,0.6666666666666666,4.0,25.0,0.16,21.0,0.0,98.0
88,86,2012-11-02,1,1,2012-13,New Orleans Hornets,Utah Jazz,95.0,12.0,62.0,21.0,43.0,9.0,34.0,26.0,15.0,1.7333333333333334,4.0,17.0,23.5,31.0,63.0,49.2063492063492,21.0,23.0,91.3,0.0,7.0,0.4666666666666667,6.0,20.0,0.3,15.0,0.0,115.0,113.0,18.0,64.0,31.0,61.0,20.0,41.0,24.0,14.0,1.7142857142857142,6.0,14.0,42.9,32.0,75.0,42.66666666666667,31.0,42.0,73.8,0.0,10.0,0.7142857142857143,8.0,25.0,0.32,14.0,0.0,140.0
95,105,2012-11-02,1,1,2012-13,Los Angeles Lakers,Los Angeles Clippers,98.5,16.5,63.0,19.0,45.5,15.0,30.5,22.5,19.5,1.2771428571428571,5.5,15.5,33.75,31.5,59.0,53.269675925925924,19.0,31.5,60.0,0.0,6.0,0.3342857142857143,3.5,25.0,0.15353037766830868,19.5,0.0,106.5,101.0,15.0,66.0,20.0,39.0,8.0,31.0,25.0,22.0,1.1363636363636365,5.0,15.0,33.300000000000004,33.0,59.0,55.932203389830505,20.0,29.0,69.0,0.0,12.0,0.5454545454545454,9.0,27.0,0.3333333333333333,22.0,0.0,119.0
106,92,2012-11-02,1,1,2012-13,Oklahoma City Thunder,Portland Trail Blazers,84.0,21.0,44.0,19.0,48.0,12.0,36.0,18.0,18.0,1.0,7.0,17.0,41.199999999999996,22.0,60.0,36.666666666666664,19.0,23.0,82.6,0.0,6.0,0.3333333333333333,5.0,20.0,0.25,18.0,0.0,91.0,116.0,27.0,66.0,23.0,30.0,10.0,20.0,19.0,12.0,1.5833333333333333,9.0,20.0,45.0,33.0,63.0,52.38095238095239,23.0,28.0,82.1,0.0,10.0,0.8333333333333334,5.0,20.0,0.25,12.0,0.0,122.0
86,115,2012-11-02,1,1,2012-13,Cleveland Cavaliers,Chicago Bulls,94.0,21.0,58.0,15.0,54.0,18.0,36.0,22.0,21.0,1.0476190476190477,7.0,20.0,35.0,29.0,59.0,49.152542372881356,15.0,22.0,68.2,0.0,7.0,0.3333333333333333,5.0,21.0,0.23809523809523808,21.0,0.0,111.0,93.0,6.0,62.0,25.0,46.0,14.0,32.0,21.0,18.0,1.1666666666666667,2.0,9.0,22.2,31.0,70.0,44.285714285714285,25.0,33.0,75.8,0.0,8.0,0.4444444444444444,10.0,19.0,0.5263157894736842,18.0,0.0,106.0
126,99,2012-11-03,1,1,2012-13,Dallas Mavericks,Charlotte Bobcats,96.5,24.0,56.0,16.5,40.0,8.5,31.5,21.0,14.0,1.5416666666666665,8.0,18.5,41.650000000000006,28.0,66.5,41.666666666666664,16.5,22.0,75.44999999999999,0.0,8.5,0.625,5.0,28.5,0.178125,14.0,0.0,102.5,90.0,21.0,48.0,21.0,41.0,10.0,31.0,18.0,11.0,1.6363636363636365,7.0,19.0,36.8,24.0,66.0,36.36363636363637,21.0,24.0,87.5,0.0,10.0,0.9090909090909091,9.0,22.0,0.4090909090909091,11.0,0.0,100.0
110,100,2012-11-03,1,1,2012-13,San Antonio Spurs,Utah Jazz,92.5,16.5,62.0,14.0,41.0,8.0,33.0,24.5,14.5,1.7259615384615385,5.5,19.5,28.15,31.0,60.0,51.66666666666667,14.0,21.0,67.1,0.0,9.0,0.6274038461538461,6.0,21.0,0.2857142857142857,14.5,0.0,108.5,99.5,24.0,57.0,18.5,52.5,18.0,34.5,21.5,14.5,1.4904761904761905,8.0,21.0,39.3,28.5,66.0,43.26315789473684,18.5,27.0,61.9,0.0,8.5,0.5904761904761905,7.0,23.0,0.3028571428571428,14.5,0.0,115.5
119,116,2012-11-03,1,1,2012-13,Miami Heat,Denver Nuggets,102.0,22.5,61.0,18.5,38.5,6.0,32.5,21.5,14.5,1.9910714285714286,7.5,18.0,42.5,30.5,57.0,53.26797385620915,18.5,22.5,82.94999999999999,0.0,6.0,0.5952380952380952,5.0,19.0,0.2638888888888889,14.5,0.0,117.5,82.0,16.5,54.0,11.5,49.5,15.5,34.0,20.5,18.0,1.2175324675324675,5.5,22.0,24.55,27.0,64.0,42.26600985221675,11.5,19.0,56.1,0.0,7.0,0.38311688311688313,5.0,19.5,0.2606951871657754,18.0,0.0,85.0
110,114,2012-11-03,1,1,2012-13,Los Angeles Clippers,Golden State Warriors,103.0,19.5,63.0,20.5,38.0,8.5,29.5,24.5,17.0,1.5681818181818183,6.5,18.5,34.85,31.5,60.5,52.15965008201203,20.5,28.0,73.4,0.0,12.0,0.7727272727272727,6.5,26.5,0.24358974358974358,17.0,0.0,118.5,90.5,22.5,54.0,14.0,42.5,13.0,29.5,20.0,18.5,1.0804093567251463,7.5,18.5,39.7,27.0,64.5,41.95652173913044,14.0,20.0,70.1,0.0,7.0,0.381578947368421,4.0,22.0,0.17916666666666667,18.5,0.0,91.0
105,102,2012-11-03,1,1,2012-13,Milwaukee Bucks,Cleveland Cavaliers,99.0,24.0,64.0,11.0,46.0,11.0,35.0,26.0,19.0,1.368421052631579,8.0,18.0,44.4,32.0,68.0,47.05882352941176,11.0,12.0,91.7,0.0,12.0,0.631578947368421,5.0,17.0,0.29411764705882354,19.0,0.0,122.0,90.0,22.5,53.0,14.5,43.5,14.5,29.0,22.5,19.0,1.200280112044818,7.5,20.0,37.5,26.5,59.0,44.91525423728814,14.5,24.5,60.05,0.0,7.0,0.37254901960784315,3.0,23.0,0.13904761904761903,19.0,0.0,92.0
86,89,2012-11-03,1,1,2012-13,Washington Wizards,Boston Celtics,84.0,24.0,48.0,12.0,39.0,18.0,21.0,26.0,13.0,2.0,8.0,32.0,25.0,24.0,58.0,41.37931034482759,12.0,20.0,60.0,0.0,11.0,0.8461538461538461,10.0,19.0,0.5263157894736842,13.0,0.0,91.0,97.5,16.5,61.0,20.0,38.5,6.5,32.0,23.0,17.0,1.3611111111111112,5.5,13.5,40.95,30.5,61.0,49.94623655913978,20.0,24.5,81.55,0.0,6.5,0.375,3.0,20.5,0.15458937198067632,17.0,0.0,108.5
106,98,2012-11-03,1,1,2012-13,Indiana Pacers,Sacramento Kings,89.5,18.0,58.0,13.5,49.0,11.5,37.5,20.5,19.0,1.0789473684210527,6.0,18.5,36.2,29.0,62.0,46.687614558785015,13.5,21.5,64.05,0.0,4.0,0.21052631578947367,7.5,16.0,0.46875,19.0,0.0,98.0,83.5,13.5,57.0,13.0,41.5,11.0,30.5,15.5,16.5,1.0416666666666667,4.5,16.5,27.049999999999997,28.5,70.0,40.75853608668984,13.0,16.0,81.3,0.0,8.5,0.5297619047619048,4.5,31.5,0.14503042596348886,16.5,0.0,80.5
85,95,2012-11-03,1,1,2012-13,Houston Rockets,Portland Trail Blazers,107.0,27.0,59.0,21.0,51.5,17.5,34.0,25.0,20.5,1.223809523809524,9.0,28.5,31.85,29.5,56.0,52.88461538461539,21.0,26.0,80.05000000000001,0.0,10.0,0.49047619047619045,2.5,21.0,0.11805555555555555,20.5,0.0,124.5,104.0,27.0,56.0,21.0,37.0,10.5,26.5,18.0,12.0,1.5,9.0,23.0,39.8,28.0,63.0,44.44444444444444,21.0,26.0,80.65,0.0,7.0,0.5833333333333334,2.5,22.5,0.125,12.0,0.0,102.5
82,89,2012-11-03,1,1,2012-13,Chicago Bulls,New Orleans Hornets,104.0,9.0,71.0,24.0,43.5,9.5,34.0,27.5,17.5,1.5833333333333335,3.0,9.5,31.1,35.5,64.5,56.0411622276029,24.0,31.5,76.25,0.0,7.5,0.42810457516339867,7.0,20.0,0.3583959899749373,17.5,0.0,129.0,91.5,13.5,63.0,15.0,42.5,10.5,32.0,24.5,13.5,1.8250000000000002,4.5,15.5,29.599999999999998,31.5,65.0,48.48377161809997,15.0,18.5,77.8,0.0,7.0,0.525,5.0,18.0,0.275,13.5,0.0,109.0
105,86,2012-11-04,1,1,2012-13,Toronto Raptors,Minnesota Timberwolves,94.0,19.5,57.0,17.5,39.5,12.5,27.0,20.5,12.0,1.7214285714285715,6.5,17.5,37.099999999999994,28.5,69.0,41.68074324324324,17.5,22.0,80.1,0.0,10.0,0.8857142857142857,6.5,24.5,0.3028673835125448,12.0,0.0,102.5,92.0,6.0,60.0,26.0,53.0,17.0,36.0,17.0,11.0,1.5454545454545454,2.0,17.0,11.799999999999999,30.0,70.0,42.857142857142854,26.0,36.0,72.2,0.0,4.0,0.36363636363636365,10.0,17.0,0.5882352941176471,11.0,0.0,100.0
100,84,2012-11-04,1,1,2012-13,New York Knicks,Philadelphia 76ers,104.0,57.0,34.0,13.0,41.0,13.0,28.0,27.0,14.0,1.9285714285714286,19.0,36.0,52.800000000000004,17.0,48.0,35.41666666666667,13.0,15.0,86.7,0.0,10.0,0.7142857142857143,0.0,22.0,0.0,14.0,0.0,118.0,84.0,21.0,46.0,17.0,47.0,14.0,33.0,18.0,16.0,1.125,7.0,25.0,28.000000000000004,23.0,60.0,38.333333333333336,17.0,21.0,81.0,0.0,13.0,0.8125,11.0,14.0,0.7857142857142857,16.0,0.0,98.0
115,94,2012-11-04,1,1,2012-13,Orlando Magic,Phoenix Suns,102.0,15.0,74.0,13.0,46.0,11.0,35.0,24.0,13.0,1.8461538461538463,5.0,15.0,33.300000000000004,37.0,71.0,52.112676056338024,13.0,18.0,72.2,0.0,8.0,0.6153846153846154,8.0,24.0,0.3333333333333333,13.0,0.0,126.0,88.5,9.0,66.0,13.5,48.0,13.0,35.0,15.5,16.0,0.9801587301587301,3.0,16.0,18.6,33.0,70.0,47.18560368277882,13.5,18.0,74.35,0.0,8.0,0.4920634920634921,8.5,21.5,0.3858695652173913,16.0,0.0,98.0
95,104,2012-11-04,1,1,2012-13,Oklahoma City Thunder,Atlanta Hawks,95.0,18.0,56.0,21.0,47.5,10.0,37.5,18.0,15.0,1.25,6.0,13.0,48.400000000000006,28.0,63.5,43.70646766169154,21.0,27.5,77.25,0.0,4.0,0.25,7.5,21.0,0.3522727272727273,15.0,0.0,108.0,102.0,21.0,66.0,15.0,36.0,7.0,29.0,23.0,13.0,1.7692307692307692,7.0,22.0,31.8,33.0,63.0,52.38095238095239,15.0,17.0,88.2,0.0,12.0,0.9230769230769231,4.0,26.0,0.15384615384615385,13.0,0.0,117.0
108,79,2012-11-04,1,1,2012-13,Los Angeles Lakers,Detroit Pistons,97.33333333333333,18.0,60.0,19.333333333333332,43.0,12.333333333333334,30.666666666666668,20.0,19.666666666666668,1.1014285714285714,6.0,15.666666666666666,37.1,30.0,56.666666666666664,52.82080959164293,19.333333333333332,30.333333333333332,63.79999999999999,0.0,6.333333333333333,0.3395238095238095,4.666666666666667,24.333333333333332,0.20380286047452464,19.666666666666668,0.0,104.33333333333333,92.5,15.0,62.0,15.5,37.5,10.0,27.5,20.5,13.0,1.65625,5.0,14.5,34.15,31.0,70.0,44.44444444444444,15.5,22.5,67.4,0.0,7.0,0.475,4.5,17.0,0.2649122807017544,13.0,0.0,93.5
101,108,2012-11-05,1,1,2012-13,Los Angeles Clippers,Cleveland Cavaliers,105.33333333333333,23.0,55.333333333333336,27.0,36.333333333333336,8.0,28.333333333333332,23.333333333333332,16.666666666666668,1.4829545454545456,7.666666666666667,19.333333333333332,39.1,27.666666666666668,56.666666666666664,48.37854223154543,27.0,36.0,74.56666666666666,0.0,10.0,0.6401515151515151,6.0,28.0,0.21615660325337746,16.666666666666668,0.0,114.66666666666667,94.0,21.0,57.333333333333336,15.666666666666666,43.0,12.666666666666666,30.333333333333332,21.333333333333332,18.0,1.1960200746965455,7.0,18.666666666666668,37.5,28.666666666666668,61.666666666666664,46.361413272619956,15.666666666666666,26.0,60.73333333333333,0.0,7.666666666666667,0.43586601307189543,2.0,22.333333333333332,0.09269841269841268,18.0,0.0,95.0
103,94,2012-11-05,1,1,2012-13,Memphis Grizzlies,Utah Jazz,98.0,12.0,60.0,26.0,42.0,13.0,29.0,23.0,17.5,1.3571428571428572,4.0,13.5,30.25,30.0,68.0,44.18402777777778,26.0,32.0,81.19999999999999,0.0,11.5,0.6547619047619048,4.0,23.5,0.1709090909090909,17.5,0.0,107.5,99.66666666666667,21.0,60.0,18.666666666666668,45.666666666666664,15.0,30.666666666666668,20.0,15.333333333333334,1.326984126984127,7.0,18.333333333333332,39.03333333333333,30.0,65.33333333333333,46.0296052631579,18.666666666666668,25.333333333333332,70.06666666666666,0.0,9.333333333333334,0.6093370681605976,7.0,22.666666666666668,0.30796536796536794,15.333333333333334,0.0,113.0
94,92,2012-11-05,1,1,2012-13,Sacramento Kings,Golden State Warriors,88.33333333333333,17.0,57.333333333333336,14.0,43.333333333333336,12.666666666666666,30.666666666666668,16.666666666666668,16.333333333333332,1.0902777777777777,5.666666666666667,18.333333333333332,30.166666666666668,28.666666666666668,73.33333333333333,39.25569072445989,14.0,17.333333333333332,80.86666666666666,0.0,10.666666666666666,0.6656746031746031,7.333333333333333,29.666666666666668,0.2633536173089926,16.333333333333332,0.0,89.33333333333333,98.33333333333333,19.0,60.666666666666664,18.666666666666668,44.333333333333336,14.0,30.333333333333332,20.666666666666668,17.0,1.2440824282929546,6.333333333333333,17.666666666666668,34.800000000000004,30.333333333333332,65.66666666666667,46.108269394714405,18.666666666666668,26.333333333333332,70.66666666666667,0.0,7.0,0.42105263157894735,3.3333333333333335,26.0,0.13905228758169935,17.0,0.0,102.33333333333333
114,91,2012-11-05,1,1,2012-13,Dallas Mavericks,Portland Trail Blazers,106.33333333333333,32.0,59.333333333333336,15.0,41.0,8.333333333333334,32.666666666666664,24.333333333333332,16.666666666666668,1.4974747474747474,10.666666666666666,20.666666666666668,49.1,29.666666666666668,62.666666666666664,47.77777777777777,15.0,19.666666666666668,76.96666666666665,0.0,7.666666666666667,0.5075757575757576,5.666666666666667,26.666666666666668,0.22019927536231884,16.666666666666668,0.0,120.66666666666667,101.0,28.0,56.666666666666664,16.333333333333332,42.333333333333336,10.333333333333334,32.0,21.333333333333332,13.333333333333334,1.5833333333333333,9.333333333333334,23.333333333333332,40.43333333333333,28.333333333333332,65.0,43.63929146537842,16.333333333333332,21.333333333333332,73.2,0.0,8.333333333333334,0.6180555555555556,4.333333333333333,21.0,0.23148148148148148,13.333333333333334,0.0,108.33333333333333
88,110,2012-11-05,1,1,2012-13,Philadelphia 76ers,New York Knicks,84.0,22.5,49.0,12.5,44.0,12.0,32.0,16.0,17.0,0.9513888888888888,7.5,21.0,37.55,24.5,61.0,40.13440860215054,12.5,15.5,80.5,0.0,10.5,0.6284722222222222,6.5,16.0,0.4484126984126984,17.0,0.0,91.0,102.0,45.0,45.0,12.0,40.0,10.5,29.5,22.5,14.5,1.5642857142857143,15.0,31.5,46.75,22.5,49.0,45.70833333333334,12.0,16.5,73.9,0.0,11.0,0.7571428571428571,2.5,16.0,0.25,14.5,0.0,116.0
101,79,2012-11-05,1,1,2012-13,San Antonio Spurs,Indiana Pacers,98.33333333333333,18.0,64.66666666666667,15.666666666666666,38.333333333333336,7.666666666666667,30.666666666666668,26.0,15.666666666666666,1.6876780626780628,6.0,17.333333333333332,36.7,32.333333333333336,60.333333333333336,53.57012750455374,15.666666666666666,21.666666666666668,72.26666666666667,0.0,8.666666666666666,0.5664173789173789,6.0,20.0,0.30158730158730157,15.666666666666666,0.0,116.33333333333333,95.0,16.0,62.0,17.0,55.0,14.666666666666666,40.333333333333336,19.0,20.666666666666668,0.9415204678362573,5.333333333333333,19.666666666666668,30.2,31.0,67.0,46.2765915240385,17.0,23.333333333333332,72.33333333333333,0.0,6.0,0.27923976608187134,9.666666666666666,17.0,0.5581140350877193,20.666666666666668,0.0,107.33333333333333
124,99,2012-11-05,1,1,2012-13,Miami Heat,Phoenix Suns,107.66666666666667,25.0,62.666666666666664,20.0,36.333333333333336,6.333333333333333,30.0,23.0,12.333333333333334,2.410714285714286,8.333333333333334,20.333333333333332,41.666666666666664,31.333333333333332,57.333333333333336,54.477499812185414,20.0,24.0,83.7,0.0,7.0,0.7718253968253969,6.0,18.0,0.34259259259259256,12.333333333333334,0.0,125.66666666666667,90.33333333333333,11.0,66.66666666666667,12.666666666666666,47.0,14.333333333333334,32.666666666666664,16.666666666666668,16.0,1.0492724867724867,3.6666666666666665,17.0,21.166666666666668,33.333333333333336,70.66666666666667,47.19780986259329,12.666666666666666,18.0,69.93333333333332,0.0,6.333333333333333,0.3905423280423281,9.0,20.0,0.4533248081841432,16.0,0.0,97.33333333333333
96,107,2012-11-05,1,1,2012-13,Brooklyn Nets,Minnesota Timberwolves,107.0,18.0,62.0,27.0,41.0,9.0,32.0,20.0,17.0,1.1764705882352942,6.0,15.0,40.0,31.0,66.0,46.96969696969697,27.0,37.0,73.0,0.0,6.0,0.35294117647058826,5.0,19.0,0.2631578947368421,17.0,0.0,108.0,89.0,12.0,53.0,24.0,44.5,12.5,32.0,17.5,17.5,1.1477272727272727,4.0,16.5,24.65,26.5,59.0,45.38690476190476,24.0,33.5,71.6,0.0,6.0,0.3484848484848485,9.0,17.0,0.5294117647058824,17.5,0.0,94.0
99,93,2012-11-06,1,1,2012-13,Chicago Bulls,Orlando Magic,96.66666666666667,9.0,64.66666666666667,23.0,42.666666666666664,11.333333333333334,31.333333333333332,25.333333333333332,15.666666666666666,1.638888888888889,3.0,12.0,26.599999999999998,32.333333333333336,66.66666666666667,49.567347588354984,23.0,29.333333333333332,78.83333333333333,0.0,8.666666666666666,0.590958605664488,6.666666666666667,20.0,0.3389306599832915,15.666666666666666,0.0,114.66666666666667,108.5,21.0,73.0,14.5,46.0,12.0,34.0,25.0,12.0,2.104895104895105,7.0,13.0,57.55,36.5,76.0,48.27856025039124,14.5,18.5,78.2,0.0,7.5,0.6258741258741258,4.5,20.5,0.19607843137254902,12.0,0.0,130.0
108,88,2012-11-06,1,1,2012-13,Oklahoma City Thunder,Toronto Raptors,95.0,21.0,53.333333333333336,20.666666666666668,44.0,9.0,35.0,21.0,17.0,1.2619047619047619,7.0,16.0,45.9,26.666666666666668,58.666666666666664,45.46417572003926,20.666666666666668,25.666666666666668,81.8,0.0,4.0,0.23015873015873015,8.0,21.0,0.37770562770562766,17.0,0.0,109.0,97.66666666666667,23.0,58.0,16.666666666666668,39.333333333333336,13.666666666666666,25.666666666666668,19.666666666666668,11.666666666666666,1.6930735930735932,7.666666666666667,18.666666666666668,40.599999999999994,29.0,69.0,42.27991578535057,16.666666666666668,20.333333333333332,82.8,0.0,9.666666666666666,0.8632034632034632,5.333333333333333,24.333333333333332,0.24357825567502986,11.666666666666666,0.0,105.33333333333333
109,97,2012-11-06,1,1,2012-13,Denver Nuggets,Detroit Pistons,93.33333333333333,16.0,65.33333333333333,12.0,48.666666666666664,16.333333333333332,32.333333333333336,18.0,17.0,1.1005772005772005,5.333333333333333,21.666666666666668,24.3,32.666666666666664,67.33333333333333,47.997159721297656,12.0,19.333333333333332,59.06666666666666,0.0,6.333333333333333,0.3665223665223665,4.333333333333333,20.0,0.22141583906289788,17.0,0.0,95.33333333333333,88.0,14.0,57.333333333333336,16.666666666666668,36.0,11.0,25.0,20.0,14.333333333333334,1.4767156862745097,4.666666666666667,14.0,33.03333333333333,28.666666666666668,68.66666666666667,41.75084175084175,16.666666666666668,22.666666666666668,72.46666666666667,0.0,6.333333333333333,0.4147058823529412,4.666666666666667,18.0,0.25994152046783625,14.333333333333334,0.0,85.33333333333333
100,94,2012-11-07,1,1,2012-13,Boston Celtics,Washington Wizards,94.66666666666667,19.0,59.333333333333336,16.333333333333332,37.333333333333336,6.333333333333333,31.0,23.333333333333332,14.333333333333334,1.7962962962962965,6.333333333333333,16.0,40.0,29.666666666666668,61.666666666666664,48.112305854241335,16.333333333333332,20.666666666666668,77.43333333333332,0.0,7.0,0.5462962962962963,3.3333333333333335,17.666666666666668,0.21417069243156198,14.333333333333334,0.0,105.33333333333333,85.0,21.0,52.0,12.0,42.5,12.5,30.0,23.0,14.0,1.6666666666666665,7.0,26.0,27.5,26.0,58.0,44.827586206896555,12.0,18.5,65.3,0.0,9.0,0.6564102564102564,7.0,16.5,0.40601503759398494,14.0,0.0,95.0
90,108,2012-11-07,1,1,2012-13,Milwaukee Bucks,Memphis Grizzlies,102.0,25.5,64.0,12.5,41.5,7.0,34.5,29.0,18.0,1.6253869969040249,8.5,21.0,40.95,32.0,61.5,52.62032085561497,12.5,16.5,79.2,0.0,10.0,0.5510835913312693,7.0,17.5,0.3970588235294118,18.0,0.0,125.5,99.66666666666667,13.0,62.0,24.666666666666668,45.0,13.333333333333334,31.666666666666668,22.333333333333332,15.666666666666666,1.4880952380952381,4.333333333333333,13.666666666666666,32.06666666666666,31.0,71.0,43.741732804232804,24.666666666666668,29.666666666666668,83.46666666666665,0.0,10.666666666666666,0.6865079365079364,6.0,21.333333333333332,0.31001782531194294,15.666666666666666,0.0,113.66666666666667
109,104,2012-11-07,1,1,2012-13,Dallas Mavericks,Toronto Raptors,108.25,31.5,63.5,13.25,40.0,6.75,33.25,25.5,14.75,1.9286616161616161,10.5,20.5,49.325,31.75,61.5,52.212643678160916,13.25,18.0,73.1,0.0,8.75,0.7140151515151515,5.5,23.75,0.24848278985507247,14.75,0.0,128.75,95.25,22.5,55.0,17.75,38.75,12.25,26.5,18.75,13.0,1.5050993124522536,7.5,21.5,36.275,27.5,65.25,42.35808498716108,17.75,21.5,83.1,0.0,10.0,0.8091673032849503,4.5,24.25,0.20351702508960573,13.0,0.0,98.75
87,93,2012-11-07,1,1,2012-13,Houston Rockets,Denver Nuggets,99.66666666666667,23.0,58.666666666666664,18.0,53.0,17.0,36.0,23.0,19.666666666666668,1.1677248677248677,7.666666666666667,27.666666666666668,27.633333333333336,29.333333333333332,60.666666666666664,49.06593406593407,18.0,23.333333333333332,75.60000000000001,0.0,10.666666666666666,0.5492063492063491,3.0,19.333333333333332,0.16203703703703703,19.666666666666668,0.0,113.0,97.25,19.5,64.5,13.25,49.5,17.5,32.0,19.25,16.5,1.2087662337662337,6.5,23.75,26.55,32.25,66.0,48.49786979097324,13.25,20.0,63.625,0.0,7.0,0.4248917748917749,6.0,20.25,0.29701426024955435,16.5,0.0,104.75
106,96,2012-11-07,1,1,2012-13,Golden State Warriors,Cleveland Cavaliers,96.75,18.75,58.0,20.0,42.75,12.25,30.5,20.75,16.0,1.33690797506587,6.25,18.5,33.25,29.0,63.5,45.54611432673756,20.0,26.75,74.425,0.0,6.5,0.41194331983805665,3.0,23.75,0.13370098039215686,16.0,0.0,100.25,97.5,26.25,56.0,15.25,43.0,14.0,29.0,22.0,18.25,1.2128045297066194,8.75,21.25,40.2,28.0,62.0,45.08852027192528,15.25,25.0,61.45,0.0,8.75,0.4847942466460268,2.0,21.25,0.0973015873015873,18.25,0.0,98.75
106,84,2012-11-07,1,1,2012-13,Los Angeles Clippers,San Antonio Spurs,104.25,24.0,56.5,23.75,36.75,8.25,28.5,23.25,18.75,1.3422159090909092,8.0,20.75,38.325,28.25,54.75,51.59002912263867,23.75,31.0,77.8,0.0,9.25,0.5501136363636363,7.75,27.0,0.29753411910669975,18.75,0.0,116.0,99.0,19.5,65.0,14.5,40.0,8.5,31.5,25.75,13.75,2.047008547008547,6.5,17.5,38.625,32.5,62.5,52.134117367545734,14.5,19.5,75.35,0.0,9.25,0.7685630341880342,5.0,19.25,0.2556022408963585,13.75,0.0,119.25
105,103,2012-11-07,1,1,2012-13,Sacramento Kings,Detroit Pistons,89.75,15.75,59.5,14.5,43.25,12.0,31.25,15.75,15.75,1.0498511904761905,5.25,18.5,27.9,29.75,70.5,42.74821965624814,14.5,18.75,78.05,0.0,9.75,0.6242559523809523,6.75,28.5,0.24751521298174445,15.75,0.0,91.25,90.25,15.0,57.5,17.75,35.75,10.25,25.5,21.5,14.5,1.5408700980392158,5.0,13.5,37.275,28.75,68.0,42.2979797979798,17.75,23.25,75.35,0.0,6.25,0.41102941176470587,5.75,18.25,0.31337719298245614,14.5,0.0,91.75
62,77,2012-11-07,1,1,2012-13,New Orleans Hornets,Philadelphia 76ers,90.66666666666667,14.0,60.0,16.666666666666668,43.0,10.0,33.0,20.666666666666668,14.666666666666666,1.4715686274509805,4.666666666666667,16.333333333333332,29.0,30.0,62.333333333333336,48.11198809627717,16.666666666666668,20.0,80.86666666666666,0.0,7.0,0.48725490196078436,6.333333333333333,19.0,0.3261904761904762,14.666666666666666,0.0,105.66666666666667,85.33333333333333,23.0,46.666666666666664,15.666666666666666,47.333333333333336,14.333333333333334,33.0,17.0,15.666666666666666,1.1214387464387465,7.666666666666667,21.333333333333332,37.166666666666664,23.333333333333332,62.0,37.6937724014337,15.666666666666666,19.0,81.86666666666666,0.0,8.0,0.49590455840455844,5.0,17.0,0.33402951824004457,15.666666666666666,0.0,91.33333333333333
89,86,2012-11-07,1,1,2012-13,Atlanta Hawks,Indiana Pacers,103.0,22.5,66.0,14.5,37.0,9.5,27.5,21.5,12.0,1.7937062937062938,7.5,23.5,31.9,33.0,60.5,54.63875205254516,14.5,18.5,79.1,0.0,12.0,1.006993006993007,2.5,23.0,0.10192307692307692,12.0,0.0,116.5,91.0,16.5,57.0,17.5,53.25,15.25,38.0,17.0,20.25,0.8508771929824561,5.5,19.75,30.15,28.5,65.0,43.60574872777464,17.5,23.0,75.85,0.0,5.25,0.24890350877192982,9.0,17.0,0.5215267027863777,20.25,0.0,99.0
90,75,2012-11-07,1,1,2012-13,Minnesota Timberwolves,Orlando Magic,95.0,15.0,60.0,20.0,44.666666666666664,13.666666666666666,31.0,21.666666666666668,15.333333333333334,1.674242424242424,5.0,17.666666666666668,28.099999999999998,30.0,62.0,48.395191409897286,20.0,27.333333333333332,74.39999999999999,0.0,7.0,0.5050505050505051,8.333333333333334,17.333333333333332,0.48257080610021785,15.333333333333334,0.0,109.33333333333333,103.33333333333333,22.0,67.33333333333333,14.0,45.0,11.666666666666666,33.333333333333336,24.333333333333332,12.0,2.0421522921522923,7.333333333333333,15.0,52.400000000000006,33.666666666666664,73.0,46.11605509230062,14.0,18.0,77.63333333333334,0.0,6.333333333333333,0.5283605283605284,4.666666666666667,21.0,0.20647653000594177,12.0,0.0,120.66666666666667
103,73,2012-11-07,1,1,2012-13,Miami Heat,Brooklyn Nets,111.75,30.0,63.0,18.75,39.5,6.5,33.0,25.5,13.0,2.3580357142857142,10.0,21.75,45.675,31.5,58.0,54.191458192472396,18.75,22.75,82.5,0.0,7.0,0.6955357142857143,5.5,19.0,0.3023989898989899,13.0,0.0,134.0,101.5,28.5,53.0,20.0,35.0,8.5,26.5,22.0,16.0,1.388235294117647,9.5,19.0,48.25,26.5,58.0,45.484848484848484,20.0,27.5,72.6,0.0,6.5,0.40980392156862744,4.5,18.0,0.24922600619195046,16.0,0.0,105.0
95,86,2012-11-07,1,1,2012-13,Utah Jazz,Los Angeles Lakers,98.25,19.5,62.5,16.25,44.75,14.0,30.75,20.0,15.25,1.3285714285714285,6.5,17.5,37.6,31.25,67.75,46.18887061403509,16.25,22.25,69.85,0.0,9.0,0.5903361344537815,7.25,22.5,0.3218831168831169,15.25,0.0,110.5,100.0,21.0,60.0,19.0,43.75,13.25,30.5,21.75,18.5,1.2760714285714285,7.0,17.25,39.2,30.0,56.25,53.25197083009583,19.0,29.25,65.14999999999999,0.0,7.5,0.43797619047619046,5.5,23.25,0.2528521453558935,18.5,0.0,113.25
110,117,2012-11-07,1,1,2012-13,Charlotte Bobcats,Phoenix Suns,94.5,15.0,60.0,19.5,39.5,12.5,27.0,18.5,11.5,1.6098484848484849,5.0,18.0,27.199999999999996,30.0,70.0,42.50614250614251,19.5,24.0,81.25,0.0,11.5,0.9962121212121211,5.5,18.0,0.275974025974026,11.5,0.0,100.5,92.5,13.5,64.0,15.0,44.75,13.25,31.5,18.0,15.0,1.2452876984126984,4.5,18.0,24.200000000000003,32.0,69.75,45.84611859097482,15.0,20.75,71.425,0.0,7.5,0.5220734126984127,8.5,19.75,0.43209886929600216,15.0,0.0,99.25
90,103,2012-11-08,1,1,2012-13,Portland Trail Blazers,Los Angeles Clippers,98.5,24.75,58.0,15.75,43.75,13.5,30.25,19.25,13.25,1.4375,8.25,23.0,36.0,29.0,66.5,43.644961556780295,15.75,20.5,74.35,0.0,7.5,0.5596955128205129,4.0,19.0,0.23130341880341881,13.25,0.0,102.75,104.6,22.8,61.2,20.6,38.6,8.4,30.2,24.6,18.0,1.4737727272727272,7.6,20.0,37.72,30.6,57.0,53.39323541932306,20.6,26.6,80.02000000000001,0.0,10.0,0.6134242424242424,7.8,25.4,0.3222378216011493,18.0,0.0,122.8
91,97,2012-11-08,1,1,2012-13,Chicago Bulls,Oklahoma City Thunder,97.25,8.25,67.5,21.5,42.75,10.75,32.0,25.75,14.0,1.9791666666666667,2.75,10.5,28.275000000000002,33.75,69.5,49.354997870753415,21.5,28.0,76.825,0.0,8.25,0.6376633986928104,6.75,18.0,0.400031328320802,14.0,0.0,116.75,98.25,22.5,53.0,22.75,44.5,8.5,36.0,21.75,17.5,1.262218045112782,7.5,18.25,43.425,26.5,56.25,47.363437912478425,22.75,27.75,82.675,0.0,5.5,0.3041979949874687,8.25,21.25,0.38555194805194803,17.5,0.0,115.25
107,99,2012-11-09,1,1,2012-13,New Orleans Hornets,Charlotte Bobcats,83.5,13.5,54.5,15.5,44.0,10.25,33.75,20.0,17.0,1.2911764705882354,4.5,17.0,27.025,27.25,59.25,45.58399107220788,15.5,19.0,79.4,0.0,7.25,0.4487745098039216,7.0,17.25,0.43214285714285716,17.0,0.0,96.75,99.66666666666667,20.0,58.666666666666664,21.0,39.333333333333336,13.333333333333334,26.0,21.0,12.0,1.7398989898989898,6.666666666666667,19.333333333333332,33.3,29.333333333333332,68.33333333333333,42.69640269640271,21.0,25.0,83.8,0.0,9.0,0.7667055167055167,7.666666666666667,18.666666666666668,0.38398268398268404,12.0,0.0,109.0
105,94,2012-11-09,1,1,2012-13,Oklahoma City Thunder,Detroit Pistons,98.0,21.0,54.8,22.2,43.2,8.4,34.8,22.0,18.4,1.2188653451811347,7.0,17.2,42.44,27.4,57.0,48.22408366331607,22.2,26.4,85.17999999999999,0.0,6.4,0.3342674868990658,8.2,20.8,0.3926520847573479,18.4,0.0,115.4,92.8,16.8,57.2,18.8,35.2,10.2,25.0,21.8,15.0,1.5032843137254903,5.6,15.2,37.1,28.6,64.6,44.81877599524658,18.8,24.8,75.12,0.0,5.8,0.37588235294117645,5.8,18.6,0.31070175438596487,15.0,0.0,94.8
104,84,2012-11-09,1,1,2012-13,Denver Nuggets,Utah Jazz,96.4,19.8,63.6,13.0,49.4,17.2,32.2,19.4,17.6,1.1488311688311688,6.6,22.6,29.02,31.8,65.6,48.17329583277859,13.0,20.2,62.32000000000001,0.0,7.4,0.42173160173160174,5.8,19.4,0.3001114081996435,17.6,0.0,103.8,97.6,18.6,62.8,16.2,43.2,13.0,30.2,20.2,14.6,1.4128571428571428,6.2,17.4,35.96,31.4,67.4,46.64806618819777,16.2,21.4,73.66,0.0,9.6,0.6722689075630253,7.2,24.0,0.3041731601731602,14.6,0.0,110.8
93,85,2012-11-09,1,1,2012-13,Memphis Grizzlies,Houston Rockets,101.75,14.25,65.5,22.0,46.0,12.75,33.25,23.75,15.25,1.6160714285714286,4.75,14.25,33.425,32.75,70.0,46.985404080786545,22.0,27.0,81.025,0.0,9.75,0.6398809523809523,5.75,21.0,0.29501336898395725,15.25,0.0,120.0,96.5,23.25,55.5,17.75,50.5,16.75,33.75,21.75,19.75,1.1007936507936509,7.75,29.0,26.775,27.75,58.25,48.07396035337212,17.75,23.25,75.17500000000001,0.0,11.75,0.5994047619047619,2.75,20.0,0.1442550505050505,19.75,0.0,106.25
101,77,2012-11-09,1,1,2012-13,Los Angeles Lakers,Golden State Warriors,97.2,19.2,56.4,21.6,44.6,13.6,31.0,19.6,18.6,1.1366466165413533,6.4,18.4,34.839999999999996,28.2,55.2,50.836870781723725,21.6,32.6,66.03999999999999,0.0,8.0,0.45564411027568924,5.0,21.4,0.24513885914185765,18.6,0.0,105.8,98.6,18.0,61.2,19.4,43.0,11.2,31.8,22.2,16.2,1.3989381447585783,6.0,18.4,32.160000000000004,30.6,62.8,48.770224794723376,19.4,26.0,74.32000000000001,0.0,7.4,0.45896642057632775,3.2,23.4,0.14332442067736184,16.2,0.0,107.0
104,94,2012-11-09,1,1,2012-13,New York Knicks,Dallas Mavericks,104.66666666666667,43.0,47.333333333333336,14.333333333333334,41.333333333333336,10.0,31.333333333333332,23.0,12.0,2.1857142857142855,14.333333333333334,31.666666666666668,44.699999999999996,23.666666666666668,50.0,47.13888888888889,14.333333333333334,17.333333333333332,82.60000000000001,0.0,9.666666666666666,0.8380952380952381,3.3333333333333335,16.333333333333332,0.2647058823529412,12.0,0.0,123.33333333333333,108.4,30.0,63.2,15.2,41.4,8.6,32.8,24.6,14.2,1.8929292929292927,10.0,20.6,47.08,31.6,61.8,51.61138478379858,15.2,21.4,71.62,0.0,7.8,0.6378787878787879,5.6,23.6,0.2509601449275362,14.2,0.0,126.6
100,106,2012-11-09,1,1,2012-13,Boston Celtics,Philadelphia 76ers,96.0,17.25,59.5,19.25,39.0,6.25,32.75,24.0,15.5,1.689327485380117,5.75,15.25,37.7,29.75,63.25,47.11364115538689,19.25,24.0,78.675,0.0,7.5,0.5281432748538012,3.75,17.5,0.2341574310883774,15.5,0.0,107.0,83.25,20.25,50.5,12.5,46.25,13.0,33.25,17.5,15.5,1.1577457264957265,6.75,21.5,32.425,25.25,62.0,40.77032930107527,12.5,15.5,76.4,0.0,7.25,0.45526175213675213,5.25,16.75,0.3442721386800334,15.5,0.0,89.5
86,97,2012-11-09,1,1,2012-13,Sacramento Kings,San Antonio Spurs,92.8,16.8,60.8,15.2,43.0,12.4,30.6,15.6,15.6,1.0398809523809525,5.6,18.0,31.079999999999995,30.4,69.6,44.19857572499851,15.2,19.8,77.44,0.0,9.4,0.6060714285714286,6.0,27.0,0.22658359895682412,15.6,0.0,95.0,96.0,20.4,60.8,14.8,37.8,8.0,29.8,25.6,15.0,1.8876068376068376,6.8,18.6,37.86,30.4,60.0,50.507293894036586,14.8,20.4,73.62,0.0,8.8,0.6848504273504273,4.8,17.6,0.2772090654443596,15.0,0.0,111.0
96,94,2012-11-09,1,1,2012-13,Minnesota Timberwolves,Indiana Pacers,93.75,16.5,58.5,18.75,45.0,13.5,31.5,21.75,16.5,1.5306818181818183,5.5,18.25,29.825,29.25,60.5,48.3499649859944,18.75,26.0,72.85,0.0,8.0,0.5162878787878789,8.5,17.5,0.4869281045751634,16.5,0.0,109.25,90.0,18.0,56.4,15.6,50.8,14.4,36.4,17.2,19.2,0.9207017543859649,6.0,21.0,30.28,28.2,63.8,44.03714135510106,15.6,20.2,78.46000000000001,0.0,6.2,0.33245614035087717,8.6,16.4,0.5172213622291022,19.2,0.0,98.4
68,107,2012-11-09,1,1,2012-13,Orlando Magic,Brooklyn Nets,96.25,18.75,63.0,14.5,44.0,11.75,32.25,22.5,14.0,1.7441142191142192,6.25,14.25,45.550000000000004,31.5,71.75,43.7782177898137,14.5,18.5,78.225,0.0,6.25,0.47127039627039624,5.25,21.25,0.23440285204991085,14.0,0.0,108.0,92.0,22.0,53.333333333333336,16.666666666666668,36.666666666666664,10.0,26.666666666666668,18.666666666666668,17.0,1.136016511867905,7.333333333333333,19.666666666666668,36.93333333333333,26.666666666666668,58.333333333333336,45.57746961136792,16.666666666666668,24.0,68.0,0.0,6.666666666666667,0.39600963192294464,3.3333333333333335,17.0,0.18837289301685586,17.0,0.0,89.0
91,101,2012-11-09,1,1,2012-13,Washington Wizards,Milwaukee Bucks,88.0,24.0,54.0,10.0,43.0,11.666666666666666,31.333333333333332,23.666666666666668,16.0,1.5277777777777777,8.0,27.0,29.833333333333332,27.0,60.666666666666664,44.53152211772902,10.0,14.666666666666666,72.10000000000001,0.0,8.666666666666666,0.570940170940171,6.666666666666667,20.0,0.3447507658033973,16.0,0.0,96.66666666666667,98.0,23.0,62.0,13.0,41.333333333333336,10.0,31.333333333333332,26.666666666666668,15.333333333333334,1.8169246646026833,7.666666666666667,19.0,40.63333333333333,31.0,66.33333333333333,47.79951214935735,13.0,18.0,75.03333333333335,0.0,10.0,0.7007223942208461,7.666666666666667,17.666666666666668,0.43137254901960786,15.333333333333334,0.0,116.66666666666667
89,95,2012-11-09,1,1,2012-13,Atlanta Hawks,Miami Heat,98.33333333333333,22.0,64.66666666666667,11.666666666666666,41.666666666666664,12.0,29.666666666666668,22.333333333333332,13.666666666666666,1.6663924310983134,7.333333333333333,23.0,31.866666666666664,32.333333333333336,62.0,52.32327059913268,11.666666666666666,16.333333333333332,69.39999999999999,0.0,10.666666666666666,0.8281914164267105,2.6666666666666665,20.333333333333332,0.1346153846153846,13.666666666666666,0.0,112.0,110.0,30.0,62.4,17.6,39.6,6.8,32.8,25.4,12.8,2.303095238095238,10.0,22.2,44.879999999999995,31.2,57.0,54.67392127095904,17.6,21.4,82.26,0.0,7.2,0.6897619047619047,5.4,18.8,0.2974747474747475,12.8,0.0,133.0
107,105,2012-11-09,1,1,2012-13,Phoenix Suns,Cleveland Cavaliers,97.4,18.0,63.6,15.8,45.8,15.0,30.8,20.2,14.4,1.4795634920634921,6.0,19.8,28.24,31.8,69.0,46.070834266719245,15.8,22.2,70.72,0.0,7.6,0.5509920634920634,9.0,20.6,0.4373457621034683,14.4,0.0,108.2,97.2,27.6,54.8,14.8,42.2,13.4,28.8,21.6,17.8,1.2202436237652956,9.2,23.4,39.04,27.4,60.4,45.33007547679948,14.8,24.2,61.54,0.0,8.4,0.4753353973168215,1.8,22.2,0.08553357753357753,17.8,0.0,96.8
101,107,2012-11-10,1,1,2012-13,Golden State Warriors,Denver Nuggets,95.0,18.5,58.333333333333336,18.166666666666668,43.666666666666664,11.5,32.166666666666664,20.5,16.666666666666668,1.271044945193552,6.166666666666667,19.5,31.46666666666667,29.166666666666668,62.5,46.652782957351455,18.166666666666668,25.0,71.93333333333334,0.0,7.0,0.4263316662697468,3.1666666666666665,23.666666666666668,0.13943701723113489,16.666666666666668,0.0,99.16666666666667,97.66666666666667,19.5,64.33333333333333,13.833333333333334,50.0,16.5,33.5,20.5,16.666666666666668,1.3184704184704186,6.5,21.666666666666668,30.066666666666666,32.166666666666664,67.16666666666667,47.69996874953771,13.833333333333334,21.0,63.93333333333334,0.0,8.0,0.5042207792207792,6.833333333333333,19.0,0.367739898989899,16.666666666666668,0.0,109.0
96,82,2012-11-10,1,1,2012-13,Houston Rockets,Detroit Pistons,94.2,24.0,53.2,17.0,48.6,15.0,33.6,20.8,19.8,1.0506349206349206,8.0,28.6,28.080000000000002,26.6,56.4,47.43876011943239,17.0,21.6,78.8,0.0,10.4,0.5295238095238095,3.4,19.4,0.18599227569815807,19.8,0.0,102.6,93.0,17.0,57.666666666666664,18.333333333333332,36.166666666666664,11.166666666666666,25.0,22.166666666666668,15.0,1.5194035947712419,5.666666666666667,15.833333333333334,36.18333333333333,28.833333333333332,65.16666666666667,44.70192117250941,18.333333333333332,24.333333333333332,74.71666666666667,0.0,6.166666666666667,0.402124183006536,5.5,18.666666666666668,0.2940058479532164,15.0,0.0,95.5
89,85,2012-11-10,1,1,2012-13,Indiana Pacers,Washington Wizards,90.66666666666667,17.5,57.666666666666664,15.5,48.5,13.833333333333334,34.666666666666664,17.333333333333332,18.166666666666668,0.9980206927575349,5.833333333333333,20.5,29.86666666666667,28.833333333333332,64.16666666666667,44.778425876725635,15.5,19.666666666666668,80.08333333333333,0.0,6.333333333333333,0.36679037336932074,7.833333333333333,17.166666666666668,0.4627638336036169,18.166666666666668,0.0,98.33333333333333,88.75,21.0,55.5,12.25,41.25,11.25,30.0,23.5,17.0,1.4333333333333333,7.0,24.75,27.925,27.75,60.5,45.89864158829676,12.25,16.5,75.675,0.0,9.75,0.5907051282051282,6.0,21.0,0.3002297410192147,17.0,0.0,97.5
101,97,2012-11-10,1,1,2012-13,Charlotte Bobcats,Dallas Mavericks,99.5,20.25,60.5,18.75,39.75,13.75,26.0,20.0,12.0,1.6590909090909092,6.75,19.75,33.3,30.25,66.75,45.328753635205246,18.75,23.25,79.525,0.0,8.5,0.7208624708624709,8.0,18.25,0.4203399541634836,12.0,0.0,109.75,106.0,29.0,61.0,16.0,42.833333333333336,8.666666666666666,34.166666666666664,23.333333333333332,15.166666666666666,1.7191077441077443,9.666666666666666,21.833333333333332,44.0,30.5,60.333333333333336,50.87112253995793,16.0,21.666666666666668,74.18333333333334,0.0,7.166666666666667,0.5648989898989899,5.166666666666667,24.333333333333332,0.22699059696342305,15.166666666666666,0.0,121.66666666666667
83,93,2012-11-10,1,1,2012-13,Toronto Raptors,Philadelphia 76ers,97.0,21.0,56.4,19.6,38.6,11.8,26.8,19.2,12.4,1.624079449961803,7.0,21.6,33.559999999999995,28.2,64.0,44.39494256600005,19.6,23.4,83.9,0.0,9.4,0.7873338426279602,3.8,25.0,0.1699564772145417,12.4,0.0,101.4,87.8,20.4,53.6,13.8,44.6,12.0,32.6,19.4,15.6,1.2636965811965812,6.8,19.8,36.7,26.8,63.4,42.18148083216456,13.8,17.0,77.64,0.0,8.2,0.5142094017094017,5.6,17.8,0.3390540745803904,15.6,0.0,97.2
109,112,2012-11-10,1,1,2012-13,Portland Trail Blazers,San Antonio Spurs,96.8,24.0,56.4,16.4,41.2,12.6,28.6,19.2,13.2,1.4423076923076923,8.0,22.4,35.8,28.2,64.2,44.00687833633333,16.4,22.4,72.14,0.0,8.0,0.6016025641025642,4.0,19.6,0.22140637140637143,13.2,0.0,99.6,96.16666666666667,19.5,60.666666666666664,16.0,39.5,7.833333333333333,31.666666666666668,25.833333333333332,15.833333333333334,1.7980056980056982,6.5,18.5,36.18333333333334,30.333333333333332,59.0,51.34867083762308,16.0,21.333333333333332,75.45,0.0,8.666666666666666,0.6373753561253561,5.5,17.833333333333332,0.3099549229580189,15.833333333333334,0.0,113.83333333333333
87,80,2012-11-10,1,1,2012-13,Chicago Bulls,Minnesota Timberwolves,96.0,9.6,66.0,20.4,42.4,11.0,31.4,25.0,15.4,1.7928571428571431,3.2,11.4,29.28,33.0,69.4,48.179650470515774,20.4,26.0,79.24,0.0,7.8,0.5672735760971055,6.0,18.2,0.3516040100250627,15.4,0.0,111.6,94.2,14.4,60.0,19.8,42.8,11.8,31.0,22.0,16.4,1.5120454545454547,4.8,16.4,28.3,30.0,60.6,49.499644119943056,19.8,26.4,75.42,0.0,7.8,0.5005303030303031,7.8,17.2,0.4520424836601308,16.4,0.0,109.4
92,96,2012-11-10,1,1,2012-13,Milwaukee Bucks,Boston Celtics,98.75,21.75,63.5,13.5,40.5,9.0,31.5,25.25,16.75,1.6126934984520125,7.25,18.0,40.475,31.75,65.5,49.3416976040815,13.5,18.25,76.0,0.0,10.25,0.6564941766180156,7.25,18.5,0.39495798319327735,16.75,0.0,116.0,96.8,16.2,60.8,19.8,37.4,6.4,31.0,25.4,15.2,1.7943191311612368,5.4,14.2,38.160000000000004,30.4,63.8,47.69091292430951,19.8,25.4,77.14,0.0,7.4,0.5225146198830409,3.6,17.8,0.21890489223912296,15.2,0.0,107.6
94,81,2012-11-10,1,1,2012-13,Utah Jazz,Phoenix Suns,95.33333333333333,17.5,61.666666666666664,16.166666666666668,43.5,13.166666666666666,30.333333333333332,20.0,15.166666666666666,1.3533068783068785,5.833333333333333,18.333333333333332,32.86666666666667,30.833333333333332,66.83333333333333,46.16505515683147,16.166666666666668,21.5,73.5,0.0,8.833333333333334,0.6065203859321506,8.0,23.5,0.3487157287157287,15.166666666666666,0.0,106.66666666666667,99.0,18.0,63.666666666666664,17.333333333333332,45.166666666666664,14.5,30.666666666666668,20.333333333333332,14.833333333333334,1.4388519296607531,6.0,19.333333333333332,29.416666666666668,31.833333333333332,68.16666666666667,46.72569522226604,17.333333333333332,24.0,71.56666666666666,0.0,8.333333333333334,0.5768071117335823,8.5,20.333333333333332,0.4170863807002587,14.833333333333334,0.0,110.16666666666667
104,86,2012-11-11,1,1,2012-13,Memphis Grizzlies,Miami Heat,100.0,15.0,64.0,21.0,44.8,13.8,31.0,22.2,14.0,1.6484126984126983,5.0,15.2,33.06,32.0,71.0,45.321656597962566,21.0,26.2,79.6,0.0,10.6,0.8230158730158731,6.2,20.0,0.3360106951871658,14.0,0.0,115.4,107.5,28.5,62.0,17.0,39.0,7.0,32.0,24.833333333333332,13.166666666666666,2.1636904761904763,9.5,22.166666666666668,42.699999999999996,31.0,56.5,54.820860318391794,17.0,20.5,83.13333333333334,0.0,7.333333333333333,0.6636904761904762,4.833333333333333,19.333333333333332,0.26304713804713803,13.166666666666666,0.0,128.66666666666666
82,74,2012-11-11,1,1,2012-13,Brooklyn Nets,Orlando Magic,95.75,23.25,56.0,16.5,39.5,11.25,28.25,19.25,15.5,1.329285111173656,7.75,20.5,37.474999999999994,28.0,58.5,47.74242424242424,16.5,24.25,67.0,0.0,7.25,0.501552678487663,4.0,16.0,0.25666428514725725,15.5,0.0,99.25,90.6,17.4,60.8,12.4,42.2,10.8,31.4,21.8,14.8,1.6064024864024866,5.8,13.6,43.720000000000006,30.4,69.2,43.83613355388486,12.4,16.4,72.58,0.0,5.6,0.4103496503496504,5.4,21.4,0.24206773618538321,14.8,0.0,100.2
103,90,2012-11-11,1,1,2012-13,Los Angeles Lakers,Sacramento Kings,97.83333333333333,20.0,56.333333333333336,21.5,46.833333333333336,14.0,32.833333333333336,20.0,18.166666666666668,1.1763721804511278,6.666666666666667,20.0,33.8,28.166666666666668,56.333333333333336,49.890940705199874,21.5,31.833333333333332,67.53333333333333,0.0,8.166666666666666,0.47345342522974104,5.166666666666667,20.166666666666668,0.27571095404678614,18.166666666666668,0.0,108.0,91.66666666666667,15.5,60.333333333333336,15.833333333333334,43.0,12.833333333333334,30.166666666666668,16.0,14.833333333333334,1.1392947330447332,5.166666666666667,17.666666666666668,29.03333333333333,30.166666666666668,70.5,43.27659088194321,15.833333333333334,20.833333333333332,76.71666666666665,0.0,9.666666666666666,0.6717261904761904,5.5,25.5,0.21659744357513122,14.833333333333334,0.0,93.16666666666667
89,76,2012-11-11,1,1,2012-13,Los Angeles Clippers,Atlanta Hawks,104.33333333333333,20.5,63.666666666666664,20.166666666666668,39.5,8.666666666666666,30.833333333333332,23.833333333333332,17.333333333333332,1.4662391774891776,6.833333333333333,18.833333333333332,35.28333333333333,31.833333333333332,58.166666666666664,54.390196182769216,20.166666666666668,26.333333333333332,78.68333333333334,0.0,9.833333333333334,0.6183297258297259,7.0,24.833333333333332,0.29125879072823047,17.333333333333332,0.0,122.66666666666667,96.0,23.25,61.0,11.75,40.25,10.75,29.5,21.75,13.5,1.6344097079391198,7.75,23.5,32.9,30.5,60.5,50.40316723506379,11.75,16.25,70.8,0.0,9.0,0.6980666392431099,3.25,19.25,0.17908653846153846,13.5,0.0,106.5
106,91,2012-11-11,1,1,2012-13,Oklahoma City Thunder,Cleveland Cavaliers,99.16666666666667,21.5,55.666666666666664,22.0,42.333333333333336,8.333333333333334,34.0,21.833333333333332,18.166666666666668,1.2216034739254553,7.166666666666667,17.666666666666668,42.03333333333333,27.833333333333332,56.0,49.99065795472418,22.0,26.333333333333332,84.45,0.0,6.666666666666667,0.35698761163157444,7.5,21.5,0.35387673729778996,18.166666666666668,0.0,116.33333333333333,98.5,27.5,55.0,16.0,41.666666666666664,12.666666666666666,29.0,21.166666666666668,18.333333333333332,1.1676633372647305,9.166666666666666,23.0,39.68333333333333,27.5,59.666666666666664,46.10839623066624,16.0,24.666666666666668,64.86666666666666,0.0,8.833333333333334,0.48341441839893856,2.1666666666666665,22.666666666666668,0.09794464794464795,18.333333333333332,0.0,99.33333333333333
133,140,2012-11-12,1,1,2012-13,Toronto Raptors,Utah Jazz,94.66666666666667,23.5,53.0,18.166666666666668,38.0,11.0,27.0,19.333333333333332,12.5,1.6098097980450923,7.833333333333333,22.333333333333332,35.666666666666664,26.5,62.166666666666664,42.65616283015727,18.166666666666668,22.166666666666668,81.38333333333334,0.0,8.833333333333334,0.7330346124463771,3.8333333333333335,24.333333333333332,0.17337642942481649,12.5,0.0,98.0,95.14285714285714,15.857142857142858,63.142857142857146,16.142857142857142,44.714285714285715,12.714285714285714,32.0,20.285714285714285,15.571428571428571,1.334580498866213,5.285714285714286,17.714285714285715,30.214285714285715,31.571428571428573,66.42857142857143,47.6057615629984,16.142857142857142,21.857142857142858,72.52857142857142,0.0,8.0,0.5436841403227958,7.857142857142857,22.714285714285715,0.35445475159760875,15.571428571428571,0.0,107.42857142857143
90,92,2012-11-12,1,1,2012-13,Detroit Pistons,Oklahoma City Thunder,91.42857142857143,17.571428571428573,56.57142857142857,17.285714285714285,37.42857142857143,11.142857142857142,26.285714285714285,21.428571428571427,15.428571428571429,1.4372665732959853,5.857142857142857,16.428571428571427,36.01428571428571,28.285714285714285,64.42857142857143,44.26831338596045,17.285714285714285,23.142857142857142,73.87142857142858,0.0,6.428571428571429,0.40816993464052287,6.0,18.285714285714285,0.3323621553884712,15.428571428571429,0.0,94.71428571428571,100.14285714285714,21.428571428571427,57.142857142857146,21.571428571428573,42.142857142857146,7.714285714285714,34.42857142857143,21.571428571428573,18.571428571428573,1.183143113704812,7.142857142857143,17.285714285714285,42.699999999999996,28.571428571428573,56.285714285714285,50.977214207497575,21.571428571428573,25.714285714285715,84.72857142857143,0.0,6.714285714285714,0.35360842901754,7.857142857142857,21.571428571428573,0.36825798261888487,18.571428571428573,0.0,117.85714285714286
110,100,2012-11-12,1,1,2012-13,Phoenix Suns,Denver Nuggets,96.42857142857143,17.142857142857142,62.57142857142857,16.714285714285715,44.0,13.857142857142858,30.142857142857142,19.571428571428573,14.142857142857142,1.4475873682806455,5.714285714285714,18.857142857142858,28.785714285714285,31.285714285714285,68.57142857142857,45.684398721700866,16.714285714285715,23.0,72.27142857142857,0.0,8.857142857142858,0.6658346672002134,7.857142857142857,21.0,0.38035975488593604,14.142857142857142,0.0,105.85714285714286,99.0,18.857142857142858,66.0,14.142857142857142,52.142857142857146,17.428571428571427,34.714285714285715,21.857142857142858,16.428571428571427,1.4158317872603587,6.285714285714286,22.0,28.74285714285714,33.0,70.28571428571429,46.98520595867278,14.142857142857142,21.857142857142858,63.271428571428565,0.0,8.142857142857142,0.5179035250463822,7.142857142857143,19.285714285714285,0.37643011750154604,16.428571428571427,0.0,111.14285714285714
95,101,2012-11-12,1,1,2012-13,Chicago Bulls,Boston Celtics,94.5,11.0,64.33333333333333,19.166666666666668,43.166666666666664,11.5,31.666666666666668,24.0,15.166666666666666,1.7202380952380951,3.6666666666666665,11.666666666666666,32.1,32.166666666666664,69.0,47.11488285478305,19.166666666666668,24.333333333333332,79.58333333333333,0.0,7.5,0.5441565515094927,6.5,18.333333333333332,0.3719507101086048,15.166666666666666,0.0,110.5,96.66666666666667,16.0,59.666666666666664,21.0,37.833333333333336,6.5,31.333333333333332,24.5,15.0,1.7333611807296017,5.333333333333333,14.333333333333334,37.35,29.833333333333332,62.666666666666664,47.637164279029854,21.0,26.833333333333332,77.51666666666667,0.0,6.833333333333333,0.4830478975215817,3.6666666666666665,18.5,0.21272377383563276,15.0,0.0,106.83333333333333
82,90,2012-11-12,1,1,2012-13,Dallas Mavericks,Minnesota Timberwolves,104.71428571428571,28.714285714285715,58.857142857142854,17.142857142857142,42.857142857142854,8.571428571428571,34.285714285714285,23.0,15.714285714285714,1.6314156603630288,9.571428571428571,21.428571428571427,44.48571428571428,29.428571428571427,60.285714285714285,49.080009796154414,17.142857142857142,22.857142857142858,75.01428571428572,0.0,7.428571428571429,0.5518683071314651,5.428571428571429,24.285714285714285,0.23623003549245786,15.714285714285714,0.0,119.28571428571429,91.83333333333333,13.5,60.0,18.333333333333332,42.333333333333336,12.0,30.333333333333332,22.166666666666668,15.5,1.6085227272727272,4.5,15.833333333333334,27.433333333333334,30.0,62.5,48.19414787773033,18.333333333333332,24.5,75.06666666666666,0.0,7.666666666666667,0.523169191919192,7.0,17.666666666666668,0.40170206971677563,15.5,0.0,105.5
96,105,2012-11-12,1,1,2012-13,Philadelphia 76ers,Milwaukee Bucks,88.66666666666667,20.0,54.0,14.666666666666666,44.833333333333336,11.5,33.333333333333336,19.666666666666668,15.5,1.2864138176638178,6.666666666666667,18.833333333333332,37.733333333333334,27.0,62.666666666666664,43.06083854657782,14.666666666666666,18.333333333333332,77.36666666666666,0.0,8.166666666666666,0.5173967236467236,5.333333333333333,18.0,0.31763278144857093,15.5,0.0,99.66666666666667,97.4,19.2,63.6,14.6,41.2,10.4,30.8,24.2,15.6,1.6537911623979735,6.4,18.2,35.54,31.8,66.2,48.74872040210578,14.6,19.8,75.42,0.0,9.6,0.6524680685671397,6.4,19.8,0.33996638655462186,15.6,0.0,111.8
87,95,2012-11-12,1,1,2012-13,Portland Trail Blazers,Atlanta Hawks,98.83333333333333,25.0,57.666666666666664,16.166666666666668,40.5,12.5,28.0,19.833333333333332,13.5,1.4574786324786324,8.333333333333334,22.333333333333332,37.416666666666664,28.833333333333332,64.66666666666667,44.63259761858623,16.166666666666668,21.833333333333332,73.26666666666667,0.0,9.0,0.6568910256410256,4.166666666666667,20.166666666666668,0.2207371935632805,13.5,0.0,103.33333333333333,92.0,24.0,57.2,10.8,40.4,10.6,29.8,21.4,15.2,1.4893459481694777,8.0,23.8,33.519999999999996,28.6,57.8,49.25870400081699,10.8,16.2,65.4,0.0,7.8,0.5857260386672152,4.4,17.8,0.2932692307692307,15.2,0.0,100.4
110,113,2012-11-12,1,1,2012-13,Houston Rockets,Miami Heat,94.5,24.5,52.333333333333336,17.666666666666668,47.5,13.833333333333334,33.666666666666664,21.166666666666668,19.0,1.1310846560846561,8.166666666666666,28.166666666666668,29.166666666666668,26.166666666666668,56.333333333333336,46.67515724238413,17.666666666666668,22.333333333333332,79.13333333333334,0.0,10.333333333333334,0.5523809523809523,3.3333333333333335,19.0,0.18440532778768073,19.0,0.0,103.0,104.42857142857143,26.142857142857142,60.57142857142857,17.714285714285715,39.57142857142857,8.142857142857142,31.428571428571427,23.857142857142858,13.285714285714286,2.0382653061224487,8.714285714285714,21.142857142857142,40.41428571428571,30.285714285714285,57.57142857142857,52.792880272907254,17.714285714285715,22.714285714285715,79.98571428571428,0.0,7.428571428571429,0.6505102040816327,5.0,18.857142857142858,0.27904040404040403,13.285714285714286,0.0,122.28571428571429
92,76,2012-11-13,1,1,2012-13,Charlotte Bobcats,Washington Wizards,99.8,18.0,63.2,18.6,42.4,15.2,27.2,19.0,13.2,1.493939393939394,6.0,19.8,29.639999999999997,31.6,68.4,46.129669574830864,18.6,24.2,76.47999999999999,0.0,9.2,0.71002331002331,7.6,19.4,0.38627196333078684,13.2,0.0,108.6,88.0,22.8,54.4,10.8,41.0,10.0,31.0,24.0,16.0,1.5799999999999998,7.6,24.6,30.679999999999996,27.2,59.4,45.809822361546495,10.8,14.6,74.82000000000001,0.0,8.8,0.5558974358974359,5.8,21.0,0.2878028404344194,16.0,0.0,98.6
114,101,2012-11-13,1,1,2012-13,Brooklyn Nets,Cleveland Cavaliers,93.0,22.8,53.6,16.6,42.6,11.4,31.2,19.4,15.4,1.3300947556055915,7.6,21.2,35.82,26.8,57.6,46.34208754208754,16.6,24.4,67.2,0.0,6.8,0.467908809456797,4.8,16.2,0.29944907517662933,15.4,0.0,99.0,97.42857142857143,26.571428571428573,54.857142857142854,16.0,40.857142857142854,12.285714285714286,28.571428571428573,20.857142857142858,17.857142857142858,1.1818066700364356,8.857142857142858,23.0,38.357142857142854,27.428571428571427,59.714285714285715,45.95005391199963,16.0,24.428571428571427,65.54285714285714,0.0,9.142857142857142,0.5191171205324235,1.8571428571428572,22.142857142857142,0.08395255538112681,17.857142857142858,0.0,97.42857142857143
72,74,2012-11-13,1,1,2012-13,Indiana Pacers,Toronto Raptors,90.42857142857143,18.0,57.142857142857146,15.285714285714286,48.42857142857143,13.857142857142858,34.57142857142857,17.142857142857142,17.428571428571427,1.0312704839020628,6.0,19.857142857142858,31.857142857142858,28.571428571428573,64.14285714285714,44.408293608621975,15.285714285714286,20.285714285714285,76.97142857142856,0.0,6.0,0.35834779255831883,7.285714285714286,16.428571428571427,0.4442737621364335,17.428571428571427,0.0,97.42857142857143,100.14285714285714,23.571428571428573,57.714285714285715,18.857142857142858,40.0,12.285714285714286,27.714285714285715,21.0,13.285714285714286,1.6258687157846823,7.857142857142857,22.571428571428573,35.32857142857143,28.857142857142858,65.28571428571429,43.87535045305997,18.857142857142858,23.285714285714285,80.71428571428571,0.0,9.428571428571429,0.7314899852714979,4.0,25.285714285714285,0.17164984273279202,13.285714285714286,0.0,105.71428571428571
82,84,2012-11-13,1,1,2012-13,Los Angeles Lakers,San Antonio Spurs,98.57142857142857,20.571428571428573,56.285714285714285,21.714285714285715,47.285714285714285,14.571428571428571,32.714285714285715,20.428571428571427,18.142857142857142,1.1908586943549349,6.857142857142857,20.714285714285715,33.542857142857144,28.142857142857142,56.285714285714285,49.906520604457036,21.714285714285715,31.571428571428573,68.84285714285714,0.0,7.857142857142857,0.4534362692445399,5.428571428571429,19.142857142857142,0.3132467518203222,18.142857142857142,0.0,109.57142857142857,98.42857142857143,19.714285714285715,61.42857142857143,17.285714285714285,39.0,7.571428571428571,31.428571428571427,25.0,16.571428571428573,1.6772021629164489,6.571428571428571,18.428571428571427,36.57142857142857,30.714285714285715,58.0,53.07908049818242,17.285714285714285,22.714285714285715,76.18571428571428,0.0,8.714285714285714,0.6075462236176522,5.428571428571429,18.142857142857142,0.3013899339640162,16.571428571428573,0.0,115.42857142857143
89,99,2012-11-13,1,1,2012-13,Orlando Magic,New York Knicks,87.83333333333333,15.0,60.333333333333336,12.5,42.166666666666664,10.833333333333334,31.333333333333332,21.833333333333332,14.333333333333334,1.6442242942242942,5.0,13.5,37.71666666666667,30.166666666666668,69.5,43.33762303199325,12.5,16.666666666666668,72.51666666666667,0.0,5.666666666666667,0.42529137529137523,5.166666666666667,21.5,0.23202614379084965,14.333333333333334,0.0,96.33333333333333,104.5,38.25,49.0,17.25,41.75,10.25,31.5,21.5,11.25,2.1115079365079366,12.75,29.25,42.625,24.5,53.0,46.241263440860216,17.25,22.5,79.05000000000001,0.0,10.25,0.9619047619047618,3.5,17.5,0.24614845938375352,11.25,0.0,120.0
86,103,2012-11-13,1,1,2012-13,Sacramento Kings,Portland Trail Blazers,91.42857142857143,16.285714285714285,60.0,15.142857142857142,42.42857142857143,13.0,29.428571428571427,16.571428571428573,14.571428571428571,1.1963185623899908,5.428571428571429,18.428571428571427,29.228571428571428,30.0,70.0,43.27758962588735,15.142857142857142,19.857142857142858,76.98571428571428,0.0,9.714285714285714,0.6856554160125589,5.428571428571429,25.285714285714285,0.2154168563977315,14.571428571428571,0.0,93.28571428571429,97.14285714285714,24.0,56.285714285714285,16.857142857142858,41.42857142857143,13.0,28.428571428571427,19.142857142857142,14.428571428571429,1.3564102564102565,8.0,22.428571428571427,35.8,28.142857142857142,64.0,43.9707979587882,16.857142857142858,22.428571428571427,74.34285714285714,0.0,9.571428571428571,0.6559065934065934,4.428571428571429,20.0,0.23431609072341336,14.428571428571429,0.0,101.42857142857143
87,89,2012-11-14,1,1,2012-13,Minnesota Timberwolves,Charlotte Bobcats,91.57142857142857,13.285714285714286,58.857142857142854,19.428571428571427,43.285714285714285,11.285714285714286,32.0,21.857142857142858,15.857142857142858,1.537463924963925,4.428571428571429,15.714285714285714,27.32857142857143,29.428571428571427,60.714285714285715,48.73784103805457,19.428571428571427,25.571428571428573,75.95714285714287,0.0,7.714285714285714,0.5119227994227994,7.0,18.285714285714285,0.38977060521178164,15.857142857142858,0.0,106.85714285714286,98.5,16.5,62.0,20.0,43.666666666666664,14.833333333333334,28.833333333333332,18.666666666666668,13.166666666666666,1.4628982128982129,5.5,18.666666666666668,28.55,31.0,67.83333333333333,45.620878491846234,20.0,25.5,77.8,0.0,9.0,0.6942501942501943,7.5,19.5,0.38022663610898905,13.166666666666666,0.0,108.66666666666667
76,94,2012-11-14,1,1,2012-13,Philadelphia 76ers,Detroit Pistons,89.71428571428571,21.428571428571427,54.0,14.285714285714286,42.857142857142854,10.428571428571429,32.42857142857143,20.0,15.428571428571429,1.3121642246642247,7.142857142857143,19.571428571428573,38.300000000000004,27.0,62.42857142857143,43.23247519449058,14.285714285714286,18.0,77.02857142857144,0.0,8.857142857142858,0.5672924297924298,5.0,17.428571428571427,0.30286891471101995,15.428571428571429,0.0,99.42857142857143,91.25,17.625,56.25,17.375,37.625,11.375,26.25,21.5,15.0,1.4867749183006536,5.875,16.5,35.925,28.125,64.625,43.84841057635175,17.375,23.625,72.975,0.0,6.625,0.44048202614379084,6.125,19.5,0.3220668859649123,15.0,0.0,94.75
97,107,2012-11-14,1,1,2012-13,Oklahoma City Thunder,Memphis Grizzlies,99.125,19.125,56.5,23.5,42.375,7.875,34.5,20.125,18.0,1.1245359387774247,6.375,16.375,38.6125,28.25,57.125,49.763792590290535,23.5,27.75,85.15,0.0,6.75,0.3719073753903475,8.375,21.375,0.39722573479152423,18.0,0.0,115.625,100.66666666666667,19.5,61.333333333333336,19.833333333333332,44.5,13.333333333333334,31.166666666666668,22.833333333333332,14.166666666666666,1.6625661375661374,6.5,16.666666666666668,37.266666666666666,30.666666666666668,69.5,44.21966006819461,19.833333333333332,24.5,80.91666666666667,0.0,10.166666666666666,0.7747354497354498,5.833333333333333,20.333333333333332,0.3103119429590018,14.166666666666666,0.0,116.16666666666667
98,93,2012-11-14,1,1,2012-13,Boston Celtics,Utah Jazz,97.28571428571429,15.0,62.0,20.285714285714285,37.285714285714285,6.428571428571429,30.857142857142858,25.0,14.0,1.9857381549110873,5.0,14.571428571428571,34.7,31.0,63.0,49.18350344795965,20.285714285714285,25.285714285714285,80.72857142857143,0.0,7.142857142857143,0.5747553407327844,3.857142857142857,19.285714285714285,0.21209656804959,14.0,0.0,110.0,100.75,19.125,63.25,18.375,44.875,12.5,32.375,21.5,15.875,1.37609126984127,6.375,18.75,33.1625,31.625,66.5,47.625190621354946,18.375,24.5,73.35,0.0,8.25,0.5451680672268908,8.25,23.125,0.36303252303252304,15.875,0.0,114.375
107,101,2012-11-14,1,1,2012-13,Dallas Mavericks,Washington Wizards,101.875,26.625,57.75,17.5,41.875,8.375,33.5,22.125,15.0,1.6274887028176501,8.875,20.75,42.05,28.875,60.75,47.827821071635114,17.5,23.125,75.6375,0.0,7.375,0.5703847687400319,5.0,23.75,0.21920128105590062,15.0,0.0,113.875,86.0,21.5,52.0,12.5,42.5,11.333333333333334,31.166666666666668,23.0,16.166666666666668,1.4931372549019608,7.166666666666667,25.666666666666668,28.25,26.0,58.333333333333336,44.464160144056045,12.5,17.5,73.28333333333333,0.0,8.166666666666666,0.5122674710910006,6.5,21.5,0.3092801448064606,16.166666666666668,0.0,94.16666666666667
100,96,2012-11-14,1,1,2012-13,Houston Rockets,New Orleans Hornets,96.71428571428571,26.142857142857142,51.714285714285715,18.857142857142858,46.42857142857143,13.428571428571429,33.0,21.714285714285715,17.857142857142858,1.2941764584621729,8.714285714285714,29.0,30.042857142857144,25.857142857142858,54.857142857142854,47.46069378539759,18.857142857142858,23.857142857142858,79.08571428571429,0.0,9.571428571428571,0.5384044526901669,3.7142857142857144,19.142857142857142,0.20091885238944066,17.857142857142858,0.0,106.0,88.2,15.6,57.6,15.0,43.2,10.8,32.4,21.8,15.4,1.6773856209150328,5.2,18.0,28.9,28.8,59.6,47.94260269383188,15.0,19.4,75.9,0.0,6.8,0.4701307189542484,7.0,16.8,0.4390476190476191,15.4,0.0,103.6
92,88,2012-11-14,1,1,2012-13,Golden State Warriors,Atlanta Hawks,95.85714285714286,19.714285714285715,58.57142857142857,17.571428571428573,45.142857142857146,11.714285714285714,33.42857142857143,20.857142857142858,16.285714285714285,1.3241609734312079,6.571428571428571,20.285714285714285,32.114285714285714,29.285714285714285,64.57142857142857,45.55396238644967,17.571428571428573,24.714285714285715,70.35714285714286,0.0,7.571428571428571,0.4776720404761095,3.4285714285714284,24.0,0.14698997081350024,16.285714285714285,0.0,100.42857142857143,92.5,23.5,57.0,12.0,40.5,9.833333333333334,30.666666666666668,21.166666666666668,15.5,1.4372000548471136,7.833333333333333,22.833333333333332,34.416666666666664,28.5,58.333333333333336,48.699193224724546,12.0,17.166666666666668,68.13333333333334,0.0,8.833333333333334,0.6253599341834636,4.333333333333333,18.5,0.27469405594405594,15.5,0.0,101.83333333333333
99,85,2012-11-14,1,1,2012-13,Milwaukee Bucks,Indiana Pacers,98.66666666666667,19.5,64.33333333333333,14.833333333333334,42.333333333333336,9.666666666666666,32.666666666666664,24.333333333333332,16.833333333333332,1.5593187222881664,6.5,18.5,35.449999999999996,32.166666666666664,65.16666666666667,50.06837811286593,14.833333333333334,19.5,77.66666666666667,0.0,9.333333333333334,0.6016944049653701,6.5,19.666666666666668,0.34470883090078136,16.833333333333332,0.0,114.66666666666667,88.125,17.625,54.75,15.75,48.5,13.875,34.625,16.75,16.75,1.0481950067476384,5.875,19.25,32.0375,27.375,63.625,42.81559024087756,15.75,20.875,76.85,0.0,6.25,0.39688765182186236,7.25,16.375,0.4434270418693793,16.75,0.0,95.375
107,100,2012-11-14,1,1,2012-13,Los Angeles Clippers,Miami Heat,102.14285714285714,19.714285714285715,64.0,18.428571428571427,39.285714285714285,8.571428571428571,30.714285714285715,23.428571428571427,17.0,1.4567764378478665,6.571428571428571,18.285714285714285,35.0,32.0,59.42857142857143,53.65641549141412,18.428571428571427,23.714285714285715,81.72857142857143,0.0,10.142857142857142,0.6442826221397651,6.857142857142857,24.428571428571427,0.2886114310138079,17.0,0.0,120.42857142857143,105.5,26.625,61.75,17.125,40.125,8.75,31.375,24.125,13.0,2.078936688311688,8.875,21.125,41.3125,30.875,58.875,52.627593768205614,17.125,22.375,78.1125,0.0,7.0,0.614650974025974,4.875,19.5,0.26499368686868685,13.0,0.0,123.125
106,112,2012-11-14,1,1,2012-13,Phoenix Suns,Chicago Bulls,98.125,17.625,63.75,16.75,43.5,14.0,29.5,20.75,13.125,1.8708056139122315,5.875,18.0,32.475,31.875,70.25,45.46165375953704,16.75,22.75,73.3625,0.0,8.5,0.7076053338001868,7.375,20.75,0.35913057499887824,13.125,0.0,108.625,94.57142857142857,10.714285714285714,64.0,19.857142857142858,42.714285714285715,11.0,31.714285714285715,24.0,15.0,1.719387755102041,3.5714285714285716,11.285714285714286,32.27142857142858,32.0,68.42857142857143,47.19737211728657,19.857142857142858,25.285714285714285,79.27142857142857,0.0,7.285714285714286,0.5276443910897692,5.714285714285714,17.857142857142858,0.32833870390261366,15.0,0.0,109.71428571428571
93,98,2012-11-15,1,1,2012-13,Denver Nuggets,Miami Heat,99.125,19.125,66.25,13.75,51.0,16.375,34.625,22.375,16.25,1.4555194805194804,6.375,21.25,30.625,33.125,69.0,48.19538854717201,13.75,21.375,63.0,0.0,7.375,0.4698322510822511,7.5,19.5,0.38890016233766234,16.25,0.0,112.75,103.0,27.0,59.5,16.5,40.125,9.5,30.625,23.75,14.375,1.8330485304169515,9.0,21.75,40.425,29.75,58.0,51.4867207523326,16.5,22.0,77.0,0.0,7.375,0.5620193950786057,5.0,20.125,0.2637436868686869,14.375,0.0,118.375
100,104,2012-11-15,1,1,2012-13,San Antonio Spurs,New York Knicks,96.625,19.875,60.75,16.0,38.875,8.0,30.875,24.625,15.5,1.8113018925518927,6.625,18.625,36.375,30.375,59.5,51.44419543590962,16.0,21.25,74.6125,0.0,9.25,0.7347279456654456,5.375,18.0,0.30048089810086714,15.5,0.0,112.875,103.4,36.0,52.0,15.4,39.6,9.4,30.2,20.2,10.8,2.0225396825396826,12.0,28.2,41.6,26.0,54.4,47.65967741935484,15.4,20.2,77.78,0.0,10.4,1.013968253968254,3.0,16.8,0.21120448179271709,10.8,0.0,116.4
102,97,2012-11-15,1,1,2012-13,Brooklyn Nets,Boston Celtics,96.5,21.5,57.0,18.0,42.0,11.5,30.5,20.666666666666668,15.0,1.4545661424918392,7.166666666666667,21.333333333333332,33.63333333333333,28.5,57.166666666666664,49.83052749719417,18.0,25.5,69.43333333333334,0.0,6.5,0.4540265719832283,5.666666666666667,17.333333333333332,0.3220046640964665,15.0,0.0,106.0,97.375,14.625,62.25,20.5,36.75,6.125,30.625,24.875,13.375,2.070854218880535,4.875,14.0,35.3625,31.125,62.875,49.4871784201905,20.5,25.75,80.125,0.0,7.25,0.6140220342522974,3.875,19.0,0.21499626174927358,13.375,0.0,110.625
99,93,2012-11-16,1,1,2012-13,Philadelphia 76ers,Utah Jazz,88.0,20.625,52.25,15.125,42.25,10.5,31.75,19.375,14.0,1.6168936965811964,6.875,19.125,37.425,26.125,63.125,41.50488638341456,15.125,19.75,75.6,0.0,9.0,0.8088808760683761,4.875,17.875,0.2888198241816663,14.0,0.0,95.625,98.25,19.5,61.75,17.0,43.25,12.25,31.0,20.75,15.75,1.3348824786324787,6.5,18.875,33.6375,30.875,65.5,47.142603556678324,17.0,22.75,73.05000000000001,0.0,7.375,0.4847285067873303,8.0,22.375,0.3625062072430494,15.75,0.0,109.125
95,110,2012-11-16,1,1,2012-13,New Orleans Hornets,Oklahoma City Thunder,89.5,17.0,56.666666666666664,15.833333333333334,42.333333333333336,10.5,31.833333333333332,21.0,14.666666666666666,1.6553971083382848,5.666666666666667,19.0,29.633333333333336,28.333333333333332,59.666666666666664,47.17439113374879,15.833333333333334,19.666666666666668,79.11666666666666,0.0,6.666666666666667,0.4826846900376312,7.166666666666667,16.666666666666668,0.4492063492063492,14.666666666666666,0.0,103.5,100.75,18.75,58.25,23.75,41.375,7.625,33.75,20.75,17.625,1.1912026054440914,6.25,15.875,39.237500000000004,29.125,57.0,51.324527053567365,23.75,28.125,84.925,0.0,6.75,0.3802407087236808,8.5,21.25,0.40544941900205056,17.625,0.0,118.625
119,117,2012-11-16,1,1,2012-13,Portland Trail Blazers,Houston Rockets,97.875,26.25,54.5,17.125,41.75,12.75,29.0,19.25,14.75,1.333917797888386,8.75,23.0,37.8125,27.25,61.625,44.307781547273,17.125,22.375,75.85,0.0,9.5,0.6400947398190046,4.5,19.75,0.23974880160520892,14.75,0.0,104.25,97.125,26.625,51.75,18.75,45.625,12.625,33.0,21.375,17.125,1.330321067821068,8.875,29.0,30.6,25.875,54.375,47.900656081830725,18.75,23.625,79.42500000000001,0.0,8.75,0.5023538961038961,4.125,18.875,0.22727458407605466,17.125,0.0,106.375
98,106,2012-11-16,1,1,2012-13,Minnesota Timberwolves,Golden State Warriors,91.0,13.5,58.0,19.5,44.5,12.25,32.25,21.625,16.0,1.4923397578728461,4.5,16.125,27.2,29.0,60.875,47.887546392168716,19.5,27.0,73.225,0.0,7.625,0.49940303773024364,7.5,17.75,0.43926356527459465,16.0,0.0,105.25,95.375,19.125,58.25,18.0,45.0,11.5,33.5,21.125,17.125,1.2836408517523068,6.375,20.0,31.575000000000003,29.125,63.125,46.46349067304912,18.0,24.75,72.0625,0.0,7.5,0.45600651367746536,3.125,23.75,0.13429804264363088,17.125,0.0,100.625
114,102,2012-11-16,1,1,2012-13,Los Angeles Lakers,Phoenix Suns,96.5,20.25,55.5,20.75,47.375,14.375,33.0,20.125,18.0,1.1743542987370386,6.75,20.625,33.1,27.75,56.0,49.45524256593694,20.75,30.375,68.1875,0.0,7.5,0.4335214414713254,5.875,18.5,0.35444805069992474,18.0,0.0,107.625,100.75,18.375,65.75,16.625,44.375,15.125,29.25,21.125,12.75,1.9180278361344536,6.125,18.0,33.675,32.875,73.375,44.88659322684939,16.625,22.125,75.46249999999999,0.0,8.0,0.6881608893557423,6.625,21.25,0.3216909614723082,12.75,0.0,110.25
96,112,2012-11-16,1,1,2012-13,Sacramento Kings,Atlanta Hawks,90.75,14.625,61.25,14.875,41.25,12.625,28.625,16.875,14.375,1.2294710497835497,4.875,17.5,26.7125,30.625,69.5,44.496678801439316,14.875,19.75,75.9125,0.0,9.375,0.6672561813186814,5.25,24.625,0.21348974934801507,14.375,0.0,92.75,91.85714285714286,23.142857142857142,56.57142857142857,12.142857142857142,38.857142857142854,9.142857142857142,29.714285714285715,21.142857142857142,15.0,1.481885761297526,7.714285714285714,22.857142857142858,33.84285714285714,28.285714285714285,57.857142857142854,48.755152634179474,12.142857142857142,17.285714285714285,68.71428571428571,0.0,9.142857142857142,0.666975181681064,4.285714285714286,18.428571428571427,0.2671980796980797,15.0,0.0,100.42857142857143
106,110,2012-11-16,1,1,2012-13,Detroit Pistons,Orlando Magic,91.0,16.5,57.0,17.5,40.25,11.625,28.625,22.25,15.25,1.5102124183006536,5.5,15.375,36.6,28.5,65.0,44.15504838298956,17.5,24.25,71.825,0.0,5.5,0.3675653594771242,6.5,20.75,0.32373355263157894,15.25,0.0,97.125,88.0,15.0,60.857142857142854,12.142857142857142,42.142857142857146,10.571428571428571,31.571428571428573,22.714285714285715,15.142857142857142,1.6093351093351094,5.0,13.571428571428571,37.42857142857143,30.428571428571427,68.28571428571429,44.64067922648602,12.142857142857142,16.714285714285715,70.55714285714285,0.0,5.857142857142857,0.4145354645354645,5.142857142857143,19.714285714285715,0.27824463118580767,15.142857142857142,0.0,97.71428571428571
105,95,2012-11-16,1,1,2012-13,Memphis Grizzlies,New York Knicks,101.57142857142857,19.714285714285715,63.142857142857146,18.714285714285715,43.714285714285715,13.142857142857142,30.571428571428573,22.714285714285715,13.285714285714286,1.8179138321995463,6.571428571428571,16.714285714285715,37.82857142857143,31.571428571428573,70.42857142857143,44.85745299078336,18.714285714285715,23.0,81.60000000000001,0.0,9.571428571428571,0.7712018140589569,5.428571428571429,20.714285714285715,0.28461520576610094,13.285714285714286,0.0,116.42857142857143,103.5,35.5,52.666666666666664,15.333333333333334,39.833333333333336,9.5,30.333333333333332,19.666666666666668,10.166666666666666,2.09021164021164,11.833333333333334,27.833333333333332,41.71666666666667,26.333333333333332,55.333333333333336,47.494175627240146,15.333333333333334,20.666666666666668,75.68333333333334,0.0,9.666666666666666,0.9878306878306878,3.5,17.166666666666668,0.22863531377463264,10.166666666666666,0.0,115.66666666666667
103,83,2012-11-16,1,1,2012-13,Indiana Pacers,Dallas Mavericks,87.5,17.625,53.0,16.875,49.375,14.75,34.625,16.375,16.875,1.0222081646423753,5.875,20.375,29.475,26.5,62.75,42.05377432047955,16.875,22.75,76.3125,0.0,6.25,0.3959008097165992,6.5,16.625,0.3930798196471571,16.875,0.0,92.5,102.875,25.875,58.0,19.0,41.875,9.0,32.875,21.875,15.125,1.5906297284586757,8.625,20.25,41.3,29.0,60.375,48.29423898208288,19.0,25.0,75.7625,0.0,7.0,0.5343270764323396,4.875,22.5,0.22753461438923395,15.125,0.0,114.375
88,97,2012-11-17,1,1,2012-13,Phoenix Suns,Miami Heat,102.0,19.5,66.25,16.25,42.625,14.75,27.875,22.625,12.875,2.0090992647058825,6.5,18.375,35.8625,33.125,73.0,45.4326521062416,16.25,22.25,72.375,0.0,8.25,0.7012561274509803,7.0,21.875,0.33044096147230817,12.875,0.0,111.875,104.75,29.25,58.75,16.75,38.625,9.25,29.375,24.5,13.125,1.998632946001367,9.75,22.625,42.0625,29.375,57.875,50.864171732724756,16.75,22.375,76.5875,0.0,7.5,0.5950280530872636,5.5,19.625,0.3093786075036075,13.125,0.0,120.75
117,113,2012-11-17,1,1,2012-13,Milwaukee Bucks,New Orleans Hornets,98.71428571428571,18.0,65.14285714285714,15.571428571428571,42.857142857142854,10.285714285714286,32.57142857142857,24.285714285714285,15.285714285714286,1.9079874762469997,6.0,18.142857142857142,33.07142857142857,32.57142857142857,66.57142857142857,49.58241933483747,15.571428571428571,20.285714285714285,78.0,0.0,9.571428571428571,0.7776428233036505,6.714285714285714,20.0,0.34741276414872174,15.285714285714286,0.0,116.0,90.28571428571429,17.571428571428573,56.0,16.714285714285715,42.0,11.142857142857142,30.857142857142858,21.285714285714285,14.285714285714286,1.6927213309566251,5.857142857142857,18.0,33.72857142857143,28.0,60.57142857142857,46.06289802806173,16.714285714285715,20.857142857142858,79.04285714285713,0.0,6.714285714285714,0.497063067651303,6.714285714285714,17.142857142857142,0.41360544217687073,14.285714285714286,0.0,103.85714285714286
101,80,2012-11-17,1,1,2012-13,Los Angeles Clippers,Chicago Bulls,102.75,21.0,62.25,19.5,39.125,8.625,30.5,23.25,17.25,1.4194162252221463,7.0,18.625,36.575,31.125,58.375,53.07681453537951,19.5,24.75,82.0625,0.0,10.25,0.636115715424926,7.0,24.5,0.29253500213708195,17.25,0.0,121.0,96.75,11.625,65.5,19.625,43.125,11.5,31.625,24.25,15.0,1.7211309523809524,3.875,11.375,34.487500000000004,32.75,69.375,47.547700602625746,19.625,25.25,78.3625,0.0,7.25,0.5200221755368815,5.625,18.25,0.31705827067669173,15.0,0.0,112.25
95,103,2012-11-17,1,1,2012-13,Cleveland Cavaliers,Dallas Mavericks,97.875,24.375,56.75,16.75,40.125,12.75,27.375,20.25,17.125,1.200747502948548,8.125,21.875,36.2375,28.375,61.375,46.19944785793118,16.75,24.625,67.925,0.0,9.25,0.5583941471325372,1.625,22.625,0.07345848595848596,17.125,0.0,97.375,101.5,22.5,59.75,19.25,42.375,9.0,33.375,21.375,14.625,1.6010463951253424,7.5,19.125,36.975,29.875,61.0,49.27463113894562,19.25,24.875,77.125,0.0,6.375,0.5030770764323396,4.875,21.375,0.23517727743271222,14.625,0.0,113.5
126,100,2012-11-17,1,1,2012-13,San Antonio Spurs,Denver Nuggets,96.75,20.625,60.25,15.875,39.5,8.375,31.125,24.5,15.125,1.8413499694749695,6.875,19.75,36.075,30.125,59.25,51.243046010622265,15.875,20.625,75.9625,0.0,8.625,0.7028769841269842,5.25,17.875,0.2966118504818195,15.125,0.0,112.75,101.375,19.875,66.75,14.75,50.25,17.0,33.25,22.375,15.25,1.5172077922077922,6.625,21.5,31.6,33.375,68.75,48.71534653036529,14.75,22.375,65.8625,0.0,7.0,0.472267316017316,7.75,19.25,0.40424107142857146,15.25,0.0,115.625
107,89,2012-11-17,1,1,2012-13,Boston Celtics,Toronto Raptors,96.125,15.0,61.0,20.125,37.125,6.75,30.375,24.0,13.125,2.035139933166249,5.0,14.0,36.3125,30.5,62.875,48.479113904061464,20.125,25.375,79.8625,0.0,7.75,0.6542006056808688,4.0,19.125,0.21975169653188228,13.125,0.0,109.25,96.875,22.875,55.5,18.5,40.625,11.75,28.875,20.0,13.375,1.5387065548830257,7.625,21.25,37.1625,27.75,64.625,42.55759831309415,18.5,22.75,81.15,0.0,8.75,0.6757680228268463,3.625,25.0,0.15562839499988868,13.375,0.0,101.75
76,83,2012-11-17,1,1,2012-13,Washington Wizards,Utah Jazz,88.14285714285714,24.0,52.0,12.142857142857142,41.285714285714285,11.0,30.285714285714285,23.142857142857142,16.285714285714285,1.4815126050420169,8.0,25.857142857142858,31.085714285714285,26.0,57.714285714285715,44.99044414464063,12.142857142857142,16.571428571428573,75.8,0.0,8.142857142857142,0.5063132945485886,6.142857142857143,21.857142857142858,0.28890679078649,16.285714285714285,0.0,96.57142857142857,99.125,18.375,62.75,18.0,42.75,11.5,31.25,21.25,15.25,1.4379127816627817,6.125,18.125,33.15,31.375,65.75,47.80421521293762,18.0,23.5,76.525,0.0,7.5,0.517304264363088,8.0,21.625,0.3767919215287636,15.25,0.0,111.5
87,94,2012-11-17,1,1,2012-13,Charlotte Bobcats,Memphis Grizzlies,97.14285714285714,15.857142857142858,62.857142857142854,18.428571428571427,43.57142857142857,14.0,29.571428571428573,18.142857142857142,13.857142857142858,1.372960372960373,5.285714285714286,18.285714285714285,28.042857142857144,31.428571428571427,67.85714285714286,46.24646727872534,18.428571428571427,23.857142857142858,75.87142857142858,0.0,9.285714285714286,0.6823731823731823,8.142857142857142,20.428571428571427,0.39184261117034225,13.857142857142858,0.0,107.57142857142857,102.0,19.125,63.25,19.625,42.625,13.0,29.625,21.75,13.375,1.7246031746031747,6.375,16.5,37.2625,31.625,69.25,45.80764841611576,19.625,24.125,81.5625,0.0,9.25,0.7373015873015873,5.5,21.125,0.2802883050453383,13.375,0.0,115.5
119,108,2012-11-18,1,1,2012-13,Los Angeles Lakers,Houston Rockets,99.375,22.125,55.25,22.0,47.625,14.625,33.0,20.25,17.75,1.2204852511179909,7.375,21.625,34.975,27.625,56.5,48.86930506593694,22.0,30.0,73.175,0.0,7.625,0.45286667956656346,6.375,17.75,0.39968614593802,17.75,0.0,112.375,98.625,26.25,52.5,19.875,45.875,13.125,32.75,20.875,16.875,1.3219877344877344,8.75,28.75,30.475,26.25,55.75,47.278708584883226,19.875,24.625,80.67500000000001,0.0,8.375,0.48985389610389607,4.125,19.5,0.22458061855881328,16.875,0.0,106.75
119,109,2012-11-18,1,1,2012-13,Oklahoma City Thunder,Golden State Warriors,101.25,22.125,56.25,22.875,40.0,7.5,32.5,22.375,17.875,1.2804883197298058,7.375,18.375,38.325,28.125,54.25,52.20346569370004,22.875,26.625,85.9375,0.0,7.375,0.4219073753903475,8.125,21.5,0.3850895705172021,17.875,0.0,120.375,97.75,18.0,61.5,18.25,45.125,11.5,33.625,21.375,16.875,1.3157589073078624,6.0,19.75,29.5625,30.75,63.25,48.71245547636175,18.25,25.125,72.01249999999999,0.0,6.75,0.41694401367746536,3.375,24.5,0.13958650418209242,16.875,0.0,104.375
86,79,2012-11-18,1,1,2012-13,Philadelphia 76ers,Cleveland Cavaliers,89.875,21.75,54.0,14.125,41.75,10.125,31.625,19.625,13.375,1.7035414238539237,7.25,18.25,40.875,27.0,64.25,42.14800232544354,14.125,18.375,76.725,0.0,8.0,0.7641365578865579,4.375,18.5,0.23665817004632794,13.375,0.0,97.75,98.0,24.75,56.5,16.75,38.125,12.125,26.0,20.125,15.875,1.3084314856325305,8.25,22.5,35.8625,28.25,62.875,44.98495752610975,16.75,24.375,68.775,0.0,9.875,0.6530911168295069,1.5,21.875,0.07702991452991453,15.875,0.0,95.25
102,94,2012-11-18,1,1,2012-13,Portland Trail Blazers,Chicago Bulls,98.25,26.625,54.75,16.875,42.625,12.75,29.875,19.5,15.25,1.3000636312217193,8.875,23.625,37.1875,27.375,61.375,44.727375614408054,16.875,22.5,74.6375,0.0,8.75,0.5671780731523379,4.875,20.25,0.2501654682718756,15.25,0.0,104.375,95.125,11.625,64.75,18.75,43.0,12.375,30.625,23.875,14.75,1.7159226190476191,3.875,12.0,33.50000000000001,32.375,70.0,46.67865298357813,18.75,23.875,79.11250000000001,0.0,7.125,0.5191541199813259,4.875,18.375,0.2762687969924812,14.75,0.0,108.375
88,76,2012-11-18,1,1,2012-13,New York Knicks,Indiana Pacers,102.28571428571429,32.57142857142857,54.285714285714285,15.428571428571429,39.0,9.571428571428571,29.428571428571427,19.428571428571427,10.571428571428571,1.9894121751264608,10.857142857142858,26.571428571428573,39.51428571428572,27.142857142857142,55.0,49.33463032200098,15.428571428571429,20.714285714285715,75.75714285714287,0.0,9.285714285714286,0.9236350950636665,3.857142857142857,18.428571428571427,0.22894015905957524,10.571428571428571,0.0,114.42857142857143,89.25,17.25,54.75,17.25,48.625,14.25,34.375,16.875,15.625,1.2166526090868195,5.75,19.125,30.8,27.375,64.0,42.50873635242509,17.25,23.25,76.5625,0.0,7.0,0.5157838506522717,6.5,16.5,0.39568398631382373,15.625,0.0,96.625
97,86,2012-11-18,1,1,2012-13,Toronto Raptors,Orlando Magic,97.0,23.625,54.25,19.125,39.75,11.0,28.75,20.5,14.0,1.4970398882163587,7.875,21.875,37.3,27.125,61.375,43.725954168950004,19.125,24.25,79.08749999999999,0.0,8.125,0.5841013561601797,3.125,25.625,0.12181196987911574,14.0,0.0,101.125,90.75,15.75,62.5,12.5,42.375,11.0,31.375,23.25,15.125,1.6331682206682208,5.25,14.0,37.9,31.25,68.75,45.48420543428638,12.5,16.75,72.7625,0.0,6.0,0.4210518648018648,4.875,19.375,0.26552287581699346,15.125,0.0,101.625
90,99,2012-11-18,1,1,2012-13,Sacramento Kings,Brooklyn Nets,91.875,15.375,62.0,14.5,40.875,12.5,28.375,18.25,13.5,1.3693520021645023,5.125,17.875,27.299999999999997,31.0,69.25,45.23433666596285,14.5,19.5,74.67500000000001,0.0,9.5,0.7059466575091575,4.625,23.75,0.19193802521008402,13.5,0.0,95.625,97.28571428571429,21.857142857142858,56.857142857142854,18.571428571428573,42.714285714285715,12.428571428571429,30.285714285714285,20.428571428571427,14.428571428571429,1.4935242260319659,7.285714285714286,21.428571428571427,34.028571428571425,28.428571428571427,58.0,49.06108706108706,18.571428571428573,25.857142857142858,70.74285714285715,0.0,6.571428571428571,0.48007472403757234,5.857142857142857,17.428571428571427,0.33155955335252685,14.428571428571429,0.0,107.42857142857143
103,83,2012-11-18,1,1,2012-13,Detroit Pistons,Boston Celtics,93.125,15.75,59.25,18.125,39.125,11.125,28.0,22.375,15.75,1.4477124183006536,5.25,14.75,35.875,29.625,64.625,45.8925001204413,18.125,24.375,74.5875,0.0,6.25,0.4139939309056956,6.375,20.625,0.31861659356725147,15.75,0.0,100.75,98.5,15.375,63.25,19.875,37.25,6.875,30.375,25.875,12.5,2.2381313861577024,5.125,14.125,36.85,31.625,63.0,50.227747783842894,19.875,25.125,79.6,0.0,7.5,0.6590082979885611,3.75,19.75,0.20284348397149582,12.5,0.0,114.75
87,92,2012-11-19,1,1,2012-13,San Antonio Spurs,Los Angeles Clippers,101.75,24.75,60.5,16.5,39.625,9.375,30.25,25.25,15.25,1.876377442002442,8.25,20.75,40.2,30.25,59.375,51.34550502701571,16.5,21.125,77.3625,0.0,8.875,0.7145528083028083,5.5,17.875,0.3085166123865814,15.25,0.0,119.5,102.75,21.0,62.0,19.75,39.375,8.875,30.5,22.75,16.25,1.4648707706766917,7.0,18.75,36.324999999999996,31.0,58.375,52.86495012859985,19.75,24.875,82.6,0.0,10.0,0.6572196115288221,7.125,23.625,0.31336833547041526,16.25,0.0,121.5
101,105,2012-11-19,1,1,2012-13,Dallas Mavericks,Golden State Warriors,98.625,20.25,58.5,19.875,42.25,9.0,33.25,20.75,14.625,1.5726373042162516,6.75,18.875,34.4125,29.25,60.5,48.63737623698484,19.875,25.5,77.75,0.0,6.375,0.5030770764323396,5.75,20.875,0.2892390623297374,14.625,0.0,110.125,99.625,16.125,64.5,19.0,45.0,11.375,33.625,21.625,16.125,1.3987548587248666,5.375,19.25,27.225,32.25,64.0,50.49275850666478,19.0,25.75,73.4125,0.0,7.125,0.46097235375843704,3.25,23.75,0.14132261529320353,16.125,0.0,108.125
92,97,2012-11-19,1,1,2012-13,Memphis Grizzlies,Denver Nuggets,102.25,19.125,62.75,20.375,42.625,12.375,30.25,20.875,12.75,1.714558531746032,6.375,16.5,37.262499999999996,31.375,68.5,45.91812821409556,20.375,24.625,82.5875,0.0,8.75,0.732093253968254,5.875,20.875,0.29833178330620785,12.75,0.0,116.125,102.75,18.75,69.25,14.75,49.5,16.625,32.875,22.0,16.25,1.4287337662337662,6.25,19.625,32.7875,34.625,69.875,49.85726624215119,14.75,22.25,66.175,0.0,7.375,0.4730790043290043,7.375,19.5,0.3806342602830606,16.25,0.0,116.625
102,91,2012-11-19,1,1,2012-13,Utah Jazz,Houston Rockets,97.0,17.25,61.75,18.0,46.25,13.625,32.625,21.375,15.5,1.4313338342943607,5.75,17.625,31.1125,30.875,66.875,46.324656137595156,18.0,24.125,74.52499999999999,0.0,7.0,0.4824745430008588,7.875,20.5,0.3947115019483441,15.5,0.0,110.0,98.5,26.625,53.75,18.125,43.875,11.625,32.25,21.875,16.125,1.4410353535353535,8.875,27.875,32.025,26.875,56.625,47.55855933115188,18.125,23.25,77.5375,0.0,8.375,0.5089015151515152,4.0,20.0,0.21637354785174256,16.125,0.0,106.625
81,72,2012-11-19,1,1,2012-13,Atlanta Hawks,Orlando Magic,94.375,23.25,58.0,13.125,39.25,9.25,30.0,21.5,15.0,1.4966500411353354,7.75,21.875,36.275,29.0,58.25,49.627971669661136,13.125,18.5,69.3875,0.0,9.0,0.6502699506375977,4.375,17.875,0.27844117687867687,15.0,0.0,104.75,88.75,15.375,60.25,13.125,41.625,10.625,31.0,22.5,15.5,1.54302398989899,5.125,13.75,37.5875,30.125,68.25,44.19400152425905,13.125,17.125,74.45,0.0,5.25,0.35975378787878787,4.0,19.125,0.22953802733214498,15.5,0.0,95.875
102,98,2012-11-19,1,1,2012-13,Charlotte Bobcats,Milwaukee Bucks,95.875,15.375,62.0,18.5,43.875,14.125,29.75,18.0,14.375,1.319395881895882,5.125,17.625,28.3875,31.0,68.375,45.32676997999579,18.5,24.375,74.875,0.0,9.0,0.6456876456876457,7.75,21.0,0.3678622847740495,14.375,0.0,104.375,101.0,20.625,64.5,15.875,42.625,11.0,31.625,24.75,14.875,1.9611557083827915,6.875,19.0,35.4375,32.25,66.75,48.899322800335725,15.875,20.75,77.625,0.0,9.5,0.7741874703906942,6.375,19.75,0.33176394640790924,14.875,0.0,117.875
89,96,2012-11-19,1,1,2012-13,Washington Wizards,Indiana Pacers,86.625,22.875,52.0,11.75,41.625,11.625,30.0,22.5,16.125,1.4463235294117647,7.625,24.625,31.1125,26.0,59.125,44.076783554096785,11.75,16.0,75.7,0.0,8.375,0.5263574660633484,6.125,21.625,0.29029344193817874,16.125,0.0,94.75,85.5,18.75,51.0,15.75,46.125,12.75,33.375,17.5,15.0,1.2714771704903285,6.25,18.875,33.525,25.5,60.75,41.72887895492063,15.75,22.125,73.7875,0.0,6.25,0.4900163067926226,5.625,16.375,0.35218983426704015,15.0,0.0,91.75
95,90,2012-11-20,1,1,2012-13,Los Angeles Lakers,Brooklyn Nets,101.0,22.5,57.5,21.0,47.125,13.875,33.25,21.0,16.25,1.3751006357333757,7.5,21.875,35.05,28.75,57.875,49.503208199840074,21.0,29.5,71.05,0.0,8.125,0.5190205257204096,6.5,16.0,0.4160654562828476,16.25,0.0,115.5,97.5,21.0,57.5,19.0,41.5,11.75,29.75,20.625,13.875,1.5818336977779703,7.0,20.875,33.449999999999996,28.75,58.0,49.609485661209796,19.0,25.75,72.9,0.0,6.75,0.5200653835328758,5.875,17.5,0.3317812758501276,13.875,0.0,108.5
80,102,2012-11-20,1,1,2012-13,New Orleans Hornets,New York Knicks,93.125,19.125,56.75,17.25,41.25,10.75,30.5,22.625,15.0,1.681131164587047,6.375,18.375,35.4625,28.375,60.0,47.224678631696875,17.25,21.0,81.1,0.0,6.375,0.45993018419489007,6.125,18.25,0.37152014652014653,15.0,0.0,107.125,100.5,31.125,54.0,15.375,40.125,10.25,29.875,19.375,10.375,2.0046245421245423,10.375,26.375,38.075,27.0,56.25,48.16780153175086,15.375,20.5,76.15,0.0,9.25,0.9331807081807082,3.875,18.0,0.23365597251046166,10.375,0.0,112.375
106,98,2012-11-20,1,1,2012-13,Philadelphia 76ers,Toronto Raptors,90.125,22.125,53.75,14.25,41.75,10.0,31.75,21.25,12.625,1.8875692016317016,7.375,18.625,40.6125,26.875,64.0,42.11440017490591,14.25,18.625,76.1,0.0,8.0,0.7919143356643357,5.25,18.125,0.29776928115743906,12.625,0.0,101.0,96.625,23.625,54.5,18.5,40.125,11.0,29.125,20.375,13.5,1.566682745359216,7.875,21.875,37.3,27.25,61.125,44.11657916895,18.5,24.0,77.19999999999999,0.0,8.125,0.6126727847316082,3.25,24.375,0.13736496527082082,13.5,0.0,101.625
93,89,2012-11-21,1,1,2012-13,Houston Rockets,Chicago Bulls,99.25,27.375,52.25,19.625,43.0,11.5,31.5,21.75,15.625,1.469805194805195,9.125,27.25,33.7875,26.125,56.0,46.80306482565738,19.625,24.875,78.875,0.0,7.375,0.46128246753246754,4.625,20.75,0.2362599114881062,15.625,0.0,107.125,92.5,11.625,63.0,17.875,42.25,12.5,29.75,22.75,15.0,1.6303963032581452,3.875,12.75,31.625000000000004,31.5,70.0,45.195602136120506,17.875,22.375,80.6375,0.0,7.375,0.5268940580618212,4.75,18.25,0.2712092731829574,15.0,0.0,102.75
90,74,2012-11-21,1,1,2012-13,Orlando Magic,Detroit Pistons,83.375,12.75,58.5,12.125,42.75,10.375,32.375,21.375,16.5,1.3594115497076023,4.25,13.625,29.8625,29.25,67.125,43.67316819092572,12.125,16.5,71.0625,0.0,5.125,0.31968201754385966,4.5,19.375,0.25507982299777965,16.5,0.0,89.0,96.125,15.75,62.0,18.375,39.875,10.375,29.5,22.875,15.75,1.477124183006536,5.25,14.5,36.574999999999996,31.0,64.0,48.51917672252774,18.375,24.75,74.36250000000001,0.0,6.625,0.4360527544351074,5.875,20.875,0.29304841174906965,15.75,0.0,107.0
101,100,2012-11-21,1,1,2012-13,Atlanta Hawks,Washington Wizards,91.75,22.5,57.0,12.25,40.75,9.75,31.0,20.875,15.25,1.425496194981489,7.5,22.25,34.8,28.5,58.375,48.744415122042085,12.25,18.0,66.05,0.0,9.0,0.6348853352529823,4.375,16.875,0.28698818542568544,15.25,0.0,101.125,87.25,21.375,52.75,13.125,41.25,11.125,30.125,20.875,15.75,1.3588235294117648,7.125,22.75,30.925,26.375,60.625,43.7257983324219,13.125,17.375,77.475,0.0,8.25,0.5455882352941176,5.125,22.625,0.23376322751322753,15.75,0.0,92.875
98,97,2012-11-21,1,1,2012-13,Charlotte Bobcats,Toronto Raptors,97.375,13.875,64.25,19.25,44.25,14.25,30.0,18.5,15.125,1.2766151332327804,4.625,16.625,27.200000000000003,32.125,69.0,46.59117458947082,19.25,25.125,75.1875,0.0,8.625,0.5835218702865762,7.25,20.0,0.361368778280543,15.125,0.0,106.125,95.75,21.375,55.25,19.125,41.25,10.5,30.75,21.625,13.5,1.6803191089955796,7.125,21.25,34.475,27.625,60.75,44.93179656025435,19.125,25.5,74.80000000000001,0.0,7.25,0.5331273301861537,3.5,23.875,0.15298996527082082,13.5,0.0,102.25
117,111,2012-11-21,1,1,2012-13,Oklahoma City Thunder,Los Angeles Clippers,104.25,23.625,57.5,23.125,40.375,7.875,32.5,22.875,16.75,1.4426907006821867,7.875,18.125,41.337500000000006,28.75,56.0,51.834984968076455,23.125,27.125,85.15,0.0,8.0,0.4918478515808237,7.375,20.875,0.35495564194577356,16.75,0.0,124.625,101.125,18.375,64.25,18.5,41.25,9.875,31.375,21.375,16.875,1.3104590059708094,6.125,17.5,32.8125,32.125,59.75,53.49464522360648,18.5,23.875,80.11250000000001,0.0,9.375,0.5836901997641162,7.5,22.875,0.337887566239646,16.875,0.0,119.375
115,107,2012-11-21,1,1,2012-13,Indiana Pacers,New Orleans Hornets,87.625,17.625,53.5,16.5,45.875,11.625,34.25,18.625,15.25,1.318156368485316,5.875,18.75,31.75,26.75,59.75,44.87776562823402,16.5,23.0,73.7625,0.0,6.5,0.5000413694492641,6.0,17.625,0.3470155423280423,15.25,0.0,97.0,91.25,20.625,54.25,16.375,40.375,10.25,30.125,21.375,14.75,1.6183106517665342,6.875,18.5,38.075,27.125,58.5,46.22094380443263,16.375,20.75,78.025,0.0,5.75,0.420827620092326,5.75,18.375,0.3518772893772894,14.75,0.0,102.375
94,101,2012-11-21,1,1,2012-13,Minnesota Timberwolves,Denver Nuggets,91.75,15.375,57.25,19.125,42.125,11.5,30.625,21.875,16.125,1.4970746063576947,5.125,16.25,30.5875,28.625,59.75,48.06319042027176,19.125,26.125,74.1125,0.0,7.875,0.5164484922756981,7.75,18.5,0.4309515448142366,16.125,0.0,106.0,100.375,18.75,66.0,15.625,49.5,17.0,32.5,23.0,16.5,1.4748121976063153,6.25,18.875,33.975,33.0,68.875,48.29604593093087,15.625,23.25,66.975,0.0,7.875,0.49758880825057294,7.375,18.75,0.38777711742591775,16.5,0.0,115.5
114,87,2012-11-21,1,1,2012-13,Phoenix Suns,Portland Trail Blazers,101.25,19.5,65.0,16.75,41.75,13.75,28.0,22.25,13.0,1.9783088235294117,6.5,18.25,36.05,32.5,71.625,45.472497279283495,16.75,22.625,73.6625,0.0,9.5,0.7734068627450981,6.125,22.0,0.2777448830409357,13.0,0.0,111.125,99.5,26.625,56.5,16.375,41.375,12.625,28.75,19.25,15.75,1.240167797888386,8.875,23.125,37.974999999999994,28.25,60.625,46.74283091933704,16.375,22.0,74.11250000000001,0.0,9.25,0.5880114064856712,5.0,19.25,0.2575184094483462,15.75,0.0,106.375
113,97,2012-11-21,1,1,2012-13,Sacramento Kings,Los Angeles Lakers,93.125,16.5,62.5,14.125,40.75,13.0,27.75,17.75,14.125,1.2878569041252863,5.5,18.125,29.1125,31.25,67.875,46.518583241305315,14.125,19.875,71.08749999999999,0.0,9.375,0.6771476379013144,4.625,22.5,0.1980654761904762,14.125,0.0,96.5,101.0,22.125,58.0,20.875,47.75,14.0,33.75,22.0,15.125,1.542714272097012,7.375,22.5,33.15,29.0,57.875,49.98397743060931,20.875,30.625,68.55,0.0,7.875,0.5320887075385914,6.25,15.375,0.4127442002442002,15.125,0.0,116.0
113,106,2012-11-21,1,1,2012-13,Miami Heat,Milwaukee Bucks,102.0,28.5,58.0,15.5,39.125,8.875,30.25,23.75,14.5,1.723961893369788,9.5,21.875,42.324999999999996,29.0,57.125,50.96364122874598,15.5,21.375,74.4875,0.0,7.625,0.5201925267714741,4.875,20.25,0.26473575036075037,14.5,0.0,116.5,100.875,18.375,67.0,15.5,41.75,10.75,31.0,24.75,14.25,2.022245933946701,6.125,18.75,31.45,33.5,67.875,49.83515167734107,15.5,20.625,75.25,0.0,8.625,0.7398829591124987,7.25,21.0,0.3505547960811119,14.25,0.0,116.875
102,93,2012-11-21,1,1,2012-13,Golden State Warriors,Brooklyn Nets,98.5,18.0,62.25,18.25,46.75,11.75,35.0,21.25,17.0,1.3154215253915331,6.0,20.25,28.7875,31.125,63.875,48.91516851544441,18.25,24.625,73.60000000000001,0.0,7.5,0.45799616328224657,3.25,22.5,0.14438634078339962,17.0,0.0,106.875,95.375,21.375,56.5,17.5,42.125,12.375,29.75,21.125,13.5,1.6490605885342728,7.125,21.875,32.25,28.25,57.125,49.45861252304853,17.5,23.75,72.7,0.0,6.875,0.5384477364740523,5.625,18.375,0.3133096159310993,13.5,0.0,107.75
100,112,2012-11-21,1,1,2012-13,Boston Celtics,San Antonio Spurs,97.75,13.875,63.25,20.625,36.625,7.0,29.625,24.375,13.625,1.988131386157702,4.625,13.625,35.025000000000006,31.625,61.875,51.15367370976882,20.625,25.875,80.8125,0.0,7.375,0.5965082979885612,3.25,20.875,0.16117681730482916,13.625,0.0,111.25,98.875,24.375,57.5,17.0,40.75,10.125,30.625,23.625,14.75,1.8178456959706961,8.125,21.625,37.224999999999994,28.75,59.5,48.81047065366827,17.0,21.75,77.30000000000001,0.0,8.75,0.7214972527472527,5.125,18.0,0.28658678782517794,14.75,0.0,113.375
114,111,2012-11-21,1,1,2012-13,Dallas Mavericks,New York Knicks,97.0,20.25,55.75,21.0,43.0,9.625,33.375,20.125,15.625,1.346330114673768,6.75,19.0,34.1125,27.875,61.375,45.64002875687874,21.0,26.875,78.9125,0.0,6.375,0.42464570388332,6.5,21.75,0.3100723956630707,15.625,0.0,105.75,100.25,29.25,55.5,15.5,41.125,10.25,30.875,18.375,9.875,2.0010531135531133,9.75,26.375,36.3375,27.75,56.125,49.857739475013275,15.5,21.0,74.525,0.0,8.75,0.9188949938949939,4.25,17.75,0.25240597251046165,9.875,0.0,112.375
92,83,2012-11-21,1,1,2012-13,Cleveland Cavaliers,Philadelphia 76ers,97.125,23.625,56.75,16.75,40.0,13.0,27.0,19.0,15.75,1.248688838573707,7.875,22.5,33.9875,28.375,63.5,44.783024263397884,16.75,22.875,73.95,0.0,9.75,0.6484955285942128,1.875,20.75,0.10327991452991453,15.75,0.0,96.125,92.375,22.5,56.25,13.625,40.125,8.75,31.375,22.0,12.0,2.095501893939394,7.5,18.875,40.75,28.125,63.625,44.365296691299356,13.625,17.75,76.71249999999999,0.0,8.375,0.8568181818181817,6.25,18.625,0.33895921250755345,12.0,0.0,106.125
91,90,2012-11-23,1,1,2012-13,Detroit Pistons,Toronto Raptors,93.25,14.625,61.0,17.625,41.5,11.0,30.5,21.5,15.75,1.3854575163398692,4.875,15.125,32.525,30.5,64.25,47.62234071539761,17.625,24.375,72.3875,0.0,6.5,0.427719421101774,5.0,20.5,0.24946288543328016,15.75,0.0,101.25,96.875,22.125,56.5,18.25,41.125,10.625,30.5,22.5,13.125,1.768029193029193,7.375,20.375,36.45,28.25,61.125,45.74807336337325,18.25,24.875,73.05000000000001,0.0,6.5,0.4968878343878344,4.25,24.0,0.18257329860415417,13.125,0.0,105.625
108,100,2012-11-23,1,1,2012-13,Boston Celtics,Oklahoma City Thunder,97.75,13.5,65.25,19.0,34.25,6.375,27.875,23.75,12.75,2.0358287545787546,4.5,13.0,35.8625,32.625,62.0,52.52302579843037,19.0,23.75,81.53750000000001,0.0,7.375,0.6310477716727717,3.25,21.0,0.15913433364469842,12.75,0.0,111.0,105.375,24.375,57.25,23.75,40.125,8.5,31.625,22.375,16.75,1.4163749112085027,8.125,17.875,42.8125,28.625,56.875,50.78268904970911,23.75,27.75,85.3875,0.0,8.25,0.5050057463176658,6.875,21.125,0.32986094497607654,16.75,0.0,124.25
86,76,2012-11-23,1,1,2012-13,Brooklyn Nets,Los Angeles Clippers,95.0,18.75,59.0,17.25,42.875,13.125,29.75,21.375,13.0,1.744515133988818,6.25,21.875,28.45,29.5,58.375,50.625279189715194,17.25,23.375,72.8375,0.0,6.875,0.5596598576861734,5.875,18.25,0.33077285122521694,13.0,0.0,108.375,101.25,17.25,67.5,16.5,42.75,11.125,31.625,21.125,16.75,1.3047298393041427,5.75,17.375,31.237499999999997,33.75,62.75,54.0432893387868,16.5,21.5,79.58749999999999,0.0,10.625,0.6701485330974495,7.5,22.375,0.3408744240652135,16.75,0.0,120.875
102,91,2012-11-23,1,1,2012-13,Denver Nuggets,Golden State Warriors,99.375,18.375,64.75,16.25,49.125,16.125,33.0,22.125,17.125,1.3831455309396488,6.125,17.75,35.175,32.375,68.375,47.649494206792944,16.25,23.75,67.8875,0.0,7.375,0.45383880825057293,7.0,19.125,0.3639675936163939,17.125,0.0,112.75,99.75,18.375,64.25,17.125,47.375,12.375,35.0,21.625,17.375,1.300998448468456,6.125,19.5,31.05,32.125,64.25,50.30771237509353,17.125,23.5,72.75,0.0,7.25,0.4333567402053235,3.125,22.5,0.137033399606929,17.375,0.0,109.875
111,108,2012-11-23,1,1,2012-13,Phoenix Suns,New Orleans Hornets,103.125,19.5,67.75,15.875,41.375,13.375,28.0,22.25,13.125,1.9606806184012064,6.5,17.75,37.037499999999994,33.875,70.75,48.373616682268576,15.875,21.25,74.5875,0.0,9.625,0.7742081447963801,5.625,21.875,0.2525255847953216,13.125,0.0,115.375,93.625,21.0,54.5,18.125,41.125,10.75,30.375,20.625,14.375,1.614838429544312,7.0,18.0,41.1125,27.25,60.375,45.281282355579336,18.125,22.375,80.6375,0.0,5.25,0.389577620092326,6.125,19.625,0.35428113553113555,14.375,0.0,104.0
108,104,2012-11-23,1,1,2012-13,Orlando Magic,Cleveland Cavaliers,83.0,11.625,59.25,12.125,44.0,10.125,33.875,21.5,16.875,1.3198282163742692,3.875,13.75,27.725,29.625,66.625,44.60008124470444,12.125,16.625,70.52499999999999,0.0,5.0,0.30301535087719295,4.5,19.5,0.253844645132167,16.875,0.0,89.75,95.875,26.25,54.0,15.625,41.625,13.75,27.875,18.75,16.0,1.2183068941292625,8.75,23.375,36.3625,27.0,63.0,42.9913872105668,15.625,21.0,74.225,0.0,9.0,0.5990163619275461,2.625,19.875,0.15685134310134308,16.0,0.0,95.875
97,104,2012-11-23,1,1,2012-13,Indiana Pacers,San Antonio Spurs,91.25,20.25,53.0,18.0,46.875,12.375,34.5,19.625,14.5,1.529267479596427,6.75,18.875,34.85,26.5,60.5,43.965118952875486,18.0,25.375,71.575,0.0,6.0,0.5000413694492641,7.125,18.875,0.36784887566137564,14.5,0.0,102.875,100.25,24.375,58.5,17.375,40.25,9.5,30.75,23.75,16.0,1.6077762515262515,8.125,21.375,37.925,29.25,58.5,50.41417699721781,17.375,22.5,75.9375,0.0,8.375,0.6051778083028082,5.125,18.0,0.28658678782517794,16.0,0.0,114.125
104,102,2012-11-23,1,1,2012-13,Utah Jazz,Sacramento Kings,98.0,18.75,60.0,19.25,47.875,14.0,33.875,22.625,15.375,1.532524310484837,6.25,18.375,32.3125,30.0,66.375,45.420900269050556,19.25,25.375,76.2,0.0,6.5,0.45152216204847784,8.25,20.625,0.4090395651894508,15.375,0.0,113.25,95.0,16.125,64.5,14.375,40.0,12.125,27.875,18.25,14.25,1.30853705118411,5.375,17.25,30.4,32.25,66.125,48.99490899888107,14.375,20.125,71.3125,0.0,8.625,0.6261366084895497,3.5,22.625,0.15408399470899473,14.25,0.0,99.625
131,103,2012-11-23,1,1,2012-13,Houston Rockets,New York Knicks,100.0,27.0,52.75,20.25,43.25,10.75,32.5,21.375,16.0,1.4388269339356297,9.0,25.5,35.3625,26.375,56.5,46.84762810551478,20.25,25.875,78.5125,0.0,6.5,0.41101072840203273,5.125,20.25,0.26656294179113654,16.0,0.0,108.0,101.625,30.75,54.5,16.375,40.875,9.875,31.0,19.25,9.75,2.0742673992673994,10.25,26.875,37.3,27.25,55.625,49.37947860544806,16.375,21.5,77.11250000000001,0.0,8.5,0.9081807081807082,3.875,18.625,0.20461185486340286,9.75,0.0,114.25
103,95,2012-11-23,1,1,2012-13,Portland Trail Blazers,Minnesota Timberwolves,98.5,24.75,55.75,18.0,38.75,13.0,25.75,17.5,16.5,1.1009632524338406,8.25,22.5,36.05,27.875,59.25,47.09265600679331,18.0,23.75,76.4375,0.0,8.75,0.5418466337583985,4.25,19.625,0.21386761579755253,16.5,0.0,99.875,92.75,16.875,57.5,18.375,43.25,12.625,30.625,22.0,15.0,1.561657939691028,5.625,17.75,30.362499999999997,28.75,61.375,46.99163987382367,18.375,25.375,73.2375,0.0,8.25,0.5664484922756982,7.25,19.0,0.3959375392119957,15.0,0.0,106.75
106,98,2012-11-23,1,1,2012-13,Memphis Grizzlies,Los Angeles Lakers,100.75,19.125,63.0,18.625,41.75,12.75,29.0,21.0,13.125,1.6872476073762839,6.375,17.0,35.9,31.5,68.125,46.40160669770212,18.625,22.5,82.5875,0.0,8.875,0.725265522875817,5.875,20.625,0.3006045105789351,13.125,0.0,114.0,99.625,22.875,54.75,22.0,46.125,12.75,33.375,20.625,15.75,1.4177142720970122,7.625,23.0,33.2375,27.375,55.875,48.614513561145436,22.0,32.25,68.55,0.0,7.25,0.47792204087192475,5.75,15.625,0.38547147297147294,15.75,0.0,109.5
91,101,2012-11-23,1,1,2012-13,Charlotte Bobcats,Atlanta Hawks,97.25,13.875,63.5,19.875,44.125,13.5,30.625,18.75,15.375,1.266198466566114,4.625,16.875,26.974999999999998,31.75,68.125,46.66680992630019,19.875,25.625,76.075,0.0,7.875,0.5106052036199096,8.125,20.875,0.3970830639948287,15.375,0.0,106.375,91.375,22.875,56.5,12.0,40.625,9.5,31.125,22.125,15.625,1.4660806105659048,7.625,22.25,35.3,28.25,59.5,47.41592824607709,12.0,18.125,64.4375,0.0,9.0,0.605664556032203,4.875,17.5,0.3057381854256854,15.625,0.0,100.375
109,116,2012-11-24,1,1,2012-13,Philadelphia 76ers,Oklahoma City Thunder,93.125,22.5,55.25,15.375,39.625,9.0,30.625,21.875,11.0,2.258597132034632,7.5,18.25,41.4125,27.625,64.5,43.00660103912544,15.375,19.875,78.875,0.0,9.25,1.0294372294372294,6.875,18.625,0.37802171250755345,11.0,0.0,107.625,105.75,24.75,57.25,23.75,40.375,8.5,31.875,22.25,16.125,1.4474577989090371,8.25,19.25,41.125,28.625,56.25,51.369810261830324,23.75,28.125,83.9,0.0,7.75,0.49230521155830753,6.75,21.625,0.3152728442895777,16.125,0.0,123.75
106,108,2012-11-24,1,1,2012-13,Washington Wizards,Charlotte Bobcats,89.0,21.75,53.5,13.75,42.75,12.625,30.125,20.875,16.75,1.3008525149190109,7.25,22.75,31.549999999999997,26.75,62.0,43.30725760278673,13.75,18.25,77.5,0.0,8.375,0.5307331628303495,5.375,24.25,0.22582671957671957,16.75,0.0,94.375,94.875,13.125,62.25,19.5,43.75,12.5,31.25,17.625,15.625,1.1578651332327805,4.375,16.875,25.837500000000002,31.125,67.625,45.99530929578316,19.5,25.5,75.0625,0.0,9.375,0.6054769984917044,7.75,20.25,0.3970830639948287,15.625,0.0,102.75
108,97,2012-11-24,1,1,2012-13,Sacramento Kings,Utah Jazz,96.0,18.375,63.75,13.875,38.5,11.625,26.875,19.25,14.25,1.3799656226126813,6.125,17.0,35.1125,31.875,66.25,48.29406414481041,13.875,19.25,71.9875,0.0,8.375,0.6082794656324069,3.25,22.375,0.14538834253508165,14.25,0.0,100.5,99.125,18.0,60.25,20.875,48.625,15.0,33.625,23.375,15.25,1.6205924923030186,6.0,18.125,31.137500000000003,30.125,66.625,45.42647067903273,20.875,27.25,76.075,0.0,5.875,0.4060676165939324,8.125,19.625,0.4139638076136932,15.25,0.0,114.875
104,93,2012-11-24,1,1,2012-13,Atlanta Hawks,Los Angeles Clippers,92.875,24.375,56.5,12.0,39.375,8.25,31.125,22.75,16.25,1.454382749603338,8.125,22.25,37.575,28.25,58.375,48.37403264168149,12.0,18.375,63.55,0.0,8.75,0.5809319357113474,6.375,17.875,0.38490485209235215,16.25,0.0,103.25,98.125,15.375,66.25,16.5,43.625,12.125,31.5,20.125,16.125,1.2834798393041427,5.125,16.375,29.674999999999997,33.125,63.5,52.07204629611518,16.5,22.25,76.6,0.0,10.75,0.6851485330974496,6.75,22.125,0.31293881800460743,16.125,0.0,115.875
110,108,2012-11-24,1,1,2012-13,Miami Heat,Cleveland Cavaliers,100.625,25.875,58.25,16.5,39.75,9.5,30.25,22.75,14.75,1.6327854227815528,8.625,20.875,40.6625,29.125,58.125,50.36315103266754,16.5,23.125,73.3375,0.0,7.625,0.5133297816734349,4.875,19.125,0.2804700160950161,14.75,0.0,113.0,95.375,24.0,54.75,16.625,41.0,13.625,27.375,18.125,15.25,1.243104464979465,8.0,23.0,34.175,27.375,62.75,43.77528000265632,16.625,22.0,75.4375,0.0,8.5,0.5969920704295704,2.5,20.625,0.14817078754578752,15.25,0.0,94.5
96,85,2012-11-24,1,1,2012-13,Golden State Warriors,Minnesota Timberwolves,97.875,19.125,62.0,16.75,47.5,12.5,35.0,20.875,17.0,1.2915446669558512,6.375,19.375,32.725,31.0,64.625,48.15493459731576,16.75,22.875,73.2375,0.0,6.875,0.42390295869271843,3.25,23.5,0.13513946021298961,17.0,0.0,106.625,91.25,15.375,55.5,20.375,43.5,12.75,30.75,20.125,15.375,1.3546774202105085,5.125,17.5,28.075,27.75,60.375,46.23183595225504,20.375,28.125,72.7,0.0,8.375,0.5534614792886852,6.625,19.375,0.3592311900056465,15.375,0.0,101.75
89,115,2012-11-24,1,1,2012-13,Dallas Mavericks,Los Angeles Lakers,97.625,22.125,55.25,20.25,42.375,9.0,33.375,20.25,15.875,1.3240086861023392,7.375,20.0,34.95,27.625,60.5,45.962449391799375,20.25,25.125,80.82499999999999,0.0,6.875,0.4544076086452247,5.875,21.125,0.28440814445534124,15.875,0.0,106.75,101.125,25.875,54.75,20.5,43.625,12.25,31.375,21.625,15.625,1.477290295488825,8.625,23.5,36.612500000000004,27.375,55.375,49.052561120594746,20.5,29.5,70.2625,0.0,6.75,0.4537992338543809,6.0,17.375,0.3810071872571873,15.625,0.0,111.625
86,93,2012-11-24,1,1,2012-13,Milwaukee Bucks,Chicago Bulls,101.0,16.875,69.25,14.875,43.0,12.375,30.625,23.0,13.5,1.9914972708450969,5.625,19.375,28.912499999999998,34.625,71.0,48.96867440461379,14.875,19.5,76.28750000000001,0.0,8.75,0.7833321569734613,6.5,21.375,0.3059119389382547,13.5,0.0,114.0,93.375,11.25,65.5,16.625,43.125,12.625,30.5,22.625,15.375,1.5783129699248122,3.75,12.625,30.9875,32.75,71.0,46.314339879033675,16.625,21.625,77.375,0.0,7.375,0.5039773913951545,4.875,18.5,0.27348200045568466,15.375,0.0,103.875
121,100,2012-11-25,1,1,2012-13,New York Knicks,Detroit Pistons,100.75,32.25,53.0,15.5,39.125,9.5,29.625,19.0,10.875,1.8175709706959706,10.75,27.75,37.675,26.5,55.0,48.448627541618265,15.5,20.875,75.32500000000002,0.0,8.625,0.8456807081807082,4.375,19.125,0.22141857755247846,10.875,0.0,110.125,91.75,13.125,62.0,16.625,43.125,11.625,31.5,20.75,15.5,1.3580065359477125,4.375,14.0,31.825,31.0,66.0,46.913441771204546,16.625,23.75,70.325,0.0,6.5,0.43164098972922504,4.5,20.75,0.22332652179691656,15.5,0.0,99.375
104,101,2012-11-25,1,1,2012-13,Philadelphia 76ers,Phoenix Suns,93.5,22.5,56.5,14.5,40.25,9.5,30.75,22.375,11.0,2.289847132034632,7.5,19.125,39.0625,28.25,64.75,43.71848101463064,14.5,19.125,77.375,0.0,8.625,0.9903747294372294,6.5,19.375,0.35610612809196907,11.0,0.0,107.5,102.375,19.125,68.25,15.0,39.5,11.875,27.625,22.125,12.875,2.0085972850678733,6.375,17.5,36.9875,34.125,70.625,48.8485584072103,15.0,20.125,74.0,0.0,9.875,0.8158748114630467,4.875,21.25,0.22812865497076024,12.875,0.0,113.125
98,85,2012-11-25,1,1,2012-13,Brooklyn Nets,Portland Trail Blazers,96.625,19.5,59.5,17.625,42.25,12.875,29.375,22.25,12.625,1.8140052655677654,6.5,20.875,31.475,29.75,58.5,50.946606873331014,17.625,23.625,74.03750000000001,0.0,6.75,0.5604822261072261,6.125,19.125,0.3394849724373381,12.625,0.0,112.25,100.0,27.0,55.75,17.25,36.875,10.875,26.0,18.875,16.375,1.2259632524338406,9.0,22.875,38.7125,27.875,57.0,48.94623028263705,17.25,23.75,72.2625,0.0,9.0,0.5666863773481421,4.625,21.25,0.21386761579755253,16.375,0.0,103.5
106,111,2012-11-25,1,1,2012-13,Toronto Raptors,San Antonio Spurs,95.125,22.5,55.25,17.375,41.0,10.5,30.5,22.375,13.25,1.7328019203019203,7.5,19.875,37.775000000000006,27.625,61.25,44.596943419870435,17.375,24.125,72.1625,0.0,6.375,0.4775696525696526,4.875,23.375,0.21071770854204233,13.25,0.0,103.75,102.75,22.125,62.75,17.875,41.25,9.5,31.75,23.0,14.75,1.6890262515262515,7.375,20.625,35.05,31.375,60.5,52.30054063358144,17.875,22.25,78.96249999999999,0.0,8.5,0.6614278083028083,4.875,19.25,0.25303700427539433,14.75,0.0,118.875
110,116,2012-11-25,1,1,2012-13,Orlando Magic,Boston Celtics,87.125,14.625,60.25,12.25,43.375,10.125,33.25,22.0,16.625,1.3594115497076023,4.875,14.875,31.150000000000002,30.125,65.5,46.1485608060205,12.25,16.625,71.14999999999999,0.0,4.875,0.30023757309941523,4.0,20.5,0.22657191785943975,16.625,0.0,95.0,98.75,15.375,64.5,18.875,34.875,6.5,28.375,23.375,13.0,1.9777930402930401,5.125,13.875,37.475,32.25,61.625,52.22540675081132,18.875,22.875,83.60000000000001,0.0,7.75,0.6466727716727717,3.0,21.5,0.1448322741481309,13.0,0.0,112.625
102,84,2012-11-25,1,1,2012-13,Denver Nuggets,New Orleans Hornets,100.5,17.625,66.0,16.875,47.875,15.5,32.375,22.25,15.875,1.488259167303285,5.875,17.875,33.6,33.0,68.5,48.52088843756218,16.875,24.875,67.83749999999999,0.0,7.375,0.4964524446142093,7.25,19.375,0.373516204727505,15.875,0.0,113.875,96.0,24.0,54.5,17.5,40.75,10.375,30.375,22.375,14.625,1.6968817731975627,8.0,19.0,43.8875,27.25,59.75,45.85061433938501,17.5,21.75,80.175,0.0,5.375,0.39073861080440025,5.75,20.0,0.33195970695970695,14.625,0.0,107.875
98,105,2012-11-26,1,1,2012-13,Los Angeles Clippers,New Orleans Hornets,96.5,16.125,62.25,18.125,42.5,11.875,30.625,18.75,16.125,1.191813172637476,5.375,16.625,30.525,31.125,62.25,49.853431577500466,18.125,24.25,75.9875,0.0,10.75,0.6851485330974495,6.125,22.5,0.2773526936026936,16.125,0.0,110.0,98.75,24.75,56.5,17.5,39.875,10.875,29.0,23.0,13.375,1.8084889160547057,8.25,18.25,47.025,28.25,62.5,45.78811433938501,17.5,22.25,78.3,0.0,5.125,0.40264337270916223,5.375,20.75,0.27987637362637363,13.375,0.0,109.75
84,78,2012-11-26,1,1,2012-13,Memphis Grizzlies,Cleveland Cavaliers,101.125,19.5,62.75,18.875,40.25,12.625,27.625,21.25,13.75,1.6376152544351075,6.5,16.625,38.25,31.375,66.5,47.29446384055926,18.875,23.125,81.5875,0.0,9.0,0.7050449346405229,5.0,21.75,0.24149817573730617,13.75,0.0,113.375,96.875,25.125,53.75,18.0,40.125,13.5,26.625,18.25,14.625,1.3254908286158285,8.375,22.875,35.525,26.875,62.0,43.45699296561928,18.0,23.5,76.7875,0.0,8.75,0.6445772977022977,2.375,21.0,0.14336309523809523,14.625,0.0,96.625
92,118,2012-11-26,1,1,2012-13,Washington Wizards,San Antonio Spurs,90.5,20.25,53.25,17.0,43.875,13.625,30.25,20.375,16.75,1.275852514919011,6.75,22.5,30.0125,26.625,62.0,43.11786366339279,17.0,22.25,77.05000000000001,0.0,8.75,0.5494831628303495,5.25,24.375,0.22037037037037036,16.75,0.0,95.625,104.5,23.25,64.25,17.0,41.75,9.5,32.25,22.75,13.75,1.780692918192918,7.75,21.75,35.275,32.125,63.25,51.277148820715944,17.0,21.375,78.25,0.0,8.0,0.653094474969475,4.375,19.125,0.2285487001818271,13.75,0.0,118.125
92,93,2012-11-26,1,1,2012-13,Chicago Bulls,Milwaukee Bucks,92.625,12.0,63.0,17.625,44.5,14.0,30.5,21.375,16.25,1.336125469924812,4.0,13.875,29.950000000000003,31.5,69.5,45.52762659232039,17.625,21.875,80.55000000000001,0.0,7.0,0.4380051691729323,4.25,19.25,0.21445422267790687,16.25,0.0,101.375,100.5,15.75,70.75,14.0,42.875,11.625,31.25,22.75,13.5,1.966497270845097,5.25,19.625,26.112499999999997,35.375,70.375,50.36090939349445,14.0,18.125,76.7,0.0,8.75,0.7833321569734613,6.625,21.625,0.30591193893825475,13.5,0.0,114.5
96,89,2012-11-26,1,1,2012-13,Brooklyn Nets,New York Knicks,95.5,18.0,60.0,17.5,42.25,13.125,29.125,22.875,12.75,1.8462022352647354,6.0,20.125,30.262499999999996,30.0,60.5,49.83361252304852,17.5,23.125,74.96249999999999,0.0,6.875,0.5623761655011655,6.5,18.875,0.38406539201775775,12.75,0.0,111.0,102.875,35.625,51.5,15.75,38.375,9.375,29.0,19.875,11.125,1.8541871323121324,11.875,29.125,39.5625,25.75,53.0,48.71160089365193,15.75,20.0,78.0625,0.0,8.75,0.8267413142413143,4.375,18.875,0.22392484321663886,11.125,0.0,114.375
105,103,2012-11-26,1,1,2012-13,Utah Jazz,Denver Nuggets,100.75,20.625,58.5,21.625,47.75,15.375,32.375,23.875,15.25,1.6483702700807963,6.875,18.375,34.4625,29.25,65.375,44.81883179014385,21.625,28.25,76.15,0.0,6.625,0.44773428326059905,7.125,20.25,0.36176600541589105,15.25,0.0,116.625,100.25,17.25,66.25,16.75,46.375,15.0,31.375,22.375,16.25,1.4424258339699516,5.75,17.375,34.0,33.125,66.875,49.91067338379874,16.75,24.375,68.96249999999999,0.0,7.125,0.456869111280876,7.25,19.75,0.36028091060985795,16.25,0.0,114.125
108,101,2012-11-26,1,1,2012-13,Detroit Pistons,Portland Trail Blazers,92.5,14.25,61.5,16.75,42.75,10.875,31.875,20.25,16.125,1.2830065359477123,4.75,14.125,33.5,30.75,64.75,47.433218647472295,16.75,23.75,70.9,0.0,6.25,0.40247432306255837,4.5,21.125,0.21973800505050506,16.125,0.0,99.75,99.375,27.0,56.25,16.125,37.25,10.875,26.375,19.25,17.0,1.1960487225193108,9.0,22.5,39.4875,28.125,57.75,48.79719898606478,16.125,21.625,73.96249999999999,0.0,8.75,0.5260880867498514,4.875,20.875,0.23061402728080613,17.0,0.0,103.875
114,69,2012-11-26,1,1,2012-13,Oklahoma City Thunder,Charlotte Bobcats,107.125,24.0,58.0,25.125,40.875,9.75,31.125,22.25,15.5,1.511796034203155,8.0,19.375,39.7,29.0,58.25,50.17358550327018,25.125,29.5,84.61250000000001,0.0,8.125,0.5480650154798762,6.875,21.0,0.3265228442895777,15.5,0.0,124.75,96.0,15.0,59.5,21.5,43.625,11.25,32.375,18.0,16.25,1.1278406234288587,5.0,17.75,27.0375,29.75,66.75,44.34208348933155,21.5,27.75,76.45,0.0,10.0,0.6207956259426848,7.25,22.25,0.3498459873459873,16.25,0.0,102.625
100,98,2012-11-27,1,1,2012-13,Philadelphia 76ers,Dallas Mavericks,94.875,23.625,57.0,14.25,38.625,9.125,29.5,22.625,10.125,2.4742221320346323,7.875,19.75,39.625,28.5,65.125,43.83466472157433,14.25,18.875,77.11250000000001,0.0,8.125,0.9862080627705627,6.5,19.25,0.3575681163960626,10.125,0.0,107.5,97.0,22.875,55.0,19.125,41.0,9.0,32.0,20.875,15.25,1.4010920194356726,7.625,20.0,35.8375,27.5,61.875,44.753722976705035,19.125,24.75,76.825,0.0,7.5,0.5044076086452247,6.25,21.125,0.2978010015981984,15.25,0.0,105.0
117,101,2012-11-27,1,1,2012-13,Houston Rockets,Toronto Raptors,105.75,28.875,55.25,21.625,44.25,11.125,33.125,22.0,15.25,1.529005505364201,9.625,25.25,38.2,27.625,58.375,47.48538320755559,21.625,27.5,78.0125,0.0,6.875,0.4511892998306042,5.125,20.25,0.2665629417911365,15.25,0.0,116.5,98.0,20.25,59.25,18.5,44.25,11.75,32.5,22.5,13.25,1.742417304917305,6.75,19.625,35.125,29.625,65.375,45.29352086611878,18.5,25.125,73.975,0.0,6.375,0.47756965256965256,5.375,23.875,0.22690818473251853,13.25,0.0,108.0
77,79,2012-11-27,1,1,2012-13,Los Angeles Lakers,Indiana Pacers,102.875,27.375,54.75,20.75,44.0,11.625,32.375,21.5,16.0,1.443573190225667,9.125,22.75,39.85,27.375,55.125,49.240733163605505,20.75,30.25,69.3375,0.0,7.0,0.45585515490701245,5.75,18.5,0.3491748891205413,16.0,0.0,114.25,91.625,21.0,52.75,17.875,48.375,13.375,35.0,20.75,14.625,1.5972619850909324,7.0,18.625,36.85,26.375,61.75,43.00319710279574,17.875,25.875,68.8875,0.0,5.25,0.4416622485701433,7.25,19.125,0.37121326489533013,14.625,0.0,103.625
89,97,2012-11-27,1,1,2012-13,Sacramento Kings,Minnesota Timberwolves,96.375,18.0,64.0,14.375,37.875,11.625,26.25,19.75,14.125,1.4246084797555385,6.0,17.0,34.324999999999996,32.0,65.25,49.37165035170696,14.375,20.25,71.2125,0.0,8.375,0.6130413703943116,3.125,22.25,0.1400311996779388,14.125,0.0,101.25,90.625,14.625,55.75,20.25,42.625,12.5,30.125,20.5,14.25,1.5012683293014175,4.875,18.375,26.012500000000003,27.875,60.75,46.13725362779984,20.25,27.75,73.38749999999999,0.0,8.0,0.5756205701977761,5.875,20.125,0.3123561900056465,14.25,0.0,99.5
78,91,2012-11-27,1,1,2012-13,Cleveland Cavaliers,Phoenix Suns,93.5,23.25,53.5,16.75,40.375,14.125,26.25,17.375,14.25,1.295728923853924,7.75,22.25,33.2875,26.75,62.5,42.83199296561928,16.75,22.0,76.6,0.0,8.625,0.6485455516705516,2.5,20.75,0.1505370082815735,14.25,0.0,92.625,101.625,18.375,69.0,14.25,39.375,11.5,27.875,22.5,12.25,2.104185520361991,6.125,16.75,37.125,34.5,71.625,48.674947296099184,14.25,18.5,76.39999999999999,0.0,8.75,0.7588895173453997,4.75,21.75,0.21582888380371215,12.25,0.0,112.75
101,95,2012-11-28,1,1,2012-13,Los Angeles Clippers,Minnesota Timberwolves,95.875,21.75,57.5,16.625,41.0,11.625,29.375,19.5,16.25,1.229908410732714,7.25,19.625,33.7125,28.75,59.5,48.08631848226237,16.625,22.5,73.8,0.0,11.0,0.6964580569069734,6.375,23.0,0.2843457005957006,16.25,0.0,108.5,90.75,16.125,55.5,19.125,44.75,13.375,31.375,20.75,14.375,1.5054043587131822,5.375,20.0,26.65,27.75,60.75,45.93233559501295,19.125,26.5,73.08749999999999,0.0,8.125,0.5797565996095408,6.25,20.125,0.3357936900056465,14.375,0.0,101.25
94,91,2012-11-28,1,1,2012-13,Atlanta Hawks,Charlotte Bobcats,94.75,23.625,58.0,13.125,39.75,8.375,31.375,23.5,17.0,1.433127688874593,7.875,21.25,38.225,29.0,58.625,49.47470998158296,13.125,19.625,64.275,0.0,8.875,0.5753651340919143,6.0,18.125,0.359731240981241,17.0,0.0,106.375,92.0,16.125,54.5,21.375,41.625,10.0,31.625,17.625,15.625,1.1390585721468074,5.375,18.0,28.575,27.25,64.5,41.903486998103475,21.375,27.0,78.075,0.0,9.625,0.6240007541478131,7.0,21.625,0.34491177681967156,15.625,0.0,96.75
84,96,2012-11-28,1,1,2012-13,New Orleans Hornets,Utah Jazz,98.5,27.375,53.0,18.125,39.375,10.125,29.25,22.25,14.125,1.5973778049435945,9.125,18.625,49.975,26.5,60.625,44.32250493097446,18.125,22.5,80.35,0.0,5.25,0.38319892826471774,4.875,21.25,0.24127988239830345,14.125,0.0,108.125,102.125,22.875,56.5,22.75,45.125,15.75,29.375,23.5,14.75,1.6652353494458758,7.625,19.375,37.225,28.25,64.375,44.03758179014385,22.75,29.5,77.0,0.0,7.375,0.5072580927844086,7.0,21.75,0.33815489430477985,14.75,0.0,115.75
101,78,2012-11-28,1,1,2012-13,Chicago Bulls,Dallas Mavericks,92.75,12.0,63.0,17.75,44.375,14.25,30.125,21.25,15.5,1.380173088972431,4.0,13.375,31.475,31.5,69.5,45.527626592320395,17.75,22.0,80.625,0.0,7.25,0.4689575501253133,4.625,19.5,0.23043166628692943,15.5,0.0,103.125,97.125,21.375,57.25,18.5,40.25,9.125,31.125,21.125,14.75,1.4546007913654972,7.125,20.0,33.2,28.625,62.125,46.41366921326418,18.5,23.75,77.625,0.0,7.75,0.5368637489961019,5.5,20.875,0.26702448644668325,14.75,0.0,105.375
89,110,2012-11-28,1,1,2012-13,Orlando Magic,San Antonio Spurs,92.375,17.25,61.25,13.875,44.25,10.5,33.75,22.125,16.75,1.3590460526315788,5.75,16.75,31.887500000000003,30.625,66.125,46.49946122974931,13.875,18.0,76.08749999999999,0.0,5.625,0.3386147660818713,4.25,20.125,0.24511258771589906,16.75,0.0,101.25,105.25,25.5,64.0,15.75,42.625,10.0,32.625,24.25,13.0,1.9283119658119656,8.5,22.375,37.475,32.0,63.875,50.36200037267276,15.75,20.0,77.55000000000001,0.0,7.375,0.6328563797313798,4.375,18.5,0.23896536684849376,13.0,0.0,120.875
103,82,2012-11-28,1,1,2012-13,Memphis Grizzlies,Toronto Raptors,98.125,18.75,60.5,18.875,38.25,12.5,25.75,19.75,13.875,1.5209485877684408,6.25,16.0,38.1125,30.25,65.625,46.24657826841996,18.875,23.0,82.1,0.0,9.125,0.7092116013071896,5.0,21.125,0.2519148424039729,13.875,0.0,107.125,94.0,20.25,57.0,16.75,42.625,10.625,32.0,21.75,13.0,1.7224520271395272,6.75,19.5,35.3125,28.5,62.75,45.64074308834101,16.75,22.875,73.76249999999999,0.0,5.5,0.43416687479187477,5.0,21.875,0.22341356107660454,13.0,0.0,102.75
117,77,2012-11-28,1,1,2012-13,Detroit Pistons,Phoenix Suns,95.75,15.0,63.5,17.25,43.0,11.0,32.0,21.375,16.0,1.356127450980392,5.0,13.5,36.625,31.75,65.375,48.571039160292806,17.25,24.5,70.825,0.0,6.0,0.39103641456582633,4.0,22.25,0.17442550505050508,16.0,0.0,104.75,102.875,19.125,69.75,14.0,39.625,11.125,28.5,23.375,12.875,2.100018853695324,6.375,16.875,38.4125,34.875,70.5,49.995369831310455,14.0,18.625,74.475,0.0,8.5,0.692222850678733,5.25,21.0,0.24846046275108058,12.875,0.0,116.0
88,102,2012-11-28,1,1,2012-13,Milwaukee Bucks,New York Knicks,99.5,14.625,71.25,13.625,42.625,12.5,30.125,23.0,12.375,2.0810806041784304,4.875,19.625,23.612499999999997,35.625,71.25,50.04344907603413,13.625,18.125,74.7375,0.0,7.875,0.7595226331639374,7.375,21.125,0.35843294734161607,12.375,0.0,113.125,101.625,34.5,50.25,16.875,40.75,10.75,30.0,19.75,11.75,1.770853798978799,11.5,28.75,38.45,25.125,53.5,47.31837172698526,16.875,21.625,77.825,0.0,8.5,0.7543206793206794,4.5,20.125,0.22541293845473412,11.75,0.0,113.0
83,95,2012-11-28,1,1,2012-13,Boston Celtics,Brooklyn Nets,101.25,16.125,67.75,17.375,36.25,7.75,28.5,24.125,13.125,2.0158882783882786,5.375,14.25,38.175,33.875,65.375,52.051480556013985,17.375,21.0,83.5375,0.0,8.375,0.685958485958486,2.75,21.5,0.13346863778449458,13.125,0.0,115.625,97.25,18.75,61.5,17.0,41.625,13.875,27.75,23.25,12.5,1.9006894147519147,6.25,20.625,30.625,30.75,61.625,50.29657548601149,17.0,22.375,75.0125,0.0,6.875,0.5687864219114219,6.375,19.375,0.3669085292726597,12.5,0.0,112.25
84,82,2012-11-28,1,1,2012-13,Washington Wizards,Portland Trail Blazers,90.625,20.25,54.0,16.375,44.375,14.25,30.125,19.25,15.625,1.2911934240099203,6.75,22.0,30.8125,27.0,64.0,42.29549524234016,16.375,21.625,76.55,0.0,8.375,0.5818695264667132,5.0,23.625,0.21342592592592594,15.625,0.0,94.5,98.375,25.5,55.75,17.125,37.875,11.5,26.375,19.25,16.5,1.2657456922162804,8.5,22.125,37.75,27.875,57.625,48.508867914151615,17.125,23.125,73.375,0.0,8.25,0.5230577837195484,5.375,21.0,0.2503151142373279,16.5,0.0,103.25
120,98,2012-11-28,1,1,2012-13,Oklahoma City Thunder,Houston Rockets,108.125,26.25,56.5,25.375,42.5,10.375,32.125,23.625,14.875,1.6349359151555358,8.75,20.875,39.875,28.25,57.375,49.679163596576466,25.375,29.625,85.225,0.0,7.625,0.5298358488132096,6.5,20.875,0.31137132913806254,14.875,0.0,128.0,108.375,30.375,57.0,21.0,44.625,11.625,33.0,22.875,15.125,1.6051959815546772,10.125,25.25,40.125,28.5,58.5,48.92648596444783,21.0,26.875,77.4375,0.0,7.0,0.46607025221155657,4.875,20.0,0.2528374515950581,15.125,0.0,121.625
105,100,2012-11-29,1,1,2012-13,Miami Heat,San Antonio Spurs,101.5,25.5,57.5,18.5,39.625,9.625,30.0,22.25,15.5,1.5182020894482195,8.5,20.25,41.375,28.75,57.75,50.03767933455433,18.5,25.75,72.975,0.0,7.25,0.46471867056232374,4.875,20.0,0.27074779387279385,15.5,0.0,112.0,108.5,27.0,65.25,16.25,42.75,9.625,33.125,24.75,14.0,1.7876869658119658,9.0,23.0,38.6,32.625,62.5,52.35352579640158,16.25,20.5,78.7625,0.0,7.25,0.5234813797313798,4.875,17.375,0.3428256609661408,14.0,0.0,126.0
106,105,2012-11-29,1,1,2012-13,Golden State Warriors,Denver Nuggets,100.25,18.75,63.25,18.25,47.625,12.5,35.125,21.625,16.25,1.3856742216117215,6.25,18.875,32.8,31.625,64.125,49.567790507583226,18.25,24.0,76.0875,0.0,6.375,0.40062360646599776,3.25,23.5,0.13513946021298964,16.25,0.0,112.0,99.75,17.25,65.5,17.0,43.0,13.75,29.25,21.375,16.5,1.3541905398523046,5.75,16.125,35.862500000000004,32.75,63.125,51.988848969401474,17.0,25.0,68.5875,0.0,6.75,0.4259867583396995,6.75,20.375,0.33074794357689097,16.5,0.0,112.375
111,113,2012-11-30,1,1,2012-13,Atlanta Hawks,Cleveland Cavaliers,97.0,24.75,58.75,13.5,40.125,9.0,31.125,24.5,15.375,1.708380214127118,8.25,22.125,38.4125,29.375,60.0,49.062017391707684,13.5,19.5,67.1375,0.0,9.625,0.6833196795464598,6.0,18.875,0.328481240981241,15.375,0.0,111.375,91.875,21.375,53.75,16.75,41.5,14.625,26.875,17.625,14.75,1.2755534852574326,7.125,21.25,31.15,26.875,63.625,42.279456733735216,16.75,21.875,76.98750000000001,0.0,8.375,0.6160894113196744,3.0,21.0,0.1743465320910973,14.75,0.0,91.625
90,78,2012-11-30,1,1,2012-13,Memphis Grizzlies,Detroit Pistons,99.375,19.5,60.75,19.125,39.0,11.75,27.25,21.25,14.375,1.5679571347769876,6.5,15.875,39.7125,30.375,64.0,47.461632031860816,19.125,23.625,81.35,0.0,8.625,0.6109210030165914,4.875,21.5,0.23546747398292023,14.375,0.0,111.25,99.125,17.25,63.75,18.125,43.5,10.375,33.125,22.125,16.0,1.4186274509803922,5.75,13.375,41.5875,31.875,64.625,49.29073612998978,18.125,25.5,71.4125,0.0,6.125,0.401453081232493,3.75,21.125,0.17607024189261034,16.0,0.0,110.875
108,87,2012-11-30,1,1,2012-13,New York Knicks,Washington Wizards,101.375,34.5,49.25,17.625,40.375,10.5,29.875,19.875,12.75,1.6172823704073704,11.5,28.125,39.7125,24.625,52.5,47.25426916288269,17.625,21.875,80.175,0.0,9.125,0.7388444888444888,3.875,20.25,0.19218925424420782,12.75,0.0,113.125,90.5,18.375,54.25,17.875,44.625,14.625,30.0,18.25,16.25,1.1527130318530574,6.125,20.5,30.8125,27.125,64.5,42.122151636793156,17.875,23.125,78.8125,0.0,8.625,0.5812567813686739,4.625,23.375,0.19682191590086326,16.25,0.0,93.375
106,94,2012-11-30,1,1,2012-13,Oklahoma City Thunder,Utah Jazz,111.625,29.25,59.5,22.875,42.75,11.125,31.625,25.625,15.125,1.7487752008698219,9.75,22.375,43.7375,29.75,57.625,51.82812574553862,22.875,27.125,83.875,0.0,8.0,0.5454608488132096,6.375,21.125,0.2988713291380625,15.125,0.0,134.5,96.625,19.875,54.75,22.0,44.25,15.125,29.125,22.75,14.5,1.6444020161125423,6.625,17.5,37.3125,27.375,62.5,44.077047921027884,22.0,28.875,76.325,0.0,7.5,0.5237511483399642,6.125,21.625,0.3052702789201645,14.5,0.0,109.875
122,103,2012-11-30,1,1,2012-13,Los Angeles Lakers,Denver Nuggets,99.625,26.625,52.25,20.75,44.75,11.25,33.5,20.25,16.375,1.3612319203843972,8.875,23.125,38.525,26.125,54.125,47.678233163605505,20.75,31.875,66.4375,0.0,7.5,0.47371229776415535,5.5,20.0,0.306867196812849,16.375,0.0,107.875,100.375,18.375,64.0,18.0,42.625,13.875,28.75,21.25,16.5,1.3458572065189713,6.125,16.75,36.3375,32.0,63.5,50.4610711916237,18.0,25.75,70.85,0.0,7.625,0.4843200916730328,6.375,19.75,0.32591163405308143,16.5,0.0,111.875
96,78,2012-11-30,1,1,2012-13,Boston Celtics,Portland Trail Blazers,99.0,15.375,66.0,17.625,37.0,8.0,29.0,22.375,14.25,1.6813294548588666,5.125,13.125,37.612500000000004,33.0,65.75,50.44231766008638,17.625,22.0,80.4125,0.0,8.125,0.5968040741937801,2.875,21.5,0.1386769711178279,14.25,0.0,110.0,97.75,27.0,54.75,16.0,37.625,11.75,25.875,19.125,15.375,1.3310866013071896,9.0,23.125,38.525000000000006,27.375,57.0,48.05432245960616,16.0,22.125,71.61250000000001,0.0,7.875,0.5554441473559121,5.0,21.125,0.22959143002680152,15.375,0.0,102.125
98,104,2012-11-30,1,1,2012-13,Charlotte Bobcats,Philadelphia 76ers,91.875,19.5,52.0,20.375,41.0,9.5,31.5,17.75,16.125,1.1079499748617396,6.5,19.375,31.9375,26.0,62.875,40.845794690411175,20.375,25.875,77.85000000000001,0.0,9.375,0.5911953242835596,7.0,21.75,0.34282844348633823,16.125,0.0,95.625,95.375,22.125,57.5,15.75,39.75,10.25,29.5,22.625,10.375,2.4526535045836515,7.375,18.5,39.775,28.75,65.125,44.2445007871481,15.75,20.875,77.11250000000001,0.0,7.625,0.9440512000254646,6.5,20.625,0.34578240211034833,10.375,0.0,108.875
92,97,2012-11-30,1,1,2012-13,Sacramento Kings,Indiana Pacers,96.75,19.125,64.5,13.125,37.0,10.75,26.25,20.125,14.5,1.407563025210084,6.375,17.125,36.3875,32.25,64.25,50.321899107925866,13.125,18.75,70.1125,0.0,8.375,0.5862556561085973,3.5,22.375,0.1586715505551318,14.5,0.0,102.875,90.375,19.875,52.25,18.25,48.625,12.875,35.75,20.875,15.125,1.5684158312447785,6.625,19.0,34.0125,26.125,61.25,42.938092936129074,18.25,26.25,69.475,0.0,5.875,0.46937718069684015,7.5,21.625,0.35298409822866345,15.125,0.0,102.625
86,98,2012-11-30,1,1,2012-13,Orlando Magic,Brooklyn Nets,94.25,17.625,63.75,12.875,44.75,11.375,33.375,21.375,17.375,1.2475264447884418,5.875,17.0,32.587500000000006,31.875,67.25,47.487577426932404,12.875,16.75,74.875,0.0,5.875,0.3349382954936361,4.125,19.125,0.24917102927434062,17.375,0.0,102.625,94.875,20.625,58.0,16.25,43.0,14.5,28.5,22.5,12.875,1.80513653013653,6.875,20.875,33.0,29.0,62.0,46.84438112864472,16.25,22.125,73.125,0.0,7.75,0.6144594988344988,5.5,19.5,0.32818570318570317,12.875,0.0,107.875
95,85,2012-11-30,1,1,2012-13,Minnesota Timberwolves,Milwaukee Bucks,92.625,17.25,54.25,21.125,46.25,14.375,31.875,20.125,15.5,1.356540722349546,5.75,21.125,27.175,27.125,59.25,45.93233559501295,21.125,29.0,73.5625,0.0,7.875,0.5314611450640863,6.625,20.75,0.3470436900056465,15.5,0.0,102.625,99.0,15.375,70.25,13.375,41.625,11.125,30.5,23.5,13.25,2.02047454357237,5.125,18.875,26.450000000000003,35.125,70.0,50.178551016589275,13.375,17.5,75.725,0.0,8.0,0.7355327341740385,7.5,20.5,0.3684329473416161,13.25,0.0,113.625
101,97,2012-11-30,1,1,2012-13,Toronto Raptors,Phoenix Suns,95.0,19.875,58.0,17.125,41.125,10.5,30.625,21.5,13.375,1.6872629515092752,6.625,20.125,32.737500000000004,29.0,62.375,46.737234316411175,17.125,23.5,73.1375,0.0,5.625,0.43521729495994205,5.5,22.625,0.23953050260583994,13.375,0.0,102.125,98.75,18.75,66.25,13.75,39.5,10.875,28.625,21.125,14.5,1.5682206080812893,6.25,18.0,34.699999999999996,33.125,67.875,49.01576167457315,13.75,18.5,73.725,0.0,8.625,0.6132754822576804,5.375,21.5,0.24931858632087464,14.5,0.0,107.625
92,77,2012-12-01,1,1,2012-13,Dallas Mavericks,Detroit Pistons,96.625,21.375,57.0,18.25,39.625,9.625,30.0,21.375,15.25,1.415315077079783,7.125,20.25,32.85,28.5,62.0,46.29276147516894,18.25,23.125,78.875,0.0,8.125,0.5386494632818162,6.0,21.625,0.2833706402928371,15.25,0.0,105.0,97.125,17.625,62.0,17.5,42.125,10.25,31.875,20.625,16.5,1.316354723707665,5.875,14.5,39.35,31.0,63.375,48.81048721224086,17.5,24.125,72.95,0.0,6.625,0.4203924751718869,3.5,20.5,0.1723202418926103,16.5,0.0,105.875
99,95,2012-12-01,1,1,2012-13,San Antonio Spurs,Memphis Grizzlies,108.5,27.75,64.25,16.5,42.375,9.375,33.0,24.875,14.875,1.723263888888889,9.25,23.125,39.3125,32.125,61.5,52.38800855502227,16.5,20.875,78.6125,0.0,7.375,0.5162698412698412,4.25,17.375,0.3115756609661408,14.875,0.0,124.875,97.625,15.75,62.25,19.625,38.5,11.75,26.75,20.5,14.0,1.5596238014436543,5.25,14.375,36.5875,31.125,65.375,47.75990865581133,19.625,24.25,81.125,0.0,9.0,0.6588376696832579,5.0,21.5,0.2411492921647384,14.0,0.0,108.625
124,116,2012-12-01,1,1,2012-13,Houston Rockets,Utah Jazz,106.875,28.875,58.0,20.0,44.375,12.25,32.125,22.25,15.75,1.477355072463768,9.625,23.625,40.475,29.0,61.0,47.70777713704334,20.0,26.5,75.0875,0.0,7.75,0.49518957039337475,4.375,19.5,0.2309624515950581,15.75,0.0,117.375,96.75,19.875,56.0,20.875,43.25,15.5,27.75,23.5,15.25,1.6292198298777247,6.625,18.5,35.275,28.0,62.75,44.84224368135667,20.875,26.875,78.8625,0.0,8.25,0.5541155208095998,6.375,21.875,0.3134156423286858,15.25,0.0,110.25
79,100,2012-12-01,1,1,2012-13,New Orleans Hornets,Oklahoma City Thunder,97.0,26.25,53.0,17.75,39.375,10.5,28.875,22.0,15.125,1.502880197288092,8.75,18.25,48.787499999999994,26.5,59.625,45.15583826430779,17.75,22.5,78.57499999999999,0.0,5.0,0.34133289955658375,4.0,22.625,0.18340951202793307,15.125,0.0,104.875,112.75,28.5,61.0,23.25,43.625,11.875,31.75,25.375,15.875,1.682108534203155,9.5,21.875,43.512499999999996,30.5,58.5,52.31284582771633,23.25,28.0,82.8625,0.0,8.625,0.5609370392894,7.375,21.125,0.35150290808543094,15.875,0.0,136.75
91,88,2012-12-01,1,1,2012-13,Milwaukee Bucks,Boston Celtics,96.5,14.625,69.0,12.875,41.5,12.0,29.5,22.125,11.875,2.030438311688312,4.875,18.625,25.55,34.5,71.875,47.928551016589275,12.875,17.25,73.9875,0.0,8.25,0.7962211399711399,8.375,21.125,0.3952969824293354,11.875,0.0,109.375,98.75,16.125,65.5,17.125,37.375,8.125,29.25,21.875,15.75,1.4670437405731522,5.375,13.875,37.3,32.75,65.125,50.56965212528163,17.125,20.875,82.175,0.0,9.125,0.5809310583207642,2.875,22.75,0.12778372493046405,15.75,0.0,109.625
116,81,2012-12-01,1,1,2012-13,Los Angeles Clippers,Sacramento Kings,97.375,21.375,57.5,18.5,40.625,12.0,28.625,20.375,15.625,1.4049084107327139,7.125,20.125,32.1875,28.75,58.875,48.582827870803534,18.5,24.75,72.3625,0.0,10.875,0.7339580569069732,6.375,23.375,0.2802547915047915,15.625,0.0,110.625,97.0,18.75,63.75,14.5,37.375,10.0,27.375,19.5,14.5,1.3594861021331608,6.25,16.375,37.0,31.875,63.125,50.51489962259391,14.5,20.125,71.2875,0.0,7.875,0.5477941176470589,3.375,21.75,0.15894567336214935,14.5,0.0,103.625
93,88,2012-12-01,1,1,2012-13,Chicago Bulls,Philadelphia 76ers,94.5,12.0,63.0,19.5,44.0,13.75,30.25,21.875,16.375,1.3533873746867169,4.0,13.0,33.2,31.5,68.5,46.235949385135974,19.5,24.125,80.6875,0.0,7.5,0.46300516917293233,4.25,19.5,0.21069482418166627,16.375,0.0,105.125,98.875,23.25,61.5,14.125,39.875,10.5,29.375,24.0,11.25,2.279358050038197,7.75,18.625,41.75,30.75,65.25,47.08976932934758,14.125,18.125,78.91250000000001,0.0,7.0,0.6883693818436465,6.75,20.25,0.3636395449674912,11.25,0.0,115.875
103,92,2012-12-01,1,1,2012-13,Golden State Warriors,Indiana Pacers,100.875,18.375,64.75,17.75,46.25,12.0,34.25,22.375,16.5,1.4068795787545787,6.125,18.0,33.85,32.375,63.0,51.31530769627688,17.75,22.75,78.0875,0.0,6.25,0.38053432075171206,3.25,23.0,0.139510089583619,16.5,0.0,115.0,93.5,21.375,54.5,17.625,47.625,12.375,35.25,22.5,14.75,1.7975824979114452,7.125,20.375,34.175,27.25,61.125,44.91196299262624,17.625,25.5,69.1875,0.0,5.75,0.48326606958572904,7.375,22.0,0.3377702824391897,14.75,0.0,107.0
102,89,2012-12-01,1,1,2012-13,Miami Heat,Brooklyn Nets,102.75,24.75,59.25,18.75,39.75,9.5,30.25,22.25,14.875,1.6098687561148861,8.25,19.125,42.2125,29.625,60.125,49.42885132846606,18.75,26.125,72.5625,0.0,7.625,0.5355520038956572,4.875,19.5,0.2732730463980464,14.875,0.0,113.625,94.375,21.75,57.75,14.875,42.25,13.625,28.625,22.875,12.5,1.9329774392274393,7.25,20.625,35.325,28.875,62.0,46.64596843023202,14.875,20.25,73.875,0.0,7.375,0.5974140442890443,5.375,19.375,0.3236922391334156,12.5,0.0,107.875
117,118,2012-12-01,1,1,2012-13,Cleveland Cavaliers,Portland Trail Blazers,93.375,24.0,52.75,16.625,43.25,14.875,28.375,18.25,15.625,1.247044713327608,8.0,22.375,33.9125,26.375,62.25,42.53630604880371,16.625,21.375,78.35000000000001,0.0,8.125,0.5645543236003763,3.375,20.875,0.1893465320910973,15.625,0.0,95.75,94.625,22.875,54.75,17.0,36.75,11.625,25.125,18.125,16.125,1.2492451690821258,7.625,21.625,34.5375,27.375,58.125,47.08210023738394,17.0,24.0,69.9375,0.0,8.25,0.5544850680720246,4.875,21.25,0.22118499727826352,16.125,0.0,94.75
103,113,2012-12-02,1,1,2012-13,Los Angeles Lakers,Orlando Magic,104.625,30.75,53.5,20.375,44.5,11.5,33.0,22.125,16.125,1.5038789792079266,10.25,24.75,41.2125,26.75,54.125,48.83564057101291,20.375,31.25,66.575,0.0,8.25,0.528614258548469,5.125,21.0,0.26060096304661523,16.125,0.0,115.75,93.875,16.125,64.25,13.5,44.0,11.25,32.75,20.375,16.0,1.3503042225662196,5.375,16.625,29.2625,32.125,68.0,47.27348395984163,13.5,17.0,77.3875,0.0,5.625,0.36063273993808054,3.75,20.375,0.19288447956673826,16.0,0.0,101.0
106,99,2012-12-02,1,1,2012-13,New York Knicks,Phoenix Suns,103.0,37.125,49.0,16.875,40.125,9.625,30.5,20.625,12.125,1.8192054473304473,12.375,29.375,41.599999999999994,24.5,52.375,47.159022428485024,16.875,21.125,78.9875,0.0,9.125,0.7809117965367965,3.25,19.5,0.16959310039805395,12.125,0.0,114.875,97.625,18.75,65.0,13.875,37.375,8.875,28.5,22.25,14.375,1.6598872747479558,6.25,17.375,35.8125,32.5,65.0,50.011077833823734,13.875,18.75,73.15,0.0,8.625,0.616846910829109,5.625,20.625,0.27154080854309687,14.375,0.0,108.625
113,110,2012-12-03,1,1,2012-13,Denver Nuggets,Toronto Raptors,101.625,19.125,64.25,18.25,41.375,12.875,28.5,21.625,16.75,1.3480893493761141,6.375,17.25,36.75,32.125,62.75,51.2141546830848,18.25,26.125,70.825,0.0,7.875,0.4932486631016043,5.625,19.625,0.28874058142150244,16.75,0.0,112.0,96.5,19.875,60.25,16.375,41.875,10.625,31.25,21.75,13.125,1.7346988489451727,6.625,19.125,35.325,30.125,64.75,46.79164973929675,16.375,22.375,73.2,0.0,5.625,0.444191653934301,5.5,22.25,0.24279137217105734,13.125,0.0,105.0
104,105,2012-12-03,1,1,2012-13,Utah Jazz,Los Angeles Clippers,99.625,21.375,58.0,20.25,43.0,15.75,27.25,23.75,15.75,1.5761895268474215,7.125,18.25,38.175,29.0,64.625,44.948175884746504,20.25,26.0,79.3625,0.0,8.25,0.5298730965671755,6.375,22.75,0.2975065514195949,15.75,0.0,112.75,98.5,22.125,60.0,16.375,41.0,11.875,29.125,21.0,13.875,1.9351715686274509,7.375,20.5,32.4875,30.0,60.25,49.511828503314604,16.375,22.75,69.625,0.0,11.0,0.9615896358543418,6.125,22.125,0.2902547915047915,13.875,0.0,114.0
89,79,2012-12-03,1,1,2012-13,Detroit Pistons,Cleveland Cavaliers,93.5,18.75,57.5,17.25,44.875,11.375,33.5,20.0,16.75,1.253854723707665,6.25,16.125,39.2,28.75,62.125,46.40339261764626,17.25,23.875,72.675,0.0,6.5,0.4036514037433155,3.875,20.125,0.20287579744816586,16.75,0.0,102.125,96.125,25.875,53.25,17.0,44.5,15.125,29.375,19.625,16.5,1.2306305719134667,8.625,23.625,34.550000000000004,26.625,61.375,43.466103584014974,17.0,21.625,79.2,0.0,7.375,0.46985735390340655,3.375,21.625,0.1798227225672878,16.5,0.0,100.125
94,102,2012-12-03,1,1,2012-13,Golden State Warriors,Orlando Magic,102.25,19.875,65.0,17.375,45.875,12.125,33.75,22.25,15.75,1.4436442846369317,6.625,18.25,36.0,32.5,63.875,50.75320077803789,17.375,22.0,79.42500000000001,0.0,6.0,0.3792555483731954,3.5,23.0,0.15087372594725534,15.75,0.0,116.5,94.25,16.5,63.75,14.0,44.0,10.125,33.875,21.25,15.625,1.479470889232886,5.5,17.375,28.462500000000002,31.875,66.875,47.79431729317496,14.0,17.375,78.23750000000001,0.0,5.375,0.3543827399380805,4.625,21.75,0.21546851318018365,15.625,0.0,103.625
102,81,2012-12-03,1,1,2012-13,New Orleans Hornets,Milwaukee Bucks,95.0,25.875,52.5,16.625,39.75,10.625,29.125,21.375,15.75,1.3956498051312292,8.625,19.75,44.625,26.25,58.5,45.49475373480221,16.625,21.25,77.775,0.0,5.0,0.3198868211252112,4.125,22.125,0.19747201202793307,15.75,0.0,101.5,95.5,15.0,68.25,12.25,41.0,11.375,29.625,22.125,13.0,1.7304383116883117,5.0,18.25,27.05,34.125,70.75,48.155823743862,12.25,16.625,73.3625,0.0,7.625,0.6170544733044733,8.125,20.0,0.4075347446670976,13.0,0.0,107.125
112,118,2012-12-03,1,1,2012-13,Charlotte Bobcats,Portland Trail Blazers,93.0,21.0,51.25,20.75,40.75,10.0,30.75,19.0,15.5,1.2441679235796883,7.0,19.5,34.7,25.625,62.625,40.46700681162329,20.75,26.375,78.14999999999999,0.0,8.625,0.5628833584715939,6.25,19.75,0.3601361357940305,15.5,0.0,97.0,94.5,22.5,55.5,16.5,37.25,11.875,25.375,18.625,15.875,1.3083969547964114,7.5,21.625,34.0375,27.75,59.125,46.81778567335448,16.5,23.0,71.0125,0.0,8.625,0.5857350680720246,5.0,20.875,0.23308975918302544,15.875,0.0,96.125
107,105,2012-12-04,1,1,2012-13,Houston Rockets,Los Angeles Lakers,109.875,29.25,60.25,20.375,44.125,12.625,31.5,23.125,16.25,1.4825634057971013,9.75,22.75,42.4125,30.125,62.25,48.507359264976486,20.375,27.0,74.9625,0.0,8.5,0.5342520703933747,4.375,19.5,0.23096245159505807,16.25,0.0,122.0,103.25,30.0,52.5,20.75,44.25,10.875,33.375,21.5,16.0,1.4707350398139873,10.0,24.25,40.862500000000004,26.25,54.25,48.020423179708565,20.75,32.625,64.76249999999999,0.0,8.0,0.5125157736999842,4.25,21.125,0.20122596304661522,16.0,0.0,111.125
105,101,2012-12-04,1,1,2012-13,Washington Wizards,Miami Heat,91.875,18.375,56.75,16.75,43.625,14.0,29.625,17.375,16.25,1.1012424436177632,6.125,18.875,32.275,28.375,65.375,43.65517050471769,16.75,21.75,77.75,0.0,8.625,0.581256781368674,3.875,22.125,0.18045286828181561,16.25,0.0,94.375,104.75,25.875,61.0,17.875,38.75,8.625,30.125,22.5,14.375,1.6991544704006003,8.625,19.75,43.25,30.5,59.375,51.4627952939833,17.875,24.0,74.7875,0.0,8.125,0.6141234324670857,4.5,20.625,0.2413980463980464,14.375,0.0,118.125
88,105,2012-12-04,1,1,2012-13,Philadelphia 76ers,Minnesota Timberwolves,97.5,20.625,62.25,14.625,39.125,10.5,28.625,23.625,11.25,2.245267140947288,6.875,17.875,37.925,31.125,65.375,47.54784386350908,14.625,19.125,76.6875,0.0,7.625,0.7451875636618284,6.5,20.25,0.3504816502306491,11.25,0.0,113.375,93.25,18.75,54.25,20.25,47.125,15.5,31.625,19.5,15.25,1.334839333460657,6.25,21.625,29.099999999999998,27.125,61.5,44.211747359718835,20.25,28.375,72.2,0.0,7.625,0.5227805895085307,6.5,19.625,0.3649632704252269,15.25,0.0,100.875
76,80,2012-12-04,1,1,2012-13,Chicago Bulls,Indiana Pacers,94.25,12.375,63.75,18.125,45.25,14.25,31.0,22.375,16.25,1.4083324296317716,4.125,12.75,36.175,31.875,69.625,46.01765416684076,18.125,22.875,78.75,0.0,7.25,0.4478952790630422,4.875,19.625,0.24923649084833294,16.25,0.0,106.625,94.375,22.5,54.75,17.125,45.5,11.375,34.125,22.625,14.25,1.8350824979114453,7.5,20.625,35.6,27.375,60.125,45.953629659292915,17.125,24.125,71.125,0.0,6.125,0.511391069585729,7.75,22.125,0.35604513624035933,14.25,0.0,109.25
108,98,2012-12-04,1,1,2012-13,Memphis Grizzlies,Phoenix Suns,96.125,14.625,61.0,20.5,40.125,12.5,27.625,20.875,15.5,1.3721238014436543,4.875,14.125,34.775000000000006,30.5,66.375,46.43628710192661,20.5,25.25,81.21249999999999,0.0,9.5,0.6275876696832579,5.125,21.625,0.24567827767198475,15.5,0.0,106.375,97.25,19.875,62.75,14.625,38.25,8.75,29.5,21.5,14.625,1.5892990394538382,6.625,18.5,35.7,31.375,62.375,50.399067037602414,14.625,19.25,75.8625,0.0,8.25,0.5869449500447953,4.625,20.375,0.23154080854309686,14.625,0.0,107.75
111,117,2012-12-04,1,1,2012-13,Brooklyn Nets,Oklahoma City Thunder,93.125,22.125,56.75,14.25,42.875,13.875,29.0,22.625,13.625,1.7895563865958601,7.375,22.0,34.325,28.375,60.625,47.14578501130319,14.25,20.5,70.75,0.0,7.125,0.5368877284995707,5.125,19.75,0.30583509627627276,13.625,0.0,104.125,111.5,25.875,62.75,22.875,44.75,12.375,32.375,24.125,15.875,1.5928228199174406,8.625,20.25,42.949999999999996,31.375,60.75,51.63824265311316,22.875,27.625,82.425,0.0,9.0,0.5877227535751143,8.0,20.25,0.4032798688697447,15.875,0.0,135.75
97,104,2012-12-05,1,1,2012-13,Detroit Pistons,Golden State Warriors,91.75,18.75,56.75,16.25,46.125,12.375,33.75,19.75,16.125,1.3034870766488413,6.25,17.0,37.425,28.375,62.75,45.29186753071134,16.25,23.0,71.125,0.0,6.25,0.4073278743315508,5.375,19.375,0.2987564792663477,16.125,0.0,101.25,100.75,21.75,62.25,16.75,45.0,11.125,33.875,22.5,15.5,1.4849389274940745,7.25,18.5,39.4875,31.125,63.125,49.291147206609324,16.75,21.0,79.8,0.0,6.25,0.40046090551605257,3.5,22.25,0.15808526440879384,15.5,0.0,115.0
108,104,2012-12-05,1,1,2012-13,Atlanta Hawks,Denver Nuggets,99.0,26.625,58.25,14.125,38.5,9.5,29.0,25.125,14.75,1.821738057264373,8.875,22.375,41.05,29.125,59.625,48.927760749536965,14.125,20.75,65.9,0.0,9.375,0.7053785030758715,6.125,18.375,0.3404761904761905,14.75,0.0,112.75,103.25,19.875,64.0,19.375,43.125,14.25,28.875,22.375,16.125,1.4239583333333334,6.625,17.75,37.2,32.0,63.125,50.75573250824471,19.375,28.25,70.02499999999999,0.0,8.25,0.5286764705882353,6.25,19.75,0.31933268668466036,16.125,0.0,116.0
112,90,2012-12-05,1,1,2012-13,Los Angeles Clippers,Dallas Mavericks,99.0,21.75,61.5,15.75,40.375,12.25,28.125,20.75,13.375,1.985171568627451,7.25,21.125,30.95,30.75,61.375,49.71746160401251,15.75,22.0,69.3125,0.0,10.875,0.9848039215686275,5.25,21.375,0.2545405057905058,13.375,0.0,112.125,94.75,24.375,54.75,15.625,40.75,9.5,31.25,22.375,15.25,1.49223815400286,8.125,22.0,34.9375,27.375,62.125,44.539578858838816,15.625,20.0,76.8375,0.0,8.375,0.5578802325125854,6.625,22.0,0.31253730695950377,15.25,0.0,104.625
85,95,2012-12-05,1,1,2012-13,Cleveland Cavaliers,Chicago Bulls,96.125,25.125,54.25,16.75,45.125,15.375,29.75,20.25,15.875,1.3371646628225575,8.375,23.625,33.300000000000004,27.125,62.75,43.41662441734831,16.75,21.875,76.3625,0.0,7.5,0.5025278084488611,3.5,22.125,0.17982272256728776,15.875,0.0,100.625,89.75,11.625,60.25,17.875,45.25,14.0,31.25,21.375,16.75,1.310086815596684,3.875,12.75,34.0875,30.125,67.75,44.685686953726005,17.875,22.25,79.75,0.0,6.75,0.40929878783497203,5.125,19.625,0.26114125275309485,16.75,0.0,100.625
99,92,2012-12-05,1,1,2012-13,Indiana Pacers,Portland Trail Blazers,91.5,21.0,53.25,17.25,45.5,12.125,33.375,21.875,14.625,1.6927213868003341,7.0,19.875,33.4125,26.625,60.5,44.61834181281104,17.25,23.625,72.725,0.0,6.0,0.4627799584746179,7.625,22.875,0.3381879933832164,14.625,0.0,104.75,96.5,23.625,55.75,17.125,39.0,12.25,26.75,20.25,15.875,1.4099594547964114,7.875,23.25,33.212500000000006,27.875,59.125,47.03708391896852,17.125,23.75,71.25,0.0,8.625,0.5857350680720246,5.75,21.25,0.26948681800655483,15.875,0.0,101.0
107,100,2012-12-05,1,1,2012-13,Sacramento Kings,Toronto Raptors,96.375,21.75,60.0,14.625,38.25,10.0,28.25,20.0,15.0,1.3459114414996767,7.25,17.875,40.75,30.0,61.5,48.6030928758815,14.625,20.0,72.46249999999999,0.0,7.25,0.4951923076923077,3.25,21.625,0.1536825154674125,15.0,0.0,102.625,98.125,20.625,60.75,16.75,41.5,10.5,31.0,21.375,13.875,1.6081363489451725,6.875,20.375,34.475,30.375,64.25,47.653718704814,16.75,21.875,76.775,0.0,5.75,0.41450415393430096,5.875,23.375,0.24457708645677162,13.875,0.0,106.25
98,100,2012-12-05,1,1,2012-13,Charlotte Bobcats,New York Knicks,96.125,24.375,51.25,20.5,40.125,9.25,30.875,20.375,15.375,1.3319947209653091,8.125,21.25,36.8625,25.625,61.25,41.34360061854497,20.5,25.625,79.325,0.0,8.5,0.5583898944193062,6.375,19.0,0.37460982000455684,15.375,0.0,102.25,105.25,39.0,49.5,16.75,39.5,9.75,29.75,20.875,12.0,1.8834415584415585,13.0,29.875,43.275,24.75,51.875,47.89672734651781,16.75,20.875,79.425,0.0,8.875,0.7652867965367965,3.375,19.25,0.1843366901416437,12.0,0.0,117.75
104,94,2012-12-05,1,1,2012-13,Boston Celtics,Minnesota Timberwolves,97.625,15.75,65.5,16.375,37.25,8.0,29.25,23.0,16.0,1.518383026287438,5.25,14.625,34.525,32.75,65.25,50.4800463905146,16.375,19.875,82.475,0.0,9.125,0.5720024868921928,3.625,22.125,0.17136925124625352,16.0,0.0,109.25,95.5,21.75,54.75,19.0,46.375,14.0,32.375,20.5,15.125,1.4065305099312453,7.25,22.375,32.3125,27.375,60.25,45.70058110661709,19.0,25.875,72.7875,0.0,7.5,0.5181850012732365,5.375,20.125,0.2806378735998301,15.125,0.0,105.25
110,99,2012-12-05,1,1,2012-13,San Antonio Spurs,Milwaukee Bucks,105.125,24.375,64.0,16.75,43.375,9.25,34.125,23.375,15.375,1.574454365079365,8.125,23.375,34.9125,32.0,61.375,52.28554953862882,16.75,21.375,77.9875,0.0,7.5,0.5013888888888889,4.125,17.5,0.304270466160946,15.375,0.0,118.875,91.0,13.125,66.0,11.875,40.875,11.75,29.125,21.125,13.5,1.595021645021645,4.375,17.5,25.8125,33.0,69.375,47.2463810194038,11.875,16.5,72.1375,0.0,7.125,0.5623669733044733,8.75,19.75,0.4500694668893198,13.5,0.0,101.25
87,103,2012-12-05,1,1,2012-13,New Orleans Hornets,Los Angeles Lakers,93.625,24.0,54.25,15.375,39.875,11.25,28.625,21.0,14.75,1.4977331384645627,8.0,18.625,43.8875,27.125,60.25,45.36082516337364,15.375,19.875,78.3375,0.0,5.875,0.40947015445854457,4.125,21.75,0.19872619262993974,14.75,0.0,101.5,101.5,29.25,51.0,21.25,45.75,11.625,34.125,20.125,16.75,1.3163828130933393,9.75,24.375,39.400000000000006,25.5,53.875,47.15503856432395,21.25,33.375,64.8125,0.0,7.625,0.4624145591250854,5.25,22.375,0.23122596304661522,16.75,0.0,108.375
87,81,2012-12-05,1,1,2012-13,Utah Jazz,Orlando Magic,102.25,24.0,59.0,19.25,40.625,13.625,27.0,24.625,15.5,1.6415920036276073,8.0,19.625,41.025,29.5,62.25,47.62131134897786,19.25,24.5,79.725,0.0,8.125,0.5279381120470517,6.25,24.375,0.2638527052657487,15.5,0.0,116.75,96.25,18.0,64.75,13.5,44.375,10.5,33.875,22.625,14.625,1.791970889232886,6.0,18.625,28.9625,32.375,67.125,48.367538145435404,13.5,16.75,78.4625,0.0,6.125,0.4637577399380805,5.0,21.375,0.23610248447204968,14.625,0.0,109.125
92,112,2012-12-06,1,1,2012-13,Miami Heat,New York Knicks,103.25,25.125,60.5,17.625,38.625,8.5,30.125,22.625,14.5,1.6849499249460549,8.375,20.625,40.875,30.25,58.5,51.79126684653875,17.625,23.5,75.26249999999999,0.0,8.375,0.6311688870125403,4.25,20.125,0.23306471306471305,14.5,0.0,116.25,105.0,38.625,50.25,16.125,37.875,9.375,28.5,21.375,11.75,2.0053165584415584,12.875,30.5,42.375,25.125,52.375,48.1522550895299,16.125,20.125,78.86250000000001,0.0,9.25,0.8309117965367966,4.0,19.0,0.22114224569719926,11.75,0.0,116.875
94,97,2012-12-06,1,1,2012-13,Phoenix Suns,Dallas Mavericks,98.5,20.25,63.5,14.75,37.5,8.75,28.75,22.25,14.75,1.6244297584080867,6.75,18.0,37.5875,31.75,63.25,50.33879702795921,14.75,19.375,76.02499999999999,0.0,8.125,0.5746900480840109,4.875,21.375,0.23474593674822505,14.75,0.0,109.125,95.625,25.5,55.0,15.125,40.375,9.875,30.5,22.875,16.5,1.4392078509725568,8.5,22.75,36.300000000000004,27.5,61.75,44.96944311223249,15.125,19.25,77.525,0.0,9.0,0.572084777967131,6.75,21.375,0.32703006058269213,16.5,0.0,105.5
108,93,2012-12-07,1,1,2012-13,Milwaukee Bucks,Charlotte Bobcats,91.125,14.25,63.0,13.875,40.5,11.625,28.875,20.875,13.125,1.6356060606060605,4.75,17.0,29.4625,31.5,68.75,45.636532534555315,13.875,18.75,73.39999999999999,0.0,7.875,0.6427241161616162,7.75,19.0,0.4183234351432881,13.125,0.0,100.625,95.625,25.875,51.0,18.75,40.875,9.375,31.5,20.875,15.0,1.4023728722258135,8.625,21.875,38.925,25.5,60.75,41.503890717346735,18.75,23.75,78.9125,0.0,7.875,0.5247764490411551,6.25,19.0,0.3656812485759854,15.0,0.0,103.0
104,95,2012-12-07,1,1,2012-13,Atlanta Hawks,Washington Wizards,101.5,27.0,60.0,14.5,40.75,11.25,29.5,25.5,15.0,1.8172737715500873,9.0,22.25,41.8,30.0,61.875,48.61331492139251,14.5,20.875,67.4,0.0,9.625,0.7068665983139668,6.25,18.5,0.345593149540518,15.0,0.0,117.125,92.375,16.125,58.0,18.25,44.875,13.875,31.0,18.25,15.625,1.2476885220491358,5.375,17.875,30.862499999999997,29.0,66.125,44.094985319532505,18.25,24.0,75.875,0.0,8.5,0.5953499186235759,3.75,20.875,0.1864052492341966,15.625,0.0,96.75
89,96,2012-12-07,1,1,2012-13,New Orleans Hornets,Memphis Grizzlies,94.5,23.625,56.0,14.875,41.125,12.125,29.0,21.75,14.625,1.5730536512850755,7.875,18.75,42.9375,28.0,62.125,45.51679664287453,14.875,19.5,76.95,0.0,5.875,0.4110727185611086,4.625,21.625,0.2246190497727969,14.625,0.0,103.625,96.5,14.25,62.0,20.25,42.0,12.875,29.125,20.625,16.125,1.3237215458045566,4.75,14.625,33.25,31.0,67.0,46.697091870928105,20.25,25.125,80.725,0.0,10.0,0.6374560907358895,5.5,21.375,0.2655646413083484,16.125,0.0,107.75
131,99,2012-12-07,1,1,2012-13,Utah Jazz,Toronto Raptors,100.375,21.0,59.75,19.625,38.5,12.875,25.625,23.0,15.375,1.5371963992320028,7.0,18.25,36.9125,29.875,61.75,48.47531597374137,19.625,25.0,79.5875,0.0,9.25,0.617223826332766,5.375,23.5,0.23532009657009656,15.375,0.0,112.625,98.375,21.375,59.75,17.25,40.5,10.25,30.25,21.0,13.875,1.5740454398542636,7.125,21.25,34.6125,29.875,63.875,47.15768695878225,17.25,21.75,78.8625,0.0,6.25,0.4599586993888464,6.375,23.75,0.2622401299350325,13.875,0.0,106.0
114,92,2012-12-07,1,1,2012-13,San Antonio Spurs,Houston Rockets,108.0,24.375,66.75,16.875,44.75,9.375,35.375,24.75,15.75,1.630126633986928,8.125,23.5,34.7375,33.375,61.625,54.28907776443528,16.875,21.375,78.4375,0.0,7.375,0.4830065359477124,4.25,17.625,0.30953362405568285,15.75,0.0,125.25,108.625,28.5,60.0,20.125,44.5,13.25,31.25,22.875,15.25,1.590896739130435,9.5,23.875,40.487500000000004,30.0,62.75,47.94173500532238,20.125,27.0,74.15,0.0,8.25,0.5592520703933748,4.5,19.375,0.23588855996944233,15.25,0.0,119.5
102,109,2012-12-07,1,1,2012-13,Brooklyn Nets,Golden State Warriors,95.75,24.75,56.25,14.75,42.125,14.125,28.0,22.375,13.375,1.8044373389768127,8.25,23.375,35.675000000000004,28.125,60.375,46.907902168603215,14.75,20.75,72.14999999999999,0.0,7.125,0.5473043951662373,4.875,19.625,0.29641201935319583,13.375,0.0,105.5,100.125,23.25,59.0,17.875,45.0,11.25,33.75,22.625,15.125,1.5637850813402283,7.75,19.5,40.2625,29.5,61.25,48.22162849003178,17.875,22.5,79.5,0.0,6.375,0.4360378285929757,3.875,22.75,0.1700802139037433,15.125,0.0,114.75
104,108,2012-12-07,1,1,2012-13,Detroit Pistons,Chicago Bulls,94.625,19.875,57.75,17.0,45.625,12.625,33.0,20.625,16.375,1.3402517825311944,6.625,17.5,38.8,28.875,61.5,46.94627929541723,17.0,24.125,71.0625,0.0,6.125,0.3950729723707665,5.75,20.625,0.30716994080480925,16.375,0.0,105.75,91.625,12.375,60.75,18.5,45.25,12.625,32.625,21.875,16.75,1.341336815596684,4.125,12.875,35.637499999999996,30.375,65.5,46.59796765548039,18.5,22.875,80.175,0.0,6.5,0.39367378783497203,5.375,20.125,0.26739125275309483,16.75,0.0,105.625
91,73,2012-12-07,1,1,2012-13,Minnesota Timberwolves,Cleveland Cavaliers,95.0,21.375,55.75,17.875,47.25,14.25,33.0,20.5,15.25,1.3913061509568865,7.125,22.5,31.4,27.875,60.75,46.12933268290966,17.875,26.0,68.7125,0.0,8.125,0.5614542320424674,4.25,19.625,0.23515732440074544,15.25,0.0,103.5,95.25,22.125,55.25,17.875,43.375,15.25,28.125,20.0,14.875,1.406609107267002,7.375,22.75,30.150000000000002,27.625,63.5,43.76168997980518,17.875,23.25,77.325,0.0,8.125,0.5816944751155277,3.0,22.625,0.1401401828847481,14.875,0.0,98.25
95,94,2012-12-07,1,1,2012-13,Philadelphia 76ers,Boston Celtics,97.75,19.125,63.5,15.125,39.0,11.0,28.0,23.25,11.375,2.194786371716519,6.375,17.875,35.425,31.75,65.75,48.29189148255669,15.125,20.5,74.375,0.0,7.75,0.7483926918669566,5.625,20.25,0.29214831689731574,11.375,0.0,111.125,97.25,15.0,65.5,16.75,38.25,7.875,30.375,21.375,16.375,1.3501137955182072,5.0,14.875,32.4625,32.75,65.25,50.4800463905146,16.75,20.75,81.2625,0.0,9.0,0.5515697945845005,4.125,22.25,0.19174968602886222,16.375,0.0,107.25
91,82,2012-12-07,1,1,2012-13,Sacramento Kings,Orlando Magic,97.75,21.0,60.25,16.5,39.5,10.0,29.5,19.125,15.25,1.263322155785391,7.0,17.25,40.75,30.125,61.75,48.611703668074384,16.5,22.5,72.725,0.0,6.5,0.43604052197802196,4.125,21.125,0.2022936265785236,15.25,0.0,103.875,97.375,17.625,65.75,14.0,43.25,10.75,32.5,22.375,14.75,1.7738787839697283,5.875,19.25,27.3,32.875,65.875,49.98604172966479,14.0,17.125,80.14999999999999,0.0,6.125,0.46178405572755415,5.25,21.5,0.24695774762994444,14.75,0.0,110.125
114,108,2012-12-07,1,1,2012-13,Oklahoma City Thunder,Los Angeles Lakers,111.25,23.625,63.75,23.875,43.875,11.375,32.5,23.0,16.125,1.4663347246793454,7.875,19.5,41.075,31.875,59.375,53.816966706837206,23.875,28.625,82.875,0.0,8.5,0.5386156107179714,8.5,20.625,0.42589500044869205,16.125,0.0,135.125,102.5,31.875,49.75,20.875,46.125,11.75,34.375,20.25,16.5,1.3883525100630365,10.625,25.25,41.625,24.875,53.875,45.95311548740087,20.875,31.5,67.475,0.0,8.375,0.5583741550846814,5.625,22.125,0.259003740824393,16.5,0.0,112.125
89,92,2012-12-07,1,1,2012-13,Indiana Pacers,Denver Nuggets,94.375,21.375,55.0,18.0,45.375,12.625,32.75,21.75,14.125,1.7212301587301586,7.125,20.625,32.7375,27.5,60.875,45.96638102849732,18.0,23.75,76.225,0.0,6.25,0.4864641690009337,7.625,22.125,0.362493548938772,14.125,0.0,108.625,104.125,20.625,64.0,19.5,42.25,13.0,29.25,22.75,16.5,1.419546568627451,6.875,18.0,38.1875,32.0,62.625,51.134520387032595,19.5,27.875,71.6,0.0,8.375,0.525,6.375,21.0,0.3143326866846604,16.5,0.0,117.25
106,90,2012-12-08,1,1,2012-13,Miami Heat,New Orleans Hornets,102.25,24.0,60.5,17.75,39.5,8.0,31.5,22.0,13.875,1.6919987971265062,8.0,20.0,40.2,30.25,59.0,51.40436208463398,17.75,23.375,76.0375,0.0,7.875,0.6213004659599086,4.0,19.625,0.22687423687423686,13.875,0.0,115.375,92.25,24.375,54.75,13.125,38.75,10.75,28.0,22.375,15.125,1.548481001712426,8.125,19.5,41.6875,27.375,59.25,46.418512227826994,13.125,17.625,75.675,0.0,6.625,0.45594451343290354,4.75,20.375,0.25346520361895075,15.125,0.0,101.875
97,101,2012-12-08,1,1,2012-13,Washington Wizards,Golden State Warriors,94.75,16.875,58.75,19.125,43.375,12.75,30.625,18.75,15.25,1.3268551887158027,5.625,17.875,32.425,29.375,65.375,45.138808645964524,19.125,25.0,76.5,0.0,8.0,0.5745165852902426,3.5,20.5,0.17831701394007896,15.25,0.0,99.0,100.625,23.25,61.25,16.125,43.125,10.75,32.375,23.25,13.875,1.7234171159722629,7.75,18.875,41.5,30.625,61.75,49.51183240005911,16.125,20.0,80.33749999999999,0.0,6.25,0.4787867463418934,3.75,22.375,0.16561592818945758,13.875,0.0,117.0
97,104,2012-12-08,1,1,2012-13,Cleveland Cavaliers,Detroit Pistons,91.375,21.75,53.75,15.875,43.75,14.5,29.25,19.5,15.75,1.3176667995746942,7.25,22.5,29.95,26.875,63.75,42.38255909247757,15.875,20.625,76.5,0.0,9.0,0.5985213981924508,3.125,22.625,0.14534851621808142,15.75,0.0,94.125,96.25,21.375,56.75,18.125,43.375,11.375,32.0,20.25,15.5,1.4173351158645278,7.125,17.625,42.0875,28.375,60.375,47.042433141571074,18.125,24.75,73.525,0.0,6.375,0.4554896390374331,5.625,20.25,0.3023852518095939,15.5,0.0,107.25
83,93,2012-12-08,1,1,2012-13,Memphis Grizzlies,Atlanta Hawks,96.75,16.5,61.75,18.5,42.25,12.75,29.5,21.375,16.25,1.3600266928633802,5.5,15.0,37.349999999999994,30.875,65.625,47.56830399214022,18.5,23.625,78.7875,0.0,9.875,0.6255075613241248,5.375,20.625,0.27163881010630236,16.25,0.0,110.0,100.5,27.75,59.25,13.5,41.375,11.875,29.5,25.375,14.875,1.8226309144072304,9.25,23.625,39.949999999999996,29.625,61.625,48.21389841680791,13.5,19.875,66.0375,0.0,9.5,0.7026999316473002,5.75,19.125,0.30752923976608193,14.875,0.0,114.875
109,116,2012-12-08,1,1,2012-13,Houston Rockets,Dallas Mavericks,106.625,29.25,57.75,19.625,43.875,13.125,30.75,22.0,15.75,1.492212528604119,9.75,25.125,39.7625,28.875,62.125,46.65381974292469,19.625,25.75,77.45000000000002,0.0,8.625,0.5649538247793396,4.625,18.375,0.248063884644767,15.75,0.0,115.25,94.875,23.25,56.25,15.375,40.625,10.25,30.375,21.5,15.875,1.401774695892343,7.75,21.375,35.025000000000006,28.125,63.625,44.35669801419327,15.375,19.75,76.8,0.0,9.25,0.5968173982879865,5.5,21.875,0.25666392785958003,15.875,0.0,102.375
80,99,2012-12-08,1,1,2012-13,Portland Trail Blazers,Sacramento Kings,97.125,24.0,56.25,16.875,39.625,11.75,27.875,20.75,14.625,1.5179140002509568,8.0,23.625,33.3375,28.125,59.0,47.57398652029943,16.875,23.25,71.8625,0.0,8.375,0.5980456741326307,5.875,20.5,0.28258205610179293,14.625,0.0,104.25,97.875,20.25,59.5,18.125,40.625,9.375,31.25,20.0,15.375,1.3066228093801622,6.75,17.625,38.9625,29.75,61.25,48.39618642669507,18.125,23.625,76.4125,0.0,7.125,0.4683117638080873,4.375,20.5,0.22093397745571658,15.375,0.0,106.75
117,99,2012-12-08,1,1,2012-13,Los Angeles Clippers,Phoenix Suns,101.5,23.625,61.5,16.375,40.0,11.625,28.375,22.875,13.5,2.0979166666666664,7.875,22.125,33.6625,30.75,61.0,50.003665126517404,16.375,22.25,71.6,0.0,12.25,1.0583333333333333,5.125,21.0,0.25490815284932933,13.5,0.0,117.875,96.0,20.625,60.25,15.125,38.375,9.5,28.875,21.875,14.75,1.595583604561933,6.875,18.5,37.2,30.125,63.75,47.29192202795921,15.125,20.25,74.6125,0.0,8.0,0.5650746634686262,5.0,21.625,0.23891260341489173,14.75,0.0,104.125
92,79,2012-12-08,1,1,2012-13,Boston Celtics,Philadelphia 76ers,98.625,15.75,65.75,17.125,41.125,7.875,33.25,22.875,16.5,1.4246751990269793,5.25,15.5,32.9375,32.875,65.875,50.14263270564329,17.125,21.5,80.4,0.0,8.875,0.5424323676839157,5.0,22.5,0.2297931642897318,16.5,0.0,112.375,96.375,16.5,64.5,15.375,40.625,12.0,28.625,22.5,11.5,2.068050260605408,5.5,16.25,33.012499999999996,32.25,69.125,46.91102337525416,15.375,21.375,72.32499999999999,0.0,8.5,0.8213093585336233,4.875,20.625,0.2570312600411285,11.5,0.0,107.75
93,85,2012-12-08,1,1,2012-13,Chicago Bulls,New York Knicks,93.375,12.75,62.0,18.625,46.0,13.5,32.5,21.625,15.5,1.4963075758306021,4.25,12.625,36.975,31.0,66.625,46.59173634939864,18.625,23.25,79.1875,0.0,6.125,0.41779659485251586,5.5,20.125,0.27364125275309487,15.5,0.0,108.5,105.125,39.75,50.0,15.375,39.0,10.125,28.875,20.75,10.875,2.13924512987013,13.25,32.125,41.4375,25.0,52.5,47.747537235690864,15.375,19.75,76.5375,0.0,9.125,0.902340367965368,4.25,19.25,0.2327521528179423,10.875,0.0,116.625
102,132,2012-12-08,1,1,2012-13,Charlotte Bobcats,San Antonio Spurs,95.0,25.875,51.0,18.125,41.875,10.0,31.875,20.5,14.625,1.4194183267712681,8.625,21.125,39.8375,25.5,60.875,41.41335077002452,18.125,24.25,75.6875,0.0,8.125,0.5645491763138822,5.875,19.25,0.3447185156567308,14.625,0.0,102.75,108.25,23.625,68.0,16.625,45.875,9.375,36.5,25.625,15.75,1.6787377450980392,7.875,24.0,32.2375,34.0,62.375,54.542931446842914,16.625,20.625,80.7625,0.0,7.625,0.4968954248366013,4.875,16.75,0.38232774170274164,15.75,0.0,128.0
110,117,2012-12-09,1,1,2012-13,Los Angeles Lakers,Utah Jazz,103.875,31.5,51.75,20.625,47.625,12.875,34.75,20.375,16.125,1.4133525100630364,10.5,25.5,40.7625,25.875,56.0,46.08475468154007,20.625,30.5,68.9,0.0,9.0,0.6017565080258579,5.75,22.25,0.26345038114059854,16.125,0.0,115.5,103.75,24.75,59.5,19.5,39.5,12.625,26.875,23.5,15.375,1.5826509446865487,8.25,19.25,41.475,29.75,61.75,48.2914924443296,19.5,25.25,78.6,0.0,9.625,0.651314735423675,5.625,24.0,0.23969072594072593,15.375,0.0,117.875
112,106,2012-12-09,1,1,2012-13,New York Knicks,Denver Nuggets,102.875,36.375,49.75,16.75,40.25,11.125,29.125,19.75,10.75,2.0840367965367967,12.125,30.125,40.3375,24.875,54.25,46.32183092247148,16.75,21.5,76.08749999999999,0.0,9.375,0.9231737012987014,3.875,18.75,0.22329837130533725,10.75,0.0,113.25,103.0,18.375,66.25,18.375,40.75,12.5,28.25,23.75,15.0,1.6945465686274512,6.125,17.5,35.025,33.125,64.0,51.87165182131545,18.375,27.125,69.15,0.0,9.0,0.65,5.875,20.125,0.3020777847238761,15.0,0.0,116.375
102,83,2012-12-09,1,1,2012-13,Los Angeles Clippers,Toronto Raptors,102.25,23.625,63.5,15.125,39.5,11.625,27.875,24.25,13.0,2.280492424242424,7.875,22.5,33.0875,31.75,60.625,51.67440876643913,15.125,21.125,69.8,0.0,11.75,1.0613636363636363,5.125,19.625,0.2708225047011812,13.0,0.0,120.375,98.625,20.625,59.25,18.75,41.125,10.625,30.5,19.75,14.0,1.477021630330454,6.875,21.375,33.375,29.625,64.0,46.62078435745134,18.75,23.125,80.6,0.0,6.25,0.45698250891265596,6.25,24.125,0.2534901299350325,14.0,0.0,104.75
90,98,2012-12-09,1,1,2012-13,Phoenix Suns,Orlando Magic,94.5,19.875,58.75,15.875,38.625,9.375,29.25,21.375,16.0,1.3955836045619328,6.625,18.375,36.3875,29.375,62.375,47.19576818180536,15.875,20.375,77.96249999999999,0.0,7.5,0.47757466346862626,5.125,22.0,0.2401087756636956,16.0,0.0,101.875,96.375,17.25,64.5,14.625,41.625,10.375,31.25,21.5,14.875,1.7066912839697281,5.75,18.625,27.5125,32.25,66.125,48.835248078871146,14.625,17.5,81.8375,0.0,6.5,0.4836590557275542,5.0,21.625,0.23540883458646616,14.875,0.0,106.5
88,97,2012-12-09,1,1,2012-13,Brooklyn Nets,Milwaukee Bucks,96.875,26.625,54.75,15.5,43.25,14.25,29.0,22.0,13.625,1.7301366396761133,8.875,24.625,36.575,27.375,59.625,46.25975402045507,15.5,21.75,72.22500000000001,0.0,6.875,0.5158358636977058,4.625,19.25,0.2879985578147343,13.625,0.0,105.75,91.375,14.625,60.75,16.0,42.0,12.5,29.5,21.125,13.0,1.6810606060606061,4.875,15.125,32.675,30.375,68.75,44.230282534555315,16.0,21.25,74.1875,0.0,7.375,0.6029513888888889,9.125,18.5,0.5034074687567335,13.0,0.0,104.125
104,93,2012-12-09,1,1,2012-13,Oklahoma City Thunder,Indiana Pacers,110.875,22.875,65.5,22.5,42.875,11.25,31.625,23.25,15.5,1.5311843487394958,7.625,18.75,41.712500000000006,32.75,60.75,54.20675881771141,22.5,27.25,82.23750000000001,0.0,7.75,0.5132396708683473,8.25,20.625,0.41547833378202537,15.5,0.0,133.625,93.5,24.0,53.25,16.25,44.875,12.75,32.125,22.625,13.875,1.7798141186299081,8.0,21.125,36.2,26.625,61.125,44.0287191713016,16.25,22.375,73.0875,0.0,6.25,0.4895970010811342,7.5,21.5,0.36733361627883937,13.875,0.0,107.125
119,96,2012-12-10,1,1,2012-13,Dallas Mavericks,Sacramento Kings,96.75,23.25,57.75,15.75,40.25,10.75,29.5,21.5,15.25,1.4753041076570488,7.75,21.75,34.2875,28.875,63.875,45.32110673979602,15.75,19.875,77.94999999999999,0.0,8.625,0.5814987708370062,4.375,22.125,0.2045805945262467,15.25,0.0,103.125,96.125,21.0,57.0,18.125,41.0,9.375,31.625,19.875,14.5,1.412505162321339,7.0,18.125,39.05,28.5,61.375,46.42592410195513,18.125,23.625,76.4125,0.0,7.75,0.577135293219852,4.375,19.125,0.2336654589371981,14.5,0.0,105.125
126,134,2012-12-10,1,1,2012-13,Houston Rockets,San Antonio Spurs,108.875,31.125,57.75,20.0,42.375,11.75,30.625,23.25,16.5,1.5064982428898333,10.375,26.875,39.8875,28.875,58.625,50.00101309011803,20.0,26.625,76.6625,0.0,9.125,0.579239539065054,4.0,18.875,0.2161582902391726,16.5,0.0,118.25,111.75,30.0,66.0,15.75,46.875,9.75,37.125,28.0,15.875,1.873055926916221,10.0,26.125,37.75,33.0,61.125,54.07621066762213,15.75,19.75,80.23750000000001,0.0,7.5,0.47644087938205587,5.25,16.875,0.3988320707070707,15.875,0.0,135.25
101,92,2012-12-10,1,1,2012-13,Miami Heat,Atlanta Hawks,103.25,21.75,63.0,18.5,40.0,7.625,32.375,21.875,14.5,1.5989590243992335,7.25,18.0,42.137499999999996,31.5,60.0,52.766431050151226,18.5,24.375,75.775,0.0,8.75,0.658232284141727,3.75,20.125,0.1951282051282051,14.5,0.0,118.0,102.0,28.5,58.75,14.75,40.875,12.25,28.625,25.625,15.0,1.8288809144072302,9.5,22.625,42.599999999999994,29.375,61.125,48.17483591680791,14.75,21.375,67.35,0.0,9.25,0.6808249316473001,5.625,18.875,0.30318896198830414,15.0,0.0,116.875
96,104,2012-12-10,1,1,2012-13,Charlotte Bobcats,Golden State Warriors,96.375,25.125,53.0,18.25,41.125,10.0,31.125,20.625,14.25,1.4652516601046013,8.375,20.25,40.2875,26.5,61.25,42.75492351592616,18.25,24.875,74.4625,0.0,6.875,0.49371584298054894,5.625,19.375,0.3244060156567308,14.25,0.0,103.125,100.5,24.0,59.5,17.0,44.875,10.875,34.0,23.0,14.25,1.6806539580775262,8.0,19.75,40.775,29.75,61.625,48.145306976330296,17.0,21.0,80.6625,0.0,6.375,0.4816650358155776,4.25,22.25,0.19732548701298702,14.25,0.0,117.125
92,74,2012-12-10,1,1,2012-13,Portland Trail Blazers,Toronto Raptors,94.25,22.875,53.75,17.625,41.375,12.375,29.0,19.75,15.5,1.3731771581456937,7.625,23.125,32.6,26.875,59.125,45.12377687669356,17.625,23.25,76.0375,0.0,8.0,0.5514447969396482,5.875,20.125,0.28634459790781297,15.5,0.0,100.375,97.75,22.125,57.75,17.875,41.375,10.875,30.5,20.0,14.375,1.446177474486298,7.375,22.375,34.025,28.875,62.875,46.10607847509839,17.875,22.125,80.1625,0.0,5.875,0.41558640501655203,6.125,24.0,0.2492905251919495,14.375,0.0,103.5
104,97,2012-12-10,1,1,2012-13,Philadelphia 76ers,Detroit Pistons,95.875,16.5,64.5,14.875,40.25,12.125,28.125,22.25,11.625,1.9966216891768362,5.5,16.25,33.012499999999996,32.25,68.25,47.46326741452484,14.875,20.625,72.825,0.0,7.5,0.669523644247909,3.875,21.0,0.1908306021463916,11.625,0.0,105.625,96.75,21.375,56.25,19.125,43.0,11.375,31.625,19.875,14.125,1.5284462269756387,7.125,17.0,43.9625,28.125,60.625,46.424617049617055,19.125,26.125,73.3375,0.0,6.25,0.4874340834818776,5.75,20.25,0.3080670699914121,14.125,0.0,108.125
89,94,2012-12-11,1,1,2012-13,Chicago Bulls,Los Angeles Clippers,93.875,14.625,59.75,19.5,45.875,12.75,33.125,21.375,16.0,1.4480619617955144,4.875,12.25,42.137499999999996,29.875,64.875,46.08784151006076,19.5,23.125,84.45,0.0,6.0,0.39191940187005975,5.375,19.875,0.27136852548036755,16.0,0.0,110.5,105.5,24.375,64.75,16.375,39.5,11.375,28.125,25.0,11.625,2.478409090909091,8.125,22.75,34.1,32.375,61.25,52.24259058462095,16.375,22.625,70.675,0.0,12.125,1.1641414141414141,5.0,19.0,0.27516742448727743,11.625,0.0,125.75
94,101,2012-12-11,1,1,2012-13,Detroit Pistons,Denver Nuggets,95.375,19.875,54.75,20.75,42.125,11.625,30.5,18.875,13.625,1.5103466794643265,6.625,17.375,39.9375,27.375,60.375,45.43560606060606,20.75,27.5,75.4125,0.0,6.375,0.5106241287307464,5.75,19.625,0.3143170699914121,13.625,0.0,104.375,103.5,18.375,66.25,18.875,40.875,11.75,29.125,23.375,15.5,1.6164215686274512,6.125,17.25,35.4125,33.125,62.75,53.09542804509168,18.875,27.0,71.1125,0.0,8.375,0.5875,5.75,20.625,0.28755758270367404,15.5,0.0,117.5
70,77,2012-12-11,1,1,2012-13,New Orleans Hornets,Washington Wizards,90.0,22.5,54.75,12.75,37.875,11.125,26.75,21.0,15.125,1.4761125806597943,7.5,18.5,40.987500000000004,27.375,60.25,45.55312761244237,12.75,17.0,76.8,0.0,6.25,0.4362076713276404,4.375,20.25,0.2385195514450377,15.125,0.0,96.25,95.75,18.75,59.0,18.0,43.5,11.875,31.625,20.0,15.0,1.5237301887158026,6.25,18.875,33.9875,29.5,64.375,45.96254136485854,18.0,24.0,74.83749999999999,0.0,8.125,0.6213915852902425,3.75,19.625,0.19405775468081968,15.0,0.0,102.625
100,94,2012-12-11,1,1,2012-13,Cleveland Cavaliers,Los Angeles Lakers,90.0,18.75,56.75,14.5,45.5,15.75,29.75,19.25,16.125,1.248673293081188,6.25,22.0,27.075,28.375,65.75,43.35912159247757,14.5,18.625,76.975,0.0,8.25,0.5230343852054379,4.125,22.375,0.18238555325511846,16.125,0.0,93.75,105.375,32.625,52.75,20.0,49.0,13.625,35.375,21.625,15.625,1.5403366370471634,10.875,25.625,41.91250000000001,26.375,57.25,45.982104438912216,20.0,29.75,68.9,0.0,8.875,0.6047326985020484,6.0,21.375,0.2827956192358366,15.625,0.0,119.875
97,100,2012-12-11,1,1,2012-13,Brooklyn Nets,New York Knicks,97.125,27.375,53.75,16.0,44.375,14.375,30.0,22.375,14.375,1.7066991396761133,9.125,26.125,35.2625,26.875,58.875,46.005124390825436,16.0,22.25,72.9125,0.0,7.25,0.5200972273340694,4.875,19.0,0.3022031032692798,14.375,0.0,106.375,101.75,34.5,50.75,16.5,40.5,11.5,29.0,19.25,10.5,2.0890873015873015,11.5,29.75,38.9,25.375,55.5,46.19566632619818,16.5,22.25,73.58749999999999,0.0,8.875,0.9004464285714286,3.625,19.125,0.20834621819528942,10.5,0.0,109.375
99,93,2012-12-12,1,1,2012-13,Houston Rockets,Washington Wizards,113.0,34.5,57.75,20.75,41.75,11.875,29.875,24.375,15.5,1.6249765037593984,11.5,28.25,41.95,28.875,60.125,48.98337401277746,20.75,27.25,77.5125,0.0,9.625,0.6357612781954888,4.25,19.25,0.22211067119155353,15.5,0.0,123.0,92.875,18.0,56.75,18.125,42.375,10.75,31.625,19.25,14.0,1.5317012032085562,6.0,18.75,32.9,28.375,63.625,44.71167870095239,18.125,23.875,75.77499999999999,0.0,7.5,0.6029133244206774,3.75,19.0,0.200370885993951,14.0,0.0,98.0
82,80,2012-12-12,1,1,2012-13,Phoenix Suns,Memphis Grizzlies,93.125,20.25,57.75,15.125,37.125,8.875,28.25,21.125,16.0,1.3747502712285993,6.75,19.5,34.9625,28.875,60.625,47.800413775675096,15.125,20.125,75.1125,0.0,7.625,0.487991330135293,4.875,21.5,0.23267170472548046,16.0,0.0,98.375,95.625,16.5,61.0,18.125,43.125,12.625,30.5,20.375,16.125,1.3080965458045568,5.5,14.875,37.625,30.5,65.625,46.953549893779574,18.125,23.75,76.125,0.0,9.625,0.6144781495594189,5.5,20.5,0.2795335469484076,16.125,0.0,108.0
94,100,2012-12-12,1,1,2012-13,Charlotte Bobcats,Los Angeles Clippers,94.875,24.0,53.0,17.875,41.0,10.875,30.125,20.75,14.375,1.4640261699085229,8.0,20.0,39.25,26.5,61.5,42.57948491943493,17.875,24.375,74.5,0.0,6.125,0.44714721552956854,6.25,17.75,0.36796662171733685,14.375,0.0,101.125,105.625,22.875,67.0,15.75,40.125,11.875,28.25,25.0,11.625,2.478409090909091,7.625,21.75,33.387499999999996,33.5,62.875,52.863708597043306,15.75,22.375,68.875,0.0,11.875,1.1474747474747473,5.25,18.125,0.2997886366084896,11.625,0.0,126.125
108,105,2012-12-12,1,1,2012-13,Minnesota Timberwolves,Denver Nuggets,94.625,19.125,56.25,19.25,48.25,13.75,34.5,20.375,16.0,1.34011567476641,6.375,21.375,29.575,28.125,59.5,47.58384891563225,19.25,27.25,70.35000000000001,0.0,8.375,0.5471685177567531,4.75,19.125,0.2701713300029863,16.0,0.0,106.0,103.375,18.75,65.25,19.375,40.375,11.5,28.875,22.75,14.75,1.6969771241830065,6.25,17.75,35.012499999999996,32.625,62.875,52.1897700829821,19.375,28.625,68.7125,0.0,8.5,0.6513888888888888,5.75,20.5,0.2915049511247267,14.75,0.0,115.0
117,115,2012-12-12,1,1,2012-13,Boston Celtics,Dallas Mavericks,97.625,16.125,65.25,16.25,42.0,8.625,33.375,23.375,16.5,1.466341865693646,5.375,16.25,31.825,32.625,64.875,50.63562391495667,16.25,20.875,77.7125,0.0,8.5,0.5111823676839157,4.625,22.625,0.2082288368043517,16.5,0.0,111.875,97.375,21.0,60.75,15.625,39.75,10.25,29.5,22.0,14.75,1.6038755362284776,7.0,20.625,33.0625,30.375,65.25,46.497146185425024,15.625,19.875,77.35,0.0,8.875,0.6350701994084347,5.125,21.625,0.26013615008180224,14.75,0.0,105.625
89,96,2012-12-12,1,1,2012-13,Philadelphia 76ers,Chicago Bulls,95.25,15.375,65.0,14.875,40.5,12.25,28.25,21.25,11.125,1.9940175225101695,5.125,15.125,33.1875,32.5,68.25,47.815380090581186,14.875,21.375,70.525,0.0,7.625,0.6981694775812423,4.25,20.625,0.20797345928924876,11.125,0.0,105.5,93.375,16.875,59.0,17.5,45.375,12.5,32.875,22.5,16.125,1.5064259323837494,5.625,12.75,45.2625,29.5,65.0,45.44899031150807,17.5,21.375,81.8,0.0,6.5,0.4194929312818245,5.625,19.875,0.28525741436925645,16.125,0.0,110.75
95,97,2012-12-12,1,1,2012-13,Miami Heat,Golden State Warriors,103.75,22.125,63.0,18.625,39.5,7.375,32.125,22.25,14.125,1.6470675770308125,7.375,18.25,42.237500000000004,31.5,59.25,53.70706650165624,18.625,24.75,75.175,0.0,8.75,0.6705678104575163,3.75,19.75,0.1981043956043956,14.125,0.0,119.125,102.125,24.375,60.0,17.75,45.0,11.625,33.375,23.75,14.625,1.6901077395901312,8.125,20.125,40.625,30.0,61.75,48.44912642077474,17.75,21.625,81.8125,0.0,6.5,0.4764129349752415,4.125,21.75,0.1957229229104229,14.625,0.0,119.25
96,81,2012-12-12,1,1,2012-13,Indiana Pacers,Cleveland Cavaliers,90.75,20.625,55.0,15.125,43.0,11.75,31.25,21.0,13.625,1.6508458646616542,6.875,19.875,33.662499999999994,27.5,61.125,45.37487301745545,15.125,20.5,74.7375,0.0,6.0,0.47769223917637227,6.0,21.0,0.3090002829455061,13.625,0.0,101.125,92.75,21.375,56.5,14.875,45.75,15.0,30.75,20.75,15.625,1.3796256740335686,7.125,23.375,29.0375,28.25,65.375,43.43587597844248,14.875,20.0,74.1875,0.0,8.0,0.5250185121895649,4.0,22.75,0.1744424094424094,15.625,0.0,97.125
80,86,2012-12-12,1,1,2012-13,Orlando Magic,Atlanta Hawks,95.125,15.0,66.0,14.125,42.625,10.0,32.625,22.75,14.875,1.7761357284141728,5.0,17.875,25.125,33.0,66.5,49.7476318951642,14.125,17.25,80.23750000000001,0.0,6.75,0.497547944616443,4.625,19.75,0.22290883458646615,14.875,0.0,107.5,100.875,28.5,56.75,15.625,40.25,12.0,28.25,23.875,15.0,1.7038809144072302,9.5,23.0,42.1125,28.375,58.625,48.50827510385141,15.625,21.25,72.0875,0.0,8.75,0.6451106459330144,5.125,17.75,0.2860014619883041,15.0,0.0,114.5
99,96,2012-12-12,1,1,2012-13,Utah Jazz,San Antonio Spurs,106.25,22.875,64.0,19.375,39.75,12.5,27.25,23.875,14.25,1.7840398335754373,7.625,18.375,40.1375,32.0,63.125,50.93038133321849,19.375,24.875,79.16250000000001,0.0,9.375,0.6999258465347862,6.0,23.5,0.260232683982684,14.25,0.0,123.625,114.625,32.25,65.5,16.875,46.5,9.625,36.875,28.75,16.75,1.816586628670607,10.75,26.5,39.8875,32.75,59.375,55.0099967457206,16.875,20.625,81.9125,0.0,7.75,0.4742478969259155,5.625,17.375,0.409564393939394,16.75,0.0,140.375
98,85,2012-12-12,1,1,2012-13,Milwaukee Bucks,Sacramento Kings,92.75,16.125,58.5,18.125,41.125,12.0,29.125,21.25,14.125,1.5692185007974482,5.375,15.0,35.949999999999996,29.25,66.75,43.97740161266031,18.125,23.75,75.4375,0.0,7.875,0.5700566520467836,8.75,18.375,0.4869601003356809,14.125,0.0,104.875,95.375,21.75,55.75,17.875,42.5,10.375,32.125,20.0,15.25,1.362505162321339,7.25,19.375,37.25,27.875,60.625,45.95599928992506,17.875,23.625,74.85,0.0,7.625,0.557492436076995,4.5,18.25,0.24861111111111112,15.25,0.0,104.125
88,94,2012-12-12,1,1,2012-13,Toronto Raptors,Brooklyn Nets,93.75,21.0,55.0,17.75,39.375,9.875,29.5,19.0,14.625,1.3525877308965544,7.0,22.0,32.6875,27.5,58.75,46.58874631186891,17.75,21.75,81.0625,0.0,5.75,0.39956076399091106,5.75,23.375,0.2405405251919495,14.625,0.0,98.75,97.0,27.0,53.25,16.75,43.0,13.125,29.875,21.75,14.375,1.6546158063427798,9.0,26.25,34.362500000000004,26.625,55.75,48.33845772415877,16.75,23.125,73.3625,0.0,6.625,0.4680138940007361,4.125,20.25,0.21778751885369535,14.375,0.0,105.375
92,88,2012-12-12,1,1,2012-13,Oklahoma City Thunder,New Orleans Hornets,111.375,22.5,65.75,23.125,42.875,11.375,31.5,22.5,14.625,1.5694196428571427,7.5,18.125,41.875,32.875,61.0,54.17884813190599,23.125,28.0,82.2375,0.0,7.5,0.5191220238095238,8.0,19.75,0.4164973555211558,14.625,0.0,134.0,88.25,21.75,53.5,13.0,39.625,10.75,28.875,19.875,15.375,1.3801304378026513,7.25,18.875,38.3375,26.75,59.25,45.16250261244237,13.0,17.25,77.25,0.0,6.5,0.4451362427562118,4.75,21.5,0.2370314562069425,15.375,0.0,95.25
116,107,2012-12-13,1,1,2012-13,New York Knicks,Los Angeles Lakers,103.125,37.5,49.5,16.125,38.625,10.625,28.0,20.0,10.0,2.2140873015873015,12.5,30.625,41.574999999999996,24.75,53.75,46.42222882619818,16.125,21.5,74.4625,0.0,8.375,0.8825892857142857,3.625,18.75,0.20983431343338463,10.0,0.0,111.25,102.75,30.75,51.75,20.25,48.125,14.125,34.0,20.375,15.625,1.4745471633629528,10.25,26.25,38.337500000000006,25.875,55.75,46.39877110557889,20.25,30.5,68.2625,0.0,8.375,0.5784169090283641,5.875,21.25,0.27810194334650856,15.625,0.0,113.75
98,90,2012-12-13,1,1,2012-13,Portland Trail Blazers,San Antonio Spurs,95.125,20.25,56.0,18.875,43.125,12.625,30.5,19.0,14.125,1.5061136660822014,6.75,23.5,27.450000000000003,28.0,60.125,46.11272912188244,18.875,24.375,77.78750000000001,0.0,8.0,0.6387463842412355,5.5,20.0,0.26770424703062,14.125,0.0,102.25,111.875,30.375,64.75,16.75,47.125,10.0,37.125,27.0,16.5,1.7229968850808635,10.125,26.0,38.087500000000006,32.375,60.75,53.32333523901266,16.75,20.375,82.2625,0.0,8.375,0.5274530251310436,6.25,17.375,0.4512310606060606,16.5,0.0,136.25
113,90,2012-12-13,1,1,2012-13,Atlanta Hawks,Charlotte Bobcats,99.0,26.625,56.25,16.125,40.5,12.125,28.375,22.25,14.0,1.6819653299916457,8.875,23.0,39.275,28.125,58.875,47.83863224670855,16.125,21.5,74.53750000000001,0.0,9.375,0.709234022556391,4.0,16.875,0.2500166135034556,14.0,0.0,110.875,98.0,23.625,56.25,18.125,41.875,11.0,30.875,21.5,14.375,1.5217184776008306,7.875,19.25,39.75,28.125,62.625,44.53323292581452,18.125,24.625,74.7375,0.0,5.5,0.3990702924526454,6.375,18.375,0.36769249891031924,14.375,0.0,106.5
99,85,2012-12-14,1,1,2012-13,Orlando Magic,Golden State Warriors,91.375,13.5,64.5,13.375,42.25,10.0,32.25,22.375,14.5,1.7773692810457518,4.5,17.375,23.812500000000004,32.25,65.875,48.973002657876066,13.375,16.25,81.55000000000001,0.0,6.75,0.5086499183006536,4.0,19.125,0.197062969924812,14.5,0.0,102.875,102.25,25.5,60.5,16.25,44.125,11.0,33.125,24.0,14.875,1.6836974831798748,8.5,20.5,41.737500000000004,30.25,61.875,48.778073789195794,16.25,19.75,82.175,0.0,7.5,0.5417975503598569,4.0,20.375,0.19858006576756576,14.875,0.0,119.875
107,105,2012-12-14,1,1,2012-13,Brooklyn Nets,Detroit Pistons,96.75,27.375,51.0,18.375,41.5,11.875,29.625,21.375,15.0,1.5723508490778229,9.125,25.125,36.925,25.5,53.5,48.060679946380986,18.375,25.125,74.10000000000001,0.0,6.625,0.4546591931460353,3.375,19.625,0.18393335218702866,15.0,0.0,103.875,92.5,17.25,55.0,20.25,43.125,12.375,30.75,17.625,14.25,1.3510329539741304,5.75,17.0,35.375,27.5,61.375,44.9331550802139,20.25,27.0,74.95,0.0,6.25,0.4756976581425111,6.375,20.75,0.326065190292164,14.25,0.0,99.75
99,94,2012-12-14,1,1,2012-13,Denver Nuggets,Memphis Grizzlies,103.625,19.5,65.25,18.875,40.875,11.375,29.5,23.0,15.0,1.6931071551427588,6.5,18.0,36.025,32.625,63.875,51.304366591962626,18.875,27.625,68.9625,0.0,8.75,0.6599028207774338,5.75,21.0,0.28829982291959844,15.0,0.0,115.5,92.375,15.0,60.75,16.625,43.25,12.25,31.0,19.875,16.125,1.2786847810986743,5.0,14.75,33.3125,30.375,65.5,46.85434354457321,16.625,21.5,78.625,0.0,9.125,0.5850663848535366,6.25,19.375,0.331286940613566,16.125,0.0,105.0
99,84,2012-12-14,1,1,2012-13,Phoenix Suns,Utah Jazz,92.0,19.875,57.25,14.875,37.75,10.375,27.375,20.875,15.625,1.3997502712285994,6.625,20.125,33.3875,28.625,61.25,46.960861536869125,14.875,19.25,77.7,0.0,7.5,0.49840799680195963,4.75,20.75,0.24734781808580436,15.625,0.0,96.75,105.5,22.875,65.25,17.375,40.875,11.75,29.125,24.875,14.25,1.8554684050040087,7.625,18.0,40.85,32.625,64.25,51.02653517937234,17.375,22.5,77.475,0.0,9.125,0.6820687036776433,6.0,21.75,0.282107683982684,14.25,0.0,125.0
95,74,2012-12-14,1,1,2012-13,Toronto Raptors,Dallas Mavericks,92.125,19.5,54.75,17.875,38.375,9.375,29.0,18.5,14.375,1.3447752308965544,6.5,21.375,31.112499999999997,27.375,58.0,47.07955667110032,17.875,22.375,79.03750000000001,0.0,6.375,0.4509000497051967,5.875,24.625,0.2388738585252828,14.375,0.0,96.875,100.625,20.25,64.5,15.875,41.125,10.0,31.125,22.625,16.375,1.5410779171808584,6.75,20.0,32.95,32.25,65.875,48.87486357672937,15.875,19.5,80.0375,0.0,8.75,0.5957844851227204,5.25,21.5,0.2657578432034954,16.375,0.0,111.5
101,89,2012-12-14,1,1,2012-13,Houston Rockets,Boston Celtics,109.0,32.625,56.0,20.375,41.5,11.25,30.25,24.0,16.0,1.5604923767752714,10.875,28.125,39.6375,28.0,58.625,48.74298939739285,20.375,27.5,75.5125,0.0,9.375,0.6059993734335839,4.5,19.5,0.2306246030800984,16.0,0.0,117.375,98.75,15.0,67.0,16.75,42.75,8.75,34.0,22.875,16.125,1.4783610964628768,5.0,16.875,28.625,33.5,66.75,50.612730142062894,16.75,21.625,77.1875,0.0,9.25,0.5869035215300695,5.125,22.5,0.23120314510474693,16.125,0.0,112.625
113,103,2012-12-14,1,1,2012-13,Oklahoma City Thunder,Sacramento Kings,108.375,22.125,64.0,22.25,43.0,10.125,32.875,22.25,14.5,1.5665787337662338,7.375,17.375,42.4625,32.0,59.625,53.825703142566965,22.25,27.375,81.1875,0.0,7.25,0.5068114177489178,8.375,19.5,0.4408029110767114,14.5,0.0,132.0,92.5,20.625,54.5,17.375,44.125,10.625,33.5,19.375,15.625,1.29580348164907,6.875,19.75,34.5375,27.25,61.75,44.03886084422254,17.375,22.25,76.96249999999999,0.0,7.0,0.5081226881778352,5.0,18.25,0.27361111111111114,15.625,0.0,100.125
95,85,2012-12-14,1,1,2012-13,Indiana Pacers,Philadelphia 76ers,90.625,19.875,54.5,16.25,42.875,11.0,31.875,20.5,13.625,1.6151315789473686,6.625,20.125,31.662499999999994,27.25,59.75,45.853111883852215,16.25,21.375,76.6625,0.0,6.75,0.5312636677478009,6.375,20.75,0.32944541752107537,13.625,0.0,102.375,93.375,12.75,67.25,13.375,41.875,13.25,28.625,20.75,11.75,1.8173348302024772,4.25,14.5,29.049999999999997,33.625,70.125,48.09816182497582,13.375,19.875,66.975,0.0,7.75,0.6837464006581654,4.75,21.375,0.22186234817813763,11.75,0.0,103.5
102,113,2012-12-14,1,1,2012-13,New Orleans Hornets,Minnesota Timberwolves,86.125,19.5,54.25,12.375,40.5,11.5,29.0,19.5,14.75,1.4384637711359847,6.5,18.5,35.949999999999996,27.125,61.125,44.374013660197186,12.375,16.375,77.625,0.0,6.625,0.48263624275621175,5.25,22.375,0.2509484602555255,14.75,0.0,93.25,96.25,18.75,58.0,19.5,47.875,13.75,34.125,21.625,16.125,1.414520436671172,6.25,20.875,29.275,29.0,61.125,47.706565810609426,19.5,27.25,71.025,0.0,8.5,0.5495494701377054,5.25,19.25,0.2923574771891335,16.125,0.0,108.875
86,90,2012-12-14,1,1,2012-13,Cleveland Cavaliers,Milwaukee Bucks,93.125,24.0,54.0,15.125,45.125,14.875,30.25,20.5,14.75,1.4393844459633933,8.0,24.25,32.4875,27.0,64.125,42.17697153236044,15.125,20.375,74.1,0.0,7.75,0.538724652540442,4.25,23.625,0.17741859991859993,14.75,0.0,97.375,93.375,17.25,57.75,18.375,44.125,13.375,30.75,21.125,13.875,1.6046351674641148,5.75,15.25,37.8625,28.875,67.875,42.77034917143065,18.375,24.375,74.825,0.0,8.375,0.6283899853801169,8.0,18.5,0.44039147288470043,13.875,0.0,106.625
96,102,2012-12-14,1,1,2012-13,Washington Wizards,Los Angeles Lakers,91.25,18.375,56.75,16.125,41.5,9.75,31.75,18.875,13.125,1.5735281262854792,6.125,18.5,33.625,28.375,63.375,44.877398397922086,16.125,21.5,75.51249999999999,0.0,7.375,0.6303171705745236,4.125,18.0,0.22804945742252242,13.125,0.0,97.25,106.5,33.0,53.0,20.5,46.625,13.75,32.875,20.375,14.75,1.5132376395534288,11.0,27.375,39.712500000000006,26.5,55.625,47.82829238217463,20.5,28.75,72.35,0.0,7.625,0.5546073852188402,5.75,20.75,0.2769114671560324,14.75,0.0,118.375
102,72,2012-12-15,1,1,2012-13,Miami Heat,Washington Wizards,101.5,21.75,62.5,17.25,37.5,6.625,30.875,21.375,14.25,1.5882440476190478,7.25,18.75,40.6625,31.25,58.0,54.32192451382663,17.25,22.5,76.4625,0.0,8.625,0.6607638888888889,3.625,19.75,0.188489010989011,14.25,0.0,114.875,91.75,19.875,55.5,16.375,42.5,9.5,33.0,19.5,14.125,1.5394372171945703,6.625,19.375,34.8125,27.75,61.625,45.0949281092973,16.375,21.875,75.21249999999999,0.0,6.875,0.5561544911486862,4.375,18.75,0.23499390186696686,14.125,0.0,98.75
86,99,2012-12-15,1,1,2012-13,Utah Jazz,Memphis Grizzlies,104.0,21.75,66.5,15.75,41.875,12.875,29.0,24.25,14.25,1.8164059050040087,7.25,18.0,37.45,33.25,66.625,50.29860993560202,15.75,20.375,77.1875,0.0,9.125,0.6820687036776433,6.5,20.75,0.32093121339444863,14.25,0.0,122.75,93.625,16.125,61.5,16.0,43.75,13.0,30.75,21.25,16.25,1.356288947765341,5.375,15.75,33.3625,30.75,67.375,46.14601021123988,16.0,20.5,80.15,0.0,9.25,0.5887122181868698,6.625,21.0,0.3253345596611851,16.25,0.0,106.75
85,111,2012-12-15,1,1,2012-13,Milwaukee Bucks,Los Angeles Clippers,93.625,17.25,57.75,18.625,45.0,15.0,30.0,21.0,13.75,1.6070861478562717,5.75,15.5,37.2125,28.875,69.0,41.98520460512955,18.625,25.125,73.5,0.0,9.375,0.6904814886480908,8.375,18.25,0.4640025839958115,13.75,0.0,107.25,105.875,19.5,69.25,17.125,42.125,13.0,29.125,25.0,11.125,2.5571969696969696,6.5,20.0,32.2,34.625,65.375,52.85410798260398,17.125,24.125,70.5625,0.0,11.25,1.1239898989898989,6.0,16.875,0.361687675070028,11.125,0.0,127.875
93,115,2012-12-15,1,1,2012-13,Atlanta Hawks,Golden State Warriors,100.125,29.25,55.75,15.125,40.75,12.0,28.75,22.5,13.375,1.7609126984126984,9.75,24.5,40.162499999999994,27.875,57.375,49.038032546558625,15.125,21.125,71.5,0.0,9.75,0.7477678571428571,4.125,16.375,0.262913438900281,13.375,0.0,113.625,99.625,25.125,58.25,16.25,44.875,11.875,33.0,22.75,14.375,1.6550516498465415,8.375,20.75,40.5625,29.125,62.375,46.847926730372265,16.25,19.5,83.925,0.0,6.875,0.5157558836931903,3.625,19.5,0.1868376415251415,14.375,0.0,114.5
114,106,2012-12-15,1,1,2012-13,Minnesota Timberwolves,Dallas Mavericks,99.75,19.5,61.0,19.25,48.0,14.125,33.875,22.125,16.375,1.4092756814264167,6.5,19.625,32.1125,30.5,62.625,48.816615941905674,19.25,27.0,70.6375,0.0,8.625,0.545178840767076,5.25,17.75,0.3079824771891335,16.375,0.0,114.375,97.625,18.375,63.25,16.0,41.25,9.375,31.875,21.875,16.625,1.4744112505141918,6.125,19.25,29.6625,31.625,65.125,48.450036387789275,16.0,19.625,80.1125,0.0,7.875,0.5335295831619361,5.25,20.875,0.26742896619814777,16.625,0.0,107.0
103,88,2012-12-15,1,1,2012-13,San Antonio Spurs,Boston Celtics,109.375,28.5,63.25,17.625,47.0,9.875,37.125,26.625,16.875,1.6711876745545478,9.5,25.25,36.5375,31.625,60.0,52.699734343585725,17.625,21.625,82.10000000000001,0.0,7.875,0.4863346040784121,5.375,17.75,0.3333333333333333,16.875,0.0,131.25,95.375,15.375,63.5,16.5,41.5,7.75,33.75,22.375,15.875,1.4732328913346715,5.125,17.125,28.762500000000003,31.75,64.0,49.86560370528128,16.5,21.375,76.8875,0.0,10.0,0.6561342907608387,5.5,21.75,0.2589020087411106,15.875,0.0,109.75
77,88,2012-12-15,1,1,2012-13,Detroit Pistons,Indiana Pacers,95.875,17.625,57.5,20.75,44.125,13.25,30.875,18.375,13.125,1.4677287581699345,5.875,17.0,36.1625,28.75,64.75,44.62388227470616,20.75,27.75,74.5625,0.0,6.0,0.4840018539467069,6.25,20.875,0.31862471410168774,13.125,0.0,103.375,92.625,21.375,55.0,16.25,42.625,11.5,31.125,20.75,13.5,1.6385690789473686,7.125,19.5,36.162499999999994,27.5,60.125,46.00192140766173,16.25,21.375,76.6625,0.0,6.125,0.4963371971595656,6.875,19.375,0.3655317270448849,13.5,0.0,105.375
98,107,2012-12-15,1,1,2012-13,Charlotte Bobcats,Orlando Magic,97.875,21.375,58.75,17.75,40.125,10.875,29.25,22.0,14.0,1.5857941078529314,7.125,18.875,37.075,29.375,63.375,46.24079260751213,17.75,24.25,74.4125,0.0,5.5,0.4085240739652505,5.625,18.0,0.33297027668809703,14.0,0.0,104.875,92.625,16.125,62.75,13.75,43.125,9.375,33.75,23.625,14.25,1.8763888888888889,5.375,18.125,27.512500000000003,31.375,64.0,49.03309881172222,13.75,16.625,82.825,0.0,6.75,0.5164930555555556,5.0,19.25,0.2619439223057644,14.25,0.0,108.625
83,82,2012-12-15,1,1,2012-13,Chicago Bulls,Brooklyn Nets,93.875,16.5,59.0,18.375,45.25,11.875,33.375,22.875,15.875,1.5621951631529802,5.5,12.75,44.125,29.5,64.75,45.611222628185544,18.375,22.25,82.14999999999999,0.0,6.375,0.4201339569228501,5.25,19.0,0.27632884294068505,15.875,0.0,111.375,98.25,27.375,53.25,17.625,40.625,11.0,29.625,21.25,14.375,1.6355610763505501,9.125,25.375,36.525,26.625,54.625,49.073932648388194,17.625,23.5,76.075,0.0,6.125,0.4518182840551262,4.0,19.625,0.20997501885369532,14.375,0.0,105.75
103,102,2012-12-15,1,1,2012-13,New York Knicks,Cleveland Cavaliers,104.875,37.875,51.0,16.0,38.0,10.125,27.875,20.875,8.875,2.584920634920635,12.625,31.125,41.025,25.5,54.0,47.59744250141186,16.0,22.125,72.3,0.0,8.25,0.9992559523809523,3.75,18.75,0.21608431343338463,8.875,0.0,113.75,89.75,23.625,52.0,14.125,44.75,14.5,30.25,20.5,15.75,1.3984487734487736,7.875,23.625,33.3,26.0,64.25,40.4904635958525,14.125,19.375,73.775,0.0,8.125,0.5370189995189996,4.375,23.25,0.18514587264587262,15.75,0.0,92.5
98,111,2012-12-16,1,1,2012-13,Philadelphia 76ers,Los Angeles Lakers,91.5,11.625,68.0,11.875,41.375,12.75,28.625,20.5,11.125,1.8639034576534577,3.875,14.25,26.8125,34.0,71.125,47.95264032343152,11.875,17.875,66.975,0.0,7.25,0.6696532634032635,4.875,20.75,0.23186234817813767,11.125,0.0,100.875,104.0,29.625,52.75,21.625,46.5,13.5,33.0,18.5,14.5,1.411314562630352,9.875,26.875,36.725,26.375,55.5,47.723470579239624,21.625,30.125,73.1875,0.0,7.5,0.5590945647060198,5.75,20.5,0.2803205580651233,14.5,0.0,113.125
95,94,2012-12-16,1,1,2012-13,Portland Trail Blazers,New Orleans Hornets,94.75,20.625,56.75,17.375,42.875,11.625,31.25,18.5,14.625,1.4030833630518986,6.875,24.5,26.7375,28.375,59.5,47.193206022031475,17.375,22.0,79.975,0.0,8.125,0.6167766872715384,5.0,19.375,0.25372398387272527,14.625,0.0,101.25,88.375,21.75,55.5,11.125,39.5,10.875,28.625,20.875,14.125,1.5719224177525262,7.25,18.875,38.699999999999996,27.75,61.375,45.29993958612311,11.125,15.0,76.25,0.0,6.75,0.5009633104253848,5.875,21.0,0.2931938306258958,14.125,0.0,98.125
97,122,2012-12-16,1,1,2012-13,Sacramento Kings,Denver Nuggets,94.25,21.0,53.5,19.75,43.25,10.5,32.75,19.0,15.625,1.2690177673633556,7.0,20.0,34.725,26.75,60.375,44.282064468956015,19.75,24.375,80.2125,0.0,7.0,0.5081226881778352,4.875,18.25,0.26703216374269007,15.625,0.0,101.5,102.875,17.25,66.25,19.375,40.25,11.0,29.25,22.375,15.625,1.6097738218094255,5.75,16.625,35.075,33.125,63.375,52.52847205335622,19.375,27.875,70.125,0.0,8.625,0.6349028207774339,6.125,21.375,0.299401796603809,15.625,0.0,115.0
103,96,2012-12-16,1,1,2012-13,Toronto Raptors,Houston Rockets,93.75,22.125,54.25,17.375,40.125,10.25,29.875,19.875,13.5,1.5388928779553779,7.375,23.75,31.6,27.125,56.875,47.54556544303015,17.375,22.125,77.6625,0.0,7.125,0.5516353438228438,5.625,23.5,0.23607213438735175,13.5,0.0,102.125,107.0,31.5,55.0,20.5,41.5,10.625,30.875,23.125,16.375,1.4617528809769522,10.5,28.25,38.0125,27.5,57.625,48.83249888539857,20.5,27.75,75.225,0.0,8.875,0.5592556759545924,5.375,19.625,0.2847912697467651,16.375,0.0,114.375
96,109,2012-12-17,1,1,2012-13,New York Knicks,Houston Rockets,104.25,38.25,49.25,16.75,39.125,11.375,27.75,21.125,9.0,2.5710317460317462,12.75,31.875,40.487500000000004,24.625,53.75,46.14551942448878,16.75,23.125,72.6625,0.0,8.0,0.9593253968253969,4.375,18.5,0.25150098010005134,9.0,0.0,113.25,106.75,31.125,54.25,21.375,42.25,9.625,32.625,22.375,15.875,1.4513362143102855,10.375,28.5,37.050000000000004,27.125,56.25,49.211286764186454,21.375,28.0,77.4875,0.0,8.25,0.5358181759545924,5.25,20.0,0.2757452171151861,15.875,0.0,115.125
76,88,2012-12-17,1,1,2012-13,Detroit Pistons,Los Angeles Clippers,95.875,16.875,58.75,20.25,42.75,12.75,30.0,18.625,12.375,1.5677287581699346,5.625,16.0,36.074999999999996,29.375,65.5,45.11495370327759,20.25,27.375,73.17500000000001,0.0,5.75,0.4918143539467069,5.875,21.0,0.29154138076835445,12.375,0.0,102.875,107.125,19.875,70.75,16.5,43.875,13.0,30.875,25.625,11.375,2.5509469696969695,6.625,19.0,35.25,35.375,66.5,53.06707935925096,16.5,23.875,68.875,0.0,11.125,1.0906565656565657,5.625,16.5,0.3487331296154826,11.375,0.0,131.125
80,71,2012-12-17,1,1,2012-13,Memphis Grizzlies,Chicago Bulls,93.125,14.625,62.5,16.0,44.0,13.75,30.25,19.75,16.125,1.2537248452012386,4.875,14.875,32.3625,31.25,68.875,45.84086635770893,16.0,20.0,81.56250000000001,0.0,9.125,0.5863083720330238,6.25,20.625,0.3105319280822377,16.125,0.0,104.5,91.625,15.0,59.75,16.875,43.875,11.5,32.375,22.5,15.0,1.6068380202958374,5.0,12.75,39.125,29.875,65.5,45.640557699893506,16.875,20.5,81.78750000000001,0.0,6.625,0.4618006235895168,5.25,18.75,0.28097280578898226,15.0,0.0,107.875
102,93,2012-12-17,1,1,2012-13,Orlando Magic,Minnesota Timberwolves,95.25,17.625,63.75,13.875,44.0,9.75,34.25,24.25,14.875,1.8218253968253968,5.875,18.875,30.05,31.875,63.375,50.35110555221331,13.875,16.625,83.4875,0.0,6.25,0.45597718253968256,5.75,20.0,0.2887860275689223,14.875,0.0,113.375,101.875,19.5,61.75,20.625,47.625,14.75,32.875,22.5,16.25,1.444202152014652,6.5,19.75,31.9625,30.875,63.875,48.42121072371127,20.625,28.75,70.3875,0.0,9.5,0.6035428113553114,4.875,18.0,0.28020469941135573,16.25,0.0,115.75
101,90,2012-12-17,1,1,2012-13,Phoenix Suns,Sacramento Kings,94.75,19.875,59.75,15.125,38.25,10.25,28.0,22.375,14.75,1.566965183509301,6.625,19.125,35.587500000000006,29.875,62.375,48.16695052984336,15.125,19.5,77.9875,0.0,7.75,0.5461053652230122,5.25,19.875,0.2904864050423261,14.75,0.0,104.25,94.875,21.0,53.25,20.625,43.25,12.125,31.125,18.75,15.25,1.2872869981325865,7.0,20.875,33.4375,26.625,61.5,43.342795297571556,20.625,25.5,79.875,0.0,7.125,0.5379303804855274,4.5,18.25,0.2472953216374269,15.25,0.0,99.625
107,93,2012-12-17,1,1,2012-13,Oklahoma City Thunder,San Antonio Spurs,108.25,20.625,65.25,22.375,41.625,10.75,30.875,22.0,14.75,1.5257801226551229,6.875,16.625,41.81250000000001,32.625,61.0,53.659668986969244,22.375,27.25,82.275,0.0,8.125,0.5528183621933622,8.25,19.875,0.43038624441004475,14.75,0.0,130.5,109.75,29.25,63.25,17.25,46.125,9.875,36.25,27.375,16.0,1.802918443785317,9.75,24.625,38.375,31.625,60.75,52.003305772157155,17.25,21.125,82.10000000000001,0.0,8.375,0.5416230656168737,5.625,16.75,0.3625,16.0,0.0,133.375
101,100,2012-12-18,1,1,2012-13,Los Angeles Lakers,Charlotte Bobcats,105.0,32.625,51.5,20.875,45.875,13.375,32.5,18.75,15.0,1.367375168690958,10.875,29.0,37.4625,25.75,52.625,49.08216623141353,20.875,28.25,75.075,0.0,8.5,0.6106097162211714,6.0,19.625,0.3202511136206788,15.0,0.0,116.75,97.875,19.875,59.0,19.0,38.875,10.25,28.625,21.125,13.75,1.5499549470137706,6.625,18.25,35.349999999999994,29.5,63.375,46.43018654690607,19.0,25.625,75.5625,0.0,5.375,0.4059016963428728,5.75,18.75,0.3126577766880971,13.75,0.0,103.125
90,92,2012-12-18,1,1,2012-13,Brooklyn Nets,Utah Jazz,96.25,25.875,52.0,18.375,40.625,11.375,29.25,20.375,15.625,1.3959777430172167,8.625,25.25,34.25,26.0,53.75,48.62750407695963,18.375,24.625,75.1625,0.0,6.75,0.45181828405512614,4.25,19.75,0.22141292735042736,15.625,0.0,102.0,103.0,21.0,65.25,16.75,41.25,11.125,30.125,23.75,13.75,1.82517783482857,7.0,17.25,37.325,32.625,65.125,50.38442229258143,16.75,21.875,75.625,0.0,8.875,0.6811915106951871,6.0,20.625,0.2983121657754011,13.75,0.0,121.25
99,113,2012-12-18,1,1,2012-13,Cleveland Cavaliers,Toronto Raptors,87.875,22.125,52.25,13.5,44.375,13.75,30.625,18.375,15.0,1.3324765512265513,7.375,22.25,33.35,26.125,63.5,41.31212307861112,13.5,18.75,73.1125,0.0,8.0,0.5474356661856662,3.875,23.5,0.16133634883634881,15.0,0.0,90.0,94.0,22.125,54.25,17.625,40.375,9.625,30.75,20.5,12.75,1.82598079004329,7.375,25.75,27.8,27.125,55.375,48.807437898932456,17.625,21.875,79.76249999999999,0.0,7.0,0.5914705086580087,6.75,24.0,0.2787804677206851,12.75,0.0,105.0
100,89,2012-12-18,1,1,2012-13,Chicago Bulls,Boston Celtics,88.875,14.25,57.75,16.875,42.5,11.25,31.25,20.75,15.375,1.4469822510650683,4.75,13.25,34.2625,28.875,64.25,44.975439456650264,16.875,20.375,82.17500000000001,0.0,7.375,0.5014640851279784,4.625,19.375,0.24005018674136322,15.375,0.0,101.375,96.0,17.25,63.75,15.0,41.25,8.125,33.125,23.375,16.25,1.5077917148640834,5.75,18.25,31.6625,31.875,63.625,50.32092044736273,15.0,19.375,76.8875,0.0,9.875,0.6421637025255447,5.125,21.25,0.24640200874111057,16.25,0.0,110.75
103,96,2012-12-18,1,1,2012-13,Golden State Warriors,New Orleans Hornets,101.125,25.5,60.75,14.875,46.5,11.75,34.75,24.0,13.625,1.8569233076005522,8.5,21.25,40.15,30.375,64.25,47.306260063705594,14.875,18.125,83.025,0.0,7.5,0.5926275414472009,3.625,19.875,0.18479218697968697,13.625,0.0,119.25,90.25,23.625,55.75,10.875,39.5,10.875,28.625,21.25,13.75,1.6270694765760556,7.875,18.375,42.45,27.875,61.75,45.2451150247196,10.875,14.625,76.3875,0.0,6.5,0.4941355793329477,5.375,20.875,0.2624646639592292,13.75,0.0,101.0
112,106,2012-12-18,1,1,2012-13,Denver Nuggets,San Antonio Spurs,105.25,17.25,67.75,20.25,42.0,11.5,30.5,23.0,15.0,1.7447170036276074,5.75,15.875,36.4625,33.875,64.0,53.16641138893638,20.25,28.75,71.08749999999999,0.0,8.375,0.640584638959252,6.625,22.125,0.3178228492353879,15.0,0.0,121.5,109.0,28.875,63.25,16.875,44.75,9.375,35.375,27.625,15.875,1.826202757510807,9.625,23.5,39.1125,31.625,60.625,52.10923797554699,16.875,20.75,81.65,0.0,8.0,0.5244662028717756,5.5,16.375,0.3604066985645933,15.875,0.0,132.25
107,100,2012-12-18,1,1,2012-13,Dallas Mavericks,Philadelphia 76ers,101.125,19.5,65.25,16.375,42.625,9.375,33.25,22.625,17.375,1.4636969647999059,6.5,18.75,33.1375,32.625,66.0,49.40241734017023,16.375,20.25,79.3625,0.0,7.875,0.5067438688762218,5.5,21.25,0.2730655709726836,17.375,0.0,112.875,90.75,12.375,66.75,11.625,41.125,12.375,28.75,20.125,12.0,1.7281711344211343,4.125,15.25,25.924999999999997,33.375,69.75,48.111935675755355,11.625,18.0,63.7875,0.0,7.375,0.6545017482517482,5.0,20.625,0.24166626974676508,12.0,0.0,98.5
98,93,2012-12-18,1,1,2012-13,Milwaukee Bucks,Indiana Pacers,93.625,18.0,56.25,19.375,44.125,15.125,29.0,21.125,13.875,1.6054835837537076,6.0,15.875,37.9,28.125,67.375,41.788968045989776,19.375,26.25,73.125,0.0,8.875,0.6440071296737317,7.25,18.0,0.4194950082382358,13.875,0.0,105.125,91.5,20.625,55.0,15.875,42.75,10.875,31.875,20.5,14.125,1.4867833646616542,6.875,19.25,35.4875,27.5,58.75,47.3613846844979,15.875,21.0,76.04999999999998,0.0,6.25,0.4705435463659148,7.25,19.625,0.3796294714057872,14.125,0.0,105.375
103,92,2012-12-18,1,1,2012-13,Miami Heat,Minnesota Timberwolves,100.5,21.375,63.75,15.375,38.0,6.875,31.125,21.875,13.5,1.7028273809523808,7.125,19.75,38.4375,31.875,58.25,55.264232206134324,15.375,20.5,75.0,0.0,9.125,0.7197916666666667,3.25,18.5,0.18015567765567764,13.5,0.0,115.125,101.625,19.875,63.5,18.25,46.5,14.0,32.5,23.375,15.875,1.5155256814264166,6.625,20.125,32.05,31.75,65.25,48.84668020727934,18.25,25.875,69.08749999999999,0.0,9.75,0.6237633995906054,4.375,16.75,0.2668713660780224,15.875,0.0,115.125
95,100,2012-12-18,1,1,2012-13,Washington Wizards,Atlanta Hawks,90.25,20.625,54.0,15.625,42.25,9.75,32.5,19.25,14.625,1.5023223712561948,6.875,20.375,33.975,27.0,60.75,44.39414584071842,15.625,21.375,73.1875,0.0,7.0,0.5523029505324397,4.125,18.625,0.22183600713012477,14.625,0.0,95.25,100.0,26.625,56.25,17.125,40.875,11.375,29.5,21.625,13.625,1.610660173160173,8.875,23.75,37.875,28.125,57.375,49.46906702931725,17.125,23.75,72.1875,0.0,9.375,0.6909496753246753,3.375,16.0,0.225413438900281,13.625,0.0,110.875
92,100,2012-12-19,1,1,2012-13,Atlanta Hawks,Oklahoma City Thunder,98.625,25.5,56.0,17.125,43.5,11.25,32.25,21.0,14.25,1.4973023300229182,8.5,24.25,35.0625,28.0,56.875,49.65265579049222,17.125,24.0,71.65,0.0,9.125,0.6394790870893812,3.875,16.25,0.2469412166780588,14.25,0.0,110.375,106.625,18.75,64.25,23.625,42.0,10.75,31.25,21.5,14.25,1.5518217893217892,6.25,15.625,40.275,32.125,61.75,52.337892172234675,23.625,28.25,83.86250000000001,0.0,8.0,0.5684433621933622,7.75,19.75,0.4095529110767113,14.25,0.0,128.0
121,104,2012-12-19,1,1,2012-13,Phoenix Suns,Charlotte Bobcats,95.25,20.625,60.25,14.375,38.75,10.625,28.125,22.5,14.0,1.770090183509301,6.875,19.875,35.45,30.125,62.625,48.362110561068974,14.375,19.0,75.9625,0.0,7.625,0.5706589366515836,5.5,19.5,0.314015816807032,14.0,0.0,105.5,96.375,18.75,59.0,18.625,40.5,11.75,28.75,20.625,13.125,1.5940725940725942,6.25,17.875,34.55,29.5,64.625,45.62205909366201,18.625,25.625,73.85,0.0,5.25,0.41386738261738265,6.0,19.25,0.31666235334713594,13.125,0.0,101.875
97,91,2012-12-19,1,1,2012-13,Toronto Raptors,Detroit Pistons,94.375,23.25,52.75,18.375,40.25,10.125,30.125,21.25,12.5,1.9007575757575759,7.75,25.25,30.0375,26.375,54.5,48.31301599223874,18.375,22.875,79.225,0.0,6.875,0.59258658008658,5.875,23.25,0.2516971343873518,12.5,0.0,106.0,94.25,18.0,56.25,20.0,40.875,11.875,29.0,17.875,13.0,1.4592728758169935,6.0,16.25,37.675,28.125,63.625,44.44650450541663,20.0,27.375,71.8625,0.0,5.5,0.4587261186525893,5.125,21.125,0.24144946900364858,13.0,0.0,97.5
90,83,2012-12-19,1,1,2012-13,Orlando Magic,Washington Wizards,93.875,16.875,64.5,12.5,43.75,9.875,33.875,23.875,15.5,1.6955999066293184,5.625,17.75,31.062500000000004,32.25,64.0,50.39195522541592,12.5,15.125,84.1125,0.0,6.75,0.47007031979458447,4.875,19.25,0.2611886249715197,15.5,0.0,111.125,91.25,21.0,54.0,16.25,43.125,10.0,33.125,21.375,14.375,1.6547733516483516,7.0,20.375,34.6625,27.0,62.875,43.014275710848295,16.25,21.5,75.7125,0.0,7.625,0.5988715779834202,4.5,19.875,0.2225800547491724,14.375,0.0,99.0
131,127,2012-12-19,1,1,2012-13,Sacramento Kings,Golden State Warriors,96.0,18.75,56.0,21.25,44.625,13.125,31.5,17.75,15.5,1.2168535616000786,6.25,19.625,31.4375,28.0,63.625,44.161528451210366,21.25,26.25,80.05000000000001,0.0,7.5,0.5561192349746916,4.75,18.0,0.26432318541451666,15.5,0.0,101.125,102.25,25.125,60.25,16.875,46.625,12.625,34.0,24.25,13.625,1.874780450457695,8.375,21.375,39.1625,30.125,63.75,47.28021839703893,16.875,20.125,84.66250000000001,0.0,7.875,0.6194132557329152,3.25,19.25,0.17020885364635363,13.625,0.0,120.75
104,84,2012-12-19,1,1,2012-13,Indiana Pacers,Utah Jazz,91.625,18.375,56.0,17.25,44.625,12.125,32.5,19.875,14.625,1.4242833646616542,6.125,17.5,34.0625,28.0,61.25,46.31971801783123,17.25,22.75,75.975,0.0,6.375,0.4674185463659148,6.75,20.0,0.35062229437229436,14.625,0.0,104.5,100.0,18.75,64.0,17.25,42.5,11.875,30.625,23.5,13.75,1.8085111681619035,6.25,17.25,33.574999999999996,32.0,63.75,50.483628641787774,17.25,22.5,75.5625,0.0,8.5,0.6561915106951871,6.25,20.875,0.30588792335115866,13.75,0.0,119.0
103,91,2012-12-19,1,1,2012-13,Boston Celtics,Cleveland Cavaliers,95.125,16.875,63.75,14.5,41.125,8.875,32.25,23.125,14.75,1.6387440958164643,5.625,17.5,33.225,31.875,65.375,49.02366321978675,14.5,19.25,74.85,0.0,8.75,0.6441478295096716,4.875,20.125,0.24177237911148095,14.75,0.0,108.125,90.375,23.625,52.25,14.5,41.875,12.625,29.25,18.375,15.625,1.2650049603174605,7.875,21.75,36.95,26.125,60.875,43.191752708240756,14.5,20.375,72.625,0.0,7.875,0.5147652116402116,4.125,24.25,0.163740194990195,15.625,0.0,92.5
90,80,2012-12-19,1,1,2012-13,Memphis Grizzlies,Milwaukee Bucks,91.875,15.375,61.0,15.5,45.5,14.625,30.875,19.25,17.0,1.1506546697626419,5.125,14.75,35.012499999999996,30.5,68.375,45.05170614329559,15.5,19.75,80.0625,0.0,8.625,0.5177776702786377,6.25,20.25,0.31501757401525204,17.0,0.0,102.75,94.5,18.75,56.0,19.75,43.5,15.5,28.0,20.375,13.875,1.5554835837537075,6.25,16.0,39.4125,28.0,68.125,41.11030642982816,19.75,27.0,72.39999999999999,0.0,9.375,0.6773404630070652,8.0,20.0,0.4135268384769626,13.875,0.0,104.75
100,86,2012-12-19,1,1,2012-13,New York Knicks,Brooklyn Nets,103.0,37.125,49.75,16.125,39.375,11.0,28.375,20.375,10.125,2.353200863678805,12.375,32.125,38.9375,24.875,53.5,46.763746709845826,16.125,23.0,69.39999999999999,0.0,8.125,0.9087739262371616,4.0,19.125,0.2173129459120171,10.125,0.0,109.5,96.375,26.25,51.75,18.375,40.625,11.75,28.875,19.875,15.0,1.4072559385059384,8.75,23.875,36.725,25.875,55.375,46.863319679796504,18.375,24.0,76.95,0.0,7.0,0.4837731712731713,4.125,19.5,0.21734024564616672,15.0,0.0,102.75
93,77,2012-12-19,1,1,2012-13,Los Angeles Clippers,New Orleans Hornets,103.625,17.25,69.5,16.875,44.0,13.5,30.5,24.625,12.25,2.0738636363636367,5.75,18.75,31.8375,34.75,65.75,52.707056317776306,16.875,24.0,70.625,0.0,10.75,0.8844065656565656,5.5,16.5,0.3403997962821493,12.25,0.0,125.125,89.5,25.125,52.75,11.625,39.0,10.125,28.875,20.5,14.125,1.5166528099093888,8.375,20.25,41.4,26.375,59.0,45.230234072338654,11.625,15.375,76.3875,0.0,6.5,0.4712189126662811,5.5,21.0,0.2672200987418379,14.125,0.0,98.625
125,103,2012-12-19,1,1,2012-13,Houston Rockets,Philadelphia 76ers,104.875,30.75,53.0,21.125,42.75,9.125,33.625,21.375,16.125,1.3732112143102855,10.25,29.375,35.112500000000004,26.5,54.75,49.69221684113526,21.125,27.75,77.28750000000001,0.0,8.75,0.5557834537323701,4.875,19.875,0.255524628879892,16.125,0.0,112.5,92.25,16.125,64.5,11.625,41.5,12.75,28.75,20.875,12.375,1.740346459096459,5.375,18.125,27.437499999999996,32.25,67.375,48.10143147407468,11.625,17.625,65.6,0.0,6.875,0.5944368131868132,4.625,20.875,0.22067629480942175,12.375,0.0,99.875
95,110,2012-12-20,1,1,2012-13,Dallas Mavericks,Miami Heat,103.0,16.875,67.25,18.875,40.875,8.5,32.375,21.5,17.125,1.4103752864782277,5.625,17.0,32.1875,33.625,65.125,51.611313193593574,18.875,22.875,82.325,0.0,8.0,0.5320935192258722,4.875,20.625,0.24902710943422204,17.125,0.0,114.25,100.25,24.375,60.25,15.625,36.375,6.75,29.625,22.25,13.375,1.7750496031746033,8.125,21.25,40.125,30.125,55.625,54.45746192162431,15.625,21.0,74.2625,0.0,9.25,0.7489583333333333,4.75,18.5,0.263489010989011,13.375,0.0,115.5
101,93,2012-12-20,1,1,2012-13,Portland Trail Blazers,Denver Nuggets,96.375,21.0,58.25,17.125,41.75,11.125,30.625,19.875,14.5,1.5564924539609895,7.0,24.25,27.4375,29.125,59.0,49.02030049618477,17.125,21.25,82.05,0.0,8.0,0.6156403236351748,5.625,18.375,0.31830731720605865,14.5,0.0,105.875,105.125,17.625,67.0,20.5,42.625,10.25,32.375,22.75,14.75,1.7525601408825093,5.875,16.375,36.0625,33.5,63.75,52.793512229272515,20.5,28.625,71.8625,0.0,8.375,0.6513689526847422,7.0,21.75,0.34760226100009384,14.75,0.0,122.25
99,93,2012-12-20,1,1,2012-13,Minnesota Timberwolves,Oklahoma City Thunder,101.25,18.375,65.25,17.625,46.125,14.25,31.875,23.75,16.375,1.5108381814264167,6.125,19.875,29.725,32.625,65.375,50.04552931213867,17.625,24.875,69.5,0.0,9.625,0.6081383995906054,3.75,17.75,0.21513143933809567,16.375,0.0,114.375,105.875,20.625,62.25,23.0,42.625,10.375,32.25,21.375,13.625,1.5830717893217892,6.875,17.625,39.225,31.125,60.875,51.42944327649765,23.0,26.625,86.65,0.0,7.625,0.5654671717171718,7.5,19.375,0.41119764791881663,13.625,0.0,127.25
99,80,2012-12-21,1,1,2012-13,Philadelphia 76ers,Atlanta Hawks,94.125,16.5,65.5,12.125,41.375,12.875,28.5,20.5,12.125,1.7482135919635922,5.5,17.75,28.725,32.75,68.5,48.05182829947151,12.125,17.75,67.3875,0.0,6.5,0.5760801698301699,4.75,21.625,0.22186677099989793,12.125,0.0,101.5,96.625,25.875,54.25,16.5,43.125,10.625,32.5,20.625,13.875,1.5216529793735676,8.625,24.5,35.2,27.125,56.5,48.65216655370161,16.5,23.75,69.2125,0.0,8.875,0.6484076585179526,4.0,16.25,0.25352016404647987,13.875,0.0,106.875
115,100,2012-12-21,1,1,2012-13,Golden State Warriors,Charlotte Bobcats,105.125,26.625,62.25,16.25,47.5,13.25,34.25,23.875,13.875,1.793530450457695,8.875,21.625,40.725,31.125,65.625,47.402767416646775,16.25,19.0,85.73750000000001,0.0,7.25,0.5485799223995819,3.125,19.875,0.15821390415140413,13.875,0.0,123.0,97.125,18.375,59.5,19.25,39.5,12.125,27.375,19.75,13.5,1.501635619282678,6.125,17.125,36.575,29.75,65.75,45.244015103088564,19.25,26.5,73.2375,0.0,5.75,0.44012788681906334,6.0,18.875,0.3264026130873957,13.5,0.0,100.375
100,68,2012-12-21,1,1,2012-13,Detroit Pistons,Washington Wizards,93.5,16.875,57.0,19.625,40.875,12.75,28.125,17.0,12.375,1.4537581699346405,5.625,15.125,37.224999999999994,28.5,65.375,43.752060060972184,19.625,27.25,70.9,0.0,5.5,0.47098102061337355,4.75,20.25,0.23056890220202914,12.375,0.0,95.25,88.5,21.75,52.5,14.25,42.375,9.625,32.75,20.0,14.75,1.4985233516483518,7.25,20.125,36.675,26.25,62.875,41.76427571084829,14.25,18.875,75.6,0.0,7.375,0.5676215779834201,4.75,20.75,0.22555624522536288,14.75,0.0,94.125
92,82,2012-12-21,1,1,2012-13,Memphis Grizzlies,Dallas Mavericks,91.25,15.0,61.25,15.0,46.0,14.5,31.5,19.375,16.5,1.1975296697626419,5.0,13.875,36.3625,30.625,67.875,45.44605138139083,15.0,19.375,79.125,0.0,8.75,0.5412151702786377,6.5,19.375,0.3383018877407422,16.5,0.0,104.875,103.625,16.125,68.5,19.0,40.25,8.75,31.5,21.875,15.5,1.6161833672863084,5.375,17.375,30.6,34.25,66.25,51.777633359913736,19.0,23.125,81.85,0.0,8.25,0.6255278626602156,4.875,20.5,0.2514780898263789,15.5,0.0,115.25
106,110,2012-12-21,1,1,2012-13,New York Knicks,Chicago Bulls,103.0,36.375,50.0,16.625,39.75,11.125,28.625,19.875,10.125,2.290700863678805,12.125,30.625,39.7125,25.0,53.875,46.64119769023798,16.625,23.5,70.3125,0.0,7.875,0.8775239262371616,3.625,18.25,0.21857557217464338,10.125,0.0,109.75,91.875,14.625,59.75,17.5,42.125,11.125,31.0,22.0,14.625,1.5977919676642585,4.875,12.875,37.05,29.875,64.75,46.21125282361117,17.5,20.875,83.11250000000001,0.0,7.5,0.5201887814842536,5.0,18.625,0.2817168534080299,14.625,0.0,107.625
89,99,2012-12-21,1,1,2012-13,Cleveland Cavaliers,Indiana Pacers,91.125,23.625,53.5,14.0,41.125,12.5,28.625,18.5,15.5,1.2997271825396826,7.875,22.0,36.5125,26.75,61.0,44.01732206641881,14.0,19.875,71.9625,0.0,7.75,0.511987433862434,4.125,24.75,0.16121494246494245,15.5,0.0,92.875,94.625,21.0,57.25,16.375,43.5,10.875,32.625,20.375,15.0,1.4222000313283207,7.0,18.25,38.6,28.625,60.5,47.74828944640265,16.375,21.625,75.7375,0.0,6.0,0.42158521303258145,7.25,20.625,0.365274309024309,15.0,0.0,108.375
97,85,2012-12-21,1,1,2012-13,Los Angeles Clippers,Sacramento Kings,102.125,17.25,68.25,16.625,44.125,13.0,31.125,25.75,12.5,2.128030303030303,5.75,18.625,31.9625,34.125,64.0,53.360651089018134,16.625,23.375,71.6375,0.0,10.625,0.8552398989898989,6.0,17.375,0.3552807486631016,12.5,0.0,126.625,99.0,20.625,56.0,22.375,43.75,13.25,30.5,18.625,14.75,1.3887285616000786,6.875,20.125,33.675,28.0,63.625,44.161528451210366,22.375,27.25,80.98750000000001,0.0,7.75,0.6045567349746916,4.75,18.0,0.26432318541451666,14.75,0.0,105.375
93,90,2012-12-21,1,1,2012-13,Toronto Raptors,Orlando Magic,94.0,24.75,51.75,17.5,39.375,10.0,29.375,21.375,11.875,2.158333333333333,8.25,26.0,31.0875,25.875,52.0,49.826489598735606,17.5,22.125,78.175,0.0,6.75,0.6285714285714286,5.5,23.375,0.23403409090909089,11.875,0.0,106.625,92.375,16.875,63.0,12.5,44.375,9.75,34.625,22.5,16.125,1.4155518297062415,5.625,17.375,31.712500000000002,31.5,63.0,49.92272262859958,12.5,15.25,83.475,0.0,7.125,0.45083955056381525,4.75,18.375,0.2661228354978355,16.125,0.0,109.0
94,99,2012-12-21,1,1,2012-13,Boston Celtics,Milwaukee Bucks,97.0,18.0,63.75,15.25,40.125,7.75,32.375,22.75,14.5,1.640976238673607,6.0,17.25,35.8875,31.875,63.125,51.245885442008976,15.25,20.5,73.8125,0.0,8.875,0.6620049723668144,4.625,20.75,0.2190201861290248,14.5,0.0,111.125,94.375,17.625,57.0,19.75,44.0,14.5,29.5,19.25,14.0,1.4801159366948842,5.875,16.125,37.275,28.5,69.125,41.31273557962572,19.75,26.5,74.11250000000001,0.0,10.0,0.711807374771771,7.5,20.375,0.37610907531906784,14.0,0.0,103.5
99,94,2012-12-21,1,1,2012-13,San Antonio Spurs,New Orleans Hornets,108.5,31.875,60.75,15.875,43.75,8.75,35.0,27.75,15.625,1.8610066790794346,10.625,25.375,40.400000000000006,30.375,60.0,50.55335873825885,15.875,19.5,82.05,0.0,8.75,0.5803485558129521,6.125,17.0,0.3804066985645933,15.625,0.0,131.25,88.25,23.25,52.5,12.5,38.5,10.375,28.125,19.625,15.25,1.3767718575284364,7.75,20.25,38.112500000000004,26.25,57.75,45.953989483594064,12.5,15.875,79.1,0.0,6.625,0.4682427221900906,5.25,20.75,0.2581923209640601,15.25,0.0,95.625
105,89,2012-12-22,1,1,2012-13,Miami Heat,Utah Jazz,101.25,25.5,60.0,15.75,37.875,6.75,31.125,22.875,14.625,1.6812996031746033,8.5,22.25,40.2125,30.0,54.625,55.34539295610707,15.75,20.875,75.5125,0.0,8.75,0.6489583333333333,4.875,17.125,0.2842032967032967,14.625,0.0,117.5,97.5,16.125,63.25,18.125,43.375,12.75,30.625,22.75,13.875,1.7566320831945832,5.375,16.625,29.612499999999997,31.625,65.875,48.12642989374395,18.125,23.75,75.4,0.0,8.25,0.6398516414141414,6.375,20.5,0.314458157464871,13.875,0.0,113.25
87,96,2012-12-22,1,1,2012-13,Washington Wizards,Detroit Pistons,85.125,19.875,51.75,13.5,44.125,10.25,33.875,19.125,14.875,1.4135874542124542,6.625,19.625,33.2875,25.875,64.125,40.462362251400585,13.5,18.0,75.21249999999999,0.0,7.125,0.5435831164449586,4.75,21.125,0.22114448051948052,14.875,0.0,89.625,93.0,17.625,57.0,18.375,44.625,14.125,30.5,18.25,12.875,1.4850081699346405,5.875,16.375,35.3,28.5,66.625,42.80509036400248,18.375,26.0,69.5625,0.0,5.25,0.41889768728004023,6.25,20.125,0.31426773261138585,12.875,0.0,98.25
121,96,2012-12-22,1,1,2012-13,Houston Rockets,Memphis Grizzlies,107.125,32.25,53.0,21.875,41.625,7.375,34.25,22.25,16.125,1.4607112143102856,10.75,28.5,37.625,26.5,52.375,51.981551418249694,21.875,28.375,78.025,0.0,8.375,0.5182834537323702,4.75,18.875,0.25641748602274916,16.125,0.0,117.875,89.25,14.625,60.5,14.125,45.625,14.75,30.875,20.625,16.125,1.2916908539731682,4.875,13.125,36.6125,30.25,69.125,44.05550114215638,14.125,18.0,80.07499999999999,0.0,9.25,0.5860342492260062,5.75,18.625,0.31060302410437857,16.125,0.0,103.375
110,88,2012-12-22,1,1,2012-13,Denver Nuggets,Charlotte Bobcats,103.75,15.0,68.75,20.0,45.0,11.0,34.0,22.25,13.375,1.8803379186602873,5.0,17.0,30.912499999999998,34.375,65.5,52.793512229272515,20.0,28.5,70.2125,0.0,7.75,0.6583133971291866,7.25,21.125,0.3651022610000938,13.375,0.0,121.0,98.0,20.25,57.5,20.25,39.375,12.625,26.75,19.875,13.0,1.636375879022938,6.75,18.125,38.449999999999996,28.75,65.875,43.70682413974671,20.25,26.875,75.48750000000001,0.0,5.25,0.4271408738320503,5.75,18.125,0.3232056821411041,13.0,0.0,100.125
82,94,2012-12-22,1,1,2012-13,Milwaukee Bucks,Cleveland Cavaliers,94.375,17.625,57.25,19.5,46.625,15.375,31.25,19.0,15.5,1.3269538813589157,5.875,16.625,35.975,28.625,68.5,41.887984335844635,19.5,27.375,71.39999999999999,0.0,9.625,0.6302856356413362,7.375,19.625,0.37729955150954403,15.5,0.0,103.0,93.125,22.875,54.5,15.75,40.5,11.875,28.625,19.0,15.125,1.3456830648926237,7.625,21.0,36.775,27.25,61.125,44.72726750292674,15.75,22.0,73.2375,0.0,6.375,0.44764919856831625,4.625,24.5,0.18488918488918488,15.125,0.0,95.0
96,93,2012-12-22,1,1,2012-13,Portland Trail Blazers,Phoenix Suns,99.25,25.125,57.75,16.375,43.375,11.375,32.0,21.5,13.0,1.7753659717475507,8.375,26.875,29.8,28.875,59.25,48.40026081364509,16.375,19.875,83.025,0.0,7.125,0.6072411141490088,6.0,18.625,0.33365819439904104,13.0,0.0,111.875,98.0,24.0,60.0,14.0,37.25,10.5,26.75,23.75,13.25,1.967951146076146,8.0,20.5,38.6875,30.0,62.625,48.14281231545493,14.0,18.0,78.77499999999999,0.0,7.875,0.6134396853146853,6.25,19.375,0.34810672589794106,13.25,0.0,110.75
75,81,2012-12-22,1,1,2012-13,New Orleans Hornets,Indiana Pacers,88.875,21.0,54.75,13.125,40.375,11.125,29.25,18.75,15.125,1.3214833959899748,7.0,20.25,33.425,27.375,59.125,46.628928950906406,13.125,16.375,80.6625,0.0,6.25,0.44420426065162905,4.625,21.0,0.21652565429739343,15.125,0.0,95.5,94.625,19.5,59.0,16.125,43.25,10.625,32.625,20.875,15.375,1.4222000313283207,6.5,17.0,38.1875,29.5,61.75,48.13891444640265,16.125,22.375,71.89999999999999,0.0,6.375,0.4340852130325814,7.0,21.75,0.3221195471195471,15.375,0.0,107.75
115,118,2012-12-22,1,1,2012-13,Golden State Warriors,Los Angeles Lakers,105.875,28.5,60.5,16.875,47.625,12.875,34.75,24.75,13.875,1.8730759050031496,9.5,22.625,41.2875,30.25,64.0,47.35420015098383,16.875,19.75,85.9,0.0,6.625,0.49176174058140004,4.125,20.25,0.1991365231990232,13.875,0.0,125.375,104.5,33.75,50.0,20.75,45.25,13.5,31.75,19.375,14.0,1.5007483744325851,11.25,30.25,37.3375,25.0,52.0,48.31462237176441,20.75,27.375,76.7125,0.0,8.375,0.6327389028240421,5.875,18.75,0.3346955580651233,14.0,0.0,116.75
92,75,2012-12-22,1,1,2012-13,Atlanta Hawks,Chicago Bulls,93.625,25.5,52.0,16.125,41.875,10.375,31.5,20.25,14.25,1.4633546600458365,8.5,24.375,34.8875,26.0,55.875,47.17696253612471,16.125,22.875,70.6875,0.0,8.875,0.6373782467532467,4.25,15.75,0.27194121667805876,14.25,0.0,102.125,93.75,16.125,59.5,18.125,42.875,11.375,31.5,22.0,14.75,1.5876816735466115,5.375,13.25,39.2625,29.75,65.75,45.20922853211319,18.125,21.625,83.0625,0.0,7.75,0.5325968697195478,4.75,18.75,0.2704668534080299,14.75,0.0,109.0
94,91,2012-12-23,1,1,2012-13,New York Knicks,Minnesota Timberwolves,102.25,32.625,51.75,17.875,39.0,11.0,28.0,19.125,10.5,2.1085580065359477,10.875,28.375,38.45,25.875,56.125,46.29340718287301,17.875,24.25,73.4125,0.0,8.125,0.8543096405228758,3.5,19.0,0.20725978270095916,10.5,0.0,107.375,100.5,16.875,65.25,18.375,45.875,14.875,31.0,23.625,16.25,1.5170881814264168,5.625,19.25,28.85,32.625,66.875,48.78351008136944,18.375,25.625,70.85000000000001,0.0,9.625,0.6112633995906055,4.25,17.875,0.24071623465973307,16.25,0.0,112.5
95,92,2012-12-23,1,1,2012-13,Brooklyn Nets,Philadelphia 76ers,93.25,24.75,51.75,16.75,40.375,11.0,29.375,19.5,15.25,1.347732128982129,8.25,22.75,36.575,25.875,54.875,47.27708995453997,16.75,22.25,74.9625,0.0,6.5,0.4376422188922189,4.25,18.375,0.22796524564616671,15.25,0.0,99.625,94.625,18.75,65.75,10.125,40.25,12.625,27.625,22.0,12.5,1.8072413697413698,6.25,18.75,31.7125,32.875,65.875,49.796655300828355,10.125,15.375,63.612500000000004,0.0,6.125,0.5031635031635031,4.75,19.75,0.24809054722367416,12.5,0.0,104.5
108,96,2012-12-23,1,1,2012-13,Sacramento Kings,Portland Trail Blazers,98.25,22.125,55.25,20.875,41.375,13.0,28.375,18.375,14.625,1.3821926138876603,7.375,20.25,35.85,27.625,63.5,43.60950183294056,20.875,25.75,79.325,0.0,7.25,0.5796384343210967,5.125,18.75,0.26984950120399037,14.625,0.0,102.125,96.5,24.375,55.0,17.125,43.875,11.25,32.625,21.0,14.0,1.6714698678514468,8.125,26.25,29.675,27.5,56.75,48.33001532414494,17.125,20.75,83.16250000000001,0.0,6.875,0.5731502050580998,5.375,17.5,0.3217534324942792,14.0,0.0,108.625
129,91,2012-12-23,1,1,2012-13,San Antonio Spurs,Dallas Mavericks,106.625,31.125,59.0,16.5,42.0,8.25,33.75,27.25,14.875,1.9339233457461011,10.375,25.125,39.425000000000004,29.5,58.875,50.26064129101233,16.5,20.75,79.75,0.0,8.375,0.5838207780351743,5.875,17.25,0.3449900318979266,14.875,0.0,126.875,101.75,16.875,66.5,18.375,40.0,8.75,31.25,22.5,16.375,1.6100559163059163,5.625,18.5,30.0125,33.25,64.875,51.209451541731916,18.375,22.25,82.25,0.0,8.125,0.6031626665817842,5.125,20.0,0.26921264360212266,16.375,0.0,112.75
77,103,2012-12-23,1,1,2012-13,Phoenix Suns,Los Angeles Clippers,97.375,23.625,60.75,13.0,37.25,10.75,26.5,24.25,12.375,2.110627913752914,7.875,21.125,36.612500000000004,30.375,62.875,48.51045937427847,13.0,16.625,78.775,0.0,7.875,0.6664699883449884,5.75,18.375,0.33101270880392397,12.375,0.0,110.75,100.25,17.625,66.0,16.625,44.625,13.5,31.125,25.0,12.75,2.06969696969697,5.875,19.0,32.0125,33.0,63.25,52.255740374732426,16.625,23.75,70.45,0.0,10.0,0.8114898989898989,6.875,17.375,0.4067513368983957,12.75,0.0,123.5
93,97,2012-12-23,1,1,2012-13,Orlando Magic,Utah Jazz,93.5,18.0,62.5,13.0,44.25,9.125,35.125,23.375,15.875,1.4745796074840194,6.0,17.25,34.45,31.25,62.25,50.18913967929082,13.0,15.5,85.17500000000001,0.0,6.875,0.44111732834159306,4.125,17.75,0.23903950216450215,15.875,0.0,111.5,97.75,18.375,61.25,18.125,43.375,13.125,30.25,22.875,14.75,1.7056705447330447,6.125,17.375,33.8375,30.625,64.625,47.38670745331453,18.125,23.625,75.78750000000001,0.0,7.875,0.5773516414141414,6.125,20.75,0.2970970463537599,14.75,0.0,112.5
103,97,2012-12-25,1,1,2012-13,Miami Heat,Oklahoma City Thunder,101.75,26.625,58.5,16.625,37.375,6.0,31.375,22.375,15.125,1.5797371031746033,8.875,21.75,42.3625,29.25,53.125,55.470852976180666,16.625,21.625,77.13749999999999,0.0,9.5,0.6802083333333333,5.25,17.0,0.30459803354540194,15.125,0.0,119.375,105.0,19.875,61.0,24.125,42.375,10.375,32.0,20.875,13.875,1.5283842893217892,6.625,18.125,36.875,30.5,60.75,50.526985519201176,24.125,27.75,87.6625,0.0,7.625,0.5543064574314575,6.75,20.25,0.35421235380116955,13.875,0.0,123.375
97,120,2012-12-25,1,1,2012-13,Chicago Bulls,Houston Rockets,89.625,16.125,56.75,16.75,41.625,10.5,31.125,21.625,15.625,1.424487229102167,5.375,13.25,39.2625,28.375,65.0,43.667482801562905,16.75,20.0,82.3125,0.0,8.25,0.5273885363862144,4.625,18.0,0.2722525676937441,15.625,0.0,102.375,110.75,32.625,54.5,23.625,41.75,7.25,34.5,23.375,15.75,1.5593954248366013,10.875,27.875,38.824999999999996,27.25,51.375,54.14702334178613,23.625,30.625,77.18750000000001,0.0,8.375,0.5318525326797385,5.125,18.75,0.2866372662425294,15.75,0.0,125.5
100,94,2012-12-25,1,1,2012-13,Los Angeles Lakers,New York Knicks,106.375,32.25,54.0,20.125,45.625,14.25,31.375,20.5,15.375,1.3736650410992515,10.75,30.125,35.7,27.0,55.5,48.79539160253364,20.125,26.375,77.44999999999999,0.0,8.125,0.5362111250462643,5.25,19.25,0.2909455580651233,15.375,0.0,116.375,103.375,31.875,53.5,18.0,38.375,9.75,28.625,19.5,10.375,2.1436770541549954,10.625,28.75,36.9875,26.75,54.25,49.46518195122653,18.0,24.25,73.8625,0.0,8.25,0.8691905929038282,3.0,19.375,0.17564213564213565,10.375,0.0,110.25
76,93,2012-12-25,1,1,2012-13,Brooklyn Nets,Boston Celtics,92.375,23.625,51.5,17.25,40.25,10.5,29.75,18.875,14.75,1.3765782828282829,7.875,21.375,36.9625,25.75,54.625,47.268186820636835,17.25,23.125,74.475,0.0,6.75,0.4867875180375181,4.125,18.125,0.22359461627553734,14.75,0.0,99.375,95.75,18.375,62.25,15.125,40.0,8.5,31.5,22.625,14.375,1.6451429053402737,6.125,18.125,35.550000000000004,31.125,64.25,49.1996325146085,15.125,19.75,75.7875,0.0,10.125,0.7484633057001477,4.5,20.5,0.2161792770381157,14.375,0.0,108.875
112,100,2012-12-25,1,1,2012-13,Los Angeles Clippers,Denver Nuggets,98.5,19.125,62.5,16.875,45.0,12.0,33.0,24.5,13.375,1.9319128787878788,6.375,18.75,34.7625,31.25,60.75,51.68431180330385,16.875,24.375,70.0625,0.0,10.0,0.7688762626262626,7.125,17.75,0.4137414684773431,13.375,0.0,122.375,106.0,16.125,70.25,19.625,46.125,11.25,34.875,23.75,13.875,1.8803379186602873,5.375,17.375,32.4625,35.125,65.875,53.57098807468314,19.625,27.875,70.425,0.0,7.5,0.5853967304625199,8.25,21.625,0.4071190677227829,13.875,0.0,126.75
94,97,2012-12-26,1,1,2012-13,Orlando Magic,New Orleans Hornets,94.875,19.875,63.25,11.75,44.875,9.875,35.0,24.375,16.375,1.4980171074840194,6.625,17.875,36.7375,31.625,61.125,51.66235396500511,11.75,14.75,81.125,0.0,6.625,0.4192423283415931,4.125,17.5,0.24045995670995668,16.375,0.0,114.75,87.0,19.5,55.25,12.25,41.375,11.875,29.5,19.0,14.25,1.403720238095238,6.5,19.375,32.425000000000004,27.625,60.5,46.10956275372332,12.25,15.625,78.05,0.0,6.875,0.5154761904761904,5.5,21.125,0.2523046398046398,14.25,0.0,96.375
126,119,2012-12-26,1,1,2012-13,Atlanta Hawks,Detroit Pistons,93.5,25.5,53.0,15.0,42.0,10.125,31.875,20.75,14.375,1.4835752482811306,8.5,24.625,34.3375,26.5,55.625,48.23299701888333,15.0,21.0,72.9375,0.0,8.5,0.6107238349885409,4.375,14.875,0.30405927223361434,14.375,0.0,103.5,92.0,17.25,57.5,17.25,47.5,15.25,32.25,18.875,13.875,1.4106617647058823,5.75,16.875,33.0625,28.75,67.75,42.460887465451755,17.25,24.375,70.0875,0.0,5.5,0.40092383107088986,6.0,20.5,0.300858641702295,13.875,0.0,98.75
100,80,2012-12-26,1,1,2012-13,San Antonio Spurs,Toronto Raptors,106.25,31.5,58.0,16.75,41.5,8.125,33.375,26.625,15.625,1.744752222751449,10.5,24.625,40.775,29.0,58.625,49.59099843386947,16.75,21.25,78.775,0.0,9.625,0.6292753234897197,5.875,17.25,0.34499003189792665,15.625,0.0,126.0,93.25,25.125,51.5,16.625,38.25,9.375,28.875,22.25,11.125,2.3277777777777775,8.375,25.375,32.7,25.75,52.5,49.263363903518695,16.625,20.875,79.0,0.0,7.75,0.7674603174603174,5.125,22.375,0.2277840909090909,11.125,0.0,107.5
84,87,2012-12-26,1,1,2012-13,Minnesota Timberwolves,Houston Rockets,100.125,17.25,64.25,18.625,46.625,14.875,31.75,23.75,16.75,1.4814546972635207,5.75,19.625,28.875,32.125,66.5,48.26552000692775,18.625,24.125,76.125,0.0,8.875,0.5422588747037277,4.125,18.25,0.2323430289181063,16.75,0.0,113.0,112.125,31.125,58.25,22.75,42.75,8.0,34.75,23.0,14.5,1.6968954248366013,10.375,26.0,39.537499999999994,29.125,54.5,54.03804339409651,22.75,28.875,78.7125,0.0,8.375,0.5818525326797386,5.25,18.125,0.29716840177366494,14.5,0.0,129.875
83,94,2012-12-26,1,1,2012-13,Utah Jazz,Golden State Warriors,93.5,16.125,60.5,16.875,41.5,12.875,28.625,21.625,14.875,1.5721478174603174,5.375,16.75,31.6375,30.25,64.25,47.08127758906113,16.875,22.375,74.7875,0.0,7.375,0.5262152777777778,5.5,19.625,0.2806943314216332,14.875,0.0,103.75,107.625,28.875,63.0,15.75,46.375,13.125,33.25,25.25,13.875,1.8993916944768339,9.625,23.5,40.4875,31.5,65.875,47.926806655793726,15.75,18.25,86.55000000000001,0.0,7.75,0.5509722668971895,4.125,21.0,0.1884831141081141,13.875,0.0,126.5
84,87,2012-12-26,1,1,2012-13,Washington Wizards,Cleveland Cavaliers,83.875,18.0,51.0,14.875,44.875,10.625,34.25,18.75,15.25,1.2814851814851815,6.0,19.125,31.1625,25.5,63.375,40.39755810393515,14.875,19.125,77.3625,0.0,6.625,0.4512535709904131,4.625,20.875,0.21697781385281387,15.25,0.0,88.25,92.75,22.5,54.5,15.75,40.75,10.75,30.0,18.625,14.875,1.3427068744164332,7.5,19.75,37.675000000000004,27.25,62.0,44.09181415785632,15.75,21.875,73.8375,0.0,6.875,0.49378015094926864,4.0,24.375,0.16227522477522477,14.875,0.0,95.0
92,105,2012-12-26,1,1,2012-13,Charlotte Bobcats,Miami Heat,96.25,19.125,57.25,19.875,41.125,13.25,27.875,20.25,13.125,1.6507989559460148,6.375,18.75,35.324999999999996,28.625,66.25,43.249151565119845,19.875,26.75,74.525,0.0,5.5,0.4415639507551273,6.625,18.125,0.3778931821411041,13.125,0.0,99.75,103.125,27.375,59.5,16.25,36.25,6.25,30.0,22.75,15.125,1.6065228174603174,9.125,23.25,41.25,29.75,52.125,57.26572477105246,16.25,20.5,79.8125,0.0,9.375,0.6712797619047618,5.375,17.625,0.3048269712743397,15.125,0.0,121.0
89,99,2012-12-26,1,1,2012-13,Memphis Grizzlies,Philadelphia 76ers,89.25,12.375,63.5,13.375,44.5,14.375,30.125,20.625,16.375,1.2738889963880289,4.125,12.625,32.65,31.75,70.5,45.2676223542776,13.375,17.0,79.91250000000001,0.0,9.0,0.5659104102167183,5.625,18.875,0.29938011388766034,16.375,0.0,101.75,96.25,20.25,66.5,9.5,41.875,12.875,29.0,22.375,12.625,1.8211302586302587,6.75,18.875,34.324999999999996,33.25,66.875,49.71024977087444,9.5,14.625,63.45,0.0,6.125,0.4962190587190587,4.625,20.125,0.23971734148204737,12.625,0.0,107.75
126,114,2012-12-26,1,1,2012-13,Denver Nuggets,Los Angeles Lakers,105.25,15.375,70.75,19.125,46.375,11.75,34.625,24.75,14.125,1.9202684742158427,5.125,16.875,31.674999999999997,35.375,67.375,52.51942769476456,19.125,27.25,70.225,0.0,8.0,0.6097022860180755,8.0,20.875,0.4042781586318738,14.125,0.0,126.375,105.375,30.0,55.75,19.625,45.25,13.375,31.875,21.125,14.75,1.4778317077659182,10.0,29.25,33.7625,27.875,55.5,50.35789160253364,19.625,26.375,75.8375,0.0,7.25,0.49699543877175456,5.125,18.5,0.2931834097275274,14.75,0.0,115.75
109,91,2012-12-26,1,1,2012-13,Portland Trail Blazers,Sacramento Kings,93.75,22.5,54.75,16.5,43.0,11.5,31.5,20.5,14.125,1.629190456086741,7.5,24.875,29.0375,27.375,57.25,47.67931069371641,16.5,19.625,84.575,0.0,7.25,0.5915325579992763,5.125,17.125,0.3147681383766321,14.125,0.0,105.125,99.375,22.125,57.5,19.75,40.5,12.625,27.875,19.5,15.25,1.3655259472209935,7.375,20.25,35.849999999999994,28.75,62.875,45.83025291623377,19.75,24.375,79.32499999999999,0.0,6.75,0.4879717676544302,4.875,19.0,0.25248839009287927,15.25,0.0,104.125
97,99,2012-12-26,1,1,2012-13,Phoenix Suns,New York Knicks,95.25,21.75,60.75,12.75,37.125,10.625,26.5,24.125,12.75,2.0685606060606063,7.25,20.625,34.05,30.375,62.75,48.59106453300862,12.75,16.5,78.11250000000001,0.0,7.75,0.6388257575757575,5.5,18.5,0.31791747070868587,12.75,0.0,107.5,101.125,30.75,54.5,15.875,38.5,9.5,29.0,19.5,10.625,2.093172003649945,10.25,28.25,36.3125,27.25,55.125,49.63879306233764,15.875,21.625,72.1125,0.0,8.25,0.8464633201765555,3.125,19.75,0.17927849927849926,10.625,0.0,108.25
108,93,2012-12-26,1,1,2012-13,Milwaukee Bucks,Brooklyn Nets,91.125,16.875,56.0,18.25,44.375,13.625,30.75,18.625,16.0,1.22873959564463,5.625,17.375,33.1125,28.0,65.875,42.608323318895486,18.25,26.25,69.9375,0.0,9.625,0.6124284927841934,6.5,19.375,0.3326917083722891,16.0,0.0,96.625,90.875,23.625,50.0,17.25,39.25,10.375,28.875,17.875,14.5,1.339078282828283,7.875,20.75,37.8375,25.0,53.375,46.87887705632707,17.25,23.875,72.5625,0.0,6.375,0.4731511544011544,4.125,18.375,0.22075370718462822,14.5,0.0,96.125
106,77,2012-12-27,1,1,2012-13,Los Angeles Clippers,Boston Celtics,99.75,21.0,63.5,15.25,45.0,12.125,32.875,25.5,14.125,1.8819128787878787,7.0,19.5,36.3125,31.75,61.75,51.68431180330385,15.25,22.5,68.47500000000001,0.0,10.125,0.7160984848484848,7.125,18.25,0.40533810713280527,14.125,0.0,123.625,95.625,18.375,63.0,14.25,38.5,8.75,29.75,22.75,13.5,1.7476648351648352,6.125,16.625,39.6375,31.5,65.25,49.02571397172968,14.25,18.25,77.3625,0.0,10.625,0.8131562881562882,4.125,20.75,0.19813579877724616,13.5,0.0,109.875
111,105,2012-12-27,1,1,2012-13,Oklahoma City Thunder,Dallas Mavericks,102.5,19.125,59.0,24.375,43.125,11.5,31.625,19.875,14.25,1.434896894363806,6.375,18.375,34.5375,29.5,61.125,48.27611139332706,24.375,28.25,87.1625,0.0,8.0,0.5684871297003651,6.0,21.0,0.3131597222222222,14.25,0.0,117.75,98.625,15.0,65.5,18.125,39.875,8.5,31.375,22.25,17.375,1.4975559163059162,5.0,17.25,29.2625,32.75,64.0,51.094401790488135,18.125,22.75,80.0125,0.0,8.5,0.5927459999151177,5.0,19.25,0.2657404213799004,17.375,0.0,108.75
97,104,2012-12-28,1,1,2012-13,New Orleans Hornets,Toronto Raptors,90.375,18.75,58.75,12.875,39.125,11.375,27.75,19.625,13.375,1.5582341269841269,6.25,18.875,31.387500000000003,29.375,60.5,48.84393775372331,12.875,15.375,81.975,0.0,6.5,0.522420634920635,5.25,19.75,0.26359665661136245,13.375,0.0,101.25,92.875,24.0,53.0,15.875,37.75,9.25,28.5,22.5,11.25,2.3313492063492065,8.0,24.375,32.75,26.5,53.625,49.77806978587164,15.875,20.25,76.72500000000001,0.0,8.625,0.8240079365079365,4.75,22.0,0.2125328947368421,11.25,0.0,107.375
97,81,2012-12-28,1,1,2012-13,Brooklyn Nets,Charlotte Bobcats,90.375,23.625,49.5,17.25,40.0,11.375,28.625,17.375,15.0,1.2531407828282828,7.875,21.125,37.4375,24.75,55.5,44.4758919817002,17.25,23.375,74.125,0.0,6.875,0.4913803210678211,4.625,18.0,0.2515076754385965,15.0,0.0,94.125,95.75,17.625,59.0,19.125,41.5,13.0,28.5,19.875,13.0,1.637318563789152,5.875,17.25,35.4625,29.5,67.125,44.08865266161107,19.125,26.25,73.25,0.0,5.5,0.44401493114728413,6.125,18.375,0.3494840912320132,13.0,0.0,99.625
114,116,2012-12-28,1,1,2012-13,Utah Jazz,Los Angeles Clippers,89.25,15.375,57.75,16.125,42.0,12.0,30.0,20.5,15.625,1.352703373015873,5.125,16.625,30.4125,28.875,64.375,44.884307892091435,16.125,21.75,73.58749999999999,0.0,6.875,0.44288194444444445,4.875,19.0,0.25562748650184713,15.625,0.0,95.25,101.25,24.0,62.5,14.75,45.25,12.0,33.25,27.0,13.25,2.2079545454545455,8.0,21.875,36.7625,31.25,60.0,52.29696002464772,14.75,22.625,66.025,0.0,10.25,0.8119318181818183,7.375,18.625,0.41228255157724975,13.25,0.0,127.375
122,116,2012-12-28,1,1,2012-13,San Antonio Spurs,Houston Rockets,102.0,29.25,56.0,16.75,40.875,8.625,32.25,25.875,15.375,1.724628383742161,9.75,23.25,40.2,28.0,57.375,48.98615972419205,16.75,21.625,77.5875,0.0,10.25,0.6706839922203699,5.5,16.5,0.3385979864433811,15.375,0.0,121.375,107.25,28.5,58.0,20.75,43.625,7.5,36.125,22.375,14.75,1.6366013071895424,9.5,26.125,36.5,29.0,52.375,55.3738642896189,20.75,26.25,78.9875,0.0,7.75,0.5333231209150326,4.5,17.875,0.2627072488914594,14.75,0.0,125.25
85,106,2012-12-28,1,1,2012-13,Dallas Mavericks,Denver Nuggets,96.875,16.5,62.5,17.875,40.875,8.875,32.0,21.75,17.75,1.3840943778443777,5.5,17.75,30.6125,31.25,64.5,48.55078186196175,17.875,22.125,81.425,0.0,8.375,0.5542844614535791,4.75,19.875,0.23613515822200565,17.75,0.0,105.125,108.375,17.625,71.25,19.5,47.75,13.375,34.375,25.875,14.375,1.9669856459330144,5.875,17.5,34.074999999999996,35.625,68.5,52.09780071063757,19.5,27.0,71.875,0.0,8.0,0.5844497607655502,7.375,21.375,0.36337426847169074,14.375,0.0,131.0
94,102,2012-12-28,1,1,2012-13,Cleveland Cavaliers,Atlanta Hawks,91.125,22.125,53.25,15.75,40.125,11.25,28.875,18.125,14.375,1.378421160130719,7.375,19.75,37.212500000000006,26.625,61.75,43.16278704461868,15.75,21.5,74.775,0.0,7.0,0.5348515795206972,3.875,23.125,0.16648195554445555,14.375,0.0,92.625,97.75,26.25,56.0,15.5,43.875,10.125,33.75,23.125,13.875,1.7782181054239876,8.75,25.25,34.4875,28.0,57.875,48.84674497305682,15.5,22.375,70.33749999999999,0.0,8.875,0.6767952635599694,5.0,15.125,0.337913438900281,13.875,0.0,111.5
97,91,2012-12-28,1,1,2012-13,Indiana Pacers,Phoenix Suns,93.625,17.25,60.25,16.125,43.5,11.125,32.375,20.0,14.75,1.423139880952381,5.75,16.25,35.6875,30.125,62.625,48.52020375457876,16.125,22.375,71.89999999999999,0.0,6.375,0.4458333333333333,7.125,21.625,0.330506993006993,14.75,0.0,106.625,95.0,21.375,61.5,12.125,37.25,10.125,27.125,23.75,12.0,2.106060606060606,7.125,20.25,34.125,30.75,63.75,48.38945162978282,12.125,16.0,77.025,0.0,7.875,0.6638257575757576,5.375,17.25,0.3359098949511101,12.0,0.0,107.25
96,89,2012-12-28,1,1,2012-13,Golden State Warriors,Philadelphia 76ers,106.375,29.25,61.5,15.625,46.0,12.5,33.5,24.125,13.0,1.9310093415356573,9.75,23.25,41.7375,30.75,65.875,46.754931655793726,15.625,17.875,87.55000000000001,0.0,7.875,0.6097957963089542,4.375,20.0,0.21091901154401155,13.0,0.0,124.875,95.625,22.125,63.5,10.0,41.0,12.25,28.75,22.375,13.25,1.750664572355749,7.375,19.5,36.8125,31.75,64.875,49.03163261338404,10.0,14.625,65.625,0.0,6.25,0.47906219597396066,5.25,18.875,0.3047173414820474,13.25,0.0,107.375
105,97,2012-12-28,1,1,2012-13,Washington Wizards,Orlando Magic,84.75,17.625,53.25,13.875,45.125,10.875,34.25,19.75,15.875,1.3023185148185148,5.875,19.0,30.65,26.625,62.75,42.713513221614406,13.875,18.0,76.5,0.0,6.75,0.4512535709904131,4.625,20.75,0.21860119047619048,15.875,0.0,91.75,94.375,22.125,60.75,11.5,44.125,10.125,34.0,23.625,15.875,1.505953615420527,7.375,19.75,37.1625,30.375,59.5,50.98345337251005,11.5,14.125,82.675,0.0,6.375,0.4152740743733391,4.75,17.75,0.2772246625923096,15.875,0.0,113.25
106,105,2012-12-28,1,1,2012-13,Sacramento Kings,New York Knicks,98.75,21.0,57.75,20.0,39.5,12.375,27.125,20.25,14.0,1.5780259472209937,7.0,19.875,34.9875,28.875,63.5,45.58973225975386,20.0,24.375,80.88749999999999,0.0,7.25,0.5629717676544301,4.75,19.25,0.24207172342621258,14.0,0.0,104.625,101.0,28.875,56.75,15.375,39.25,9.375,29.875,19.625,10.75,2.0818083672863086,9.625,27.5,35.175,28.375,57.125,50.010005183549765,15.375,21.125,71.3125,0.0,8.625,0.8748724110856464,3.625,19.25,0.2114913844325609,10.75,0.0,109.0
109,99,2012-12-28,1,1,2012-13,Detroit Pistons,Miami Heat,94.75,20.625,59.25,14.875,50.25,16.125,34.125,19.25,14.5,1.3834181749622927,6.875,18.0,36.074999999999996,29.625,70.125,42.2866714375772,14.875,22.125,66.98750000000001,0.0,5.25,0.36833836098541983,6.0,20.875,0.29678255474577325,14.5,0.0,102.125,103.0,29.25,57.5,16.25,37.625,7.125,30.5,22.5,14.75,1.6287583943833943,9.75,24.75,39.825,28.75,52.125,55.541586840017985,16.25,20.625,79.4125,0.0,9.0,0.6640682234432235,5.125,18.5,0.2812158601632286,14.75,0.0,119.75
104,87,2012-12-28,1,1,2012-13,Los Angeles Lakers,Portland Trail Blazers,105.875,28.5,57.0,20.375,45.125,12.625,32.5,21.125,14.875,1.4605698030040135,9.5,29.375,31.8,28.5,55.125,51.81987990662721,20.375,27.875,74.175,0.0,6.875,0.4690192482955641,5.25,18.75,0.2949950039304259,14.875,0.0,115.375,95.875,22.5,57.25,16.125,45.0,12.5,32.5,22.125,14.75,1.6696316325573293,7.5,24.75,29.2,28.625,58.375,48.735929513493126,16.125,19.375,83.72500000000001,0.0,7.25,0.5762139305482958,5.25,17.375,0.3191799030825145,14.75,0.0,110.5
81,72,2012-12-29,1,1,2012-13,Memphis Grizzlies,Denver Nuggets,90.0,12.0,64.25,13.75,44.125,14.875,29.25,21.5,16.0,1.3682399579264903,4.0,12.5,32.125,32.125,72.25,44.734835469031694,13.75,16.875,82.575,0.0,9.25,0.5995642563705644,5.5,18.75,0.2942631548233329,16.0,0.0,102.625,108.5,19.5,70.25,18.75,50.0,14.0,36.0,26.0,14.375,1.9735645933014356,6.5,19.0,33.9625,35.125,68.375,51.43916208558103,18.75,25.75,71.725,0.0,8.25,0.5976076555023923,7.0,20.625,0.3529576018050241,14.375,0.0,132.625
87,77,2012-12-29,1,1,2012-13,Chicago Bulls,Washington Wizards,90.125,15.75,57.75,16.625,39.625,10.125,29.5,22.125,14.75,1.5352328431372548,5.25,14.125,36.2875,28.875,64.75,44.62596876004886,16.625,20.25,80.4375,0.0,7.75,0.5240990627020039,4.25,17.875,0.2544894097990073,14.75,0.0,100.75,86.25,17.25,55.25,13.75,45.25,11.0,34.25,20.625,15.625,1.4133325008325008,5.75,18.375,30.9,27.625,63.25,43.862410280437935,13.75,17.625,77.525,0.0,6.25,0.4232815430183851,4.625,20.0,0.2400297619047619,15.625,0.0,95.25
88,123,2012-12-29,1,1,2012-13,Orlando Magic,Toronto Raptors,96.5,23.25,62.0,11.25,44.375,10.0,34.375,24.625,15.625,1.596355401134813,7.75,20.5,37.65,31.0,59.375,52.14870760979818,11.25,14.125,80.39999999999999,0.0,5.875,0.3896044315161962,4.625,17.625,0.26966971753736463,15.625,0.0,116.375,96.625,24.75,55.25,16.625,37.25,9.25,28.0,23.875,10.25,2.6515873015873015,8.25,24.75,33.5625,27.625,54.625,50.91091853316517,16.625,21.625,75.17500000000001,0.0,9.25,0.9609126984126983,4.875,22.25,0.21537380382775118,10.25,0.0,113.125
94,124,2012-12-29,1,1,2012-13,Houston Rockets,Oklahoma City Thunder,109.375,29.25,60.25,19.875,42.625,8.25,34.375,23.375,15.5,1.645281862745098,9.75,27.125,36.1125,30.125,52.625,57.23461927537388,19.875,25.75,77.03750000000001,0.0,8.375,0.5489481209150326,3.625,18.25,0.2157574881259092,15.5,0.0,126.125,102.125,19.5,58.25,24.375,45.625,12.25,33.375,20.0,14.125,1.4596221690890807,6.5,19.375,32.925,29.125,61.25,47.63684449253689,24.375,28.25,87.16250000000001,0.0,8.25,0.5918387780520133,7.25,20.25,0.3878125,14.125,0.0,120.25
95,98,2012-12-29,1,1,2012-13,Charlotte Bobcats,New Orleans Hornets,94.125,16.875,57.75,19.5,40.5,13.0,27.5,19.0,12.875,1.5788249740455622,5.625,16.5,35.3,28.875,66.75,43.36715194011035,19.5,27.25,71.95,0.0,5.75,0.46805339268574564,5.5,18.25,0.32344242456534655,12.875,0.0,95.5,91.5,17.25,60.75,13.5,40.125,11.125,29.0,20.0,14.25,1.4773517740429505,5.75,17.75,31.087500000000002,30.375,61.5,49.72300641611343,13.5,16.375,81.1875,0.0,5.875,0.44962651727357605,5.125,19.375,0.26255150610969025,14.25,0.0,102.375
104,85,2012-12-29,1,1,2012-13,Milwaukee Bucks,Miami Heat,92.5,18.0,57.0,17.5,46.375,14.625,31.75,19.0,15.875,1.2572483675744546,6.0,17.5,34.9875,28.5,67.375,42.2962473351777,17.5,24.875,71.775,0.0,9.375,0.603656562959632,6.25,19.5,0.3178890767933418,15.875,0.0,99.875,102.75,29.25,57.5,16.0,38.0,8.125,29.875,21.875,14.5,1.6097851800976801,9.75,25.75,38.3375,28.75,52.375,55.2019129269745,16.0,19.875,80.83749999999999,0.0,8.5,0.639514652014652,5.375,18.25,0.2994450268298952,14.5,0.0,118.5
101,83,2012-12-29,1,1,2012-13,Golden State Warriors,Boston Celtics,106.25,28.5,61.0,16.75,47.375,12.625,34.75,24.125,13.375,1.9032315637578796,9.5,22.375,42.199999999999996,30.5,66.5,45.86207451293658,16.75,19.375,86.9375,0.0,7.375,0.5695180185311765,4.5,20.625,0.21279871079213183,13.375,0.0,124.75,93.75,19.125,59.75,14.875,39.5,8.75,30.75,22.125,14.25,1.6261370573870573,6.375,16.875,40.75,29.875,64.625,46.782593362830376,14.875,18.625,79.86250000000001,0.0,10.5,0.7853785103785104,4.25,21.25,0.20128225186649099,14.25,0.0,106.875
111,107,2012-12-29,1,1,2012-13,Minnesota Timberwolves,Phoenix Suns,99.25,18.375,64.0,16.875,46.25,14.75,31.5,23.75,15.875,1.5350261258349496,6.125,20.75,29.3625,32.0,67.125,47.47332813017706,16.875,21.875,76.05,0.0,8.5,0.5541636366084896,3.625,17.625,0.21518616617300826,15.875,0.0,110.75,95.125,20.25,62.75,12.125,38.25,10.75,27.5,23.5,11.875,2.104166666666667,6.75,19.5,32.7875,31.375,65.0,48.32606420584773,12.125,15.75,78.1625,0.0,8.0,0.6789772727272727,5.25,18.125,0.32578843746123154,11.875,0.0,108.25
89,85,2012-12-29,1,1,2012-13,Portland Trail Blazers,Philadelphia 76ers,96.75,20.625,60.25,15.875,44.625,12.75,31.875,23.125,13.5,1.8977018079959256,6.875,24.5,26.412499999999998,30.125,60.125,49.94099487297025,15.875,19.125,83.375,0.0,7.625,0.6471203632968339,5.125,17.375,0.3137451204738188,13.5,0.0,112.875,95.625,23.25,61.25,11.125,40.875,11.625,29.25,23.125,13.0,1.8520631737543503,7.75,20.25,38.15,30.625,63.625,48.29747870758835,11.125,16.125,67.55,0.0,7.375,0.5900761819879466,4.625,18.25,0.28278751692064386,13.0,0.0,108.125
109,100,2012-12-29,1,1,2012-13,Atlanta Hawks,Indiana Pacers,99.75,28.875,55.0,15.875,43.875,10.125,33.75,24.5,14.0,1.860360962566845,9.625,25.5,37.85,27.5,57.375,48.38378201009386,15.875,22.375,72.6875,0.0,8.5,0.6452476445123504,5.625,15.625,0.36139828738512947,14.0,0.0,116.0,94.125,18.0,58.75,17.375,45.25,12.0,33.25,20.75,15.75,1.3493303571428572,6.0,16.125,37.525,29.375,62.125,47.69422645319162,17.375,24.375,70.375,0.0,6.625,0.42440476190476195,6.875,21.875,0.3168706293706294,15.75,0.0,108.0
103,100,2012-12-29,1,1,2012-13,Brooklyn Nets,Cleveland Cavaliers,90.75,23.25,51.0,16.5,40.625,11.875,28.75,17.25,14.5,1.283894751082251,7.75,22.125,35.025,25.5,56.0,45.57566522433059,16.5,22.25,74.45,0.0,7.125,0.5191580988455988,5.375,19.0,0.28015350877192985,14.5,0.0,96.0,92.75,21.75,55.75,15.25,40.125,10.875,29.25,18.125,14.25,1.3964135843731431,7.25,19.625,36.8625,27.875,62.5,44.73384310720017,15.25,20.125,78.275,0.0,7.5,0.5869349128540305,3.625,21.625,0.17094624125874125,14.25,0.0,96.0
96,94,2012-12-30,1,1,2012-13,Detroit Pistons,Milwaukee Bucks,96.625,23.25,59.75,13.625,48.625,15.25,33.375,20.0,14.125,1.4653509480715363,7.75,18.75,39.1625,29.875,68.5,44.00124363009056,13.625,20.375,66.6125,0.0,5.0,0.36308626014508366,5.0,19.875,0.26463969760291606,14.125,0.0,104.75,93.25,18.75,56.75,17.75,44.5,13.375,31.125,19.875,15.375,1.5864150342411212,6.25,18.0,35.3375,28.375,67.125,42.26953354264113,17.75,24.0,76.24999999999999,0.0,10.5,0.8578232296262986,6.5,19.625,0.3288539890740435,15.375,0.0,102.5
86,111,2012-12-30,1,1,2012-13,Dallas Mavericks,San Antonio Spurs,93.125,15.375,59.75,18.0,40.0,9.625,30.375,20.5,16.125,1.4052253302253301,5.125,18.0,28.7625,29.875,63.75,47.041120026212965,18.0,22.625,80.2,0.0,8.5,0.5935701757392935,4.5,18.375,0.24539441748126495,16.125,0.0,99.125,105.25,30.75,56.75,17.75,39.125,7.5,31.625,26.25,16.25,1.6828014606652377,10.25,23.75,41.4625,28.375,55.625,51.06268477865828,17.75,22.375,79.32499999999999,0.0,10.875,0.6716455306819084,4.875,17.25,0.2850265578719526,16.25,0.0,124.75
118,96,2012-12-30,1,1,2012-13,Sacramento Kings,Boston Celtics,101.375,25.5,56.5,19.375,37.5,11.75,25.75,22.0,13.25,1.7932665889322235,8.5,21.25,39.2625,28.25,62.125,45.53642735570269,19.375,23.875,79.7375,0.0,8.25,0.6659129441250183,4.75,19.125,0.2440454076367389,13.25,0.0,109.5,89.5,18.75,57.0,13.75,39.0,9.25,29.75,21.375,14.25,1.5684447496947496,6.25,16.875,40.175000000000004,28.5,62.875,45.9312311833432,13.75,17.5,78.975,0.0,9.75,0.7276862026862027,4.0,20.375,0.19787316095740007,14.25,0.0,100.625
107,96,2012-12-30,1,1,2012-13,Los Angeles Clippers,Utah Jazz,103.25,23.25,63.25,16.75,43.625,11.25,32.375,26.25,13.875,2.06875,7.75,21.875,35.675,31.625,59.0,53.82772466025107,16.75,24.625,67.5875,0.0,10.875,0.8296875,6.0,20.25,0.3263450515772497,13.875,0.0,126.75,91.125,15.75,55.75,19.625,41.5,12.25,29.25,19.625,16.0,1.2586907679738562,5.25,16.125,32.65,27.875,63.25,44.118511188794734,19.625,24.875,77.64999999999999,0.0,6.875,0.43185253267973855,5.0,21.0,0.23609623650184713,16.0,0.0,96.625
88,83,2012-12-31,1,1,2012-13,Indiana Pacers,Memphis Grizzlies,94.625,18.0,59.75,16.875,43.75,11.75,32.0,20.375,15.25,1.3939732142857142,6.0,15.75,38.2125,29.875,62.125,48.463457222422385,16.875,23.625,70.9125,0.0,6.5,0.4369047619047619,6.625,21.125,0.31925158175158175,15.25,0.0,107.875,90.125,13.125,64.25,12.75,45.25,15.75,29.5,21.5,15.25,1.4444431664826403,4.375,13.625,32.9125,32.125,73.125,44.119756103952334,12.75,16.25,77.2125,0.0,9.625,0.6577193365844681,5.125,18.75,0.2722043312939211,15.25,0.0,102.625
81,91,2012-12-31,1,1,2012-13,Chicago Bulls,Charlotte Bobcats,89.875,14.625,58.25,17.0,39.5,9.5,30.0,21.875,13.75,1.677389705882353,4.875,13.625,35.5125,29.125,65.25,44.71531078233181,17.0,21.0,79.4,0.0,7.5,0.5486088666235724,4.5,18.375,0.26080254111213863,13.75,0.0,100.625,94.75,16.125,59.5,19.125,41.875,13.5,28.375,19.625,13.125,1.5933339026169908,5.375,15.125,36.725,29.75,68.125,43.673248891634586,19.125,27.25,70.075,0.0,6.0,0.4769819641143171,6.25,18.125,0.36796856835619624,13.125,0.0,99.125
123,104,2012-12-31,1,1,2012-13,Houston Rockets,Atlanta Hawks,108.5,28.5,59.75,20.25,41.5,8.125,33.375,22.75,16.375,1.5699142156862744,9.5,27.5,34.825,29.875,53.125,56.24309058842741,20.25,26.25,77.0625,0.0,9.125,0.5651858660130719,2.875,18.625,0.16641538286275126,16.375,0.0,121.125,99.25,27.375,56.25,15.625,43.25,10.5,32.75,24.25,14.375,1.8015374331550802,9.125,24.375,38.0625,28.125,59.125,47.58668056081849,15.625,21.25,75.45,0.0,8.5,0.6326426024955437,5.5,16.75,0.34548213831680646,14.375,0.0,114.5
104,73,2012-12-31,1,1,2012-13,San Antonio Spurs,Brooklyn Nets,107.875,31.5,58.25,18.125,39.875,7.375,32.5,26.0,15.375,1.7502356711915534,10.5,23.75,42.775000000000006,29.125,56.75,51.347986056808004,18.125,22.25,81.26249999999999,0.0,10.625,0.68151395173454,5.25,17.0,0.33174372958912435,15.375,0.0,129.25,90.25,21.0,50.75,18.5,40.125,12.125,28.0,16.625,14.875,1.1905505952380953,7.0,20.75,33.55,25.375,55.125,46.06384930393258,18.5,25.125,73.58749999999999,0.0,7.625,0.5353918650793651,4.875,18.0,0.26973684210526316,14.875,0.0,94.5
110,112,2012-12-31,1,1,2012-13,Orlando Magic,Miami Heat,95.125,21.75,61.75,11.625,42.125,9.625,32.5,23.625,14.625,1.7011173058967177,7.25,20.125,35.7625,30.875,59.125,52.14565510674568,11.625,15.5,77.5625,0.0,5.625,0.43008062199238667,4.25,17.375,0.2549261277937749,14.625,0.0,111.125,101.5,28.125,57.0,16.375,39.625,9.0,30.625,21.875,14.875,1.591928037240537,9.375,24.625,38.2125,28.5,53.0,54.274846698184135,16.375,21.0,78.64999999999999,0.0,8.125,0.6157051282051281,5.625,18.75,0.3073635788660944,14.875,0.0,117.5
114,96,2012-12-31,1,1,2012-13,Oklahoma City Thunder,Phoenix Suns,104.625,22.5,58.25,23.875,47.25,12.625,34.625,20.75,15.625,1.3846221690890808,7.5,20.625,35.2375,29.125,62.25,46.77314678673392,23.875,27.375,88.1625,0.0,9.75,0.6327478689611042,7.75,20.5,0.41125,15.625,0.0,124.75,98.25,19.125,66.25,12.875,38.5,9.75,28.75,24.625,11.0,2.6208333333333336,6.375,18.875,31.425,33.125,66.625,49.6343664446537,12.875,17.375,75.75,0.0,7.75,0.7602272727272728,5.0,19.375,0.2856546581970175,11.0,0.0,112.625
99,103,2013-01-01,1,1,2012-13,Los Angeles Lakers,Philadelphia 76ers,107.125,28.5,59.25,19.375,44.875,12.75,32.125,23.375,13.875,1.7177468364968367,9.5,29.0,32.2125,29.625,56.875,52.223105713078816,19.375,26.375,73.95,0.0,6.5,0.4684211621711622,5.75,17.875,0.3362828827183047,13.875,0.0,120.0,95.625,23.625,61.25,10.75,42.0,12.25,29.75,23.0,13.125,1.8264221481133247,7.875,20.875,37.9625,30.625,63.5,48.38273019948945,10.75,15.5,68.4,0.0,7.375,0.5860697717315364,4.5,17.5,0.28457323120635813,13.125,0.0,108.75
100,105,2013-01-01,1,1,2012-13,New York Knicks,Portland Trail Blazers,99.625,28.5,56.75,14.375,40.875,11.125,29.75,19.75,12.125,1.7521515045412102,9.5,28.125,33.7625,28.375,57.0,50.14103243721853,14.375,19.875,70.475,0.0,7.875,0.6959508424581954,4.375,18.75,0.2614913844325609,12.125,0.0,107.625,96.375,23.625,57.75,15.0,43.5,12.125,31.375,23.5,14.0,1.8278966131907308,7.875,24.875,30.7625,28.875,58.125,49.55133121423358,15.0,18.375,82.175,0.0,7.625,0.595172311348782,5.5,16.875,0.34648321571191404,14.0,0.0,112.875
103,97,2013-01-01,1,1,2012-13,Detroit Pistons,Sacramento Kings,95.5,23.625,59.25,12.625,47.75,15.0,32.75,19.375,14.875,1.3686910290431962,7.875,19.0,39.412499999999994,29.625,66.125,45.17547179274116,12.625,19.0,67.0,0.0,5.0,0.34790407391026584,5.125,18.875,0.28890709687031535,14.875,0.0,103.875,103.25,26.625,58.25,18.375,39.5,12.125,27.375,23.25,13.25,1.8825523032179379,8.875,21.375,40.912499999999994,29.125,62.875,46.36448035109439,18.375,23.125,78.44999999999999,0.0,7.875,0.639127229839304,5.125,19.375,0.25876971841368124,13.25,0.0,114.75
86,95,2013-01-01,1,1,2012-13,New Orleans Hornets,Atlanta Hawks,91.0,17.25,59.0,14.75,41.125,11.875,29.25,19.75,14.375,1.4452089169000932,5.75,17.75,31.087500000000002,29.5,62.0,47.719494283290956,14.75,18.0,81.67500000000001,0.0,6.5,0.48831699346405233,5.5,19.875,0.27192650610969027,14.375,0.0,101.75,100.625,30.0,57.5,13.125,42.125,9.75,32.375,24.625,14.75,1.777186783804431,10.0,24.0,42.1875,28.75,60.25,47.76681437450866,13.125,17.625,77.1375,0.0,8.5,0.6180322128851541,5.875,16.875,0.3673571383168065,14.75,0.0,117.0
94,103,2013-01-01,1,1,2012-13,Washington Wizards,Dallas Mavericks,83.875,15.375,55.25,13.25,46.25,11.375,34.875,20.625,15.375,1.428038383185442,5.125,17.0,29.887500000000003,27.625,64.875,42.883915656782015,13.25,17.375,75.86250000000001,0.0,5.75,0.39851374116079996,4.625,19.0,0.25044642857142857,15.375,0.0,92.5,94.625,15.75,62.25,16.625,41.0,10.875,30.125,21.25,15.375,1.5415889665889666,5.25,18.375,29.549999999999997,31.125,66.625,46.86876469167409,16.625,21.0,80.575,0.0,8.75,0.6323402292152293,5.125,18.875,0.2737557620190801,15.375,0.0,102.375
92,78,2013-01-01,1,1,2012-13,Denver Nuggets,Los Angeles Clippers,105.125,19.125,68.75,17.25,50.75,14.375,36.375,25.625,14.0,1.9735645933014356,6.375,19.75,31.3125,34.375,67.5,50.90950106863188,17.25,24.75,68.3,0.0,7.875,0.5843723613847452,6.625,20.375,0.3386387163561077,14.0,0.0,128.0,102.75,24.375,61.25,17.125,42.625,11.0,31.625,25.25,14.125,1.948214285714286,8.125,22.75,35.5375,30.625,57.625,53.419860810485815,17.125,25.25,67.2625,0.0,10.875,0.8148065476190477,6.875,20.75,0.35737652010871823,14.125,0.0,124.5
89,81,2013-01-02,1,1,2012-13,Indiana Pacers,Washington Wizards,93.75,19.5,57.0,17.25,42.5,11.375,31.125,20.625,15.5,1.3913690476190474,6.5,17.125,37.075,28.5,59.875,47.55075880972397,17.25,23.25,73.45,0.0,7.125,0.4681547619047619,6.5,20.875,0.3189382985435617,15.5,0.0,107.0,86.625,16.5,55.75,14.375,46.75,11.625,35.125,21.5,14.625,1.5244669546140135,5.5,17.75,30.325000000000003,27.875,65.0,43.26490259437273,14.375,18.75,76.3125,0.0,5.125,0.37589469354175237,5.125,19.625,0.27218555900621116,14.625,0.0,96.75
83,93,2013-01-02,1,1,2012-13,Boston Celtics,Memphis Grizzlies,90.375,18.375,57.75,14.25,38.25,9.375,28.875,21.75,14.25,1.5972909035409035,6.125,17.125,39.150000000000006,28.875,62.75,46.5952936833432,14.25,17.75,80.6,0.0,8.75,0.6507631257631257,3.75,21.25,0.17511500878348707,14.25,0.0,100.25,88.75,11.625,63.25,13.875,46.125,16.0,30.125,20.25,15.375,1.3585056664826403,3.875,12.625,31.725,31.625,72.625,43.716000235407726,13.875,18.0,75.3375,0.0,9.75,0.6609362483491741,4.75,18.0,0.26489913648872626,15.375,0.0,100.375
119,109,2013-01-02,1,1,2012-13,Miami Heat,Dallas Mavericks,102.75,27.375,57.5,17.875,38.375,8.75,29.625,21.75,14.25,1.7600827991452992,9.125,23.875,38.0875,28.75,54.5,53.22316400587644,17.875,22.75,79.60000000000001,0.0,8.125,0.6826694139194138,5.75,19.0,0.31275573572883947,14.25,0.0,117.125,94.25,16.875,62.0,15.375,41.125,10.5,30.625,21.375,14.375,1.6520056332556332,5.625,19.375,28.987499999999997,31.0,65.375,47.61281231072171,15.375,20.0,78.1625,0.0,8.25,0.6323402292152293,4.625,18.375,0.2592730033983904,14.375,0.0,102.5
94,96,2013-01-02,1,1,2012-13,Orlando Magic,Chicago Bulls,95.5,22.875,60.75,11.875,43.0,10.5,32.5,23.5,15.0,1.654373608417726,7.625,20.875,36.4375,30.375,59.5,51.02282632262657,11.875,15.875,77.26249999999999,0.0,6.125,0.4579167564461682,3.75,17.25,0.2357594611271082,15.0,0.0,110.5,88.0,14.625,58.0,15.375,40.75,10.25,30.5,21.875,13.5,1.719347747840395,4.875,14.25,34.0875,29.0,66.625,43.76573175439458,15.375,20.0,75.5,0.0,8.25,0.6290284470431529,4.75,20.5,0.254178117149005,13.5,0.0,98.5
104,92,2013-01-02,1,1,2012-13,Houston Rockets,New Orleans Hornets,111.875,31.875,60.75,19.25,41.0,7.625,33.375,24.75,16.25,1.7649899732620322,10.625,28.25,37.925,30.375,53.125,57.15218149751831,19.25,25.0,76.9625,0.0,9.625,0.6163222296494355,3.375,17.625,0.21665461731251204,16.25,0.0,128.25,90.0,16.875,59.25,13.875,41.625,11.625,30.0,19.625,14.25,1.4500166092077857,5.625,17.75,30.462500000000002,29.625,62.25,47.75309643382859,13.875,17.625,76.675,0.0,6.25,0.472520290167349,6.0,20.125,0.3003578786587099,14.25,0.0,100.75
115,94,2013-01-02,1,1,2012-13,Golden State Warriors,Los Angeles Clippers,108.25,30.375,60.75,17.125,47.0,11.25,35.75,24.375,14.25,1.843472791828055,10.125,22.25,45.724999999999994,30.375,64.25,47.1930930314551,17.125,20.0,85.73750000000001,0.0,7.75,0.5700662641452116,5.5,21.5,0.252950225943647,14.25,0.0,129.75,101.5,24.375,60.0,17.125,43.125,11.25,31.875,24.75,14.5,1.8752976190476192,8.125,23.625,34.85,30.0,56.75,53.10098325946541,17.125,26.75,63.3,0.0,11.0,0.804389880952381,7.125,21.125,0.3643209645531627,14.5,0.0,121.125
94,97,2013-01-02,1,1,2012-13,Cleveland Cavaliers,Sacramento Kings,94.5,21.75,57.25,15.5,39.375,10.625,28.75,18.125,13.125,1.4450246954842543,7.25,19.875,36.2375,28.625,62.375,46.017125237256494,15.5,20.75,76.525,0.0,7.0,0.5846200980392157,3.375,21.875,0.15863563519813517,13.125,0.0,97.625,103.25,27.75,58.75,16.75,38.875,11.5,27.375,24.0,13.75,1.889695160360795,9.25,21.625,42.1125,29.375,62.0,47.32530124661678,16.75,21.5,77.3125,0.0,8.25,0.6409129441250183,5.375,19.5,0.2709407710452602,13.75,0.0,116.25
102,79,2013-01-02,1,1,2012-13,Toronto Raptors,Portland Trail Blazers,101.0,28.875,54.75,17.375,38.875,9.5,29.375,25.375,9.5,2.9797123015873015,9.625,25.875,37.737500000000004,27.375,54.375,50.719530973356555,17.375,22.125,77.35,0.0,8.25,0.9095734126984127,4.75,21.375,0.21426269271664009,9.5,0.0,120.75,97.25,25.125,57.0,15.125,44.375,12.625,31.75,23.875,14.125,1.8414382798573974,8.375,25.625,31.6875,28.5,56.5,50.60153613226636,15.125,19.125,79.05000000000001,0.0,7.0,0.5503806446821153,4.875,17.25,0.3135884788698088,14.125,0.0,114.0
95,89,2013-01-02,1,1,2012-13,Phoenix Suns,Philadelphia 76ers,97.875,19.875,65.5,12.5,38.25,9.5,28.75,24.125,11.375,2.5395833333333333,6.625,20.25,29.8125,32.75,64.625,50.63304369333095,12.5,16.75,76.38749999999999,0.0,7.0,0.6914772727272728,4.25,19.875,0.23409215819701754,11.375,0.0,110.375,96.25,22.875,61.75,11.625,43.75,11.75,32.0,23.5,12.25,1.9735181077092843,7.625,20.5,37.5125,30.875,64.25,48.14700821673083,11.625,16.625,69.7125,0.0,7.375,0.6125849232466879,4.5,18.125,0.27287537024379127,12.25,0.0,111.875
93,110,2013-01-02,1,1,2012-13,Oklahoma City Thunder,Brooklyn Nets,107.375,22.5,61.5,23.375,47.25,13.375,33.875,21.25,14.875,1.74371307817999,7.5,20.625,35.2375,30.75,64.25,47.74040869149582,23.375,26.375,89.33749999999999,0.0,9.375,0.680475141688377,7.625,20.125,0.4140277777777778,14.875,0.0,128.375,89.125,19.875,51.25,18.0,39.375,11.625,27.75,16.5,14.875,1.1836061507936508,6.625,20.5,31.887500000000003,25.625,55.25,46.416292912955136,18.0,24.5,73.4875,0.0,7.625,0.5353918650793651,4.375,18.0,0.24195906432748537,14.875,0.0,92.125
106,84,2013-01-02,1,1,2012-13,Utah Jazz,Minnesota Timberwolves,92.625,16.5,55.25,20.875,40.375,11.625,28.75,20.875,16.0,1.3368157679738562,5.5,16.375,34.05,27.625,62.75,44.06070164496458,20.875,26.5,77.9125,0.0,6.625,0.41622753267973855,4.75,21.875,0.20852270709008242,16.0,0.0,97.625,99.625,19.5,65.0,15.125,47.125,14.0,33.125,24.0,15.25,1.664192792501616,6.5,21.25,31.05,32.5,66.875,48.35119808965998,15.125,20.5,73.6,0.0,7.375,0.4874969699418229,3.25,16.625,0.20788097136781344,15.25,0.0,111.625
110,117,2013-01-02,1,1,2012-13,Milwaukee Bucks,San Antonio Spurs,93.75,20.625,56.25,16.875,43.25,12.375,30.875,19.375,14.875,1.5999896948746053,6.875,19.0,36.6125,28.125,65.375,43.140993237630234,16.875,22.75,76.27499999999999,0.0,9.375,0.8074838631104615,6.25,19.625,0.31496510018515467,14.875,0.0,101.875,108.0,29.25,61.0,17.75,39.625,6.5,33.125,25.625,15.375,1.7213895173453997,9.75,22.375,42.1375,30.5,57.125,53.383397679084034,17.75,21.75,81.26249999999999,0.0,10.625,0.68151395173454,5.5,17.5,0.33695206292245766,15.375,0.0,130.75
97,101,2013-01-03,1,1,2012-13,Denver Nuggets,Minnesota Timberwolves,101.375,18.75,66.75,15.875,50.75,14.125,36.625,25.75,14.625,1.8854964114832535,6.25,20.375,29.5625,33.375,66.5,50.175881033215745,15.875,23.75,65.3625,0.0,8.5,0.602128043202927,6.5,20.5,0.3328694855868769,14.625,0.0,123.125,96.0,17.625,61.75,16.625,47.25,14.25,33.0,22.5,15.125,1.5624299719887957,5.875,21.25,27.375,30.875,66.375,46.346258001369044,16.625,22.125,74.775,0.0,7.0,0.4634585084033614,4.375,17.375,0.2599643047011468,15.125,0.0,105.625
100,83,2013-01-03,1,1,2012-13,New York Knicks,San Antonio Spurs,99.25,27.375,57.25,14.625,40.375,11.125,29.25,18.75,12.25,1.6160403934300993,9.125,28.375,32.5,28.625,56.625,51.055926054239805,14.625,20.0,71.15,0.0,8.375,0.7390063980137509,3.875,18.875,0.23298261250273633,12.25,0.0,105.75,111.0,30.375,62.75,17.875,40.0,6.375,33.625,26.75,14.25,2.0522718702865763,10.125,22.0,45.0,31.375,58.75,53.451076586805314,17.875,22.0,81.0375,0.0,10.5,0.7403374811463047,5.375,18.0,0.3269406212748604,14.25,0.0,136.0
80,87,2013-01-04,1,1,2012-13,Phoenix Suns,Utah Jazz,97.125,18.0,66.25,12.875,39.125,10.125,29.0,23.5,12.0,2.317227564102564,6.0,19.125,28.15,33.125,65.75,50.335424645711896,12.875,17.375,75.975,0.0,7.75,0.7191215034965035,3.875,19.75,0.21525024643231166,12.0,0.0,109.125,95.125,16.125,58.5,20.5,42.125,12.625,29.5,21.5,15.75,1.4105337166918048,5.375,15.75,34.5375,29.25,65.0,44.85894725899968,20.5,25.875,78.5375,0.0,6.625,0.4252018916540975,5.75,22.625,0.2412150147823901,15.75,0.0,103.875
101,115,2013-01-04,1,1,2012-13,Milwaukee Bucks,Houston Rockets,96.875,19.875,60.0,17.0,44.125,12.25,31.875,20.5,15.25,1.6432589256438361,6.625,18.5,36.125,30.0,66.5,45.194037308507106,17.0,22.625,77.175,0.0,9.125,0.7810415554181538,6.75,18.875,0.35686850927606373,15.25,0.0,108.125,111.25,30.0,62.25,19.0,41.875,8.25,33.625,25.125,15.375,1.8786263368983958,10.0,27.625,36.2125,31.125,54.375,57.126238917096316,19.0,24.875,76.3,0.0,8.625,0.5828626336898396,3.25,17.625,0.20884211731251204,15.375,0.0,128.0
89,96,2013-01-04,1,1,2012-13,Miami Heat,Chicago Bulls,104.75,26.25,59.75,18.75,41.125,8.875,32.25,21.25,14.375,1.6753605769230768,8.75,24.0,36.4,29.875,55.875,54.043524201236636,18.75,23.75,79.8875,0.0,8.125,0.6660027472527472,5.0,18.75,0.2780335135066172,14.375,0.0,119.625,89.625,15.75,58.0,15.875,41.0,10.5,30.5,22.625,12.625,2.013990604983252,5.25,14.5,36.8,29.0,66.625,43.76573175439457,15.875,20.75,75.13749999999999,0.0,7.875,0.6647427327574387,4.625,20.375,0.24912297009018144,12.625,0.0,101.375
104,106,2013-01-04,1,1,2012-13,Charlotte Bobcats,Cleveland Cavaliers,93.875,16.125,58.75,19.0,44.5,14.0,30.5,19.125,14.0,1.4860106702937586,5.375,14.875,37.5625,29.375,67.375,43.654309497695195,19.0,28.375,67.5,0.0,6.5,0.4870829742153272,6.5,18.5,0.37249159467198567,14.0,0.0,99.625,93.5,20.25,56.75,16.5,40.0,11.375,28.625,18.625,13.375,1.4584175526271113,6.75,19.5,34.525,28.375,63.375,44.82851499692212,16.5,21.625,77.9,0.0,6.625,0.5503939075630252,3.875,21.5,0.1836356351981352,13.375,0.0,96.375
85,84,2013-01-04,1,1,2012-13,Detroit Pistons,Atlanta Hawks,98.75,25.5,59.75,13.5,48.125,15.25,32.875,19.5,16.0,1.2686910290431963,8.5,19.875,41.525000000000006,29.875,64.25,47.04235490962428,13.5,19.875,68.32499999999999,0.0,5.25,0.33145670548921324,5.625,18.75,0.324323763536982,16.0,0.0,109.125,100.0,30.0,59.25,10.75,40.875,9.75,31.125,25.875,13.5,2.165842245989305,10.0,23.75,42.612500000000004,29.625,61.125,48.53715438665195,10.75,14.375,74.9375,0.0,8.125,0.6695028011204482,5.625,15.75,0.39065259286226106,13.5,0.0,118.125
109,85,2013-01-04,1,1,2012-13,Oklahoma City Thunder,Philadelphia 76ers,104.875,22.125,60.5,22.25,46.125,12.375,33.75,20.375,15.125,1.679824189291101,7.375,20.375,35.1375,30.25,63.25,47.7702772697515,22.25,25.75,86.39999999999999,0.0,8.75,0.6422806972439326,7.875,20.0,0.42625603864734296,15.125,0.0,123.375,94.875,19.875,63.75,11.25,44.25,11.25,33.0,23.25,12.625,1.922572729558024,6.625,17.875,37.3375,31.875,66.625,47.978940989840076,11.25,16.25,69.2875,0.0,7.5,0.6104840829105534,4.625,17.75,0.2818039416723627,12.625,0.0,110.875
84,86,2013-01-04,1,1,2012-13,Memphis Grizzlies,Portland Trail Blazers,88.0,13.125,61.25,13.625,45.0,14.75,30.25,21.125,16.0,1.360956646874797,4.375,13.5,32.725,30.625,70.0,44.1048324638626,13.625,17.75,75.1,0.0,9.625,0.6260097777609387,4.625,18.125,0.25570796001813806,16.0,0.0,99.75,95.25,22.5,57.25,15.5,44.375,12.0,32.375,23.125,15.125,1.660882724301842,7.5,24.75,29.225,28.625,56.125,51.26023711265852,15.5,19.625,78.8,0.0,6.375,0.46565842245989303,4.125,18.0,0.24414403442536434,15.125,0.0,109.25
94,75,2013-01-04,1,1,2012-13,Boston Celtics,Indiana Pacers,89.75,19.125,55.75,14.875,36.875,8.375,28.5,21.75,13.25,1.6889575702075703,6.375,17.875,39.0125,27.875,60.75,46.563896509088885,14.875,18.75,79.825,0.0,9.0,0.6965964590964591,3.5,21.5,0.16204682696530523,13.25,0.0,99.375,93.875,18.75,56.0,19.125,43.25,12.125,31.125,19.625,15.875,1.2931547619047619,6.25,16.125,37.337500000000006,28.0,61.5,45.17712492994255,19.125,25.125,75.3375,0.0,7.25,0.4629026610644258,5.75,20.0,0.2921525842578474,15.875,0.0,104.5
113,115,2013-01-04,1,1,2012-13,Washington Wizards,Brooklyn Nets,84.875,15.375,56.25,13.25,45.75,10.75,35.0,21.0,15.125,1.4490283581227854,5.125,17.125,29.05,28.125,64.125,44.10905843852857,13.25,17.25,76.65,0.0,5.0,0.3517718865242085,5.0,19.75,0.2657272256728778,15.125,0.0,94.5,91.625,20.625,52.0,19.0,39.375,11.375,28.0,17.25,14.75,1.2522874694749695,6.875,20.5,33.35,26.0,55.125,47.14369404289864,19.0,25.375,74.6,0.0,8.0,0.5697325244200244,4.375,17.25,0.25106837606837606,14.75,0.0,96.75
107,102,2013-01-04,1,1,2012-13,Los Angeles Clippers,Los Angeles Lakers,101.625,25.875,57.0,18.75,43.25,11.5,31.75,24.25,14.875,1.7836309523809524,8.625,24.75,35.800000000000004,28.5,56.375,50.60915319410592,18.75,29.25,62.4125,0.0,11.75,0.8377232142857143,6.75,20.75,0.3504320756642738,14.875,0.0,118.25,106.125,25.125,62.0,19.0,45.875,13.0,32.875,23.875,13.0,1.9052468364968365,8.375,27.125,29.862500000000004,31.0,60.0,52.00886221426085,19.0,26.875,71.5125,0.0,6.625,0.5219925907425907,6.0,17.375,0.35659100596760446,13.0,0.0,119.875
96,105,2013-01-04,1,1,2012-13,Toronto Raptors,Sacramento Kings,101.875,27.375,57.5,17.0,37.5,8.625,28.875,26.875,9.625,3.0910759379509383,9.125,24.25,37.925,28.75,55.125,52.629253195578784,17.0,21.5,77.65,0.0,8.375,0.908437049062049,4.625,21.375,0.20801269271664005,9.625,0.0,123.625,104.125,27.75,59.75,16.625,38.25,11.125,27.125,24.875,12.625,2.066010949834479,9.25,22.0,41.575,29.875,62.25,47.86597584979138,16.625,21.375,77.19999999999999,0.0,8.625,0.7080182072829132,5.5,19.75,0.27364974937343356,12.625,0.0,118.875
96,99,2013-01-05,1,1,2012-13,Dallas Mavericks,New Orleans Hornets,94.5,19.125,61.0,14.375,42.625,10.75,31.875,21.375,14.75,1.6057393994893994,6.375,21.5,28.9,30.5,66.0,46.31189328439284,14.375,18.875,78.01249999999999,0.0,8.0,0.592567501942502,4.75,19.75,0.2468531316035186,14.75,0.0,101.375,89.5,15.375,61.0,13.125,43.25,12.5,30.75,19.375,13.625,1.520849942541119,5.125,16.375,30.2125,30.5,65.5,46.556587424819575,13.125,18.0,71.05,0.0,5.5,0.4433536235006823,6.125,19.625,0.3097328786587099,13.625,0.0,99.0
110,91,2013-01-05,1,1,2012-13,Denver Nuggets,Utah Jazz,99.5,18.375,67.5,13.625,48.375,13.875,34.5,26.25,13.75,2.115704744816587,6.125,20.75,28.375,33.75,66.0,51.11797662145104,13.625,21.0,63.6125,0.0,8.5,0.6823363765362604,6.625,21.625,0.31222468920678637,13.75,0.0,121.25,94.5,14.625,60.25,19.625,40.875,11.5,29.375,22.0,15.375,1.5001170500251382,4.875,14.375,32.8,30.125,67.125,44.60349090979332,19.625,25.0,76.7125,0.0,7.375,0.49811855832076424,5.125,21.625,0.22298584811572345,15.375,0.0,102.625
104,112,2013-01-05,1,1,2012-13,Cleveland Cavaliers,Houston Rockets,94.375,20.25,57.5,16.625,40.875,10.75,30.125,19.125,13.0,1.5311338987809577,6.75,19.5,34.525,28.75,64.375,44.567164937184955,16.625,21.5,78.61250000000001,0.0,7.0,0.5900573691014868,4.25,21.0,0.20679997086247084,13.0,0.0,99.375,110.0,30.75,62.5,16.75,41.125,8.375,32.75,25.25,16.5,1.7134947579510273,10.25,28.375,36.05,31.25,54.625,57.053322250429645,16.75,22.75,73.7875,0.0,9.75,0.6183889494793133,3.25,17.625,0.20884211731251207,16.5,0.0,125.375
81,89,2013-01-05,1,1,2012-13,Atlanta Hawks,Boston Celtics,99.0,30.375,57.75,10.875,40.125,8.75,31.375,26.5,14.25,2.1183823529411763,10.125,24.375,42.237500000000004,28.875,58.125,49.42224755435382,10.875,14.75,74.35,0.0,7.625,0.5959733893557423,5.375,15.875,0.3761789086517347,14.25,0.0,117.0,90.375,18.75,57.25,14.375,38.625,8.5,30.125,22.25,13.875,1.6353861416361417,6.25,17.75,38.3125,28.625,61.875,46.90720636824381,14.375,18.625,77.5625,0.0,9.25,0.6797313797313798,4.25,22.75,0.18387222379070206,13.875,0.0,101.875
115,89,2013-01-05,1,1,2012-13,Los Angeles Clippers,Golden State Warriors,102.875,25.5,58.25,19.125,42.5,11.375,31.125,24.625,14.375,1.8445684523809525,8.5,23.625,37.3625,29.125,56.875,51.18360172351769,19.125,29.375,63.575,0.0,11.125,0.8189732142857142,6.0,22.5,0.28306964682176905,14.375,0.0,119.625,108.25,31.125,58.5,18.625,46.875,11.625,35.25,24.0,15.5,1.6524554758107388,10.375,22.125,47.0375,29.25,62.5,46.84063401506166,18.625,21.75,85.60000000000001,0.0,7.875,0.5219060909850384,5.625,21.75,0.2564687444621655,15.5,0.0,129.0
97,102,2013-01-05,1,1,2012-13,Minnesota Timberwolves,Portland Trail Blazers,94.375,17.625,60.75,16.0,47.75,14.25,33.5,21.625,15.0,1.5186799719887956,5.875,20.375,28.799999999999997,30.375,65.875,45.967868259935365,16.0,21.875,73.3625,0.0,5.375,0.36293767507002805,4.125,17.25,0.24730090600833635,15.0,0.0,102.375,93.375,21.0,58.25,14.125,43.25,12.125,31.125,22.75,15.625,1.560125148544266,7.0,23.625,28.9875,29.125,55.875,52.34323975816117,14.125,18.25,77.03750000000001,0.0,6.875,0.4838402406417112,4.125,17.125,0.2649773677586977,15.625,0.0,107.25
109,86,2013-01-05,1,1,2012-13,San Antonio Spurs,Philadelphia 76ers,108.125,28.5,61.5,18.125,38.75,6.125,32.625,25.0,14.125,1.9439385369532427,9.5,21.75,43.449999999999996,30.75,56.75,53.889586638046936,18.125,22.375,80.6375,0.0,10.0,0.7117660525748761,4.875,16.25,0.3387588030930422,14.125,0.0,130.125,92.625,21.75,61.0,9.875,44.375,11.0,33.375,23.25,13.75,1.81518636592166,7.25,18.75,38.650000000000006,30.5,65.125,46.86782987872896,9.875,14.25,69.8125,0.0,7.75,0.5923022647287353,4.75,17.5,0.29026258828890406,13.75,0.0,108.5
113,93,2013-01-05,1,1,2012-13,Brooklyn Nets,Sacramento Kings,95.25,19.875,54.0,21.375,41.375,11.625,29.75,17.625,15.625,1.2135969932844934,6.625,20.375,32.5125,27.0,56.625,47.593621473958144,21.375,28.75,74.9375,0.0,8.625,0.5905658577533578,5.0,18.75,0.26669337606837606,15.625,0.0,101.5,100.875,25.125,60.75,15.0,38.625,11.125,27.5,24.625,13.5,1.9226285968933026,8.375,21.125,38.5,30.375,61.875,48.92707659606005,15.0,19.875,75.82499999999999,0.0,8.875,0.6866946778711485,5.25,20.5,0.25108030492898914,13.5,0.0,115.625
106,114,2013-01-05,1,1,2012-13,Orlando Magic,New York Knicks,94.5,24.0,58.25,12.25,42.25,10.75,31.5,21.625,14.375,1.5930990986138045,8.0,22.125,35.7625,29.125,57.75,50.519013686460994,12.25,16.625,74.58749999999999,0.0,5.5,0.43340695252459954,3.875,17.25,0.24144127930892637,14.375,0.0,106.25,99.75,28.5,56.5,14.75,40.75,10.75,30.0,20.125,11.75,1.7557462757830404,9.5,27.875,34.425,28.25,56.125,50.83635748721362,14.75,20.0,71.92500000000001,0.0,8.625,0.7763367147558323,4.25,18.875,0.2538159458360697,11.75,0.0,110.25
95,80,2013-01-05,1,1,2012-13,Indiana Pacers,Milwaukee Bucks,91.625,19.5,54.25,17.875,42.75,11.875,30.875,19.5,15.75,1.2915100250626568,6.5,17.25,37.150000000000006,27.125,61.0,44.19673277307981,17.875,24.375,73.0,0.0,7.375,0.4717842400117942,6.25,19.125,0.33344046304572617,15.75,0.0,100.625,97.25,19.875,60.5,16.875,45.625,12.875,32.75,21.125,16.5,1.6082589256438362,6.625,18.5,36.125,30.25,66.625,45.462777795569515,16.875,22.25,77.7625,0.0,9.125,0.7477082220848206,6.125,17.875,0.3468110380116959,16.5,0.0,109.125
99,71,2013-01-06,1,1,2012-13,Miami Heat,Washington Wizards,102.125,24.375,58.0,19.75,38.75,8.375,30.375,20.25,13.375,1.6961939102564103,8.125,23.0,35.0625,29.0,55.25,52.98796864568108,19.75,25.375,78.45,0.0,8.125,0.6993360805860805,4.75,19.75,0.25368286415596786,13.375,0.0,113.875,88.625,15.375,58.5,14.75,46.125,11.0,35.125,21.875,15.25,1.493299191456119,5.125,17.25,28.6875,29.25,65.75,44.72264291341442,14.75,20.125,74.5375,0.0,6.0,0.4116677198575418,4.875,20.375,0.25519609014174227,15.25,0.0,98.25
81,92,2013-01-06,1,1,2012-13,Phoenix Suns,Memphis Grizzlies,92.0,13.125,66.25,12.625,40.0,9.75,30.25,22.5,13.25,2.101859598734599,4.375,17.5,23.900000000000002,33.125,66.125,50.00647727729084,12.625,17.375,73.7,0.0,7.5,0.6693379537129537,4.375,19.25,0.25060378178584697,13.25,0.0,102.25,88.5,11.625,62.75,14.125,44.25,14.5,29.75,20.75,15.5,1.3640268223133936,3.875,12.75,30.9125,31.375,70.875,44.691216903221864,14.125,17.625,78.3875,0.0,10.0,0.6632904795153247,5.125,18.0,0.2853132231760328,15.5,0.0,101.25
101,108,2013-01-06,1,1,2012-13,Detroit Pistons,Charlotte Bobcats,99.875,24.0,62.25,13.625,50.875,16.375,34.5,19.875,15.625,1.319111197110423,8.0,19.25,39.650000000000006,31.125,66.625,47.3644837611649,13.625,20.125,68.225,0.0,5.75,0.3734735122119023,5.875,18.75,0.3390296458899232,15.625,0.0,113.375,94.375,15.375,59.0,20.0,43.125,12.375,30.75,19.25,14.25,1.4592249560080444,5.125,14.0,38.2375,29.5,66.625,44.30165510982954,20.0,29.125,69.375,0.0,6.5,0.479642498024851,5.875,18.625,0.3446383338024205,14.25,0.0,99.75
105,112,2013-01-06,1,1,2012-13,Los Angeles Lakers,Denver Nuggets,106.125,24.375,62.0,19.75,44.75,12.625,32.125,24.0,13.0,1.914862221112221,8.125,26.625,29.4125,31.0,59.75,52.27708271000632,19.75,27.875,71.6125,0.0,6.5,0.5123772061272062,6.0,17.625,0.3531819150585135,13.0,0.0,119.0,101.625,19.875,66.75,15.0,47.0,13.375,33.625,26.25,15.0,1.9695059144072304,6.625,19.375,32.925000000000004,33.375,64.625,51.59874585222027,15.0,22.875,63.737500000000004,0.0,8.75,0.6589445636707633,6.75,21.875,0.3144974164795137,15.0,0.0,123.5
92,104,2013-01-06,1,1,2012-13,Toronto Raptors,Oklahoma City Thunder,101.0,28.5,54.5,18.0,37.0,9.75,27.25,25.5,10.625,2.723218795093795,9.5,24.625,38.75,27.25,54.0,50.746842128385104,18.0,23.625,75.47500000000001,0.0,8.625,0.8679608585858586,3.625,21.75,0.1634525075314549,10.625,0.0,117.625,105.125,24.375,59.25,21.5,45.875,11.75,34.125,19.875,15.875,1.5756575226244345,8.125,20.75,38.9125,29.625,61.625,48.03436177679376,21.5,25.375,84.875,0.0,9.25,0.6388084750217103,7.375,18.875,0.41583937198067633,15.875,0.0,123.125
125,119,2013-01-07,1,1,2012-13,Portland Trail Blazers,Orlando Magic,94.125,24.375,57.0,12.75,42.5,12.125,30.375,22.875,14.5,1.652345428264546,8.125,24.125,32.95,28.5,57.5,49.944457664678616,12.75,16.375,78.3125,0.0,6.625,0.4842773035787742,4.625,18.375,0.26876524654657646,14.5,0.0,107.625,96.5,24.75,59.5,12.25,41.875,11.0,30.875,22.25,14.5,1.6253793183940244,8.25,22.875,35.575,29.75,57.5,51.75894144417147,12.25,16.75,74.0125,0.0,4.75,0.37228057889822597,4.0,18.125,0.23650706878261057,14.5,0.0,108.0
95,88,2013-01-07,1,1,2012-13,New Orleans Hornets,San Antonio Spurs,92.25,17.625,62.0,12.625,43.5,11.5,32.0,20.375,12.375,1.6929278646190413,5.875,16.625,33.6625,31.0,66.625,46.49134017207232,12.625,17.25,71.55000000000001,0.0,6.0,0.505041935188994,5.875,18.625,0.3125106564364876,12.375,0.0,104.625,109.375,30.0,61.0,18.375,40.5,6.875,33.625,24.375,14.5,1.8418552036199094,10.0,22.625,44.675,30.5,57.0,53.22148318977107,18.375,22.375,81.72500000000001,0.0,10.5,0.7305160525748761,4.875,16.875,0.32344017564206184,14.5,0.0,132.0
96,102,2013-01-07,1,1,2012-13,New York Knicks,Boston Celtics,101.5,28.875,57.25,15.375,40.875,10.5,30.375,20.75,11.75,1.8338712757830404,9.625,28.375,34.2375,28.625,56.25,51.40453930539543,15.375,20.625,72.58749999999999,0.0,8.625,0.7763367147558323,3.75,19.875,0.2035767113863089,11.75,0.0,112.125,88.625,16.5,59.25,12.875,39.75,10.25,29.5,22.75,13.75,1.6896443833943835,5.5,17.625,34.05,29.625,64.875,45.651167720900816,12.875,16.75,76.6375,0.0,9.5,0.7051434676434677,3.875,21.625,0.18074722379070207,13.75,0.0,99.5
118,92,2013-01-07,1,1,2012-13,Chicago Bulls,Cleveland Cavaliers,92.75,16.875,59.25,16.625,42.125,11.625,30.5,23.625,12.5,2.0879489383165852,5.625,14.875,38.9875,29.625,66.875,44.558818875606704,16.625,21.25,76.9125,0.0,7.5,0.6449510660907719,4.75,20.25,0.2556705891378005,12.5,0.0,107.125,96.0,21.0,57.0,18.0,42.0,11.25,30.75,19.625,13.625,1.487483105130164,7.0,20.125,34.85,28.5,64.125,44.362333004411845,18.0,22.375,81.4375,0.0,7.5,0.5910494325935503,4.375,21.375,0.2104363344988345,13.625,0.0,102.75
100,94,2013-01-07,1,1,2012-13,Utah Jazz,Dallas Mavericks,95.375,17.25,57.5,20.625,40.0,11.25,28.75,22.125,15.5,1.4997515529491148,5.75,15.625,35.637499999999996,28.75,64.875,43.80293284441995,20.625,26.25,77.0,0.0,8.875,0.5756039384377233,5.125,22.25,0.2171628667492638,15.5,0.0,104.375,94.625,20.625,60.5,13.5,43.375,9.875,33.5,21.125,14.75,1.5779616217116217,6.875,21.125,31.799999999999997,30.25,65.0,46.62925610175566,13.5,17.875,77.875,0.0,7.5,0.5370119463869464,5.25,20.125,0.26523548454469503,14.75,0.0,103.75
101,99,2013-01-07,1,1,2012-13,Washington Wizards,Oklahoma City Thunder,89.0,16.875,57.75,14.375,45.25,10.75,34.5,22.5,14.625,1.6615684222253493,5.625,18.375,30.175,28.875,64.125,45.06225478556054,14.375,20.25,71.17500000000001,0.0,6.375,0.48258118139600337,4.625,19.75,0.24686275680840897,14.625,0.0,99.25,105.625,23.25,60.5,21.875,44.5,11.625,32.875,20.375,15.875,1.6069075226244345,7.75,20.375,37.825,30.25,61.125,49.58675006647018,21.875,25.875,84.46249999999999,0.0,9.25,0.6388084750217103,6.375,19.375,0.34708937198067635,15.875,0.0,122.75
81,113,2013-01-07,1,1,2012-13,Sacramento Kings,Memphis Grizzlies,101.875,24.375,62.0,15.5,39.75,12.875,26.875,24.625,12.5,2.0402756557168322,8.125,20.75,37.9,31.0,63.625,48.726310596554235,15.5,20.75,75.375,0.0,8.875,0.7324463118580765,5.375,19.375,0.28420530492898916,12.5,0.0,117.5,88.75,11.25,63.25,14.25,42.5,13.25,29.25,20.25,16.0,1.2984018223133935,3.75,12.75,29.35,31.625,68.5,46.70709805076285,14.25,17.75,78.525,0.0,10.125,0.6523529795153247,4.875,18.25,0.26751136559089345,16.0,0.0,101.125
108,103,2013-01-08,1,1,2012-13,Minnesota Timberwolves,Atlanta Hawks,94.875,16.875,61.0,17.0,48.875,14.75,34.125,21.25,14.5,1.5463949041154925,5.625,19.25,29.2125,30.5,66.375,45.83406544303395,17.0,22.625,76.1375,0.0,5.25,0.3691593945270416,4.875,17.0,0.3075573162647466,14.5,0.0,105.5,99.125,30.75,56.75,11.625,40.0,8.125,31.875,26.25,14.75,2.078466386554622,10.25,24.875,42.050000000000004,28.375,56.25,50.098885730991995,11.625,15.625,74.8375,0.0,7.75,0.5921218487394958,5.5,16.375,0.37749469812541897,14.75,0.0,117.375
89,109,2013-01-08,1,1,2012-13,Philadelphia 76ers,Brooklyn Nets,91.0,19.875,60.0,11.125,43.875,9.75,34.125,21.75,14.0,1.6619125563978505,6.625,18.5,35.5875,30.0,65.125,46.121561222012545,11.125,15.875,72.575,0.0,7.875,0.5878379790144496,5.125,18.25,0.29627863106965274,14.0,0.0,103.875,97.5,19.5,57.0,21.0,42.375,12.875,29.5,18.625,16.0,1.2344303266178267,6.5,20.625,31.612500000000004,28.5,57.75,49.165973302457516,21.0,27.625,76.89999999999999,0.0,8.125,0.5245936355311356,5.875,19.75,0.2983919406616775,16.0,0.0,106.5
108,99,2013-01-08,1,1,2012-13,Milwaukee Bucks,Phoenix Suns,97.25,19.875,60.75,16.625,45.0,13.125,31.875,22.0,16.0,1.7004534957795827,6.625,18.25,36.475,30.375,66.5,45.73321048787721,16.625,22.125,76.92500000000001,0.0,8.75,0.7414865026278069,6.75,17.25,0.40320201545530493,16.0,0.0,110.5,90.5,13.125,64.0,13.375,40.0,9.75,30.25,21.5,13.625,1.967119338994339,4.375,16.875,25.075,32.0,65.5,48.75647727729084,13.375,18.25,74.3375,0.0,7.25,0.6222600316350316,4.875,19.625,0.2734212421033073,13.625,0.0,99.625
125,112,2013-01-08,1,1,2012-13,Houston Rockets,Los Angeles Lakers,108.875,30.75,60.75,17.375,41.75,8.75,33.0,24.125,16.625,1.632612405009851,10.25,29.125,35.1,30.375,53.5,56.59035928746669,17.375,24.0,72.7125,0.0,9.75,0.6133338024204897,3.125,18.875,0.1825043246703716,16.625,0.0,122.375,105.375,22.875,62.75,19.75,45.625,12.875,32.75,25.0,13.375,1.9398622211122212,7.625,26.125,28.425000000000004,31.375,60.5,52.21437367990599,19.75,28.25,70.51249999999999,0.0,5.375,0.43182165057165056,6.875,19.0,0.366376359502958,13.375,0.0,118.75
87,77,2013-01-08,1,1,2012-13,Indiana Pacers,Miami Heat,90.5,17.25,55.5,17.75,45.5,13.875,31.625,19.25,15.5,1.2992023327549642,5.75,17.75,31.9875,27.75,62.0,44.37034388419092,17.75,24.625,71.47500000000001,0.0,7.125,0.4615278297553839,6.0,18.125,0.3366455912508544,15.5,0.0,99.75,101.375,23.25,58.75,19.375,40.125,8.875,31.25,19.875,12.5,1.794284188034188,7.75,22.625,34.1,29.375,56.75,52.247754527246826,19.375,24.625,79.95,0.0,7.375,0.6889194139194139,5.125,18.875,0.3041214606471959,12.5,0.0,113.875
88,79,2013-01-09,1,1,2012-13,New Orleans Hornets,Houston Rockets,92.375,18.75,61.5,12.125,43.25,11.875,31.375,21.375,12.75,1.728344531285708,6.25,16.25,36.9125,30.75,66.625,46.134197314929466,12.125,16.75,71.025,0.0,6.75,0.5425419351889941,5.875,18.25,0.31667732310315433,12.75,0.0,106.375,109.5,31.875,60.5,17.125,41.375,8.625,32.75,24.25,17.625,1.5006679605654063,10.625,29.75,35.6,30.25,53.5,56.38874638424088,17.125,23.875,72.0875,0.0,9.75,0.5688893579760452,3.0,18.125,0.18607575324180015,17.625,0.0,121.125
87,94,2013-01-09,1,1,2012-13,Golden State Warriors,Memphis Grizzlies,106.5,30.75,58.25,17.5,45.125,10.25,34.875,23.25,15.75,1.5776786900964532,10.25,22.375,46.0,29.125,61.5,47.49768529711294,17.5,20.75,84.55,0.0,7.375,0.481727519556467,6.375,22.0,0.29862560720726355,15.75,0.0,125.125,91.375,14.25,62.0,15.125,42.125,12.5,29.625,21.0,15.0,1.5718393223133935,4.75,13.625,33.3375,31.0,66.5,47.11279980514881,15.125,18.625,79.0125,0.0,9.25,0.6601654795153247,5.25,19.25,0.27532386559089345,15.0,0.0,106.125
102,112,2013-01-09,1,1,2012-13,Charlotte Bobcats,Utah Jazz,94.875,14.25,59.75,20.875,43.5,12.875,30.625,18.625,13.75,1.4541344582704878,4.75,14.375,33.625,29.875,67.0,44.56398022641848,20.875,30.0,69.92500000000001,0.0,7.375,0.5605248509660274,6.0,19.75,0.330433788347875,13.75,0.0,100.75,96.75,18.375,57.0,21.375,41.125,11.125,30.0,22.375,14.25,1.637251552949115,6.125,16.0,36.7375,28.5,65.125,43.20822573767003,21.375,27.5,76.14999999999999,0.0,8.5,0.6006039384377233,5.875,22.75,0.24872852331492037,14.25,0.0,107.75
99,93,2013-01-09,1,1,2012-13,Los Angeles Clippers,Dallas Mavericks,104.375,25.125,60.75,18.5,42.125,11.875,30.25,25.0,13.5,2.04422123015873,8.375,24.5,35.275,30.375,58.375,51.89327914287253,18.5,27.625,65.83749999999999,0.0,11.125,0.8918898809523809,5.625,22.75,0.2608265390523455,13.5,0.0,121.5,96.125,20.625,61.5,14.0,43.875,9.25,34.625,21.125,13.125,1.7010676823176825,6.875,20.875,32.175,30.75,65.875,46.79421211348586,14.0,18.25,78.825,0.0,7.25,0.5573717948717949,5.125,21.0,0.2498002618726303,13.125,0.0,107.0
87,79,2013-01-09,1,1,2012-13,Boston Celtics,Phoenix Suns,89.625,16.875,59.75,13.0,38.75,9.875,28.875,23.125,13.25,1.7934322621822623,5.625,16.875,35.6125,29.875,63.125,47.48152486375796,13.0,16.75,77.2625,0.0,8.5,0.6627192252192252,3.375,21.5,0.15829051383399212,13.25,0.0,101.875,93.25,13.5,65.75,14.0,41.125,10.25,30.875,21.875,13.625,1.990556838994339,4.5,17.25,25.375,32.875,66.375,49.490604261417836,14.0,18.5,76.1,0.0,6.75,0.5910100316350316,5.25,19.75,0.28992557110763634,13.625,0.0,103.875
99,83,2013-01-09,1,1,2012-13,Cleveland Cavaliers,Atlanta Hawks,96.375,21.75,56.75,17.875,41.375,11.875,29.5,19.625,13.5,1.496214722777223,7.25,19.875,37.1875,28.375,64.125,44.167020504411845,17.875,22.0,82.15,0.0,8.0,0.6241376678876679,4.25,21.625,0.20238709207459207,13.5,0.0,103.625,100.5,31.875,56.0,12.625,39.875,7.875,32.0,25.875,14.625,2.0660582983193274,10.625,25.25,43.1375,28.0,55.875,49.781487611869736,12.625,17.0,73.7125,0.0,7.5,0.5797137605042018,5.75,18.125,0.3545478382220373,14.625,0.0,118.0
108,105,2013-01-09,1,1,2012-13,Denver Nuggets,Orlando Magic,101.875,21.0,65.25,15.625,46.75,14.0,32.75,25.875,14.75,2.0070059144072303,7.0,19.875,33.862500000000004,32.625,65.25,50.1625084784829,15.625,23.875,63.55,0.0,9.0,0.7006112303374301,6.0,21.875,0.2787831307652279,14.75,0.0,121.0,100.125,27.375,60.5,12.25,40.75,10.75,30.0,23.875,13.5,1.9101015406162465,9.125,24.875,36.587500000000006,30.25,58.375,51.78374303147306,12.25,16.625,74.6,0.0,4.75,0.39450280112044817,4.25,19.25,0.24067373544927723,13.5,0.0,112.0
106,84,2013-01-09,1,1,2012-13,Oklahoma City Thunder,Minnesota Timberwolves,106.375,23.625,60.5,22.25,44.625,11.875,32.75,20.875,15.5,1.6760180995475114,7.875,21.0,37.7,30.25,60.25,50.30522513978396,22.25,26.375,84.3,0.0,9.0,0.6376065519447872,6.25,18.125,0.3604822291235335,15.5,0.0,124.375,96.875,18.375,60.75,17.75,47.625,14.125,33.5,22.625,13.25,1.7963949041154925,6.125,19.0,32.9375,30.375,66.75,45.41136012902429,17.75,23.5,76.5375,0.0,5.75,0.4504093945270416,5.125,16.375,0.32504243531236565,13.25,0.0,109.75
96,104,2013-01-09,1,1,2012-13,Chicago Bulls,Milwaukee Bucks,95.0,18.75,59.75,16.5,42.625,12.125,30.5,24.375,13.375,2.0312181690858164,6.25,15.5,40.9625,29.875,67.25,44.654972721760544,16.5,21.25,76.38749999999999,0.0,8.25,0.6689895276292335,4.625,21.0,0.22590868437589573,13.375,0.0,110.125,98.375,21.375,61.25,15.75,43.625,13.5,30.125,22.375,14.625,1.841304945054945,7.125,18.375,39.175,30.625,67.375,45.52395272264929,15.75,20.0,79.15,0.0,8.5,0.7605082417582417,7.625,17.625,0.4476464598997494,14.625,0.0,113.625
108,105,2013-01-09,1,1,2012-13,San Antonio Spurs,Los Angeles Lakers,104.25,24.75,61.0,18.5,39.375,7.0,32.375,22.75,14.75,1.730787092164801,8.25,21.5,39.9125,30.5,56.75,53.46186780515569,18.5,22.5,81.86250000000001,0.0,9.25,0.6515686841538235,5.0,16.0,0.3450310847329709,14.75,0.0,122.375,106.75,24.375,63.75,18.625,44.25,12.0,32.25,25.5,14.0,1.8965383574758574,8.125,26.125,30.0375,31.875,60.875,52.77358420622178,18.625,26.5,72.325,0.0,5.875,0.4417648323898324,6.25,19.375,0.3266938198204183,14.0,0.0,119.75
90,72,2013-01-09,1,1,2012-13,Toronto Raptors,Philadelphia 76ers,98.375,27.0,54.25,17.125,36.375,9.0,27.375,25.875,11.0,2.7058868623206855,9.0,24.5,36.85,27.125,54.25,50.26127054125969,17.125,22.875,74.35,0.0,8.5,0.8480028753925812,3.75,21.0,0.17386917419812156,11.0,0.0,113.5,90.625,19.5,60.25,10.875,41.75,8.875,32.875,22.375,14.5,1.6287928982781925,6.5,18.375,35.1875,30.125,64.125,47.01441836486969,10.875,15.875,70.075,0.0,7.75,0.5611285773050478,5.25,17.5,0.3083524947060164,14.5,0.0,102.375
112,117,2013-01-10,1,1,2012-13,Sacramento Kings,Dallas Mavericks,98.5,22.875,58.75,16.875,39.75,13.5,26.25,22.5,12.375,1.9069423223834987,7.625,21.0,34.95,29.375,62.75,46.69551880769793,16.875,22.25,76.025,0.0,8.25,0.6937558356676004,5.25,19.5,0.2768953634085213,12.375,0.0,109.75,96.375,21.0,61.75,13.625,43.25,9.375,33.875,21.0,12.25,1.7654907592407592,7.0,21.375,31.875,30.875,66.625,46.43436362863738,13.625,16.875,81.47500000000001,0.0,7.25,0.591025641025641,5.375,20.875,0.26491464095759765,12.25,0.0,107.625
92,90,2013-01-10,1,1,2012-13,Portland Trail Blazers,Miami Heat,97.75,24.75,59.5,13.5,42.875,11.625,31.25,24.125,13.5,1.948097062251474,8.25,24.125,33.4625,29.75,58.625,50.939773823929194,13.5,17.25,78.225,0.0,6.0,0.486728283970931,4.5,18.0,0.26771482637850924,13.5,0.0,113.25,98.125,23.25,56.25,18.625,40.375,8.625,31.75,19.0,12.5,1.731784188034188,7.75,21.5,35.7875,28.125,56.375,50.138256882034895,18.625,24.5,76.47500000000001,0.0,7.25,0.6799908424908425,5.75,18.25,0.3396068086325439,12.5,0.0,110.125
81,76,2013-01-10,1,1,2012-13,Indiana Pacers,New York Knicks,89.0,18.75,53.0,17.25,46.875,15.25,31.625,18.75,14.375,1.4103134438660754,6.25,18.5,33.1875,26.5,62.625,42.07754497114745,17.25,23.875,71.375,0.0,7.125,0.524027829755384,5.625,18.125,0.31878844839371157,14.375,0.0,98.0,100.25,31.125,54.0,15.125,41.125,11.0,30.125,21.375,12.25,1.8285141329258976,10.375,29.125,35.8625,27.0,53.625,50.46485399071011,15.125,20.75,71.2,0.0,8.125,0.7013367147558324,3.75,19.375,0.2064338542434518,12.25,0.0,111.375
103,95,2013-01-11,1,1,2012-13,Atlanta Hawks,Utah Jazz,95.125,30.375,54.75,10.0,39.75,8.25,31.5,23.875,15.0,1.8112506060116353,10.125,23.875,42.95,27.375,55.5,49.099105477874694,10.0,13.75,69.4375,0.0,6.625,0.4806752989657401,5.875,18.0,0.36435175979066475,15.0,0.0,110.625,98.625,19.5,58.25,20.875,41.75,10.75,31.0,23.5,14.875,1.6390897882432325,6.5,16.5,37.5625,29.125,64.5,44.71463599408028,20.875,27.0,75.4875,0.0,8.75,0.5969274678494879,6.875,23.375,0.2891696997855086,14.875,0.0,113.125
101,116,2013-01-11,1,1,2012-13,Los Angeles Lakers,Oklahoma City Thunder,105.125,24.0,62.75,18.375,43.125,10.875,32.25,24.125,12.75,1.9652883574758575,8.0,26.125,29.575,31.375,59.375,53.141231265045306,18.375,26.625,70.0,0.0,6.25,0.5355148323898323,6.125,18.625,0.3258009626775611,12.75,0.0,117.625,107.5,25.875,60.5,21.125,44.625,11.75,32.875,21.5,15.0,1.7557692307692307,8.625,21.5,40.6625,30.25,60.375,50.20376410082292,21.125,25.0,84.425,0.0,9.625,0.7037830225330225,7.0,18.125,0.3904822291235335,15.0,0.0,128.375
99,78,2013-01-11,1,1,2012-13,Toronto Raptors,Charlotte Bobcats,97.5,23.625,57.5,16.375,38.0,9.125,28.875,25.875,11.75,2.4350535289873525,7.875,22.25,33.675000000000004,28.75,57.5,49.877886651809064,16.375,21.75,75.2625,0.0,9.0,0.8375862087259145,3.375,20.0,0.16605667419812156,11.75,0.0,113.5,95.125,12.75,63.0,19.375,42.875,12.25,30.625,19.5,14.75,1.33151541065144,4.25,12.75,35.1125,31.5,68.375,45.972494719172104,19.375,28.375,68.5875,0.0,7.625,0.5295724700136465,6.375,20.125,0.34477202364199266,14.75,0.0,102.375
87,103,2013-01-11,1,1,2012-13,Milwaukee Bucks,Detroit Pistons,101.125,23.625,61.75,15.75,44.5,13.75,30.75,22.875,14.875,1.8535817307692306,7.875,18.625,42.3625,30.875,67.75,45.65038793314683,15.75,19.75,79.975,0.0,9.25,0.8018028846153846,8.625,18.0,0.49347979323308266,14.875,0.0,119.875,101.125,25.875,62.25,13.0,50.875,15.375,35.5,20.75,16.875,1.287861197110423,8.625,21.0,40.375,31.125,64.375,49.216335613016746,13.0,18.75,69.275,0.0,5.875,0.36021593645432654,7.0,19.75,0.376797677079007,16.875,0.0,117.375
103,91,2013-01-11,1,1,2012-13,Boston Celtics,Houston Rockets,88.875,15.75,60.25,12.875,38.875,10.25,28.625,22.875,13.375,1.7541694416694418,5.25,17.375,30.7875,30.125,63.125,47.85465919211617,12.875,16.625,77.1,0.0,8.75,0.6739371739371739,3.5,20.25,0.17995718050065876,13.375,0.0,100.625,108.5,31.875,59.75,16.875,40.375,9.0,31.375,23.75,18.375,1.4424838173429,10.625,29.25,36.1375,29.875,53.25,55.85749638424088,16.875,23.625,71.7,0.0,10.0,0.566331813219012,3.125,18.25,0.19166785850495804,18.375,0.0,118.625
101,98,2013-01-11,1,1,2012-13,Memphis Grizzlies,San Antonio Spurs,91.125,14.25,61.5,15.375,42.875,13.125,29.75,21.5,14.0,1.727341714657891,4.75,14.125,32.8875,30.75,67.125,46.22718307446166,15.375,18.875,79.46249999999999,0.0,9.75,0.7391128479363773,4.875,19.0,0.25713501110172937,14.0,0.0,106.875,105.25,26.25,61.75,17.25,39.875,6.75,33.125,22.75,15.0,1.7114372469635626,8.75,22.25,40.65,30.875,57.625,53.35593560176586,17.25,20.875,82.45,0.0,9.0,0.6298968575284365,5.25,15.75,0.36846858473297095,15.0,0.0,123.25
98,91,2013-01-11,1,1,2012-13,Denver Nuggets,Cleveland Cavaliers,102.875,21.375,65.25,16.25,47.5,15.125,32.375,25.625,13.75,2.1264503588516748,7.125,19.75,35.1375,32.625,67.125,48.89976730629506,16.25,25.375,62.337500000000006,0.0,8.75,0.7200556747818745,6.25,20.75,0.3546759879080851,13.75,0.0,121.0,97.0,24.375,54.75,17.875,41.0,12.0,29.0,20.75,13.25,1.6420480561105562,8.125,20.625,40.0375,27.375,62.5,43.74509238396503,17.875,22.5,80.1125,0.0,8.375,0.6762210012210013,4.25,20.0,0.216810168997669,13.25,0.0,105.875
103,97,2013-01-11,1,1,2012-13,Golden State Warriors,Portland Trail Blazers,101.5,28.5,56.5,16.5,44.625,9.25,35.375,23.5,16.125,1.5505953567631199,9.5,21.25,44.9,28.25,60.0,47.26620381563146,16.5,20.125,82.3,0.0,7.875,0.5067275195564669,5.875,21.25,0.2827525913342477,16.125,0.0,120.125,95.625,25.875,55.25,14.5,41.875,10.875,31.0,22.5,13.125,1.8808701714951714,8.625,24.875,34.05,27.625,57.0,48.69563431563874,14.5,18.5,78.4375,0.0,6.625,0.5392492923742923,4.25,17.75,0.25496972833929354,13.125,0.0,108.125
99,79,2013-01-11,1,1,2012-13,Brooklyn Nets,Phoenix Suns,101.625,20.625,59.75,21.25,44.125,13.375,30.75,20.25,15.5,1.3578678266178266,6.875,21.125,32.45,29.875,59.625,50.12417823312007,21.25,26.75,80.375,0.0,8.5,0.5574061355311355,5.5,18.875,0.28664951641925324,15.5,0.0,115.0,91.0,11.25,66.0,13.75,42.25,12.0,30.25,21.875,13.875,1.967119338994339,3.75,16.125,22.7,33.0,67.625,48.82416160908808,13.75,18.75,73.575,0.0,6.5,0.5675725316350316,5.25,20.5,0.27256445999652523,13.875,0.0,101.0
104,92,2013-01-11,1,1,2012-13,New Orleans Hornets,Minnesota Timberwolves,94.0,19.125,61.75,13.125,43.75,12.0,31.75,22.375,13.25,1.743969531285708,6.375,17.25,35.650000000000006,30.875,65.875,46.797794281343336,13.125,17.875,72.2625,0.0,6.875,0.5243127685223273,5.875,17.375,0.33812340153452686,13.25,0.0,109.0,95.0,16.125,60.75,18.125,46.75,14.0,32.75,21.875,13.75,1.7095527988523345,5.375,18.0,30.4375,30.375,66.25,45.775943462357624,18.125,23.625,77.7375,0.0,6.0,0.45304097347441,4.875,16.25,0.3133465288796171,13.75,0.0,106.75
101,108,2013-01-11,1,1,2012-13,New York Knicks,Chicago Bulls,98.0,30.375,54.25,13.375,43.125,12.875,30.25,21.0,12.125,1.811343803255568,10.125,28.375,35.475,27.125,56.5,48.29094094723185,13.375,18.875,70.1,0.0,7.0,0.6223531982723159,4.375,19.125,0.24254496535456288,12.125,0.0,108.25,93.25,17.25,61.25,14.75,41.875,12.625,29.25,24.5,13.125,2.06112012987013,5.75,14.5,40.4125,30.625,69.75,44.225108468366884,14.75,19.625,74.5375,0.0,8.5,0.6925189393939394,4.375,20.125,0.21979757326478463,13.125,0.0,106.625
99,128,2013-01-12,1,1,2012-13,Sacramento Kings,Miami Heat,101.125,22.125,60.5,18.5,40.5,12.875,27.625,21.875,13.625,1.7006923223834989,7.375,21.375,33.5,30.25,61.75,49.092472212715855,18.5,24.25,76.41250000000001,0.0,8.25,0.6437558356676003,5.75,20.875,0.28623444386829144,13.625,0.0,112.625,96.25,21.0,57.25,18.0,40.5,8.5,32.0,18.875,13.0,1.676919934640523,7.0,21.0,33.2125,28.625,56.375,51.00032584755213,18.0,23.875,75.72500000000001,0.0,7.25,0.6596288515406162,5.875,17.75,0.3503210943468297,13.0,0.0,108.125
101,104,2013-01-12,1,1,2012-13,Los Angeles Clippers,Orlando Magic,102.75,24.75,59.25,18.75,42.375,11.75,30.625,24.5,14.25,1.9513640873015874,8.25,24.375,34.9875,29.625,56.75,52.00691550650889,18.75,27.875,66.3375,0.0,10.75,0.8454613095238095,5.625,22.125,0.27198725333805984,14.25,0.0,119.375,101.625,27.0,62.25,12.375,40.5,10.625,29.875,23.625,12.375,2.0152151769798827,9.0,25.375,35.12500000000001,31.125,60.0,51.83226787619355,12.375,16.0,79.1875,0.0,4.875,0.42632098293862997,5.25,19.875,0.2745542068297486,12.375,0.0,114.625
81,97,2013-01-12,1,1,2012-13,Chicago Bulls,Phoenix Suns,97.375,17.25,63.0,17.125,42.875,12.625,30.25,25.25,13.375,2.0854256854256854,5.75,14.125,41.6375,31.5,69.125,46.2377004321473,17.125,22.875,74.35,0.0,8.25,0.6699494949494949,4.75,21.25,0.22562055463124425,13.375,0.0,113.375,89.5,13.125,63.0,13.375,42.5,12.375,30.125,21.875,14.75,1.8787355006105007,4.375,16.125,27.1625,31.5,67.25,46.821899165649164,13.375,18.75,71.225,0.0,6.5,0.5454765720390721,5.625,21.0,0.2837824087144739,14.75,0.0,98.375
93,83,2013-01-12,1,1,2012-13,Washington Wizards,Atlanta Hawks,90.75,19.125,58.5,13.125,45.5,11.125,34.375,22.5,15.0,1.6128671235240506,6.375,18.0,34.75,29.25,65.75,44.55436141081934,13.125,18.5,71.825,0.0,6.125,0.44767858399340593,4.875,20.0,0.2572794234750756,15.0,0.0,101.25,95.25,28.875,56.25,10.125,38.5,7.75,30.75,23.5,15.0,1.7862506060116354,9.625,23.25,42.1,28.125,55.375,50.62338919555464,10.125,14.625,66.8875,0.0,6.875,0.49734196563240685,5.125,18.375,0.30740731534622034,15.0,0.0,108.875
107,100,2013-01-12,1,1,2012-13,Philadelphia 76ers,Houston Rockets,87.25,16.875,60.0,10.375,41.625,9.0,32.625,21.375,14.25,1.5846752512193691,5.625,17.625,30.65,30.0,65.25,45.924219501233324,10.375,15.375,69.275,0.0,7.0,0.5199521067168126,4.5,17.375,0.2619239232774449,14.25,0.0,95.25,105.375,31.125,57.75,16.5,40.25,9.0,31.25,23.25,17.125,1.507215960200043,10.375,29.375,35.25,28.875,52.375,54.902019630891786,16.5,24.0,69.6625,0.0,9.75,0.5893972894094882,3.125,18.125,0.19193842127552083,17.125,0.0,114.625
87,90,2013-01-12,1,1,2012-13,Detroit Pistons,Utah Jazz,101.5,25.125,63.0,13.375,50.0,15.125,34.875,20.75,16.875,1.287861197110423,8.375,20.75,39.712500000000006,31.5,64.625,49.61183472175115,13.375,19.25,69.4375,0.0,6.375,0.4018826031209932,6.375,19.125,0.36344297622430616,16.875,0.0,116.75,100.125,21.0,58.25,20.875,40.625,10.5,30.125,25.0,15.125,1.7106584156942128,7.0,16.875,39.625,29.125,63.25,45.66160569104998,20.875,26.625,76.825,0.0,9.25,0.6214372717710566,7.125,24.0,0.29719109015984013,15.125,0.0,117.25
104,83,2013-01-12,1,1,2012-13,Dallas Mavericks,Memphis Grizzlies,97.875,18.75,63.5,15.625,44.0,10.0,34.0,20.75,12.25,1.74625999000999,6.25,21.0,29.125,31.75,67.125,47.328729825820474,15.625,19.25,81.25,0.0,6.875,0.5621794871794872,5.5,21.5,0.26326990411549234,12.25,0.0,109.0,92.625,13.5,63.25,15.875,42.625,12.375,30.25,21.125,14.125,1.6854461102622869,4.5,13.75,31.85,31.625,66.875,47.56279951281782,15.875,19.375,79.875,0.0,9.75,0.7322447160682455,4.875,19.375,0.2531667571334754,14.125,0.0,108.875
96,88,2013-01-12,1,1,2012-13,Indiana Pacers,Charlotte Bobcats,89.0,19.125,52.25,17.625,47.375,15.125,32.25,18.25,13.875,1.4317420152946467,6.375,19.0,33.225,26.125,62.375,41.63932658034284,17.625,23.625,74.675,0.0,7.5,0.5793849726125269,5.0,17.875,0.2921593757120073,13.875,0.0,98.375,93.875,12.75,61.75,19.375,42.5,12.625,29.875,18.625,14.75,1.264207718343748,4.25,11.75,36.3625,30.875,67.875,45.33579725411643,19.375,27.375,71.47500000000001,0.0,7.5,0.5199570853982619,5.125,19.875,0.27111130935627836,14.75,0.0,100.375
83,87,2013-01-13,1,1,2012-13,Portland Trail Blazers,Oklahoma City Thunder,96.875,30.375,52.0,14.5,42.875,11.375,31.5,21.75,13.625,1.7206137612387613,10.125,27.875,36.4375,26.0,54.625,47.731498661377046,14.5,18.875,76.96249999999999,0.0,6.375,0.49010399322899323,4.0,16.625,0.2545815295815296,13.625,0.0,107.5,108.125,25.5,62.0,20.625,44.25,11.125,33.125,22.125,15.5,1.7404977375565611,8.5,22.0,39.5375,31.0,59.125,52.41598519615761,20.625,25.0,82.65,0.0,9.625,0.6856834750217103,6.125,18.625,0.3342953604366648,15.5,0.0,128.75
100,87,2013-01-13,1,1,2012-13,New York Knicks,New Orleans Hornets,98.875,31.125,53.5,14.25,43.25,13.75,29.5,20.625,12.25,1.761154409316174,10.375,27.875,37.4,26.75,57.125,47.316384457969484,14.25,19.75,71.7625,0.0,7.25,0.634663804332922,4.375,19.5,0.24093782249742002,12.25,0.0,108.75,94.875,21.375,61.75,11.75,44.75,12.5,32.25,23.625,13.75,1.7589267962429727,7.125,18.5,38.1125,30.875,65.625,47.02460879747237,11.75,16.5,71.5,0.0,6.875,0.502945247154806,5.375,18.5,0.3010758902223097,13.75,0.0,110.875
113,93,2013-01-13,1,1,2012-13,Los Angeles Lakers,Cleveland Cavaliers,105.25,24.375,63.0,17.875,43.625,11.875,31.75,24.25,12.75,1.975705024142524,8.125,27.0,29.275000000000002,31.5,61.125,51.891231265045306,17.875,25.5,71.2,0.0,6.625,0.5667648323898324,6.25,18.875,0.32928393481378404,12.75,0.0,117.125,97.5,22.5,57.5,17.5,40.625,11.75,28.875,19.75,13.875,1.492048056110556,7.5,20.25,38.0125,28.75,63.25,45.52974216041808,17.5,21.625,81.3375,0.0,9.0,0.6803876678876679,4.375,21.75,0.21003933566433566,13.875,0.0,106.0
116,105,2013-01-13,1,1,2012-13,Denver Nuggets,Golden State Warriors,99.375,18.375,65.0,16.0,48.5,15.0,33.5,24.75,15.125,1.9105412679425835,6.125,19.0,31.45,32.5,66.375,49.231206700234445,16.0,25.25,61.837500000000006,0.0,8.0,0.6291465838727835,6.25,20.5,0.3582991763138822,15.125,0.0,115.75,100.0,25.5,57.75,16.75,44.5,8.75,35.75,23.125,16.125,1.5165044476722107,8.5,19.75,43.4125,28.875,61.625,46.96265840523806,16.75,20.375,82.55,0.0,8.625,0.5749093377382851,5.375,20.25,0.2749400913342477,16.125,0.0,117.875
106,88,2013-01-13,1,1,2012-13,San Antonio Spurs,Minnesota Timberwolves,102.25,25.5,60.0,16.75,40.0,7.125,32.875,23.25,14.75,1.7537983580746739,8.5,22.5,39.125,30.0,57.25,52.075979174750614,16.75,20.625,81.2125,0.0,8.375,0.6048968575284365,5.125,15.75,0.36251620378059,14.75,0.0,119.125,95.125,15.0,60.75,19.375,44.75,13.125,31.625,21.875,13.375,1.7410654038943514,5.0,17.5,29.2375,30.375,64.875,46.950042134084384,19.375,25.5,76.475,0.0,6.25,0.4787762675920571,5.125,15.125,0.3404444309775192,13.375,0.0,106.625
96,107,2013-01-13,1,1,2012-13,Toronto Raptors,Milwaukee Bucks,98.25,25.125,58.0,15.125,40.0,10.875,29.125,26.5,12.125,2.4176924178762413,8.375,23.25,33.9625,29.0,57.125,50.55790305421475,15.125,20.5,74.175,0.0,8.25,0.7299473198370258,3.625,20.25,0.17514758328903066,12.125,0.0,116.125,98.5,20.25,63.0,15.25,44.375,13.625,30.75,21.875,14.125,1.8535817307692308,6.75,18.5,35.8,31.5,68.75,45.88670634110703,15.25,19.75,77.35,0.0,8.5,0.7809695512820513,9.5,17.875,0.5411771616541353,14.125,0.0,115.125
97,86,2013-01-13,1,1,2012-13,Brooklyn Nets,Indiana Pacers,102.375,21.375,59.25,21.75,44.25,13.125,31.125,19.625,15.0,1.3500553266178266,7.125,20.125,35.85,29.625,59.0,50.17232459806952,21.75,27.75,79.2,0.0,8.625,0.5912603021978022,4.875,18.5,0.2547050719748088,15.0,0.0,116.375,88.875,20.25,52.5,16.125,47.375,15.25,32.125,18.875,13.75,1.487694396247028,6.75,20.5,31.8875,26.25,62.375,41.84424461312973,16.125,21.5,75.0,0.0,8.125,0.6275992583268125,5.5,17.75,0.31651002506265663,13.75,0.0,99.75
90,102,2013-01-14,1,1,2012-13,Phoenix Suns,Oklahoma City Thunder,88.25,14.625,59.75,13.875,42.5,12.125,30.375,21.125,16.375,1.3134577228327229,4.875,15.75,31.05,29.875,64.625,46.459081369039,13.875,18.875,72.9125,0.0,6.25,0.40519879426129424,6.375,20.625,0.3253584956709957,16.375,0.0,97.5,103.5,22.875,60.5,20.125,43.0,10.375,32.625,21.875,14.75,1.7717477375565611,7.625,21.25,37.2,30.25,57.0,53.03297237564479,20.125,24.875,80.9,0.0,8.375,0.6416493841126194,5.375,18.75,0.29153220254192797,14.75,0.0,122.25
73,99,2013-01-14,1,1,2012-13,Memphis Grizzlies,Los Angeles Clippers,92.875,12.75,62.75,17.375,41.625,12.0,29.625,21.125,13.75,1.7664120193531958,4.25,12.375,33.25,31.375,67.625,46.7968220692088,17.375,21.75,80.42500000000001,0.0,9.375,0.7237219887955182,4.75,19.125,0.2507157767413185,13.75,0.0,107.25,102.125,23.625,60.5,18.0,41.25,11.625,29.625,24.625,14.375,1.9114335317460318,7.875,23.375,35.1,30.25,58.125,51.85540035499373,18.0,25.625,72.5875,0.0,10.25,0.7690724206349207,5.5,21.75,0.2733761422269487,14.375,0.0,118.375
124,118,2013-01-14,1,1,2012-13,Sacramento Kings,Cleveland Cavaliers,100.25,19.875,61.75,18.625,41.25,13.5,27.75,21.25,14.375,1.5516281512605041,6.625,19.875,33.5,30.875,63.375,48.98895254397879,18.625,24.5,76.0625,0.0,7.375,0.5481676003734827,5.25,20.875,0.2599186543946072,14.375,0.0,109.375,97.375,21.0,59.25,17.125,40.5,12.625,27.875,20.375,14.5,1.4636389652014652,7.0,20.25,35.625,29.625,64.375,46.057288937964856,17.125,21.375,80.3,0.0,8.875,0.6335126678876679,4.125,22.375,0.19069409756909755,14.5,0.0,104.5
100,89,2013-01-14,1,1,2012-13,Boston Celtics,Charlotte Bobcats,92.125,16.875,62.5,12.75,39.25,10.375,28.875,23.125,13.125,1.787155552780553,5.625,18.25,30.9875,31.25,63.125,49.86358776354474,12.75,16.75,75.63749999999999,0.0,9.125,0.7017149517149517,3.875,21.0,0.18951490164008905,13.125,0.0,105.875,93.375,12.0,62.75,18.625,42.0,12.5,29.5,18.875,14.375,1.3104262057387057,4.0,10.875,37.262499999999996,31.375,68.75,45.481593909046005,18.625,25.875,73.15,0.0,7.375,0.5204822954822955,5.25,19.625,0.2807704002653693,14.375,0.0,101.0
120,91,2013-01-14,1,1,2012-13,Washington Wizards,Orlando Magic,91.875,18.375,59.25,14.25,45.5,11.125,34.375,21.875,14.625,1.6003671235240506,6.125,17.125,34.25,29.625,67.0,44.12332692806072,14.25,20.125,71.7,0.0,6.75,0.48885505458164125,4.625,20.75,0.24008365627930844,14.625,0.0,101.75,102.875,27.0,63.0,12.875,40.875,10.5,30.375,24.0,12.25,2.0612316604963663,9.0,24.75,36.0375,31.5,60.875,51.704716855785385,12.875,16.75,78.47500000000001,0.0,5.0,0.4393704334880806,4.75,19.25,0.24820616761406236,12.25,0.0,116.25
113,98,2013-01-14,1,1,2012-13,Dallas Mavericks,Minnesota Timberwolves,100.25,21.0,63.5,15.75,44.625,9.75,34.875,21.875,11.5,1.9657044344544345,7.0,20.0,34.7125,31.75,67.125,47.328729825820474,15.75,19.25,81.83749999999999,0.0,6.5,0.5705128205128205,5.5,22.375,0.2500123283579166,11.5,0.0,115.375,95.625,13.875,61.75,20.0,43.25,13.375,29.875,22.5,13.625,1.7600386181800656,4.625,16.0,29.2375,30.875,67.0,46.335438415884774,20.0,26.25,76.7,0.0,6.5,0.4832405533063428,5.25,14.875,0.3612777643108525,13.625,0.0,105.75
104,97,2013-01-14,1,1,2012-13,Utah Jazz,Miami Heat,97.125,19.5,59.75,17.875,40.125,10.5,29.625,25.125,15.0,1.7276620921648012,6.5,16.25,38.375,29.875,63.875,46.43370756458628,17.875,23.875,74.28750000000001,0.0,9.875,0.6637166835357624,6.625,22.75,0.2868927947052947,15.0,0.0,114.125,99.875,24.0,56.75,19.125,40.625,8.5,32.125,21.0,12.5,1.9537056489262372,8.0,22.0,35.075,28.375,55.75,51.32736073127306,19.125,24.875,77.28750000000001,0.0,7.875,0.7435574229691877,6.625,18.125,0.3836270153994612,12.5,0.0,116.375
97,58,2013-01-14,1,1,2012-13,Chicago Bulls,Atlanta Hawks,95.375,15.75,62.75,16.875,44.25,14.0,30.25,24.75,13.25,2.060804473304473,5.25,13.0,40.1625,31.375,70.875,44.95703665148352,16.875,23.0,72.65,0.0,8.25,0.6756313131313131,5.125,21.125,0.24755037919264775,13.25,0.0,111.125,92.0,27.75,53.5,10.75,38.75,7.25,31.5,23.125,14.875,1.7747616354234002,9.25,23.75,39.5,26.75,54.625,48.864129936295384,10.75,16.0,65.0625,0.0,6.875,0.5010184362206421,5.375,18.0,0.321537750128829,14.875,0.0,103.625
104,88,2013-01-15,1,1,2012-13,Los Angeles Lakers,Milwaukee Bucks,105.125,25.125,62.25,17.75,44.0,11.375,32.625,24.625,13.625,1.9158565392940392,8.375,26.5,31.0375,31.125,59.875,52.6172413660554,17.75,25.125,71.7125,0.0,7.75,0.6125981657231657,5.875,17.625,0.3338825970211419,13.625,0.0,119.5,98.875,20.25,63.0,15.625,42.75,12.875,29.875,21.875,14.875,1.5514983974358976,6.75,18.25,36.3,31.5,66.375,47.58845287043976,15.625,20.5,75.91250000000001,0.0,7.0,0.4788862179487179,9.25,18.625,0.518545582706767,14.875,0.0,113.625
76,103,2013-01-15,1,1,2012-13,Charlotte Bobcats,Indiana Pacers,94.375,13.125,63.25,18.0,41.75,12.25,29.5,19.375,14.75,1.3208428724053725,4.375,11.5,38.512499999999996,31.625,68.875,45.79471394872855,18.0,24.875,73.4,0.0,7.625,0.5246489621489622,5.75,19.25,0.3057704002653693,14.75,0.0,102.875,87.125,20.625,51.5,15.0,47.75,15.0,32.75,18.625,13.625,1.487694396247028,6.875,21.625,30.849999999999998,25.75,61.625,41.64215856358605,15.0,20.25,74.6125,0.0,8.375,0.6637103694379236,5.875,18.5,0.32008145363408524,13.625,0.0,98.25
115,111,2013-01-15,1,1,2012-13,Denver Nuggets,Portland Trail Blazers,100.625,17.25,65.75,17.625,46.5,14.625,31.875,25.0,13.75,2.1679425837320574,5.75,18.875,30.25,32.875,66.0,50.106026325054074,17.625,26.875,64.425,0.0,8.125,0.735232110188573,6.25,19.5,0.3635075096472155,13.75,0.0,117.25,96.125,29.625,51.75,14.75,43.25,12.125,31.125,21.5,13.75,1.6817880036630037,9.875,27.625,35.6625,25.875,56.125,46.40711549737124,14.75,19.125,77.2125,0.0,5.75,0.4304449023199023,4.0,17.125,0.24267676767676769,13.75,0.0,104.5
99,111,2013-01-15,1,1,2012-13,Philadelphia 76ers,New Orleans Hornets,89.5,17.25,61.75,10.5,41.625,8.875,32.75,21.5,14.25,1.5960388875830054,5.75,17.375,31.6875,30.875,65.5,47.030103126584834,10.5,14.875,71.525,0.0,6.25,0.45177028853499446,4.75,17.25,0.276909303394404,14.25,0.0,98.75,93.625,21.0,61.0,11.625,44.25,12.625,31.625,22.5,13.625,1.6991841491841493,7.0,19.75,35.474999999999994,30.5,64.375,47.371575144807174,11.625,16.25,71.7875,0.0,7.375,0.5351143648018648,5.125,18.5,0.29020632500491833,13.625,0.0,108.0
109,117,2013-01-15,1,1,2012-13,Houston Rockets,Los Angeles Clippers,106.125,31.125,58.75,16.25,41.0,9.375,31.625,23.625,16.25,1.5678777249059253,10.375,29.625,35.0375,29.375,52.25,55.97694706195129,16.25,23.375,70.625,0.0,8.875,0.5658066031349784,2.875,18.0,0.17878052653867874,16.25,0.0,117.0,100.0,22.875,60.25,16.875,42.375,11.625,30.75,24.625,13.625,2.005183531746032,7.625,22.25,35.762499999999996,30.125,59.125,50.72786152584201,16.875,24.5,71.9,0.0,9.875,0.7831349206349206,6.625,20.5,0.33258666854273816,13.625,0.0,118.625
113,106,2013-01-15,1,1,2012-13,Brooklyn Nets,Toronto Raptors,102.375,20.25,59.75,22.375,44.75,13.625,31.125,19.625,14.75,1.3783291361416363,6.75,18.5,37.050000000000004,29.875,61.25,48.832087010497176,22.375,28.375,79.66250000000001,0.0,8.25,0.5704269688644689,4.375,17.375,0.2432467386414755,14.75,0.0,115.5,100.25,23.625,59.75,16.875,40.625,11.75,28.875,26.625,12.125,2.4260257512095746,7.875,22.625,31.987500000000004,29.875,58.625,50.870403054214755,16.875,22.375,76.61250000000001,0.0,7.875,0.7049473198370257,3.625,20.5,0.17389445045695046,12.125,0.0,117.875
117,97,2013-01-16,1,1,2012-13,Oklahoma City Thunder,Denver Nuggets,102.0,22.875,59.5,19.625,42.875,9.75,33.125,21.0,15.5,1.3785659193747428,7.625,21.5,36.7125,29.75,56.375,52.79198978858011,19.625,24.625,79.625,0.0,8.75,0.5939221113853467,5.25,19.125,0.27486553587526125,15.5,0.0,118.875,106.0,19.5,68.75,17.75,46.25,14.75,31.5,26.75,12.875,2.4304425837320576,6.5,20.0,32.4,34.375,68.75,50.274945243972994,17.75,27.0,64.6875,0.0,9.0,0.8484674043062201,5.625,20.25,0.3229064866293127,12.875,0.0,123.625
103,82,2013-01-16,1,1,2012-13,San Antonio Spurs,Memphis Grizzlies,101.625,25.5,61.0,15.125,39.875,7.25,32.625,24.5,15.5,1.7503261358524518,8.5,22.75,38.625,30.5,56.875,53.26173641914646,15.125,19.0,79.36250000000001,0.0,8.75,0.6048968575284365,6.125,17.0,0.3785980751256192,15.5,0.0,120.875,91.625,13.875,61.0,16.75,42.125,12.75,29.375,20.75,13.625,1.7507870193531958,4.625,13.5,33.5875,30.5,67.375,45.671592430507026,16.75,20.875,80.61250000000001,0.0,9.125,0.7126925770308123,4.5,19.625,0.23672976275530455,13.625,0.0,104.625
95,94,2013-01-16,1,1,2012-13,Sacramento Kings,Washington Wizards,101.0,19.5,61.75,19.75,40.625,14.25,26.375,20.75,14.25,1.532397382029735,6.5,19.75,33.175,30.875,63.75,48.672575372762914,19.75,25.5,77.05000000000001,0.0,7.375,0.5536621058679881,5.125,21.75,0.2435496067755596,14.25,0.0,108.75,93.75,18.75,60.0,15.0,44.875,10.875,34.0,22.75,14.625,1.6799125780695054,6.25,16.0,38.45,30.0,67.375,44.371877052335776,15.0,21.125,71.175,0.0,7.0,0.511582327308914,4.375,21.625,0.20436937056502275,14.625,0.0,104.875
105,107,2013-01-16,1,1,2012-13,Toronto Raptors,Chicago Bulls,100.5,24.375,60.0,16.125,40.625,12.25,28.375,26.25,13.0,2.1849543226381463,8.125,21.25,36.112500000000004,30.0,59.625,50.291286874599635,16.125,21.25,77.175,0.0,7.0,0.5531616055513113,3.0,20.375,0.14575592231842233,13.0,0.0,116.5,96.625,15.375,62.75,18.5,45.5,14.25,31.25,24.0,13.875,1.8881854256854256,5.125,12.75,40.05,31.375,70.125,45.395823217030646,18.5,24.875,73.7875,0.0,8.25,0.6458694083694084,6.0,20.375,0.31502197010173866,13.875,0.0,113.75
105,100,2013-01-16,1,1,2012-13,Dallas Mavericks,Houston Rockets,103.625,22.875,64.25,16.5,43.0,8.5,34.5,23.125,11.375,2.116840798090798,7.625,19.625,39.699999999999996,32.125,65.25,49.28679944607364,16.5,20.0,82.3125,0.0,6.625,0.5898310023310024,4.875,22.625,0.21973282525232654,11.375,0.0,121.25,104.375,30.0,58.5,15.875,40.25,10.375,29.875,23.0,16.875,1.4222811339968344,10.0,30.625,32.525000000000006,29.25,51.0,57.16381574881998,15.875,23.75,67.9625,0.0,8.875,0.5302952394986148,2.375,19.5,0.12739712732919256,16.875,0.0,111.75
88,93,2013-01-16,1,1,2012-13,Portland Trail Blazers,Cleveland Cavaliers,96.875,28.5,52.75,15.625,43.125,11.625,31.5,21.875,14.125,1.67438668787353,9.5,26.875,35.2,26.375,57.75,45.56182861212533,15.625,19.75,79.19999999999999,0.0,5.625,0.41646463916200754,4.875,16.875,0.28642676767676767,14.125,0.0,105.375,99.625,20.625,61.0,18.0,40.25,13.375,26.875,20.0,13.5,1.5428056318681318,6.875,19.75,36.25,30.5,66.125,46.13156737599542,18.0,22.75,79.60000000000001,0.0,8.75,0.6599015567765568,4.5,22.375,0.20631909756909755,13.5,0.0,106.375
97,86,2013-01-16,1,1,2012-13,Orlando Magic,Indiana Pacers,102.125,25.125,63.75,13.25,40.5,10.75,29.75,23.75,12.25,2.0433745176392235,8.375,23.5,35.050000000000004,31.875,62.25,51.25181830506075,13.25,17.25,78.25,0.0,5.25,0.45722757634522343,4.875,19.625,0.2524128983832931,12.25,0.0,114.75,89.0,19.125,54.5,15.375,50.5,15.875,34.625,19.125,13.375,1.5371735629136947,6.375,21.25,29.4,27.25,64.125,42.582329503756995,15.375,20.75,74.46249999999999,0.0,7.875,0.6402728694379236,5.875,19.125,0.30774592731829575,13.375,0.0,101.875
109,95,2013-01-16,1,1,2012-13,Atlanta Hawks,Brooklyn Nets,86.25,24.0,51.25,11.0,39.125,8.125,31.0,22.0,15.0,1.685475921137686,8.0,22.625,34.7625,25.625,54.75,47.12466549380197,11.0,16.375,64.35,0.0,6.75,0.4891136743158802,5.375,19.0,0.305912750128829,15.0,0.0,95.375,103.625,21.75,60.0,21.875,44.125,13.375,30.75,20.5,13.75,1.7027338980463982,7.25,19.25,38.475,30.0,61.25,49.04042034383051,21.875,27.0,81.525,0.0,7.875,0.6507841117216118,4.375,18.0,0.23580626245099928,13.75,0.0,118.375
75,92,2013-01-16,1,1,2012-13,Golden State Warriors,Miami Heat,98.75,26.625,56.25,15.875,43.5,7.625,35.875,23.375,16.0,1.539896260537708,8.875,19.125,45.875,28.125,59.75,47.23750952754681,15.875,19.5,81.08749999999999,0.0,7.375,0.5102163552821447,5.375,20.5,0.27257266709182343,16.0,0.0,116.875,101.375,25.875,57.0,18.5,37.125,7.5,29.625,21.875,11.75,2.0548961251167137,8.625,23.25,36.1125,28.5,54.0,53.226453701794604,18.5,23.875,77.28750000000001,0.0,8.5,0.7923669467787116,6.5,19.0,0.3676956428504416,11.75,0.0,118.125
78,90,2013-01-16,1,1,2012-13,Boston Celtics,New Orleans Hornets,94.25,18.0,63.75,12.5,39.75,10.5,29.25,24.25,13.375,1.8390786297036297,6.0,18.125,32.9125,31.875,62.5,51.35325937371424,12.5,16.625,74.86250000000001,0.0,8.625,0.6555611055611056,4.5,21.75,0.21213394925913667,13.375,0.0,111.125,95.25,20.625,63.5,11.125,45.5,12.875,32.625,22.25,13.625,1.6825174825174825,6.875,19.0,36.7,31.75,65.25,48.73762289016526,11.125,15.625,71.575,0.0,6.875,0.5017810314685315,4.75,18.25,0.275622991671585,13.625,0.0,110.875
90,99,2013-01-17,1,1,2012-13,Los Angeles Lakers,Miami Heat,105.125,26.25,62.0,16.875,43.25,10.375,32.875,24.75,13.5,1.9613110847485848,8.75,27.125,31.700000000000003,31.0,59.0,53.23674283233107,16.875,23.875,71.07499999999999,0.0,7.875,0.6296436202686203,5.875,18.25,0.3192992636878086,13.5,0.0,120.0,98.875,26.625,55.5,16.75,39.375,8.0,31.375,21.875,12.5,1.8570939273145157,8.875,24.25,35.987500000000004,27.75,53.625,52.323533619827394,16.75,21.75,76.3375,0.0,8.75,0.7374218918336565,6.75,19.625,0.37404591023012074,12.5,0.0,116.875
94,98,2013-01-17,1,1,2012-13,Phoenix Suns,Milwaukee Bucks,87.5,15.0,59.0,13.5,43.375,12.625,30.75,21.0,16.375,1.3051243894993894,5.0,15.875,31.3875,29.5,65.25,45.25459298234722,13.5,19.0,70.25,0.0,6.25,0.40519879426129424,6.875,20.625,0.35035849567099564,16.375,0.0,96.5,98.125,19.125,63.25,15.75,45.375,14.25,31.125,21.375,14.75,1.5250560897435896,6.375,18.875,33.9875,31.625,68.0,46.60724778475707,15.75,21.125,74.475,0.0,6.625,0.4532451923076923,9.125,18.125,0.5195376461988304,14.75,0.0,111.625
87,102,2013-01-17,1,1,2012-13,Detroit Pistons,New York Knicks,100.375,24.375,63.0,13.0,46.75,13.625,33.125,20.625,16.875,1.2805082559339527,8.125,20.375,39.1375,31.5,62.125,51.68222809649235,13.0,19.375,67.175,0.0,6.625,0.4165884854739344,6.75,18.75,0.38253388531521526,16.875,0.0,115.0,99.0,31.875,51.75,15.375,43.75,13.875,29.875,21.0,12.0,1.855851379013144,10.625,28.875,36.875,25.875,55.25,47.32752527793383,15.375,21.125,72.3375,0.0,7.0,0.6270880467571643,4.25,20.0,0.22658208020050125,12.0,0.0,109.625
77,90,2013-01-17,1,1,2012-13,Minnesota Timberwolves,Los Angeles Clippers,94.0,14.25,59.0,20.75,42.625,14.5,28.125,21.5,14.25,1.5808719515133989,4.75,16.25,29.5125,29.5,66.25,44.87010797168109,20.75,26.625,78.5,0.0,6.75,0.4915738866396761,5.125,15.0,0.35115871669180493,14.25,0.0,101.625,101.25,24.0,60.25,17.0,41.625,11.75,29.875,24.125,14.125,1.9278025793650793,8.0,22.375,37.45,30.125,59.0,50.83732480267816,17.0,24.125,73.425,0.0,9.5,0.7424603174603174,5.625,19.875,0.296414507370577,14.125,0.0,117.625
100,106,2013-01-18,1,1,2012-13,Orlando Magic,Charlotte Bobcats,103.25,27.75,63.0,12.5,41.125,10.5,30.625,25.125,12.875,2.0240292795439854,9.25,23.875,38.712500000000006,31.5,62.5,50.485640038882494,12.5,15.125,84.5,0.0,5.75,0.4542513858690329,4.125,20.5,0.18798982146021617,12.875,0.0,118.25,92.0,12.75,60.0,19.25,40.375,11.25,29.125,17.625,14.25,1.245322039072039,4.25,11.375,37.675,30.0,68.125,43.81921360366298,19.25,26.125,74.8625,0.0,7.625,0.5454822954822954,5.625,20.0,0.2869085076822491,14.25,0.0,96.875
108,112,2013-01-18,1,1,2012-13,Denver Nuggets,Washington Wizards,106.625,17.625,69.0,20.0,44.125,14.25,29.875,25.875,13.5,2.3366925837320576,5.875,19.0,30.2625,34.5,68.625,50.60004752334178,20.0,29.0,67.9375,0.0,8.5,0.8041965709728868,6.125,19.875,0.3471539782681087,13.5,0.0,121.5,95.875,20.625,60.75,14.5,43.0,10.25,32.75,24.375,14.75,1.7624289179387862,6.875,16.875,40.587500000000006,30.375,66.625,45.32115241465462,14.5,20.25,71.925,0.0,7.625,0.545487556067084,4.5,21.75,0.20988407644737567,14.75,0.0,108.625
108,101,2013-01-18,1,1,2012-13,Philadelphia 76ers,Toronto Raptors,91.25,19.875,60.75,10.625,40.0,8.375,31.625,22.625,14.25,1.6825773491214668,6.625,17.875,35.300000000000004,30.375,64.625,46.88545510344115,10.625,15.125,70.9125,0.0,6.25,0.4517702885349944,4.625,18.125,0.2620283510134516,14.25,0.0,100.5,98.25,21.0,60.25,17.0,40.5,12.75,27.75,24.625,13.625,1.8616370149458386,7.0,19.875,33.85,30.125,61.375,49.04293377842046,17.0,22.625,76.63749999999999,0.0,7.375,0.563978913243619,3.375,21.75,0.15341875756746445,13.625,0.0,110.75
114,117,2013-01-18,1,1,2012-13,Dallas Mavericks,Oklahoma City Thunder,103.875,21.0,63.5,19.375,43.625,8.875,34.75,22.75,11.125,2.1314241314241316,7.0,19.625,36.849999999999994,31.75,65.75,48.2972161127403,19.375,23.25,84.1125,0.0,6.75,0.6148310023310024,5.0,21.875,0.23262756209443178,11.125,0.0,120.375,105.0,23.25,61.25,20.5,43.0,10.875,32.125,21.25,14.75,1.455351633660457,7.75,21.5,37.375,30.625,57.875,52.939296185886505,20.5,25.75,79.67500000000001,0.0,9.5,0.6608863970996324,5.625,19.625,0.282313200931622,14.75,0.0,123.375
94,89,2013-01-18,1,1,2012-13,Brooklyn Nets,Atlanta Hawks,106.375,21.75,62.25,22.375,44.375,14.375,30.0,20.875,13.25,1.75729739010989,7.25,20.375,37.462500000000006,31.125,61.75,50.53955753106088,22.375,27.0,84.4625,0.0,7.875,0.6686412545787546,4.125,18.125,0.2211863794100636,13.25,0.0,122.0,88.0,23.625,52.5,11.875,39.375,9.0,30.375,22.375,16.125,1.4075741354234002,7.875,22.5,34.4125,26.25,54.25,48.68132353234093,11.875,17.5,66.1875,0.0,6.875,0.42661367431588015,4.75,19.875,0.24025618447226335,16.125,0.0,97.0
95,88,2013-01-18,1,1,2012-13,San Antonio Spurs,Golden State Warriors,101.5,26.625,60.5,14.375,39.5,7.25,32.25,25.5,15.5,1.8272492127755284,8.875,23.25,39.5125,30.25,56.75,52.96585681657486,14.375,18.25,77.48750000000001,0.0,8.5,0.5856660882976672,6.5,17.75,0.38285943876198286,15.5,0.0,121.25,96.375,24.375,56.75,15.25,44.625,7.875,36.75,23.125,17.375,1.403586736728184,8.125,18.375,42.75,28.375,60.25,47.3294212922527,15.25,19.25,78.9375,0.0,6.75,0.41497826004404953,4.875,20.875,0.24281076232991866,17.375,0.0,112.25
99,100,2013-01-18,1,1,2012-13,Boston Celtics,Chicago Bulls,92.0,16.875,64.0,11.125,39.5,10.0,29.5,23.875,13.625,1.7820273476523476,5.625,17.625,31.712500000000002,32.0,61.5,52.38562544514281,11.125,16.25,68.36250000000001,0.0,9.125,0.67992007992008,4.625,21.5,0.2196391252425735,13.625,0.0,108.875,99.875,15.0,64.5,20.375,45.125,14.125,31.0,24.25,14.25,1.84760101010101,5.0,12.125,40.3375,32.25,69.75,46.74838731959475,20.375,27.125,75.17500000000001,0.0,7.5,0.5606421356421356,5.625,20.25,0.3031940131124914,14.25,0.0,116.75
85,69,2013-01-18,1,1,2012-13,Memphis Grizzlies,Sacramento Kings,90.25,11.25,61.5,17.5,41.25,12.5,28.75,19.25,13.375,1.673336038961039,3.75,12.375,29.425,30.75,68.25,45.372850292142246,17.5,21.625,81.2125,0.0,8.625,0.687202380952381,4.5,19.5,0.23810843922589278,13.375,0.0,100.25,100.75,18.0,64.0,18.75,41.375,13.625,27.75,21.25,14.75,1.5224767471090999,6.0,17.875,34.5375,32.0,65.5,49.128656453843995,18.75,24.5,75.2125,0.0,7.375,0.5338208360267184,4.875,22.0,0.23048142495737778,14.75,0.0,109.75
105,95,2013-01-18,1,1,2012-13,Indiana Pacers,Houston Rockets,88.625,18.0,57.25,13.375,50.0,16.0,34.0,19.25,13.125,1.5621735629136946,6.0,21.375,26.962500000000002,28.625,65.0,44.098120246283514,13.375,18.375,74.3875,0.0,7.5,0.6240963988496884,6.375,19.5,0.33243080126787555,13.125,0.0,101.875,103.875,32.25,55.0,16.625,40.625,10.125,30.5,22.5,17.5,1.3164572703604707,10.75,31.0,35.0125,27.5,50.75,54.36125850826095,16.625,24.625,68.3125,0.0,9.0,0.520352057680433,2.75,21.125,0.1298216962947098,17.5,0.0,109.75
82,85,2013-01-19,1,1,2012-13,Chicago Bulls,Memphis Grizzlies,100.375,15.0,64.5,20.875,46.125,14.0,32.125,23.5,16.0,1.4904581529581529,5.0,12.5,39.2875,32.25,69.125,47.245182191389624,20.875,28.0,74.66250000000001,0.0,7.125,0.45945165945165944,5.125,21.0,0.26981333129430957,16.0,0.0,114.75,90.375,11.625,61.75,17.0,41.625,12.375,29.25,20.25,13.5,1.7290652056277056,3.875,12.625,29.7875,30.875,67.625,45.8963862446997,17.0,21.875,77.4625,0.0,8.375,0.6663690476190476,4.625,19.25,0.2537334392258928,13.5,0.0,101.375
94,87,2013-01-19,1,1,2012-13,Los Angeles Clippers,Washington Wizards,102.75,24.0,61.5,17.25,41.875,11.375,30.5,24.5,14.5,1.9278025793650793,8.0,20.375,40.112500000000004,30.75,60.875,50.31914878227,17.25,23.375,75.975,0.0,9.5,0.7285714285714286,5.375,20.125,0.2790533962594659,14.5,0.0,120.875,98.125,21.0,62.75,14.375,43.125,10.25,32.875,24.75,15.5,1.7255241560340244,7.0,16.5,41.75,31.375,67.125,46.711420537792655,14.375,20.5,70.8,0.0,8.375,0.5740589846385125,5.125,21.375,0.2443949460125931,15.5,0.0,112.625
112,116,2013-01-19,1,1,2012-13,New Orleans Hornets,Golden State Warriors,95.75,17.625,64.25,13.875,45.625,12.5,33.125,21.25,14.25,1.5735431235431234,5.875,18.625,31.925,32.125,64.25,50.208650369257256,13.875,18.0,77.89999999999999,0.0,7.125,0.5076570998445998,4.5,18.75,0.2567154286463749,14.25,0.0,111.0,95.375,23.25,58.0,14.125,43.375,7.625,35.75,23.5,16.25,1.5841422922837396,7.75,18.25,40.725,29.0,60.875,47.85463137628631,14.125,17.75,79.55,0.0,6.625,0.43581159337738284,4.75,21.125,0.23497868212941742,16.25,0.0,111.375
92,79,2013-01-19,1,1,2012-13,Minnesota Timberwolves,Houston Rockets,93.125,15.0,58.75,19.375,42.625,14.125,28.5,21.75,14.5,1.5734314753229226,5.0,16.5,30.675000000000004,29.375,66.0,44.83279453884526,19.375,25.375,76.625,0.0,7.125,0.509431029496819,4.25,14.875,0.30459008924082454,14.5,0.0,100.25,101.375,32.25,52.25,16.875,40.75,10.5,30.25,21.375,17.375,1.2649221826411723,10.75,30.625,35.5,26.125,51.125,51.3140886969402,16.875,24.25,71.35,0.0,8.25,0.48343685300207045,3.625,20.75,0.18460110805941568,17.375,0.0,105.75
93,98,2013-01-19,1,1,2012-13,Atlanta Hawks,San Antonio Spurs,88.625,23.25,53.75,11.625,39.0,8.875,30.125,21.875,16.0,1.3882726648351649,7.75,21.5,35.4625,26.875,55.875,48.483276369481686,11.625,16.75,67.6125,0.0,6.75,0.42201808608058605,4.625,20.625,0.22967926139534028,16.0,0.0,97.0,98.75,25.125,59.0,14.625,40.25,7.125,33.125,23.875,15.875,1.5431583036846195,8.375,23.875,35.737500000000004,29.5,55.0,53.223280188222375,14.625,17.875,80.03750000000001,0.0,7.75,0.48339336102493996,6.625,16.375,0.4082217576025625,15.875,0.0,117.125
93,97,2013-01-19,1,1,2012-13,Charlotte Bobcats,Sacramento Kings,93.875,12.75,61.0,20.125,39.25,11.125,28.125,17.875,13.375,1.3299179986679988,4.25,11.625,36.8375,30.5,69.0,43.93426335490677,20.125,26.125,77.16250000000001,0.0,7.25,0.5467449217449217,5.0,20.625,0.24853131469979295,13.375,0.0,98.0,97.25,17.625,62.0,17.625,41.0,13.5,27.5,19.625,15.625,1.3136532176973352,5.875,17.125,34.6875,31.0,65.875,47.5522675649551,17.625,23.5,72.92500000000001,0.0,7.375,0.49264436543848306,5.0,21.625,0.24569524074685145,15.625,0.0,102.625
104,110,2013-01-19,1,1,2012-13,Portland Trail Blazers,Milwaukee Bucks,98.0,30.375,51.5,16.125,45.375,12.375,33.0,21.875,14.25,1.6674422434290856,10.125,27.75,36.8,25.75,58.0,44.03057861212533,16.125,21.0,77.2125,0.0,5.875,0.42816054559475614,5.5,17.75,0.30753787878787875,14.25,0.0,107.625,96.625,19.5,62.0,15.125,45.875,14.25,31.625,21.375,15.0,1.5042227564102564,6.5,18.75,35.0,31.0,68.625,45.34473851863402,15.125,20.625,73.32499999999999,0.0,7.0,0.4706063034188034,9.375,18.375,0.5256140350877193,15.0,0.0,109.875
109,98,2013-01-19,1,1,2012-13,Utah Jazz,Cleveland Cavaliers,98.125,20.625,59.75,17.75,40.375,10.875,29.5,24.625,15.0,1.6964120921648012,6.875,16.875,39.1125,29.875,62.75,47.24430972619205,17.75,23.125,75.8125,0.0,9.875,0.6637166835357624,6.125,22.25,0.2681427947052947,15.0,0.0,115.875,99.5,20.25,60.75,18.5,39.0,12.75,26.25,19.625,12.75,1.6231627747252748,6.75,19.25,36.2125,30.375,66.125,45.94217343660148,18.5,23.75,78.425,0.0,9.875,0.8139194139194139,4.5,21.875,0.21256909756909756,12.75,0.0,106.25
108,103,2013-01-20,1,1,2012-13,Toronto Raptors,Los Angeles Lakers,98.125,22.125,59.25,16.75,41.25,13.125,28.125,24.0,14.5,1.676662267471091,7.375,20.125,35.0,29.625,62.5,47.15801314349982,16.75,22.125,77.42500000000001,0.0,6.625,0.4692819435466494,3.75,21.625,0.17381349440956972,14.5,0.0,108.25,104.0,28.875,58.75,16.375,42.0,9.625,32.375,25.375,15.125,1.7952396561771562,9.625,27.125,35.6875,29.375,56.25,52.58396505455329,16.375,23.25,70.775,0.0,7.625,0.5591079059829059,5.25,19.0,0.28061639923768067,15.125,0.0,117.875
103,88,2013-01-20,1,1,2012-13,Detroit Pistons,Boston Celtics,96.375,21.375,61.75,13.25,43.5,12.375,31.125,20.75,16.5,1.3180082559339525,7.125,19.125,37.0625,30.875,59.625,52.34607546077244,13.25,20.25,65.925,0.0,6.875,0.4401995965850455,6.625,18.5,0.37916949608126077,16.5,0.0,109.875,94.0,15.0,66.75,12.25,41.375,11.0,30.375,23.0,13.625,1.709110680985681,5.0,16.625,29.8375,33.375,65.0,51.94499464736915,12.25,17.75,68.6875,0.0,9.375,0.7007534132534132,4.875,22.25,0.22735016420361248,13.625,0.0,110.25
105,111,2013-01-20,1,1,2012-13,Orlando Magic,Dallas Mavericks,102.0,28.875,61.0,12.125,39.375,9.5,29.875,24.625,12.625,2.014225357975358,9.625,24.875,38.8,30.5,60.375,50.71801183375428,12.125,15.0,83.2,0.0,5.5,0.44248667998668,4.0,21.0,0.18054934526974,12.625,0.0,114.875,104.5,19.875,64.25,20.375,43.5,9.25,34.25,23.375,11.375,2.1492812742812744,6.625,18.625,36.7625,32.125,66.375,48.41191948448593,20.375,24.5,83.9,0.0,7.25,0.6382685023310024,4.75,21.75,0.2228902432538521,11.375,0.0,121.625
121,118,2013-01-20,1,1,2012-13,Denver Nuggets,Oklahoma City Thunder,108.0,18.0,69.0,21.0,43.5,14.0,29.5,24.625,14.25,2.0666032980177715,6.0,18.25,32.325,34.5,69.125,50.20942252334178,21.0,30.375,68.72500000000001,0.0,8.75,0.7483929995443154,5.25,19.5,0.31600849331827585,14.25,0.0,119.625,106.0,21.75,62.25,22.0,43.75,11.875,31.875,20.625,14.625,1.4259398689545748,7.25,21.875,33.775,31.125,60.0,52.189296185886505,22.0,26.875,81.4125,0.0,8.875,0.6294321487336193,5.5,21.0,0.2619327661490133,14.625,0.0,121.75
95,98,2013-01-21,1,1,2012-13,Portland Trail Blazers,Washington Wizards,100.25,29.625,52.25,18.375,46.0,11.75,34.25,21.5,14.75,1.6091089100957523,9.875,27.875,35.75,26.125,57.875,44.83858000974937,18.375,23.125,79.8125,0.0,5.75,0.40579212454212454,5.125,19.125,0.26503787878787877,14.75,0.0,109.375,98.875,22.875,60.75,15.25,43.375,10.625,32.75,24.375,15.375,1.7134627525252524,7.625,17.375,43.8625,30.375,65.5,46.26029271824378,15.25,22.625,67.75,0.0,8.25,0.5704040138782785,5.125,21.25,0.24564494601259307,15.375,0.0,112.375
106,99,2013-01-21,1,1,2012-13,Golden State Warriors,Los Angeles Clippers,97.25,22.5,58.5,16.25,41.75,8.25,33.5,24.0,15.625,1.6691986832611831,7.5,18.625,38.5125,29.25,61.0,48.199749221404154,16.25,20.125,80.1,0.0,6.875,0.47246572871572873,3.625,20.75,0.18473944767965667,15.625,0.0,111.125,102.75,22.875,63.5,16.375,44.375,12.75,31.625,23.75,14.0,1.932348033910534,7.625,19.375,39.637499999999996,31.75,63.5,50.206812180962814,16.375,22.375,75.4625,0.0,8.875,0.7141774891774891,6.0,20.75,0.300188661959949,14.0,0.0,122.25
94,100,2013-01-21,1,1,2012-13,Charlotte Bobcats,Houston Rockets,92.5,11.625,60.25,20.625,38.625,11.375,27.25,17.25,13.5,1.2733703796203795,3.875,11.375,35.1125,30.125,68.0,44.0590946639486,20.625,27.375,75.8875,0.0,7.625,0.5687687312687313,5.625,19.875,0.28846187025534853,13.5,0.0,96.0,97.25,30.75,50.25,16.25,40.75,11.625,29.125,20.25,17.75,1.183304535582349,10.25,30.25,34.3125,25.125,51.375,48.890920848240434,16.25,23.25,71.7,0.0,7.875,0.4525545000608939,3.375,21.5,0.17148266727980546,17.75,0.0,98.5
85,90,2013-01-21,1,1,2012-13,Philadelphia 76ers,San Antonio Spurs,91.875,18.375,63.25,10.25,38.5,8.875,29.625,23.0,14.5,1.6642207057648235,6.125,17.5,33.3875,31.625,65.625,47.90542038121893,10.25,14.375,71.7125,0.0,6.25,0.44128077804548393,4.5,17.75,0.26172930795125066,14.5,0.0,100.125,100.625,24.75,62.5,13.375,40.75,6.875,33.875,24.75,15.25,1.7098249703512862,8.25,22.625,36.587500000000006,31.25,57.375,54.353250180720494,13.375,16.625,78.4125,0.0,7.75,0.5230759007074797,6.5,16.875,0.3847369091177141,15.25,0.0,121.375
114,105,2013-01-21,1,1,2012-13,New Orleans Hornets,Sacramento Kings,98.25,19.125,65.0,14.125,44.5,12.125,32.375,22.375,15.125,1.5316313588372412,6.375,19.625,32.7,32.5,61.875,52.81614422675112,14.125,18.375,78.08749999999999,0.0,7.875,0.5260394527857764,4.75,19.5,0.2605615824925288,15.125,0.0,115.75,96.25,18.0,61.0,17.25,40.5,13.375,27.125,19.75,15.0,1.3945355706385116,6.0,17.875,34.0,30.5,65.75,46.87022391416145,17.25,22.375,74.8875,0.0,7.0,0.4889678948502478,4.625,22.0,0.22891283333944407,15.0,0.0,100.875
85,88,2013-01-21,1,1,2012-13,New York Knicks,Brooklyn Nets,98.625,31.875,49.75,17.0,43.5,12.875,30.625,19.875,11.875,1.7974874084249084,10.625,29.0,36.724999999999994,24.875,53.75,46.95937065299136,17.0,22.5,74.9125,0.0,7.625,0.667988782051282,3.875,20.75,0.19249117110959216,11.875,0.0,108.875,104.375,21.75,60.25,22.375,45.625,14.5,31.125,20.375,13.875,1.6707589285714284,7.25,21.5,35.175,30.125,60.375,49.86423973445071,22.375,28.125,81.91250000000001,0.0,7.5,0.6184275793650794,4.0,19.25,0.20370386192754614,13.875,0.0,117.75
104,96,2013-01-21,1,1,2012-13,Atlanta Hawks,Minnesota Timberwolves,90.125,22.5,56.0,11.625,40.75,9.5,31.25,22.125,15.25,1.4477964743589744,7.5,20.5,35.9125,28.0,59.0,47.98748310025091,11.625,17.125,66.275,0.0,6.0,0.3910657051282051,4.375,20.0,0.22122061477879892,15.25,0.0,98.625,92.0,13.875,57.75,20.375,40.75,13.125,27.625,20.875,14.5,1.5150981419895895,4.625,16.25,28.6625,28.875,63.875,45.79921244929303,20.375,26.125,77.95,0.0,7.375,0.5260976961634857,4.375,15.125,0.308847055185097,14.5,0.0,98.5
95,83,2013-01-21,1,1,2012-13,Chicago Bulls,Los Angeles Lakers,98.625,14.25,63.75,20.625,46.375,13.5,32.875,23.5,16.0,1.4904581529581529,4.75,12.5,37.5,31.875,69.75,46.303547534966235,20.625,27.625,74.8875,0.0,7.0,0.4511183261183261,5.625,21.625,0.2873133312943095,16.0,0.0,112.5,104.125,30.0,58.75,15.375,42.125,9.875,32.25,25.5,15.125,1.8048550407925408,10.0,27.375,36.85,29.375,57.5,51.41874486811806,15.375,21.375,72.4625,0.0,7.375,0.5398771367521368,5.0,18.125,0.27985882348010493,15.125,0.0,117.5
81,82,2013-01-21,1,1,2012-13,Memphis Grizzlies,Indiana Pacers,89.5,10.875,61.5,17.125,42.375,13.625,28.75,19.375,12.875,1.7165652056277056,3.625,12.25,26.6625,30.75,69.875,44.10400193260175,17.125,22.875,75.05,0.0,7.875,0.6580357142857144,5.125,19.625,0.27287219520675404,12.875,0.0,97.875,92.375,20.625,58.75,13.0,49.25,15.75,33.5,20.125,12.5,1.6575682997557997,6.875,21.625,31.2625,29.375,65.0,45.2010614227541,13.0,17.0,77.1,0.0,7.875,0.6696791056166056,6.625,20.125,0.3303474679345423,12.5,0.0,109.375
105,90,2013-01-22,1,1,2012-13,Detroit Pistons,Orlando Magic,95.625,20.25,60.75,14.625,45.0,13.0,32.0,20.75,17.375,1.2465796845053811,6.75,19.125,35.0875,30.375,60.125,51.02095989836875,14.625,22.0,66.7125,0.0,7.25,0.4401995965850455,7.25,18.875,0.4047129743421304,17.375,0.0,109.0,103.375,28.875,61.75,12.75,40.125,9.125,31.0,25.875,12.875,2.079701548451548,9.625,24.5,39.475,30.875,60.875,50.91756483503142,12.75,15.75,83.375,0.0,5.625,0.4454628704628705,3.875,20.0,0.18460778682818155,12.875,0.0,118.125
110,102,2013-01-22,1,1,2012-13,Milwaukee Bucks,Philadelphia 76ers,97.75,19.5,62.0,16.25,45.125,13.375,31.75,21.75,13.75,1.6058894230769232,6.5,19.25,33.800000000000004,31.0,68.25,45.586910729984304,16.25,21.75,74.25,0.0,7.25,0.5206063034188033,9.0,18.5,0.5066746411483254,13.75,0.0,111.625,91.375,18.0,63.5,9.875,38.25,8.5,29.75,23.5,14.375,1.705121441058941,6.0,17.5,32.5,31.75,65.625,48.083991809790355,9.875,14.25,69.25,0.0,6.125,0.43668518981018983,4.875,17.5,0.28777097461791734,14.375,0.0,100.0
95,90,2013-01-22,1,1,2012-13,Cleveland Cavaliers,Boston Celtics,98.5,19.875,59.75,18.875,39.0,13.5,25.5,19.25,12.375,1.6520089285714286,6.625,19.875,34.3125,29.875,66.125,45.135721823698255,18.875,23.875,79.375,0.0,9.125,0.7648809523809523,4.0,21.375,0.1974175824175824,12.375,0.0,103.0,93.25,15.0,65.0,13.25,40.5,10.875,29.625,23.0,14.125,1.6654598873348874,5.0,17.375,27.625000000000004,32.5,63.5,51.65087700031033,13.25,18.625,70.7375,0.0,9.875,0.7106740481740482,4.375,22.875,0.20678739364084192,14.125,0.0,108.125
97,109,2013-01-22,1,1,2012-13,Los Angeles Clippers,Oklahoma City Thunder,101.75,24.75,61.5,15.5,43.375,12.125,31.25,24.375,13.75,2.0071248196248197,8.25,21.375,38.8625,30.75,61.625,50.14091317985294,15.5,22.0,72.775,0.0,9.125,0.7409632034632034,5.75,18.875,0.3110253555083361,13.75,0.0,120.125,107.75,22.5,61.0,24.25,43.5,11.75,31.75,20.375,15.625,1.353023202287908,7.5,22.125,34.525,30.5,59.625,51.40695352854385,24.25,29.875,80.36250000000001,0.0,9.125,0.6190154820669526,5.625,22.0,0.25925419472044187,15.625,0.0,121.375
104,99,2013-01-23,1,1,2012-13,Golden State Warriors,Oklahoma City Thunder,96.125,22.5,57.75,15.875,40.0,7.375,32.625,23.5,15.125,1.6804031650539004,7.5,18.5,38.800000000000004,28.875,60.0,48.42013276609948,15.875,19.625,80.4125,0.0,6.0,0.43640130294542057,3.375,20.0,0.17812569106590004,15.125,0.0,108.0,109.0,25.875,60.5,22.625,42.625,11.375,31.25,20.75,16.0,1.3386001253648312,8.625,22.375,38.475,30.25,59.125,51.41586618451534,22.625,27.875,80.6625,0.0,8.875,0.5889674051438757,5.5,23.5,0.23384210680835393,16.0,0.0,122.875
85,82,2013-01-23,1,1,2012-13,Chicago Bulls,Detroit Pistons,95.75,13.875,62.75,19.125,45.5,13.25,32.25,22.375,14.5,1.668583152958153,4.625,12.875,35.1875,31.375,70.75,44.98775806128202,19.125,26.125,72.81249999999999,0.0,6.875,0.529243326118326,5.875,21.5,0.30249190272288096,14.5,0.0,107.25,96.75,20.625,61.25,14.875,45.875,13.0,32.875,21.625,16.0,1.5006915266106442,6.875,19.75,34.725,30.625,60.625,51.00947092778051,14.875,22.75,65.05,0.0,7.625,0.5323048597429403,7.25,18.875,0.4047129743421303,16.0,0.0,112.375
92,88,2013-01-23,1,1,2012-13,Utah Jazz,Washington Wizards,98.5,21.375,59.75,17.375,40.0,10.875,29.125,25.25,14.5,1.8726941434468525,7.125,17.375,39.637499999999996,29.875,62.625,47.33214756402988,17.375,22.875,74.85,0.0,9.875,0.6936312134502924,5.25,22.0,0.23649215367965368,14.5,0.0,115.875,97.0,22.5,60.0,14.5,43.75,11.125,32.625,23.875,15.25,1.694191919191919,7.5,17.5,42.875,30.0,64.5,46.399913371563066,14.5,20.875,69.3125,0.0,7.375,0.5188415138782786,4.75,20.25,0.23335862122626827,15.25,0.0,110.625
123,116,2013-01-23,1,1,2012-13,Miami Heat,Toronto Raptors,96.375,23.625,57.0,15.75,38.0,7.625,30.375,22.0,12.0,2.0529272606478486,7.875,22.625,33.1,28.5,54.5,52.76004155633533,15.75,20.75,75.5,0.0,9.0,0.8790885585003232,6.0,21.0,0.32080516948938,12.0,0.0,113.625,99.625,20.25,64.5,14.875,41.375,12.625,28.75,25.125,14.5,1.751662267471091,6.75,18.5,34.5875,32.25,64.75,49.807469665238955,14.875,19.625,76.325,0.0,7.0,0.49428194354664945,3.375,21.0,0.16202898262505794,14.5,0.0,113.0
95,105,2013-01-23,1,1,2012-13,Houston Rockets,Denver Nuggets,94.125,30.375,45.75,18.0,41.375,11.875,29.5,19.5,17.125,1.1950566723344858,10.125,30.75,33.125,22.875,49.25,46.70902120666337,18.0,25.5,71.6625,0.0,7.75,0.4643066368130307,3.25,22.5,0.1544536817725591,17.125,0.0,94.375,109.375,19.5,69.5,20.375,43.75,14.875,28.875,25.375,14.875,2.0704410173160173,6.5,19.125,33.325,34.75,70.375,49.645319959239224,20.375,29.75,68.2,0.0,9.0,0.749215367965368,5.125,20.875,0.2989630387728214,14.875,0.0,120.125
106,93,2013-01-23,1,1,2012-13,Memphis Grizzlies,Los Angeles Lakers,85.5,8.25,62.25,15.0,41.25,14.0,27.25,17.75,13.75,1.396773538961039,2.75,11.0,24.7875,31.125,71.5,43.57888777735061,15.0,20.375,76.4375,0.0,8.125,0.6163690476190475,4.625,18.125,0.26245552854008736,13.75,0.0,89.5,101.375,27.375,59.0,15.0,42.375,10.125,32.25,23.625,14.875,1.7137092074592073,9.125,25.75,34.8875,29.5,59.0,50.35203813734883,15.0,20.875,72.3625,0.0,7.5,0.551161858974359,4.75,17.625,0.28142132348010496,14.875,0.0,112.75
92,104,2013-01-23,1,1,2012-13,Charlotte Bobcats,Atlanta Hawks,90.75,12.75,58.0,20.0,38.0,10.0,28.0,17.625,13.125,1.351254995004995,4.25,11.625,37.224999999999994,29.0,66.375,43.507694587232066,20.0,26.75,75.52499999999999,0.0,6.625,0.5062687312687313,6.25,20.75,0.3035081665516448,13.125,0.0,94.625,90.25,22.5,56.75,11.0,39.25,9.125,30.125,23.5,16.0,1.465552156177156,7.5,19.75,38.0375,28.375,59.0,48.6693012820691,11.0,17.125,63.2875,0.0,6.75,0.4145032051282051,4.25,20.0,0.21578583217010328,16.0,0.0,99.0
96,106,2013-01-23,1,1,2012-13,Sacramento Kings,Phoenix Suns,97.75,16.875,62.25,18.625,39.875,12.125,27.75,19.75,15.25,1.3490810251839662,5.625,17.375,32.55,31.125,65.125,48.21732165210426,18.625,23.5,76.9,0.0,6.75,0.4485638544462074,3.5,22.75,0.15646965152126224,15.25,0.0,101.75,87.375,15.375,57.5,14.5,43.25,12.375,30.875,20.5,17.0,1.2132440476190478,5.125,16.0,32.075,28.75,65.625,44.00459298234722,14.5,20.125,70.9875,0.0,6.5,0.3897073412698413,6.5,21.375,0.3183982683982684,17.0,0.0,93.75
100,80,2013-01-23,1,1,2012-13,Portland Trail Blazers,Indiana Pacers,99.375,26.25,54.5,18.625,46.375,11.625,34.75,21.875,14.875,1.6207847342715764,8.75,27.875,31.0625,27.25,57.25,47.18365641042849,18.625,23.75,78.0,0.0,6.0,0.42158882783882784,4.5,18.5,0.2416421568627451,14.875,0.0,109.0,90.75,22.5,56.0,12.25,46.125,14.125,32.0,20.5,13.375,1.6123759920634921,7.5,21.25,35.275,28.0,62.5,45.02745031164299,12.25,15.875,76.4125,0.0,8.25,0.6716021825396826,7.25,19.625,0.3868950869821613,13.375,0.0,107.625
83,91,2013-01-23,1,1,2012-13,Minnesota Timberwolves,Brooklyn Nets,91.875,13.875,57.25,20.75,38.0,12.0,26.0,21.125,15.375,1.4535596804511277,4.625,16.0,29.2125,28.625,62.0,46.757545782626366,20.75,27.125,75.97500000000001,0.0,8.125,0.5434053884711779,4.125,16.125,0.26763826397630575,15.375,0.0,96.75,101.0,23.25,56.75,21.0,45.375,14.5,30.875,20.5,13.625,1.6911223370927317,7.75,21.5,37.2625,28.375,58.5,48.268085888296866,21.0,26.125,81.98750000000001,0.0,6.875,0.5905453738512949,3.625,18.5,0.19518113465481887,13.625,0.0,114.75
106,102,2013-01-23,1,1,2012-13,San Antonio Spurs,New Orleans Hornets,98.25,22.875,62.0,13.375,40.375,7.0,33.375,24.5,15.125,1.7062535417798577,7.625,21.75,34.675000000000004,31.0,57.75,53.629043831514146,13.375,17.0,77.225,0.0,7.375,0.5028378054693844,6.25,16.25,0.3792222032353611,15.125,0.0,117.125,100.125,20.625,65.0,14.5,45.125,13.875,31.25,22.625,15.625,1.4786010558069382,6.875,20.125,33.9375,32.5,61.75,52.90929326521265,14.5,19.0,77.45,0.0,7.5,0.4798273315736551,4.875,21.625,0.2415801010110473,15.625,0.0,117.625
86,89,2013-01-24,1,1,2012-13,Boston Celtics,New York Knicks,93.375,16.5,62.25,14.625,41.0,10.875,30.125,22.625,14.75,1.5725111693861693,5.5,17.5,30.425,31.125,63.25,49.79331697435316,14.625,19.875,73.2,0.0,9.125,0.6396270396270396,4.875,23.25,0.22900961586306412,14.75,0.0,106.875,96.75,30.375,50.25,16.125,43.5,12.125,31.375,19.375,11.25,1.9224874084249084,10.125,27.0,36.925,25.125,55.75,45.60003259152563,16.125,21.625,73.625,0.0,7.875,0.8304887820512821,3.875,20.875,0.19183327637275005,11.25,0.0,107.125
93,88,2013-01-24,1,1,2012-13,Phoenix Suns,Los Angeles Clippers,90.625,16.125,59.25,15.25,42.0,12.75,29.25,21.375,15.875,1.388839285714286,5.375,16.5,32.6875,29.625,67.0,44.268677489389475,15.25,20.75,72.8375,0.0,7.625,0.5057787698412699,5.75,21.875,0.2716810966810967,15.875,0.0,97.5,99.5,22.5,61.0,16.0,42.625,12.5,30.125,22.625,14.0,1.7748015873015874,7.5,19.875,37.525,30.5,62.375,49.11505928990986,16.0,22.75,72.5375,0.0,8.625,0.6652056277056277,6.125,18.375,0.33868641993410636,14.0,0.0,114.5
95,97,2013-01-24,1,1,2012-13,Orlando Magic,Toronto Raptors,101.375,28.125,61.5,11.75,39.625,8.375,31.25,26.375,12.75,2.13395979020979,9.375,23.75,39.6625,30.75,61.5,50.209143224861926,11.75,14.5,83.025,0.0,5.5,0.4392815517815518,3.625,20.125,0.17079199735449735,12.75,0.0,115.875,102.625,22.5,65.5,14.625,41.0,12.625,28.375,24.875,13.5,1.9068910256410256,7.5,19.5,35.8875,32.75,65.25,50.254341561961894,14.625,19.25,76.52499999999999,0.0,7.125,0.5539224664224665,3.125,22.5,0.14536231595839127,13.5,0.0,116.125
110,88,2013-01-25,1,1,2012-13,Miami Heat,Detroit Pistons,100.625,25.125,59.75,15.75,41.125,9.125,32.0,23.125,12.25,2.1079867844573728,8.375,22.875,35.0875,29.875,56.375,53.31559711189089,15.75,21.625,73.725,0.0,8.625,0.840398082309847,6.125,20.875,0.32729867598288653,12.25,0.0,120.5,94.125,19.125,61.0,14.0,45.0,13.0,32.0,21.75,15.125,1.5840248599439775,6.375,18.875,33.575,30.5,62.375,49.39879899102162,14.0,21.75,64.3125,0.0,7.5,0.5487522281639929,6.75,19.75,0.36077358040273644,15.125,0.0,107.875
102,84,2013-01-25,1,1,2012-13,Los Angeles Lakers,Utah Jazz,99.0,24.75,57.75,16.5,42.0,9.875,32.125,22.375,14.75,1.6433967074592073,8.25,24.0,34.3875,28.875,58.5,49.66751432782502,16.5,23.25,70.2,0.0,6.875,0.5147035256410256,5.125,16.625,0.3285824956412771,14.75,0.0,108.5,99.125,22.125,58.75,18.25,41.625,10.875,30.75,24.875,14.75,1.8057298577325667,7.375,17.75,41.375,29.375,61.75,47.23154824896138,18.25,24.125,75.0625,0.0,9.5,0.6504764515455305,5.75,22.25,0.2616657647907648,14.75,0.0,117.5
95,105,2013-01-25,1,1,2012-13,Sacramento Kings,Oklahoma City Thunder,99.625,16.875,64.75,18.0,41.375,13.0,28.375,20.875,16.625,1.3390810251839662,5.625,16.125,35.2625,32.375,66.75,49.05622539541977,18.0,23.625,73.8375,0.0,7.125,0.4439209973033502,4.5,23.125,0.20102706778920482,16.625,0.0,106.375,108.125,23.625,62.0,22.5,42.625,11.25,31.375,20.875,16.75,1.2874867650409445,7.875,21.875,35.5125,31.0,59.875,52.085509041658185,22.5,27.875,80.2,0.0,8.375,0.5231779314596652,5.5,22.875,0.2425921068083539,16.75,0.0,120.5
82,100,2013-01-25,1,1,2012-13,New Orleans Hornets,Houston Rockets,101.0,22.5,63.25,15.25,45.625,13.375,32.25,22.75,15.375,1.5177036199095022,7.5,20.625,36.475,31.625,61.0,52.12804326521265,15.25,20.375,75.73750000000001,0.0,6.75,0.4375196392659628,5.0,22.25,0.2415801010110473,15.375,0.0,118.125,96.125,31.125,47.0,18.0,41.25,11.5,29.75,20.625,17.125,1.2439697158127465,10.375,31.625,33.0125,23.5,49.375,47.87292426788787,18.0,25.5,71.66250000000001,0.0,7.625,0.4588718542043351,3.75,22.625,0.17737034843922578,17.125,0.0,97.625
103,87,2013-01-25,1,1,2012-13,Chicago Bulls,Golden State Warriors,94.375,13.5,61.0,19.875,45.25,13.0,32.25,22.125,14.5,1.6519164862914864,4.5,13.375,32.8625,30.5,67.25,45.98105011494559,19.875,26.875,73.67500000000001,0.0,6.375,0.4959099927849928,6.25,21.5,0.3233252360562143,14.5,0.0,107.25,98.0,22.875,58.75,16.375,41.25,8.125,33.125,23.625,15.0,1.698632331720567,7.625,18.875,38.9375,29.375,61.125,48.28220716710831,16.375,19.75,81.9125,0.0,6.75,0.4884846362787539,2.75,20.5,0.1371593045112782,15.0,0.0,111.0
107,113,2013-01-25,1,1,2012-13,Dallas Mavericks,San Antonio Spurs,106.375,20.25,65.5,20.625,43.625,9.75,33.875,24.375,11.25,2.3107396076146074,6.75,18.125,38.825,32.75,67.5,48.51798009054654,20.625,24.75,84.16250000000001,0.0,7.625,0.695560168997669,4.375,20.875,0.22769793556154438,11.25,0.0,124.875,100.5,23.625,64.0,12.875,41.25,6.625,34.625,25.625,13.875,1.9774523721892143,7.875,22.25,35.1,32.0,58.125,55.09320467067498,12.875,17.375,73.75,0.0,7.625,0.581785173890437,5.875,16.875,0.34797220323536115,13.875,0.0,122.0
101,77,2013-01-25,1,1,2012-13,Memphis Grizzlies,Brooklyn Nets,87.0,9.0,63.5,14.5,42.375,14.375,28.0,17.125,13.875,1.3191220238095238,3.0,10.5,27.1625,31.75,73.0,43.36465054673802,14.5,19.625,77.0625,0.0,7.625,0.5642857142857143,5.375,19.5,0.28346393190143193,13.875,0.0,91.75,98.25,22.875,55.25,20.125,44.625,13.625,31.0,19.625,14.0,1.5786223370927317,7.625,21.0,37.362500000000004,27.625,58.875,46.74080617518211,20.125,25.5,79.875,0.0,7.625,0.6342953738512949,2.875,18.125,0.16064166097060834,14.0,0.0,109.0
114,101,2013-01-25,1,1,2012-13,Washington Wizards,Minnesota Timberwolves,99.125,22.875,60.25,16.0,45.25,11.375,33.875,23.875,16.125,1.5483585858585858,7.625,17.125,44.1625,30.125,65.5,46.02001141077875,16.0,22.375,72.2,0.0,7.625,0.4844665138782786,5.375,20.75,0.262744586138549,16.125,0.0,113.875,88.75,12.0,58.0,18.75,37.25,11.125,26.125,20.625,15.75,1.3314442958357433,4.0,16.0,25.049999999999997,29.0,61.5,47.63581375648258,18.75,24.625,74.7,0.0,7.875,0.4982130807788702,4.625,16.25,0.2956713522115999,15.75,0.0,93.0
113,108,2013-01-25,1,1,2012-13,Cleveland Cavaliers,Milwaukee Bucks,97.375,18.0,61.25,18.125,38.375,12.375,26.0,20.25,12.25,1.7426682692307691,6.0,18.5,32.6,30.625,66.375,46.05483947075708,18.125,23.125,79.0125,0.0,8.625,0.7339743589743589,4.5,21.0,0.22219030969030967,12.25,0.0,103.625,101.5,20.25,64.0,17.25,45.0,13.25,31.75,22.5,14.0,1.6328125,6.75,19.0,35.8,32.0,68.125,47.25481747601605,17.25,23.625,73.175,0.0,7.625,0.5366319444444444,8.375,18.375,0.46546584993953416,14.0,0.0,116.25
123,111,2013-01-25,1,1,2012-13,Atlanta Hawks,Boston Celtics,92.875,24.375,57.0,11.5,39.125,9.375,29.75,25.0,16.625,1.4981376262626263,8.125,20.125,40.0625,28.5,59.0,48.87091418529491,11.5,18.0,64.5375,0.0,7.125,0.42465277777777777,4.125,20.625,0.19840615302571826,16.625,0.0,102.625,91.375,15.375,61.0,15.0,42.25,10.625,31.625,21.625,14.875,1.464556623931624,5.125,17.5,28.349999999999998,30.5,63.5,48.46172830440242,15.0,20.875,71.325,0.0,8.875,0.6112179487179487,5.125,23.5,0.23936158273677016,14.875,0.0,103.125
98,99,2013-01-26,1,1,2012-13,Toronto Raptors,Cleveland Cavaliers,103.5,23.625,64.75,15.125,40.0,12.25,27.75,24.75,13.25,1.9485576923076924,7.875,20.125,37.875,32.375,64.375,50.426735203850626,15.125,20.0,75.8125,0.0,6.375,0.4976724664224664,3.625,23.0,0.16567481595839129,13.25,0.0,115.875,100.0,17.625,64.5,17.875,40.0,12.0,28.0,21.25,12.25,1.8051682692307691,5.875,18.625,31.35,32.25,67.25,47.84291165385567,17.875,23.0,78.35,0.0,8.875,0.7495993589743589,4.5,20.125,0.23291334890599594,12.25,0.0,109.5
101,100,2013-01-26,1,1,2012-13,Portland Trail Blazers,Los Angeles Clippers,96.25,24.0,55.0,17.25,46.125,11.125,35.0,21.25,15.875,1.3617978061670013,8.0,26.25,29.175,27.5,56.875,47.87662016309374,17.25,22.25,77.475,0.0,5.75,0.3676672592113769,4.5,18.875,0.23533963585434173,15.875,0.0,105.375,98.125,21.0,60.75,16.375,42.375,12.375,30.0,22.0,13.25,1.7926587301587302,7.0,19.125,36.474999999999994,30.375,63.625,47.94373061858119,16.375,23.375,72.4875,0.0,8.125,0.6533008658008658,5.875,19.5,0.3118114199341064,13.25,0.0,110.875
109,102,2013-01-26,1,1,2012-13,Milwaukee Bucks,Golden State Warriors,101.5,22.125,63.0,16.375,44.375,12.375,32.0,23.625,14.625,1.6223958333333335,7.375,20.375,35.4375,31.5,66.875,47.34455565169173,16.375,22.875,71.0,0.0,7.625,0.5182495915032679,7.875,18.625,0.43352140549508966,14.625,0.0,115.5,98.0,21.75,58.0,18.25,41.125,8.625,32.5,22.25,14.5,1.6433293014175367,7.25,19.125,36.425000000000004,29.0,61.75,47.13657000452199,18.25,21.375,84.15,0.0,6.5,0.4899997877939054,3.125,20.25,0.15814927944862156,14.5,0.0,108.75
86,73,2013-01-26,1,1,2012-13,Washington Wizards,Chicago Bulls,100.75,22.125,63.25,15.375,44.0,10.5,33.5,25.0,16.375,1.5963496572871574,7.375,17.0,43.1,31.625,65.125,48.52330521842039,15.375,22.25,69.1375,0.0,8.0,0.5023236567354215,5.75,21.625,0.268531623175586,16.375,0.0,117.125,93.75,15.0,60.5,18.25,47.375,14.25,33.125,21.625,14.125,1.6546942640692641,5.0,14.5,32.8,30.25,68.625,44.40726270524487,18.25,24.875,72.825,0.0,5.875,0.47368777056277056,6.5,21.875,0.3291780788655788,14.125,0.0,106.5
121,93,2013-01-26,1,1,2012-13,Denver Nuggets,Sacramento Kings,108.5,19.125,68.75,20.625,43.375,14.125,29.25,24.0,15.5,1.8412743506493505,6.375,18.75,33.400000000000006,34.375,68.875,50.11734793126719,20.625,30.0,68.55000000000001,0.0,9.375,0.7325487012987012,5.375,19.75,0.346582086391869,15.5,0.0,118.875,97.5,17.25,63.5,16.75,41.125,13.125,28.0,19.875,16.375,1.2994976918506331,5.75,14.625,38.6875,31.75,68.875,46.34691397131961,16.75,22.25,73.0,0.0,7.5,0.4703098861922391,4.0,22.875,0.18474354288499023,16.375,0.0,102.125
102,101,2013-01-26,1,1,2012-13,Charlotte Bobcats,Minnesota Timberwolves,89.5,13.5,54.75,21.25,38.25,9.75,28.5,16.625,13.625,1.2530093809699074,4.5,12.5,35.975,27.375,64.0,42.69314540690419,21.25,27.625,77.92500000000001,0.0,7.125,0.5203038189880296,6.375,20.125,0.32642483321831145,13.625,0.0,93.25,90.875,12.0,60.0,18.875,38.5,12.5,26.0,21.375,15.5,1.391815812863607,4.0,16.25,24.599999999999998,30.0,63.25,47.88356150423032,18.875,25.75,72.375,0.0,7.875,0.5044050312432665,4.375,16.5,0.2803935744338221,15.5,0.0,95.125
114,110,2013-01-26,1,1,2012-13,Utah Jazz,Indiana Pacers,98.25,19.875,61.75,16.625,40.25,10.25,30.0,24.375,13.625,1.8741509103641458,6.625,16.375,39.550000000000004,30.875,63.5,48.53399826304193,16.625,21.75,75.9375,0.0,9.25,0.7202132936507937,5.5,20.5,0.27059433621933626,13.625,0.0,116.5,89.875,21.375,56.0,12.5,43.5,12.625,30.875,20.0,13.875,1.4884443681318682,7.125,21.375,33.425,28.0,61.0,45.942782119423306,12.5,15.625,78.8125,0.0,8.125,0.6235252594627594,7.25,19.5,0.3874903250773994,13.875,0.0,104.5
97,80,2013-01-26,1,1,2012-13,Philadelphia 76ers,New York Knicks,93.5,16.875,66.25,10.375,39.0,9.375,29.625,24.5,13.875,1.8004339410589412,5.625,16.5,33.025,33.125,68.0,48.67207197856673,10.375,14.875,69.4875,0.0,5.875,0.43356018981018984,4.75,17.875,0.2785006396896877,13.875,0.0,103.5,95.375,28.875,49.5,17.0,43.625,12.25,31.375,17.625,11.125,1.7974874084249084,9.625,27.125,34.95,24.75,55.75,44.918214409707446,17.0,22.125,76.4375,0.0,7.5,0.8072516025641026,3.875,21.5,0.18428496719400608,11.125,0.0,103.25
119,106,2013-01-26,1,1,2012-13,Houston Rockets,Brooklyn Nets,97.25,31.875,46.25,19.125,42.0,11.625,30.375,20.625,18.125,1.1692943911374218,10.625,30.125,36.15,23.125,49.75,46.70803065086659,19.125,25.125,76.5875,0.0,7.5,0.4239692568017376,4.5,23.0,0.20787630082017816,18.125,0.0,101.625,94.25,20.25,54.25,19.75,43.0,12.875,30.125,18.25,13.75,1.5105419799498747,6.75,20.125,34.35,27.125,58.25,46.4033924903108,19.75,25.875,77.075,0.0,7.25,0.6175543024227235,3.625,17.625,0.23488408521303258,13.75,0.0,102.0
108,99,2013-01-26,1,1,2012-13,San Antonio Spurs,Phoenix Suns,101.125,22.5,65.25,13.375,41.0,6.625,34.375,26.125,13.375,2.0546453546453547,7.5,22.0,33.9875,32.625,59.0,55.38853081345876,13.375,18.375,72.1875,0.0,7.875,0.6142413142413142,5.125,17.25,0.2928251444118317,13.375,0.0,122.0,92.125,16.125,59.0,17.0,43.375,12.375,31.0,21.375,16.25,1.3604779411764707,5.375,16.75,32.1375,29.5,65.75,44.950495671207655,17.0,23.125,72.575,0.0,7.25,0.4679636437908497,5.625,22.125,0.2636583223539745,16.25,0.0,99.75
100,98,2013-01-27,1,1,2012-13,Boston Celtics,Miami Heat,94.375,16.875,61.25,16.25,43.0,10.375,32.625,22.25,15.875,1.4100694444444444,5.625,18.125,30.275,30.625,64.375,48.03060688447503,16.25,21.875,73.4125,0.0,8.375,0.5434523809523809,4.625,25.375,0.20186158273677013,15.875,0.0,104.875,102.0,24.0,61.75,16.25,39.375,9.0,30.375,23.625,12.625,2.080209006679595,8.0,22.375,34.0,30.875,56.25,55.08472279495099,16.25,22.5,72.325,0.0,9.375,0.8820647489765137,5.625,21.5,0.2733771073554355,12.625,0.0,121.375
110,95,2013-01-27,1,1,2012-13,Dallas Mavericks,Phoenix Suns,108.0,20.25,67.25,20.5,43.75,10.25,33.5,24.375,11.625,2.262038308913309,6.75,18.0,39.0375,33.625,68.875,48.835589458641984,20.5,24.5,84.7125,0.0,8.0,0.7101705586080587,4.625,20.0,0.24971210560203022,11.625,0.0,126.625,92.125,16.875,59.5,15.75,42.625,11.5,31.125,22.5,16.375,1.4170036764705882,5.625,15.75,35.8875,29.75,65.625,45.39821823849544,15.75,21.625,72.3,0.0,7.0,0.45050040849673206,5.0,21.75,0.2352492314448836,16.375,0.0,101.0
96,83,2013-01-27,1,1,2012-13,Los Angeles Clippers,Portland Trail Blazers,98.0,20.25,60.5,17.25,43.125,13.125,30.0,21.125,14.0,1.556547619047619,6.75,18.375,36.8375,30.25,63.5,47.850490525341094,17.25,24.75,69.55,0.0,7.875,0.5921897546897548,5.625,20.375,0.2845386926613791,14.0,0.0,109.375,97.375,24.75,55.75,16.875,44.5,10.875,33.625,21.875,16.0,1.3927501871193821,8.25,26.0,30.5125,27.875,56.5,48.92378997441449,16.875,21.125,79.7875,0.0,5.75,0.3617148782589959,4.375,19.375,0.2252519165560961,16.0,0.0,107.25
106,104,2013-01-27,1,1,2012-13,New York Knicks,Atlanta Hawks,91.125,25.875,48.0,17.25,44.5,13.0,31.5,16.75,12.375,1.540542963980464,8.625,26.375,32.25,24.0,55.625,43.65558814708119,17.25,22.25,77.0875,0.0,7.375,0.7395432692307693,4.25,21.25,0.2071177845314674,12.375,0.0,97.25,95.375,25.5,56.75,13.125,41.125,10.375,30.75,25.875,16.25,1.6210542929292928,8.5,22.25,38.3,28.375,59.625,48.025110671957236,13.125,19.625,66.3,0.0,7.125,0.4454861111111111,4.25,21.0,0.19939821651778172,16.25,0.0,106.0
83,91,2013-01-27,1,1,2012-13,Memphis Grizzlies,New Orleans Hornets,87.0,9.375,65.0,12.625,43.625,15.125,28.5,17.875,13.625,1.4098958333333333,3.125,10.125,29.5875,32.5,74.0,43.66483657751766,12.625,18.0,71.0375,0.0,7.125,0.5375,5.25,19.5,0.277511550949051,13.625,0.0,93.375,100.25,21.75,62.75,15.75,44.125,12.875,31.25,22.0,15.5,1.4616374434389139,7.25,20.75,35.0625,31.375,60.375,52.192145829315216,15.75,20.875,76.19999999999999,0.0,6.375,0.41040566867772754,4.625,23.375,0.20170453540018757,15.5,0.0,114.25
105,96,2013-01-27,1,1,2012-13,Los Angeles Lakers,Oklahoma City Thunder,98.625,25.125,57.25,16.25,42.625,10.625,32.0,22.875,15.75,1.548952263014763,8.375,23.25,36.05,28.625,57.375,50.253257099509966,16.25,23.0,69.425,0.0,6.25,0.41331463675213675,5.25,16.625,0.3375110670698485,15.75,0.0,109.5,106.75,22.5,61.0,23.25,41.875,10.75,31.125,20.75,17.125,1.250354412099768,7.5,21.125,34.9,30.5,59.25,51.853726348099315,23.25,28.125,82.125,0.0,8.625,0.5268544020479005,5.5,22.625,0.24600119771744483,17.125,0.0,119.125
102,104,2013-01-27,1,1,2012-13,Orlando Magic,Detroit Pistons,98.375,27.0,59.5,11.875,40.25,8.875,31.375,24.75,13.25,1.8928883616383616,9.0,22.25,40.625,29.75,61.5,48.621841637560344,11.875,14.75,82.5375,0.0,5.75,0.4428529803529804,3.625,18.625,0.1916253306878307,13.25,0.0,111.625,94.5,19.5,60.5,14.5,42.375,12.375,30.0,20.875,15.75,1.4956789952823235,6.5,18.5,35.2375,30.25,61.125,49.934513276735906,14.5,22.0,65.875,0.0,7.625,0.5365341830512109,5.875,19.875,0.30848599870339,15.75,0.0,105.125
100,103,2013-01-28,1,1,2012-13,Philadelphia 76ers,Memphis Grizzlies,94.875,18.0,66.25,10.625,38.125,9.25,28.875,24.125,13.5,1.8126092657342658,6.0,16.75,34.775,33.125,66.625,49.84477986769253,10.625,15.125,69.8875,0.0,5.375,0.41245629370629366,4.5,18.5,0.2554391423634845,13.5,0.0,104.75,87.0,9.375,65.0,12.625,44.375,16.125,28.25,17.75,14.5,1.2630208333333333,3.125,11.125,27.25,32.5,73.5,43.929821957634616,12.625,17.0,74.46249999999999,0.0,7.625,0.5270833333333333,5.5,19.75,0.2873154725176784,14.5,0.0,94.375
93,85,2013-01-28,1,1,2012-13,Chicago Bulls,Charlotte Bobcats,92.75,15.75,59.25,17.75,47.25,12.875,34.375,21.75,14.875,1.5898546918767507,5.25,15.0,33.8625,29.625,66.0,45.11748997797215,17.75,23.75,75.3625,0.0,5.75,0.4422706582633053,6.5,21.625,0.3343864121989122,14.875,0.0,107.0,92.5,14.25,56.5,21.75,37.875,8.875,29.0,17.5,14.125,1.2728057610604049,4.75,12.375,38.5375,28.25,63.875,44.18444084981254,21.75,28.125,78.1875,0.0,6.875,0.48976083256269015,7.125,21.125,0.3475287293222076,14.125,0.0,98.125
80,125,2013-01-28,1,1,2012-13,Utah Jazz,Houston Rockets,100.0,17.25,66.75,16.0,37.875,10.125,27.75,25.375,14.125,1.8741509103641456,5.75,15.25,36.725,33.375,65.25,51.10539366587452,16.0,20.5,77.275,0.0,10.5,0.784499007936508,5.25,20.0,0.2668064574314574,14.125,0.0,119.0,99.625,33.375,46.75,19.5,43.0,12.25,30.75,21.875,17.5,1.337799293098206,11.125,29.625,38.3875,23.375,50.625,46.30467341488224,19.5,25.75,76.0875,0.0,7.5,0.4423516097429141,4.875,23.0,0.22870963415351148,17.5,0.0,107.375
97,77,2013-01-28,1,1,2012-13,Brooklyn Nets,Orlando Magic,95.125,24.0,52.25,18.875,41.375,12.125,29.25,19.375,13.5,1.6480419799498747,8.0,23.0,34.125,26.125,56.0,46.440049381806396,18.875,24.5,78.025,0.0,6.875,0.6008876357560569,4.625,18.25,0.2807174185463659,13.5,0.0,103.375,98.0,27.75,58.0,12.25,41.25,9.75,31.5,25.125,13.75,1.8481913919413921,9.25,22.125,41.9,29.0,61.25,47.69711743249869,12.25,15.5,80.6625,0.0,6.25,0.46103479853479856,2.5,17.875,0.15260416666666665,13.75,0.0,111.0
94,96,2013-01-28,1,1,2012-13,Washington Wizards,Sacramento Kings,99.875,22.5,62.5,14.875,42.875,10.125,32.75,25.375,15.375,1.7491274350649353,7.5,16.875,44.575,31.25,65.25,47.88924724740589,14.875,21.25,70.2,0.0,7.625,0.5194805194805195,5.5,20.0,0.2678702475142104,15.375,0.0,116.125,96.75,16.875,63.5,16.375,41.125,12.75,28.375,19.5,16.75,1.2553800447918095,5.625,15.125,36.9875,31.75,68.5,46.585715025338054,16.375,22.625,70.0375,0.0,8.0,0.4908981214863568,4.375,22.5,0.21064814814814814,16.75,0.0,100.5
102,114,2013-01-28,1,1,2012-13,Toronto Raptors,Golden State Warriors,103.375,21.0,66.75,15.625,38.875,11.0,27.875,24.375,13.625,1.871474358974359,7.0,18.875,36.0,33.375,65.125,51.437165451569015,15.625,20.875,74.6125,0.0,6.25,0.4747557997557998,3.375,23.125,0.1533230373022648,13.625,0.0,113.75,97.875,24.375,55.75,17.75,41.5,9.125,32.375,21.875,15.125,1.5204599832357184,8.125,20.75,37.225,27.875,61.0,45.97459817353608,17.75,20.5,86.23750000000001,0.0,6.25,0.43886342415754176,3.0,21.375,0.13908677944862155,15.125,0.0,106.875
102,101,2013-01-28,1,1,2012-13,Denver Nuggets,Indiana Pacers,110.125,22.5,68.0,19.625,43.75,13.125,30.625,25.25,16.375,1.7912743506493505,7.5,21.125,34.475,34.0,65.875,51.80469023572471,19.625,27.625,71.2125,0.0,10.25,0.7531369365928189,5.5,21.5,0.2811058959156785,16.375,0.0,125.0,93.5,22.125,58.75,12.625,42.75,13.25,29.5,20.625,15.375,1.40776254995005,7.375,21.375,34.6125,29.375,61.375,47.92130105667599,12.625,15.875,78.2875,0.0,8.25,0.574661623099123,7.25,20.125,0.38063725490196076,15.375,0.0,107.75
90,117,2013-01-29,1,1,2012-13,Detroit Pistons,Milwaukee Bucks,94.875,20.625,59.75,14.5,41.5,11.5,30.0,21.25,14.5,1.6310956619489902,6.875,18.125,37.3625,29.875,61.375,49.000320155042786,14.5,21.875,66.35,0.0,8.0,0.5914584254754534,5.375,18.25,0.32006007277746407,14.5,0.0,106.375,102.125,23.25,62.75,16.125,45.625,13.75,31.875,24.0,14.125,1.7083333333333335,7.75,21.375,35.1625,31.375,68.0,46.42735892293207,16.125,22.75,70.225,0.0,7.125,0.5052287581699346,6.875,18.25,0.3876880721617564,14.125,0.0,114.75
111,106,2013-01-29,1,1,2012-13,Los Angeles Lakers,New Orleans Hornets,99.125,25.5,57.5,16.125,42.25,9.375,32.875,23.625,16.0,1.5682975011100013,8.5,21.875,38.525000000000006,28.75,55.75,51.81654030753002,16.125,23.875,66.6625,0.0,6.125,0.3939693986568987,5.0,16.75,0.3233663302277433,16.0,0.0,112.0,98.625,22.125,59.75,16.75,44.0,13.125,30.875,20.875,15.875,1.3390412895927601,7.375,20.5,36.1375,29.875,59.75,50.197239207923026,16.75,22.625,73.7875,0.0,6.5,0.40920374560080447,5.125,22.5,0.233334090056058,15.875,0.0,110.375
106,104,2013-01-29,1,1,2012-13,Portland Trail Blazers,Dallas Mavericks,95.625,20.25,57.25,18.125,42.875,9.875,33.0,23.125,16.75,1.4038837903582486,6.75,22.5,28.65,28.625,56.75,50.1942981776958,18.125,22.375,81.375,0.0,6.25,0.37284848149786226,4.5,19.25,0.2369277407319203,16.75,0.0,107.5,110.125,19.875,69.75,20.5,45.0,10.5,34.5,25.0,11.875,2.276781898656899,6.625,17.125,40.5625,34.875,70.25,49.6472777703303,20.5,24.5,84.71249999999999,0.0,7.75,0.6806833791208791,4.25,20.875,0.22765328207261845,11.875,0.0,130.375
95,108,2013-01-29,1,1,2012-13,Cleveland Cavaliers,Golden State Warriors,100.0,15.375,66.0,18.625,39.25,11.75,27.5,19.625,12.875,1.5926682692307692,5.125,17.125,31.6375,33.0,68.375,48.238562708925144,18.625,23.25,81.025,0.0,8.625,0.6912660256410256,4.625,21.25,0.22679446778711485,12.875,0.0,107.25,99.0,21.75,58.25,19.0,42.75,10.0,32.75,21.125,14.625,1.5224441102198454,7.25,19.625,35.45,29.125,62.5,46.660919491273006,19.0,22.0,86.86250000000001,0.0,6.375,0.45374437653849414,3.375,20.75,0.1656766917293233,14.625,0.0,109.25
98,79,2013-01-30,1,1,2012-13,Indiana Pacers,Detroit Pistons,94.125,22.125,59.0,13.0,42.125,13.125,29.0,20.5,15.875,1.3531990578865578,7.375,20.75,35.675,29.5,61.5,48.03367546175267,13.0,16.5,77.7375,0.0,7.625,0.518114004051504,7.125,20.875,0.3680711173358232,15.875,0.0,106.75,93.25,18.375,60.0,14.875,41.5,12.375,29.125,20.5,15.625,1.4882385190918472,6.125,16.75,35.0875,30.0,62.0,48.7812427980726,14.875,22.25,66.775,0.0,7.875,0.5497917588087867,4.875,19.125,0.26813699585438716,15.625,0.0,102.375
92,84,2013-01-30,1,1,2012-13,Philadelphia 76ers,Washington Wizards,96.25,16.875,68.75,10.625,37.5,9.125,28.375,24.25,13.125,1.894340034965035,5.625,15.75,35.175000000000004,34.375,68.125,50.5204555433682,10.625,15.0,70.725,0.0,6.0,0.48361013986013984,4.625,18.25,0.26771592807777017,13.125,0.0,107.25,96.625,21.0,61.25,14.375,43.25,10.25,33.0,23.875,16.5,1.5104910714285715,7.0,16.875,40.0375,30.625,64.625,47.46244400370124,14.375,20.75,69.825,0.0,7.125,0.45357142857142857,5.0,19.75,0.24531385653676674,16.5,0.0,109.125
93,92,2013-01-30,1,1,2012-13,Atlanta Hawks,Toronto Raptors,98.0,26.625,58.25,13.125,40.125,10.5,29.625,25.625,16.625,1.579524687666135,8.875,22.125,40.087500000000006,29.125,58.125,51.33198897883554,13.125,19.0,68.3,0.0,7.0,0.4290387426900585,4.0,21.125,0.18630297842254365,16.625,0.0,110.0,104.125,22.125,66.5,15.5,38.5,10.25,28.25,24.75,13.125,1.9813228438228438,7.375,19.625,37.0625,33.25,64.625,51.59035172607881,15.5,20.375,75.76249999999999,0.0,6.25,0.49596792096792097,3.625,22.75,0.16919605317528066,13.125,0.0,115.625
90,96,2013-01-30,1,1,2012-13,Minnesota Timberwolves,Los Angeles Clippers,92.0,14.25,60.0,17.75,38.375,12.625,25.75,21.75,15.875,1.3823620313510019,4.75,16.5,28.075,30.0,64.0,47.18696707698574,17.75,24.5,71.7625,0.0,8.0,0.5007285606550312,4.375,17.875,0.26276536930561695,15.875,0.0,96.125,97.625,20.625,62.0,15.0,42.25,12.75,29.5,22.75,14.375,1.6238553113553114,6.875,18.75,36.7875,31.0,63.875,48.72518035164383,15.0,21.875,68.5125,0.0,7.875,0.5691128316128315,4.75,20.875,0.23619773156298093,14.375,0.0,109.25
118,110,2013-01-30,1,1,2012-13,Denver Nuggets,Houston Rockets,110.625,23.625,67.5,19.5,41.875,11.875,30.0,25.125,15.5,1.846577380952381,7.875,20.875,37.6,33.75,65.625,51.60345917511866,19.5,27.5,71.0875,0.0,11.0,0.8137429971988795,5.125,21.75,0.26117835968379444,15.5,0.0,125.375,101.625,34.5,47.5,19.625,44.25,12.0,32.25,22.125,16.25,1.704986793098206,11.5,29.25,39.887499999999996,23.75,51.875,45.572350182559006,19.625,24.875,79.5,0.0,7.75,0.6142266097429141,5.25,22.375,0.2510526293225936,16.25,0.0,113.625
99,81,2013-01-30,1,1,2012-13,Boston Celtics,Sacramento Kings,94.0,15.375,61.0,17.625,43.375,10.375,33.0,22.5,16.0,1.4146650326797385,5.125,17.75,28.5125,30.5,65.875,46.58627915338259,17.625,23.25,74.6875,0.0,8.75,0.5618347338935574,4.875,24.25,0.2259995137712529,16.0,0.0,103.875,93.25,16.875,61.75,14.625,40.5,11.625,28.875,19.5,16.5,1.2973380867498512,5.625,15.625,35.95,30.875,67.75,45.767592469927365,14.625,21.625,66.55,0.0,8.75,0.5730659536541889,3.875,21.375,0.1991349902534113,16.5,0.0,95.5
104,99,2013-01-30,1,1,2012-13,Utah Jazz,New Orleans Hornets,96.0,15.375,65.0,15.625,37.625,10.625,27.0,24.0,14.0,1.802000175070028,5.125,14.75,34.5125,32.5,65.625,49.379203189684056,15.625,20.25,76.175,0.0,9.75,0.7413004785247432,5.0,19.625,0.2635169837472469,14.0,0.0,111.0,101.0,24.0,60.0,17.0,42.75,12.625,30.125,21.75,15.0,1.5213329562594269,8.0,20.0,39.8875,30.0,61.5,49.19015771268272,17.0,22.5,75.4375,0.0,6.75,0.4734398567119156,4.625,22.75,0.2115949596212754,15.0,0.0,112.875
102,78,2013-01-30,1,1,2012-13,San Antonio Spurs,Charlotte Bobcats,102.375,21.375,67.5,13.5,41.375,6.625,34.75,25.5,12.25,2.158812021312021,7.125,21.875,32.6375,33.75,60.0,56.46446966357507,13.5,18.5,72.2875,0.0,7.625,0.6489635364635364,4.75,16.625,0.2768281206023079,12.25,0.0,123.375,92.125,15.375,54.75,22.0,38.25,9.125,29.125,16.5,13.875,1.2192343324889765,5.125,13.0,39.425000000000004,27.375,63.625,43.0847266224192,22.0,28.75,76.95,0.0,6.625,0.476367975419833,6.875,21.125,0.33502872932220756,13.875,0.0,95.625
113,97,2013-01-30,1,1,2012-13,New York Knicks,Orlando Magic,92.375,26.625,49.5,16.25,42.5,12.0,30.5,17.125,12.375,1.5673286782661782,8.875,25.75,34.1875,24.75,55.75,45.21493158142463,16.25,21.125,76.3,0.0,7.25,0.7306146978021978,4.25,20.75,0.21131946520373632,12.375,0.0,98.375,94.625,25.875,57.5,11.25,40.625,9.875,30.75,24.625,14.0,1.7789606227106227,8.625,22.375,39.175,28.75,60.75,47.69711743249869,11.25,14.25,80.52499999999999,0.0,6.625,0.4783424908424908,3.0,17.875,0.1942708333333333,14.0,0.0,106.75
85,105,2013-01-30,1,1,2012-13,Brooklyn Nets,Miami Heat,95.125,26.625,51.5,17.0,41.125,11.625,29.5,19.875,14.5,1.593875313283208,8.875,24.875,34.3625,25.75,53.25,48.06940261563725,17.0,22.125,78.3625,0.0,7.375,0.6092209690893902,4.625,18.0,0.2845635723925197,14.5,0.0,105.0,104.625,22.875,65.25,16.5,41.5,10.25,31.25,24.375,13.5,2.0772328162034044,7.625,22.875,31.45,32.625,59.25,55.80459978684364,16.5,22.75,72.675,0.0,9.5,0.8731361775479423,5.125,22.25,0.24163107560940378,13.5,0.0,123.5
92,86,2013-01-30,1,1,2012-13,Phoenix Suns,Los Angeles Lakers,94.125,17.625,59.25,17.25,41.5,10.125,31.375,22.625,16.625,1.4057189542483661,5.875,16.375,36.737500000000004,29.625,64.125,46.266273794050996,17.25,22.875,74.925,0.0,7.25,0.46004901960784317,5.125,21.375,0.2505270092226614,16.625,0.0,103.375,98.875,25.125,57.5,16.25,43.375,9.625,33.75,23.875,15.125,1.6698126526251527,8.375,22.875,36.575,28.75,56.0,51.483042283814605,16.25,24.625,65.35000000000001,0.0,5.625,0.389802731990232,4.875,17.25,0.30470117185670254,15.125,0.0,111.375
88,104,2013-01-30,1,1,2012-13,Milwaukee Bucks,Chicago Bulls,105.875,27.0,62.75,16.125,45.625,14.75,30.875,25.5,13.875,1.8916666666666666,9.0,22.25,40.349999999999994,31.375,68.0,46.42735892293207,16.125,23.125,68.9625,0.0,8.0,0.6052287581699346,6.375,18.5,0.35635975135975134,13.875,0.0,120.625,92.25,16.125,59.5,16.625,45.875,12.875,33.0,22.25,14.5,1.6791404061624648,5.375,15.5,33.362500000000004,29.75,65.375,45.758515618997784,16.625,22.75,73.88749999999999,0.0,5.625,0.4455174115100586,6.625,22.125,0.3203239121989122,14.5,0.0,106.25
106,89,2013-01-31,1,1,2012-13,Oklahoma City Thunder,Memphis Grizzlies,107.875,21.75,62.5,23.625,41.375,11.25,30.125,21.25,16.375,1.394104412099768,7.25,20.25,34.7625,31.25,61.375,51.23673916861213,23.625,28.625,82.075,0.0,9.0,0.5924794020479005,5.875,23.5,0.2551105094583355,16.375,0.0,120.875,90.75,10.125,67.75,12.875,43.125,14.25,28.875,19.25,14.625,1.3448223039215685,3.375,10.25,31.1875,33.875,72.375,46.79214079821433,12.875,17.25,74.76249999999999,0.0,7.375,0.5087009803921568,5.625,18.375,0.3062257289279348,14.625,0.0,101.75
100,97,2013-01-31,1,1,2012-13,Golden State Warriors,Dallas Mavericks,103.125,24.75,60.25,18.125,41.125,9.5,31.625,22.875,13.75,1.6980393483150835,8.25,20.125,40.925,30.125,62.5,48.13150772656712,18.125,21.0,85.8875,0.0,6.75,0.49541104320516083,4.25,21.0,0.20268497330282229,13.75,0.0,117.25,108.5,21.0,69.25,18.25,43.5,9.875,33.625,26.375,12.25,2.3266617063492063,7.0,16.375,44.25,34.625,69.5,49.80669806018537,18.25,22.0,84.0,0.0,8.0,0.6854910714285715,3.75,20.5,0.20830804397738034,12.25,0.0,129.875
100,111,2013-02-01,1,1,2012-13,Minnesota Timberwolves,Los Angeles Lakers,92.25,14.625,59.75,17.875,38.375,11.875,26.5,21.375,15.5,1.3949822236586942,4.875,16.875,28.2375,29.875,62.0,48.36156452952118,17.875,25.0,70.775,0.0,7.625,0.49351702219349275,4.125,19.75,0.21526536930561696,15.5,0.0,97.0,96.625,24.375,55.75,16.5,43.375,10.0,33.375,22.5,16.375,1.4135626526251526,8.125,22.625,35.9625,27.875,55.5,50.337765991479486,16.5,24.75,66.3,0.0,5.875,0.371052731990232,4.5,16.75,0.2922011718567026,16.375,0.0,106.125
102,89,2013-02-01,1,1,2012-13,Indiana Pacers,Miami Heat,95.625,22.5,59.0,14.125,44.25,13.875,30.375,21.125,16.875,1.2723167049453814,7.5,19.5,38.8,29.5,62.5,47.300055426336534,14.125,17.625,78.63749999999999,0.0,7.625,0.46582642235215765,6.5,20.5,0.3422774665421724,16.875,0.0,109.75,106.5,24.75,66.0,15.75,40.625,10.875,29.75,24.5,13.25,2.1051739926739925,8.25,22.875,34.7375,33.0,60.0,55.80459978684364,15.75,22.0,71.0625,0.0,9.625,0.8902930402930403,4.75,22.125,0.22466678989511807,13.25,0.0,124.875
96,86,2013-02-01,1,1,2012-13,New York Knicks,Milwaukee Bucks,97.0,30.375,51.0,15.625,40.625,10.875,29.75,19.125,11.875,1.8493799603174603,10.125,27.5,36.8375,25.5,53.125,48.91737723359854,15.625,20.5,74.5,0.0,7.5,0.7669394841269841,3.875,20.75,0.19048613187040297,11.875,0.0,106.375,103.5,26.25,61.75,15.5,46.75,15.625,31.125,24.0,14.75,1.701425438596491,8.75,21.625,40.45,30.875,69.25,44.677866022323556,15.5,22.625,67.85,0.0,7.75,0.5728822669418644,6.5,17.75,0.3724123829386987,14.75,0.0,115.375
97,84,2013-02-01,1,1,2012-13,Boston Celtics,Orlando Magic,93.875,14.25,61.75,17.875,42.875,9.375,33.5,21.875,16.375,1.3424428104575163,4.75,17.125,27.6625,30.875,65.625,47.47462289409029,17.875,23.25,75.9375,0.0,9.125,0.5743347338935574,4.375,24.375,0.20110773887947803,16.375,0.0,103.25,95.375,26.625,57.25,11.5,39.75,9.5,30.25,23.5,13.625,1.732694388944389,8.875,23.375,39.0625,28.625,58.5,49.498055198909604,11.5,14.375,81.46249999999999,0.0,6.25,0.4612970362970363,2.625,17.5,0.17083333333333334,13.625,0.0,106.625
86,77,2013-02-01,1,1,2012-13,Utah Jazz,Portland Trail Blazers,97.125,13.875,65.5,17.75,38.25,10.625,27.625,23.375,13.5,1.8195341117216117,4.625,13.75,33.675,32.75,65.625,49.825631761112625,17.75,23.625,75.0125,0.0,9.375,0.7328163156288157,5.125,19.875,0.26683137768664084,13.5,0.0,111.875,98.5,21.75,58.25,18.5,43.375,10.25,33.125,24.0,17.25,1.4143004570249151,7.25,23.375,29.537499999999998,29.125,55.875,51.63660587000349,18.5,23.0,80.75,0.0,6.875,0.4040984814978623,4.375,18.75,0.23990393120811077,17.25,0.0,112.5
89,80,2013-02-01,1,1,2012-13,Philadelphia 76ers,Sacramento Kings,98.75,18.375,70.5,9.875,38.25,9.375,28.875,25.75,12.625,2.0761582167832167,6.125,16.125,38.45,35.25,70.375,50.4299448726365,9.875,13.875,70.325,0.0,6.75,0.5608828671328672,4.625,18.625,0.2582621465651651,12.625,0.0,112.375,91.5,17.25,58.5,15.75,39.875,11.625,28.25,18.25,16.625,1.2231421803171028,5.75,16.375,34.675,29.25,65.5,44.820439960274854,15.75,23.25,67.0375,0.0,8.875,0.5759899302623761,3.875,21.0,0.2000321194400142,16.625,0.0,91.375
117,99,2013-02-01,1,1,2012-13,Detroit Pistons,Cleveland Cavaliers,92.25,17.25,60.25,14.75,43.0,13.5,29.5,19.25,15.25,1.4320410401002506,5.75,17.0,32.487500000000004,30.125,64.625,46.81695708378689,14.75,23.0,64.5875,0.0,7.75,0.5550438596491227,5.375,18.5,0.307575498528184,15.25,0.0,98.375,100.5,15.0,66.0,19.5,39.375,12.0,27.375,21.5,12.5,1.7739182692307693,5.0,16.375,31.8125,33.0,69.0,47.74179172035088,19.5,24.375,81.15,0.0,7.875,0.6579326923076922,4.625,19.125,0.24858933958198662,12.5,0.0,109.125
113,98,2013-02-01,1,1,2012-13,Denver Nuggets,New Orleans Hornets,110.875,23.25,67.5,20.125,41.375,11.25,30.125,24.375,17.0,1.555952380952381,7.75,21.0,37.012499999999996,33.75,64.5,52.727797799457285,20.125,28.625,70.3875,0.0,10.75,0.6981179971988796,5.75,22.625,0.283596837944664,17.0,0.0,123.625,99.5,23.25,58.75,17.5,42.125,12.0,30.125,21.75,14.625,1.5671662895927603,7.75,20.5,37.4875,29.375,60.375,49.12491045993547,17.5,23.75,74.0,0.0,6.625,0.47552319004524884,4.75,24.5,0.19727204295460873,14.625,0.0,110.125
93,89,2013-02-01,1,1,2012-13,Brooklyn Nets,Chicago Bulls,91.625,25.5,50.0,16.125,41.125,11.625,29.5,19.625,16.125,1.2671209273182957,8.5,24.375,33.275,25.0,52.25,47.65273594897058,16.125,21.625,76.57499999999999,0.0,7.125,0.4677736006683375,4.875,17.0,0.31844635627530365,16.125,0.0,99.625,91.875,16.5,60.75,14.625,45.75,13.0,32.75,22.375,14.25,1.7282475490196079,5.5,15.75,33.800000000000004,30.375,65.75,46.32902843951061,14.625,19.875,74.47500000000001,0.0,6.0,0.4871840781767252,7.0,21.125,0.34039966977466973,14.25,0.0,107.875
99,109,2013-02-01,1,1,2012-13,Phoenix Suns,Dallas Mavericks,95.75,16.125,62.0,17.625,41.125,9.375,31.75,22.75,15.875,1.4855800653594773,5.375,16.125,33.612500000000004,31.0,64.875,47.812861009652295,17.625,22.75,77.95,0.0,8.0,0.5399101307189542,4.75,20.125,0.24219367588932805,15.875,0.0,106.75,107.625,19.875,69.25,18.5,43.375,10.0,33.375,26.25,13.0,2.1738839285714286,6.625,17.375,40.1625,34.625,68.625,50.50114250462981,18.5,22.375,83.92500000000001,0.0,8.25,0.6688244047619047,3.75,20.0,0.21462117529051167,13.0,0.0,127.625
98,73,2013-02-01,1,1,2012-13,Toronto Raptors,Los Angeles Clippers,102.375,22.875,64.25,15.25,39.875,10.5,29.375,24.125,13.5,1.9114699026463733,7.625,20.75,35.45,32.125,63.875,50.373995618418355,15.25,20.375,74.67500000000001,0.0,6.625,0.5132998537410302,4.125,22.375,0.19796589444512191,13.5,0.0,113.625,95.0,17.625,62.25,15.125,43.5,13.25,30.25,22.125,14.0,1.6113553113553114,5.875,17.5,33.7125,31.125,64.875,48.127532995205684,15.125,23.125,65.925,0.0,8.375,0.6121683871683872,5.0,20.5,0.2520707474359968,14.0,0.0,106.625
85,76,2013-02-01,1,1,2012-13,Memphis Grizzlies,Washington Wizards,91.625,12.0,67.75,11.875,45.125,16.125,29.0,20.25,14.375,1.4358479449472097,4.0,12.25,32.8,33.875,74.0,45.753328012826195,11.875,16.125,74.36250000000001,0.0,8.375,0.5907522624434389,5.5,19.25,0.2936577941453261,14.375,0.0,103.875,95.375,20.625,59.25,15.5,43.875,9.875,34.0,22.625,16.625,1.4330056913116123,6.875,17.5,38.125,29.625,62.625,47.271030276602524,15.5,22.0,70.8625,0.0,6.875,0.4378550543024227,5.125,19.5,0.2585491506544138,16.625,0.0,107.125
109,95,2013-02-02,1,1,2012-13,Houston Rockets,Charlotte Bobcats,102.875,33.375,49.75,19.75,43.0,12.125,30.875,22.75,17.0,1.697174293098206,11.125,29.25,38.5,24.875,51.5,47.923714704976156,19.75,25.5,78.4875,0.0,8.375,0.6298516097429141,5.25,22.375,0.25105262932259365,17.0,0.0,114.75,90.75,14.625,54.5,21.625,38.0,9.0,29.0,16.25,15.0,1.1619426658223098,4.875,13.5,37.06250000000001,27.25,62.375,43.829807640937716,21.625,27.875,78.39999999999999,0.0,7.125,0.47220130875316635,6.625,20.625,0.3256537293222076,15.0,0.0,93.75
96,86,2013-02-02,1,1,2012-13,San Antonio Spurs,Washington Wizards,101.875,21.75,65.5,14.625,40.375,6.5,33.875,25.125,12.875,2.0957081565777216,7.25,21.25,34.9125,32.75,59.25,55.46510925423705,14.625,19.75,73.325,0.0,8.5,0.6734200582026668,3.75,16.75,0.2225518048128342,12.875,0.0,121.125,90.875,18.375,59.0,13.5,42.125,9.25,32.875,21.75,16.0,1.4266812865497076,6.125,17.125,35.275,29.5,63.375,46.44605116214973,13.5,18.875,74.875,0.0,7.25,0.47803362573099417,4.0,19.375,0.20229915065441378,16.0,0.0,99.75
115,110,2013-02-02,1,1,2012-13,Cleveland Cavaliers,Oklahoma City Thunder,101.25,15.75,64.5,21.0,39.75,11.5,28.25,20.875,12.375,1.7447516025641026,5.25,16.25,33.1875,32.25,68.25,47.1605119111299,21.0,26.125,80.75,0.0,7.25,0.6214743589743589,5.125,20.625,0.25941185040449743,12.375,0.0,109.75,108.375,21.75,62.5,24.125,41.5,10.625,30.875,22.375,17.0,1.4075987302815862,7.25,19.875,35.55,31.25,60.25,52.24999187061933,24.125,29.0,82.91250000000001,0.0,8.5,0.5292691747751732,6.5,23.5,0.2898327316805578,17.0,0.0,123.75
76,93,2013-02-02,1,1,2012-13,Atlanta Hawks,Chicago Bulls,102.375,29.625,59.25,13.5,39.75,9.5,30.25,27.0,16.875,1.6457011582543704,9.875,23.625,43.1125,29.625,55.75,53.92052439300121,13.5,20.0,65.9375,0.0,7.625,0.4609014877880977,4.25,20.375,0.2106085339780992,16.875,0.0,117.75,90.5,15.0,61.25,14.25,44.0,13.375,30.625,22.625,13.375,1.8086046918767507,5.0,15.625,30.525000000000002,30.625,66.25,46.31600760617727,14.25,18.625,76.85000000000001,0.0,6.625,0.5437316972243442,7.25,20.5,0.35677667512226335,13.375,0.0,107.0
105,99,2013-02-02,1,1,2012-13,Portland Trail Blazers,Utah Jazz,94.25,21.375,55.25,17.625,42.625,10.625,32.0,22.75,16.75,1.374826772814389,7.125,22.5,30.2125,27.625,55.625,49.330409704401944,17.625,22.125,79.80000000000001,0.0,7.0,0.42120374465575705,4.5,19.0,0.24160847666265622,16.75,0.0,106.5,96.625,13.5,65.5,17.625,40.125,10.625,29.5,23.125,13.125,1.8381639194139194,4.5,14.375,30.762500000000003,32.75,66.25,49.344384865931296,17.625,23.5,74.8125,0.0,8.75,0.706374007936508,5.625,19.75,0.29145258980785294,13.125,0.0,111.875
120,81,2013-02-02,1,1,2012-13,New York Knicks,Sacramento Kings,96.375,31.125,49.25,16.0,41.75,10.375,31.375,19.125,12.375,1.805109126984127,10.375,29.125,35.225,24.625,49.75,49.930648395721924,16.0,20.875,74.9375,0.0,6.75,0.6914186507936507,4.0,19.125,0.21042660806087918,12.375,0.0,106.875,92.875,16.875,59.0,17.0,38.875,11.0,27.875,19.75,16.125,1.3588887866519443,5.625,16.375,33.425,29.5,64.75,45.57406314868065,17.0,24.5,69.0375,0.0,9.375,0.6325510162352268,3.5,20.875,0.17867795277334753,16.125,0.0,94.75
115,86,2013-02-02,1,1,2012-13,Minnesota Timberwolves,New Orleans Hornets,92.5,16.125,60.25,16.125,37.625,10.375,27.25,21.875,15.25,1.4578027364792072,5.375,17.125,30.175,30.125,62.25,48.56822354215035,16.125,23.625,66.8375,0.0,8.125,0.5371067657832364,4.375,20.125,0.2263764804167281,15.25,0.0,97.875,100.5,24.0,60.0,16.5,40.625,11.25,29.375,22.625,15.125,1.5917875017139724,8.0,20.0,39.8625,30.0,61.0,49.61533732748098,16.5,22.5,74.225,0.0,6.5,0.46352824055029934,5.375,24.375,0.2294149000974659,15.125,0.0,111.5
113,93,2013-02-02,1,1,2012-13,Golden State Warriors,Phoenix Suns,104.625,25.875,59.5,19.25,41.625,10.125,31.5,23.25,14.25,1.6285949038706393,8.625,20.625,42.175,29.75,62.0,47.91321728539066,19.25,22.375,85.67500000000001,0.0,7.0,0.49754779534191296,4.5,21.0,0.21458973520758418,14.25,0.0,119.375,96.0,15.375,63.0,17.625,41.125,9.75,31.375,22.375,15.25,1.5181655354449473,5.125,16.25,31.587500000000002,31.5,66.75,47.20017204950571,17.625,22.75,77.95,0.0,8.5,0.5917263700351936,4.25,20.25,0.21511034255599476,15.25,0.0,105.5
107,98,2013-02-02,1,1,2012-13,Milwaukee Bucks,Orlando Magic,103.25,26.625,61.25,15.375,45.0,14.5,30.5,24.375,14.875,1.7182523616734142,8.875,20.625,42.325,30.625,68.75,44.600870049805195,15.375,22.0,69.2875,0.0,8.125,0.59852329258289,6.375,18.75,0.3537435517698676,14.875,0.0,115.75,93.75,23.25,58.5,12.0,40.625,10.375,30.25,22.25,13.875,1.6002539127539128,7.75,23.125,33.900000000000006,29.25,59.875,49.541071393241594,12.0,14.875,81.46249999999999,0.0,6.25,0.4464160839160839,3.125,16.625,0.21602564102564104,13.875,0.0,103.25
97,98,2013-02-03,1,1,2012-13,Detroit Pistons,Los Angeles Lakers,96.0,16.5,63.25,16.25,44.625,13.75,30.875,19.875,14.75,1.555525888585099,5.5,16.625,31.65,31.625,65.5,48.39771912212256,16.25,25.625,65.025,0.0,7.875,0.5876196172248803,6.25,18.5,0.34924216519485063,14.75,0.0,105.5,99.25,25.125,57.25,16.875,45.25,11.125,34.125,23.125,15.5,1.5356780372405372,8.375,23.875,34.962500000000006,28.625,56.75,50.712765991479486,16.875,24.375,68.7625,0.0,6.25,0.4099950396825397,5.125,15.625,0.34033781781943545,15.5,0.0,112.375
85,100,2013-02-03,1,1,2012-13,Toronto Raptors,Miami Heat,101.5,25.125,62.75,13.625,40.125,10.25,29.875,25.375,13.375,2.031662210338681,8.375,22.0,36.5375,31.375,62.125,50.4859850782339,13.625,18.5,73.03750000000001,0.0,6.75,0.5285242127153892,4.25,21.875,0.2064141703071909,13.375,0.0,115.375,101.625,20.25,66.0,15.375,39.25,10.375,28.875,22.75,13.375,1.9063103563103563,6.75,20.0,33.4625,33.0,61.625,53.91506490312271,15.375,22.0,69.5,0.0,9.125,0.8323384948384948,4.125,22.5,0.18638927793339558,13.375,0.0,115.0
106,104,2013-02-03,1,1,2012-13,Boston Celtics,Los Angeles Clippers,96.25,14.25,63.75,18.25,44.75,9.875,34.875,22.875,16.375,1.4091094771241832,4.75,17.125,27.662499999999998,31.875,66.875,47.97516401963142,18.25,23.0,79.2875,0.0,8.875,0.5576680672268908,4.5,23.375,0.2253751381468773,16.375,0.0,108.75,92.875,16.875,60.25,15.75,42.125,13.0,29.125,21.375,13.625,1.5863553113553115,5.625,18.25,30.875,30.125,63.5,47.4568372404887,15.75,24.125,65.8375,0.0,7.875,0.5927239427239428,4.875,20.0,0.2520707474359968,13.625,0.0,101.125
99,94,2013-02-04,1,1,2012-13,Miami Heat,Charlotte Bobcats,102.0,18.0,67.75,16.25,40.625,10.625,30.0,22.0,13.125,1.8806693306693307,6.0,18.625,31.699999999999996,33.875,63.375,53.60327351990276,16.25,22.875,70.925,0.0,9.375,0.8618256743256743,4.125,22.375,0.18729507503484483,13.125,0.0,116.25,93.125,16.5,55.25,21.375,38.5,9.625,28.875,16.875,15.25,1.1872402848699288,5.5,14.75,38.1625,27.625,62.0,44.673061609191684,21.375,27.125,79.75,0.0,7.0,0.4513679754198331,6.75,20.625,0.3310885119309032,15.25,0.0,97.625
99,85,2013-02-04,1,1,2012-13,New York Knicks,Detroit Pistons,98.875,34.125,50.25,14.5,42.625,11.0,31.625,20.375,13.375,1.7217757936507936,11.375,30.75,36.162499999999994,25.125,48.75,52.18783033826638,14.5,19.375,72.1625,0.0,7.0,0.6669088468720822,3.5,18.875,0.18724365066739546,13.375,0.0,111.125,95.25,15.0,65.5,14.75,44.25,13.5,30.75,20.125,14.0,1.629335412394623,5.0,16.0,30.1875,32.75,67.875,48.446610908302475,14.75,23.625,64.4875,0.0,8.0,0.6173815219867851,6.375,17.875,0.36675424248953664,14.0,0.0,105.0
98,90,2013-02-04,1,1,2012-13,Washington Wizards,Los Angeles Clippers,90.75,17.625,60.5,12.625,41.875,9.375,32.5,22.125,15.75,1.4683479532163743,5.875,17.375,33.6875,30.25,64.5,46.864711449231066,12.625,17.625,73.8125,0.0,7.25,0.4849780701754386,3.5,19.25,0.18191871587180508,15.75,0.0,99.0,94.125,18.375,60.75,15.0,40.0,11.875,28.125,22.5,14.875,1.5425241425241425,6.125,18.25,33.2625,30.375,61.75,49.1031495010251,15.0,22.875,66.3,0.0,7.875,0.544022644022644,4.0,20.375,0.21277308857312055,14.875,0.0,102.25
112,91,2013-02-04,1,1,2012-13,Oklahoma City Thunder,Dallas Mavericks,107.5,21.0,62.25,24.25,43.0,10.5,32.5,21.75,17.375,1.3330188983488132,7.0,20.125,33.7875,31.125,59.75,52.476042701508874,24.25,29.0,83.4,0.0,8.375,0.5045843008255934,6.5,22.625,0.30765680575463183,17.375,0.0,123.25,107.125,20.625,67.25,19.25,45.625,11.0,34.625,25.25,13.625,1.969717261904762,6.875,18.375,39.150000000000006,33.625,69.0,48.65879175836116,19.25,23.5,82.69999999999999,0.0,8.625,0.6646577380952381,5.125,19.375,0.2925197260151493,13.625,0.0,127.0
98,100,2013-02-04,1,1,2012-13,Minnesota Timberwolves,Portland Trail Blazers,97.25,16.5,63.75,17.0,38.0,10.625,27.375,23.25,15.75,1.4964932126696833,5.5,16.625,31.700000000000003,31.875,61.875,51.632739671182605,17.0,24.75,67.3375,0.0,8.5,0.5400829562594268,4.375,21.375,0.21275992268252328,15.75,0.0,106.75,96.375,21.75,56.75,17.875,42.0,10.0,32.0,23.5,16.375,1.445139272814389,7.25,21.125,33.2875,28.375,56.5,49.970760581594924,17.875,22.375,80.1125,0.0,6.5,0.3973550604452307,4.375,18.0,0.2507261237214798,16.375,0.0,109.875
98,91,2013-02-04,1,1,2012-13,Utah Jazz,Sacramento Kings,96.0,13.5,66.25,16.25,39.75,10.25,29.5,23.0,11.75,2.2428514194139195,4.5,14.5,30.475,33.125,67.875,48.767648586183846,16.25,22.0,74.26249999999999,0.0,8.75,0.861061507936508,5.625,20.0,0.29031622617148933,11.75,0.0,110.875,90.875,17.25,57.5,16.125,37.75,10.375,27.375,18.5,17.0,1.200994049809839,5.75,16.75,33.525,28.75,63.75,45.133947708565216,16.125,23.75,67.4875,0.0,9.625,0.6226825951825952,3.5,19.375,0.18608536018075492,17.0,0.0,89.625
78,61,2013-02-04,1,1,2012-13,Philadelphia 76ers,Orlando Magic,96.5,17.25,69.5,9.75,38.75,9.5,29.25,25.0,13.75,1.9057036713286712,5.75,15.625,36.9625,34.75,69.5,50.380272128363465,9.75,13.875,69.67500000000001,0.0,6.5,0.5074737762237762,4.5,18.625,0.2513177021207207,13.75,0.0,108.75,93.5,21.0,61.0,11.5,42.625,11.625,31.0,23.75,14.125,1.668881363734305,7.0,21.625,32.75,30.5,63.25,48.77023805990825,11.5,15.0,78.7875,0.0,7.0,0.4875925545043192,3.375,15.25,0.2393974897651368,14.125,0.0,105.25
111,101,2013-02-04,1,1,2012-13,Indiana Pacers,Chicago Bulls,95.5,22.125,60.0,13.375,41.0,12.625,28.375,20.625,17.0,1.2314159696512637,7.375,18.875,39.400000000000006,30.0,61.0,49.4626098530419,13.375,17.125,77.225,0.0,7.625,0.4635286282345106,5.75,20.25,0.3124479210876269,17.0,0.0,107.25,91.875,16.875,61.75,13.25,44.375,13.75,30.625,23.125,12.625,1.9863824696545285,5.625,16.375,32.85,30.875,66.5,46.523416442758396,13.25,17.625,75.375,0.0,7.375,0.6603983638910109,7.125,19.125,0.3714195322651205,12.625,0.0,110.5
114,103,2013-02-05,1,1,2012-13,Indiana Pacers,Atlanta Hawks,98.625,23.625,59.5,15.5,41.375,12.75,28.625,21.25,17.125,1.2611034696512637,7.875,18.5,43.2875,29.75,60.0,49.903786323630136,15.5,19.875,76.7375,0.0,7.625,0.4604036282345106,5.875,20.5,0.31360891179970124,17.125,0.0,112.375,98.25,28.875,56.25,13.125,40.25,9.0,31.25,25.0,16.625,1.5396743725400845,9.625,23.375,42.3,28.125,56.125,51.01482263861524,13.125,19.75,64.5125,0.0,7.0,0.425187202073812,4.875,19.625,0.269636311755877,16.625,0.0,110.375
90,96,2013-02-05,1,1,2012-13,Memphis Grizzlies,Phoenix Suns,91.625,11.25,68.5,11.875,44.875,15.75,29.125,20.375,14.75,1.416522287052473,3.75,12.25,29.225,34.25,74.0,46.281497026910706,11.875,15.75,75.91250000000001,0.0,8.5,0.5874627887592284,5.0,18.75,0.2780327941453261,14.75,0.0,103.5,96.375,13.875,64.0,18.5,41.125,9.875,31.25,22.875,14.875,1.5973322021116139,4.625,15.0,31.25,32.0,68.25,46.97338761407959,18.5,23.5,79.6875,0.0,9.0,0.6396430367018603,3.5,20.375,0.17731272350837568,14.875,0.0,106.375
140,109,2013-02-05,1,1,2012-13,Houston Rockets,Golden State Warriors,104.625,31.125,53.25,20.25,44.75,12.5,32.25,23.5,16.625,1.776340959764873,10.375,28.0,37.462500000000006,26.625,52.625,50.02733612920014,20.25,26.375,77.3375,0.0,8.125,0.6229071652984696,4.625,22.625,0.21041795439999297,16.625,0.0,119.25,104.25,25.5,61.5,17.25,43.375,10.625,32.75,24.375,14.125,1.7323036950794304,8.5,20.25,42.4125,30.75,63.875,47.97815235032572,17.25,20.5,83.7125,0.0,6.375,0.4563390041331218,4.75,21.625,0.22363578783916313,14.125,0.0,120.875
83,92,2013-02-05,1,1,2012-13,Brooklyn Nets,Los Angeles Lakers,91.375,25.875,50.25,15.25,41.5,10.75,30.75,19.875,16.625,1.247279657477026,8.625,22.5,37.0375,25.125,52.625,47.53106586700337,15.25,22.0,70.32499999999999,0.0,6.875,0.43602756892230576,5.125,16.875,0.33306623931623935,16.625,0.0,100.0,98.625,24.0,58.25,16.375,45.75,10.5,35.25,23.625,15.625,1.5576560592185593,8.0,23.0,34.55,29.125,57.0,51.317762088278855,16.375,24.5,66.0,0.0,6.5,0.4230444902319902,5.0,15.625,0.3320044844861021,15.625,0.0,112.875
112,104,2013-02-05,1,1,2012-13,Denver Nuggets,Milwaukee Bucks,110.625,22.5,67.25,20.875,40.5,10.75,29.75,24.125,16.875,1.571230158730159,7.5,20.625,36.4875,33.625,63.0,53.768556299893206,20.875,29.0,72.7125,0.0,11.0,0.742562441643324,6.25,22.25,0.31022727272727274,16.875,0.0,125.0,104.375,27.75,61.25,15.375,43.875,14.625,29.25,24.625,14.625,1.7547106950067477,9.25,21.625,42.325,30.625,67.5,45.423238470857825,15.375,22.0,69.2875,0.0,8.0,0.596787181471779,6.125,18.5,0.34766716288097865,14.625,0.0,116.5
122,95,2013-02-06,1,1,2012-13,Cleveland Cavaliers,Charlotte Bobcats,100.875,16.125,64.0,20.75,40.5,10.875,29.625,22.0,12.75,1.7793669871794873,5.375,16.5,33.1875,32.0,67.75,47.14223705732873,20.75,25.25,82.4625,0.0,7.625,0.6330128205128205,4.75,19.625,0.2489951837378308,12.75,0.0,111.625,91.625,18.0,53.5,20.125,38.125,9.75,28.375,16.5,15.875,1.106984603051747,6.0,16.375,38.0,26.75,60.5,44.425436100372146,20.125,24.875,81.7875,0.0,7.375,0.4570497936016512,6.875,20.625,0.3362968452642366,15.875,0.0,95.75
103,92,2013-02-06,1,1,2012-13,Atlanta Hawks,Memphis Grizzlies,100.0,28.5,56.75,14.75,40.75,9.0,31.75,25.5,16.875,1.5483549280956401,9.5,23.375,41.7,28.375,56.25,51.339681395677395,14.75,21.5,65.85,0.0,6.875,0.4130344242960342,4.875,20.5,0.2665768711964364,16.875,0.0,112.625,92.25,12.375,68.25,11.625,43.125,15.375,27.75,20.375,15.0,1.4018164046995316,4.125,12.75,33.3875,34.125,73.25,46.552435122974515,11.625,14.375,79.35,0.0,8.375,0.5722667103278558,4.0,18.5,0.23257824869078064,15.0,0.0,102.625
76,86,2013-02-06,1,1,2012-13,Orlando Magic,Los Angeles Clippers,88.0,18.0,59.75,10.25,43.125,12.25,30.875,23.0,14.0,1.62904619889914,6.0,20.5,28.425000000000004,29.875,64.5,46.86861534185552,10.25,13.5,78.1625,0.0,7.0,0.49102662043838513,3.25,14.125,0.26261177547942255,14.0,0.0,98.0,93.0,15.75,62.25,15.0,40.625,11.75,28.875,21.125,15.625,1.3880598568098568,5.25,16.625,31.6125,31.125,62.875,49.38845077917482,15.0,22.0,69.4875,0.0,7.375,0.49223692973692973,4.125,21.375,0.20496058857312055,15.625,0.0,100.5
114,108,2013-02-06,1,1,2012-13,Miami Heat,Houston Rockets,102.875,15.375,70.75,16.75,39.125,10.5,28.625,21.875,12.875,1.9112637362637361,5.125,16.5,29.287499999999998,35.375,64.375,55.11194541346417,16.75,23.625,70.925,0.0,8.75,0.8242382617382618,4.125,21.875,0.19360820634797618,12.875,0.0,116.625,112.25,36.75,54.75,20.75,45.375,11.625,33.75,26.125,15.25,2.174952070875984,12.25,29.125,41.425,27.375,53.125,51.143314435416244,20.75,27.25,76.8875,0.0,7.875,0.656240498631803,4.625,22.0,0.21221393141148726,15.25,0.0,131.875
95,99,2013-02-06,1,1,2012-13,Toronto Raptors,Boston Celtics,99.5,22.5,61.5,15.5,39.625,10.75,28.875,23.625,13.0,1.9552733214497922,7.5,21.125,33.8125,30.75,61.375,49.99517471900249,15.5,20.875,73.1875,0.0,7.25,0.5701908793820558,4.0,22.5,0.18914443346508564,13.0,0.0,111.375,97.125,17.25,61.25,18.625,43.125,9.25,33.875,23.875,17.0,1.4219771241830066,5.75,17.625,32.625,30.625,64.0,48.08038287485027,18.625,22.875,81.0125,0.0,8.625,0.5123249299719889,4.375,22.625,0.2233459173676565,17.0,0.0,110.625
94,104,2013-02-06,1,1,2012-13,Minnesota Timberwolves,San Antonio Spurs,98.0,16.5,66.25,15.25,37.0,10.75,26.25,24.375,15.5,1.6009803921568628,5.5,16.5,31.9125,33.125,64.625,51.30635078229372,15.25,22.625,67.125,0.0,9.625,0.6317496229260935,4.125,21.5,0.19894413320883908,15.5,0.0,107.75,101.0,20.25,65.0,15.75,41.875,6.375,35.5,24.125,13.25,1.9737129642700295,6.75,21.5,31.7875,32.5,59.25,55.03407477147842,15.75,20.5,77.55,0.0,8.25,0.6451748658949745,3.125,16.125,0.20082720588235295,13.25,0.0,118.875
119,98,2013-02-06,1,1,2012-13,Oklahoma City Thunder,Golden State Warriors,106.875,22.5,61.75,22.625,42.375,9.25,33.125,23.25,16.625,1.5215215721456046,7.5,20.75,35.0375,30.875,58.125,53.226042701508874,22.625,27.875,81.2,0.0,8.75,0.5707607714138286,7.25,22.125,0.34941881948460896,16.625,0.0,126.125,104.625,22.125,64.25,18.25,43.5,11.25,32.25,23.875,13.5,1.7672301656676657,7.375,19.375,38.1,32.125,66.125,48.30036866709426,18.25,22.0,82.60000000000001,0.0,6.125,0.44776057276057274,5.125,22.25,0.23576948747286275,13.5,0.0,120.0
93,84,2013-02-06,1,1,2012-13,New Orleans Hornets,Phoenix Suns,97.25,21.75,57.25,18.25,39.5,11.0,28.5,20.75,15.875,1.4527210055502895,7.25,18.75,37.85,28.625,61.125,47.013876288519945,18.25,23.75,77.3875,0.0,6.625,0.4478632789134707,5.125,24.25,0.22056874625131204,15.875,0.0,103.875,96.625,13.875,64.75,18.0,40.625,10.0,30.625,22.75,15.375,1.5663978586772707,4.625,14.5,32.675000000000004,32.375,66.75,48.52100666169864,18.0,22.625,80.425,0.0,8.5,0.6005016225604461,3.25,20.5,0.16545501599849427,15.375,0.0,107.5
69,88,2013-02-06,1,1,2012-13,Philadelphia 76ers,Indiana Pacers,93.875,14.25,70.75,8.875,40.5,9.125,31.375,24.75,13.5,1.9319274475524475,4.75,15.5,32.2875,35.375,69.25,51.63409263405949,8.875,12.875,67.5625,0.0,6.875,0.550305944055944,5.125,17.25,0.32691294021595874,13.5,0.0,109.0,99.75,23.625,58.5,17.625,40.875,11.625,29.25,22.125,16.875,1.3652701363179305,7.875,19.25,41.55,29.25,57.75,50.82290397068896,17.625,22.75,76.125,0.0,7.125,0.4351060091868916,5.75,21.25,0.29582045026123976,16.875,0.0,113.75
106,96,2013-02-06,1,1,2012-13,Washington Wizards,New York Knicks,90.75,17.25,60.25,13.25,41.875,9.625,32.25,22.625,15.5,1.536296671165092,5.75,16.5,35.7125,30.125,65.375,46.11150632102594,13.25,18.875,72.86250000000001,0.0,7.875,0.5407473009446694,4.375,19.0,0.23747427142736066,15.5,0.0,100.375,98.5,35.25,50.25,13.0,42.875,11.5,31.375,21.0,13.25,1.772296626984127,11.75,31.125,36.875,25.125,49.25,51.59162437620676,13.0,17.5,72.25,0.0,6.625,0.6465963468720822,3.125,18.125,0.17445955975830454,13.25,0.0,110.875
90,93,2013-02-06,1,1,2012-13,Detroit Pistons,Brooklyn Nets,92.75,13.5,65.5,13.75,42.875,13.625,29.25,19.125,14.5,1.426210412394623,4.5,14.75,29.275000000000002,32.75,69.0,47.6946055607089,13.75,22.5,62.39999999999999,0.0,8.25,0.5965481886534518,6.375,17.875,0.3667542424895366,14.5,0.0,99.625,90.0,24.75,51.25,14.0,42.0,11.875,30.125,19.625,16.5,1.2399267163005554,8.25,22.125,35.974999999999994,25.625,54.875,46.797164351851855,14.0,19.625,71.9625,0.0,6.75,0.43194260160204434,5.5,16.375,0.35642482517482516,16.5,0.0,98.625
100,86,2013-02-06,1,1,2012-13,Utah Jazz,Milwaukee Bucks,94.625,13.875,64.25,16.5,39.125,9.0,30.125,22.375,13.375,1.9682302072927074,4.625,14.0,33.075,32.125,66.125,48.63814408167935,16.5,22.125,75.11249999999998,0.0,8.875,0.8092938311688311,6.0,19.375,0.31690613845219107,13.375,0.0,108.625,103.625,26.625,64.25,12.75,44.0,14.875,29.125,24.75,14.875,1.7365734401047868,8.875,21.375,40.5125,32.125,69.25,46.226809899429256,12.75,19.375,64.8125,0.0,7.25,0.5409048285306024,7.0,19.25,0.3740470330108488,14.875,0.0,115.5
105,99,2013-02-06,1,1,2012-13,Dallas Mavericks,Portland Trail Blazers,105.375,19.875,68.5,17.0,44.75,10.375,34.375,25.125,14.125,1.882217261904762,6.625,17.625,38.66250000000001,34.25,69.875,48.99990091329074,17.0,20.625,82.8125,0.0,8.625,0.6396577380952382,5.625,19.25,0.3221249891730441,14.125,0.0,125.125,95.875,21.375,58.75,15.75,41.125,10.0,31.125,24.0,17.5,1.4228178442429604,7.125,19.875,34.575,29.375,56.375,52.011762032973735,15.75,20.375,77.77499999999999,0.0,6.125,0.36704491006929085,4.875,17.875,0.2723927903881464,17.5,0.0,110.125
116,95,2013-02-07,1,1,2012-13,Boston Celtics,Los Angeles Lakers,98.5,17.25,61.75,19.5,43.0,8.625,34.375,23.75,16.5,1.4566993464052287,5.75,18.125,31.924999999999997,30.875,62.25,49.92542644783502,19.5,23.5,82.425,0.0,7.5,0.45776143790849677,4.5,21.0,0.23944440221614136,16.5,0.0,113.0,99.75,24.0,59.5,16.25,44.5,9.25,35.25,24.25,15.25,1.6327762515262516,8.0,22.5,35.2375,29.75,57.625,51.81311987813393,16.25,23.875,67.7125,0.0,6.5,0.43205891330891333,4.5,15.875,0.29641420670832436,15.25,0.0,114.25
128,96,2013-02-07,1,1,2012-13,Denver Nuggets,Chicago Bulls,112.5,23.625,68.25,20.625,42.75,11.375,31.375,24.75,16.375,1.637406629318394,7.875,20.75,38.7375,34.125,65.125,52.920855150467915,20.625,29.0,72.03750000000001,0.0,11.25,0.7670722455648926,6.75,21.75,0.3456963802787601,16.375,0.0,129.375,92.625,15.0,63.0,14.625,43.75,13.5,30.25,22.25,12.875,1.8207574696545286,5.0,16.25,29.362499999999997,31.5,66.0,47.6655948053315,14.625,18.875,77.8375,0.0,7.125,0.6072733638910109,6.5,19.75,0.3326695322651205,12.875,0.0,109.375
100,111,2013-02-08,1,1,2012-13,Atlanta Hawks,New Orleans Hornets,101.25,29.25,57.0,15.0,40.25,8.125,32.125,26.5,16.625,1.6509190306597428,9.75,23.75,42.15,28.5,54.5,53.066243895677395,15.0,21.625,66.5625,0.0,7.125,0.43482929609090604,5.25,20.75,0.28778222833929357,16.625,0.0,117.125,94.625,18.75,58.25,17.625,37.5,9.625,27.875,20.625,15.625,1.4751569029861868,6.25,17.375,35.425,29.125,60.75,48.13131993606092,17.625,23.25,75.94999999999999,0.0,7.375,0.5106837917339836,5.5,23.0,0.2535208159680876,15.625,0.0,101.625
98,100,2013-02-08,1,1,2012-13,Indiana Pacers,Toronto Raptors,100.5,22.5,58.75,19.25,43.375,12.5,30.875,21.875,15.625,1.4777701363179305,7.5,19.25,39.3375,29.375,59.25,49.84634147068896,19.25,24.5,78.8125,0.0,7.375,0.5101060091868915,4.875,20.5,0.260106164546954,15.625,0.0,115.5,97.875,21.75,59.0,17.125,40.0,11.0,29.0,22.5,13.0,1.880273321449792,7.25,20.875,32.8375,29.5,61.375,48.04204971900249,17.125,22.0,76.9,0.0,7.375,0.5785242127153892,4.0,22.625,0.18865036231884058,13.0,0.0,108.375
99,93,2013-02-08,1,1,2012-13,Memphis Grizzlies,Golden State Warriors,93.625,12.75,68.75,12.125,43.5,14.75,28.75,21.875,14.125,1.7059830713661983,4.25,13.0,33.6,34.375,73.125,46.97338261155899,12.125,15.5,75.45,0.0,7.875,0.5826833769945226,4.25,19.375,0.23806070483113154,14.125,0.0,106.125,103.875,23.625,63.5,16.75,44.625,11.5,33.125,24.5,14.0,1.7650371832115253,7.875,19.0,41.0875,31.75,67.625,46.74243019864602,16.75,20.625,80.86250000000001,0.0,5.75,0.41047987100618677,5.25,21.5,0.2512456779490532,14.0,0.0,119.125
89,93,2013-02-08,1,1,2012-13,Utah Jazz,Chicago Bulls,95.625,14.625,64.0,17.0,39.0,10.0,29.0,22.25,14.0,1.9052602824806772,4.875,13.75,36.2,32.0,65.875,48.63090888970559,17.0,23.0,74.7375,0.0,9.0,0.7970757860560492,6.625,20.0,0.3335124186454278,14.0,0.0,109.75,94.0,17.625,63.0,13.375,42.625,13.75,28.875,22.875,12.875,1.862424136321195,5.875,17.875,31.3125,31.5,66.875,46.99399392813852,13.375,17.375,77.15,0.0,7.125,0.6072733638910109,6.375,19.5,0.32919731004289826,12.875,0.0,108.75
119,109,2013-02-08,1,1,2012-13,Detroit Pistons,San Antonio Spurs,93.75,13.125,66.25,14.375,43.375,13.75,29.625,20.125,14.75,1.4678770790612896,4.375,15.25,27.625,33.125,68.625,48.509822952013245,14.375,23.375,62.4,0.0,8.375,0.5965481886534518,6.75,18.75,0.37419938355536736,14.75,0.0,102.25,102.125,22.125,64.0,16.0,41.25,6.375,34.875,24.75,13.5,1.9885731041301693,7.375,21.875,33.95,32.0,59.0,54.37982600300552,16.0,20.625,78.2,0.0,9.625,0.7474475931677018,3.25,17.375,0.1875696301247772,13.5,0.0,121.375
111,89,2013-02-08,1,1,2012-13,Miami Heat,Los Angeles Clippers,104.75,18.375,68.75,17.625,39.5,11.0,28.5,22.0,13.375,1.7404304029304027,6.125,17.75,32.8,34.375,63.0,54.68216333113972,17.625,24.25,72.4,0.0,8.125,0.6450715950715951,4.625,20.5,0.2312239470887169,13.375,0.0,118.75,91.625,16.5,60.25,14.875,42.25,11.875,30.375,21.375,16.0,1.3693910256410255,5.5,16.875,32.65,30.125,62.375,48.22806474976306,14.875,22.125,68.5125,0.0,8.375,0.5441849816849818,4.0,21.25,0.20036500033782645,16.0,0.0,100.75
127,96,2013-02-08,1,1,2012-13,Oklahoma City Thunder,Phoenix Suns,107.0,22.5,65.0,19.5,43.75,9.125,34.625,24.125,15.125,1.7090215721456046,7.5,20.625,35.225,32.5,60.625,53.6801025305687,19.5,24.375,80.1625,0.0,9.0,0.6436774380804954,8.625,20.125,0.4937640575798471,15.125,0.0,131.25,93.875,12.0,64.0,17.875,41.875,10.125,31.75,21.375,16.0,1.3936037410302116,4.0,14.0,29.5625,32.0,65.75,48.752953900688134,17.875,22.5,80.325,0.0,7.25,0.4840800539329951,3.25,19.875,0.1721395079771039,16.0,0.0,103.25
119,108,2013-02-08,1,1,2012-13,Cleveland Cavaliers,Orlando Magic,104.5,18.0,67.75,18.75,41.125,10.875,30.25,24.125,12.5,2.216866987179487,6.0,17.375,34.9375,33.875,68.0,49.74361851900431,18.75,22.875,81.35,0.0,7.0,0.5861378205128205,4.875,20.125,0.2489951837378308,12.5,0.0,119.5,86.25,17.25,58.25,10.75,44.25,13.25,31.0,21.625,14.625,1.4805419253948666,5.75,20.5,27.175000000000004,29.125,64.875,45.486852282154025,10.75,14.25,77.71249999999999,0.0,7.25,0.4942317486435133,3.625,14.125,0.28136177547942254,14.625,0.0,94.375
94,100,2013-02-08,1,1,2012-13,Minnesota Timberwolves,New York Knicks,97.75,17.625,64.75,15.375,39.375,11.0,28.375,23.375,15.0,1.575980392156863,5.875,17.0,33.0,32.375,65.0,49.808334909277846,15.375,22.25,68.8625,0.0,9.0,0.6114371229260935,4.0,21.25,0.19612458433665864,15.0,0.0,107.875,99.875,36.375,49.5,14.0,43.375,12.125,31.25,21.0,13.75,1.6167410714285715,12.125,32.0,37.3125,24.75,48.375,51.616425963508355,14.0,18.25,74.4875,0.0,5.875,0.4410407913165266,3.25,17.125,0.19320955975830453,13.75,0.0,111.875
89,74,2013-02-08,1,1,2012-13,Washington Wizards,Brooklyn Nets,93.0,18.75,62.0,12.25,40.25,9.0,31.25,23.0,15.0,1.630993640862062,6.25,16.75,37.725,31.0,64.25,48.267538225313075,12.25,17.375,73.55000000000001,0.0,7.125,0.49983821003557843,4.0,18.75,0.22083340455429565,15.0,0.0,103.5,90.625,22.5,53.5,14.625,41.25,12.25,29.0,19.5,15.875,1.2850394982554425,7.5,21.125,34.4125,26.75,56.875,47.35019465488215,14.625,20.25,72.7125,0.0,7.125,0.4657771880682097,5.625,16.0,0.3665922892896577,15.875,0.0,98.875
118,103,2013-02-08,1,1,2012-13,Houston Rockets,Portland Trail Blazers,113.25,36.375,57.5,19.375,44.375,11.25,33.125,26.0,15.625,2.1310818785682915,12.125,28.625,41.6125,28.75,54.375,52.683718475820285,19.375,25.25,77.63749999999999,0.0,7.75,0.6358078063241106,4.5,22.375,0.2055249682007849,15.625,0.0,132.25,96.375,22.5,57.75,16.125,41.125,9.625,31.5,23.375,16.5,1.6162702251953411,7.5,20.625,35.087500000000006,28.875,56.0,51.45133318307119,16.125,20.5,79.2375,0.0,6.25,0.4474020529264337,4.625,18.25,0.2565839668587347,16.5,0.0,110.625
93,100,2013-02-08,1,1,2012-13,Charlotte Bobcats,Los Angeles Lakers,91.875,18.375,54.75,18.75,38.0,9.625,28.375,16.625,15.625,1.1422410133081573,6.125,16.375,38.8375,27.375,61.375,44.778369214407235,18.75,23.25,80.7375,0.0,7.0,0.4384600500119077,6.5,19.625,0.34324128970868106,15.625,0.0,95.625,100.0,23.25,61.25,15.5,45.625,10.0,35.625,24.375,15.0,1.6616224053724054,7.75,23.25,32.8,30.625,58.625,52.51066452099108,15.5,23.625,65.8375,0.0,6.125,0.4096230158730159,3.875,16.625,0.23922797189051057,15.0,0.0,113.375
103,111,2013-02-09,1,1,2012-13,Cleveland Cavaliers,Denver Nuggets,107.125,18.375,68.75,20.0,40.125,10.25,29.875,24.5,12.0,2.446033653846154,6.125,16.5,37.6125,34.375,68.5,50.159063289287786,20.0,24.25,81.71249999999999,0.0,7.875,0.7569711538461539,4.5,19.75,0.23232851707116411,12.0,0.0,123.375,115.0,24.375,70.0,20.625,44.25,12.25,32.0,26.25,15.875,1.8481209150326796,8.125,21.125,39.1875,35.0,65.0,54.3201088818112,20.625,28.0,74.69999999999999,0.0,11.0,0.788500816993464,7.25,20.875,0.3864572498439775,15.875,0.0,137.5
116,91,2013-02-09,1,1,2012-13,Dallas Mavericks,Golden State Warriors,104.25,21.0,67.75,15.5,44.75,10.375,34.375,24.875,13.125,2.0384672619047617,7.0,17.625,40.53750000000001,33.875,69.25,48.88519754154511,15.5,19.25,80.95,0.0,7.875,0.6318452380952382,5.625,18.375,0.3292581413469571,13.125,0.0,124.5,104.625,24.375,65.25,15.0,44.25,11.125,33.125,25.25,14.625,1.769298546847889,8.125,18.75,42.862500000000004,32.625,67.375,48.44849621113487,15.0,19.0,79.25,0.0,5.625,0.3813605528243686,5.125,22.25,0.23835094110694796,14.625,0.0,120.875
120,109,2013-02-09,1,1,2012-13,Sacramento Kings,Utah Jazz,89.125,17.25,56.75,15.125,38.125,10.75,27.375,17.875,17.25,1.1214485952643845,5.75,17.375,32.9,28.375,63.875,44.47530908350868,15.125,22.875,66.325,0.0,10.375,0.6716336441336441,3.875,19.25,0.20421306580846055,17.25,0.0,87.25,96.25,15.0,64.5,16.75,39.875,10.5,29.375,22.875,14.25,1.924010282480677,5.0,14.0,36.650000000000006,32.25,65.25,49.50055260660496,16.75,23.125,72.6625,0.0,7.75,0.6637424527227159,7.375,21.0,0.35461631474932387,14.25,0.0,111.5
100,105,2013-02-09,1,1,2012-13,Milwaukee Bucks,Detroit Pistons,100.625,26.25,61.5,12.875,43.875,14.5,29.375,23.625,15.0,1.6537609401047868,8.75,21.75,38.9875,30.75,69.25,44.04427021688957,12.875,18.875,66.35000000000001,0.0,7.5,0.5513214951972691,7.5,20.25,0.37954153850535427,15.0,0.0,110.625,97.625,15.375,67.75,14.5,45.125,14.125,31.0,22.0,13.875,1.6663419913419915,5.125,16.5,29.15,33.875,69.5,48.976240862461005,14.5,23.0,64.325,0.0,7.875,0.5894209956709956,7.0,19.0,0.38531049466647843,13.875,0.0,110.25
87,76,2013-02-09,1,1,2012-13,Philadelphia 76ers,Charlotte Bobcats,89.0,13.5,67.25,8.25,42.0,9.875,32.125,23.5,13.75,1.8101325757575757,4.5,14.125,32.775,33.625,70.375,48.644123498257024,8.25,12.0,67.5625,0.0,7.125,0.559280303030303,5.375,17.0,0.3462627854171971,13.75,0.0,103.125,91.75,17.625,56.25,17.875,38.75,9.625,29.125,18.25,15.75,1.2706501042172482,5.875,16.25,37.4125,28.125,62.5,45.142005578043594,17.875,22.625,78.875,0.0,7.625,0.48959641364827133,5.75,18.75,0.3219449934123847,15.75,0.0,96.875
88,102,2013-02-10,1,1,2012-13,New York Knicks,Los Angeles Clippers,101.25,36.375,51.0,13.875,42.5,12.0,30.5,21.875,13.5,1.7292410714285715,12.125,31.75,37.5875,25.5,48.375,52.98006232714471,13.875,18.25,73.8625,0.0,5.625,0.43062412464985994,3.375,16.625,0.20550933092535262,13.5,0.0,114.25,91.75,16.875,60.25,14.625,41.0,11.5,29.5,21.75,16.5,1.3540401484480433,5.625,16.625,33.9625,30.125,61.875,48.56854394270127,14.625,21.25,70.0375,0.0,8.875,0.5617288413341045,4.125,21.125,0.20640666700449312,16.5,0.0,101.625
117,111,2013-02-10,1,1,2012-13,Sacramento Kings,Houston Rockets,92.125,18.375,57.5,16.25,37.5,10.5,27.0,18.375,16.25,1.2049780070290903,6.125,18.375,32.474999999999994,28.75,63.625,45.22731443110226,16.25,24.25,67.0875,0.0,10.75,0.7125159970748206,3.5,19.5,0.1843267021720969,16.25,0.0,90.875,116.125,36.75,59.75,19.625,44.5,11.25,33.25,26.375,14.125,2.3074652777777778,12.25,27.625,43.3375,29.875,54.875,54.305782395727874,19.625,25.625,77.39999999999999,0.0,7.375,0.6491477272727272,4.75,22.125,0.2230688278499077,14.125,0.0,138.625
118,114,2013-02-10,1,1,2012-13,Boston Celtics,Denver Nuggets,101.75,16.5,65.75,19.5,43.0,8.125,34.875,23.875,15.375,1.6372549019607845,5.5,17.375,32.4625,32.875,63.375,52.004668395988986,19.5,23.875,81.125,0.0,8.125,0.5619281045751634,4.125,22.25,0.20621027523201438,15.375,0.0,118.75,113.75,23.625,69.25,20.875,43.75,11.625,32.125,25.875,15.375,1.8564542483660131,7.875,21.0,38.05,34.625,63.5,54.89947396117628,20.875,28.0,75.4375,0.0,11.0,0.797875816993464,7.5,19.375,0.4113490247357524,15.375,0.0,137.375
102,89,2013-02-10,1,1,2012-13,Toronto Raptors,New Orleans Hornets,95.875,17.25,61.5,17.125,42.25,12.25,30.0,21.625,13.625,1.688805067481538,5.75,18.125,29.9625,30.75,65.125,47.21022878736305,17.125,22.125,76.3875,0.0,7.5,0.547770244461421,5.0,22.75,0.22077401823281909,13.625,0.0,106.875,95.75,18.375,60.25,17.125,37.25,9.75,27.5,20.625,15.75,1.4586733865026704,6.125,17.25,35.1125,30.125,61.5,49.09114136463235,17.125,22.625,75.5875,0.0,7.125,0.4887057697559616,5.625,22.875,0.2614155528101929,15.75,0.0,102.625
69,97,2013-02-10,1,1,2012-13,Phoenix Suns,Oklahoma City Thunder,94.25,12.75,65.75,15.75,41.375,10.5,30.875,21.375,16.0,1.3936037410302116,4.25,14.25,30.512500000000003,32.875,67.0,49.22498187271611,15.75,19.75,80.025,0.0,6.875,0.46202123040358334,3.25,19.25,0.17817815532009906,16.0,0.0,103.0,109.25,22.125,67.5,19.625,44.125,9.125,35.0,24.75,14.125,1.9746465721456046,7.375,19.875,36.6125,33.75,62.5,54.12573532914267,19.625,24.875,78.47500000000001,0.0,9.5,0.7530524380804954,9.5,19.375,0.5432832883490778,14.125,0.0,136.5
110,104,2013-02-10,1,1,2012-13,Orlando Magic,Portland Trail Blazers,87.875,17.25,60.75,9.875,44.0,13.125,30.875,22.625,15.25,1.4814817750189269,5.75,20.875,26.387500000000003,30.375,65.125,47.24509404039578,9.875,13.375,76.7,0.0,6.875,0.46039716217734794,4.0,15.875,0.27334895496660205,15.25,0.0,96.75,96.75,24.75,55.25,16.75,40.875,10.625,30.25,22.375,15.75,1.641671294714058,8.25,22.5,36.6625,27.625,55.375,50.06712519077461,16.75,21.5,78.19999999999999,0.0,6.25,0.46344483367509687,4.625,17.625,0.26883886881951896,15.75,0.0,108.375
105,88,2013-02-10,1,1,2012-13,Memphis Grizzlies,Minnesota Timberwolves,92.75,14.25,65.0,13.5,42.375,13.875,28.5,22.375,14.25,1.7268164046995316,4.75,13.875,34.75,32.5,70.125,46.42968238693167,13.5,17.125,75.775,0.0,7.75,0.5674590180201635,3.75,18.625,0.22507369184411855,14.25,0.0,104.375,99.125,16.875,65.0,17.25,39.875,11.75,28.125,22.625,14.625,1.5730957767722473,5.625,16.75,31.462500000000002,32.5,64.875,50.09092929031384,17.25,24.875,69.325,0.0,8.875,0.6191294306184012,3.375,21.375,0.1585428849902534,14.625,0.0,108.125
107,97,2013-02-10,1,1,2012-13,Miami Heat,Los Angeles Lakers,103.25,20.625,65.0,17.625,37.375,10.0,27.375,21.5,13.375,1.7047161172161172,6.875,18.375,34.6375,32.5,60.625,53.58460235552997,17.625,23.5,73.875,0.0,8.875,0.6986430236430237,4.75,20.5,0.23717632804109787,13.375,0.0,116.875,99.75,22.875,59.75,17.125,45.75,9.25,36.5,24.0,14.375,1.702220695970696,7.625,23.875,31.2875,29.875,58.0,51.78875617196408,17.125,25.125,69.11250000000001,0.0,6.0,0.4187042124542125,4.75,17.0,0.2859716693695022,14.375,0.0,113.5
86,111,2013-02-10,1,1,2012-13,Brooklyn Nets,San Antonio Spurs,88.5,22.125,50.75,15.625,41.5,11.75,29.75,19.25,15.875,1.268372831588776,7.375,20.875,34.1375,25.375,56.125,45.605851982468366,15.625,22.25,71.53750000000001,0.0,7.125,0.46577718806820967,5.75,15.75,0.37998514643251485,15.875,0.0,95.375,103.5,22.875,62.5,18.125,40.5,6.875,33.625,24.625,13.375,2.0094064374635026,7.625,21.875,35.0,31.25,58.375,53.647652828132856,18.125,23.0,79.52499999999999,0.0,9.625,0.7613364820565907,3.875,17.5,0.22454879679144385,13.375,0.0,122.5
90,107,2013-02-11,1,1,2012-13,Philadelphia 76ers,Los Angeles Clippers,89.25,12.75,68.25,8.25,44.25,11.0,33.25,23.375,13.125,1.8875473484848484,4.25,14.375,30.7625,34.125,71.25,48.75775986189339,8.25,11.875,68.3625,0.0,6.625,0.5351325757575758,4.875,17.375,0.3125456801540393,13.125,0.0,104.375,92.0,18.0,59.75,14.25,41.25,11.25,30.0,21.25,16.875,1.291540148448043,6.0,18.125,32.949999999999996,29.875,60.25,49.674313173470495,14.25,21.125,68.2875,0.0,9.375,0.581173285778549,4.375,20.75,0.22315307848774668,16.875,0.0,102.0
86,105,2013-02-11,1,1,2012-13,Detroit Pistons,New Orleans Hornets,97.75,14.25,68.75,14.75,46.25,14.625,31.625,22.0,14.875,1.5621753246753247,4.75,15.75,29.062499999999996,34.375,70.75,48.75302657674672,14.75,23.125,65.1625,0.0,8.25,0.5748376623376623,6.375,19.75,0.33531049466647844,14.875,0.0,110.0,96.625,19.125,60.5,17.0,37.125,9.0,28.125,20.125,15.75,1.4292616217967882,6.375,16.375,38.05,30.25,61.0,49.731022317013306,17.0,23.25,72.9625,0.0,6.5,0.4519410638736086,5.625,21.75,0.27923229489164086,15.75,0.0,103.25
94,91,2013-02-11,1,1,2012-13,Charlotte Bobcats,Boston Celtics,89.75,16.125,56.25,17.375,38.625,9.75,28.875,18.5,14.25,1.5093719087285264,5.375,16.375,33.975,28.125,63.875,44.359332536149246,17.375,21.875,79.39999999999999,0.0,6.875,0.506513706881354,5.125,19.0,0.27733715027512984,14.25,0.0,93.375,105.75,20.25,66.25,19.25,43.625,8.25,35.375,25.875,15.875,1.7153799019607845,6.75,18.875,35.7875,33.125,65.875,50.77787794506061,19.25,23.375,81.65,0.0,9.125,0.6088031045751634,4.75,21.75,0.24253750635329582,15.875,0.0,124.25
90,102,2013-02-11,1,1,2012-13,Milwaukee Bucks,Washington Wizards,99.625,23.625,61.0,15.0,44.0,14.625,29.375,21.75,14.625,1.573403797247644,7.875,20.375,37.8875,30.5,69.875,43.27151206471566,15.0,20.75,69.825,0.0,8.25,0.6143467052813028,7.625,19.5,0.4045415385053543,14.625,0.0,109.0,89.875,18.375,59.25,12.25,41.5,8.875,32.625,21.75,14.625,1.5871234485543697,6.125,16.625,37.3125,29.625,64.0,46.3558431495555,12.25,16.625,77.5625,0.0,7.5,0.5431074408048092,3.5,18.5,0.20379636751725863,14.625,0.0,100.25
89,103,2013-02-11,1,1,2012-13,Chicago Bulls,San Antonio Spurs,92.75,16.125,62.75,13.875,40.75,13.625,27.125,23.25,12.5,1.9395074696545285,5.375,16.875,30.900000000000002,31.375,66.75,46.895223076514284,13.875,17.375,79.925,0.0,7.375,0.6364400305576776,5.625,18.25,0.3063607715813598,12.5,0.0,106.875,106.125,26.25,62.5,17.375,38.125,6.5,31.625,24.625,12.5,2.205835008892074,8.75,22.0,40.8125,31.25,57.25,54.672785103265134,17.375,22.25,78.51249999999999,0.0,9.875,0.8684793391994479,3.875,17.75,0.22008451107715812,12.5,0.0,126.0
84,89,2013-02-11,1,1,2012-13,Indiana Pacers,Brooklyn Nets,102.75,23.625,59.25,19.875,44.375,12.5,31.875,22.75,16.375,1.4752397719454609,7.875,19.125,41.1875,29.625,59.125,50.38675500452354,19.875,25.875,77.0,0.0,7.125,0.472656616474341,5.5,20.75,0.2873788918196813,16.375,0.0,119.375,89.625,23.25,51.25,15.125,41.75,12.125,29.625,18.75,16.375,1.2088490220649664,7.75,21.125,35.8875,25.625,56.0,46.1911070488555,15.125,21.25,72.36250000000001,0.0,6.625,0.42609464838567,5.25,16.5,0.31848782022930633,16.375,0.0,95.75
92,100,2013-02-11,1,1,2012-13,Cleveland Cavaliers,Minnesota Timberwolves,108.125,21.0,67.0,20.125,40.0,10.625,29.375,24.0,12.375,2.364302884615385,7.0,17.5,41.15,33.5,67.75,49.377813289287786,20.125,24.75,80.52499999999999,0.0,8.125,0.7599759615384616,4.25,19.875,0.2197297028419151,12.375,0.0,122.75,97.5,17.25,63.5,16.75,38.0,10.25,27.75,22.25,15.0,1.5245663650075416,5.75,17.0,31.9125,31.75,62.25,51.08531990734596,16.75,23.875,69.75,0.0,8.75,0.6040559012066364,3.375,21.375,0.15854288499025337,15.0,0.0,106.0
101,105,2013-02-11,1,1,2012-13,Dallas Mavericks,Atlanta Hawks,104.875,22.125,65.25,17.5,44.875,9.875,35.0,24.375,13.375,1.897842261904762,7.375,18.25,40.75000000000001,32.625,67.0,48.639583506457384,17.5,22.125,79.64999999999999,0.0,7.875,0.6037202380952381,5.5,19.625,0.29455914469143873,13.375,0.0,124.25,100.75,30.375,54.75,15.625,40.375,7.875,32.5,26.25,16.0,1.6896890841356786,10.125,24.75,41.1125,27.375,53.875,51.52078935022285,15.625,21.875,68.6625,0.0,6.75,0.4311528255026707,5.375,19.75,0.3106083152958153,16.0,0.0,116.125
91,85,2013-02-12,1,1,2012-13,Los Angeles Lakers,Phoenix Suns,98.75,22.875,58.25,17.625,44.0,9.125,34.875,22.375,14.5,1.576625457875458,7.625,23.25,33.425000000000004,29.125,58.125,50.36709857970758,17.625,24.75,71.825,0.0,6.375,0.4401327838827839,4.75,16.625,0.28928049289891394,14.5,0.0,110.0,90.5,12.0,63.5,15.0,42.5,11.5,31.0,19.875,16.75,1.2708415926926158,4.0,14.5,27.837500000000002,31.75,68.0,47.1051813833504,15.0,18.625,82.7,0.0,7.125,0.46521816134987487,4.25,19.625,0.2236327007746445,16.75,0.0,97.125
117,104,2013-02-12,1,1,2012-13,Miami Heat,Portland Trail Blazers,102.875,21.0,65.0,16.875,37.625,10.125,27.5,20.875,13.25,1.670625208125208,7.0,18.25,35.65,32.5,61.125,53.089810688863295,16.875,22.375,75.16250000000001,0.0,8.625,0.6872793872793873,5.0,21.75,0.23554234111299327,13.25,0.0,116.375,97.125,24.375,57.25,15.5,41.625,10.125,31.5,23.375,15.625,1.7267903423331057,8.125,22.75,35.7875,28.625,56.125,51.20998233363176,15.5,20.375,76.7125,0.0,5.5,0.4158257860560492,4.875,16.875,0.29110607529725174,15.625,0.0,109.875
108,101,2013-02-12,1,1,2012-13,Memphis Grizzlies,Sacramento Kings,93.25,15.0,63.0,15.25,41.25,13.625,27.625,23.0,14.375,1.7548612764944034,5.0,14.375,34.975,31.5,68.25,46.42266779658374,15.25,18.875,80.75,0.0,8.5,0.6203436334047789,3.875,19.0,0.228049882320309,14.375,0.0,105.75,94.875,19.5,57.75,17.625,38.375,11.375,27.0,19.25,15.625,1.3123498019008852,6.5,19.0,32.6875,28.875,63.125,45.70818472750756,17.625,25.0,70.2,0.0,10.5,0.7226655697243932,3.375,18.75,0.1823425751879699,15.625,0.0,96.625
109,108,2013-02-12,1,1,2012-13,Toronto Raptors,Denver Nuggets,96.5,18.75,60.75,17.0,42.375,12.875,29.5,21.5,14.0,1.6070742982507689,6.25,18.125,33.0875,30.375,65.125,46.60539007768563,17.0,22.0,76.25,0.0,8.0,0.5775779367691133,4.625,22.875,0.20083354204234288,14.0,0.0,107.375,114.875,23.625,71.25,20.0,46.75,12.125,34.625,26.25,16.125,1.8219304388422037,7.875,21.625,37.137499999999996,35.625,66.25,54.49275424411173,20.0,27.0,74.28750000000001,0.0,10.625,0.7490662931839402,7.875,20.25,0.4003841124550506,16.125,0.0,138.875
107,116,2013-02-12,1,1,2012-13,Golden State Warriors,Houston Rockets,103.25,21.75,65.75,15.75,44.5,11.75,32.75,23.625,14.625,1.667736046847889,7.25,17.25,41.75,32.875,68.375,48.24301675908008,15.75,20.625,75.6,0.0,5.125,0.3501105528243686,4.75,22.375,0.2231586334146403,14.625,0.0,116.25,117.5,36.375,62.5,18.625,44.375,11.375,33.0,27.125,13.375,2.40334595959596,12.125,29.125,40.574999999999996,31.25,55.625,56.14506811001358,18.625,24.5,76.8625,0.0,7.125,0.6505681818181818,4.75,21.75,0.228277161183241,13.375,0.0,140.25
109,94,2013-02-12,1,1,2012-13,Utah Jazz,Oklahoma City Thunder,95.625,15.375,63.25,17.0,41.25,10.75,30.5,22.25,14.75,1.8337325047028994,5.125,14.625,36.237500000000004,31.625,64.5,49.19642257184724,17.0,23.125,73.625,0.0,6.625,0.5675122939925572,7.5,22.125,0.3453570554900646,14.75,0.0,110.0,109.0,23.625,66.0,19.375,44.25,8.625,35.625,25.125,13.5,2.0484247676343266,7.875,20.0,39.3125,33.0,62.125,53.1723454986342,19.375,24.875,77.55,0.0,10.25,0.8277704831932773,9.75,17.75,0.6602475740633635,13.5,0.0,138.125
106,96,2013-02-13,1,1,2012-13,Los Angeles Clippers,Houston Rockets,93.375,18.75,59.75,14.875,42.0,11.625,30.375,20.75,16.875,1.2530786099865048,6.25,18.375,33.8,29.875,59.125,50.78695053610785,14.875,22.75,66.19999999999999,0.0,9.375,0.581173285778549,5.0,19.875,0.2669710132703554,16.875,0.0,104.375,117.125,35.625,63.0,18.5,44.125,10.875,33.25,27.25,13.5,2.3881216006216004,11.875,29.875,38.887499999999996,31.5,55.375,56.814113605107245,18.5,24.25,77.13749999999999,0.0,7.375,0.6649912587412588,4.75,22.125,0.22530097070705057,13.5,0.0,139.5
96,85,2013-02-13,1,1,2012-13,Detroit Pistons,Washington Wizards,97.25,15.375,66.75,15.125,45.0,13.75,31.25,22.375,13.875,1.6569555444555444,5.125,16.75,30.075,33.375,69.375,48.11228419937155,15.125,23.75,64.95,0.0,9.0,0.6581709956709957,6.25,19.25,0.3337479946664784,13.875,0.0,109.75,91.875,18.75,61.0,12.125,42.125,8.625,33.5,22.875,15.875,1.5001351444608024,6.25,16.875,37.725,30.5,63.125,48.401191443150644,12.125,16.375,78.0,0.0,7.625,0.5058267390504233,3.75,18.75,0.21718922466011578,15.875,0.0,104.875
93,97,2013-02-13,1,1,2012-13,Minnesota Timberwolves,Utah Jazz,97.375,16.5,64.5,16.375,38.75,10.625,28.125,22.5,15.625,1.4974941724941724,5.5,16.25,32.8,32.25,62.75,51.51672629216046,16.375,23.125,70.8125,0.0,9.0,0.6020505536130536,3.625,20.5,0.1818271987157436,15.625,0.0,107.625,99.25,16.125,65.25,17.875,41.125,11.0,30.125,23.0,15.0,1.8589061158140106,5.375,14.75,37.362500000000004,32.625,65.125,50.27310324411614,17.875,23.5,76.6125,0.0,8.125,0.6491095162147794,6.75,22.375,0.30400367203141804,15.0,0.0,115.75
101,77,2013-02-13,1,1,2012-13,Indiana Pacers,Charlotte Bobcats,99.5,22.875,57.0,19.625,45.75,12.5,33.25,22.125,14.625,1.605921590127279,7.625,19.25,39.8625,28.5,60.75,47.534517521138525,19.625,25.875,75.61250000000001,0.0,6.75,0.5152702528379773,5.75,21.0,0.29499107130686075,14.625,0.0,115.125,88.75,17.25,54.5,17.0,39.75,10.0,29.75,18.625,13.375,1.629960144022644,5.75,17.25,33.8375,27.25,63.5,43.20432980241496,17.0,22.375,76.675,0.0,7.0,0.544749000999001,4.75,18.625,0.26657160003589536,13.375,0.0,92.375
119,108,2013-02-13,1,1,2012-13,Brooklyn Nets,Denver Nuggets,87.5,18.75,53.0,15.75,44.375,12.625,31.75,17.25,16.625,1.0400990220649664,6.25,18.125,34.5,26.5,59.0,45.47252416115497,15.75,22.625,70.6375,0.0,6.5,0.40109464838567,4.75,16.625,0.291702105943592,16.625,0.0,92.5,113.25,21.0,72.25,20.0,46.0,13.125,32.875,25.0,16.375,1.7298251756843086,7.0,19.75,36.5875,36.125,67.625,54.049226008229674,20.0,27.375,72.7375,0.0,10.625,0.7390043736792963,7.625,20.125,0.389967445788384,16.375,0.0,134.5
88,92,2013-02-13,1,1,2012-13,New York Knicks,Toronto Raptors,102.25,37.5,51.5,13.25,41.0,11.375,29.625,21.125,13.25,1.6971230158730157,12.5,31.25,39.537499999999994,25.75,48.0,53.797055791197,13.25,17.625,73.4,0.0,6.125,0.4670824579831933,3.25,16.75,0.19693089955280357,13.25,0.0,115.125,97.875,20.625,59.25,18.0,42.25,13.375,28.875,21.625,14.25,1.592858611976259,6.875,18.625,35.3625,29.625,64.75,45.721395040464785,18.0,22.625,78.6375,0.0,8.5,0.6011073485338191,4.75,22.625,0.20885631636946506,14.25,0.0,109.25
76,108,2013-02-13,1,1,2012-13,Orlando Magic,Atlanta Hawks,88.875,15.375,63.75,9.75,43.875,13.0,30.875,23.625,14.625,1.68981510835226,5.125,19.875,25.112500000000004,31.875,66.5,48.37884834579188,9.75,13.625,74.96249999999999,0.0,6.375,0.447897162177348,4.125,15.25,0.28488169306184014,14.625,0.0,99.0,100.875,29.25,54.75,16.875,40.75,7.25,33.5,25.625,16.0,1.6549668619134563,9.75,24.875,39.4375,27.375,52.5,52.868828565909126,16.875,23.25,71.1125,0.0,6.75,0.4311528255026707,4.875,19.5,0.28901740620490624,16.0,0.0,116.25
94,92,2013-02-13,1,1,2012-13,Milwaukee Bucks,Philadelphia 76ers,97.25,20.625,61.75,14.875,42.125,14.0,28.125,21.625,14.25,1.6428482416920884,6.875,19.5,35.1875,30.875,70.0,43.72387904437137,14.875,21.0,68.4625,0.0,9.0,0.7219855941701916,7.375,19.75,0.3829729110543739,14.25,0.0,105.25,87.75,13.125,66.25,8.375,43.125,10.625,32.5,23.125,12.875,1.902056277056277,4.375,14.625,30.762500000000003,33.125,69.625,48.302255450692776,8.375,12.25,67.35000000000001,0.0,6.875,0.5596861471861472,4.5,16.875,0.2955002256085847,12.875,0.0,101.875
99,63,2013-02-13,1,1,2012-13,New Orleans Hornets,Portland Trail Blazers,98.375,19.5,62.25,16.625,37.875,8.5,29.375,20.875,15.75,1.4761366217967882,6.5,16.5,38.375,31.125,61.625,50.71786442227646,16.625,22.125,75.875,0.0,6.625,0.4597535638736086,6.0,22.5,0.2831796633126935,15.75,0.0,108.0,99.75,26.25,58.5,15.0,39.875,9.5,30.375,21.75,15.125,1.6675798160173163,8.75,23.875,37.45,29.25,55.875,52.74559657933004,15.0,19.25,78.47500000000001,0.0,4.75,0.3816152597402598,4.625,17.5,0.2665334257246022,15.125,0.0,109.625
71,69,2013-02-13,1,1,2012-13,Boston Celtics,Chicago Bulls,103.25,19.875,64.0,19.375,43.125,8.0,35.125,25.625,14.5,1.8737132352941177,6.625,18.25,36.55,32.0,64.5,50.0244459416286,19.375,24.125,79.25,0.0,8.875,0.6361840569561158,5.5,21.0,0.2748291730199625,14.5,0.0,123.0,94.75,15.375,65.25,14.125,41.75,14.875,26.875,23.125,12.75,1.9182226399331663,5.125,16.5,29.65,32.625,68.0,47.94365381244502,14.125,18.375,76.5875,0.0,7.625,0.6457279562542719,5.5,19.125,0.2866596846248381,12.75,0.0,109.0
95,96,2013-02-13,1,1,2012-13,Cleveland Cavaliers,San Antonio Spurs,105.5,20.625,66.0,18.875,38.375,10.75,27.625,23.625,12.875,2.3033653846153848,6.875,17.875,39.625,33.0,66.5,49.683747253730175,18.875,23.375,78.8125,0.0,8.375,0.7568509615384615,4.5,19.625,0.2412983302928955,12.875,0.0,118.5,105.75,26.25,61.5,18.0,36.5,6.0,30.5,23.625,12.375,2.1311822311142965,8.75,20.875,43.0625,30.75,57.75,53.28603625888917,18.0,21.875,82.6125,0.0,10.0,0.8997293391994479,3.625,17.5,0.20827895552160258,12.375,0.0,124.125
123,100,2013-02-13,1,1,2012-13,Dallas Mavericks,Sacramento Kings,104.125,23.25,63.5,17.375,43.625,9.625,34.0,25.0,13.125,1.9796875,7.75,18.625,41.95,31.75,66.375,47.806082297754735,17.375,22.375,77.85,0.0,8.0,0.6260416666666667,5.0,19.75,0.2672565131124914,13.125,0.0,122.125,95.875,18.0,59.5,18.375,37.875,11.25,26.625,19.25,14.875,1.3659212304723138,6.0,18.25,31.2625,29.75,63.625,46.644331913654746,18.375,25.25,72.80000000000001,0.0,11.0,0.7798084268672504,3.0,19.75,0.1536967418546366,14.875,0.0,99.125
100,110,2013-02-14,1,1,2012-13,Oklahoma City Thunder,Miami Heat,107.625,23.25,66.5,17.875,41.625,8.5,33.125,23.625,13.5,1.9734247676343264,7.75,19.0,40.212500000000006,33.25,62.125,53.64404361184175,17.875,24.0,74.19999999999999,0.0,10.375,0.8340204831932774,10.625,17.25,0.7243100740633636,13.5,0.0,134.125,105.25,22.125,65.25,17.875,35.0,9.25,25.75,21.25,11.75,1.8630855255855254,7.375,17.75,38.2,32.625,58.875,55.22243833518957,17.875,23.25,76.4375,0.0,9.0,0.7765651015651016,5.125,21.0,0.24943123000188216,11.75,0.0,121.875
101,125,2013-02-14,1,1,2012-13,Los Angeles Lakers,Los Angeles Clippers,96.25,21.0,58.75,16.5,43.75,9.5,34.25,21.0,15.0,1.4446079140158088,7.0,21.75,33.0375,29.375,60.125,48.87691625151683,16.5,22.875,72.2125,0.0,6.625,0.44100997686524,4.875,16.375,0.30153539485969827,15.0,0.0,105.625,94.625,22.5,57.75,14.375,41.0,10.625,30.375,22.25,17.375,1.3039558029689609,7.5,21.25,34.7125,28.875,56.125,51.79354546842303,14.375,21.5,67.35,0.0,9.5,0.5684539875329349,5.25,20.0,0.2786669197031039,17.375,0.0,107.125
92,105,2013-02-19,1,1,2012-13,Orlando Magic,Charlotte Bobcats,88.75,14.25,65.0,9.5,44.5,12.5,32.0,22.875,14.625,1.63981510835226,4.75,18.25,25.012500000000003,32.5,68.5,47.82737775755658,9.5,13.625,72.1875,0.0,6.125,0.43123049551068127,3.75,16.375,0.2447031216332687,14.625,0.0,97.75,87.75,16.875,53.25,17.625,40.25,10.625,29.625,18.875,13.875,1.614335144022644,5.625,17.75,31.5,26.625,63.125,42.47145760215145,17.625,23.25,76.675,0.0,7.25,0.552561500999001,5.125,18.625,0.28532160003589535,13.875,0.0,91.125
91,105,2013-02-19,1,1,2012-13,Detroit Pistons,Memphis Grizzlies,99.375,17.625,66.0,15.75,45.5,13.5,32.0,23.375,14.25,1.6984471410942,5.875,16.75,34.2375,33.0,68.25,48.26158162325914,15.75,23.5,67.9,0.0,9.25,0.6602718360071301,5.5,19.625,0.2852185829017726,14.25,0.0,114.875,96.375,16.125,64.5,15.75,40.25,11.75,28.5,23.375,15.125,1.7298612764944035,5.375,14.0,38.4,32.25,67.0,48.44439718726475,15.75,19.625,80.05,0.0,7.875,0.5667722048333504,3.5,19.625,0.19930656681228764,15.125,0.0,109.0
88,96,2013-02-19,1,1,2012-13,Washington Wizards,Toronto Raptors,90.75,18.75,60.25,11.75,40.5,8.0,32.5,23.125,15.5,1.5368998503431552,6.25,16.875,37.725,30.125,62.25,48.52959411392619,11.75,16.5,75.825,0.0,8.0,0.5322973272857173,3.875,18.625,0.22486466325660698,15.5,0.0,103.25,96.625,21.75,56.75,18.125,42.0,13.0,29.0,19.625,14.125,1.424676793794441,7.25,18.875,36.775,28.375,62.75,45.127503637749854,18.125,22.75,78.7,0.0,8.0,0.5590618939883646,5.25,22.875,0.23107853859168725,14.125,0.0,106.75
115,101,2013-02-19,1,1,2012-13,Utah Jazz,Golden State Warriors,98.375,15.375,66.75,16.25,42.75,11.75,31.0,22.5,15.125,1.8067083136162085,5.125,14.625,35.475,33.375,67.625,49.497727304266526,16.25,20.875,77.4125,0.0,8.25,0.6539172085224717,7.25,22.125,0.329098369001115,15.125,0.0,115.625,102.375,22.5,63.25,16.625,44.125,11.125,33.0,24.0,14.5,1.711692090803933,7.5,17.875,41.75,31.625,67.5,47.06013823795332,16.625,22.0,74.875,0.0,5.375,0.3720885748023906,4.5,22.75,0.20461796355818093,14.5,0.0,114.25
87,96,2013-02-19,1,1,2012-13,New Orleans Hornets,Chicago Bulls,97.5,18.0,63.75,15.75,39.75,9.375,30.375,21.5,15.5,1.6487556694158356,6.0,15.625,37.6625,31.875,61.875,51.580878120906604,15.75,21.75,72.9,0.0,6.5,0.4736424527624975,6.75,21.0,0.3408719710050012,15.5,0.0,110.875,91.75,13.875,64.25,13.625,41.875,14.625,27.25,22.25,14.125,1.753449912660439,4.625,16.375,26.987499999999997,32.125,67.625,47.373478373848535,13.625,17.375,77.41250000000001,0.0,7.625,0.6173188653451811,4.25,19.0,0.22547547409852228,14.125,0.0,102.625
98,102,2013-02-19,1,1,2012-13,Portland Trail Blazers,Phoenix Suns,94.375,23.25,56.75,14.375,38.5,8.375,30.125,21.125,15.375,1.6120242604617607,7.75,22.5,34.462500000000006,28.375,55.75,51.32015798283881,14.375,18.0,81.1875,0.0,4.25,0.3468930375180375,5.125,17.25,0.31564056858174505,15.375,0.0,102.25,89.25,11.625,64.0,13.625,43.75,12.0,31.75,20.5,16.875,1.2956953938622062,3.875,14.0,27.7875,32.0,69.5,46.410736938905956,13.625,17.25,81.2625,0.0,7.5,0.4823965239229743,4.5,20.375,0.2212517483936921,16.875,0.0,97.375
113,111,2013-02-19,1,1,2012-13,Brooklyn Nets,Milwaukee Bucks,90.25,19.875,53.25,17.125,43.375,12.5,30.875,18.0,15.75,1.17519517591112,6.625,17.875,36.3125,26.625,59.375,45.316274161154965,17.125,24.875,68.97500000000001,0.0,6.125,0.39917157146259313,4.75,17.625,0.280713094954581,15.75,0.0,95.0,94.375,18.0,61.25,15.125,41.25,13.375,27.875,20.75,14.625,1.4947713186151652,6.0,18.875,31.9875,30.625,69.375,43.78340285389518,15.125,20.875,70.0375,0.0,8.5,0.6460240557086532,7.625,19.75,0.3948776729591358,14.625,0.0,100.5
97,90,2013-02-19,1,1,2012-13,Denver Nuggets,Boston Celtics,114.0,22.875,72.25,18.875,44.5,13.375,31.125,25.25,16.25,1.7613727947319278,7.625,20.125,39.162499999999994,36.125,67.375,54.238238105003866,18.875,26.375,70.8,0.0,10.375,0.7270996117745343,7.75,20.25,0.3942699820202681,16.25,0.0,134.375,99.625,19.875,62.0,17.75,42.25,8.0,34.25,24.875,13.875,1.8847426470588236,6.625,17.625,37.5875,31.0,63.625,49.03903128396226,17.75,22.25,79.0125,0.0,8.625,0.6490517040149394,5.0,21.125,0.2486386968294863,13.875,0.0,118.375
102,108,2013-02-19,1,1,2012-13,Sacramento Kings,San Antonio Spurs,96.375,16.125,60.0,20.25,39.0,11.875,27.125,18.375,15.75,1.211249513300597,5.375,17.375,29.5,30.0,64.25,46.588055430603895,20.25,26.625,75.7125,0.0,10.25,0.6762730733318968,2.875,20.125,0.1453235361130098,15.75,0.0,98.5,103.625,24.75,61.25,17.625,36.25,6.375,29.875,23.125,12.125,2.129900179832245,8.25,20.375,41.4625,30.625,57.625,53.19279616564908,17.625,21.125,83.65,0.0,9.5,0.8753703648404735,4.75,17.25,0.2842593476784653,12.125,0.0,122.5
113,99,2013-02-20,1,1,2012-13,Los Angeles Lakers,Boston Celtics,98.125,20.25,60.5,17.375,42.625,9.375,33.25,22.375,14.5,1.5602329140158089,6.75,20.875,33.087500000000006,30.25,60.625,50.02219254385195,17.375,23.875,73.1125,0.0,6.875,0.46757247686524006,4.625,16.5,0.28499127721263945,14.5,0.0,109.125,98.5,20.625,60.5,17.375,42.375,8.25,34.125,24.875,13.25,1.9435033308195073,6.875,18.125,38.05,30.25,63.875,47.51509432291558,17.375,21.75,79.175,0.0,8.25,0.644244011707247,4.75,21.375,0.23632809076888026,13.25,0.0,116.25
99,105,2013-02-20,1,1,2012-13,Charlotte Bobcats,Detroit Pistons,91.125,18.75,54.0,18.375,41.875,10.75,31.125,19.5,12.875,1.6872518106893106,6.25,18.375,33.55,27.0,63.5,42.812588206439955,18.375,24.5,75.6375,0.0,6.5,0.536936500999001,5.5,18.875,0.30441882225811756,12.875,0.0,96.875,96.125,19.5,63.0,13.625,43.0,12.625,30.375,23.5,15.0,1.5975113122171947,6.5,17.5,36.2875,31.5,67.375,46.68081958492347,13.625,19.375,68.7125,0.0,9.125,0.6208333333333333,4.625,19.25,0.24752017020335987,15.0,0.0,108.75
82,88,2013-02-20,1,1,2012-13,Toronto Raptors,Memphis Grizzlies,97.125,21.375,57.5,18.25,40.75,12.125,28.625,20.125,14.125,1.4540885585003231,7.125,18.625,36.6625,28.75,62.125,46.18456439308647,18.25,22.375,80.7125,0.0,8.5,0.588473658694247,5.25,23.0,0.2292510532115703,14.125,0.0,108.625,96.625,14.25,67.0,15.375,41.0,12.125,28.875,23.75,15.0,1.7652473059061682,4.75,13.5,34.875,33.5,68.375,49.17209671778118,15.375,19.75,77.6875,0.0,8.875,0.6320295577745267,3.875,20.25,0.20972323347895433,15.0,0.0,111.125
122,119,2013-02-20,1,1,2012-13,Houston Rockets,Oklahoma City Thunder,113.5,31.5,63.0,19.0,43.75,11.25,32.5,26.125,15.375,1.9327644577644578,10.5,28.625,35.6,31.5,55.75,56.449693542411325,19.0,24.75,77.525,0.0,7.125,0.4745150682650683,4.5,22.75,0.20839275814666408,15.375,0.0,131.5,108.125,22.875,65.75,19.5,41.125,7.875,33.25,22.625,14.25,1.7984247676343266,7.625,18.625,39.97500000000001,32.875,61.5,53.53186412466226,19.5,25.0,76.725,0.0,9.875,0.7605829831932773,10.5,16.875,0.722637833260688,14.25,0.0,132.875
105,100,2013-02-20,1,1,2012-13,Cleveland Cavaliers,New Orleans Hornets,105.0,19.125,67.75,18.125,39.5,11.5,28.0,25.125,12.375,2.476092657342657,6.375,17.875,35.0875,33.875,68.875,49.423420978131425,18.125,22.5,78.85,0.0,8.375,0.7810933857808858,4.5,18.75,0.2519043908989561,12.375,0.0,119.25,96.0,16.5,64.25,15.25,39.25,9.5,29.75,21.625,15.875,1.6112556694158355,5.5,15.0,36.05,32.125,63.25,50.89124592474455,15.25,20.75,73.4375,0.0,6.875,0.48822578609583084,6.75,19.0,0.3682157210050012,15.875,0.0,108.5
108,98,2013-02-20,1,1,2012-13,Golden State Warriors,Phoenix Suns,101.5,20.25,63.25,18.0,44.5,11.875,32.625,22.25,14.5,1.5866920908039328,6.75,18.0,36.825,31.625,67.25,47.249532177347255,18.0,23.75,75.5,0.0,5.0,0.3453028605166763,3.75,22.625,0.17275037462537463,14.5,0.0,109.875,90.5,11.625,64.75,14.125,45.625,12.875,32.75,21.625,17.625,1.2852787271955397,3.875,14.125,27.55,32.375,69.25,47.132823078934535,14.125,17.875,81.05,0.0,7.125,0.42336874614519654,4.5,21.375,0.21768031982226355,17.625,0.0,100.875
111,96,2013-02-20,1,1,2012-13,Dallas Mavericks,Orlando Magic,105.75,26.25,61.0,18.5,44.5,10.0,34.5,25.125,12.75,2.0442708333333335,8.75,21.5,41.0375,30.5,64.0,47.77809304562755,18.5,23.375,78.97500000000001,0.0,8.5,0.6843750000000001,6.25,20.125,0.31355280940878766,12.75,0.0,126.25,88.125,13.125,65.5,9.5,46.375,13.125,33.25,24.375,15.0,1.712867056404208,4.375,18.125,23.650000000000006,32.75,70.125,46.674651041870305,9.5,13.75,71.55000000000001,0.0,6.5,0.44827595005613585,4.0,17.25,0.2572031216332687,15.0,0.0,99.0
125,91,2013-02-20,1,1,2012-13,Indiana Pacers,New York Knicks,99.5,21.0,58.75,19.75,47.0,12.75,34.25,22.25,13.25,1.8747707964764855,7.0,18.75,37.8375,29.375,62.5,47.64593517818436,19.75,26.125,75.3375,0.0,6.875,0.5986035861713106,6.25,20.25,0.3254143517301412,13.25,0.0,117.375,100.0,34.875,50.5,14.625,44.25,13.125,31.125,19.875,13.0,1.6256944444444446,11.625,31.0,36.625,25.25,49.125,51.806315050456256,14.625,19.5,73.5625,0.0,6.25,0.4864276960784314,3.125,17.25,0.18677683792815372,13.0,0.0,112.375
94,97,2013-02-20,1,1,2012-13,Milwaukee Bucks,Brooklyn Nets,97.25,18.375,64.0,14.875,41.5,13.0,28.5,21.5,13.25,1.7423042133520075,6.125,19.625,31.0,32.0,70.375,45.0508177145763,14.875,20.75,69.1625,0.0,8.625,0.68878721360339,8.0,20.0,0.408348850903998,13.25,0.0,105.875,93.75,21.75,55.0,17.0,45.25,13.375,31.875,18.625,15.375,1.238928728542699,7.25,18.125,39.212500000000006,27.5,61.875,44.79544082782163,17.0,24.75,68.8375,0.0,6.0,0.3999939398836458,4.5,18.125,0.25243255196815567,15.375,0.0,99.75
90,103,2013-02-20,1,1,2012-13,Atlanta Hawks,Miami Heat,99.0,28.5,55.0,15.5,41.375,7.875,33.5,25.75,15.625,1.776494639691234,9.5,24.625,38.95,27.5,52.5,53.084345807288436,15.5,21.625,70.4375,0.0,6.25,0.4103194921693374,4.5,18.375,0.2845531204906205,15.625,0.0,115.0,105.875,22.125,64.75,19.0,36.0,9.25,26.75,21.5,11.625,1.8934426684426684,7.375,19.0,35.7,32.375,58.25,55.32837053857941,19.0,24.25,78.9625,0.0,9.0,0.7825174825174825,5.25,22.125,0.24792260931222698,11.625,0.0,123.25
94,87,2013-02-20,1,1,2012-13,Minnesota Timberwolves,Philadelphia 76ers,97.75,16.5,63.5,17.75,40.125,11.375,28.75,22.25,15.25,1.5301864801864802,5.5,16.625,32.35,31.75,63.5,50.13828017687224,17.75,24.5,71.875,0.0,8.875,0.6155120920745921,3.625,19.75,0.18656404082100675,15.25,0.0,107.75,87.125,12.375,65.75,9.0,44.0,11.5,32.5,23.375,13.375,1.8702380952380953,4.125,13.875,30.662499999999998,32.875,70.5,47.11177926021658,9.0,12.5,69.2375,0.0,6.75,0.5331709956709957,4.375,16.875,0.28981840742676657,13.375,0.0,101.375
67,86,2013-02-21,1,1,2012-13,Chicago Bulls,Miami Heat,90.75,14.25,62.5,14.0,42.125,14.5,27.625,22.625,14.625,1.706574912660439,4.75,16.375,27.95,31.25,66.75,46.788881046293454,14.0,17.875,77.3625,0.0,7.625,0.5912771986785145,4.375,18.625,0.2365400673999577,14.625,0.0,101.875,107.625,24.0,64.5,19.125,37.0,9.125,27.875,21.75,11.625,1.916169941169941,8.0,20.125,36.675000000000004,32.25,58.125,55.21473417494305,19.125,24.375,79.0875,0.0,9.5,0.827972027972028,4.625,21.25,0.22216503355465125,11.625,0.0,125.625
90,116,2013-02-21,1,1,2012-13,Los Angeles Clippers,San Antonio Spurs,101.125,27.375,59.75,14.0,42.25,11.625,30.625,23.875,17.375,1.4122891363022942,9.125,22.625,39.4,29.875,56.875,52.960798426529834,14.0,20.375,68.95,0.0,9.875,0.5934539875329349,5.75,21.125,0.28741691970310396,17.375,0.0,118.625,103.625,25.875,59.0,18.75,37.25,6.375,30.875,23.75,13.125,2.035945931466232,8.625,21.125,41.974999999999994,29.5,55.875,52.93385077958504,18.75,22.625,83.32499999999999,0.0,9.75,0.8443246132064866,5.625,17.875,0.32406589529751295,13.125,0.0,124.125
114,82,2013-02-22,1,1,2012-13,Indiana Pacers,Detroit Pistons,102.875,22.5,59.25,21.125,46.75,12.625,34.125,22.875,13.75,1.8723198160843284,7.5,20.0,37.3125,29.625,61.0,49.28094196244488,21.125,28.375,73.6375,0.0,6.875,0.5873991043785936,6.875,21.125,0.3426365739523634,13.75,0.0,121.375,97.125,20.625,62.0,14.5,42.375,12.375,30.0,23.5,14.25,1.7419557566616388,6.875,17.875,37.7125,31.0,65.625,47.161588815692696,14.5,20.375,69.6125,0.0,8.375,0.5930555555555557,4.625,19.875,0.23544287551736953,14.25,0.0,110.25
96,106,2013-02-22,1,1,2012-13,Brooklyn Nets,Houston Rockets,94.25,23.25,52.75,18.25,45.625,13.125,32.5,19.125,14.625,1.346567617431588,7.75,20.0,37.85,26.375,61.25,43.45142599731316,18.25,25.5,72.2,0.0,6.375,0.4555494954392013,4.75,18.75,0.25726346984255183,14.625,0.0,101.125,115.0,34.125,62.5,18.375,43.75,11.375,32.375,26.625,15.0,1.9788170893434052,11.375,29.375,37.5875,31.25,56.375,55.41783541309557,18.375,23.25,79.27499999999999,0.0,7.5,0.504120331422963,4.25,22.0,0.20426981961592944,15.0,0.0,134.125
119,113,2013-02-22,1,1,2012-13,Washington Wizards,Denver Nuggets,91.25,18.375,60.5,12.375,40.25,8.5,31.75,22.875,15.25,1.5392218317673039,6.125,16.0,38.75,30.25,63.5,47.866970573944165,12.375,17.25,75.8875,0.0,8.125,0.5435202375024356,3.5,19.25,0.193614663256607,15.25,0.0,102.75,111.375,22.5,70.25,18.625,45.125,13.5,31.625,25.25,14.625,2.005122794731928,7.5,19.125,39.962500000000006,35.125,67.75,52.06962212059841,18.625,26.375,70.1125,0.0,10.125,0.7958496117745344,7.25,19.5,0.37828532728881026,14.625,0.0,132.5
100,104,2013-02-22,1,1,2012-13,New Orleans Hornets,Dallas Mavericks,96.25,17.625,63.25,15.375,39.625,10.25,29.375,21.25,14.75,1.657147277807444,5.875,15.25,38.037499999999994,31.625,63.5,49.83539707784264,15.375,20.875,73.525,0.0,6.625,0.48472928259932735,6.5,20.0,0.3450014352907155,14.75,0.0,108.75,106.625,27.375,60.25,19.0,45.0,9.625,35.375,25.25,11.875,2.2465277777777777,9.125,23.25,39.112500000000004,30.125,62.75,48.186469365941974,19.0,23.75,80.0875,0.0,8.25,0.7052083333333334,7.0,19.875,0.35427962645139416,11.875,0.0,128.75
75,105,2013-02-22,1,1,2012-13,Charlotte Bobcats,Chicago Bulls,91.625,19.875,54.0,17.75,43.25,11.625,31.625,20.375,12.25,1.8737597471972474,6.625,19.125,33.787499999999994,27.0,64.0,42.487067373106626,17.75,24.125,74.225,0.0,6.0,0.5161031676656677,5.75,18.25,0.32887534399724805,12.25,0.0,98.875,88.0,14.625,60.75,12.625,43.375,14.75,28.625,22.25,16.25,1.5938103623958888,4.875,15.875,29.562499999999996,30.375,66.875,45.343568546293454,12.625,16.5,76.225,0.0,7.75,0.5572163521176678,4.5,18.375,0.24781457720387925,16.25,0.0,98.25
88,113,2013-02-22,1,1,2012-13,Phoenix Suns,Boston Celtics,90.375,13.5,64.0,12.875,45.0,12.75,32.25,22.625,17.875,1.3263043682211806,4.5,14.375,30.825000000000003,32.0,68.375,47.173161925243534,12.875,16.5,79.58749999999999,0.0,6.875,0.3951636179400684,4.625,21.0,0.23156920871115244,17.875,0.0,101.75,98.75,22.5,58.5,17.75,40.625,7.875,32.75,24.125,13.125,1.9077890451052215,7.5,18.375,40.9,29.25,63.375,46.36651172272007,17.75,22.5,78.6375,0.0,7.75,0.6138868688501041,4.625,22.875,0.20825116769195717,13.125,0.0,113.0
122,108,2013-02-22,1,1,2012-13,Atlanta Hawks,Sacramento Kings,97.25,27.375,55.0,14.875,42.875,7.625,35.25,26.625,15.875,1.8050034116210587,9.125,25.0,36.875,27.5,53.0,52.333828208944745,14.875,21.125,69.0375,0.0,6.125,0.39998114630467574,4.5,18.25,0.28514835858585863,15.875,0.0,113.875,99.0,17.25,60.5,21.25,39.5,11.75,27.75,19.375,14.625,1.388223197511123,5.75,18.375,29.5875,30.25,65.375,46.26181916686763,21.25,27.0,78.3125,0.0,9.875,0.7039046522792652,3.0,20.625,0.14961415396198002,14.625,0.0,102.625
111,107,2013-02-22,1,1,2012-13,Los Angeles Lakers,Portland Trail Blazers,98.375,18.375,62.5,17.5,41.625,9.0,32.625,22.0,14.375,1.5506175294004243,6.125,19.625,32.37500000000001,31.25,60.75,51.56932369139293,17.5,24.625,71.4875,0.0,6.75,0.46196350250626567,4.25,17.375,0.24927699149835372,14.375,0.0,108.5,97.0,22.875,58.0,16.125,38.125,8.375,29.75,21.5,15.25,1.647738546176046,7.625,22.5,33.837500000000006,29.0,55.875,52.28414103368626,16.125,20.0,81.975,0.0,4.375,0.35939303751803753,4.25,16.375,0.27851935646053294,15.25,0.0,104.375
88,82,2013-02-22,1,1,2012-13,Memphis Grizzlies,Orlando Magic,96.5,14.25,65.75,16.5,41.125,12.0,29.125,23.875,14.75,1.8098277254865878,4.75,12.0,37.65,32.875,67.625,48.66862094595538,16.5,21.625,76.64999999999999,0.0,8.25,0.596190396935366,4.5,20.25,0.23689714652243254,14.75,0.0,112.375,89.625,13.875,65.75,10.0,45.875,12.5,33.375,25.0,14.75,1.7932241992613511,4.625,17.75,25.587500000000002,32.875,69.25,47.40643975277801,10.0,15.375,66.4375,0.0,5.875,0.41107356910375487,3.75,17.25,0.23797235240249948,14.75,0.0,100.5
100,98,2013-02-22,1,1,2012-13,Toronto Raptors,New York Knicks,95.125,19.875,55.5,19.75,40.375,12.125,28.25,18.125,14.5,1.2582552251669898,6.625,17.625,36.4375,27.75,61.875,44.520756502863485,19.75,23.5,83.9375,0.0,8.25,0.557223658694247,5.0,23.375,0.21710819606871318,14.5,0.0,103.5,97.25,31.5,48.25,17.5,44.625,13.5,31.125,18.25,13.75,1.3506944444444444,10.5,30.25,33.7125,24.125,50.375,48.384978843559715,17.5,23.0,75.475,0.0,7.375,0.5392054738562092,3.0,18.625,0.17193009463313458,13.75,0.0,105.25
127,111,2013-02-22,1,1,2012-13,Oklahoma City Thunder,Minnesota Timberwolves,109.75,25.125,64.75,19.875,41.75,9.0,32.75,22.625,15.125,1.7389818328517177,8.375,20.375,40.425,32.375,61.625,52.55655728655589,19.875,25.25,77.33749999999999,0.0,10.0,0.7541291788454512,10.5,17.375,0.708748944371799,15.125,0.0,132.875,97.0,14.625,61.5,20.875,41.5,11.625,29.875,22.0,15.625,1.473095134032634,4.875,15.5,31.475,30.75,62.25,49.39855773644281,20.875,27.75,75.7,0.0,9.0,0.6089015151515151,3.75,20.375,0.18596017608670723,15.625,0.0,108.625
107,101,2013-02-22,1,1,2012-13,Golden State Warriors,San Antonio Spurs,102.5,21.375,64.0,17.125,44.25,12.0,32.25,22.625,14.125,1.699192090803933,7.125,18.0,38.7,32.0,67.625,47.5556189310786,17.125,22.75,75.3,0.0,5.0,0.3626105528243686,4.0,22.0,0.1958158508158508,14.125,0.0,112.125,105.375,25.5,60.5,19.375,37.125,6.625,30.5,24.0,12.5,2.092105351756087,8.5,21.25,40.825,30.25,56.25,53.90672813807561,19.375,23.5,83.02499999999999,0.0,8.625,0.8059792025784673,5.75,17.875,0.33031589529751293,12.5,0.0,125.5
99,113,2013-02-23,1,1,2012-13,Charlotte Bobcats,Denver Nuggets,89.25,18.375,52.75,18.125,43.875,12.0,31.875,20.375,11.875,1.8971972471972474,6.125,18.0,32.912499999999994,26.375,64.5,41.02712900638859,18.125,26.0,70.475,0.0,5.25,0.47283393689643693,5.875,17.375,0.34695132438940485,11.875,0.0,94.875,111.375,21.375,69.75,20.25,45.625,13.625,32.0,25.0,14.875,1.9091631987723319,7.125,19.125,38.2625,34.875,67.375,52.02519893853171,20.25,28.25,70.3625,0.0,9.75,0.72640516733009,7.125,20.0,0.3668269939554769,14.875,0.0,131.5
107,94,2013-02-23,1,1,2012-13,Los Angeles Clippers,Utah Jazz,99.375,25.875,58.75,14.75,41.25,11.625,29.625,23.125,17.25,1.3828248505880085,8.625,22.0,37.95,29.375,57.125,51.904763943771215,14.75,20.875,70.525,0.0,9.375,0.5711325589615064,5.625,20.625,0.2834833532695375,17.25,0.0,114.25,102.0,17.625,66.25,18.125,41.25,11.625,29.625,23.0,14.875,1.885379642287537,5.875,15.375,38.0875,33.125,66.5,49.98616430586142,18.125,22.875,78.8125,0.0,8.375,0.6775186071238704,7.375,22.375,0.33090996320401356,14.875,0.0,119.5
105,103,2013-02-23,1,1,2012-13,Washington Wizards,Houston Rockets,96.625,20.625,61.0,15.0,42.5,9.875,32.625,23.875,15.5,1.5782843317673039,6.875,16.5,41.35,30.5,63.625,48.167689819975905,15.0,21.0,72.475,0.0,7.5,0.49838134861354677,4.5,20.125,0.23207620171814547,15.5,0.0,110.75,114.625,37.5,60.0,17.125,42.125,10.5,31.625,26.375,15.25,1.9376406187551698,12.5,30.625,39.875,30.0,54.5,55.01031997040511,17.125,21.875,77.825,0.0,7.5,0.49921837063864927,4.125,22.375,0.19410235550109692,15.25,0.0,132.125
94,118,2013-02-23,1,1,2012-13,Orlando Magic,Cleveland Cavaliers,87.625,13.875,64.25,9.5,44.625,11.375,33.25,23.375,14.125,1.7558467482809588,4.625,17.25,26.462500000000006,32.125,68.5,46.84122236147366,9.5,13.75,69.91250000000001,0.0,5.5,0.4073970985155196,4.125,18.375,0.239669184981685,14.125,0.0,97.875,106.25,19.5,68.0,18.75,39.25,11.5,27.75,24.25,11.875,2.507342657342657,6.5,17.375,36.775000000000006,34.0,68.5,49.91043396514442,18.75,23.625,78.17499999999998,0.0,8.125,0.7915100524475525,4.375,19.375,0.23427618577075096,11.875,0.0,120.125
102,103,2013-02-23,1,1,2012-13,Milwaukee Bucks,Atlanta Hawks,98.25,17.625,65.0,15.625,42.5,12.375,30.125,22.0,13.75,1.7309919961574374,5.875,18.875,31.362499999999997,32.5,70.125,46.0331232050785,15.625,22.5,67.6,0.0,8.375,0.6582442271780506,8.75,20.25,0.4381783963585434,13.75,0.0,108.625,100.875,28.125,57.75,15.0,44.0,8.5,35.5,27.5,14.5,2.301326941032823,9.375,25.125,37.612500000000004,28.875,55.0,52.81655976310487,15.0,21.25,69.3,0.0,5.75,0.47228506787330315,4.625,19.125,0.27459280303030303,14.5,0.0,120.125
72,90,2013-02-23,1,1,2012-13,Detroit Pistons,Indiana Pacers,96.75,20.625,59.75,16.375,42.125,12.125,30.0,23.5,14.75,1.702893256661639,6.875,18.625,36.8,29.875,63.875,46.638500792604674,16.375,23.5,70.46249999999999,0.0,8.125,0.5513888888888889,4.625,21.5,0.211404413978908,14.75,0.0,107.5,104.375,23.625,59.0,21.75,48.375,12.125,36.25,23.875,13.375,1.9768366228070176,7.875,19.625,41.0875,29.5,61.75,48.30156876129362,21.75,29.5,73.125,0.0,7.5,0.6399201127819549,7.25,21.5,0.35559111940690885,13.375,0.0,126.25
90,114,2013-02-23,1,1,2012-13,Philadelphia 76ers,Miami Heat,85.5,12.375,62.25,10.875,45.5,12.0,33.5,22.5,13.375,1.7827380952380953,4.125,14.375,28.9625,31.125,69.75,45.149338878658554,10.875,15.375,69.1,0.0,6.75,0.5331709956709957,4.5,18.875,0.2749374550458142,13.375,0.0,98.0,105.875,24.0,63.75,18.125,37.25,9.25,28.0,21.875,12.25,1.8723665223665222,8.0,20.25,36.4375,31.875,57.75,54.956797667006526,18.125,23.25,77.8875,0.0,10.0,0.829040404040404,4.875,20.25,0.2504259031198686,12.25,0.0,124.375
72,76,2013-02-24,1,1,2012-13,Brooklyn Nets,Memphis Grizzlies,95.875,24.75,54.0,17.125,44.25,12.375,31.875,20.125,14.25,1.443206272893773,8.25,20.875,38.75,27.0,60.625,44.86411849607123,17.125,24.5,69.15,0.0,6.625,0.48443605006105006,4.75,18.875,0.2554359844624349,14.25,0.0,103.75,96.875,15.0,65.0,16.875,41.875,12.25,29.625,24.125,14.125,1.879376597667039,5.0,13.125,38.2125,32.5,66.25,49.14103878633096,16.875,23.125,73.675,0.0,8.125,0.6084084420481479,4.5,20.625,0.22439714652243256,14.125,0.0,113.25
99,100,2013-02-24,1,1,2012-13,Minnesota Timberwolves,Golden State Warriors,96.5,15.0,60.25,21.25,40.0,10.875,29.125,21.5,14.625,1.5897618006993008,5.0,15.75,31.724999999999998,30.125,63.0,47.76786513682232,21.25,27.75,76.9875,0.0,8.875,0.6630681818181818,3.75,19.875,0.18998594098203736,14.625,0.0,105.875,101.75,19.875,63.5,18.375,45.5,11.375,34.125,21.5,14.125,1.6126536292654714,6.625,18.25,35.75,31.75,68.0,46.948965310726344,18.375,24.0,76.55,0.0,5.125,0.3722259374397532,4.25,21.875,0.20736476385932906,14.125,0.0,110.5
109,105,2013-02-24,1,1,2012-13,Miami Heat,Cleveland Cavaliers,107.75,27.0,62.75,18.0,37.0,8.375,28.625,22.375,11.75,2.093145743145743,9.0,21.375,40.7625,31.375,56.125,55.746135141126615,18.0,22.5,79.96249999999999,0.0,10.375,0.9215728715728716,4.5,19.25,0.2407036808976464,11.75,0.0,128.625,108.625,20.625,69.25,18.75,39.875,12.125,27.75,25.375,11.375,2.6671911421911423,6.875,17.5,38.3875,34.625,68.25,51.01894555159718,18.75,23.875,77.37499999999999,0.0,8.5,0.8407524766899768,4.125,17.75,0.23654891304347825,11.375,0.0,125.75
92,86,2013-02-24,1,1,2012-13,Portland Trail Blazers,Boston Celtics,97.25,22.125,60.5,14.625,37.25,8.0,29.25,21.5,15.125,1.6607593795093796,7.375,22.75,31.8875,30.25,58.0,52.5627090754122,14.625,18.0,80.77499999999999,0.0,5.25,0.4187680375180375,3.75,17.75,0.2433302808302808,15.125,0.0,103.375,99.625,22.125,60.75,16.75,42.625,8.25,34.375,23.625,12.5,1.9365880647130647,7.375,18.875,38.949999999999996,30.375,63.75,48.03561503656023,16.75,22.0,76.1375,0.0,7.75,0.6383966727716728,5.125,22.625,0.2343875313283208,12.5,0.0,116.125
102,72,2013-02-24,1,1,2012-13,Oklahoma City Thunder,Chicago Bulls,111.875,25.875,66.0,20.0,41.0,8.25,32.75,23.75,15.25,1.793720394943221,8.625,19.5,44.300000000000004,33.0,62.5,52.76693596818282,20.0,24.75,79.7375,0.0,9.625,0.7292108781918565,10.0,18.125,0.6736527905256452,15.25,0.0,135.875,89.5,13.5,62.5,13.5,42.5,13.75,28.75,23.625,15.875,2.003532584618111,4.5,15.125,29.025,31.25,66.375,46.909480795648236,13.5,17.375,77.575,0.0,7.0,0.5155496854510012,4.75,19.875,0.23682556621486828,15.875,0.0,101.875
110,95,2013-02-24,1,1,2012-13,New Orleans Hornets,Sacramento Kings,98.0,18.375,65.0,14.625,41.75,10.875,30.875,22.5,13.375,1.8360422053436758,6.125,15.625,39.0375,32.5,65.75,49.6604453403909,14.625,19.75,74.2375,0.0,6.125,0.5028452246283128,6.5,19.375,0.3500014352907155,13.375,0.0,113.625,102.5,21.375,59.75,21.375,40.875,12.375,28.5,19.75,15.0,1.3738001205880461,7.125,19.875,35.15,29.875,65.0,45.93243840270426,21.375,27.0,78.8125,0.0,8.75,0.6119575368946498,2.75,21.0,0.1301697095175356,15.0,0.0,106.125
99,93,2013-02-24,1,1,2012-13,New York Knicks,Philadelphia 76ers,97.5,30.375,49.75,17.375,43.625,13.0,30.625,18.5,13.875,1.3575878267973855,10.125,29.375,33.537499999999994,24.875,51.125,49.24123208694321,17.375,22.625,76.125,0.0,7.375,0.5369076797385621,3.5,20.25,0.17431104701408692,13.875,0.0,105.875,85.25,14.25,59.75,11.25,44.125,11.5,32.625,22.25,13.5,1.7363365800865802,4.75,16.25,28.1,29.875,65.75,45.966412049390264,11.25,15.375,72.85,0.0,5.75,0.441314935064935,4.125,18.625,0.2558198079869906,13.5,0.0,96.5
99,103,2013-02-24,1,1,2012-13,Dallas Mavericks,Los Angeles Lakers,107.5,27.375,61.25,18.875,44.625,9.75,34.875,25.375,11.625,2.288194444444444,9.125,22.625,40.112500000000004,30.625,63.75,48.186469365941974,18.875,23.125,81.76250000000002,0.0,8.375,0.7250801282051282,8.5,19.875,0.4376129597847275,11.625,0.0,131.875,100.0,18.375,62.75,18.875,42.375,9.625,32.75,21.25,14.625,1.4769568151147099,6.125,19.375,32.78750000000001,31.375,61.25,51.36498822586344,18.875,26.125,72.725,0.0,6.625,0.4441063596491228,4.5,17.25,0.2689198486412109,14.625,0.0,109.75
87,97,2013-02-24,1,1,2012-13,Phoenix Suns,San Antonio Spurs,89.75,13.125,64.25,12.375,44.0,12.375,31.625,23.125,18.0,1.347137701554514,4.375,14.875,29.3,32.125,67.625,47.85301024593692,12.375,16.375,77.82499999999999,0.0,7.0,0.3991700281964786,4.875,20.75,0.24535366986403465,18.0,0.0,100.75,106.0,25.125,60.5,20.375,37.75,7.5,30.25,23.0,11.625,2.132903962867198,8.375,21.5,39.975,30.25,58.125,52.44534410406522,20.375,25.5,80.2875,0.0,8.875,0.8641389248006895,6.125,18.5,0.34067685786435786,11.625,0.0,124.0
119,108,2013-02-25,1,1,2012-13,Denver Nuggets,Los Angeles Lakers,111.5,22.125,70.25,19.125,44.0,13.0,31.0,25.5,15.0,1.9263200615174298,7.375,19.5,38.95,35.125,66.0,53.41842810519837,19.125,26.375,71.4625,0.0,10.0,0.7366175856307435,6.875,21.125,0.33252248267728146,15.0,0.0,132.625,101.375,22.125,59.5,19.75,43.0,9.875,33.125,20.875,15.0,1.4174616228070176,7.375,20.875,36.400000000000006,29.75,58.5,50.79067431898709,19.75,27.75,71.1875,0.0,6.875,0.4507169365721997,4.125,17.0,0.24982262641898867,15.0,0.0,111.0
103,114,2013-02-25,1,1,2012-13,Detroit Pistons,Atlanta Hawks,94.5,20.25,57.5,16.75,41.875,11.625,30.25,21.75,14.75,1.577893256661639,6.75,18.25,36.3875,28.75,63.5,45.15040555450944,16.75,23.875,70.9125,0.0,8.375,0.5692460317460317,4.0,20.625,0.19259563654944092,14.75,0.0,102.375,104.25,31.125,57.75,15.375,43.5,8.25,35.25,28.75,14.125,2.456359408565291,10.375,26.25,39.9125,28.875,55.375,52.568543890088996,15.375,21.125,72.4625,0.0,6.625,0.5591357172239525,4.25,19.625,0.23292613636363638,14.125,0.0,125.125
107,110,2013-02-25,1,1,2012-13,Utah Jazz,Boston Celtics,101.375,15.0,67.0,19.375,41.5,11.875,29.625,23.125,16.25,1.480692142287537,5.0,14.875,33.662499999999994,33.5,66.25,50.68783811684326,19.375,24.375,78.9125,0.0,8.25,0.5150186071238703,7.875,22.25,0.3552606125546629,16.25,0.0,118.25,98.0,21.375,61.5,15.125,42.0,8.25,33.75,23.0,11.875,1.971310286935287,7.125,18.125,38.237500000000004,30.75,66.0,46.76246688841208,15.125,20.125,75.72500000000001,0.0,8.375,0.727682387057387,4.75,22.375,0.2170264202172097,11.875,0.0,113.0
84,90,2013-02-25,1,1,2012-13,Toronto Raptors,Washington Wizards,97.0,21.0,56.5,19.5,39.5,11.125,28.375,18.5,13.875,1.35825522516699,7.0,17.625,38.525,28.25,62.5,44.902759898449226,19.5,23.0,84.4375,0.0,7.875,0.5613903253609136,5.0,23.125,0.2185286506141677,13.875,0.0,105.625,99.0,21.0,62.0,16.0,42.0,9.5,32.5,24.75,15.375,1.6491176651006372,7.0,15.75,43.4125,31.0,63.375,49.126496638157725,16.0,21.25,77.1125,0.0,7.5,0.5025480152802134,5.0,19.5,0.2628733031674208,15.375,0.0,116.5
108,97,2013-02-26,1,1,2012-13,Indiana Pacers,Golden State Warriors,101.75,24.375,57.25,20.125,48.5,11.75,36.75,23.625,13.875,1.9283991228070176,8.125,20.625,40.275,28.625,60.875,47.558644232991725,20.125,27.625,72.4125,0.0,7.75,0.6430451127819549,7.0,22.25,0.33295954045954046,13.875,0.0,122.5,100.625,21.375,61.5,17.75,46.5,11.75,34.75,21.125,15.375,1.4961763565381987,7.125,18.5,38.4,30.75,67.125,46.11819946565592,17.75,23.125,76.875,0.0,6.25,0.41389260410641987,4.125,22.125,0.20118344517801037,15.375,0.0,110.125
106,84,2013-02-26,1,1,2012-13,Los Angeles Clippers,Charlotte Bobcats,101.5,27.375,58.5,15.625,41.5,11.75,29.75,23.25,17.5,1.3765748505880084,9.125,22.375,40.0125,29.25,56.625,52.148089861457535,15.625,22.0,70.425,0.0,9.75,0.5847689225978701,5.125,20.625,0.2626500199362041,17.5,0.0,116.625,89.75,16.875,53.75,19.125,43.875,12.375,31.5,20.5,12.5,1.848051948051948,5.625,17.5,30.187499999999996,26.875,65.375,41.13441333737451,19.125,26.625,72.5625,0.0,5.625,0.4803125693750694,6.5,18.625,0.3469513243894049,12.5,0.0,95.875
141,129,2013-02-26,1,1,2012-13,Miami Heat,Sacramento Kings,107.125,27.75,62.0,17.375,36.5,8.125,28.375,22.375,12.0,2.0452290764790764,9.25,20.875,43.225,31.0,55.75,55.416988652022496,17.375,22.0,79.15,0.0,10.25,0.8924062049062049,4.875,19.375,0.2600051514858817,12.0,0.0,128.125,104.25,23.625,59.0,21.625,41.875,13.125,28.75,20.5,14.25,1.4740025497378437,7.875,19.625,39.475,29.5,66.125,44.51553499361334,21.625,26.75,82.15,0.0,8.375,0.6074028810242045,3.0,21.125,0.14475304285086893,14.25,0.0,110.25
98,101,2013-02-26,1,1,2012-13,Chicago Bulls,Cleveland Cavaliers,85.875,13.5,59.0,13.375,43.625,14.25,29.375,23.125,16.875,1.8757548068403331,4.5,15.375,28.675,29.5,65.875,44.6933860244064,13.375,17.625,76.14999999999999,0.0,7.375,0.49749412989544567,4.625,19.0,0.2415477884370905,16.875,0.0,96.25,107.375,20.25,68.5,18.625,38.75,11.5,27.25,24.25,11.125,2.6121212121212123,6.75,17.75,37.1375,34.25,66.5,51.79720225657802,18.625,24.0,76.4,0.0,8.25,0.8337594696969697,4.375,18.125,0.24723970251716246,11.125,0.0,123.25
97,101,2013-02-26,1,1,2012-13,New Orleans Hornets,Brooklyn Nets,100.125,19.125,66.0,15.0,43.375,11.625,31.75,23.375,13.0,1.9927729745744451,6.375,15.875,40.15,33.0,67.25,49.166396384630744,15.0,19.5,77.81250000000001,0.0,5.5,0.46919137847446674,6.75,18.875,0.3850693085938829,13.0,0.0,117.875,93.25,25.875,52.0,15.375,44.0,12.625,31.375,19.625,14.75,1.3717777014652015,8.625,21.5,39.425,26.0,59.375,44.025373907326646,15.375,23.0,64.4625,0.0,6.75,0.4794757326007326,4.625,18.25,0.2582555333346153,14.75,0.0,99.625
84,83,2013-02-26,1,1,2012-13,Phoenix Suns,Minnesota Timberwolves,88.625,12.75,62.75,13.125,44.875,12.625,32.25,23.75,17.75,1.3891831560999686,4.25,14.75,28.462500000000006,31.375,68.75,45.99289119831787,13.125,17.75,76.6875,0.0,7.25,0.41678366456011495,5.625,21.25,0.27152114168368036,17.75,0.0,99.875,96.625,14.25,60.0,22.375,41.5,11.375,30.125,21.5,15.125,1.537725601604278,4.75,15.5,29.974999999999998,30.0,63.25,47.42533510679229,22.375,29.25,76.80000000000001,0.0,8.75,0.6263034759358289,3.75,20.0,0.18939070288679927,15.125,0.0,106.125
90,95,2013-02-26,1,1,2012-13,Dallas Mavericks,Milwaukee Bucks,106.25,27.375,61.0,17.875,43.75,9.75,34.0,24.625,11.25,2.277777777777778,9.125,22.25,40.9,30.5,64.0,47.832262141196125,17.875,22.375,79.81250000000001,0.0,8.5,0.7563301282051282,7.125,20.5,0.35971440906008983,11.25,0.0,127.875,97.625,15.75,66.0,15.875,44.5,12.75,31.75,22.25,14.0,1.7223114406018818,5.25,17.375,30.8375,33.0,71.5,45.78961671157201,15.875,22.5,68.85,0.0,8.625,0.6669247827336062,7.875,20.0,0.38572303921568624,14.0,0.0,109.625
84,98,2013-02-26,1,1,2012-13,Philadelphia 76ers,Orlando Magic,85.75,14.625,59.5,11.625,43.75,11.75,32.0,22.0,12.5,1.7988365800865802,4.875,16.125,29.275,29.75,67.0,44.868741798494206,11.625,15.5,74.2625,0.0,6.0,0.4871482683982684,3.875,19.125,0.23940566657284923,12.5,0.0,96.5,91.75,15.0,66.25,10.5,43.375,11.5,31.875,23.625,14.375,1.7468723893065998,5.0,17.5,29.000000000000004,33.125,68.125,48.600272135229325,10.5,15.5,68.4875,0.0,5.5,0.40098684210526314,4.75,20.25,0.23341918498168499,14.375,0.0,102.125
95,96,2013-02-27,1,1,2012-13,Washington Wizards,Detroit Pistons,98.0,21.0,61.25,15.75,42.625,9.125,33.5,23.5,16.25,1.4957522804852528,7.0,15.75,43.4125,30.625,63.0,48.809467652650476,15.75,20.0,80.2625,0.0,7.0,0.44052878451098265,4.125,20.375,0.20580808577611648,16.25,0.0,113.625,92.5,17.625,58.0,16.875,40.875,11.0,29.875,21.625,15.375,1.4908834527400703,5.875,17.25,33.375,29.0,63.875,45.219701929775965,16.875,24.125,70.5125,0.0,8.75,0.5759862278244632,3.625,20.375,0.17454008099388538,15.375,0.0,98.5
103,92,2013-02-27,1,1,2012-13,Cleveland Cavaliers,Toronto Raptors,104.75,18.75,66.5,19.5,38.0,11.875,26.125,22.375,11.875,2.1121212121212123,6.25,16.875,36.125,33.25,66.0,50.72872799187214,19.5,24.75,78.275,0.0,8.625,0.8025094696969697,4.375,18.0,0.24888443935926774,11.875,0.0,117.625,95.625,21.375,55.0,19.25,39.0,10.75,28.25,17.875,13.75,1.3243266537384186,7.125,17.75,39.0375,27.5,62.0,44.043384898449226,19.25,23.125,83.1,0.0,7.5,0.5417474682180564,5.625,22.5,0.2562701965078875,13.75,0.0,102.875
109,111,2013-02-27,1,1,2012-13,Portland Trail Blazers,Denver Nuggets,96.25,22.125,59.0,15.125,38.25,8.375,29.875,21.25,13.625,1.7221433080808082,7.375,23.125,31.1875,29.5,58.75,50.42411491095597,15.125,18.375,82.03750000000001,0.0,5.125,0.42769660894660894,3.0,16.75,0.21728861416361414,13.625,0.0,102.0,110.375,20.625,71.0,18.75,43.75,12.625,31.125,25.625,15.0,1.93882006151743,6.875,19.375,36.5,35.5,66.375,53.62631723099794,18.75,26.875,68.55,0.0,10.25,0.7616175856307436,6.75,22.25,0.3050224826772815,15.0,0.0,130.25
90,84,2013-02-27,1,1,2012-13,Memphis Grizzlies,Dallas Mavericks,95.125,14.625,64.25,16.25,42.0,11.375,30.625,24.25,13.625,1.922928633866134,4.875,12.875,37.625,32.125,65.125,49.349728854824114,16.25,22.5,73.0625,0.0,8.0,0.6146301615051615,5.875,20.5,0.2967655675750641,13.625,0.0,114.375,106.125,26.625,61.5,18.0,45.75,11.0,34.75,24.5,12.0,2.215277777777778,8.875,22.375,39.287499999999994,30.75,63.625,48.45622651567832,18.0,22.5,79.9375,0.0,8.5,0.7375801282051282,6.5,20.875,0.3210239328696136,12.0,0.0,128.5
109,105,2013-02-27,1,1,2012-13,New York Knicks,Golden State Warriors,94.875,26.25,48.75,19.875,43.125,12.5,30.625,16.375,13.25,1.2846711601307188,8.75,28.125,31.037499999999998,24.375,51.0,48.24455434607941,19.875,25.375,79.0375,0.0,7.25,0.551000816993464,3.75,20.125,0.18856543297899922,13.25,0.0,100.625,100.5,22.125,59.75,18.625,46.125,12.0,34.125,20.0,15.5,1.4317026723276722,7.375,18.625,39.287499999999994,29.875,64.875,46.09640619043799,18.625,24.125,77.39999999999999,0.0,6.75,0.43658997252747256,4.375,23.125,0.20045880749685097,15.5,0.0,110.5
91,102,2013-02-27,1,1,2012-13,Utah Jazz,Atlanta Hawks,102.5,15.375,67.0,20.125,41.875,13.125,28.75,22.875,15.375,1.530313354408749,5.125,15.5,32.2625,33.5,67.625,49.687251262383164,20.125,25.125,79.4375,0.0,8.0,0.5195640616693248,7.625,22.25,0.34210271781782076,15.375,0.0,118.0,105.625,33.375,57.25,15.0,43.25,8.625,34.625,29.375,13.625,2.5525895672954495,11.125,27.75,40.449999999999996,28.625,53.625,53.80042794806002,15.0,20.625,72.6125,0.0,7.25,0.6136992092874446,4.375,17.5,0.2528125,13.625,0.0,129.0
101,125,2013-02-27,1,1,2012-13,Orlando Magic,Sacramento Kings,94.5,14.625,69.25,10.625,42.75,10.5,32.25,25.75,14.0,1.9107612781954888,4.875,16.625,30.062500000000004,34.625,67.625,51.265517337787955,10.625,15.75,68.1625,0.0,5.25,0.39265350877192984,4.5,20.0,0.22300251831501833,14.0,0.0,108.875,109.0,27.75,59.5,21.75,42.0,13.0,29.0,23.0,15.0,1.5661078128957384,9.25,20.5,44.0875,29.75,66.0,44.98477967927595,21.75,26.875,82.2875,0.0,8.5,0.5805810186760264,3.125,21.625,0.14594351904134512,15.0,0.0,118.0
101,105,2013-02-27,1,1,2012-13,San Antonio Spurs,Phoenix Suns,105.125,23.25,60.5,21.375,37.125,7.125,30.0,22.75,12.125,2.0638994379803206,7.75,20.5,38.65,30.25,58.0,52.55492202614314,21.375,27.25,78.38749999999999,0.0,8.5,0.8126683365653954,6.125,19.0,0.3363062284937285,12.125,0.0,121.125,88.625,14.25,62.25,12.125,46.875,13.25,33.625,24.25,18.25,1.3863820356517893,4.75,14.5,32.4375,31.125,70.625,44.37506458049125,12.125,17.625,70.3125,0.0,7.375,0.41713380461613736,6.5,22.375,0.2949939923624134,18.25,0.0,100.625
107,110,2013-02-27,1,1,2012-13,Houston Rockets,Milwaukee Bucks,110.0,36.0,59.0,15.0,41.0,10.375,30.625,25.0,16.125,1.6390295076440586,12.0,31.375,37.85,29.5,52.875,55.62306506844432,15.0,19.25,76.03750000000001,0.0,7.625,0.47057253730531595,4.25,21.75,0.2034225309396934,16.125,0.0,124.75,96.5,17.25,61.5,17.75,43.875,12.25,31.625,21.625,13.375,1.7529486955038427,5.75,17.625,33.35,30.75,69.0,44.36662564014344,17.75,24.375,72.775,0.0,9.125,0.7269738023414494,6.625,19.0,0.3428658963585434,13.375,0.0,107.625
119,74,2013-02-27,1,1,2012-13,Oklahoma City Thunder,New Orleans Hornets,110.625,24.375,65.75,20.5,41.5,9.0,32.5,22.75,16.25,1.6214715911154698,8.125,18.5,43.712500000000006,32.875,62.5,52.56532306495701,20.5,24.75,81.5875,0.0,9.375,0.663421404507646,10.125,18.125,0.6802317378940662,16.25,0.0,133.875,98.375,17.625,65.75,15.0,42.625,11.75,30.875,23.125,12.25,2.1222372602887307,5.875,15.625,37.575,32.875,67.625,48.73097564099081,15.0,19.125,79.47500000000001,0.0,6.0,0.558477092760181,7.125,19.25,0.3976291172063231,12.25,0.0,116.375
116,94,2013-02-28,1,1,2012-13,Los Angeles Lakers,Minnesota Timberwolves,103.0,23.25,60.5,19.25,42.125,9.25,32.875,21.5,15.25,1.4386154689608635,7.75,20.375,38.95,30.25,57.875,52.151241056275225,19.25,27.875,69.3375,0.0,7.375,0.4814861673414305,4.375,16.75,0.2668504901960784,15.25,0.0,114.25,95.25,13.125,60.25,21.875,41.875,11.375,30.5,22.125,15.25,1.5671373663101604,4.375,15.625,27.7125,30.125,64.25,47.04248243520722,21.875,29.5,73.92500000000001,0.0,9.625,0.6745571524064171,4.0,19.75,0.20796655427998811,15.25,0.0,104.625
93,82,2013-02-28,1,1,2012-13,Chicago Bulls,Philadelphia 76ers,86.125,13.125,59.5,13.5,43.625,13.625,30.0,24.0,16.875,1.9340881401736665,4.375,14.625,29.412499999999994,29.75,65.0,45.803583392827456,13.5,17.75,76.38749999999999,0.0,7.375,0.49749412989544567,5.125,19.125,0.2691213178488552,16.875,0.0,99.625,86.5,16.125,57.5,12.875,42.625,11.875,30.75,22.0,12.5,1.7988365800865802,5.375,16.25,31.5625,28.75,67.125,43.085549708098725,12.875,17.125,75.7875,0.0,5.75,0.4644209956709956,3.125,19.75,0.16023899990618257,12.5,0.0,94.0
91,99,2013-02-28,1,1,2012-13,Indiana Pacers,Los Angeles Clippers,101.0,22.5,59.75,18.75,49.125,12.875,36.25,22.875,14.0,1.8482709176788124,7.5,20.125,38.35,29.875,62.5,48.253088677436175,18.75,26.0,71.9875,0.0,8.625,0.7047438307306728,7.125,21.125,0.3606744725862373,14.0,0.0,122.25,104.0,29.625,59.0,15.375,40.875,11.25,29.625,25.375,17.625,1.5081224696356277,9.875,22.875,42.6625,29.5,55.375,53.587615324420504,15.375,22.5,68.25,0.0,9.125,0.5335784464073938,5.625,20.75,0.28930443170091,17.625,0.0,121.375
89,105,2013-03-01,1,1,2012-13,Cleveland Cavaliers,Los Angeles Clippers,102.75,18.0,65.75,19.0,39.0,12.625,26.375,22.75,12.5,1.9284090909090907,6.0,16.75,34.6875,32.875,66.375,49.921745119671876,19.0,23.625,79.6375,0.0,8.25,0.6737215909090909,4.625,18.5,0.25677917620137297,12.5,0.0,116.0,105.25,28.5,61.0,15.75,41.0,11.0,30.0,24.75,16.75,1.5443066801619434,9.5,23.75,39.3625,30.5,54.875,55.730267035665825,15.75,22.75,69.1625,0.0,9.0,0.5577012534249376,5.75,21.0,0.2921089188803972,16.75,0.0,123.375
98,68,2013-03-01,1,1,2012-13,Utah Jazz,Charlotte Bobcats,101.375,15.0,66.75,19.625,41.5,12.875,28.625,22.125,14.625,1.5424591033966035,5.0,16.125,29.35,33.375,67.25,49.76751224001365,19.625,24.75,78.32499999999999,0.0,7.5,0.5084304584304584,6.75,22.25,0.30405923955695124,14.625,0.0,114.5,88.625,17.625,52.0,19.0,42.75,12.25,30.5,18.875,13.125,1.6399553571428571,5.875,17.75,31.299999999999997,26.0,64.125,40.66005436301554,19.0,26.0,74.72500000000001,0.0,5.5,0.43698870573870574,6.5,18.75,0.3457608481989287,13.125,0.0,92.125
100,95,2013-03-01,1,1,2012-13,New Orleans Hornets,Detroit Pistons,96.5,18.0,63.75,14.75,41.625,11.875,29.75,23.25,11.75,2.16805173992674,6.0,16.625,36.3375,31.875,67.625,46.94526135527653,14.75,18.25,81.2,0.0,6.25,0.5844951923076923,6.75,20.0,0.36789765940581154,11.75,0.0,112.75,91.375,18.0,57.25,16.125,39.625,10.25,29.375,22.875,15.0,1.5919863939165408,6.0,17.0,34.9875,28.625,62.75,45.54864929819701,16.125,23.75,67.6875,0.0,8.625,0.5807656395891689,3.875,19.75,0.1953734143272187,15.0,0.0,98.625
98,91,2013-03-01,1,1,2012-13,Miami Heat,Memphis Grizzlies,110.875,25.875,68.25,16.75,37.125,8.125,29.0,24.0,11.875,2.1853389665889664,8.625,20.375,41.7125,34.125,60.375,56.386344499427125,16.75,21.0,79.67500000000001,0.0,10.5,0.9191919191919192,5.5,19.5,0.2873319913127215,11.875,0.0,133.875,94.875,14.625,62.0,18.25,43.0,11.625,31.375,23.375,14.625,1.649491133866134,4.875,13.125,36.875,31.0,64.125,48.30806218815745,18.25,24.75,74.3875,0.0,8.625,0.6068176615051615,5.625,21.0,0.2813193433187713,14.625,0.0,113.0
105,103,2013-03-01,1,1,2012-13,Denver Nuggets,Oklahoma City Thunder,110.375,19.5,73.0,17.875,43.25,12.375,30.875,26.375,14.375,2.0367367281840965,6.5,19.0,34.7625,36.5,67.625,54.072066306884004,17.875,26.5,66.625,0.0,11.125,0.8387009189640768,6.5,22.625,0.2886534350582338,14.375,0.0,131.0,110.625,24.375,64.25,22.0,41.25,9.375,31.875,22.5,16.125,1.6262064396003184,8.125,17.875,44.9125,32.125,60.75,52.94846482740912,22.0,25.75,84.2625,0.0,8.75,0.6179668590531004,9.25,18.375,0.5939222140845425,16.125,0.0,134.125
110,118,2013-03-01,1,1,2012-13,Orlando Magic,Houston Rockets,93.625,13.875,67.75,12.0,42.625,10.375,32.25,25.125,13.875,1.887003968253968,4.625,16.375,29.250000000000004,33.875,67.5,50.20482022240334,12.0,17.25,69.05,0.0,5.625,0.4145833333333333,3.875,20.5,0.1976820054945055,13.875,0.0,106.375,109.875,35.25,60.25,14.375,42.0,11.0,31.0,25.875,16.5,1.661644639223006,11.75,31.125,37.15,30.125,54.25,55.43367112905038,14.375,19.25,73.53750000000001,0.0,8.25,0.49606595835794753,4.125,21.0,0.2000571463243088,16.5,0.0,125.25
130,102,2013-03-01,1,1,2012-13,San Antonio Spurs,Sacramento Kings,104.125,21.75,61.0,21.375,38.5,7.25,31.25,23.25,13.25,1.9278700262156145,7.25,19.625,37.849999999999994,30.5,58.875,52.297931894564194,21.375,27.875,76.9,0.0,8.625,0.7538448071536308,5.25,19.625,0.2778984903984904,13.25,0.0,119.25,109.625,28.5,59.5,21.625,41.5,11.875,29.625,23.5,14.5,1.6656553242079557,9.5,20.875,44.5125,29.75,65.5,45.424662377223164,21.625,26.125,83.625,0.0,8.625,0.6150832811194653,2.75,21.375,0.13173897358679967,14.5,0.0,119.875
90,98,2013-03-01,1,1,2012-13,Brooklyn Nets,Dallas Mavericks,96.625,28.5,53.25,14.875,43.25,12.875,30.375,21.0,14.625,1.480111034798535,9.5,21.75,43.449999999999996,26.625,59.125,45.29538622259758,14.875,21.25,67.45,0.0,6.0,0.43126144688644696,5.125,18.25,0.293969819048901,14.625,0.0,106.25,103.5,24.0,61.25,18.25,44.375,10.375,34.0,24.25,13.625,1.9905753968253967,8.0,21.375,36.162499999999994,30.625,63.375,48.4443893944662,18.25,22.5,81.25,0.0,9.0,0.7130265567765568,7.25,21.75,0.3464994763478745,13.625,0.0,124.375
92,87,2013-03-01,1,1,2012-13,Phoenix Suns,Atlanta Hawks,89.75,12.75,64.5,12.5,48.125,13.875,34.25,25.25,18.0,1.4706957611419855,4.25,13.75,30.700000000000003,32.25,72.875,44.39591722182582,12.5,18.375,69.4875,0.0,7.625,0.437722039910255,6.5,23.75,0.28445759389498043,18.0,0.0,103.25,105.5,31.5,58.5,15.5,42.25,8.875,33.375,28.75,13.375,2.544722434428317,10.5,26.875,38.912499999999994,29.25,55.0,53.56272303002723,15.5,21.0,73.47500000000001,0.0,7.75,0.666146761734997,4.375,18.0,0.24500000000000002,13.375,0.0,127.625
81,93,2013-03-01,1,1,2012-13,Toronto Raptors,Indiana Pacers,94.625,21.375,53.25,20.0,38.0,9.75,28.25,18.625,13.875,1.3630171299288947,7.125,19.125,37.512499999999996,26.625,58.375,45.40832742718486,20.0,23.875,83.88749999999999,0.0,6.75,0.48639032536091353,5.5,21.75,0.2599798739272423,13.875,0.0,102.0,101.375,24.0,58.75,18.625,47.375,12.625,34.75,22.625,15.25,1.7107709176788124,8.0,21.125,39.175,29.375,60.75,48.729651177436175,18.625,26.0,71.4875,0.0,8.125,0.6172438307306729,7.125,22.875,0.32090174531351,15.25,0.0,119.5
88,96,2013-03-01,1,1,2012-13,Washington Wizards,New York Knicks,96.625,19.875,61.5,15.25,42.75,9.375,33.375,24.0,16.75,1.4593886441216162,6.625,15.625,41.8,30.75,63.75,48.39551719632714,15.25,19.5,79.1875,0.0,7.625,0.47310454208674024,4.125,20.125,0.20972965440356744,16.75,0.0,112.125,96.125,25.125,49.5,21.5,43.125,12.75,30.375,16.0,12.625,1.3388378267973855,8.375,28.125,29.9375,24.75,52.0,48.029669650062644,21.5,27.5,78.72500000000001,0.0,8.0,0.651000816993464,3.875,21.0,0.18924478080508617,12.625,0.0,101.5
94,86,2013-03-01,1,1,2012-13,Boston Celtics,Golden State Warriors,97.25,23.25,59.0,15.0,40.625,7.75,32.875,22.25,12.375,1.8067803724053724,7.75,20.125,37.175000000000004,29.5,63.875,46.58684244595,15.0,19.5,77.47500000000001,0.0,8.125,0.6657165750915751,4.75,21.875,0.22074665831244777,12.375,0.0,109.375,102.0,25.5,57.5,19.0,46.625,11.75,34.875,19.5,15.75,1.3882998945498946,8.5,19.875,41.824999999999996,28.75,63.375,45.35079215535027,19.0,24.25,78.7375,0.0,6.875,0.4391941391941392,4.375,22.875,0.2021979379316336,15.75,0.0,112.375
109,94,2013-03-02,1,1,2012-13,Portland Trail Blazers,Minnesota Timberwolves,97.5,22.125,59.5,15.875,37.875,9.125,28.75,22.0,15.25,1.4765292729930888,7.375,22.5,32.025000000000006,29.75,59.5,50.23892972577079,15.875,19.375,81.5,0.0,5.5,0.3619071352623984,3.375,17.25,0.23187194749694748,15.25,0.0,102.625,95.25,15.375,58.75,21.125,41.125,10.625,30.5,23.0,15.625,1.5796373663101606,5.125,16.625,30.9125,29.375,63.375,46.57606452475946,21.125,28.0,75.96249999999999,0.0,10.0,0.6860956139448786,4.5,19.875,0.23355134960162555,15.625,0.0,105.875
96,85,2013-03-02,1,1,2012-13,Chicago Bulls,Brooklyn Nets,86.125,12.375,59.0,14.75,45.125,13.625,31.5,23.25,16.75,1.8895805644160908,4.125,14.875,26.874999999999996,29.5,65.25,45.27362449168102,14.75,19.625,75.125,0.0,7.375,0.5031759480772638,6.75,18.625,0.4097463178488552,16.75,0.0,100.5,97.125,28.875,53.5,14.75,43.875,12.5,31.375,21.75,14.875,1.5092777014652015,9.625,22.25,43.300000000000004,26.75,59.375,45.282521728601004,14.75,20.875,68.45,0.0,6.75,0.46737255799755806,4.75,18.125,0.27237055434301866,14.875,0.0,108.0
104,97,2013-03-02,1,1,2012-13,Philadelphia 76ers,Golden State Warriors,88.125,16.875,57.5,13.75,42.125,11.375,30.75,21.5,12.125,1.79883658008658,5.625,16.625,32.9875,28.75,66.25,43.50888971477207,13.75,18.875,74.0,0.0,5.375,0.4498376623376623,3.125,20.625,0.14308213716108453,12.125,0.0,94.5,101.375,25.125,57.25,19.0,46.875,11.25,35.625,20.125,15.25,1.4716332278832278,8.375,20.75,39.849999999999994,28.625,63.125,45.309792734165626,19.0,24.0,79.55,0.0,7.125,0.4704441391941392,4.375,22.625,0.2025985789572746,15.25,0.0,112.75
122,114,2013-03-02,1,1,2012-13,Milwaukee Bucks,Toronto Raptors,99.5,18.375,64.25,16.875,44.625,12.25,32.375,23.125,13.5,1.8342906072685485,6.125,18.25,34.0875,32.125,69.25,46.341595115112916,16.875,23.25,72.66250000000001,0.0,8.875,0.7067532141061552,6.25,19.25,0.32190316343928876,13.5,0.0,113.25,92.0,19.5,51.75,20.75,36.875,9.25,27.625,17.125,13.875,1.2476325145442793,6.5,18.5,34.675,25.875,58.25,44.28458337641807,20.75,24.75,84.1625,0.0,7.0,0.5056210945916828,5.75,22.25,0.2661703501177185,13.875,0.0,96.5
119,83,2013-03-03,1,1,2012-13,Sacramento Kings,Charlotte Bobcats,107.75,27.0,60.25,20.5,39.25,10.625,28.625,23.25,15.375,1.5791168626694942,9.0,21.0,41.8,30.125,65.125,46.264214616029136,20.5,25.125,82.775,0.0,9.25,0.6160448195810038,2.75,21.0,0.13372310057092665,15.375,0.0,115.25,87.625,18.75,51.5,17.375,40.75,11.75,29.0,18.375,14.0,1.4256696428571427,6.25,18.0,33.2125,25.75,63.0,40.883268648729825,17.375,24.625,71.1375,0.0,6.125,0.43698870573870574,6.875,19.125,0.3612020246695169,14.0,0.0,89.5
82,108,2013-03-03,1,1,2012-13,Orlando Magic,Memphis Grizzlies,93.625,15.375,66.0,12.25,40.25,9.0,31.25,24.625,14.75,1.682592203548086,5.125,17.25,30.200000000000003,33.0,64.75,51.286550991634115,12.25,17.0,71.575,0.0,6.0,0.410906862745098,3.625,21.125,0.18019688644688645,14.75,0.0,104.75,93.875,13.125,62.25,18.5,42.375,11.75,30.625,23.0,14.5,1.6390744671994673,4.375,12.25,35.725,31.125,64.75,48.03992129832694,18.5,25.25,73.7875,0.0,8.375,0.5907920204795205,5.5,21.25,0.2742170705914985,14.5,0.0,110.375
104,108,2013-03-03,1,1,2012-13,Los Angeles Clippers,Oklahoma City Thunder,105.625,27.375,62.25,16.0,40.5,10.75,29.75,25.375,16.125,1.6484733468286101,9.125,23.375,38.4,31.125,55.625,56.03696464839793,16.0,23.25,68.85,0.0,9.0,0.5844106551343393,6.125,21.125,0.30888523466987095,16.125,0.0,124.5,107.625,21.75,62.5,23.375,42.5,9.375,33.125,21.25,17.5,1.2980814396003184,7.25,17.75,40.95,31.25,60.375,51.88425126319555,23.375,27.75,84.06249999999999,0.0,8.375,0.5077694906320479,9.375,18.125,0.6085055474178758,17.5,0.0,127.625
136,103,2013-03-03,1,1,2012-13,Houston Rockets,Dallas Mavericks,109.875,36.375,58.25,15.25,41.375,11.25,30.125,26.0,16.75,1.6240572266355935,12.125,31.875,37.2375,29.125,53.25,54.678954147918304,15.25,20.75,72.65,0.0,8.625,0.5161708534628426,3.125,20.625,0.14865912000851933,16.75,0.0,122.875,101.25,23.25,62.0,16.0,42.75,10.25,32.5,23.375,14.125,1.8387896825396826,7.75,21.5,34.65,31.0,63.375,49.10228413130831,16.0,19.5,81.53750000000001,0.0,9.5,0.7165979853479854,7.25,21.125,0.3555574473623673,14.125,0.0,120.375
114,75,2013-03-03,1,1,2012-13,San Antonio Spurs,Detroit Pistons,106.5,20.625,63.75,22.125,40.375,7.625,32.75,25.625,14.75,1.804749725463735,6.875,19.75,35.574999999999996,31.875,60.125,53.32513096863826,22.125,28.25,79.1,0.0,8.875,0.6542207470032547,5.625,19.75,0.3011127761127761,14.75,0.0,125.0,92.5,18.75,59.25,14.5,39.5,9.875,29.625,23.5,15.125,1.6222061741363212,6.25,17.0,36.3,29.625,62.375,47.48960063772682,14.5,21.625,66.7875,0.0,7.75,0.5093370681605975,3.875,20.375,0.18979305718436154,15.125,0.0,101.375
99,98,2013-03-03,1,1,2012-13,Los Angeles Lakers,Atlanta Hawks,105.0,26.25,60.5,18.25,42.5,10.125,32.375,22.375,15.625,1.4518366228070176,8.75,21.125,41.35,30.25,57.5,52.53250467283296,18.25,27.375,66.475,0.0,7.5,0.4784813596491228,3.875,17.125,0.23082107843137256,15.625,0.0,116.875,103.875,29.625,58.75,15.5,43.5,9.25,34.25,27.625,13.875,2.4491341991341993,9.875,26.75,36.4875,29.375,55.0,53.81272303002723,15.5,20.875,73.9,0.0,7.875,0.6608946608946609,4.375,18.5,0.2344736842105263,13.875,0.0,125.5
90,87,2013-03-03,1,1,2012-13,Washington Wizards,Philadelphia 76ers,96.5,19.875,60.25,16.375,42.625,10.125,32.5,24.0,16.875,1.4463391935721657,6.625,15.625,41.8,30.125,63.0,47.90386848943059,16.375,21.75,76.0125,0.0,7.125,0.42983531131750946,4.125,19.25,0.21750743218134522,16.875,0.0,110.25,90.25,20.625,56.25,13.375,40.625,10.75,29.875,22.125,13.625,1.6837180030114813,6.875,16.875,39.7625,28.125,65.0,43.472545462009904,13.375,18.75,70.8,0.0,6.25,0.47602343308865047,3.5,20.5,0.16464646464646465,13.625,0.0,96.875
93,99,2013-03-03,1,1,2012-13,New York Knicks,Miami Heat,96.125,24.75,50.0,21.375,43.125,12.375,30.75,16.5,13.0,1.331893382352941,8.25,28.125,29.499999999999996,25.0,51.625,48.81723703550739,21.375,27.25,79.1125,0.0,8.375,0.664889705882353,3.875,22.375,0.17429912863117314,13.0,0.0,102.625,109.75,27.375,64.75,17.625,36.75,7.5,29.25,24.875,11.625,2.3305409867909868,9.125,20.75,43.6,32.375,59.125,54.52002505498268,17.625,22.625,77.32499999999999,0.0,10.125,0.9027777777777778,5.125,18.5,0.2792910556402069,11.625,0.0,131.625
97,92,2013-03-03,1,1,2012-13,Indiana Pacers,Chicago Bulls,100.75,23.25,59.0,18.5,47.5,12.625,34.875,22.25,15.375,1.684455128205128,7.75,20.875,38.4375,29.5,60.0,49.67607974886475,18.5,25.25,73.225,0.0,8.25,0.6215201465201465,6.75,23.125,0.3019623513741161,15.375,0.0,119.75,87.0,13.875,58.25,14.875,43.25,12.25,31.0,24.125,16.75,1.9356331959950381,4.625,15.25,29.787499999999998,29.125,64.25,45.541388337031066,14.875,18.875,79.5,0.0,7.875,0.529491737550948,7.0,18.75,0.4190307381387102,16.75,0.0,102.75
122,105,2013-03-04,1,1,2012-13,Portland Trail Blazers,Charlotte Bobcats,98.25,21.75,60.75,15.75,39.75,9.375,30.375,23.375,15.5,1.545585217049033,7.25,21.75,32.55,30.375,60.5,50.394459679687834,15.75,19.625,80.075,0.0,5.5,0.3549141282693914,3.75,19.5,0.2193719474969475,15.5,0.0,106.625,86.25,18.0,50.75,17.5,38.75,11.0,27.75,18.125,14.375,1.3429773351648353,6.0,18.625,30.925000000000004,25.375,62.375,40.67925107183089,17.5,24.25,72.52499999999999,0.0,6.125,0.4196810134310135,6.375,19.0,0.3359827264239029,14.375,0.0,84.875
125,118,2013-03-04,1,1,2012-13,Golden State Warriors,Toronto Raptors,100.125,25.875,56.25,18.0,45.5,11.625,33.875,19.75,16.125,1.3687486124986123,8.625,21.5,39.662499999999994,28.125,62.625,44.8670844008323,18.0,22.5,80.13749999999999,0.0,8.125,0.5002518315018315,4.0,21.625,0.1952933841520798,16.125,0.0,109.5,92.625,18.75,54.0,19.875,37.375,9.0,28.375,17.75,13.875,1.284397220426632,6.25,18.625,33.275,27.0,60.25,44.52755277261327,19.875,24.125,82.475,0.0,6.875,0.49826815341521224,5.5,22.875,0.25083152227889066,13.875,0.0,96.375
104,88,2013-03-04,1,1,2012-13,Denver Nuggets,Atlanta Hawks,109.25,19.125,72.0,18.125,40.5,11.75,28.75,26.5,13.5,2.12007006151743,6.375,18.375,35.075,36.0,66.0,54.40602095118348,18.125,26.5,68.10000000000001,0.0,11.625,0.9041771094402673,6.0,23.125,0.2543284922664718,13.5,0.0,130.0,103.0,29.25,59.25,14.5,42.0,8.625,33.375,28.625,13.5,2.551911976911977,9.75,26.25,36.7125,29.625,56.125,53.08968381434095,14.5,19.875,71.8625,0.0,8.625,0.7206168831168831,5.125,18.375,0.27460526315789474,13.5,0.0,125.5
109,108,2013-03-04,1,1,2012-13,Milwaukee Bucks,Utah Jazz,102.25,17.625,67.75,16.875,45.375,12.375,33.0,24.75,13.5,1.950362035839977,5.875,17.875,33.4,33.875,70.375,48.020803587799655,16.875,23.5,71.9125,0.0,8.375,0.6710389283918695,6.25,20.0,0.3031531634392888,13.5,0.0,118.375,102.5,15.375,66.75,20.375,44.625,13.75,30.875,22.375,16.0,1.4487091033966033,5.125,16.125,30.1375,33.375,67.25,49.76751224001365,20.375,25.5,79.47500000000001,0.0,8.0,0.510242052633357,6.5,22.0,0.2972410577387694,16.0,0.0,118.0
97,102,2013-03-04,1,1,2012-13,Cleveland Cavaliers,New York Knicks,101.0,16.5,65.75,18.75,38.25,12.625,25.625,22.0,12.5,1.8815340909090907,5.5,16.25,32.975,32.875,65.625,50.487477878292566,18.75,23.875,78.0625,0.0,7.75,0.6424715909090909,4.25,18.5,0.24047482837528603,12.5,0.0,112.125,95.25,24.75,48.5,22.0,42.875,12.25,30.625,16.375,14.0,1.219393382352941,8.25,28.5,29.099999999999998,24.25,50.375,48.66572188399224,22.0,28.0,79.2125,0.0,8.875,0.664889705882353,3.625,22.375,0.16114123389433102,14.0,0.0,100.625
81,97,2013-03-04,1,1,2012-13,Minnesota Timberwolves,Miami Heat,96.0,14.25,59.5,22.25,42.875,11.125,31.75,22.375,14.125,1.7265123663101605,4.75,16.125,28.825,29.75,66.125,45.000592826646255,22.25,29.375,76.63749999999999,0.0,10.125,0.7673456139448787,4.875,19.5,0.25781605548397846,14.125,0.0,107.25,107.5,27.375,63.75,16.375,37.875,7.5,30.375,24.625,12.5,2.1812354312354314,9.125,20.875,43.337500000000006,31.875,60.25,52.62016710043723,16.375,21.625,75.22500000000001,0.0,10.25,0.8559027777777778,4.75,18.375,0.26262438897354023,12.5,0.0,127.125
102,105,2013-03-04,1,1,2012-13,New Orleans Hornets,Orlando Magic,95.875,16.875,63.0,16.0,41.375,12.875,28.5,22.125,11.125,2.158108558108558,5.625,16.5,34.762499999999996,31.5,67.5,46.43296627330932,16.0,20.375,78.86250000000001,0.0,6.0,0.5866258741258741,6.375,18.875,0.3725851594058116,11.125,0.0,109.375,94.375,15.0,65.0,14.375,39.75,9.625,30.125,24.75,14.875,1.681029703548086,5.0,17.375,29.187500000000004,32.5,63.5,51.406987097110786,14.375,19.125,75.19999999999999,0.0,5.875,0.39944852941176473,3.875,20.25,0.20400641025641025,14.875,0.0,105.625
122,105,2013-03-05,1,1,2012-13,Oklahoma City Thunder,Los Angeles Lakers,109.0,21.0,64.0,24.0,42.25,10.5,31.75,21.25,17.625,1.284390963409842,7.0,18.25,38.5,32.0,60.375,53.155437703873524,24.0,28.625,83.9875,0.0,8.0,0.47384091920347643,8.875,20.0,0.47620035261268095,17.625,0.0,127.5,105.25,27.375,60.5,17.375,44.25,10.375,33.875,23.0,16.375,1.4435032894736843,9.125,22.25,40.0125,30.25,57.375,52.638372791405246,17.375,26.375,65.8875,0.0,7.5,0.45705278822055134,3.625,17.375,0.21534120227038184,16.375,0.0,118.0
101,109,2013-03-05,1,1,2012-13,Philadelphia 76ers,Boston Celtics,89.875,19.5,56.5,13.875,41.25,9.875,31.375,21.25,13.0,1.7204243522178304,6.5,17.0,37.4625,28.25,65.0,43.66193940140384,13.875,19.25,71.575,0.0,6.25,0.5157059727711901,3.875,20.625,0.18438330675172782,13.0,0.0,96.875,94.25,19.5,59.75,15.0,39.75,7.0,32.75,21.0,12.5,1.7176259606406665,6.5,18.25,34.2625,29.875,61.625,48.65415013825769,15.0,20.0,76.0625,0.0,7.125,0.6004592221503986,4.375,22.0,0.19936507936507936,12.5,0.0,105.5
113,120,2013-03-05,1,1,2012-13,Sacramento Kings,Denver Nuggets,110.0,30.375,58.5,21.125,42.25,11.375,30.875,24.0,15.875,1.5811009896536212,10.125,23.125,43.6,29.25,63.5,46.19529231026472,21.125,25.5,84.11250000000001,0.0,8.75,0.5644575179937021,3.0,20.875,0.1450455643390426,15.875,0.0,120.5,108.75,18.75,72.75,17.25,40.875,11.0,29.875,27.25,13.25,2.1827635599694424,6.25,18.25,34.55,36.375,66.25,54.74027283932392,17.25,25.125,69.075,0.0,11.25,0.8921802054154996,6.125,23.0,0.26255217647699813,13.25,0.0,131.25
81,83,2013-03-06,1,1,2012-13,Indiana Pacers,Boston Celtics,102.375,23.625,58.75,20.0,46.125,11.75,34.375,22.625,16.25,1.5927884615384615,7.875,19.75,41.375,29.375,58.0,50.76531553637639,20.0,27.125,73.675,0.0,8.75,0.6111034798534799,6.625,22.5,0.30402279093455564,16.25,0.0,122.625,96.5,21.375,61.0,14.125,40.375,7.5,32.875,22.0,14.0,1.5858077788224847,7.125,18.875,36.1375,30.5,61.75,49.550107479527526,14.125,18.75,76.9,0.0,7.25,0.5652319494231258,4.125,21.0,0.20196924603174604,14.0,0.0,108.625
87,82,2013-03-06,1,1,2012-13,Minnesota Timberwolves,Washington Wizards,93.625,13.125,58.75,21.75,43.25,11.75,31.5,22.125,13.75,1.73578270123839,4.375,16.875,24.8125,29.375,67.0,43.79519263378222,21.75,29.125,74.675,0.0,10.625,0.8026326952845916,4.5,19.625,0.23453174175848826,13.75,0.0,102.875,95.0,20.625,57.75,16.625,43.0,10.875,32.125,23.25,16.5,1.4352372198879553,6.875,16.0,42.637499999999996,28.875,63.375,45.627193551465325,16.625,22.25,75.2375,0.0,6.5,0.3994076797385621,4.5,19.75,0.2300074321813452,16.5,0.0,106.5
104,101,2013-03-06,1,1,2012-13,Cleveland Cavaliers,Utah Jazz,101.625,16.875,64.75,20.0,38.25,12.25,26.0,22.125,11.875,1.9398674242424243,5.625,16.5,33.25,32.375,64.625,50.626667485468566,20.0,25.5,78.9625,0.0,7.375,0.6424715909090909,3.625,18.875,0.1960303839308416,11.875,0.0,112.5,102.375,15.375,66.75,20.25,47.125,15.25,31.875,21.75,16.375,1.3961297383172382,5.125,15.875,30.65,33.375,69.625,48.28365246910077,20.25,26.125,77.125,0.0,8.75,0.5380198304111348,5.875,20.75,0.2795395326843032,16.375,0.0,116.625
71,98,2013-03-06,1,1,2012-13,Phoenix Suns,Toronto Raptors,92.625,15.0,64.5,13.125,46.25,12.625,33.625,25.0,17.375,1.4839807852965747,5.0,14.75,32.8125,32.25,70.625,45.68361257731778,13.125,19.25,67.4,0.0,8.0,0.4676133442580811,5.875,23.125,0.26106187196984676,17.375,0.0,106.125,95.875,18.75,56.5,20.625,38.875,10.375,28.5,18.25,14.375,1.2772543632837752,6.25,19.25,32.2375,28.25,62.25,45.12144417532821,20.625,25.5,81.175,0.0,7.25,0.5143395819866408,5.125,23.625,0.22486998381735224,14.375,0.0,99.125
112,108,2013-03-06,1,1,2012-13,Dallas Mavericks,Houston Rockets,101.5,24.375,61.25,15.875,42.125,10.375,31.75,22.625,14.875,1.7103174603174602,8.125,22.25,34.8375,30.625,61.5,49.90347725006524,15.875,20.0,79.35000000000001,0.0,9.375,0.6784035409035409,7.25,22.75,0.3481710837260036,14.875,0.0,118.875,113.0,37.875,57.75,17.375,41.625,10.75,30.875,26.125,16.375,1.685956265097132,12.625,32.0,38.6,28.875,52.0,55.785320607545636,17.375,23.625,72.4625,0.0,9.5,0.5942958534628426,2.25,20.625,0.10699245334185266,16.375,0.0,127.375
87,83,2013-03-06,1,1,2012-13,Golden State Warriors,Sacramento Kings,103.125,27.0,57.5,18.625,45.0,10.75,34.25,21.75,16.125,1.5116057553557554,9.0,21.5,41.875,28.75,62.5,45.92769046143836,18.625,23.0,81.02499999999999,0.0,7.875,0.48239468864468865,4.125,22.25,0.19676644812514377,16.125,0.0,115.125,111.625,33.375,58.0,20.25,42.125,11.625,30.5,24.75,15.875,1.6227676563202877,11.125,25.0,45.3125,29.0,62.25,46.78122981026472,20.25,24.5,83.96249999999999,0.0,8.375,0.5436241846603689,3.625,21.0,0.1717254062362758,15.875,0.0,123.25
101,83,2013-03-06,1,1,2012-13,San Antonio Spurs,Chicago Bulls,107.875,21.0,65.0,21.875,43.25,8.375,34.875,27.375,15.125,1.8743519981910075,7.0,20.25,34.949999999999996,32.5,61.375,53.27907348890356,21.875,28.25,77.85,0.0,9.125,0.6343343833668911,6.625,19.75,0.3566683316683317,15.125,0.0,130.625,89.875,15.75,59.0,15.125,41.375,11.625,29.75,25.375,15.625,2.0907905386523806,5.25,15.5,32.85,29.5,64.875,45.721778829391,15.125,19.0,80.39999999999999,0.0,8.375,0.5876211081803187,7.125,19.75,0.41586309681317424,15.625,0.0,107.0
107,96,2013-03-06,1,1,2012-13,Atlanta Hawks,Philadelphia 76ers,100.5,28.125,58.75,13.625,39.625,7.75,31.875,27.125,14.25,2.274134199134199,9.375,25.0,36.6875,29.375,57.0,51.98557240850541,13.625,18.375,73.3875,0.0,8.375,0.6706168831168832,5.75,18.25,0.3342643540669856,14.25,0.0,119.125,91.0,19.875,58.0,13.125,41.75,10.875,30.875,22.0,12.875,1.784710066503545,6.625,18.0,36.5875,29.0,67.0,43.40576098066846,13.125,18.5,70.8875,0.0,7.375,0.5990393061045235,3.75,20.125,0.18248936735778842,12.875,0.0,98.25
97,96,2013-03-06,1,1,2012-13,Miami Heat,Orlando Magic,105.875,25.125,64.5,16.25,38.125,7.0,31.125,24.5,13.75,2.0904616217116216,8.375,19.875,41.574999999999996,32.25,59.5,54.04725376497193,16.25,21.25,76.08749999999999,0.0,10.375,0.8239087301587301,4.875,16.625,0.2870496763298621,13.75,0.0,126.25,96.0,16.125,65.75,14.125,39.0,9.375,29.625,24.75,14.125,1.8551368464052287,5.375,16.875,31.35,32.875,63.75,51.779856415292606,14.125,19.0,74.27499999999999,0.0,6.0,0.4619485294117647,4.0,20.25,0.21025641025641026,14.125,0.0,108.375
91,85,2013-03-06,1,1,2012-13,Memphis Grizzlies,Portland Trail Blazers,94.25,15.0,61.75,17.5,43.125,11.875,31.25,23.125,14.625,1.6273986430236431,5.0,13.625,35.675,30.875,63.875,48.40265884326788,17.5,24.375,71.625,0.0,7.875,0.5468359765234765,5.625,20.625,0.28627847410027046,14.625,0.0,110.875,100.5,22.5,62.0,16.0,40.125,10.125,30.0,23.125,15.125,1.5983449573087731,7.5,21.375,34.175,31.0,60.75,51.22574046786517,16.0,20.25,78.4875,0.0,5.375,0.3532907516460148,4.5,19.875,0.26083829365079364,15.125,0.0,110.625
77,87,2013-03-06,1,1,2012-13,Detroit Pistons,New York Knicks,89.875,17.625,58.25,14.0,39.25,9.75,29.5,23.25,15.375,1.594342397046538,5.875,17.125,34.0,29.125,63.125,46.266209397208094,14.0,20.75,67.3125,0.0,7.0,0.46212344586957593,3.5,20.75,0.1702278397930572,15.375,0.0,95.5,97.0,26.625,48.0,22.375,43.5,12.5,31.0,17.875,14.0,1.313143382352941,8.875,29.375,30.299999999999997,24.0,50.0,48.543172864384395,22.375,28.375,79.51249999999999,0.0,8.75,0.657077205882353,3.875,22.375,0.17503012278321992,14.0,0.0,104.5
78,99,2013-03-06,1,1,2012-13,Charlotte Bobcats,Brooklyn Nets,89.75,16.5,56.5,16.75,38.625,11.625,27.0,19.0,13.375,1.5617273351648353,5.5,17.875,28.262500000000003,28.25,65.0,43.02381742501794,16.75,23.0,73.325,0.0,6.125,0.4587435134310135,5.625,18.5,0.30160772642390293,13.375,0.0,90.375,96.625,29.25,53.5,13.875,41.625,12.125,29.5,23.0,16.0,1.5286229395604394,9.75,22.625,43.300000000000004,26.75,58.0,46.240339066062305,13.875,19.75,68.16250000000001,0.0,7.5,0.47630112942612945,4.5,18.0,0.261656268628733,16.0,0.0,107.25
117,101,2013-03-06,1,1,2012-13,Los Angeles Clippers,Milwaukee Bucks,105.25,27.75,60.5,17.0,40.25,11.0,29.25,24.5,17.125,1.500579573934837,9.25,24.0,37.825,30.25,55.875,54.251250362683635,17.0,23.25,73.4,0.0,9.125,0.561059006782691,5.5,22.375,0.2638131192852555,17.125,0.0,120.875,104.625,19.5,68.75,16.375,45.25,11.75,33.5,25.5,14.5,1.8441528855131797,6.5,18.0,35.9,34.375,70.25,48.800830974341125,16.375,22.375,73.175,0.0,8.375,0.5860716081304316,6.875,20.75,0.3207362836438923,14.5,0.0,122.75
102,108,2013-03-06,1,1,2012-13,New Orleans Hornets,Los Angeles Lakers,96.25,18.0,61.25,17.0,39.875,12.375,27.5,21.5,11.75,1.912572843822844,6.0,17.625,34.3125,30.625,65.5,46.577034069919485,17.0,21.375,80.1375,0.0,5.25,0.47204254079254077,6.875,19.875,0.3744166612373134,11.75,0.0,107.125,107.0,29.25,58.0,19.75,44.0,10.875,33.125,21.5,16.0,1.3781249999999998,9.75,23.25,41.025000000000006,29.0,55.625,51.73951526452353,19.75,29.125,67.2375,0.0,6.375,0.3978422619047619,3.125,18.125,0.17962691655609614,16.0,0.0,116.5
107,92,2013-03-07,1,1,2012-13,Denver Nuggets,Los Angeles Clippers,110.25,17.25,74.75,18.25,42.25,11.25,31.0,27.875,13.0,2.2720492742551563,5.75,18.125,31.975,37.375,67.125,55.57594371356422,18.25,26.375,70.07499999999999,0.0,11.75,0.9457516339869281,6.25,23.25,0.2653566636564853,13.0,0.0,135.125,106.625,27.375,63.25,16.0,40.875,11.375,29.5,25.125,16.125,1.6913690476190477,9.125,23.625,37.925000000000004,31.625,57.75,54.81760962491299,16.0,21.75,74.0875,0.0,8.875,0.595748001998002,5.875,21.875,0.2993394350747292,16.125,0.0,124.875
94,95,2013-03-07,1,1,2012-13,New York Knicks,Oklahoma City Thunder,96.875,28.125,47.75,21.0,43.0,11.75,31.25,19.25,15.125,1.325048144257703,9.375,30.625,30.4375,23.875,48.25,49.77002471623625,21.0,26.25,80.525,0.0,9.25,0.6496367296918768,4.25,21.625,0.20479202754512466,15.125,0.0,106.625,112.5,22.125,65.25,25.125,44.25,11.375,32.875,21.875,15.375,2.4406409634098423,7.375,19.25,38.6875,32.625,62.875,51.87926815101749,25.125,28.75,88.3875,0.0,7.875,1.0300909192034764,7.875,21.375,0.3977860007608291,15.375,0.0,133.25
95,78,2013-03-08,1,1,2012-13,Brooklyn Nets,Washington Wizards,94.125,28.125,52.5,13.5,43.125,11.5,31.625,22.25,17.5,1.3647767857142856,9.375,22.625,41.9,26.25,57.0,46.29242239939565,13.5,18.75,69.6375,0.0,7.75,0.46322420634920636,5.375,17.375,0.32192412577159013,17.5,0.0,105.875,94.625,21.75,55.75,17.125,44.5,11.0,33.5,22.625,17.375,1.362014180672269,7.25,17.0,43.175,27.875,61.75,45.30939694129584,17.125,22.25,77.5125,0.0,6.375,0.37918709150326796,4.75,21.125,0.2307258229859429,17.375,0.0,106.75
89,88,2013-03-08,1,1,2012-13,Chicago Bulls,Utah Jazz,88.25,17.25,56.5,14.5,40.625,11.625,29.0,24.5,14.625,2.2157905386523806,5.75,16.375,33.6625,28.25,64.75,44.02157762214754,14.5,17.875,83.33749999999999,0.0,8.25,0.6501211081803187,7.0,19.25,0.41805607926931454,14.625,0.0,103.5,101.375,16.125,65.25,20.0,47.125,14.25,32.875,21.875,16.0,1.4391852938727938,5.375,15.875,31.975,32.625,69.625,47.18071129263018,20.0,25.75,77.42500000000001,0.0,7.875,0.49913094152224585,6.875,21.0,0.3214649985228125,16.0,0.0,115.875
118,116,2013-03-08,1,1,2012-13,Los Angeles Lakers,Toronto Raptors,107.875,31.125,56.75,20.0,43.875,10.375,33.5,21.0,15.375,1.4392045454545455,10.375,24.25,42.18750000000001,28.375,55.0,51.21678799179626,20.0,29.375,67.4875,0.0,6.375,0.4298024891774892,3.625,18.125,0.20903868126197847,15.375,0.0,117.5,96.125,19.875,56.25,20.0,38.625,10.25,28.375,18.75,14.875,1.2730526826115063,6.625,19.75,32.9625,28.125,61.625,45.434554129784935,20.0,24.875,80.76249999999999,0.0,7.375,0.5062863606981254,5.0,23.375,0.22138701168112934,14.875,0.0,99.5
94,116,2013-03-08,1,1,2012-13,Charlotte Bobcats,Oklahoma City Thunder,86.375,14.625,56.25,15.5,36.625,11.125,25.5,19.375,13.125,1.6086023351648353,4.875,17.125,26.35,28.125,66.125,41.96719860524122,15.5,21.5,72.39999999999999,0.0,6.375,0.4832970848595849,5.375,18.875,0.2847426470588235,13.125,0.0,84.75,111.875,24.0,63.75,24.125,45.125,11.625,33.5,21.875,15.375,2.4406409634098423,8.0,20.25,40.56249999999999,31.875,61.5,51.70494842312633,24.125,28.125,87.025,0.0,8.25,1.0535284192034764,8.25,20.625,0.42943561712911554,15.375,0.0,134.125
88,94,2013-03-08,1,1,2012-13,Golden State Warriors,Houston Rockets,100.5,26.25,54.25,20.0,45.25,9.875,35.375,20.5,17.125,1.2810501998001997,8.75,21.875,39.974999999999994,27.125,60.625,44.5248489000147,20.0,24.5,81.5,0.0,8.25,0.46989468864468864,3.875,22.0,0.1856057338394295,17.125,0.0,110.125,112.0,38.625,55.25,18.125,40.625,10.5,30.125,24.875,16.375,1.5898024189432858,12.875,31.75,39.612500000000004,27.625,50.625,54.79847850228248,18.125,24.625,72.3125,0.0,9.125,0.5654496996166889,2.5,20.25,0.12385753270693202,16.375,0.0,124.375
92,103,2013-03-08,1,1,2012-13,Cleveland Cavaliers,Memphis Grizzlies,102.75,18.75,62.75,21.25,38.375,12.25,26.125,22.0,12.0,1.9067234848484849,6.25,17.125,36.449999999999996,31.375,63.125,50.17097923908264,21.25,27.25,78.0375,0.0,7.125,0.6140625,4.625,19.25,0.24603038393084156,12.0,0.0,114.25,92.125,14.25,61.5,16.375,44.75,13.0,31.75,23.0,13.125,1.7801764208014208,4.75,13.5,34.0625,30.75,65.5,47.01287389703131,16.375,23.625,68.85,0.0,7.875,0.5865185162060162,5.875,20.625,0.2976421104639068,13.125,0.0,109.75
107,102,2013-03-08,1,1,2012-13,Boston Celtics,Atlanta Hawks,98.0,22.125,62.0,13.875,41.375,7.625,33.75,22.0,14.125,1.5713847018994078,7.375,19.125,37.125,31.0,62.375,49.95062908906553,13.875,18.375,77.6,0.0,7.25,0.5580204109615874,4.625,20.75,0.23079130116959062,14.125,0.0,111.5,102.625,29.625,59.5,13.5,39.125,8.0,31.125,27.125,13.375,2.3574675324675325,9.875,24.75,39.050000000000004,29.75,58.25,51.247994768753856,13.5,18.5,72.1375,0.0,8.25,0.6795454545454546,6.125,17.875,0.35852905994933854,13.375,0.0,121.5
106,136,2013-03-08,1,1,2012-13,San Antonio Spurs,Portland Trail Blazers,108.5,22.125,64.75,21.625,43.625,7.625,36.0,27.0,15.125,1.8455058443448538,7.375,19.625,38.8,32.375,60.75,53.59958630941638,21.625,28.25,76.4625,0.0,9.125,0.6343343833668911,6.25,19.0,0.3705572205572205,15.125,0.0,132.125,98.125,21.75,60.5,15.875,41.75,10.5,31.25,23.625,14.375,1.737233846197662,7.25,20.875,33.7625,30.25,61.625,48.897934345416196,15.875,21.25,74.82499999999999,0.0,5.75,0.4116240849793481,4.75,19.875,0.27472718253968254,14.375,0.0,109.25
121,112,2013-03-08,1,1,2012-13,Sacramento Kings,Phoenix Suns,109.25,33.0,58.0,18.25,41.875,11.125,30.75,25.625,16.5,1.5936009896536212,11.0,24.875,44.975,29.0,61.5,47.27014767206394,18.25,22.375,82.5625,0.0,8.875,0.5436241846603689,3.875,21.125,0.18168917435221782,16.5,0.0,122.5,90.875,16.5,61.75,12.625,45.25,12.5,32.75,24.25,18.625,1.3968664477285169,5.5,16.0,33.725,30.875,68.0,45.27511584529164,12.625,19.0,65.2375,0.0,8.125,0.4492376636773189,5.25,22.75,0.23427615768413249,18.625,0.0,101.125
102,93,2013-03-08,1,1,2012-13,Miami Heat,Philadelphia 76ers,105.125,23.625,64.25,17.25,38.125,7.25,30.875,24.125,14.375,1.9853479853479854,7.875,20.5,38.8125,32.125,58.375,54.97610751991263,17.25,22.0,77.475,0.0,10.375,0.7848462301587302,5.625,16.875,0.33018693123182286,14.375,0.0,125.375,92.125,20.625,59.0,12.5,42.875,11.5,31.375,23.5,13.5,1.8097100665035448,6.875,18.5,37.15,29.5,67.125,44.05846771553632,12.5,17.125,72.2125,0.0,7.375,0.5657059727711902,3.375,18.25,0.17832270069112174,13.5,0.0,101.875
86,115,2013-03-08,1,1,2012-13,Orlando Magic,Indiana Pacers,96.0,16.5,65.75,13.75,39.25,10.0,29.25,25.0,14.875,1.7856924019607843,5.5,18.375,30.1125,32.875,62.75,52.587649240191624,13.75,17.75,77.3,0.0,6.625,0.47930964052287583,3.875,22.375,0.1842948717948718,14.875,0.0,109.125,99.875,23.625,56.5,19.75,45.75,11.5,34.25,21.125,17.125,1.27135989010989,7.875,20.75,40.199999999999996,28.25,56.125,50.33660544146699,19.75,26.5,74.95,0.0,9.0,0.5664606227106227,6.875,21.5,0.3562205931323578,17.125,0.0,118.0
99,102,2013-03-08,1,1,2012-13,Detroit Pistons,Dallas Mavericks,88.125,16.875,57.25,14.0,40.125,10.0,30.125,22.625,15.75,1.5322100441053612,5.625,17.125,32.75,28.625,62.125,46.20647224069675,14.0,20.75,67.3125,0.0,7.125,0.4606528576342818,3.75,20.25,0.19602149058670798,15.75,0.0,94.25,100.125,23.625,62.25,14.25,39.875,9.125,30.75,23.625,14.75,1.826794733044733,7.875,21.25,35.35,31.125,61.375,50.89410035956312,14.25,18.5,77.6375,0.0,8.5,0.6102217227217227,6.375,22.125,0.3189202419751619,14.75,0.0,115.875
104,87,2013-03-09,1,1,2012-13,Washington Wizards,Charlotte Bobcats,93.375,20.625,57.0,15.75,44.5,11.25,33.25,22.375,16.625,1.4195008116883119,6.875,17.25,40.37499999999999,28.5,63.0,45.513245604048606,15.75,21.0,75.4125,0.0,6.875,0.44870580808080807,5.375,22.125,0.24769010870022862,16.625,0.0,105.75,85.75,13.125,57.0,15.625,35.5,10.875,24.625,19.375,13.125,1.608602335164835,4.375,16.875,24.650000000000002,28.5,65.875,42.7295473955638,15.625,22.0,71.375,0.0,6.375,0.4832970848595849,5.0,18.5,0.2722426470588235,13.125,0.0,82.625
107,105,2013-03-09,1,1,2012-13,Phoenix Suns,Houston Rockets,92.125,18.0,61.25,12.875,43.625,12.25,31.375,24.625,18.0,1.5058408067028757,6.0,17.25,34.6375,30.625,67.75,45.107475784724905,12.875,19.375,64.9375,0.0,8.25,0.48022056966022486,5.75,21.375,0.2694652333143846,18.0,0.0,101.5,111.75,42.375,50.5,18.875,41.125,9.75,31.375,25.25,15.625,1.6576595618004286,14.125,33.125,42.375,25.25,48.25,51.963597865677706,18.875,26.125,70.7,0.0,9.25,0.5975925567595459,2.5,19.5,0.1276938498424819,15.625,0.0,125.0
96,85,2013-03-09,1,1,2012-13,Memphis Grizzlies,New Orleans Hornets,91.875,14.625,61.25,16.0,43.875,12.625,31.25,23.125,12.875,1.8214710636585636,4.875,13.75,34.45,30.625,66.0,46.45184103318155,16.0,22.5,71.57499999999999,0.0,7.375,0.5664292304917304,5.75,20.0,0.30389211046390685,12.875,0.0,108.375,98.125,19.875,60.75,17.5,41.5,12.875,28.625,21.625,12.125,1.8875728438228438,6.625,18.5,36.0625,30.375,65.125,46.457514480367244,17.5,21.375,82.6375,0.0,4.875,0.4400980963480964,7.0,20.75,0.3632074221068786,12.125,0.0,110.5
113,84,2013-03-09,1,1,2012-13,New York Knicks,Utah Jazz,97.25,30.0,48.0,19.25,42.875,11.625,31.25,18.375,15.0,1.2726671918767507,10.0,31.0,32.2375,24.0,47.875,50.27942910495098,19.25,23.5,83.30000000000001,0.0,8.875,0.6305891106442577,4.25,20.625,0.20971813591950889,15.0,0.0,107.5,100.25,16.125,65.0,19.125,46.25,14.75,31.5,21.625,16.0,1.421328151015651,5.375,15.75,32.199999999999996,32.5,69.0,47.42163049203715,19.125,24.875,76.2625,0.0,7.75,0.49020237009367446,7.125,21.0,0.33282863488644887,16.0,0.0,114.375
111,88,2013-03-09,1,1,2012-13,Denver Nuggets,Minnesota Timberwolves,111.5,18.75,76.25,16.5,41.375,10.875,30.5,29.375,13.75,2.214356966562849,6.25,18.5,33.575,38.125,66.75,57.281596735006715,16.5,23.375,72.14999999999999,0.0,11.75,0.8880593262946204,7.125,23.25,0.3168272518917794,13.75,0.0,139.625,92.875,12.75,59.5,20.625,41.375,11.125,30.25,21.875,14.25,1.653639844095533,4.25,15.875,25.55,29.75,66.875,44.47683625897423,20.625,28.25,73.275,0.0,11.0,0.8008469809988772,4.25,19.0,0.22372347108179655,14.25,0.0,100.75
93,103,2013-03-09,1,1,2012-13,Golden State Warriors,Milwaukee Bucks,98.125,27.75,51.75,18.625,44.5,10.25,34.25,19.625,17.5,1.1812905844155843,9.25,21.875,42.3625,25.875,59.75,43.248385637250074,18.625,23.25,79.625,0.0,8.25,0.459077380952381,3.75,22.25,0.1784318207959512,17.5,0.0,105.625,105.5,22.875,66.75,15.875,44.375,10.375,34.0,26.5,14.625,1.9011583800186742,7.625,19.375,38.725,33.375,67.75,49.15797383148398,15.875,21.625,73.65,0.0,8.0,0.5531045751633986,5.75,19.875,0.27014104554865426,14.625,0.0,123.625
80,93,2013-03-09,1,1,2012-13,Atlanta Hawks,Brooklyn Nets,100.125,28.5,58.0,13.625,38.625,8.0,30.625,27.0,14.5,1.9366341991341993,9.5,24.75,37.6625,29.0,57.75,50.48506916976269,13.625,18.25,73.8,0.0,8.25,0.5920454545454545,5.375,16.875,0.33558788347875035,14.5,0.0,116.25,91.875,28.875,49.25,13.75,44.625,11.625,33.0,20.875,17.875,1.2615695488721805,9.625,23.625,40.875,24.625,54.75,45.19288536235861,13.75,20.0,67.6,0.0,7.5,0.44266499582289054,5.125,17.625,0.30567025580254986,17.875,0.0,101.75
113,115,2013-03-10,1,1,2012-13,Sacramento Kings,Milwaukee Bucks,110.875,33.375,59.5,18.0,40.875,10.125,30.75,26.375,16.5,1.6404759896536212,11.125,25.5,44.175,29.75,60.125,49.61863252054879,18.0,21.875,83.275,0.0,9.5,0.5826866846603689,4.125,21.5,0.19160980927285273,16.5,0.0,126.625,104.5,25.125,63.25,16.125,44.25,9.625,34.625,27.25,15.5,1.783450046685341,8.375,20.375,40.150000000000006,31.625,64.5,48.99350014727345,16.125,21.75,74.52499999999999,0.0,8.5,0.5572712418300653,5.125,19.75,0.24186723602484472,15.5,0.0,123.625
105,91,2013-03-10,1,1,2012-13,Miami Heat,Indiana Pacers,107.125,25.5,64.25,17.375,38.5,7.5,31.0,24.5,14.0,2.038125763125763,8.5,21.5,40.6875,32.125,58.125,55.22036039347586,17.375,21.875,79.05,0.0,9.875,0.7709573412698413,5.75,16.125,0.37740915345404513,14.0,0.0,128.25,98.625,23.625,56.75,18.25,44.625,11.375,33.25,21.75,16.125,1.4220009157509157,7.875,20.125,41.7125,28.375,57.25,49.54115089601245,18.25,24.5,75.125,0.0,8.625,0.5669184981684982,6.875,20.75,0.3704311194481473,16.125,0.0,117.0
99,91,2013-03-10,1,1,2012-13,Orlando Magic,Philadelphia 76ers,96.5,16.5,65.0,15.0,38.75,10.125,28.625,24.625,16.0,1.6830138305322129,5.5,18.375,30.112500000000004,32.5,62.5,52.1901800643318,15.0,19.0,78.7625,0.0,6.875,0.4644286881419234,3.5,21.875,0.17424242424242423,16.0,0.0,107.375,92.5,20.25,59.75,12.5,43.0,11.375,31.625,23.125,14.125,1.7110581057192311,6.75,17.625,38.1875,29.875,67.875,44.08525342982203,12.5,17.25,71.1875,0.0,8.5,0.6288187178692293,3.375,18.875,0.17207270069112174,14.125,0.0,102.75
98,96,2013-03-10,1,1,2012-13,New Orleans Hornets,Portland Trail Blazers,96.25,18.0,61.25,17.0,41.875,12.875,29.0,21.75,12.0,1.9108100233100234,6.0,18.125,32.3125,30.625,65.875,46.28012275049203,17.0,20.75,82.86250000000001,0.0,5.125,0.46253399378399374,6.375,19.625,0.3430006551895854,12.0,0.0,108.25,107.25,25.875,65.0,16.375,42.125,10.75,31.375,24.625,13.375,1.9427894017532175,8.625,21.375,40.025,32.5,62.625,51.76568063421512,16.375,22.25,72.45,0.0,6.25,0.4838463072015704,4.375,20.5,0.22509482959850605,13.375,0.0,122.5
91,79,2013-03-10,1,1,2012-13,Oklahoma City Thunder,Boston Celtics,111.5,24.375,64.5,22.625,45.25,11.5,33.75,22.25,14.0,2.596438064859117,8.125,19.75,41.9,32.25,61.25,52.593292163834036,22.625,26.75,85.28750000000001,0.0,8.125,1.0730030568846358,7.875,20.25,0.41956719607648396,14.0,0.0,136.25,100.125,23.25,62.5,14.375,40.875,6.875,34.0,22.125,14.5,1.5395337403609464,7.75,19.125,39.0,31.25,62.25,50.48394294061433,14.375,18.875,78.0625,0.0,7.625,0.5706406032692797,4.75,19.875,0.24243345803233574,14.5,0.0,114.125
100,96,2013-03-10,1,1,2012-13,Toronto Raptors,Cleveland Cavaliers,100.375,19.875,61.75,18.75,38.75,9.75,29.0,21.0,15.125,1.3916801335918985,6.625,20.25,31.962500000000002,30.875,63.875,48.23152463204377,18.75,23.625,79.5625,0.0,7.75,0.5234432234432235,5.25,23.25,0.23130764660176426,15.125,0.0,106.5,101.125,19.125,61.25,20.75,38.25,11.625,26.625,21.875,13.0,1.7426609848484849,6.375,17.125,37.35,30.625,62.5,49.44232570870497,20.75,26.25,78.825,0.0,7.0,0.559375,5.125,19.125,0.2766676388328024,13.0,0.0,112.25
90,81,2013-03-10,1,1,2012-13,Los Angeles Lakers,Chicago Bulls,108.5,33.75,54.25,20.5,43.625,10.375,33.25,20.875,15.5,1.4103583916083915,11.25,26.375,42.7,27.125,53.875,50.05427222887066,20.5,30.0,67.6375,0.0,7.0,0.47387300199800203,3.875,17.25,0.23582439554769277,15.5,0.0,117.0,91.0,18.0,56.5,16.5,42.0,12.625,29.375,24.375,12.875,2.305890253752096,6.0,17.25,34.1,28.25,64.625,44.09970262214754,16.5,20.25,83.525,0.0,8.0,0.6807478888070992,6.625,19.375,0.3925352459359812,12.875,0.0,107.75
77,100,2013-03-10,1,1,2012-13,Minnesota Timberwolves,Dallas Mavericks,92.125,12.75,61.25,18.125,40.0,11.125,28.875,22.125,15.125,1.614577344095533,4.25,16.5,24.2125,30.625,68.0,45.11479479166961,18.125,25.125,72.45,0.0,10.5,0.7577083940423555,4.5,18.75,0.23821622470498494,15.125,0.0,97.5,99.0,23.625,62.0,13.375,39.5,8.75,30.75,23.25,15.125,1.6844336219336218,7.875,20.375,36.8625,31.0,61.0,51.0227323208222,13.375,18.125,74.025,0.0,8.5,0.5893883893883894,6.0,21.625,0.3079553296944601,15.125,0.0,113.875
129,97,2013-03-10,1,1,2012-13,Los Angeles Clippers,Detroit Pistons,102.5,24.0,63.0,15.5,39.5,10.5,29.0,24.625,15.625,1.721672077922078,8.0,22.625,35.2375,31.5,58.25,54.215645675491416,15.5,21.0,74.5875,0.0,8.375,0.5775661838161837,5.25,20.875,0.28139825860414097,15.625,0.0,117.75,87.375,17.25,56.75,13.375,41.375,11.25,30.125,21.75,16.0,1.3870080239033413,5.75,18.75,30.6125,28.375,62.375,45.63829042251493,13.375,20.25,65.975,0.0,7.5,0.48464275662418077,3.125,19.875,0.17129322971714275,16.0,0.0,91.25
105,93,2013-03-11,1,1,2012-13,San Antonio Spurs,Oklahoma City Thunder,108.25,20.625,68.0,19.625,41.5,7.625,33.875,26.625,14.5,1.8908489815997558,6.875,18.25,38.5875,34.0,63.25,53.962834172664245,19.625,25.75,76.4625,0.0,8.625,0.6202412461119892,5.625,18.5,0.34499699646758475,14.5,0.0,129.375,107.0,22.5,61.25,23.25,45.25,10.875,34.375,21.375,13.625,2.5769936204146733,7.5,20.0,36.9875,30.625,59.125,51.778074772529685,23.25,28.125,83.0125,0.0,8.375,1.0993919457735246,7.75,19.75,0.4200042590135469,13.625,0.0,130.25
93,108,2013-03-11,1,1,2012-13,Phoenix Suns,Denver Nuggets,93.25,17.625,60.75,14.875,44.375,13.0,31.375,23.375,18.25,1.404860414546013,5.875,17.375,33.574999999999996,30.375,67.375,44.98795619517267,14.875,22.5,64.9125,0.0,9.0,0.5174754716210092,5.25,21.625,0.23890967775882901,18.25,0.0,100.875,111.25,20.625,75.75,14.875,42.25,10.625,31.625,28.875,14.75,2.0588545742183513,6.875,17.875,37.9125,37.875,67.0,56.62863757968579,14.875,21.5,71.89999999999999,0.0,12.0,0.848585642084094,7.5,22.875,0.33840463284416034,14.75,0.0,140.375
103,90,2013-03-11,1,1,2012-13,Utah Jazz,Detroit Pistons,96.375,15.375,63.25,17.75,46.875,15.125,31.75,20.375,17.125,1.2412145146520146,5.125,16.375,30.1,31.625,68.375,46.35044290769168,17.75,23.375,75.5625,0.0,7.25,0.42429327918458354,6.375,21.0,0.3002199392342749,17.125,0.0,106.5,89.25,20.25,55.0,14.0,39.75,10.5,29.25,23.0,16.125,1.453644053315106,6.75,19.25,34.6125,27.5,59.625,46.27224319061404,14.0,20.875,66.6125,0.0,7.125,0.4589074625065337,3.0,19.25,0.17106429198820503,16.125,0.0,94.5
106,97,2013-03-11,1,1,2012-13,Philadelphia 76ers,Brooklyn Nets,92.25,20.625,60.5,11.125,42.25,11.0,31.25,24.125,14.125,1.7943914390525646,6.875,17.5,39.55,30.25,68.125,44.44186003642864,11.125,16.0,68.0625,0.0,8.625,0.639235384535896,3.875,17.75,0.2184013720197931,14.125,0.0,103.625,91.375,27.75,50.5,13.125,44.625,11.625,33.0,20.5,17.5,1.299763993316625,9.25,23.25,39.8125,25.25,54.875,46.14627519286708,13.125,19.5,66.5125,0.0,7.75,0.5051649958228905,5.125,16.625,0.32306156015037596,17.5,0.0,101.875
92,63,2013-03-11,1,1,2012-13,Golden State Warriors,New York Knicks,97.25,27.375,52.0,17.875,44.375,10.0,34.375,20.0,16.875,1.2334296218487395,9.125,21.625,42.2125,26.0,60.125,43.172592726802314,17.875,22.875,77.425,0.0,7.375,0.42598914565826335,3.375,21.375,0.16652705889118932,16.875,0.0,103.875,99.125,31.125,48.0,20.0,42.5,11.375,31.125,18.625,14.375,1.3517113095238096,10.375,31.5,32.85,24.0,47.375,50.897934795203334,20.0,24.375,83.51250000000002,0.0,9.625,0.708407738095238,3.625,19.5,0.19374069231048635,14.375,0.0,110.25
97,106,2013-03-12,1,1,2012-13,Orlando Magic,Los Angeles Lakers,97.125,19.5,63.75,13.875,39.375,9.375,30.0,25.375,16.125,1.7184304971988795,6.5,20.0,32.0875,31.875,61.375,52.12493281158454,13.875,17.125,79.7375,0.0,6.75,0.45401202147525677,3.75,21.125,0.2108495670995671,16.125,0.0,110.0,105.875,33.375,54.25,18.25,44.0,11.25,32.75,21.25,15.125,1.4716564685314686,11.125,27.375,40.9375,27.125,53.0,50.79432198011444,18.25,27.5,64.7,0.0,6.625,0.45944992507492505,4.375,17.5,0.26149403840483565,15.125,0.0,115.625
107,83,2013-03-12,1,1,2012-13,Minnesota Timberwolves,San Antonio Spurs,87.875,11.25,60.0,16.625,41.0,11.0,30.0,21.5,15.0,1.5812440107621994,3.75,16.625,21.1875,30.0,68.25,44.038114119400696,16.625,23.25,72.3625,0.0,9.875,0.7035417273756889,4.375,18.125,0.23882008943928446,15.0,0.0,91.875,106.875,20.625,68.0,18.25,41.625,7.75,33.875,26.0,13.75,1.9429323149330888,6.875,18.75,37.462500000000006,34.0,63.875,53.32246532020523,18.25,24.0,76.4625,0.0,8.625,0.6445468016675446,5.0,18.5,0.3137469964675847,13.75,0.0,126.875
98,81,2013-03-12,1,1,2012-13,Miami Heat,Atlanta Hawks,106.0,24.75,63.0,18.25,37.375,7.375,30.0,23.625,14.625,1.7643162393162393,8.25,20.625,41.574999999999996,31.5,57.875,54.36057203368749,18.25,23.5,77.5125,0.0,10.0,0.7144097222222222,6.125,18.5,0.3739608775919761,14.625,0.0,124.5,97.25,25.125,58.5,13.625,39.0,8.375,30.625,26.125,15.25,1.7768748408454291,8.375,23.5,34.8875,29.25,57.25,51.24509069249607,13.625,18.5,72.57499999999999,0.0,7.375,0.5004679144385027,5.125,17.375,0.31683788347875036,15.25,0.0,111.625
100,74,2013-03-12,1,1,2012-13,Charlotte Bobcats,Boston Celtics,87.25,13.5,58.5,15.25,33.875,9.875,24.0,20.125,13.125,1.6662946428571428,4.5,16.75,25.6875,29.25,66.5,43.55383235319092,15.25,20.5,73.6625,0.0,7.125,0.5409893925518926,4.5,19.0,0.24002976190476188,13.125,0.0,85.0,97.625,22.5,60.5,14.625,42.125,7.25,34.875,21.25,15.125,1.4370901313383897,7.5,19.125,37.75,30.25,61.625,49.26011724734891,14.625,18.875,79.3125,0.0,7.625,0.5588924829685279,4.875,19.625,0.249607371075814,15.125,0.0,111.125
108,98,2013-03-12,1,1,2012-13,Brooklyn Nets,New Orleans Hornets,91.5,26.25,51.5,13.75,44.5,11.25,33.25,21.0,17.125,1.4036600972127287,8.75,21.875,39.6,25.75,55.0,46.85357291893794,13.75,20.125,68.3,0.0,7.0,0.4588987620566568,4.875,16.625,0.30990366541353387,17.125,0.0,103.0,96.0,20.25,60.5,15.25,42.25,13.5,28.75,21.75,12.25,1.8736076423576424,6.75,18.5,35.5125,30.25,64.875,46.367141587510865,15.25,18.875,81.65,0.0,5.25,0.45955780330780327,6.375,18.5,0.36345520064413084,12.25,0.0,109.375
108,115,2013-03-12,1,1,2012-13,Milwaukee Bucks,Dallas Mavericks,107.125,25.5,64.25,17.375,43.75,10.125,33.625,27.25,14.5,1.9272408963585435,8.5,21.0,39.387499999999996,32.125,65.375,49.11705366704202,17.375,22.625,76.47500000000001,0.0,8.625,0.6038398692810457,5.0,19.75,0.23665890269151138,14.5,0.0,126.25,98.5,23.625,62.5,12.375,41.375,9.0,32.375,23.375,15.0,1.7156836219336218,7.875,20.5,36.625,31.25,61.875,50.75864781377995,12.375,17.0,73.5,0.0,8.25,0.5757665945165945,4.5,21.25,0.23156644080557126,15.0,0.0,113.125
97,102,2013-03-12,1,1,2012-13,Portland Trail Blazers,Memphis Grizzlies,107.0,27.75,64.75,14.5,41.25,10.0,31.25,24.875,13.0,2.009347843311659,9.25,22.0,41.775,32.375,61.5,52.51322965382296,14.5,19.75,73.75,0.0,6.375,0.5122553981106612,4.375,19.875,0.2292614962651727,13.0,0.0,123.75,92.875,13.875,64.0,15.0,43.125,11.875,31.25,23.25,12.75,1.8566983363858363,4.625,13.75,32.525,32.0,66.125,48.410796257062145,15.0,20.75,72.75,0.0,7.375,0.574383775946276,6.25,19.125,0.3517861322030372,12.75,0.0,111.125
95,90,2013-03-12,1,1,2012-13,Cleveland Cavaliers,Washington Wizards,98.375,18.375,60.0,20.0,38.0,10.625,27.375,20.875,13.25,1.616786858974359,6.125,17.125,36.15,30.0,62.375,48.57985484623411,20.0,26.125,76.4375,0.0,6.75,0.5261582167832168,4.875,20.25,0.26028832848797473,13.25,0.0,106.125,91.5,20.25,55.5,15.75,44.0,10.125,33.875,21.875,16.375,1.4116883116883119,6.75,16.5,41.6,27.75,61.5,45.46817348866399,15.75,20.875,75.7,0.0,6.75,0.44696969696969696,5.0,22.125,0.23326703177715172,16.375,0.0,104.125
85,96,2013-03-13,1,1,2012-13,Los Angeles Clippers,Memphis Grizzlies,107.375,27.375,65.25,14.75,39.75,9.625,30.125,26.625,14.875,1.920779220779221,9.125,24.125,37.575,32.625,57.25,57.24449182933756,14.75,21.0,71.5875,0.0,9.375,0.6623876123876123,5.625,21.625,0.2935735832794657,14.875,0.0,128.0,94.625,13.875,65.25,15.5,41.25,11.25,30.0,24.125,12.375,1.9946853493728494,4.625,13.125,33.5875,32.625,66.75,48.87553984680574,15.5,21.0,73.8875,0.0,7.625,0.6165915681540681,6.375,20.25,0.33824446553637055,12.375,0.0,113.5
110,87,2013-03-13,1,1,2012-13,Oklahoma City Thunder,Utah Jazz,105.875,22.5,60.5,22.875,44.125,10.75,33.375,21.25,13.625,2.570414673046252,7.5,20.0,36.9875,30.25,58.875,51.35468767575549,22.875,27.75,82.8375,0.0,7.875,1.0730761562998405,7.5,19.625,0.4094048438088685,13.625,0.0,127.0,97.5,17.25,63.75,16.5,47.875,15.0,32.875,20.5,16.5,1.3413565601065602,5.75,16.5,33.95,31.875,67.875,47.11409954091352,16.5,21.75,76.13750000000002,0.0,6.875,0.41861146100276536,6.75,20.125,0.34486279637713213,16.5,0.0,111.0
112,88,2013-03-13,1,1,2012-13,Boston Celtics,Toronto Raptors,92.75,20.25,57.75,14.75,40.125,6.875,33.25,20.75,15.25,1.3834042339024926,6.75,18.0,35.912499999999994,28.875,61.125,47.22850519835851,14.75,19.125,79.1625,0.0,7.125,0.514020688096733,4.625,19.75,0.23591689488533782,15.25,0.0,102.25,100.375,20.25,61.0,19.125,40.75,10.125,30.625,21.5,15.25,1.4166801335918984,6.75,20.875,31.45,30.5,63.75,47.70931416139332,19.125,24.375,78.8625,0.0,8.0,0.5382159507159507,5.5,23.25,0.2426712829654006,15.25,0.0,108.25
121,79,2013-03-13,1,1,2012-13,Sacramento Kings,Chicago Bulls,113.125,31.125,63.25,18.75,41.5,10.0,31.5,26.75,16.125,1.7356682973459288,10.375,25.875,39.6875,31.625,61.125,51.723667242771015,18.75,23.375,80.275,0.0,9.75,0.6221097615834458,4.0,22.625,0.17535980927285277,16.125,0.0,129.375,88.0,17.625,54.5,15.875,42.0,13.625,28.375,21.875,13.75,1.6985184588803008,5.875,17.5,32.7625,27.25,65.125,42.362557496080434,15.875,19.25,84.9875,0.0,8.25,0.6326709657301762,6.25,18.25,0.38829316448801743,13.75,0.0,99.75
111,81,2013-03-13,1,1,2012-13,Houston Rockets,Phoenix Suns,109.625,43.875,47.75,18.0,40.75,10.25,30.5,24.75,15.875,1.6175593111738622,14.625,34.125,42.475,23.875,46.5,50.81953006906753,18.0,25.5,68.7125,0.0,8.75,0.5650111031254607,2.625,19.625,0.13199638607436595,15.875,0.0,121.0,93.875,18.375,60.25,15.25,44.75,13.0,31.75,23.25,19.0,1.3193340987565392,6.125,17.5,34.6875,30.125,67.25,44.690480233634204,15.25,22.375,66.96249999999999,0.0,9.375,0.5129208157505638,5.5,21.875,0.24893474041547065,19.0,0.0,102.125
94,98,2013-03-13,1,1,2012-13,Philadelphia 76ers,Miami Heat,95.0,21.0,62.25,11.75,42.0,11.125,30.875,24.75,13.625,2.0525083221694476,7.0,16.75,42.05,31.125,68.25,45.79090375227564,11.75,17.125,67.375,0.0,8.5,0.6603392806397921,4.25,17.75,0.24340137201979306,13.625,0.0,108.625,104.625,22.5,63.5,18.625,38.75,8.375,30.375,24.125,15.125,1.735670405982906,7.5,20.75,37.425,31.75,58.625,54.180560512950166,18.625,24.25,76.775,0.0,10.75,0.7404513888888888,5.5,18.125,0.3434986927180266,15.125,0.0,122.875
107,91,2013-03-13,1,1,2012-13,Indiana Pacers,Minnesota Timberwolves,95.75,23.625,53.0,19.125,42.875,11.625,31.25,19.875,16.625,1.2602945665445664,7.875,21.75,37.4125,26.5,54.375,48.52890984139851,19.125,24.625,77.44999999999999,0.0,8.375,0.5331883394383394,6.25,20.5,0.345865902056843,16.625,0.0,109.25,88.875,15.375,59.0,14.5,42.0,10.625,31.375,22.375,14.875,1.646501363703376,5.125,17.75,27.55,29.5,66.75,44.40864594154542,14.5,21.625,67.55,0.0,9.125,0.6621814332580418,5.5,18.125,0.29239151801071306,14.875,0.0,96.0
106,93,2013-03-13,1,1,2012-13,Washington Wizards,Milwaukee Bucks,89.625,19.5,53.5,16.625,45.125,10.375,34.75,20.5,16.25,1.331926406926407,6.5,16.625,39.800000000000004,26.75,60.875,44.336023064935176,16.625,22.0,75.4375,0.0,6.25,0.416017316017316,4.875,22.625,0.22000945601957594,16.25,0.0,100.5,107.875,27.0,63.75,17.125,41.75,8.875,32.875,27.5,13.375,2.1494631185807656,9.0,22.125,39.9875,31.875,64.25,49.54438368996028,17.125,22.25,76.775,0.0,8.625,0.6593954248366012,5.5,20.75,0.2528926689252776,13.375,0.0,127.25
105,97,2013-03-13,1,1,2012-13,Golden State Warriors,Detroit Pistons,96.625,27.0,52.0,17.625,46.0,9.75,36.25,20.0,16.125,1.2762867647058824,9.0,21.5,41.95,26.0,60.5,42.92572752304056,17.625,22.875,76.375,0.0,6.875,0.4197391456582633,3.125,21.625,0.15391836323901542,16.125,0.0,104.25,91.5,22.125,55.75,13.625,38.625,10.0,28.625,23.0,15.25,1.578644053315106,7.375,20.0,37.199999999999996,27.875,59.25,47.135338428709275,13.625,20.125,67.65,0.0,6.625,0.46783603393510514,3.375,18.375,0.20136732229123533,15.25,0.0,97.375
117,94,2013-03-13,1,1,2012-13,Denver Nuggets,New York Knicks,110.625,19.125,76.75,14.75,42.875,11.0,31.875,28.25,14.25,2.073735526599304,6.375,17.0,36.4375,38.375,68.25,56.327750755361464,14.75,21.875,70.175,0.0,12.125,0.8793396103380624,6.5,21.375,0.30938677570130324,14.25,0.0,138.5,94.625,30.0,45.75,18.875,41.75,11.375,30.375,18.0,14.5,1.2900125915750917,10.0,30.75,32.1375,22.875,47.875,47.83116460886793,18.875,23.5,81.91250000000001,0.0,9.625,0.7027987637362637,3.5,20.625,0.18216661823641228,14.5,0.0,102.625
96,92,2013-03-13,1,1,2012-13,Atlanta Hawks,Los Angeles Lakers,93.125,21.75,59.0,12.375,39.75,8.625,31.125,24.625,16.5,1.599047459893048,7.25,22.125,32.425000000000004,29.5,58.5,50.42987330119172,12.375,17.25,71.0875,0.0,7.5,0.468473866819455,4.75,18.5,0.29058788347875036,16.5,0.0,104.5,106.25,31.875,55.25,19.125,43.5,11.25,32.25,21.625,14.375,1.5888439685314686,10.625,27.375,38.9375,27.625,53.125,51.71963226380238,19.125,29.5,63.5375,0.0,6.75,0.5047624250749252,4.75,17.5,0.28493153840483565,14.375,0.0,115.875
92,91,2013-03-14,1,1,2012-13,San Antonio Spurs,Dallas Mavericks,104.625,22.5,64.75,17.375,40.25,7.5,32.75,26.25,14.75,1.8465270861749188,7.5,19.625,39.0625,32.375,61.375,52.38876152077385,17.375,22.25,78.58749999999999,0.0,8.875,0.6135010500335578,4.625,18.375,0.2977837930043813,14.75,0.0,123.875,100.5,24.75,62.25,13.5,41.0,7.875,33.125,23.875,14.75,1.8052669552669554,8.25,21.875,35.8125,31.125,59.875,52.21817748290765,13.5,18.0,75.1375,0.0,7.5,0.5236832611832611,5.0,20.75,0.25902639503898084,14.75,0.0,116.25
105,90,2013-03-14,1,1,2012-13,Portland Trail Blazers,New York Knicks,105.75,26.625,62.0,17.125,41.75,10.875,30.875,23.875,13.125,1.9338270099783257,8.875,21.5,40.6875,31.0,60.125,51.4514535920469,17.125,21.875,78.53750000000001,0.0,6.0,0.4841303981106613,4.875,19.25,0.2529416204887752,13.125,0.0,122.625,92.75,30.0,45.25,17.5,40.125,10.25,29.875,18.375,15.625,1.1972494336803547,10.0,30.0,33.0,22.625,47.625,47.57219309573437,17.5,22.125,80.5875,0.0,9.0,0.5988513953152111,4.25,20.875,0.21086227041032532,15.625,0.0,99.25
93,99,2013-03-15,1,1,2012-13,Indiana Pacers,Los Angeles Lakers,97.875,24.0,54.5,19.375,43.0,12.25,30.75,20.0,15.625,1.3582112332112333,8.0,22.125,37.362500000000004,27.25,54.875,49.41437822934952,19.375,25.5,75.92500000000001,0.0,8.375,0.5665216727716728,6.25,20.625,0.3447120559029968,15.625,0.0,112.0,104.25,31.875,53.5,18.875,44.625,11.75,32.875,21.125,13.5,1.6794689685314688,10.625,28.625,37.125,26.75,53.625,49.8599335820698,18.875,27.625,67.2625,0.0,6.75,0.5485124250749251,4.25,18.0,0.2541192134748636,13.5,0.0,113.875
87,80,2013-03-15,1,1,2012-13,Denver Nuggets,Memphis Grizzlies,110.375,20.625,73.75,16.0,44.0,11.625,32.375,27.25,14.875,1.882068859932637,6.875,17.375,38.325,36.875,67.375,54.81981424742496,16.0,23.125,71.55,0.0,11.875,0.808506277004729,6.625,20.5,0.3299423312568588,14.875,0.0,137.125,97.125,15.375,65.5,16.25,40.75,11.625,29.125,24.625,12.375,2.033146887834388,5.125,13.75,36.262499999999996,32.75,65.75,49.9358077039486,16.25,22.125,73.0,0.0,7.875,0.6358223373848374,5.375,21.0,0.28087604448373904,12.375,0.0,115.875
95,113,2013-03-15,1,1,2012-13,Golden State Warriors,Chicago Bulls,96.625,24.375,55.0,17.25,46.5,10.5,36.0,21.625,15.5,1.4386799270990447,8.125,20.375,40.55,27.5,61.625,44.73128307859611,17.25,23.375,73.1625,0.0,6.75,0.42614940206851976,3.75,20.625,0.2071792328042328,15.5,0.0,107.25,88.875,16.875,56.75,15.25,41.375,13.125,28.25,22.5,13.625,1.74100211901102,5.625,17.875,31.174999999999997,28.375,64.375,44.55065047520757,15.25,18.125,86.45,0.0,7.25,0.5779324036386729,6.0,18.375,0.3733077843710584,13.625,0.0,101.25
96,87,2013-03-15,1,1,2012-13,Washington Wizards,New Orleans Hornets,91.625,19.875,55.5,16.25,45.0,10.75,34.25,21.5,15.375,1.4660610223110222,6.625,17.125,38.7625,27.75,61.0,45.69471871710909,16.25,22.875,70.6625,0.0,6.375,0.4491903929403929,4.75,21.875,0.2145746734108803,15.375,0.0,103.5,94.5,19.875,59.5,15.125,40.375,13.0,27.375,20.75,12.625,1.7072614885114885,6.625,18.5,34.737500000000004,29.75,63.5,46.74551100863327,15.125,18.875,80.825,0.0,5.375,0.454750111000111,6.375,20.0,0.32191673910566926,12.625,0.0,105.375
96,86,2013-03-15,1,1,2012-13,Dallas Mavericks,Cleveland Cavaliers,100.625,27.375,60.75,12.5,38.375,6.625,31.75,24.0,13.875,1.8821900321900322,9.125,22.125,40.337500000000006,30.375,59.375,51.44841645349588,12.5,16.625,76.2625,0.0,7.875,0.5760871073371073,5.75,21.0,0.28956469731641354,13.875,0.0,116.625,97.125,18.375,58.75,20.0,39.625,11.25,28.375,21.625,13.25,1.6849686771561774,6.125,17.875,35.0,29.375,62.25,47.600574749440405,20.0,26.25,76.0375,0.0,6.875,0.5375218531468531,4.625,21.0,0.24397253901429056,13.25,0.0,105.75
92,78,2013-03-15,1,1,2012-13,Toronto Raptors,Charlotte Bobcats,100.875,19.5,62.75,18.625,40.125,9.875,30.25,22.0,15.75,1.4186642605760251,6.5,20.125,31.049999999999997,31.375,64.5,48.58052628260544,18.625,23.375,80.32499999999999,0.0,8.25,0.5342476967476968,5.375,23.875,0.22666886750646342,15.75,0.0,109.375,87.375,15.0,57.0,15.375,35.25,10.375,24.875,19.875,12.25,1.7407895923520924,5.0,17.5,27.825000000000003,28.5,65.125,43.433527188871665,15.375,20.5,74.07499999999999,0.0,7.125,0.576342927905428,3.625,18.75,0.19836309523809523,12.25,0.0,86.75
117,104,2013-03-15,1,1,2012-13,Oklahoma City Thunder,Orlando Magic,104.75,22.125,59.5,23.125,44.125,10.5,33.625,20.375,15.375,2.3635964912280705,7.375,19.75,36.9125,29.75,58.25,51.10257316697215,23.125,28.375,81.77499999999999,0.0,8.125,1.038530701754386,7.25,21.25,0.3614551083591331,15.375,0.0,123.125,97.0,21.375,61.5,14.125,39.25,10.25,29.0,23.5,16.0,1.6041447829131654,7.125,22.375,31.1875,30.75,61.125,50.51486255397331,14.125,17.25,80.7,0.0,6.875,0.46532154528478054,3.875,23.25,0.20430194805194804,16.0,0.0,105.75
108,100,2013-03-15,1,1,2012-13,Houston Rockets,Minnesota Timberwolves,110.25,41.625,48.75,19.875,41.875,10.75,31.125,24.875,16.625,1.5750401295881844,13.875,33.0,41.762499999999996,24.375,47.5,50.76150298976386,19.875,27.75,69.9625,0.0,9.375,0.5825942233300643,2.75,18.375,0.16135244668042656,16.625,0.0,122.375,89.875,15.75,59.75,14.375,40.0,10.375,29.625,22.125,14.25,1.6900062656641603,5.25,17.75,28.2125,29.875,65.5,45.7738041036327,14.375,20.75,69.9625,0.0,7.875,0.6009069234541202,5.125,19.25,0.2601516990061882,14.25,0.0,96.25
94,107,2013-03-15,1,1,2012-13,Milwaukee Bucks,Miami Heat,107.625,26.625,65.25,15.75,42.375,9.25,33.125,27.625,13.75,2.1119631185807655,8.875,22.125,39.2875,32.625,64.625,50.42766260787073,15.75,20.5,76.5375,0.0,8.375,0.6218954248366012,5.875,21.0,0.26936994165255035,13.75,0.0,128.125,99.25,20.625,59.5,19.125,38.5,8.625,29.875,22.875,15.125,1.63951655982906,6.875,20.375,35.1125,29.75,55.75,53.62694745933711,19.125,24.625,77.52499999999999,0.0,10.0,0.6827590811965811,5.125,16.625,0.3673623290816629,15.125,0.0,115.625
107,94,2013-03-15,1,1,2012-13,Atlanta Hawks,Phoenix Suns,92.375,22.875,58.0,11.5,41.5,8.75,32.75,24.5,16.75,1.5492222850678734,7.625,22.75,33.3,29.0,58.0,50.02722734203153,11.5,16.625,69.325,0.0,6.625,0.3871801605257488,4.375,18.125,0.27404376583169154,16.75,0.0,103.375,93.125,19.5,60.5,13.125,42.5,12.0,30.5,22.75,19.25,1.2829704623929028,6.5,19.0,34.099999999999994,30.25,65.75,45.83631356696754,13.125,19.5,66.625,0.0,9.625,0.5180344521142002,5.375,21.0,0.2556477033784336,19.25,0.0,99.75
98,91,2013-03-16,1,1,2012-13,Philadelphia 76ers,Indiana Pacers,96.5,22.125,63.25,11.125,41.125,11.25,29.875,26.375,13.75,2.164687809348935,7.375,17.625,42.3625,31.625,67.375,47.04897152153744,11.125,16.0,67.52499999999999,0.0,9.125,0.7044097934603051,3.625,17.5,0.21878015989858093,13.75,0.0,112.125,96.0,26.25,52.0,17.75,44.5,12.625,31.875,19.375,16.0,1.2794852716727716,8.75,22.875,39.3375,26.0,56.0,46.810211562682845,17.75,23.25,76.3875,0.0,7.375,0.4787812881562882,5.875,21.75,0.3073817391609154,16.0,0.0,107.5
127,105,2013-03-16,1,1,2012-13,Washington Wizards,Phoenix Suns,91.75,20.25,54.25,17.25,45.0,10.75,34.25,21.0,15.0,1.4806443556443558,6.75,17.25,39.125,27.125,59.375,46.03125717864756,17.25,24.0,71.775,0.0,6.0,0.4346070596070596,5.125,22.25,0.22985245118865807,15.0,0.0,104.375,94.375,18.75,60.5,15.125,41.25,11.375,29.875,22.375,19.625,1.2502323671548077,6.25,19.75,31.262499999999996,30.25,63.5,47.37477510542908,15.125,21.625,70.625,0.0,10.25,0.5403558806856288,4.25,20.75,0.2131797546604849,19.625,0.0,99.625
119,113,2013-03-16,1,1,2012-13,San Antonio Spurs,Cleveland Cavaliers,104.0,22.5,66.0,15.5,41.875,8.375,33.5,27.375,14.625,1.926949880292566,7.5,19.125,40.2,33.0,63.375,51.88620070131162,15.5,20.0,78.15,0.0,8.5,0.594659138268852,4.5,16.375,0.3237453314659197,14.625,0.0,125.125,95.25,19.125,56.75,19.375,39.625,10.5,29.125,21.625,14.0,1.6224686771561774,6.375,17.75,36.8,28.375,62.0,46.20818563653718,19.375,26.125,73.14999999999999,0.0,7.125,0.520160742035742,4.25,20.125,0.23191113550551862,14.0,0.0,102.125
90,84,2013-03-16,1,1,2012-13,Utah Jazz,Memphis Grizzlies,95.0,16.125,61.75,17.125,46.75,14.75,32.0,20.25,17.125,1.2809398934398935,5.375,16.25,32.225,30.875,67.125,46.07942998511721,17.125,22.875,75.05000000000001,0.0,7.75,0.44986146100276536,6.75,20.875,0.3353891121666058,17.125,0.0,106.5,95.875,15.0,66.0,14.875,40.875,12.75,28.125,24.0,12.5,1.9867314466579176,5.0,13.5,35.9625,33.0,66.875,49.70036249846914,14.875,20.25,73.6,0.0,7.5,0.6087083667966021,5.75,20.875,0.29841557017543857,12.5,0.0,113.75
112,101,2013-03-16,1,1,2012-13,Portland Trail Blazers,Detroit Pistons,107.375,27.75,62.5,17.125,41.375,10.625,30.75,24.25,12.875,1.98405022426404,9.25,22.375,40.987500000000004,31.25,59.125,52.91697083342621,17.125,22.125,77.6,0.0,6.5,0.5243089695392327,5.375,19.25,0.2841916204887752,12.875,0.0,126.0,90.75,22.875,55.0,12.875,38.25,10.5,27.75,23.125,14.375,1.7198205239033413,7.625,20.375,38.2,27.5,59.5,46.426013031883876,12.875,19.125,68.1375,0.0,6.375,0.48401250452334044,3.25,18.875,0.1944228778467909,14.375,0.0,96.375
105,88,2013-03-16,1,1,2012-13,Boston Celtics,Charlotte Bobcats,96.0,21.75,57.5,16.75,40.625,6.875,33.75,22.375,15.875,1.4201105831088416,7.25,18.25,38.9875,28.75,59.75,48.08802250254794,16.75,21.625,79.1625,0.0,7.375,0.4872349738110187,5.25,19.875,0.2680806375753963,15.875,0.0,108.875,86.625,15.0,55.25,16.375,35.125,11.375,23.75,19.5,11.875,1.742592476967477,5.0,18.25,26.550000000000004,27.625,64.25,42.551564324150185,16.375,22.375,71.9875,0.0,7.75,0.6406458125208125,3.5,18.375,0.19538690476190476,11.875,0.0,84.75
93,105,2013-03-17,1,1,2012-13,Brooklyn Nets,Atlanta Hawks,96.0,24.75,55.25,16.0,44.25,11.5,32.75,20.875,16.375,1.4557434305460621,8.25,21.25,38.150000000000006,27.625,56.0,49.22522470465223,16.0,22.375,72.7625,0.0,7.125,0.493620984278879,4.875,16.625,0.30990366541353387,16.375,0.0,109.0,94.875,24.375,59.5,11.0,41.25,8.75,32.5,25.25,16.625,1.5929722850678734,8.125,22.75,35.475,29.75,59.375,50.2198502928512,11.0,15.875,69.825,0.0,7.25,0.4211087319543202,4.125,18.125,0.2608858710948494,16.625,0.0,107.0
78,108,2013-03-17,1,1,2012-13,Houston Rockets,Golden State Warriors,110.875,38.625,50.25,22.0,42.5,10.625,31.875,25.0,16.875,1.5611512406992956,12.875,31.125,41.037499999999994,25.125,48.125,51.778944850228974,22.0,29.875,72.9,0.0,9.375,0.5765178344411754,2.625,18.5,0.1541156045751634,16.875,0.0,124.375,97.75,23.625,56.0,18.125,44.0,9.75,34.25,21.5,15.5,1.4282632604323782,7.875,19.25,40.5125,28.0,60.5,46.22776195183555,18.125,24.375,73.5,0.0,7.0,0.446982735401853,4.5,19.75,0.25344148770619357,15.5,0.0,109.125
97,95,2013-03-17,1,1,2012-13,Minnesota Timberwolves,New Orleans Hornets,90.625,15.375,60.5,14.75,40.125,10.75,29.375,22.0,14.25,1.6803908810487758,5.125,18.125,27.174999999999997,30.25,65.125,46.760646208895864,14.75,21.375,69.125,0.0,7.5,0.5720607696079664,5.25,20.0,0.2556780147956618,14.25,0.0,96.75,93.25,19.125,58.75,15.375,40.625,12.875,27.75,19.875,13.0,1.533966033966034,6.375,19.125,32.25,29.375,62.0,47.3097373728821,15.375,19.375,80.0375,0.0,5.125,0.39793192918192916,5.375,19.875,0.27646219365112384,13.0,0.0,101.875
101,107,2013-03-17,1,1,2012-13,Dallas Mavericks,Oklahoma City Thunder,102.125,28.875,61.75,11.5,39.75,6.875,32.875,24.625,13.25,1.9584549131424132,9.625,23.25,41.375,30.875,59.0,52.55625456824998,11.5,15.625,74.35000000000001,0.0,7.625,0.5772031787656787,5.375,20.5,0.280125338048679,13.25,0.0,120.375,106.5,21.0,61.75,23.75,44.375,10.25,34.125,20.625,15.25,2.384429824561404,7.0,18.875,36.3875,30.875,58.25,52.88828745268644,23.75,29.5,81.375,0.0,8.0,1.0341447368421053,6.25,21.0,0.30937177502579977,15.25,0.0,125.5
113,102,2013-03-17,1,1,2012-13,Los Angeles Lakers,Sacramento Kings,102.125,30.75,51.5,19.875,44.5,11.0,33.5,20.75,13.375,1.6700939685314686,10.25,27.875,37.125,25.75,53.75,47.804880791722894,19.875,28.75,68.4625,0.0,7.0,0.5688249250749251,4.5,17.625,0.27544274288662834,13.375,0.0,111.0,112.125,29.25,63.75,19.125,41.5,9.125,32.375,24.75,14.375,1.9435630341880339,9.75,25.375,38.087500000000006,31.875,60.375,52.78427330337707,19.125,23.375,81.7125,0.0,9.375,0.7681623931623932,3.75,21.5,0.17379730927285275,14.375,0.0,128.75
93,80,2013-03-17,1,1,2012-13,Los Angeles Clippers,New York Knicks,104.625,26.625,63.5,14.5,38.25,10.0,28.25,26.625,13.875,1.9922077922077923,8.875,24.875,35.462500000000006,31.75,55.75,57.141418366069196,14.5,20.25,73.4875,0.0,8.875,0.6558941058941058,5.875,21.375,0.3058841893400717,13.875,0.0,124.625,92.0,29.625,45.75,16.625,40.0,10.5,29.5,18.625,15.625,1.218082767013688,9.875,29.625,32.925000000000004,22.875,48.125,47.563917690239506,16.625,21.625,77.9625,0.0,9.25,0.6196847286485444,4.125,20.625,0.20646268448900026,15.625,0.0,98.375
91,108,2013-03-17,1,1,2012-13,Toronto Raptors,Miami Heat,100.875,19.875,62.0,19.0,41.125,10.0,31.125,20.875,16.375,1.310330927242692,6.625,18.875,33.55,31.0,64.5,47.93397455846751,19.0,23.625,80.975,0.0,8.625,0.5467476967476967,5.375,23.625,0.23014712837602863,16.375,0.0,110.125,100.375,19.5,62.0,18.875,39.25,9.0,30.25,22.625,15.5,1.5284054487179488,6.5,19.875,34.375,31.0,57.0,54.71201690378155,18.875,24.0,78.48750000000001,0.0,10.0,0.6584535256410255,5.375,15.875,0.3957024100533228,15.5,0.0,117.625
115,109,2013-03-17,1,1,2012-13,Milwaukee Bucks,Orlando Magic,105.625,26.625,62.75,16.25,43.0,10.5,32.5,26.5,12.875,2.13843370681606,8.875,22.25,39.1,31.375,64.5,48.57670106940918,16.25,20.625,78.475,0.0,7.875,0.6233660130718954,5.625,20.125,0.2680112460003764,12.875,0.0,124.875,97.375,21.75,62.0,13.625,38.625,10.125,28.5,21.875,15.0,1.5805336718020542,7.25,23.375,30.475,31.0,61.25,50.80632890012714,13.625,16.75,80.325,0.0,7.625,0.5736548786181139,3.625,22.375,0.1959686147186147,15.0,0.0,104.625
119,114,2013-03-18,1,1,2012-13,Charlotte Bobcats,Washington Wizards,89.125,15.75,56.25,17.125,36.5,11.125,25.375,20.375,11.875,1.8050924769674768,5.25,18.5,27.450000000000003,28.125,63.375,44.01485797494384,17.125,23.5,72.43749999999999,0.0,7.375,0.6138600982350982,3.625,18.0,0.20935749299719886,11.875,0.0,90.25,96.625,22.875,56.75,17.0,44.75,11.25,33.5,22.375,14.5,1.6860014985014984,7.625,17.875,41.987500000000004,28.375,61.125,46.76162116332188,17.0,22.875,74.2125,0.0,5.875,0.4471070596070596,5.0,22.25,0.22290800674421365,14.5,0.0,111.25
72,93,2013-03-18,1,1,2012-13,New Orleans Hornets,Golden State Warriors,95.875,18.75,62.0,15.125,42.625,14.5,28.125,20.25,13.875,1.4955044955044956,6.25,18.125,33.4875,31.0,64.0,48.525015150659875,15.125,19.125,79.6875,0.0,5.75,0.4123550061050061,5.25,20.25,0.2691461401394181,13.875,0.0,107.0,99.125,24.75,57.25,17.125,45.875,9.375,36.5,22.125,14.25,1.6282632604323781,8.25,19.25,41.95,28.625,61.75,46.34680957088317,17.125,23.125,73.3625,0.0,6.125,0.44698273540185307,4.875,20.125,0.2707734204793028,14.25,0.0,113.75
113,127,2013-03-18,1,1,2012-13,Atlanta Hawks,Dallas Mavericks,95.75,24.375,60.25,11.125,41.5,9.5,32.0,24.75,16.125,1.6505480426436308,8.125,22.625,35.6875,30.125,59.75,50.487707435708344,11.125,15.625,71.8125,0.0,7.375,0.4718663077118959,3.75,18.25,0.239504292147481,16.125,0.0,108.375,102.5,28.875,61.5,12.125,40.125,7.25,32.875,24.625,13.5,1.9383656274281273,9.625,23.25,41.375,30.75,59.625,51.82408139337731,12.125,15.875,77.025,0.0,7.625,0.5626942501942502,4.875,20.75,0.25095867138201233,13.5,0.0,120.0
101,100,2013-03-18,1,1,2012-13,Philadelphia 76ers,Portland Trail Blazers,95.75,19.875,63.5,12.375,40.25,11.0,29.25,26.25,12.625,2.257079113696761,6.625,17.0,39.8,31.75,67.25,47.32882226780609,12.375,17.25,71.1875,0.0,8.75,0.7090681785534726,4.75,17.875,0.26739127100969207,12.625,0.0,112.375,107.75,26.625,64.0,17.125,42.125,10.5,31.625,24.125,11.875,2.097088501776002,8.875,21.625,40.58749999999999,32.0,60.0,53.426921082182425,17.125,21.75,78.925,0.0,6.125,0.5332802614052614,5.375,18.75,0.2883582871554419,11.875,0.0,128.25
90,111,2013-03-18,1,1,2012-13,Cleveland Cavaliers,Indiana Pacers,96.5,19.875,58.5,18.125,38.25,10.0,28.25,21.125,14.0,1.577014131701632,6.625,18.0,37.825,29.25,62.125,47.38313387670281,18.125,26.0,69.4875,0.0,7.875,0.5883425602175603,4.125,21.125,0.21753491718193188,14.0,0.0,101.75,96.0,25.125,53.25,17.625,45.375,13.125,32.25,20.25,15.25,1.3901995573870574,8.375,21.75,39.525,26.625,58.75,45.92132267379396,17.625,22.75,77.5125,0.0,7.25,0.48592414529914524,5.75,21.5,0.30340446643364266,15.25,0.0,108.75
118,119,2013-03-18,1,1,2012-13,Chicago Bulls,Denver Nuggets,90.75,16.5,58.0,16.25,42.5,13.125,29.375,21.875,13.75,1.6847521190110202,5.5,17.25,32.0625,29.0,65.625,44.50155385305517,16.25,19.0,88.08749999999999,0.0,7.625,0.5987657369720063,5.0,19.0,0.31448425495929366,13.75,0.0,102.875,107.375,19.875,71.75,15.75,44.0,11.625,32.375,25.875,15.125,1.7727551344424408,6.625,17.125,36.6875,35.875,66.375,54.16649496396869,15.75,22.0,73.375,0.0,10.875,0.7339964730831603,7.125,19.625,0.3722217430215647,15.125,0.0,132.875
82,119,2013-03-18,1,1,2012-13,Detroit Pistons,Brooklyn Nets,91.375,21.375,56.25,13.75,37.875,10.75,27.125,21.125,13.875,1.6451598904191784,7.125,20.625,34.375,28.125,59.75,47.26231990075097,13.75,20.125,69.4375,0.0,6.0,0.47779078506632683,3.125,19.75,0.1781349990589121,13.875,0.0,94.125,95.0,23.25,56.0,15.75,45.375,12.125,33.25,19.5,16.625,1.3385559305460621,7.75,21.625,35.0,28.0,56.875,49.20042311735064,15.75,22.125,72.5125,0.0,7.625,0.5215227699931647,3.875,16.625,0.2384750939849624,16.625,0.0,105.625
92,77,2013-03-18,1,1,2012-13,Memphis Grizzlies,Minnesota Timberwolves,95.0,15.0,66.0,14.0,41.375,12.875,28.5,22.875,12.5,1.8929814466579173,5.0,13.375,36.275,33.0,67.0,49.61322307539222,14.0,19.625,71.825,0.0,7.5,0.6087083667966021,6.125,20.625,0.3168814792663477,12.5,0.0,112.375,91.0,16.875,60.0,14.125,37.625,9.875,27.75,21.875,15.5,1.5085158810487758,5.625,18.5,30.3,30.0,61.875,49.168809474201986,14.125,20.25,69.7125,0.0,7.5,0.502616325163522,5.875,20.25,0.2847027825975194,15.5,0.0,97.5
103,105,2013-03-18,1,1,2012-13,Boston Celtics,Miami Heat,95.375,21.75,57.5,16.125,41.25,7.125,34.125,23.5,15.875,1.506649044647303,7.25,16.75,42.7,28.75,60.375,47.57491339237845,16.125,21.625,76.0375,0.0,7.125,0.4680042045802495,5.625,19.5,0.28965801852777723,15.875,0.0,110.375,101.5,20.25,61.5,19.75,37.375,8.0,29.375,24.0,15.0,1.6950721153846153,6.75,20.125,35.0625,30.75,54.625,56.71288495933711,19.75,25.25,78.5625,0.0,9.75,0.6636618589743589,5.125,15.125,0.38855955291046573,15.0,0.0,120.0
99,76,2013-03-18,1,1,2012-13,Phoenix Suns,Los Angeles Lakers,94.375,19.875,59.25,15.25,41.125,11.5,29.625,21.5,19.625,1.1918990338214743,6.625,20.875,31.7125,29.625,61.5,47.91649422069612,15.25,21.5,71.6625,0.0,10.125,0.5320225473522955,4.25,19.0,0.22927170868347338,19.625,0.0,99.375,103.875,31.5,51.75,20.625,44.5,10.875,33.625,21.625,12.625,1.7784273018648018,10.5,28.75,36.5375,25.875,52.125,49.903166278166275,20.625,30.125,67.625,0.0,6.125,0.5319201631701631,5.25,16.75,0.34178046218487396,12.625,0.0,114.75
83,90,2013-03-18,1,1,2012-13,Utah Jazz,New York Knicks,94.875,16.5,60.0,18.375,45.625,13.75,31.875,20.375,16.25,1.492478354978355,5.5,16.375,32.800000000000004,30.0,65.5,45.92234442361988,18.375,23.875,77.26250000000002,0.0,8.0,0.5476178712591756,6.625,20.625,0.3320247229326513,16.25,0.0,107.375,90.375,31.125,44.0,15.25,39.875,10.25,29.625,19.0,14.5,1.3847494336803547,10.375,29.25,35.25,22.0,49.375,44.76088738720921,15.25,20.125,76.7875,0.0,9.0,0.6544069508707666,3.75,21.625,0.18477652464494568,14.5,0.0,96.375
95,73,2013-03-19,1,1,2012-13,Indiana Pacers,Orlando Magic,98.25,25.5,54.25,18.5,47.125,13.75,33.375,21.375,14.5,1.524128128815629,8.5,22.0,39.7,27.125,60.75,45.04253479500608,18.5,23.625,78.0625,0.0,7.375,0.5136027167277166,6.375,20.5,0.3528836331003093,14.5,0.0,113.75,97.25,20.25,63.75,13.25,40.25,10.75,29.5,20.75,14.5,1.5618685134310133,6.75,23.25,28.337500000000006,31.875,63.25,50.28549556679381,13.25,16.625,78.5,0.0,7.875,0.6109851953601954,4.0,22.375,0.21382575757575759,14.5,0.0,104.375
102,95,2013-03-19,1,1,2012-13,Milwaukee Bucks,Portland Trail Blazers,104.75,29.25,59.5,16.0,42.75,10.5,32.25,25.625,12.875,2.07593370681606,9.75,23.875,40.1875,29.75,62.625,47.561743804451915,16.0,20.125,79.125,0.0,7.625,0.6055088702147524,5.125,19.25,0.25310739984653025,12.875,0.0,121.875,106.625,28.5,61.25,16.875,41.0,9.875,31.125,23.375,11.875,2.039396194083694,9.5,22.625,41.574999999999996,30.625,59.0,52.06171370891054,16.875,20.75,81.6875,0.0,6.25,0.542895646020646,5.25,16.75,0.3127630490602038,11.875,0.0,125.25
104,114,2013-03-19,1,1,2012-13,Oklahoma City Thunder,Denver Nuggets,106.375,20.25,62.5,23.625,45.375,10.0,35.375,19.875,15.375,2.3255756578947366,6.75,18.875,35.199999999999996,31.25,58.25,53.52388067302542,23.625,29.0,82.1875,0.0,7.625,1.0044572368421052,6.625,20.375,0.3397862135284736,15.375,0.0,126.0,109.125,19.875,72.5,16.75,45.25,12.875,32.375,25.875,15.375,1.7437372772995836,6.625,17.0,36.900000000000006,36.25,67.125,54.17916388288761,16.75,23.25,73.8125,0.0,10.375,0.6871214730831603,6.875,19.125,0.3670730016028004,15.375,0.0,134.375
116,101,2013-03-19,1,1,2012-13,Sacramento Kings,Los Angeles Clippers,109.25,29.25,62.75,17.25,40.625,9.125,31.5,23.5,13.5,2.082986111111111,9.75,26.5,36.43750000000001,31.375,60.75,51.68005494109419,17.25,20.75,84.3,0.0,8.75,0.7986111111111112,3.75,21.5,0.17379730927285275,13.5,0.0,122.75,103.0,25.125,62.75,15.125,39.25,10.375,28.875,24.875,13.5,1.9172077922077921,8.375,25.625,32.225,31.375,54.875,57.34334902012751,15.125,20.875,74.5625,0.0,8.125,0.6163107725607725,5.625,21.5,0.2879103331309214,13.5,0.0,120.875
90,89,2013-03-20,1,1,2012-13,Memphis Grizzlies,Oklahoma City Thunder,93.0,12.75,66.5,13.75,42.25,12.5,29.75,21.375,12.375,1.7988880400645109,4.25,12.375,34.4625,33.25,67.875,49.250485530451286,13.75,19.125,72.275,0.0,7.25,0.5949721030603383,6.75,20.875,0.3435105519480519,12.375,0.0,110.125,104.125,18.75,61.25,24.125,45.75,9.75,36.0,20.0,17.0,1.250575657894737,6.25,19.125,32.849999999999994,30.625,56.625,53.892031357956924,24.125,29.875,81.2125,0.0,7.375,0.4461239035087719,7.0,20.0,0.35830473204699204,17.0,0.0,122.625
79,88,2013-03-20,1,1,2012-13,Phoenix Suns,Washington Wizards,95.25,19.125,61.25,14.875,43.25,12.375,30.875,22.125,19.375,1.2448504227103632,6.375,20.625,31.025,30.625,62.5,48.75130322651449,14.875,21.875,67.0875,0.0,10.25,0.5476475473522955,4.75,18.875,0.2619003851540616,19.375,0.0,103.125,99.625,22.875,59.0,17.75,43.625,11.375,32.25,22.875,14.75,1.6938139985014984,7.625,17.875,41.987500000000004,29.5,61.25,48.384581536282255,17.75,23.875,74.175,0.0,6.375,0.4731487262737263,4.75,23.0,0.20319646828267518,14.75,0.0,114.375
100,93,2013-03-20,1,1,2012-13,Houston Rockets,Utah Jazz,107.25,39.375,46.25,21.625,42.625,10.5,32.125,23.75,16.625,1.5077456679438777,13.125,32.625,40.45,23.125,46.25,49.80701971653913,21.625,28.75,75.0625,0.0,8.75,0.5482670604473673,3.125,17.875,0.18953227124183006,16.625,0.0,119.125,93.0,18.0,56.75,18.25,43.625,13.625,30.0,19.625,15.5,1.492478354978355,6.0,16.75,34.8125,28.375,64.875,43.65508352944897,18.25,24.0,76.3625,0.0,8.25,0.5776690221543163,6.25,21.0,0.30919863597612957,15.5,0.0,102.25
107,101,2013-03-20,1,1,2012-13,Charlotte Bobcats,Toronto Raptors,93.625,16.875,59.0,17.75,36.5,11.625,24.875,21.875,11.75,1.9461181179931177,5.625,18.375,29.299999999999997,29.5,63.75,46.159107487614406,17.75,24.25,72.5625,0.0,7.75,0.6499177905427906,3.875,18.25,0.21977415966386554,11.75,0.0,98.375,102.125,19.5,64.75,17.875,43.75,12.0,31.75,21.25,16.75,1.3121338118580765,6.5,20.0,31.387499999999996,32.375,66.125,48.85610570600849,17.875,22.0,82.4375,0.0,8.125,0.49927173520923523,4.875,23.125,0.21205189028079052,16.75,0.0,112.0
104,93,2013-03-20,1,1,2012-13,San Antonio Spurs,Golden State Warriors,106.25,22.5,68.5,15.25,41.75,8.5,33.25,28.375,14.75,1.9727015142794941,7.5,19.125,40.199999999999996,34.25,63.0,54.21394148000015,15.25,19.25,79.13749999999999,0.0,8.25,0.5770937787917277,5.125,16.375,0.35350723622782443,14.75,0.0,130.625,95.125,25.5,53.75,15.875,46.625,9.375,37.25,20.625,14.5,1.497682903289521,8.5,19.5,42.637499999999996,26.875,60.0,44.97426055127532,15.875,21.5,73.9375,0.0,6.5,0.46707202111613877,5.25,19.25,0.29600490196078433,14.5,0.0,109.875
95,98,2013-03-20,1,1,2012-13,Cleveland Cavaliers,Miami Heat,96.625,20.25,58.75,17.625,39.875,10.625,29.25,21.5,13.375,1.6750254953379955,6.75,19.0,37.0375,29.375,63.375,46.6795334710233,17.625,25.125,69.78750000000001,0.0,8.0,0.6174618783993784,4.75,20.875,0.24833201863120724,13.375,0.0,103.625,102.5,21.0,62.0,19.5,36.25,8.125,28.125,24.375,14.0,1.7758012820512818,7.0,20.0,36.4625,31.0,56.125,55.66063532218182,19.5,25.5,76.375,0.0,9.75,0.6923076923076923,5.375,15.5,0.39550399735491015,14.0,0.0,120.125
101,72,2013-03-20,1,1,2012-13,Los Angeles Clippers,Philadelphia 76ers,103.25,27.0,60.75,15.5,39.375,10.625,28.75,26.375,14.25,1.9380411255411256,9.0,26.0,34.375,30.375,54.5,55.917910423636286,15.5,21.5,74.05000000000001,0.0,8.375,0.6024218836718837,5.375,21.25,0.27989751261810086,14.25,0.0,121.375,97.5,19.5,66.25,11.75,40.375,10.875,29.5,27.625,13.25,2.2560870502046972,6.5,16.625,39.7625,33.125,67.75,49.000900189884014,11.75,16.375,71.425,0.0,8.625,0.6604570674423615,5.375,17.375,0.31432109557109555,13.25,0.0,116.875
106,94,2013-03-20,1,1,2012-13,New York Knicks,Orlando Magic,88.875,29.625,44.0,15.25,39.125,9.75,29.375,18.375,14.25,1.3657762193946406,9.875,28.375,34.6,22.0,49.125,45.03262651764399,15.25,20.625,75.07499999999999,0.0,9.0,0.6644515937279095,3.75,22.0,0.17981620718462824,14.25,0.0,93.875,96.125,20.625,63.25,12.25,40.875,10.5,30.375,19.875,13.75,1.5634310134310134,6.875,23.25,29.175000000000004,31.625,65.125,48.74735196736066,12.25,16.0,76.2625,0.0,8.0,0.6516101953601954,4.375,23.375,0.21788419913419915,13.75,0.0,101.875
96,113,2013-03-20,1,1,2012-13,Dallas Mavericks,Brooklyn Nets,105.5,29.25,64.5,11.75,41.0,7.375,33.625,26.375,12.75,2.1501711829836827,9.75,22.625,43.2125,32.25,61.375,52.781558160485176,11.75,14.625,79.92500000000001,0.0,7.5,0.5800553613053613,4.875,19.125,0.25834503501837597,12.75,0.0,127.625,98.625,24.0,57.75,16.875,45.0,12.625,32.375,19.875,15.375,1.488555930546062,8.0,21.375,36.5625,28.875,57.75,49.867578542570584,16.875,23.25,73.5625,0.0,7.75,0.5840227699931647,4.75,16.75,0.28948612339672714,15.375,0.0,112.0
98,90,2013-03-20,1,1,2012-13,Atlanta Hawks,Milwaukee Bucks,98.875,24.75,61.5,12.625,41.0,8.875,32.125,25.5,16.125,1.700548042643631,8.25,22.25,36.800000000000004,30.75,58.375,52.78115472915563,12.625,17.875,70.6375,0.0,7.75,0.49686630771189594,3.0,18.75,0.16526186790505676,16.125,0.0,113.125,103.875,28.875,59.0,16.0,42.875,10.875,32.0,25.625,12.25,2.1647817460317462,9.625,23.25,40.900000000000006,29.5,62.25,47.46594844405424,16.0,20.125,79.12499999999999,0.0,7.0,0.5932539682539681,4.875,17.875,0.2820929070929071,12.25,0.0,121.5
87,86,2013-03-20,1,1,2012-13,New Orleans Hornets,Boston Celtics,92.375,17.25,61.25,13.875,41.875,13.875,28.0,20.25,14.25,1.4541083916083914,5.75,17.75,31.3125,30.625,64.625,47.52215871747557,13.875,16.875,82.9125,0.0,6.375,0.44482253857253856,5.0,19.875,0.26253556321634125,14.25,0.0,102.625,96.5,24.375,56.5,15.625,39.875,7.375,32.5,23.5,16.375,1.4730355992691517,8.125,17.5,46.15,28.25,59.25,47.80775652963335,15.625,21.125,75.3625,0.0,7.5,0.4774579860928545,5.875,20.25,0.29206186468162343,16.375,0.0,111.0
101,98,2013-03-21,1,1,2012-13,Sacramento Kings,Minnesota Timberwolves,111.0,31.875,60.5,18.625,41.75,9.5,32.25,24.125,13.125,2.141809640522876,10.625,27.375,38.525000000000006,30.25,58.375,51.81894382998308,18.625,22.625,83.4125,0.0,8.0,0.7699346405228759,3.625,22.375,0.16490842038396386,13.125,0.0,126.5,90.5,17.25,58.75,14.5,38.375,9.75,28.625,20.75,14.625,1.503033424908425,5.75,19.0,30.3,29.375,61.125,48.65884742486612,14.5,20.625,70.4,0.0,6.625,0.4834277286722939,6.0,19.5,0.3055361159308528,14.625,0.0,96.5
101,100,2013-03-21,1,1,2012-13,Denver Nuggets,Philadelphia 76ers,110.375,19.5,72.0,18.875,45.75,13.5,32.25,25.0,15.0,1.728506184862609,6.5,17.75,35.1125,36.0,67.625,53.46085402373268,18.875,25.75,74.4375,0.0,10.375,0.7028777756041688,6.625,19.625,0.34933844782705664,15.0,0.0,133.375,93.875,19.875,63.0,11.0,39.375,9.75,29.625,27.375,14.0,2.179301335918983,6.625,16.5,40.5375,31.5,65.25,48.177579014170654,11.0,15.375,71.7,0.0,7.625,0.5729570674423615,5.5,17.5,0.3198035517114465,14.0,0.0,111.75
89,99,2013-03-21,1,1,2012-13,Chicago Bulls,Portland Trail Blazers,93.875,18.375,60.5,15.0,41.125,12.75,28.375,23.125,14.125,1.7277715995305005,6.125,18.125,34.15,30.25,66.375,45.747930664649374,15.0,17.25,88.7625,0.0,7.75,0.5930839187901882,4.5,20.125,0.22371044543548413,14.125,0.0,105.875,103.25,28.875,57.75,16.625,40.875,10.125,30.75,22.75,12.625,1.8863213277735336,9.625,22.875,41.575,28.875,58.875,49.13143542699886,16.625,20.25,82.475,0.0,6.625,0.5529223839885605,4.25,16.5,0.2513791204887752,12.625,0.0,118.25
104,97,2013-03-22,1,1,2012-13,San Antonio Spurs,Utah Jazz,103.0,22.125,66.25,14.625,41.125,8.375,32.75,26.625,13.875,1.984214672174231,7.375,19.875,38.425,33.125,62.375,53.002341903728954,14.625,18.25,80.47500000000001,0.0,7.875,0.5918964103706751,5.25,16.125,0.3708149285355168,13.875,0.0,124.625,91.125,18.375,55.5,17.25,40.75,11.375,29.375,19.75,14.625,1.5549783549783551,6.125,17.25,34.637499999999996,27.75,61.875,44.672525389914085,17.25,22.625,76.6875,0.0,7.625,0.5746928316781258,6.625,21.625,0.3229018445322793,14.625,0.0,100.625
103,89,2013-03-22,1,1,2012-13,Miami Heat,Detroit Pistons,102.625,23.25,60.5,18.875,36.375,8.625,27.75,24.5,13.625,1.821474358974359,7.75,20.125,38.962500000000006,30.25,55.75,54.40937141924957,18.875,25.375,74.65,0.0,9.5,0.6929086538461539,5.25,15.875,0.38153340911961603,13.625,0.0,120.25,89.75,19.125,56.5,14.125,37.0,10.625,26.375,20.375,14.0,1.5796836999429877,6.375,20.5,30.474999999999998,28.25,59.875,47.35765888380181,14.125,20.0,72.4625,0.0,6.0,0.47421935649489827,3.25,19.75,0.18408738001129304,14.0,0.0,90.75
100,103,2013-03-22,1,1,2012-13,Los Angeles Lakers,Washington Wizards,100.25,28.875,53.0,18.375,44.375,10.625,33.75,22.125,12.875,1.7966564685314685,9.625,27.875,34.2,26.5,54.25,49.57063422688422,18.375,27.125,68.1,0.0,7.375,0.6013646076146076,5.25,15.75,0.34544346584787766,12.875,0.0,111.75,100.375,22.875,60.0,17.5,43.25,11.375,31.875,23.5,14.375,1.7362247127872128,7.625,17.375,43.0375,30.0,62.125,48.502506064584146,17.5,24.25,71.95,0.0,6.5,0.4835653929403929,4.625,22.125,0.20437201687201687,14.375,0.0,115.25
90,83,2013-03-22,1,1,2012-13,New Orleans Hornets,Memphis Grizzlies,90.5,16.125,60.5,13.875,42.5,13.875,28.625,20.125,15.25,1.3603583916083914,5.375,17.125,30.4625,30.25,64.125,47.28718182995631,13.875,16.875,82.9125,0.0,7.125,0.47815587190587194,4.625,19.375,0.2544823419278258,15.25,0.0,101.0,92.875,13.5,64.5,14.875,42.5,12.875,29.625,20.25,13.625,1.5934786833393644,4.5,12.75,35.3,32.25,67.75,47.97571075567651,14.875,19.875,75.05,0.0,7.25,0.5584223954579992,6.625,21.5,0.332567791005291,13.625,0.0,107.125
89,97,2013-03-22,1,1,2012-13,Orlando Magic,Oklahoma City Thunder,94.75,19.875,62.5,12.375,41.125,10.875,30.25,18.875,14.75,1.2978060134310134,6.625,22.75,28.6875,31.25,64.625,48.582395955630446,12.375,16.25,75.91250000000001,0.0,7.875,0.5812976953601954,4.0,22.5,0.19913419913419916,14.75,0.0,98.5,103.375,16.5,62.5,24.375,46.25,10.625,35.625,19.125,16.875,1.2005756578947369,5.5,18.75,29.474999999999998,31.25,58.75,53.32771472221172,24.375,30.25,80.9875,0.0,7.25,0.44195723684210525,6.875,21.375,0.3307312026352274,16.875,0.0,119.375
104,94,2013-03-22,1,1,2012-13,Dallas Mavericks,Boston Celtics,103.5,27.75,64.25,11.5,41.125,7.625,33.5,24.375,12.75,1.968353001165501,9.25,21.75,42.525,32.125,61.875,52.087712891575194,11.5,14.75,77.60000000000001,0.0,7.5,0.5800553613053614,4.875,18.875,0.2600495804729214,12.75,0.0,123.125,93.625,21.75,56.0,15.875,37.25,6.375,30.875,21.75,15.375,1.4584252096587622,7.25,16.875,42.4875,28.0,58.5,48.00306902963335,15.875,21.25,76.1875,0.0,8.25,0.5537566873915558,6.0,20.5,0.29466603134829006,15.375,0.0,106.0
93,104,2013-03-22,1,1,2012-13,Atlanta Hawks,Portland Trail Blazers,97.75,23.625,61.0,13.125,42.125,9.125,33.0,25.25,16.5,1.641724513231866,7.875,21.5,36.625,30.5,59.0,51.78583856990505,13.125,17.875,73.58749999999999,0.0,8.0,0.5036940388043329,3.125,18.5,0.17849716202270383,16.5,0.0,112.875,105.0,30.375,59.25,15.375,41.75,10.25,31.5,22.75,13.25,1.792075296027502,10.125,23.0,43.775,29.625,59.75,49.70187193493537,15.375,18.0,83.6375,0.0,6.375,0.5053033363695129,4.375,16.25,0.2626638427109974,13.25,0.0,121.375
94,99,2013-03-22,1,1,2012-13,Toronto Raptors,New York Knicks,100.5,18.375,62.75,19.375,44.125,12.25,31.875,20.0,16.75,1.2386044000933707,6.125,20.0,29.675,31.375,64.0,48.91390309987146,19.375,23.0,85.2125,0.0,7.875,0.48456585285629405,5.625,23.25,0.23929548002438028,16.75,0.0,111.25,91.25,30.375,45.75,15.125,37.375,9.25,28.125,18.0,13.125,1.437204790823212,10.125,28.25,35.475,22.875,49.375,46.84810270812018,15.125,20.75,73.675,0.0,8.625,0.6823087365850523,3.375,22.375,0.15203842940685047,13.125,0.0,95.25
86,117,2013-03-22,1,1,2012-13,Phoenix Suns,Minnesota Timberwolves,96.25,17.625,62.25,16.375,43.25,12.625,30.625,21.625,17.625,1.2959998479977195,5.875,19.625,29.725,31.125,64.625,48.19983263827919,16.375,22.75,71.7875,0.0,10.25,0.5919004209155138,4.625,18.75,0.2557729341736695,17.625,0.0,104.75,91.875,16.125,62.0,13.75,39.75,10.75,29.0,22.125,14.375,1.641426282051282,5.375,19.625,27.387500000000003,31.0,63.25,49.54441296181997,13.75,19.0,72.35,0.0,6.125,0.4581301096246748,6.125,20.625,0.3074771097196726,14.375,0.0,99.875
102,78,2013-03-22,1,1,2012-13,Indiana Pacers,Milwaukee Bucks,98.0,25.5,54.5,18.0,49.75,14.375,35.375,21.25,14.5,1.5157947954822955,8.5,23.25,37.1875,27.25,61.5,44.69231927776471,18.0,22.5,79.525,0.0,6.625,0.4636027167277167,6.375,20.5,0.3528836331003093,14.5,0.0,114.0,102.5,27.0,60.0,15.5,44.375,12.25,32.125,24.5,12.0,2.114186507936508,9.0,22.0,40.5625,30.0,66.0,45.74719844405424,15.5,19.625,78.2125,0.0,7.125,0.6125992063492063,5.75,18.25,0.3319878650761004,12.0,0.0,119.125
116,78,2013-03-22,1,1,2012-13,Houston Rockets,Cleveland Cavaliers,105.0,36.0,46.5,22.5,43.875,10.5,33.375,22.125,17.0,1.3557023987131083,12.0,31.5,37.85,23.25,47.25,48.9107933014448,22.5,29.25,76.7375,0.0,9.0,0.5494689835242904,3.5,18.75,0.20345890167661268,17.0,0.0,116.25,96.375,20.625,58.5,17.25,41.25,11.75,29.5,20.875,13.625,1.6137509855340737,6.875,19.125,37.45,29.25,64.25,45.61821271630632,17.25,24.25,71.2375,0.0,7.875,0.6012854078111431,4.75,21.75,0.24444312974231835,13.625,0.0,103.25
101,95,2013-03-23,1,1,2012-13,Los Angeles Clippers,Brooklyn Nets,102.75,26.625,60.5,15.625,40.0,10.25,29.75,26.125,14.375,1.9023268398268398,8.875,25.375,34.625,30.25,54.5,55.70239318225697,15.625,21.375,75.10000000000001,0.0,8.75,0.6223394660894661,4.625,20.75,0.24708501261810087,14.375,0.0,121.375,102.125,24.75,60.5,16.875,46.375,13.25,33.125,20.125,14.0,1.637960692450824,8.25,22.125,36.5625,30.25,59.125,50.9318200286387,16.875,23.0,74.38749999999999,0.0,7.0,0.5875941985645933,4.5,16.125,0.2811527900633938,14.0,0.0,117.25
87,84,2013-03-23,1,1,2012-13,Chicago Bulls,Indiana Pacers,93.0,17.625,61.25,14.125,42.0,13.125,28.875,23.75,12.75,2.032047915319974,5.875,18.0,32.725,30.625,68.5,44.684712273844774,14.125,16.875,84.2125,0.0,7.375,0.6457154977375565,4.125,19.125,0.2185021121021508,12.75,0.0,104.75,100.625,24.375,56.75,19.5,50.5,13.75,36.75,22.625,14.5,1.6140090811965813,8.125,21.375,37.5375,28.375,62.25,45.89430117157434,19.5,24.5,79.2875,0.0,6.25,0.4368170024420024,6.375,21.375,0.31586440233107854,14.5,0.0,119.75
101,95,2013-03-23,1,1,2012-13,Denver Nuggets,Sacramento Kings,108.0,19.125,70.0,18.875,45.0,13.25,31.75,23.5,16.0,1.528506184862609,6.375,17.125,36.8125,35.0,67.125,52.34602682194895,18.875,25.125,75.8875,0.0,10.5,0.6591277756041688,6.875,18.75,0.3731238729282712,16.0,0.0,128.75,108.75,29.25,61.75,17.75,39.25,7.75,31.5,23.5,13.0,2.1156658496732024,9.75,25.5,37.7625,30.875,58.375,52.915435058053255,17.75,21.5,83.63749999999999,0.0,7.5,0.7437908496732026,3.875,22.375,0.17577798560135519,13.0,0.0,122.875
110,106,2013-03-23,1,1,2012-13,Memphis Grizzlies,Boston Celtics,90.375,13.125,61.0,16.25,42.0,13.125,28.875,18.25,13.25,1.4847124495731308,4.375,12.625,34.5,30.5,66.25,46.499520279486035,16.25,21.625,74.825,0.0,7.375,0.5941366811722849,6.25,22.125,0.301317791005291,13.25,0.0,101.625,95.0,21.0,56.0,18.0,36.125,6.5,29.625,21.875,15.5,1.4549911437246963,7.0,16.875,41.012499999999996,28.0,57.75,48.51443266599699,18.0,23.5,76.65,0.0,8.125,0.5386467972816658,5.625,21.375,0.2660729139393832,15.5,0.0,106.125
110,84,2013-03-23,1,1,2012-13,New York Knicks,Toronto Raptors,91.875,30.375,46.5,15.0,37.625,8.875,28.75,18.75,13.125,1.4907762193946406,10.125,27.125,37.125,23.25,48.625,48.30914166915913,15.0,22.0,67.95,0.0,8.375,0.6644515937279095,3.625,22.75,0.16022295321637428,13.125,0.0,97.75,97.5,19.125,61.0,17.375,42.375,11.0,31.375,20.375,16.625,1.2784395649285354,6.375,20.75,29.65,30.5,61.375,49.68048632890776,17.375,20.375,85.4,0.0,8.0,0.49830211659255774,5.125,22.875,0.2206918010946144,16.625,0.0,108.5
101,92,2013-03-23,1,1,2012-13,Golden State Warriors,Washington Wizards,95.875,24.75,56.75,14.375,45.75,10.125,35.625,20.25,14.375,1.483385517668606,8.25,18.125,44.537499999999994,28.375,62.5,45.78889730341208,14.375,19.75,74.0,0.0,6.5,0.47074849170437405,5.25,19.625,0.289702380952381,14.375,0.0,109.875,103.5,25.875,60.0,17.625,42.625,10.375,32.25,24.75,14.125,1.920568147130647,8.625,18.5,46.12500000000001,30.0,60.625,49.47937559074628,17.625,24.125,73.2375,0.0,6.25,0.48104014041514037,4.25,20.875,0.20337995337995338,14.125,0.0,120.25
91,92,2013-03-23,1,1,2012-13,Charlotte Bobcats,Detroit Pistons,93.875,19.5,54.75,19.625,36.25,10.625,25.625,21.875,12.375,1.8199161949161948,6.5,19.125,34.3,27.375,60.25,45.557607390205476,19.625,27.0,71.9,0.0,8.375,0.6679466366966368,4.5,19.5,0.2378030058177117,12.375,0.0,99.625,91.5,19.5,57.75,14.25,37.125,11.25,25.875,20.875,14.375,1.5871597764980117,6.5,20.875,30.5,28.875,59.125,48.78596815710741,14.25,20.0,73.1625,0.0,6.625,0.4990399306575777,3.75,19.875,0.20469426406926405,14.375,0.0,95.125
97,104,2013-03-24,1,1,2012-13,Minnesota Timberwolves,Chicago Bulls,95.5,15.0,64.5,16.0,41.0,10.75,30.25,22.75,13.375,1.7497596153846153,5.0,18.875,26.0,32.25,63.375,51.325281347165976,16.0,21.625,73.4875,0.0,6.75,0.5142895299145299,5.75,20.25,0.29358822083078373,13.375,0.0,107.75,92.375,15.75,62.5,14.125,43.5,13.625,29.875,23.25,12.375,2.0541632999353587,5.25,17.0,30.875,31.25,69.5,44.95544960103371,14.125,17.375,82.4375,0.0,6.75,0.609177036199095,4.125,18.5,0.22376305486309356,12.375,0.0,104.375
109,77,2013-03-24,1,1,2012-13,Miami Heat,Charlotte Bobcats,102.75,23.25,59.5,20.0,35.625,7.875,27.75,24.25,14.25,1.7610576923076922,7.75,19.375,40.8625,29.75,55.125,54.15725691046622,20.0,27.0,74.175,0.0,10.125,0.7033253205128205,5.125,16.5,0.3378826154688223,14.25,0.0,119.625,95.5,19.5,54.75,21.25,37.75,10.75,27.0,21.0,12.5,1.7490828615828615,6.5,19.0,34.4625,27.375,59.25,46.28905984579586,21.25,28.25,75.0625,0.0,8.625,0.6798513986013986,5.25,18.5,0.3064843244990304,12.5,0.0,104.25
113,108,2013-03-24,1,1,2012-13,Dallas Mavericks,Utah Jazz,103.75,25.875,64.75,13.125,42.0,8.75,33.25,24.0,13.0,1.898412524975025,8.625,21.375,40.225,32.375,62.75,51.74049066935297,13.125,16.375,79.92500000000001,0.0,7.625,0.5800553613053614,4.625,19.75,0.2354283683517093,13.0,0.0,122.625,90.625,18.0,56.5,16.125,42.0,11.75,30.25,19.375,14.875,1.507429335370512,6.0,17.0,34.6,28.25,63.25,44.563162024314686,16.125,21.75,73.44999999999999,0.0,8.125,0.597241851285969,6.375,22.125,0.3047859025032938,14.875,0.0,100.0
99,104,2013-03-24,1,1,2012-13,Milwaukee Bucks,Atlanta Hawks,99.375,23.25,60.75,15.375,45.625,14.25,31.375,23.0,11.25,2.1086309523809526,7.75,20.875,36.7375,30.375,70.0,43.76549112698107,15.375,20.0,76.3875,0.0,6.625,0.6014880952380952,5.875,18.375,0.33645215079038604,11.25,0.0,111.875,96.625,22.875,60.75,13.0,42.125,8.625,33.5,24.625,16.0,1.6818760283833813,7.625,21.125,36.112500000000004,30.375,58.75,51.789311756901434,13.0,17.75,73.39999999999999,0.0,8.125,0.5362697963800905,3.5,18.125,0.2100097670647206,16.0,0.0,112.375
96,95,2013-03-24,1,1,2012-13,Houston Rockets,San Antonio Spurs,102.5,34.5,47.0,21.0,45.0,10.875,34.125,21.625,18.125,1.2149681329788427,11.5,30.875,37.012499999999996,23.5,47.5,49.06930779419842,21.0,27.625,75.7,0.0,8.375,0.4699235289788359,4.25,18.375,0.24512556834327934,18.125,0.0,113.625,101.75,21.75,65.0,15.0,40.75,8.375,32.375,25.125,14.75,1.7462096216691805,7.25,19.875,37.8,32.5,61.75,52.53529027329417,15.0,18.75,80.47500000000001,0.0,7.375,0.5110883295625943,5.375,16.0,0.38184434030022263,14.75,0.0,120.0
103,83,2013-03-24,1,1,2012-13,Oklahoma City Thunder,Portland Trail Blazers,101.0,13.875,61.25,25.875,46.25,10.375,35.875,17.75,17.0,1.0723705296896084,4.625,18.375,26.199999999999996,30.625,59.0,52.0156421679447,25.875,32.375,80.69999999999999,0.0,7.625,0.46679698043184886,7.25,20.75,0.3763139094021447,17.0,0.0,114.25,101.0,29.25,57.0,14.75,43.0,10.5,32.5,22.125,13.125,1.7601308515830576,9.75,22.625,42.9875,28.5,60.25,47.62550627161318,14.75,17.375,82.8875,0.0,6.375,0.5164144474806239,3.875,16.125,0.2341711956521739,13.125,0.0,116.0
103,117,2013-03-24,1,1,2012-13,Sacramento Kings,Philadelphia 76ers,106.5,27.75,62.75,16.0,38.375,7.25,31.125,23.625,12.5,2.1702293417366945,9.25,25.125,36.5,31.375,58.875,53.34646954081188,16.0,20.125,79.98750000000001,0.0,7.5,0.7537114845938375,4.25,22.75,0.18581143041740866,12.5,0.0,120.25,94.375,20.25,64.25,9.875,37.625,8.75,28.875,27.0,15.0,2.0760404663537657,6.75,16.625,40.9875,32.125,64.125,50.061636985185146,9.875,14.125,70.125,0.0,8.25,0.5769425746887384,5.875,18.375,0.3315459759538707,15.0,0.0,112.0
100,102,2013-03-24,1,1,2012-13,Phoenix Suns,Brooklyn Nets,93.0,16.5,61.25,15.25,44.5,13.25,31.25,20.5,18.0,1.1661921556900272,5.5,19.5,28.2,30.625,65.375,46.96286678262595,15.25,22.5,67.4125,0.0,10.25,0.5756744593770522,4.125,20.25,0.22027597677001834,18.0,0.0,98.375,101.625,23.25,61.5,16.875,44.375,13.75,30.625,20.625,12.75,1.7479606924508242,7.75,21.875,35.05,30.75,60.25,50.74687104904686,16.875,23.25,73.5375,0.0,7.25,0.6275941985645933,3.5,16.75,0.2149325519681557,12.75,0.0,114.625
109,103,2013-03-25,1,1,2012-13,Golden State Warriors,Los Angeles Lakers,97.5,25.125,57.5,14.875,44.625,9.625,35.0,21.125,15.125,1.4848059722140605,8.375,18.0,45.425,28.75,61.125,47.37980639432117,14.875,20.0,75.5375,0.0,6.375,0.45228258261346493,5.25,18.625,0.29911414565826333,15.125,0.0,112.625,99.25,28.875,53.25,17.125,45.875,11.0,34.875,22.25,13.625,1.699731334841629,9.625,27.25,35.2625,26.625,55.25,48.855116985504914,17.125,25.625,67.1375,0.0,6.875,0.5358565862242333,4.875,15.5,0.3263258187890541,13.625,0.0,110.75
94,108,2013-03-25,1,1,2012-13,Orlando Magic,Miami Heat,93.875,19.5,62.25,12.125,41.0,10.375,30.625,18.125,14.25,1.2958218864468865,6.5,21.25,29.925,31.125,66.5,47.04281441982372,12.125,16.0,75.5,0.0,7.875,0.6011389652014653,4.25,22.0,0.2106726606726607,14.25,0.0,96.875,103.25,25.5,58.0,19.75,38.125,7.875,30.25,25.25,14.0,1.902724358974359,8.5,21.375,40.025,29.0,54.125,53.774809245409855,19.75,26.0,76.175,0.0,10.0,0.7116586538461538,5.75,14.875,0.3944558913308913,14.0,0.0,124.125
107,91,2013-03-25,1,1,2012-13,Utah Jazz,Philadelphia 76ers,93.125,19.875,56.5,16.75,41.0,11.125,29.875,20.0,15.5,1.4980308391299104,6.625,17.875,37.25,28.25,62.5,45.131959424098,16.75,22.125,75.23750000000001,0.0,8.625,0.609459896398751,5.375,22.375,0.2579109025032938,15.5,0.0,101.75,97.375,19.5,67.25,10.625,39.5,10.125,29.375,28.125,14.0,2.3448313160269683,6.5,16.625,39.800000000000004,33.625,66.5,50.53485127089943,10.625,15.375,68.825,0.0,8.125,0.6284131629240326,6.0,17.75,0.346129309287204,14.0,0.0,117.375
100,94,2013-03-25,1,1,2012-13,Indiana Pacers,Atlanta Hawks,96.75,22.125,55.0,19.625,50.25,13.25,37.0,20.125,14.0,1.4772569444444443,7.375,20.75,34.762499999999996,27.5,62.25,44.52711367157434,19.625,24.625,79.4,0.0,6.625,0.4998511904761904,5.875,21.5,0.2879038760152891,14.0,0.0,112.5,99.625,24.75,61.25,13.625,41.25,7.875,33.375,25.625,15.75,1.7681505381873028,8.25,22.125,37.45,30.625,57.875,53.040126620004436,13.625,18.375,74.32499999999999,0.0,8.875,0.5892109728506787,3.75,17.125,0.2391764337313873,15.75,0.0,117.5
110,86,2013-03-25,1,1,2012-13,New Orleans Hornets,Denver Nuggets,89.0,14.25,61.25,13.5,42.125,14.0,28.125,19.5,15.125,1.3333976072946663,4.75,15.875,29.35,30.625,63.875,48.07473223318212,13.5,16.625,82.0125,0.0,7.0,0.47284541438953204,4.75,19.25,0.2621404446946243,15.125,0.0,99.75,107.25,16.5,70.25,20.5,46.0,14.0,32.0,22.5,16.5,1.3950220219666813,5.5,16.0,34.4125,35.125,69.25,50.748478569471125,20.5,27.625,74.4625,0.0,10.625,0.6506436127082412,6.5,19.0,0.3456470927425127,16.5,0.0,124.625
107,94,2013-03-25,1,1,2012-13,Washington Wizards,Memphis Grizzlies,102.0,24.75,61.0,16.25,41.75,10.75,31.0,24.375,13.75,1.9331883394383393,8.25,18.375,44.325,30.5,63.0,48.5753940089478,16.25,22.125,74.02499999999999,0.0,6.75,0.5303189865689866,3.75,20.375,0.18502331002331002,13.75,0.0,116.375,92.125,13.125,62.25,16.75,42.125,13.375,28.75,18.875,13.0,1.6284624495731306,4.375,12.375,35.2,31.125,68.125,46.12301425538965,16.75,22.125,75.2375,0.0,7.5,0.6316366811722849,5.625,22.5,0.2548539752158173,13.0,0.0,102.875
82,105,2013-03-26,1,1,2012-13,Detroit Pistons,Minnesota Timberwolves,93.375,20.625,58.0,14.75,37.625,11.25,26.375,21.875,13.75,1.701743109831345,6.875,21.625,30.9375,29.0,59.0,49.13100659176849,14.75,20.5,74.5875,0.0,6.625,0.5157065973242444,3.375,20.375,0.17195616883116885,13.75,0.0,98.625,98.0,16.5,65.25,16.25,40.0,10.5,29.5,23.5,13.875,1.7177083333333334,5.5,18.125,30.8625,32.625,62.875,52.21813849002312,16.25,22.25,72.21249999999999,0.0,7.0,0.5078792735042735,5.75,20.375,0.2921262325266902,13.875,0.0,111.5
85,100,2013-03-26,1,1,2012-13,Boston Celtics,New York Knicks,94.875,20.625,55.75,18.5,36.375,7.125,29.25,21.375,15.375,1.4336369770580295,6.875,16.875,40.387499999999996,27.875,57.25,48.761878387580644,18.5,24.5,75.4,0.0,7.625,0.5100009639483324,6.375,21.875,0.29758551898139995,15.375,0.0,105.875,91.5,28.125,48.75,14.625,38.25,9.25,29.0,18.625,13.0,1.4992989466673676,9.375,25.5,36.650000000000006,24.375,50.75,48.125033142027355,14.625,21.125,69.3625,0.0,8.75,0.7089591694854853,3.625,22.875,0.1592361111111111,13.0,0.0,98.75
109,102,2013-03-26,1,1,2012-13,Dallas Mavericks,Los Angeles Clippers,105.375,26.25,63.5,15.625,38.875,7.75,31.125,23.5,13.875,1.7684783144487093,8.75,21.0,41.712500000000006,31.75,60.375,52.72572902254907,15.625,19.25,80.525,0.0,7.75,0.559770273586063,4.875,20.125,0.24237281279615375,13.875,0.0,122.0,102.375,26.625,60.25,15.5,40.0,10.125,29.875,25.75,13.75,1.9198119588744589,8.875,25.625,34.262499999999996,30.125,53.875,56.05616676716263,15.5,21.625,73.675,0.0,9.0,0.6547055375180375,5.125,20.375,0.27007832365489015,13.75,0.0,121.875
92,93,2013-03-27,1,1,2012-13,Cleveland Cavaliers,Boston Celtics,93.125,19.5,57.75,15.875,39.125,11.0,28.125,19.75,14.0,1.4908343188674071,6.5,19.625,34.475,28.875,63.25,45.66428151237511,15.875,22.5,71.325,0.0,8.25,0.6137854078111431,3.625,22.5,0.176734796408985,14.0,0.0,95.75,95.625,20.25,56.5,18.875,35.875,6.75,29.125,21.75,15.5,1.4467948717948718,6.75,16.875,39.762499999999996,28.25,56.25,50.31486800448003,18.875,24.75,76.3125,0.0,7.75,0.514606227106227,6.5,21.0,0.3172866059379217,15.5,0.0,108.0
100,99,2013-03-27,1,1,2012-13,San Antonio Spurs,Denver Nuggets,101.0,22.5,62.75,15.75,39.625,8.625,31.0,24.75,15.375,1.6666156045751634,7.5,20.875,36.35,31.375,61.25,51.002552178056085,15.75,19.125,82.7625,0.0,7.625,0.506280637254902,5.625,17.0,0.35079858866623576,15.375,0.0,116.625,104.125,15.0,67.0,22.125,44.625,14.625,30.0,21.375,15.875,1.368706232492997,5.0,15.875,31.712500000000002,33.5,67.875,48.986183487503915,22.125,29.75,74.175,0.0,10.0,0.636545868347339,6.125,18.25,0.3396947117901317,15.875,0.0,117.5
88,107,2013-03-27,1,1,2012-13,Toronto Raptors,Atlanta Hawks,95.75,16.5,62.0,17.25,41.75,11.5,30.25,19.0,16.25,1.2258601998491703,5.5,20.625,26.099999999999998,31.0,61.375,50.62388255532286,17.25,20.75,82.9,0.0,7.375,0.47449259278303396,4.875,23.25,0.20378003638873204,16.25,0.0,103.5,101.25,25.5,61.5,14.25,40.625,7.875,32.75,25.5,14.75,1.8098172048539696,8.5,22.0,38.775,30.75,58.25,52.93419441661461,14.25,19.75,72.89999999999999,0.0,8.875,0.6178568061840121,4.5,16.125,0.2856470219666814,14.75,0.0,119.5
103,80,2013-03-27,1,1,2012-13,Oklahoma City Thunder,Washington Wizards,102.5,13.875,64.5,24.125,46.5,11.125,35.375,18.0,16.5,1.1587341660532449,4.625,17.75,27.624999999999996,32.25,61.375,52.63183935104329,24.125,30.5,79.5,0.0,8.0,0.5281606167954852,7.125,19.75,0.3868658574540927,16.5,0.0,117.0,104.125,24.75,62.25,17.125,41.25,10.625,30.625,24.0,13.5,1.9317002442002442,8.25,17.875,45.4625,31.125,63.0,49.63471604284611,17.125,24.125,72.2875,0.0,7.25,0.5779380341880341,3.625,19.75,0.18602598382010146,13.5,0.0,118.25
91,105,2013-03-27,1,1,2012-13,New Orleans Hornets,Los Angeles Clippers,92.125,18.75,60.0,13.375,42.5,14.75,27.75,21.125,15.375,1.4241714168184756,6.25,17.5,34.2625,30.0,63.0,47.729582979450775,13.375,16.375,82.64999999999999,0.0,7.5,0.5026073191514369,5.875,19.875,0.3076448306595365,15.375,0.0,106.5,100.5,25.875,58.5,16.125,40.25,10.375,29.875,24.0,14.625,1.6767564033189033,8.625,26.125,32.875,29.25,53.125,55.243832549656,16.125,23.0,71.85,0.0,8.5,0.5827358405483405,4.5,21.5,0.21591165698822348,14.625,0.0,114.875
98,105,2013-03-27,1,1,2012-13,Golden State Warriors,Sacramento Kings,99.5,26.625,58.0,14.875,44.75,9.25,35.5,21.25,14.375,1.580394207508178,8.875,19.0,45.8625,29.0,61.125,47.75294072267938,14.875,19.875,75.9625,0.0,6.25,0.4569617269984917,5.625,19.375,0.31168028322440083,14.375,0.0,115.75,109.0,28.125,64.75,16.125,38.0,7.625,30.375,22.375,12.25,2.109972931480284,9.375,25.125,37.025,32.375,59.125,54.81215445328756,16.125,20.125,81.025,0.0,6.625,0.7017884076707607,4.125,21.625,0.18997809708407534,12.25,0.0,121.375
108,101,2013-03-27,1,1,2012-13,New York Knicks,Memphis Grizzlies,96.125,29.25,52.75,14.125,38.125,9.75,28.375,18.5,12.375,1.5557893312827522,9.75,25.625,37.9125,26.375,52.75,50.29894618550561,14.125,19.875,71.05,0.0,9.375,0.829151477177793,3.75,22.5,0.16560185185185183,12.375,0.0,105.5,91.125,14.25,60.25,16.625,42.875,13.375,29.5,17.125,13.625,1.4090022223004035,4.75,13.0,36.475,30.125,67.625,44.93764225034551,16.625,21.0,78.13749999999999,0.0,7.25,0.5805003175359212,4.875,22.625,0.22339564188248395,13.625,0.0,99.5
91,100,2013-03-27,1,1,2012-13,Houston Rockets,Indiana Pacers,101.0,33.375,47.0,20.625,45.5,11.375,34.125,21.25,18.25,1.1730725285832384,11.125,30.125,36.65,23.5,48.5,48.1433818682725,20.625,26.875,76.5,0.0,8.625,0.4843466059019128,4.5,18.875,0.2501760733937844,18.25,0.0,112.375,97.875,21.375,59.0,17.5,52.25,14.375,37.875,20.625,14.375,1.4871775793650794,7.125,20.25,34.4875,29.5,65.375,45.528935165199115,17.5,22.25,78.73750000000001,0.0,6.5,0.4859623015873015,6.5,20.75,0.32658674046541697,14.375,0.0,115.625
114,108,2013-03-27,1,1,2012-13,Charlotte Bobcats,Orlando Magic,93.375,18.75,54.0,20.625,38.75,10.75,28.0,19.0,13.0,1.4883991008991009,6.25,19.25,33.1625,27.0,59.5,45.526711055473285,20.625,27.375,74.89999999999999,0.0,9.25,0.7151078088578089,4.75,19.125,0.26898432449903037,13.0,0.0,99.875,94.875,21.0,62.5,11.375,41.625,10.125,31.5,19.25,13.25,1.4409684065934067,7.0,22.375,30.450000000000003,31.25,65.875,47.65066227731048,11.375,15.875,71.95,0.0,8.0,0.6400583791208792,4.375,21.5,0.22393023643023643,13.25,0.0,100.375
93,111,2013-03-27,1,1,2012-13,Portland Trail Blazers,Brooklyn Nets,99.375,28.875,56.0,14.5,43.5,10.625,32.875,22.375,13.875,1.6946228301926833,9.625,22.75,42.3,28.0,60.5,46.441636497288364,14.5,17.5,80.07499999999999,0.0,6.25,0.47697594480682715,4.375,16.875,0.26073369565217386,13.875,0.0,113.375,102.5,20.25,64.25,18.0,42.25,13.375,28.875,21.25,12.375,1.8042929292929293,6.75,20.25,33.075,32.125,61.25,52.367241419417226,18.0,23.0,77.625,0.0,7.625,0.6559659090909091,4.125,16.625,0.2503857683424247,12.375,0.0,117.75
100,92,2013-03-27,1,1,2012-13,Philadelphia 76ers,Milwaukee Bucks,97.375,19.125,65.5,12.75,39.5,10.875,28.625,26.0,14.125,2.1605364442320965,6.375,16.875,38.1625,32.75,65.875,49.69515287685321,12.75,17.625,71.5875,0.0,7.75,0.5923554706163402,5.875,18.375,0.3231592238171186,14.125,0.0,113.875,97.375,22.5,61.75,13.125,46.375,15.25,31.125,23.5,12.125,2.0062003968253967,7.5,21.125,35.112500000000004,30.875,70.375,44.213399163435085,13.125,17.5,74.125,0.0,6.625,0.5650297619047618,5.5,17.5,0.33155019000607233,12.125,0.0,109.75
101,97,2013-03-27,1,1,2012-13,Chicago Bulls,Miami Heat,95.0,16.125,64.25,14.625,44.875,14.375,30.5,23.5,13.25,1.903121633268692,5.375,17.75,30.0625,32.125,68.625,46.82052896611308,14.625,18.5,78.7625,0.0,6.5,0.5268853695324284,3.875,18.625,0.2055338881964269,13.25,0.0,107.75,104.5,28.875,56.25,19.375,38.0,7.5,30.5,25.75,13.5,2.0147035256410257,9.625,22.375,42.975,28.125,52.625,53.42803505186147,19.375,25.875,75.19999999999999,0.0,9.125,0.6752003205128205,6.0,14.875,0.4123130341880342,13.5,0.0,126.125
103,88,2013-03-27,1,1,2012-13,Utah Jazz,Phoenix Suns,96.0,19.5,59.5,17.0,41.75,11.5,30.25,21.125,15.0,1.5886558391299106,6.5,16.375,39.65,29.75,64.75,45.91492645706503,17.0,22.125,76.425,0.0,9.0,0.639147396398751,6.375,22.375,0.30138916337285904,15.0,0.0,109.25,92.125,15.75,62.75,13.625,44.625,14.25,30.375,21.0,17.25,1.2838392145135566,5.25,19.875,26.224999999999998,31.375,67.125,46.907778641600316,13.625,19.75,68.225,0.0,9.25,0.5369044059011164,4.625,20.625,0.23875423763958356,17.25,0.0,97.875
117,120,2013-03-27,1,1,2012-13,Minnesota Timberwolves,Los Angeles Lakers,97.75,17.25,64.25,16.25,39.0,10.125,28.875,23.0,13.875,1.6864583333333334,5.75,18.875,30.087500000000002,32.125,61.75,52.370299171702975,16.25,21.0,78.2875,0.0,7.5,0.5391292735042735,4.75,19.5,0.25343575633621396,13.875,0.0,110.625,97.375,25.875,54.5,17.0,46.375,11.125,35.25,21.5,13.125,1.7146885997988939,8.625,25.625,33.6625,27.25,56.875,48.61473237012031,17.0,25.625,66.7875,0.0,6.375,0.5230360734037205,4.5,15.625,0.2983496283128636,13.125,0.0,107.75
113,103,2013-03-28,1,1,2012-13,Milwaukee Bucks,Los Angeles Lakers,95.375,21.75,60.75,12.875,46.625,16.125,30.5,22.0,12.75,1.7502480158730158,7.25,21.5,33.475,30.375,70.0,43.741114095561784,12.875,17.0,75.3625,0.0,6.75,0.5342757936507936,5.125,15.875,0.3391259475818299,12.75,0.0,105.125,101.125,27.75,54.5,18.875,45.625,10.25,35.375,22.25,14.125,1.6734798085901026,9.25,25.125,36.95,27.25,56.875,48.6147323701203,18.875,28.625,67.77499999999999,0.0,7.0,0.5344829598506069,4.5,16.75,0.27303712831286364,14.125,0.0,111.125
78,103,2013-03-28,1,1,2012-13,Dallas Mavericks,Indiana Pacers,104.625,24.375,64.5,15.75,39.0,8.375,30.625,23.5,14.625,1.6606658144487092,8.125,20.25,40.2375,32.25,61.125,52.85364715494434,15.75,19.25,80.98750000000001,0.0,8.625,0.5910202735860631,5.125,20.375,0.2511447426207152,14.625,0.0,121.75,97.0,20.25,58.25,18.5,51.75,13.625,38.125,20.375,14.625,1.4365823412698413,6.75,19.375,34.15,29.125,65.75,44.553057972216656,18.5,22.5,81.7625,0.0,6.625,0.4829861111111111,6.375,20.125,0.3275024913811678,14.625,0.0,114.25
103,117,2013-03-28,1,1,2012-13,Phoenix Suns,Sacramento Kings,91.5,15.75,62.5,13.25,43.75,13.75,30.0,21.25,17.0,1.3178949420677362,5.25,19.375,27.162499999999998,31.25,66.625,47.077049474933645,13.25,19.375,67.775,0.0,8.75,0.516006573083779,4.5,20.25,0.23677011065545658,17.0,0.0,97.125,107.0,27.375,64.25,15.375,38.875,8.875,30.0,21.625,12.125,2.075597931480284,9.125,25.25,35.925,32.125,60.0,53.58781427733448,15.375,20.125,77.45,0.0,6.375,0.6892884076707606,3.75,20.75,0.17509714470312296,12.125,0.0,116.75
111,102,2013-03-29,1,1,2012-13,New York Knicks,Charlotte Bobcats,97.875,30.0,53.25,14.625,37.875,9.75,28.125,18.0,11.5,1.5985524891774892,10.0,26.0,38.2375,26.625,51.75,51.92913314400995,14.625,19.875,73.325,0.0,9.625,0.8768488455988456,2.875,22.5,0.13060185185185186,11.5,0.0,108.375,96.75,19.125,56.75,20.875,40.125,11.25,28.875,19.875,12.625,1.6307067932067931,6.375,19.875,32.75,28.375,59.625,47.56096586316559,20.875,28.0,74.0375,0.0,8.875,0.700684731934732,5.5,18.0,0.3404128959276018,12.625,0.0,106.625
95,105,2013-03-29,1,1,2012-13,Portland Trail Blazers,Utah Jazz,98.875,30.0,56.25,12.625,42.75,10.5,32.25,23.0,13.625,1.7582389016212547,10.0,23.0,43.9375,28.125,60.625,46.5532436401455,12.625,16.5,75.7375,0.0,5.625,0.4390295162353986,4.25,16.875,0.25529891304347824,13.625,0.0,111.5,96.0,19.5,60.0,16.5,41.625,11.625,30.0,21.625,15.625,1.527576293675365,6.5,16.25,39.9625,30.0,65.375,45.777563819702394,16.5,21.875,74.23750000000001,0.0,9.625,0.6604542145805691,6.0,22.75,0.26514966757453967,15.625,0.0,108.75
82,99,2013-03-29,1,1,2012-13,Detroit Pistons,Toronto Raptors,91.25,19.875,56.75,14.625,35.75,10.375,25.375,21.75,14.25,1.6358340189222542,6.625,20.375,31.5625,28.375,58.125,48.74579857944183,14.625,19.75,77.26249999999999,0.0,6.75,0.5028278094454565,3.5,19.375,0.1948728354978355,14.25,0.0,96.125,92.25,15.0,59.75,17.5,41.625,11.875,29.75,17.5,16.625,1.1155660822021116,5.0,20.0,24.487499999999997,29.875,60.125,49.93408805058954,17.5,21.25,82.275,0.0,7.375,0.46566906337126923,4.25,22.125,0.1829467030553987,16.625,0.0,97.375
101,93,2013-03-29,1,1,2012-13,Minnesota Timberwolves,Oklahoma City Thunder,101.0,16.875,67.0,17.125,40.125,11.0,29.125,23.5,14.25,1.6802083333333335,5.625,18.625,29.812500000000004,33.5,64.125,52.677676220883306,17.125,22.5,77.03750000000001,0.0,8.875,0.6224626068376068,4.625,19.5,0.24862806402852167,14.25,0.0,114.875,103.75,14.625,63.0,26.125,46.25,10.375,35.875,18.5,16.125,1.2097210081585081,4.875,17.375,30.349999999999998,31.5,60.0,52.363982208186144,26.125,32.625,79.8375,0.0,8.5,0.56557837995338,7.25,20.125,0.3858737939620292,16.125,0.0,120.625
104,102,2013-03-29,1,1,2012-13,San Antonio Spurs,Los Angeles Clippers,100.25,24.0,59.5,16.75,40.75,9.125,31.625,24.5,16.125,1.5763378267973858,8.0,20.375,40.7375,29.75,60.75,48.817810690035905,16.75,20.625,82.025,0.0,7.875,0.5028084150326798,6.25,17.0,0.3875632945485886,16.125,0.0,116.25,102.125,28.125,56.5,17.5,40.125,10.625,29.5,23.625,14.375,1.6881200396825395,9.375,27.0,34.5,28.25,50.75,55.45577338659683,17.5,24.5,72.4,0.0,9.0,0.6509176587301588,4.5,21.625,0.21468616679214506,14.375,0.0,117.875
97,92,2013-03-29,1,1,2012-13,Orlando Magic,Washington Wizards,96.0,19.125,64.5,12.375,40.75,10.375,30.375,19.875,12.5,1.6347184065934066,6.375,21.375,29.5,32.25,67.0,48.29283260698081,12.375,17.25,72.05,0.0,8.25,0.6838083791208791,4.0,22.375,0.17928737928737926,12.5,0.0,101.75,100.875,23.625,59.0,18.25,40.625,11.0,29.625,23.0,14.0,1.8163156288156288,7.875,18.375,42.3375,29.5,62.25,47.68159104284611,18.25,24.75,75.0875,0.0,7.25,0.5598384866767219,3.875,21.125,0.1949545552486729,14.0,0.0,111.875
118,107,2013-03-29,1,1,2012-13,Boston Celtics,Atlanta Hawks,98.0,20.625,58.0,19.375,36.875,6.25,30.625,23.25,15.875,1.5135016025641024,6.875,17.0,40.375,29.0,57.375,50.73711389614163,19.375,25.125,77.23750000000001,0.0,8.5,0.5542696886446886,6.5,20.25,0.32681041546173123,15.875,0.0,113.0,102.625,26.25,61.75,14.625,39.125,7.75,31.375,26.125,14.5,1.9050969251336898,8.75,21.875,40.175,30.875,58.625,52.82454529380759,14.625,19.625,75.1875,0.0,10.125,0.7332414215686275,4.25,16.625,0.2709411396137402,14.5,0.0,121.875
87,97,2013-03-29,1,1,2012-13,Cleveland Cavaliers,Philadelphia 76ers,93.125,19.875,58.75,14.5,40.75,11.25,29.5,20.625,14.375,1.5134494504463545,6.625,20.0,34.2625,29.375,64.625,45.46125802411924,14.5,21.0,69.75,0.0,8.875,0.6405123814953536,3.5,23.125,0.15935511726459997,14.375,0.0,97.375,96.625,19.125,66.0,11.5,41.125,11.5,29.625,25.625,15.125,1.8402983489940015,6.375,17.0,37.75,33.0,67.375,48.95969363589205,11.5,15.375,74.3625,0.0,7.75,0.5447364229972926,5.75,18.25,0.3166116047694995,15.125,0.0,112.875
109,87,2013-03-29,1,1,2012-13,Denver Nuggets,Brooklyn Nets,103.0,13.875,67.25,21.875,44.125,14.625,29.5,21.5,16.0,1.3621586134453783,4.625,15.625,28.5875,33.625,68.375,48.791277042597464,21.875,28.75,76.69999999999999,0.0,9.5,0.5960696778711485,6.25,19.25,0.3396947117901318,16.0,0.0,115.75,104.75,19.875,67.0,17.875,43.625,14.625,29.0,21.75,12.5,1.8265151515151516,6.625,19.875,32.9375,33.5,63.125,52.95057475275056,17.875,23.375,76.10000000000001,0.0,7.125,0.5892992424242425,3.5,17.25,0.2066357683424247,12.5,0.0,119.875
89,108,2013-03-29,1,1,2012-13,New Orleans Hornets,Miami Heat,91.25,16.125,60.5,14.625,40.875,13.625,27.25,20.375,15.125,1.3988737977708565,5.375,16.75,30.962500000000002,30.25,61.875,49.03540435106162,14.625,18.25,81.775,0.0,7.125,0.4847501762942939,5.625,21.625,0.27219028520499106,15.125,0.0,103.5,104.375,29.625,56.25,18.5,37.0,7.0,30.0,24.5,13.5,1.9185496794871795,9.875,22.375,44.225,28.125,52.875,53.188800602100706,18.5,25.375,73.25,0.0,9.625,0.713661858974359,6.75,15.75,0.42554832830568123,13.5,0.0,124.625
103,94,2013-03-29,1,1,2012-13,Memphis Grizzlies,Houston Rockets,91.75,14.25,59.25,18.25,43.25,13.375,29.875,16.375,14.125,1.3196357064632993,4.75,14.125,33.8,29.625,66.75,44.905754495243464,18.25,22.75,78.97500000000001,0.0,7.0,0.5476948876716679,4.75,22.5,0.21881230854915065,14.125,0.0,98.0,100.625,30.0,50.5,20.125,45.125,12.375,32.75,20.875,18.125,1.1587868142975242,10.0,28.375,34.8625,25.25,51.375,49.53916350598962,20.125,25.875,77.41250000000001,0.0,8.125,0.45517993923524613,4.75,19.875,0.25547019104084323,18.125,0.0,111.125
100,92,2013-03-30,1,1,2012-13,Philadelphia 76ers,Charlotte Bobcats,97.0,19.125,66.5,11.375,41.5,11.375,30.125,25.25,14.625,1.9225633062589584,6.375,17.0,37.75000000000001,33.25,67.5,49.236800747393374,11.375,15.125,74.575,0.0,7.125,0.5180270212878908,6.125,17.125,0.35725845791635263,14.625,0.0,113.75,97.0,20.625,55.5,20.875,38.375,10.5,27.875,19.625,13.375,1.5357870071105364,6.875,21.0,33.15,27.75,58.0,47.90227791990318,20.875,28.125,73.7125,0.0,8.75,0.6612462292609352,5.5,19.0,0.3340026395173454,13.375,0.0,104.25
86,99,2013-03-30,1,1,2012-13,Minnesota Timberwolves,Memphis Grizzlies,101.125,16.5,66.75,17.875,41.375,11.5,29.875,22.875,14.0,1.6670964452214454,5.5,17.5,30.85,33.375,65.5,51.32318705679661,17.875,23.375,77.22500000000001,0.0,9.375,0.6784066627816627,3.875,18.375,0.22144056402852164,14.0,0.0,115.0,94.625,14.25,61.75,18.625,42.625,12.5,30.125,17.375,13.75,1.416274361925484,4.75,14.0,34.1875,30.875,66.125,47.07134675954646,18.625,23.0,79.7625,0.0,7.0,0.5602999296884746,4.625,22.125,0.21671900711374395,13.75,0.0,103.625
99,109,2013-03-30,1,1,2012-13,Milwaukee Bucks,Oklahoma City Thunder,97.875,22.125,62.0,13.75,46.5,16.625,29.875,21.875,12.5,1.7701198107448108,7.375,21.625,33.912499999999994,31.0,70.875,44.00331659657026,13.75,18.25,75.075,0.0,7.25,0.5829937423687424,5.125,16.25,0.3363986748545572,12.5,0.0,107.5,101.625,13.875,63.25,24.5,45.375,10.375,35.0,18.0,15.0,1.234721008158508,4.625,17.375,28.787499999999998,31.625,61.25,51.43930416086659,24.5,31.0,78.85000000000001,0.0,8.0,0.5596408799533799,7.625,20.25,0.39810924369747897,15.0,0.0,116.75
100,98,2013-03-30,1,1,2012-13,Dallas Mavericks,Chicago Bulls,103.0,22.875,64.25,15.875,38.875,8.5,30.375,23.125,14.375,1.663288192071087,7.625,19.625,38.55,32.125,61.75,52.26204842306028,15.875,19.75,78.66250000000001,0.0,8.375,0.5857755183413078,4.75,20.5,0.23325524986709198,14.375,0.0,118.25,96.5,17.625,65.75,13.125,44.0,13.25,30.75,24.5,14.125,1.8891793255763845,5.875,18.375,31.674999999999997,32.875,68.5,48.09161031531943,13.125,17.0,77.375,0.0,6.625,0.5062122926093514,4.125,18.875,0.21855472152976024,14.125,0.0,109.625
98,81,2013-03-30,1,1,2012-13,Houston Rockets,Los Angeles Clippers,99.25,26.25,52.25,20.75,44.625,12.375,32.25,20.5,17.25,1.1974772904880002,8.75,26.625,33.2375,26.125,52.5,50.32620054302666,20.75,26.25,79.2,0.0,8.125,0.4849418439971509,4.75,20.125,0.2534669859126381,17.25,0.0,110.25,98.75,25.875,55.75,17.125,40.5,11.375,29.125,22.25,14.0,1.6532174422799422,8.625,25.875,33.5125,27.875,52.0,53.4551530392023,17.125,24.0,72.0375,0.0,8.375,0.6257553210678211,4.5,21.0,0.2185681543697848,14.0,0.0,112.125
104,112,2013-03-30,1,1,2012-13,Phoenix Suns,Indiana Pacers,94.25,16.125,64.25,13.875,44.75,14.875,29.875,22.375,15.375,1.6070363562091505,5.375,19.25,27.9625,32.125,68.375,47.15587830376247,13.875,21.0,65.55,0.0,8.5,0.5949207144979204,4.375,20.0,0.23468677732212326,15.375,0.0,101.625,98.25,18.375,60.25,19.625,51.875,13.375,38.5,21.0,14.25,1.5153083028083028,6.125,17.875,34.4375,30.125,65.375,46.191041064004104,19.625,24.625,79.725,0.0,6.875,0.513034188034188,6.125,19.25,0.3249721270086982,14.25,0.0,117.875
97,88,2013-03-30,1,1,2012-13,Atlanta Hawks,Orlando Magic,102.625,24.75,62.5,15.375,39.0,8.0,31.0,26.25,13.625,2.005577694364459,8.25,21.5,38.65,31.25,59.5,52.76427528416439,15.375,20.625,74.925,0.0,9.125,0.7034337292609352,4.0,16.125,0.2612920168067227,13.625,0.0,120.625,96.0,17.25,65.75,13.0,40.375,10.375,30.0,20.5,11.875,1.7934485653235652,5.75,19.25,29.75,32.875,68.25,48.39384853863631,13.0,17.875,72.7125,0.0,8.5,0.7363877442002442,4.375,20.625,0.20666833166833168,11.875,0.0,104.125
116,107,2013-03-30,1,1,2012-13,Utah Jazz,Brooklyn Nets,98.25,19.125,64.0,15.125,42.5,11.625,30.875,22.125,14.375,1.708826293675365,6.375,16.75,38.4375,32.0,65.625,48.63060629961054,15.125,20.0,74.8,0.0,9.5,0.729204214580569,5.75,22.5,0.2568887980093223,14.375,0.0,114.875,103.5,19.5,65.25,18.75,44.75,16.25,28.5,20.5,13.75,1.6154761904761905,6.5,20.0,32.1125,32.625,62.75,51.816075026124,18.75,25.875,73.75,0.0,7.625,0.596875,3.875,17.625,0.22098983532807062,13.75,0.0,115.75
98,103,2013-03-30,1,1,2012-13,Sacramento Kings,Los Angeles Lakers,107.5,27.75,64.0,15.75,39.75,9.25,30.5,21.375,13.125,1.9339312648136175,9.25,24.75,37.375,32.0,59.125,54.10597667049687,15.75,20.0,79.4125,0.0,6.125,0.6365106298929828,3.75,20.25,0.17795428756026582,13.125,0.0,118.5,100.75,26.25,55.5,19.0,45.5,10.75,34.75,22.125,15.125,1.5554242530345472,8.75,24.5,35.575,27.75,58.0,48.46396482626066,19.0,27.625,69.675,0.0,6.875,0.483094070961718,4.625,17.25,0.2714746283128636,15.125,0.0,110.125
125,98,2013-03-30,1,1,2012-13,Golden State Warriors,Portland Trail Blazers,100.25,24.375,61.75,14.125,42.5,9.25,33.25,23.0,14.375,1.705394207508178,8.125,19.5,41.5875,30.875,62.125,50.04526047189568,14.125,18.5,77.6875,0.0,6.5,0.47481886985563454,5.625,18.625,0.3179960726980851,14.375,0.0,116.5,97.625,28.5,55.5,13.625,41.625,10.125,31.5,22.75,13.875,1.7158281873355405,9.5,21.125,45.25,27.75,61.125,45.3032436401455,13.625,17.875,75.8,0.0,5.0,0.39103844480682715,3.875,17.125,0.22925724637681158,13.875,0.0,107.75
86,88,2013-03-31,1,1,2012-13,San Antonio Spurs,Miami Heat,100.125,23.25,59.0,17.875,40.375,8.75,31.625,25.0,15.75,1.718698937908497,7.75,19.625,40.974999999999994,29.5,60.5,48.637204966223734,17.875,21.5,84.1,0.0,7.375,0.47155841503267976,6.75,17.0,0.41256329454858864,15.75,0.0,117.375,104.5,32.25,54.75,17.5,35.25,6.375,28.875,25.25,13.75,1.9364068223443223,10.75,23.875,44.875,27.375,50.125,54.88150893543404,17.5,24.625,70.8375,0.0,10.125,0.738959478021978,6.5,16.5,0.3972082473340213,13.75,0.0,124.875
108,89,2013-03-31,1,1,2012-13,New York Knicks,Boston Celtics,100.5,30.75,53.25,16.5,37.5,9.875,27.625,17.25,11.75,1.515219155844156,10.25,25.25,40.6625,26.625,51.875,51.819484021202925,16.5,21.5,76.07499999999999,0.0,9.375,0.8441107503607503,3.125,23.25,0.13721560846560846,11.75,0.0,110.75,98.75,22.5,58.25,18.0,36.5,6.625,29.875,22.75,15.75,1.4949576465201464,7.5,18.0,41.35,29.125,57.25,51.05815214750775,18.0,23.375,77.36250000000001,0.0,8.125,0.5329784798534798,6.75,20.375,0.33700778388278385,15.75,0.0,113.125
112,92,2013-03-31,1,1,2012-13,New Orleans Hornets,Cleveland Cavaliers,90.125,16.125,59.0,15.0,41.25,13.625,27.625,19.875,15.875,1.3027199516170103,5.375,17.0,30.525000000000002,29.5,61.125,48.452167023872676,15.0,18.625,82.05,0.0,7.375,0.47968944754935466,4.875,21.125,0.24504742806213395,15.875,0.0,100.75,92.0,18.75,59.75,13.5,40.125,11.375,28.75,21.125,14.0,1.6211417581386622,6.25,19.625,32.875,29.875,65.0,45.9505114177844,13.5,19.5,69.375,0.0,8.875,0.657820073803046,4.0,21.375,0.20073442760942758,14.0,0.0,97.625
109,92,2013-03-31,1,1,2012-13,Washington Wizards,Toronto Raptors,100.375,21.75,58.75,19.875,42.625,12.125,30.5,22.0,14.25,1.710660866910867,7.25,18.375,39.2125,29.375,63.375,46.5190752799205,19.875,26.375,76.16250000000001,0.0,7.125,0.5434694390576743,3.25,21.125,0.16023233302645068,14.25,0.0,109.5,92.125,13.5,63.5,15.125,41.0,12.0,29.0,17.875,16.75,1.1259827488687784,4.5,18.75,23.9875,31.75,61.125,52.057514042511606,15.125,18.125,82.4375,0.0,7.125,0.4363130027652086,4.375,21.375,0.2014126121463078,16.75,0.0,99.125
95,94,2013-03-31,1,1,2012-13,Chicago Bulls,Detroit Pistons,98.625,20.625,65.0,13.0,43.125,12.375,30.75,25.375,14.125,1.9564870178840768,6.875,19.0,35.6875,32.5,66.75,48.63433146693308,13.0,17.75,72.86250000000001,0.0,6.375,0.4869815233785822,4.125,18.5,0.22485724253816358,14.125,0.0,112.375,89.375,17.625,58.5,13.25,36.5,10.625,25.875,21.75,13.75,1.692395104895105,5.875,19.75,29.0625,29.25,60.25,48.55656392847463,13.25,17.375,77.675,0.0,6.625,0.5045246420246421,3.5,18.375,0.20952485014985014,13.75,0.0,95.0
102,94,2013-04-01,1,1,2012-13,Atlanta Hawks,Cleveland Cavaliers,101.625,24.0,60.5,17.125,39.75,8.0,31.75,24.75,14.5,1.7896686034553682,8.0,21.5,37.4625,30.25,58.75,51.761769018500225,17.125,22.875,75.55,0.0,8.5,0.606842820170026,4.125,16.625,0.2612920168067227,14.5,0.0,116.5,91.625,18.375,61.0,12.25,38.0,10.0,28.0,20.625,14.375,1.526985913982818,6.125,18.625,33.887499999999996,30.5,65.875,46.30344453181949,12.25,17.875,69.25,0.0,8.625,0.6204824114653835,4.375,21.125,0.21790834065290582,14.375,0.0,95.375
131,102,2013-04-01,1,1,2012-13,Milwaukee Bucks,Charlotte Bobcats,98.5,23.25,62.25,13.0,46.125,16.625,29.5,22.625,12.375,1.8784531440781442,7.75,22.125,34.5875,31.125,71.5,43.84480210381663,13.0,17.5,74.6,0.0,7.375,0.6052159645909645,4.875,16.75,0.31764867485455717,12.375,0.0,107.875,98.75,19.125,59.5,20.125,38.25,9.625,28.625,20.625,13.25,1.6303382891618186,6.375,19.25,32.8625,29.75,59.25,50.2095801511405,20.125,27.375,72.7,0.0,7.625,0.5787141779788839,5.5,19.5,0.3302147607294666,13.25,0.0,107.875
110,100,2013-04-01,1,1,2012-13,Minnesota Timberwolves,Boston Celtics,99.75,16.5,65.0,18.25,42.375,11.625,30.75,23.0,13.875,1.6818023275743865,5.5,17.625,30.6,32.5,65.75,49.297376732666955,18.25,24.25,76.4125,0.0,8.75,0.6449099307555191,2.875,18.75,0.1670147267079475,13.875,0.0,111.5,96.75,21.375,56.75,18.625,35.875,6.5,29.375,20.75,15.625,1.3507268772893772,7.125,19.25,36.512499999999996,28.375,55.375,51.38101566791591,18.625,23.75,79.025,0.0,7.75,0.5065361721611721,6.125,20.5,0.30643419080919077,15.625,0.0,107.375
98,108,2013-04-01,1,1,2012-13,Toronto Raptors,Detroit Pistons,92.625,15.0,62.0,15.625,42.375,12.75,29.625,18.375,16.125,1.2098502702362997,5.0,19.5,25.700000000000003,31.0,60.625,51.22662450194465,15.625,19.0,81.35000000000001,0.0,6.0,0.37915488310708895,4.375,21.75,0.19765007034028773,16.125,0.0,100.125,89.875,17.625,59.0,13.25,38.375,10.875,27.5,22.75,15.0,1.6041598107774577,5.875,19.25,30.162499999999998,29.5,59.75,49.404778214188916,13.25,17.875,75.78750000000001,0.0,6.625,0.4520036336212807,3.5,19.375,0.19503209652666176,15.0,0.0,97.875
112,102,2013-04-01,1,1,2012-13,Utah Jazz,Portland Trail Blazers,101.5,21.0,66.25,14.25,42.125,12.0,30.125,23.25,14.875,1.671326293675365,7.0,16.875,41.87499999999999,33.125,66.75,49.557452890519635,14.25,19.125,73.86250000000001,0.0,10.375,0.7583708812472357,6.0,22.125,0.27474594086646514,14.875,0.0,120.0,95.875,28.875,53.25,13.75,40.75,10.0,30.75,22.5,13.875,1.6931009146082676,9.625,21.625,45.0,26.625,60.625,43.92027751837341,13.75,18.5,74.175,0.0,5.0,0.39103844480682715,3.5,16.875,0.211201690821256,13.875,0.0,103.0
106,109,2013-04-01,1,1,2012-13,Los Angeles Clippers,Indiana Pacers,98.25,26.25,55.5,16.5,41.0,10.625,30.375,21.375,14.625,1.5554730813776867,8.75,25.375,34.6,27.75,53.25,52.018817635475585,16.5,23.5,70.95,0.0,9.0,0.6469019376091745,4.875,21.5,0.2294947277963582,14.625,0.0,110.75,100.875,17.625,61.5,21.75,51.625,13.5,38.125,20.125,14.25,1.452808302808303,5.875,17.75,33.0875,30.75,64.5,47.676083799046836,21.75,27.75,78.8375,0.0,7.75,0.575534188034188,6.375,19.25,0.3374721270086982,14.25,0.0,120.875
111,103,2013-04-01,1,1,2012-13,Houston Rockets,Orlando Magic,97.625,25.875,51.5,20.25,44.875,12.5,32.375,19.375,17.125,1.1527638517528225,8.625,27.0,31.975,25.75,52.625,49.53886288068899,20.25,25.875,78.4125,0.0,7.75,0.4703667451829217,4.75,20.875,0.23610587480152698,17.125,0.0,106.375,94.0,16.125,65.0,12.875,42.875,11.625,31.25,20.5,13.0,1.722395933744618,5.375,17.5,30.3625,32.5,69.375,47.11526226005004,12.875,18.625,70.0,0.0,8.25,0.6521772178844547,4.875,20.875,0.22666833166833167,13.0,0.0,102.75
92,90,2013-04-01,1,1,2012-13,Memphis Grizzlies,San Antonio Spurs,96.5,15.0,62.25,19.25,41.75,11.75,30.0,18.75,13.5,1.5829410285921508,5.0,13.75,37.525,31.125,65.875,47.64521733341702,19.25,23.625,80.6125,0.0,7.625,0.6311332630218079,4.5,22.875,0.2049495265942634,13.5,0.0,107.75,100.5,22.5,61.0,17.0,41.625,9.375,32.25,25.875,15.75,1.7701695261437909,7.5,19.0,40.74999999999999,30.5,60.75,50.28386019778463,17.0,21.25,80.025,0.0,7.125,0.4568525326797386,6.5,16.0,0.4079845399698341,15.75,0.0,119.875
90,102,2013-04-02,1,1,2012-13,Miami Heat,New York Knicks,102.0,33.0,52.75,16.25,36.125,6.5,29.625,24.25,13.625,1.8748537920412922,11.0,24.625,44.55,26.375,49.875,52.93060454266918,16.25,22.875,70.55,0.0,10.0,0.7351715992340992,7.25,16.625,0.4460177711435451,13.625,0.0,122.25,104.0,31.5,54.25,18.25,37.75,10.25,27.5,17.5,12.25,1.4447063353313354,10.5,25.375,41.375,27.125,50.625,53.7891809908999,18.25,23.625,76.825,0.0,9.375,0.8141962204462204,3.125,22.625,0.138267797017797,12.25,0.0,115.75
90,86,2013-04-02,1,1,2012-13,Washington Wizards,Chicago Bulls,98.125,19.875,58.25,20.0,43.375,12.0,31.375,21.25,14.125,1.6689942002442002,6.625,17.875,37.4875,29.125,62.875,46.4986504433192,20.0,27.375,73.575,0.0,6.875,0.5240249946132299,3.5,22.125,0.16343746123157887,14.125,0.0,106.625,100.625,22.875,63.0,14.75,42.875,12.125,30.75,25.375,13.125,2.0806700244200242,7.625,19.25,38.849999999999994,31.5,65.625,47.77462361544191,14.75,20.875,70.4625,0.0,7.375,0.61116452991453,4.25,18.375,0.2328981782106782,13.125,0.0,115.5
101,81,2013-04-02,1,1,2012-13,Los Angeles Lakers,Dallas Mavericks,102.125,27.0,55.5,19.625,45.125,11.125,34.0,23.5,15.0,1.789799253034547,9.0,24.625,36.2875,27.75,56.625,49.63917850147433,19.625,28.875,68.475,0.0,7.25,0.5500583566760038,5.375,16.625,0.3202097473604827,15.0,0.0,114.625,103.5,22.5,64.25,16.75,38.0,8.625,29.375,23.0,13.75,1.7407029647983596,7.5,19.25,38.550000000000004,32.125,61.75,52.26204842306028,16.75,20.625,80.4375,0.0,7.875,0.565178927432217,5.125,20.25,0.25995803624480096,13.75,0.0,118.5
98,93,2013-04-03,1,1,2012-13,Boston Celtics,Detroit Pistons,96.375,20.25,58.25,17.875,36.375,6.875,29.5,20.875,15.125,1.3916932638439992,6.75,18.625,36.0375,29.125,57.125,51.00394176143024,17.875,22.5,79.25,0.0,7.125,0.48237650829562595,5.625,19.875,0.2906374875124875,15.125,0.0,106.75,91.25,18.375,59.25,13.625,37.25,10.0,27.25,22.5,14.875,1.612493144110791,6.125,19.0,32.324999999999996,29.625,58.5,50.58645384142906,13.625,18.75,74.0,0.0,6.375,0.4325591891768362,3.625,18.75,0.20238503770313235,14.875,0.0,99.25
88,78,2013-04-03,1,1,2012-13,Toronto Raptors,Washington Wizards,93.375,16.875,62.75,13.75,40.25,12.25,28.0,19.375,15.125,1.3598502702362998,5.625,20.875,26.712500000000002,31.375,60.875,51.63610726056534,13.75,16.875,80.7,0.0,6.0,0.40415488310708897,4.375,21.0,0.21299533888248723,15.125,0.0,100.375,95.125,19.875,55.75,19.5,44.625,11.5,33.125,20.625,13.125,1.7564942002442003,6.625,17.625,38.2625,27.875,62.75,44.683382378051135,19.5,27.0,72.73750000000001,0.0,6.5,0.5198583279465632,3.375,20.625,0.17511328540740306,13.125,0.0,103.75
76,94,2013-04-03,1,1,2012-13,Portland Trail Blazers,Memphis Grizzlies,96.125,29.25,53.25,13.625,38.75,8.875,29.875,22.375,14.25,1.6384134146082676,9.75,21.0,46.699999999999996,26.625,58.375,46.06470567086608,13.625,18.875,71.55,0.0,4.625,0.358586521729904,3.0,17.25,0.17233614460276864,14.25,0.0,102.375,96.5,13.875,62.0,20.625,40.625,11.625,29.0,18.25,13.125,1.587748720899843,4.625,12.625,37.1875,31.0,66.625,46.919207232406926,20.625,25.25,82.0375,0.0,8.0,0.6859409553295003,3.875,22.0,0.19006857421331103,13.125,0.0,105.875
102,112,2013-04-03,1,1,2012-13,Sacramento Kings,Houston Rockets,104.625,27.0,63.0,14.625,40.25,10.375,29.875,21.625,14.0,1.7068479314802842,9.0,24.875,36.1375,31.5,59.375,53.05758957372268,14.625,18.75,79.0,0.0,5.125,0.4219272965596495,3.625,20.5,0.1684056764491547,14.0,0.0,113.375,98.0,25.125,54.0,18.875,46.125,13.5,32.625,19.625,16.0,1.3541527406417113,8.375,26.75,31.4125,27.0,55.875,48.612000730368806,18.875,24.75,76.28750000000001,0.0,7.375,0.47731118962736613,5.25,20.75,0.26307955901205327,16.0,0.0,107.25
96,113,2013-04-03,1,1,2012-13,Utah Jazz,Denver Nuggets,105.125,21.0,70.25,13.875,40.375,10.875,29.5,24.375,13.5,2.0879929603420315,7.0,17.25,41.0625,35.125,67.25,52.5485371585668,13.875,18.375,74.55,0.0,10.0,0.8306748028158633,5.75,21.375,0.26963085135239867,13.5,0.0,125.25,102.0,12.0,68.75,21.25,41.625,13.375,28.25,21.625,15.625,1.4184086134453782,4.0,14.75,26.8,34.375,68.0,50.35873736005779,21.25,28.0,76.375,0.0,9.625,0.6294030112044818,5.875,20.5,0.3064605848060048,15.625,0.0,114.0
98,88,2013-04-03,1,1,2012-13,Golden State Warriors,New Orleans Hornets,102.75,24.75,63.0,15.0,43.75,9.25,34.5,22.375,14.0,1.7207788228927936,8.25,19.75,41.6625,31.5,63.75,49.49592382181275,15.0,18.75,80.375,0.0,6.625,0.5017419467787114,5.5,19.75,0.2846627393647517,14.0,0.0,119.5,93.25,19.5,58.0,15.75,41.875,13.375,28.5,20.875,16.375,1.3239320728291317,6.5,17.25,35.6875,29.0,60.125,48.49856355959801,15.75,19.875,81.4625,0.0,7.5,0.46984096270086984,5.5,20.875,0.27794216490423923,16.375,0.0,106.625
88,83,2013-04-03,1,1,2012-13,Charlotte Bobcats,Philadelphia 76ers,100.5,18.75,60.5,21.25,37.875,9.375,28.5,20.0,14.125,1.532124003447533,6.25,19.125,32.4375,30.25,59.0,51.358720362780716,21.25,28.25,74.78750000000001,0.0,7.625,0.5578808446455507,5.25,19.875,0.3099941724941725,14.125,0.0,108.5,97.25,18.75,66.5,12.0,40.5,11.125,29.375,25.25,14.125,2.0225633062589585,6.25,17.375,35.887499999999996,33.25,66.375,50.22364285265653,12.0,16.125,74.1625,0.0,7.25,0.5519555927164623,4.5,17.5,0.27913345791635263,14.125,0.0,112.25
98,84,2013-04-03,1,1,2012-13,San Antonio Spurs,Orlando Magic,100.25,23.625,60.0,16.625,40.5,8.875,31.625,24.625,15.75,1.6920445261437909,7.875,20.25,40.2875,30.0,58.375,51.38082661165245,16.625,20.5,81.825,0.0,7.25,0.4646650326797386,7.0,17.625,0.4014628008393993,15.75,0.0,119.25,93.25,16.5,62.75,14.0,43.375,12.0,31.375,20.625,12.625,1.795472856821541,5.5,16.75,32.3875,31.375,70.125,45.11205713184491,14.0,19.375,72.975,0.0,7.75,0.6310233717306086,5.5,21.0,0.2539951714951715,12.625,0.0,102.5
82,95,2013-04-03,1,1,2012-13,Atlanta Hawks,New York Knicks,100.25,24.375,59.0,16.875,40.5,8.625,31.875,24.75,14.125,1.8438352701220349,8.125,22.625,36.449999999999996,29.5,58.375,50.75414374616908,16.875,22.5,75.6375,0.0,8.625,0.6318428201700261,4.25,16.875,0.2666841736694678,14.125,0.0,115.25,105.5,33.75,54.0,17.75,36.5,10.0,26.5,17.375,12.25,1.4357777639027638,11.25,25.875,43.5125,27.0,50.375,53.80153276955602,17.75,23.0,76.575,0.0,9.25,0.805267649017649,2.875,23.125,0.12350589225589224,12.25,0.0,116.0
95,113,2013-04-03,1,1,2012-13,Cleveland Cavaliers,Brooklyn Nets,92.625,16.875,63.75,12.0,38.625,10.125,28.5,22.0,13.875,1.6609144854113895,5.625,18.125,31.5375,31.875,66.75,47.7439541157372,12.0,17.5,69.1125,0.0,8.375,0.6244506654336376,4.25,22.625,0.20228334065290585,13.875,0.0,99.125,103.375,20.625,65.0,17.75,44.875,15.75,29.125,21.5,14.375,1.6222163865546217,6.875,20.875,32.55,32.5,62.0,52.307723733020545,17.75,24.375,74.3375,0.0,7.25,0.5503063725490196,4.75,18.25,0.25764397066641653,14.375,0.0,117.25
98,107,2013-04-03,1,1,2012-13,Milwaukee Bucks,Minnesota Timberwolves,100.5,24.0,64.5,12.0,46.0,16.75,29.25,23.5,12.0,2.018875222000222,8.0,22.125,35.525,32.25,72.75,44.624862986617245,12.0,16.375,74.5625,0.0,7.5,0.6311899905649906,4.75,17.75,0.30070728291316523,12.0,0.0,111.25,103.875,16.125,68.0,19.75,40.625,10.375,30.25,25.0,13.625,1.9109689942410533,5.375,16.875,30.950000000000003,34.0,66.125,51.39104918924264,19.75,25.375,78.96249999999999,0.0,9.125,0.6969932640888523,2.875,18.625,0.1708026054958263,13.625,0.0,118.625
126,101,2013-04-03,1,1,2012-13,Los Angeles Clippers,Phoenix Suns,99.875,25.125,57.5,17.25,39.125,10.875,28.25,21.875,14.875,1.5614254623300676,8.375,23.875,34.9375,28.75,55.375,51.74454901845431,17.25,22.875,75.16250000000001,0.0,9.25,0.6573186042758411,4.0,22.125,0.17937395484949833,14.875,0.0,111.5,95.5,17.25,64.75,13.5,43.375,14.625,28.75,23.625,14.5,1.7234579248366013,5.75,18.375,32.2375,32.375,69.625,46.56064020852438,13.5,19.5,68.925,0.0,8.25,0.6016609105763517,4.5,20.75,0.23677011065545658,14.5,0.0,104.875
100,88,2013-04-04,1,1,2012-13,Oklahoma City Thunder,San Antonio Spurs,100.625,13.875,62.75,24.0,44.875,10.625,34.25,18.375,14.375,1.3196569055944054,4.625,17.75,28.0625,31.375,60.75,51.52674026525184,24.0,29.625,80.1875,0.0,8.125,0.5852819055944056,8.625,20.75,0.441859243697479,14.375,0.0,118.125,97.625,25.125,57.75,14.75,41.75,9.0,32.75,23.875,15.5,1.6729473039215685,8.375,21.75,40.1875,28.875,58.375,49.53656431657048,14.75,18.5,79.6,0.0,7.25,0.47074142156862747,6.625,16.0,0.4222961341727326,15.5,0.0,115.0
90,92,2013-04-04,1,1,2012-13,Brooklyn Nets,Chicago Bulls,105.875,21.375,66.25,18.25,44.125,14.625,29.5,23.25,14.75,1.6933512549756744,7.125,20.625,34.15,33.125,61.0,54.25216817746499,18.25,25.125,73.83749999999999,0.0,7.125,0.5350925567595459,5.125,19.0,0.2737153992378451,14.75,0.0,122.5,97.25,21.75,61.75,13.75,43.125,12.25,30.875,24.5,12.0,2.2369200244200242,7.25,20.125,35.3125,30.875,65.5,46.92659105099143,13.75,20.125,68.2625,0.0,7.125,0.6558073870573871,4.5,18.125,0.2453981782106782,12.0,0.0,110.625
95,94,2013-04-04,1,1,2012-13,Denver Nuggets,Dallas Mavericks,105.25,14.25,68.75,22.25,41.625,12.75,28.875,22.125,15.25,1.482484243697479,4.75,15.5,30.625,34.375,66.75,51.547548548868974,22.25,29.25,76.6625,0.0,9.5,0.6330794817927171,5.625,20.75,0.2855627519886673,15.25,0.0,118.75,101.0,21.75,63.75,15.5,38.375,8.625,29.75,23.625,13.375,1.8212318109522057,7.25,19.0,37.787499999999994,31.875,61.75,51.85882261660867,15.5,20.125,74.1875,0.0,7.625,0.5693856582014477,5.625,20.75,0.27870803624480095,13.375,0.0,116.625
107,111,2013-04-05,1,1,2012-13,Phoenix Suns,Golden State Warriors,95.0,17.625,62.75,14.625,42.5,13.875,28.625,24.125,15.25,1.70202935340803,5.875,17.875,33.8125,31.375,68.75,45.677555631409945,14.625,20.125,71.55,0.0,8.0,0.5778513867668279,4.375,20.875,0.22687427732212326,15.25,0.0,103.875,103.125,26.25,62.5,14.375,45.375,9.75,35.625,23.5,14.125,1.794496771610742,8.75,20.375,43.5875,31.25,63.375,49.389991618422926,14.375,17.75,81.17500000000001,0.0,6.25,0.46648553652230124,5.625,20.25,0.28081119874850524,14.125,0.0,122.625
86,84,2013-04-05,1,1,2012-13,Los Angeles Lakers,Memphis Grizzlies,102.375,25.125,57.5,19.75,46.25,12.625,33.625,23.0,15.375,1.7245214752567692,8.375,24.375,34.2,28.75,57.25,50.971837070975006,19.75,29.25,68.0875,0.0,7.125,0.5306139122315593,5.375,16.5,0.32388621794871797,15.375,0.0,114.75,97.0,13.125,63.0,20.875,38.5,10.125,28.375,20.25,12.25,1.7966302998472115,4.375,12.25,36.35,31.5,64.25,49.34549715869685,20.875,25.75,81.45,0.0,8.625,0.7572128851540616,3.75,20.875,0.19469820384294068,12.25,0.0,110.375
93,95,2013-04-05,1,1,2012-13,Minnesota Timberwolves,Toronto Raptors,105.0,18.75,67.0,19.25,40.25,9.875,30.375,25.75,14.625,1.8359689942410529,6.25,16.125,37.975,33.5,65.125,51.3999634342061,19.25,25.125,77.15,0.0,9.75,0.6990765974221856,3.0,17.625,0.18493304027843496,14.625,0.0,121.75,93.0,16.5,60.75,15.75,39.375,9.75,29.625,20.125,15.125,1.4067252702362998,5.5,19.375,27.025,30.375,58.875,51.63610726056534,15.75,19.875,78.6125,0.0,6.125,0.41196738310708897,4.875,21.375,0.2323405769777253,15.125,0.0,101.875
75,97,2013-04-05,1,1,2012-13,Indiana Pacers,Oklahoma City Thunder,100.625,18.375,61.0,21.25,48.875,12.75,36.125,20.125,14.375,1.4355463980463978,6.125,17.875,33.975,30.5,62.25,49.35695501116805,21.25,27.625,77.4375,0.0,7.75,0.5707722832722832,5.75,20.375,0.28715962700869824,14.375,0.0,118.875,99.75,16.5,60.75,22.5,45.0,10.25,34.75,18.875,13.875,1.4055944055944054,5.5,18.125,31.3375,30.375,60.625,49.92679871060544,22.5,27.5,81.72500000000001,0.0,7.875,0.5878860722610723,9.25,20.75,0.4786239495798319,13.875,0.0,119.0
98,116,2013-04-05,1,1,2012-13,Portland Trail Blazers,Houston Rockets,93.75,25.875,54.75,13.125,37.5,8.25,29.25,22.0,14.5,1.6001007211098157,8.625,21.375,42.175,27.375,57.625,48.12868915899818,13.125,18.5,69.4375,0.0,4.5,0.34736361151318584,3.125,18.25,0.17477120953783354,14.5,0.0,98.0,102.25,25.5,57.25,19.5,46.0,13.5,32.5,21.625,16.25,1.4470319976076556,8.5,26.125,32.362500000000004,28.625,56.5,51.09799512812791,19.5,25.375,76.8375,0.0,7.5,0.47924617414748993,5.125,22.375,0.23927003520252949,16.25,0.0,114.875
108,117,2013-04-05,1,1,2012-13,Sacramento Kings,Dallas Mavericks,104.625,25.5,62.0,17.125,41.125,11.125,30.0,21.375,14.75,1.467264598146951,8.5,23.625,35.675,31.0,59.5,52.20677372290683,17.125,22.0,76.8,0.0,5.75,0.4010939632263162,3.75,20.25,0.17636022190370018,14.75,0.0,113.375,96.875,18.375,63.5,15.0,38.625,8.5,30.125,22.75,13.125,1.8024818109522056,6.125,18.5,33.175000000000004,31.75,62.125,51.37641323494555,15.0,19.625,73.475,0.0,7.5,0.571468991534781,6.125,21.25,0.29641636957813433,13.125,0.0,111.375
79,89,2013-04-05,1,1,2012-13,Charlotte Bobcats,Miami Heat,96.625,16.875,60.0,19.75,40.25,10.0,30.25,18.75,14.875,1.3515684478919772,5.625,18.125,30.900000000000002,30.0,60.25,49.90546034706979,19.75,26.125,75.875,0.0,7.875,0.5405197335344395,5.25,19.0,0.32682109557109557,14.875,0.0,104.75,100.125,33.375,49.5,17.25,35.25,6.125,29.125,23.375,14.125,1.792041292041292,11.125,24.625,45.175,24.75,46.75,53.074835311899946,17.25,23.625,72.39999999999999,0.0,9.5,0.6929840992340992,6.75,16.75,0.41714350213769713,14.125,0.0,119.0
91,97,2013-04-05,1,1,2012-13,Boston Celtics,Cleveland Cavaliers,97.875,21.375,58.25,18.25,37.125,6.875,30.25,20.875,15.375,1.3693718352725706,7.125,19.375,36.8375,29.125,56.25,51.861784898685144,18.25,23.125,78.2875,0.0,6.375,0.42099257972419735,6.0,20.875,0.2922400516150516,15.375,0.0,108.625,90.375,15.75,62.25,12.375,39.5,10.625,28.875,21.5,13.875,1.615459939956844,5.25,18.0,29.275000000000002,31.125,67.375,46.31538268716578,12.375,16.875,72.1125,0.0,7.75,0.5676324836154557,4.25,21.375,0.2131765868402697,13.875,0.0,96.0
90,101,2013-04-05,1,1,2012-13,Atlanta Hawks,Philadelphia 76ers,98.25,24.75,57.25,16.25,39.0,8.375,30.625,24.25,14.0,1.8245337995337993,8.25,23.625,35.224999999999994,28.625,55.75,51.79410276256252,16.25,22.75,71.2625,0.0,8.625,0.635059731934732,3.75,16.25,0.2416841736694678,14.0,0.0,110.875,95.0,18.375,64.25,12.375,41.0,12.5,28.5,23.375,14.25,1.8791109253065774,6.125,17.375,35.1,32.125,67.375,48.085364464378145,12.375,16.5,74.7125,0.0,7.875,0.5894555927164623,3.625,17.625,0.220279291249686,14.25,0.0,106.0
87,86,2013-04-05,1,1,2012-13,Chicago Bulls,Orlando Magic,94.0,20.25,60.5,13.25,43.625,12.375,31.25,23.5,11.875,2.1799145299145297,6.75,18.875,35.099999999999994,30.25,65.0,46.41250654394918,13.25,20.125,65.6375,0.0,6.875,0.6413843101343102,3.625,19.0,0.19777913059163058,11.875,0.0,106.0,94.625,17.625,63.75,13.25,44.0,11.875,32.125,22.125,13.0,1.8762420875907717,5.875,17.0,34.300000000000004,31.875,70.125,45.79698863869422,13.25,17.875,75.75,0.0,8.375,0.6589079871152239,5.5,20.25,0.2689099442224442,13.0,0.0,107.625
101,83,2013-04-05,1,1,2012-13,New York Knicks,Milwaukee Bucks,104.125,30.75,56.0,17.375,37.0,9.75,27.25,16.875,12.125,1.4092626123876124,10.25,24.375,41.974999999999994,28.0,52.0,53.86105657907983,17.375,22.5,76.3125,0.0,9.125,0.8014797702297702,2.625,23.375,0.10961700336700336,12.125,0.0,114.375,100.0,23.625,64.75,11.625,46.25,17.375,28.875,22.25,13.0,1.8355418886668886,7.875,22.625,33.95,32.375,73.375,44.38060432424818,11.625,15.875,74.25000000000001,0.0,7.75,0.6103566572316572,4.875,18.125,0.2923739495798319,13.0,0.0,108.125
95,83,2013-04-05,1,1,2012-13,Utah Jazz,New Orleans Hornets,105.5,21.375,70.75,13.375,40.0,11.25,28.75,25.125,13.0,2.2308501031991743,7.125,17.625,41.1375,35.375,67.5,52.7438496585668,13.375,18.125,72.8875,0.0,9.75,0.8378176599587204,5.625,21.25,0.26503128425283157,13.0,0.0,125.625,92.375,19.125,56.75,16.5,41.625,12.0,29.625,21.0,15.375,1.4176820728291317,6.375,17.5,34.2125,28.375,59.625,47.926668134761414,16.5,20.75,81.875,0.0,7.25,0.49067429603420315,5.625,20.5,0.2852582184159449,15.375,0.0,105.875
104,85,2013-04-06,1,1,2012-13,Washington Wizards,Indiana Pacers,93.875,19.5,54.25,20.125,44.625,12.0,32.625,19.625,12.25,1.7505418192918194,6.5,18.125,36.55,27.125,63.75,42.618736538273836,20.125,27.5,73.78750000000001,0.0,6.5,0.5406916612798965,3.125,21.25,0.16164527193938957,12.25,0.0,99.875,98.125,16.875,60.25,21.0,44.875,12.0,32.875,19.5,13.875,1.4332736707736706,5.625,17.625,31.900000000000002,30.125,60.625,50.01565599156021,21.0,27.625,76.39999999999999,0.0,8.0,0.6056207681207681,5.375,20.125,0.2711821833996757,13.875,0.0,112.875
106,87,2013-04-06,1,1,2012-13,Miami Heat,Philadelphia 76ers,99.0,33.75,49.0,16.25,36.125,6.125,30.0,24.0,15.125,1.7448801198801198,11.25,25.125,44.925000000000004,24.5,45.875,53.51088182352785,16.25,22.0,73.5375,0.0,9.125,0.6421599234099233,7.0,16.375,0.43846703154946187,15.125,0.0,119.125,98.625,19.5,65.5,13.625,42.375,12.625,29.75,23.625,13.25,1.9916109253065775,6.5,16.875,38.3875,32.75,68.0,48.68123310844594,13.625,18.25,74.0875,0.0,8.125,0.6352889260497957,3.625,17.625,0.220279291249686,13.25,0.0,112.875
99,97,2013-04-06,1,1,2012-13,San Antonio Spurs,Atlanta Hawks,95.625,25.125,55.75,14.75,42.5,9.375,33.125,23.125,15.25,1.6541973039215687,8.375,21.125,41.1,27.875,58.75,47.58536147348683,14.75,18.75,78.2375,0.0,7.0,0.46449142156862744,6.375,15.625,0.4174884418650403,15.25,0.0,111.75,97.875,24.0,57.0,16.875,39.0,8.375,30.625,23.75,14.25,1.738869463869464,8.0,22.75,35.25,28.5,55.375,51.911384844886975,16.875,24.125,69.7625,0.0,8.25,0.592227564102564,3.5,16.875,0.21442853457172342,14.25,0.0,109.25
132,114,2013-04-06,1,1,2012-13,Denver Nuggets,Houston Rockets,102.25,13.875,66.25,22.125,41.25,12.5,28.75,21.625,14.375,1.5849147992530346,4.625,15.125,30.6625,33.125,65.75,50.488520771091196,22.125,29.625,75.3125,0.0,9.125,0.6521767040149393,5.75,20.25,0.30266801514656205,14.375,0.0,115.0,104.25,27.75,57.0,19.5,46.0,13.625,32.375,22.75,16.0,1.5441302118933697,9.25,26.75,34.462500000000006,28.5,55.875,51.52547154322225,19.5,25.75,75.9625,0.0,7.25,0.4725497455760614,5.125,21.75,0.24530868254552465,16.0,0.0,118.25
100,83,2013-04-06,1,1,2012-13,Milwaukee Bucks,Toronto Raptors,99.125,25.125,61.75,12.25,45.5,16.375,29.125,21.75,13.125,1.781054709179709,8.375,24.0,33.6875,30.875,69.125,44.46891954163949,12.25,16.75,74.1875,0.0,7.5,0.5855169136419136,4.125,18.0,0.2491754201680672,13.125,0.0,106.5,92.25,16.125,62.25,13.875,38.75,9.25,29.5,20.125,14.75,1.4350866147741148,5.375,18.5,27.525,31.125,60.0,51.91713770553021,13.875,18.625,74.71249999999999,0.0,6.0,0.41406822344322347,4.5,21.25,0.21952006415721248,14.75,0.0,100.125
107,101,2013-04-06,1,1,2012-13,Minnesota Timberwolves,Detroit Pistons,102.0,19.125,63.75,19.125,39.0,9.5,29.5,25.125,14.5,1.8079928037648627,6.375,16.5,38.3875,31.875,63.25,50.42766148242653,19.125,25.125,76.8375,0.0,9.625,0.6961004069459952,2.875,17.5,0.17921408603006897,14.5,0.0,116.625,90.25,18.0,58.0,14.25,39.625,12.25,27.375,22.625,15.375,1.5768596599478952,6.0,19.875,30.7375,29.0,59.75,48.60598221283658,14.25,19.5,74.4125,0.0,6.75,0.43878090863384983,3.375,18.5,0.1915895831576778,15.375,0.0,97.375
105,96,2013-04-06,1,1,2012-13,Brooklyn Nets,Charlotte Bobcats,102.25,19.875,63.75,18.625,42.75,13.875,28.875,22.75,15.5,1.5636637549756744,6.625,19.625,33.599999999999994,31.875,60.375,52.69585804730087,18.625,26.0,72.55,0.0,7.0,0.48509255675954593,4.5,19.25,0.23462871193134352,15.5,0.0,114.875,93.125,15.0,59.5,18.625,40.75,11.25,29.5,17.75,14.875,1.2746453709689003,5.0,18.125,27.0,29.75,61.875,48.525399141796726,18.625,23.875,78.175,0.0,8.0,0.5501351181498241,4.875,17.125,0.3386217948717949,14.875,0.0,99.125
91,96,2013-04-07,1,1,2012-13,Portland Trail Blazers,Dallas Mavericks,93.625,22.875,56.0,14.75,37.375,9.0,28.375,22.5,14.375,1.6516117101208045,7.625,21.25,37.475,28.0,58.625,48.315923677218606,14.75,20.25,71.1,0.0,5.0,0.388572402721977,2.75,18.875,0.14761347144259546,14.375,0.0,97.125,99.5,18.0,65.25,16.25,39.75,8.75,31.0,24.125,12.875,2.0032393867097813,6.0,18.625,32.325,32.625,63.25,51.75697529583549,16.25,20.125,78.475,0.0,7.75,0.6118730319388214,6.25,21.25,0.30266636957813425,12.875,0.0,117.375
107,96,2013-04-07,1,1,2012-13,Boston Celtics,Washington Wizards,97.5,21.75,59.0,16.75,37.625,6.875,30.75,21.375,15.125,1.4393123114630468,7.25,20.0,36.575,29.5,57.125,51.833799824058275,16.75,22.5,74.1,0.0,6.25,0.4224806749622926,6.25,20.625,0.30465992340992337,15.125,0.0,107.75,94.0,16.875,55.75,21.375,44.875,12.0,32.875,18.5,12.25,1.6255418192918194,5.625,16.375,35.425,27.875,64.5,43.20596433372282,21.375,29.375,73.2875,0.0,6.75,0.5684694390576743,3.375,21.75,0.16669577698989463,12.25,0.0,99.875
90,97,2013-04-07,1,1,2012-13,Golden State Warriors,Utah Jazz,103.5,24.75,63.5,15.25,42.875,10.25,32.625,23.375,14.625,1.6891396287535994,8.25,19.125,44.375,31.75,63.375,50.10427733270864,15.25,18.625,82.38749999999999,0.0,7.25,0.5129141079508727,5.0,20.75,0.24264593264206266,14.625,0.0,121.5,105.25,22.5,69.5,13.25,38.375,11.0,27.375,25.75,12.875,2.2804824561403505,7.5,18.75,40.537499999999994,34.75,64.0,54.38507576926425,13.25,18.0,72.4125,0.0,9.625,0.8350603070175437,5.5,21.0,0.2633646175861649,12.875,0.0,126.375
99,85,2013-04-07,1,1,2012-13,Detroit Pistons,Chicago Bulls,92.625,19.875,58.25,14.5,40.625,12.375,28.25,22.875,16.5,1.524776326614562,6.625,19.5,35.0375,29.125,59.75,48.81431554616991,14.5,20.25,72.5,0.0,7.25,0.44086424196718316,3.625,19.0,0.19778005934815399,16.5,0.0,101.25,93.75,21.75,58.0,14.0,43.125,12.375,30.75,22.125,12.375,1.9090811965811965,7.25,19.625,36.525,29.0,63.375,45.61949579126101,14.0,20.5,69.3,0.0,7.125,0.6205509768009768,3.875,18.5,0.2290291305916306,12.375,0.0,104.375
87,89,2013-04-07,1,1,2012-13,Sacramento Kings,Memphis Grizzlies,103.625,22.5,64.5,16.625,42.125,11.625,30.5,20.75,14.125,1.4917744020685195,7.5,23.375,32.3125,32.25,61.5,52.580179915985156,16.625,21.625,76.175,0.0,5.375,0.39435376714788484,3.75,19.125,0.17917272190370018,14.125,0.0,111.375,97.125,13.125,65.0,19.0,38.875,9.75,29.125,21.5,11.875,2.0125393907563023,4.375,12.75,35.275,32.5,65.375,50.06474319044288,19.0,23.5,80.375,0.0,8.75,0.8197128851540616,3.875,20.375,0.2071982038429407,11.875,0.0,112.5
91,85,2013-04-07,1,1,2012-13,Cleveland Cavaliers,Orlando Magic,91.25,14.625,63.25,13.375,41.125,10.5,30.625,20.875,14.5,1.5018235763204804,4.875,16.625,29.037499999999998,31.625,68.375,46.41213191317197,13.375,17.5,74.35,0.0,7.625,0.5385131654336376,4.25,21.25,0.215259920173603,14.5,0.0,98.0,93.625,17.25,63.0,13.375,44.375,11.375,33.0,22.125,12.625,1.9086940106676948,5.75,16.125,35.625,31.5,71.125,44.500905689385476,13.375,17.75,77.025,0.0,8.25,0.6619127948075316,6.375,20.5,0.32724327755577753,12.625,0.0,107.75
109,95,2013-04-07,1,1,2012-13,Los Angeles Clippers,Los Angeles Lakers,103.0,25.125,61.5,16.375,39.125,11.125,28.0,23.0,13.375,2.1655921289967344,8.375,23.25,35.975,30.75,57.625,52.959826796232086,16.375,21.875,74.575,0.0,9.75,0.8795408264980634,4.125,22.0,0.18571453455964324,13.375,0.0,118.375,99.0,22.5,57.5,19.0,46.25,12.875,33.375,22.25,15.75,1.6439659197012138,7.5,23.375,31.962500000000006,28.75,58.5,49.4461636703016,19.0,27.875,68.925,0.0,7.5,0.5486694677871149,4.75,17.125,0.26567543363499246,15.75,0.0,109.5
92,95,2013-04-07,1,1,2012-13,Phoenix Suns,New Orleans Hornets,96.0,16.5,64.0,15.5,40.125,13.0,27.125,23.875,16.0,1.6459213988625754,5.5,17.125,33.275,32.0,67.625,47.7394444631135,15.5,20.375,76.01249999999999,0.0,7.5,0.5338172958577371,4.125,21.0,0.2089514832044762,16.0,0.0,103.5,93.75,18.75,58.0,17.0,41.5,12.0,29.5,20.5,15.75,1.361484593837535,6.25,16.875,34.1,29.0,59.5,48.961050419143696,17.0,21.625,80.0,0.0,6.875,0.45285916998378295,5.625,21.375,0.2684312953390218,15.75,0.0,106.75
120,125,2013-04-07,1,1,2012-13,Oklahoma City Thunder,New York Knicks,98.875,16.5,60.75,21.625,46.0,10.625,35.375,18.5,13.625,1.4036713286713287,5.5,16.5,33.5,30.375,61.375,49.30179871060544,21.625,26.5,81.5625,0.0,7.375,0.559680944055944,8.75,20.375,0.460766806722689,13.625,0.0,119.0,104.375,31.5,56.25,16.625,38.25,10.125,28.125,17.0,11.875,1.4434888028638027,10.5,26.125,40.449999999999996,28.125,52.5,53.557822077732126,16.625,20.5,80.475,0.0,8.875,0.7925511988011987,2.25,22.625,0.09746422558922559,11.875,0.0,115.0
94,83,2013-04-09,1,1,2012-13,Miami Heat,Milwaukee Bucks,99.375,36.0,48.0,15.375,38.0,7.0,31.0,24.5,14.0,1.8977210289710291,12.0,26.375,45.2625,24.0,46.5,52.03885840127672,15.375,20.5,75.1125,0.0,7.875,0.6052281052281052,6.625,16.625,0.4083331029780333,14.0,0.0,120.375,101.875,26.25,62.25,13.375,44.0,14.75,29.25,23.0,13.875,1.769943598068598,8.75,24.0,35.6625,31.125,66.0,46.77957422713371,13.375,17.625,76.2875,0.0,8.375,0.6216280247530247,4.875,18.125,0.2816429526355997,13.875,0.0,113.875
105,89,2013-04-09,1,1,2012-13,Golden State Warriors,Minnesota Timberwolves,103.125,23.625,64.25,15.25,42.5,10.5,32.0,23.375,14.75,1.6794888934594818,7.875,18.875,42.95,32.125,64.125,50.117177229509466,15.25,19.0,80.575,0.0,7.125,0.5028038138332256,4.375,20.125,0.2155625993087293,14.75,0.0,119.0,103.25,19.125,63.0,21.125,39.75,10.625,29.125,24.625,14.75,1.7400440858161448,6.375,16.75,37.5,31.5,63.625,49.61244409112218,21.125,27.5,77.825,0.0,10.625,0.7525106633562516,3.125,17.625,0.19039829655638477,14.75,0.0,117.75
104,83,2013-04-09,1,1,2012-13,Brooklyn Nets,Philadelphia 76ers,101.25,19.125,62.75,19.375,42.125,13.625,28.5,22.25,15.375,1.5372748660867857,6.375,19.625,32.412499999999994,31.375,59.25,52.913953760162286,19.375,27.125,72.1875,0.0,7.25,0.521203667870657,5.125,19.5,0.269432633499971,15.375,0.0,113.75,97.0,19.125,63.25,14.625,43.25,13.25,30.0,21.75,11.75,1.9812354312354312,6.375,17.125,37.275000000000006,31.625,68.25,46.62478149554271,14.625,19.375,75.5125,0.0,7.25,0.6328185703185703,3.25,16.625,0.20972734319773795,11.75,0.0,108.625
101,98,2013-04-09,1,1,2012-13,Houston Rockets,Phoenix Suns,104.0,29.25,54.75,20.0,44.375,13.375,31.0,23.25,15.625,1.5937713602187287,9.75,27.375,35.300000000000004,27.375,56.0,49.048855896963744,20.0,26.375,76.225,0.0,6.875,0.45998993696362117,5.625,22.25,0.26046019769703976,15.625,0.0,115.875,97.625,18.0,64.5,15.125,39.875,12.5,27.375,24.25,16.125,1.6605047321959088,6.0,17.875,34.9375,32.25,66.5,48.864195210870236,15.125,20.0,75.83749999999999,0.0,7.125,0.5046506291910704,4.375,21.875,0.21507893418486834,16.125,0.0,106.125
99,94,2013-04-09,1,1,2012-13,Indiana Pacers,Cleveland Cavaliers,96.0,16.875,59.5,19.625,43.75,11.875,31.875,18.75,14.0,1.3695831945831947,5.625,18.625,30.650000000000002,29.75,60.5,49.546411305897614,19.625,25.75,76.8125,0.0,7.5,0.5687160062160062,4.125,20.25,0.2083845643520566,14.0,0.0,106.25,90.75,14.625,62.0,14.125,42.375,10.75,31.625,21.375,14.125,1.5690504670767829,4.875,16.125,30.025,31.0,69.875,44.50240969094975,14.125,18.375,74.4625,0.0,7.5,0.5421896360218729,5.0,20.375,0.2608154757291586,14.125,0.0,98.5
104,96,2013-04-09,1,1,2012-13,Los Angeles Lakers,New Orleans Hornets,101.375,23.25,58.0,20.125,45.125,12.375,32.75,23.5,14.875,1.8238901621254562,7.75,23.625,32.775000000000006,29.0,56.875,51.08077905491699,20.125,29.625,67.925,0.0,7.0,0.5474068415244886,5.25,17.25,0.300702906162465,14.875,0.0,114.125,94.75,18.375,58.5,17.875,41.875,12.5,29.375,20.375,15.25,1.384922093837535,6.125,16.75,33.525000000000006,29.25,60.75,48.43657489466817,17.875,22.0,82.02499999999999,0.0,6.875,0.46379666998378294,5.5,22.375,0.24696070710372772,15.25,0.0,107.875
80,90,2013-04-09,1,1,2012-13,Utah Jazz,Oklahoma City Thunder,103.875,24.0,68.0,11.875,38.875,11.125,27.75,26.5,12.125,2.4080128205128206,8.0,19.75,40.887499999999996,34.0,63.75,53.40827479246327,11.875,16.25,73.0,0.0,9.625,0.8654246794871795,5.875,19.75,0.30131104615759347,12.125,0.0,126.75,102.75,19.125,62.75,20.875,44.875,10.125,34.75,20.25,13.375,1.549825174825175,6.375,16.375,38.724999999999994,31.375,60.75,51.375817587903,20.875,25.625,81.5125,0.0,7.125,0.5494245337995338,9.25,19.625,0.492016806722689,13.375,0.0,126.75
98,101,2013-04-09,1,1,2012-13,Chicago Bulls,Toronto Raptors,93.5,21.75,57.5,14.25,41.5,11.875,29.625,22.0,12.5,1.8738539238539238,7.25,20.125,35.6125,28.75,61.875,46.370727318354604,14.25,20.875,69.35,0.0,7.5,0.6500964313464314,3.875,18.0,0.2353422619047619,12.5,0.0,103.25,90.875,13.125,62.75,15.0,39.0,9.125,29.875,20.0,15.375,1.3773943070818073,4.375,15.75,26.975,31.375,63.25,49.89148920655032,15.0,19.75,75.76249999999999,0.0,6.25,0.4092605311355312,4.875,21.0,0.23789480535804064,15.375,0.0,97.625
120,99,2013-04-09,1,1,2012-13,New York Knicks,Washington Wizards,106.25,34.5,55.5,16.25,37.875,11.125,26.75,17.25,11.25,1.6745494089244088,11.5,28.0,41.3625,27.75,52.375,53.042285354568286,16.25,20.625,78.4375,0.0,7.75,0.7376269563769564,2.375,22.5,0.10503001506290979,11.25,0.0,114.75,94.5,18.0,55.75,20.75,44.625,12.0,32.625,18.875,12.75,1.6023517740429507,6.0,17.5,35.0875,27.875,63.375,43.947104724454306,20.75,28.875,71.46249999999999,0.0,6.5,0.5311391223155929,4.0,21.125,0.2051316058669,12.75,0.0,100.625
94,75,2013-04-09,1,1,2012-13,Memphis Grizzlies,Charlotte Bobcats,94.5,12.75,62.5,19.25,39.0,8.75,30.25,20.375,12.875,1.7391018907563025,4.25,12.25,36.0875,31.25,63.25,49.683673456963504,19.25,24.125,79.45,0.0,8.875,0.7650253851540616,4.625,21.125,0.22772451963241436,12.875,0.0,109.625,93.75,16.125,59.75,17.875,41.0,12.0,29.0,18.25,15.0,1.2986037043022336,5.375,18.625,28.225,29.875,62.0,48.6349841797862,17.875,23.625,75.9125,0.0,7.25,0.4980517848164907,4.5,18.5,0.2833333333333333,15.0,0.0,98.625
104,111,2013-04-10,1,1,2012-13,Cleveland Cavaliers,Detroit Pistons,92.75,14.25,64.25,14.25,43.25,11.25,32.0,21.875,14.375,1.5847367415865867,4.75,14.875,31.275,32.125,71.0,45.38877332731339,14.25,18.375,75.3,0.0,7.0,0.5039543419042258,5.5,21.0,0.275362889522262,14.375,0.0,102.875,93.875,20.625,59.0,14.25,39.75,11.125,28.625,23.375,15.5,1.628672430510666,6.875,19.0,37.3125,29.5,59.0,50.09971047910583,14.25,20.125,71.6,0.0,6.875,0.4432993069022481,3.25,18.875,0.18260795789887863,15.5,0.0,104.125
101,124,2013-04-10,1,1,2012-13,Philadelphia 76ers,Atlanta Hawks,92.75,18.75,59.25,14.75,41.5,12.125,29.375,19.875,11.5,1.8363941613941612,6.25,16.25,38.7625,29.625,67.125,44.480842101603315,14.75,19.25,76.5875,0.0,6.875,0.6149614274614275,3.0,16.875,0.1910998922173458,11.5,0.0,100.5,97.0,22.125,57.25,17.625,39.125,8.625,30.5,23.125,14.0,1.7266899766899768,7.375,21.0,35.65,28.625,57.75,50.2219211395782,17.625,24.625,71.2375,0.0,8.375,0.6133814102564102,3.25,18.25,0.18363143312244806,14.0,0.0,107.125
96,86,2013-04-10,1,1,2012-13,Denver Nuggets,San Antonio Spurs,104.5,16.5,67.25,20.75,40.5,12.0,28.5,23.75,14.0,1.8341031109413461,5.5,15.625,33.7875,33.625,65.625,51.252034284604704,20.75,28.625,72.7,0.0,9.375,0.6992546260928614,5.75,20.625,0.3001596539425487,14.0,0.0,119.875,95.0,23.25,56.25,15.5,42.875,9.5,33.375,23.25,14.875,1.6944750816993464,7.75,20.5,38.6,28.125,58.875,47.876827819640674,15.5,19.375,79.21249999999999,0.0,6.625,0.45060253267973854,6.625,16.125,0.4153876015289059,14.875,0.0,112.125
91,102,2013-04-10,1,1,2012-13,Dallas Mavericks,Phoenix Suns,98.5,16.875,67.0,14.625,39.75,8.75,31.0,24.375,12.625,2.062763196233591,5.625,17.875,31.262500000000003,33.5,65.0,51.73893777779797,14.625,18.125,78.025,0.0,8.0,0.6431230319388214,6.75,19.875,0.3651663695781343,12.625,0.0,117.5,99.125,19.125,64.25,15.75,39.0,11.75,27.25,24.25,16.5,1.6308994690380139,6.375,16.625,39.949999999999996,32.125,66.625,48.6212296425622,15.75,19.75,79.75,0.0,7.125,0.49354865550685983,4.75,20.75,0.23770824452969594,16.5,0.0,109.0
121,110,2013-04-10,1,1,2012-13,Sacramento Kings,New Orleans Hornets,101.875,22.875,61.5,17.5,42.25,12.375,29.875,20.375,13.875,1.4873626373626374,7.625,24.25,31.65,30.75,61.375,50.034753850822256,17.5,22.875,75.5875,0.0,6.0,0.43994200244200243,3.5,19.25,0.16739735958485957,13.875,0.0,107.5,95.5,18.75,58.5,18.25,40.25,11.5,28.75,20.875,15.125,1.424903711484594,6.25,17.5,33.075,29.25,61.0,48.23496199144237,18.25,22.0,84.1,0.0,7.25,0.4890724052779006,4.875,22.625,0.2166576768006974,15.125,0.0,106.875
111,95,2013-04-10,1,1,2012-13,Los Angeles Clippers,Minnesota Timberwolves,104.0,25.875,61.25,16.875,39.875,12.125,27.75,23.25,12.875,2.27630641471102,8.625,23.375,36.9875,30.625,58.25,52.162755093987975,16.875,22.125,76.15,0.0,8.875,0.8384693979266348,3.875,22.75,0.1679588527414614,12.875,0.0,119.375,101.25,16.5,62.5,22.25,40.125,10.375,29.75,25.0,14.0,1.8994190858161444,5.5,15.875,35.375,31.25,65.875,47.58613529494892,22.25,29.0,76.8875,0.0,10.125,0.7493856633562516,3.5,18.125,0.20527924893733715,14.0,0.0,114.25
113,103,2013-04-10,1,1,2012-13,Orlando Magic,Milwaukee Bucks,93.125,15.75,63.0,14.375,45.5,12.375,33.125,22.25,12.625,1.9176225820962662,5.25,15.75,32.675,31.5,71.25,44.43041696758096,14.375,19.25,76.11250000000001,0.0,8.125,0.6529842233789602,6.625,19.375,0.3546754042526101,12.625,0.0,107.875,99.875,27.75,59.0,13.125,42.375,13.0,29.375,22.125,14.375,1.685568598068598,9.25,24.5,37.1875,29.5,63.375,46.26548972009145,13.125,17.125,76.475,0.0,9.25,0.6560030247530247,4.5,17.875,0.2615449134199134,14.375,0.0,110.625
98,103,2013-04-10,1,1,2012-13,Washington Wizards,Miami Heat,93.5,19.125,54.75,19.625,44.125,12.125,32.0,19.0,12.875,1.5983453637865401,6.375,18.375,35.275,27.375,63.125,43.300360745863756,19.625,27.125,71.6875,0.0,6.25,0.5054980966745672,3.75,20.75,0.19357698401816048,12.875,0.0,98.5,97.5,34.125,49.25,14.125,38.125,8.25,29.875,23.75,15.0,1.7004988067488067,11.375,27.0,42.7125,24.625,47.375,52.32085183852036,14.125,18.875,76.7375,0.0,8.25,0.5760614385614385,5.75,16.25,0.3590542568241871,15.0,0.0,115.25
106,113,2013-04-10,1,1,2012-13,Portland Trail Blazers,Los Angeles Lakers,92.0,20.625,56.5,14.875,36.25,8.5,27.75,22.625,15.0,1.5514132974223918,6.875,21.75,32.8,28.25,57.25,49.812050613750344,14.875,20.25,71.88749999999999,0.0,5.0,0.3488898630394373,2.875,18.875,0.15542597144259546,15.0,0.0,94.5,101.875,21.75,59.25,20.875,44.375,12.375,32.0,23.375,14.75,1.8284857503607503,7.25,23.875,30.3,29.625,56.375,52.68518518518519,20.875,30.25,69.5,0.0,7.5,0.5809546356421357,5.875,17.375,0.338202906162465,14.75,0.0,115.5
93,101,2013-04-10,1,1,2012-13,Boston Celtics,Brooklyn Nets,97.625,19.875,61.5,16.25,37.75,6.75,31.0,22.25,15.375,1.472155448717949,6.625,18.875,35.5,30.75,58.625,52.50720049745895,16.25,21.625,74.85,0.0,7.0,0.4616963612368024,5.375,20.375,0.26424638957533697,15.375,0.0,109.125,102.375,17.625,65.75,19.0,46.375,15.375,31.0,20.875,14.75,1.5122748660867855,5.875,19.0,31.037499999999994,32.875,62.25,52.872019178110286,19.0,27.0,70.9625,0.0,7.0,0.533703667870657,5.75,18.875,0.31221537159520907,14.75,0.0,117.125
118,111,2013-04-11,1,1,2012-13,Chicago Bulls,New York Knicks,92.75,21.75,56.5,14.5,40.0,11.0,29.0,21.875,11.875,1.9655205905205906,7.25,19.0,38.15,28.25,62.625,45.11123801538704,14.5,21.25,69.275,0.0,7.0,0.629263098013098,3.75,18.625,0.2238095238095238,11.875,0.0,100.625,108.75,39.0,54.0,15.75,37.625,9.875,27.75,19.125,11.875,1.7526744089244088,13.0,29.0,44.737500000000004,27.0,50.125,53.89455808184101,15.75,20.125,77.6375,0.0,7.125,0.6174346486846487,2.375,22.5,0.10503001506290979,11.875,0.0,119.625
97,116,2013-04-11,1,1,2012-13,Golden State Warriors,Oklahoma City Thunder,104.625,25.125,63.75,15.75,45.125,10.5,34.625,24.375,14.25,1.792611065405183,8.375,20.375,41.9125,31.875,63.5,50.14568054625905,15.75,19.875,79.4,0.0,6.875,0.5039350355526826,4.625,20.375,0.2256245188133733,14.25,0.0,123.625,101.875,20.625,61.25,20.0,44.5,10.125,34.375,20.375,13.125,1.5909090909090908,6.875,16.375,41.112500000000004,30.625,60.875,50.0234164579595,20.0,23.75,84.22500000000001,0.0,7.625,0.6088650932400932,8.75,20.25,0.4398551525873507,13.125,0.0,126.5
113,93,2013-04-12,1,1,2012-13,Detroit Pistons,Charlotte Bobcats,96.25,18.375,61.5,16.375,38.875,10.75,28.125,22.0,14.25,1.8703390971773324,6.125,17.75,35.625,30.75,60.375,50.998885007407715,16.375,23.625,70.7125,0.0,6.625,0.5266326402355814,3.0,19.125,0.16802462456554532,14.25,0.0,104.0,93.5,15.0,60.5,18.0,40.875,11.625,29.25,18.75,14.875,1.3474819094304389,5.0,17.25,27.512500000000003,30.25,62.25,49.055201982816506,18.0,23.625,76.60000000000001,0.0,6.5,0.4419620412267472,5.0,18.125,0.31495098039215685,14.875,0.0,99.875
78,82,2013-04-12,1,1,2012-13,Houston Rockets,Memphis Grizzlies,104.625,28.125,56.75,19.75,44.375,13.75,30.625,23.25,16.125,1.5560729475203159,9.375,27.875,33.475,28.375,56.25,50.64442468003252,19.75,26.0,76.51249999999999,0.0,7.375,0.47387882585251007,5.375,21.5,0.2597499704243125,16.125,0.0,116.25,94.5,11.625,64.5,18.375,39.625,9.125,30.5,20.375,11.75,1.909860819327731,3.875,11.875,34.2875,32.25,64.25,50.4677076693655,18.375,23.875,76.2125,0.0,8.625,0.8096682422969188,5.375,20.0,0.27741201963241435,11.75,0.0,111.25
90,106,2013-04-12,1,1,2012-13,Portland Trail Blazers,Oklahoma City Thunder,94.875,21.375,57.5,16.0,35.875,8.75,27.125,22.875,14.25,1.6623758642673114,7.125,21.75,33.7625,28.75,58.0,50.13184594473851,16.0,21.125,74.4875,0.0,5.375,0.41105563844050685,2.25,19.875,0.11636347144259547,14.25,0.0,98.0,103.5,23.625,59.0,20.875,44.875,10.25,34.625,21.25,14.0,1.537878787878788,7.875,18.375,42.1125,29.5,59.0,49.853647846289476,20.875,24.375,86.075,0.0,7.375,0.5419459013209014,9.375,21.125,0.4547361049683031,14.0,0.0,128.875
93,96,2013-04-12,1,1,2012-13,New Orleans Hornets,Los Angeles Clippers,95.5,15.75,59.75,20.0,39.75,11.0,28.75,19.5,15.75,1.282046568627451,5.25,16.625,30.2375,29.875,61.0,49.27662865810903,20.0,24.5,82.4375,0.0,7.0,0.4571175180598555,4.25,21.875,0.19929656568958629,15.75,0.0,103.25,105.25,26.625,62.5,16.125,40.75,11.875,28.875,25.125,13.375,2.34036891471102,8.875,22.75,39.212500000000006,31.25,58.625,52.925052937653746,16.125,21.125,76.15,0.0,8.5,0.8025318979266348,4.5,22.25,0.20771857814191907,13.375,0.0,124.5
118,116,2013-04-12,1,1,2012-13,Los Angeles Lakers,Golden State Warriors,103.125,21.75,61.0,20.375,42.875,11.25,31.625,23.625,15.5,1.7507079725829726,7.25,23.0,31.362500000000004,30.5,55.0,55.480769230769226,20.375,28.75,71.7625,0.0,7.625,0.5559546356421357,6.75,17.625,0.38771271008403363,15.5,0.0,119.875,104.125,24.0,64.5,15.625,44.75,10.375,34.375,23.25,13.5,1.7755656108597284,8.0,19.875,41.1375,32.25,65.125,49.52402279224835,15.625,20.375,77.42500000000001,0.0,7.5,0.5536509446435918,4.5,20.625,0.2159495962127541,13.5,0.0,121.125
108,105,2013-04-12,1,1,2012-13,Dallas Mavericks,Denver Nuggets,95.75,15.75,66.75,13.25,41.75,9.625,32.125,24.125,11.875,2.1133704836829836,5.25,17.75,29.425,33.375,67.0,49.91484275517353,13.25,16.625,77.55000000000001,0.0,7.75,0.6481837606837607,6.875,19.75,0.37537878787878787,11.875,0.0,114.875,103.875,16.125,68.0,19.75,42.875,12.625,30.25,24.75,13.625,1.9127795815295816,5.375,16.125,30.8375,34.0,66.375,51.29266267030351,19.75,27.875,70.575,0.0,8.75,0.676828155504626,5.875,20.25,0.31784057499518026,13.625,0.0,121.25
97,88,2013-04-12,1,1,2012-13,Toronto Raptors,Chicago Bulls,93.0,14.25,62.75,16.0,38.75,8.125,30.625,21.125,14.125,1.6308665293040292,4.75,15.125,29.6625,31.375,63.375,49.760461952881556,16.0,20.5,77.8375,0.0,6.25,0.46134386446886444,5.0,21.125,0.2432519482151835,14.125,0.0,103.125,94.875,22.5,55.75,16.625,41.25,10.75,30.5,21.375,10.5,2.116215034965035,7.5,19.625,38.225,27.875,62.25,44.80369833284736,16.625,23.625,70.3875,0.0,6.75,0.6702353202353202,4.5,19.0,0.2565476190476191,10.5,0.0,104.75
86,97,2013-04-12,1,1,2012-13,Washington Wizards,Philadelphia 76ers,95.75,21.375,55.5,18.875,43.0,11.25,31.75,19.25,12.75,1.6217828637865401,7.125,18.75,38.125,27.75,62.25,44.48594188621463,18.875,26.125,71.5625,0.0,7.125,0.5638620672628025,4.125,19.75,0.21589841258958908,12.75,0.0,103.125,94.0,19.875,59.75,14.375,41.875,11.875,30.0,21.375,11.75,1.9248556998556998,6.625,17.125,39.35,29.875,66.875,45.005393258860515,14.375,18.5,77.6875,0.0,6.75,0.5989357864357865,2.375,16.75,0.15637766999512356,11.75,0.0,103.0
108,101,2013-04-12,1,1,2012-13,San Antonio Spurs,Sacramento Kings,93.875,21.0,58.25,14.625,43.5,10.125,33.375,23.875,14.5,1.7625306372549019,7.0,20.375,35.2875,29.125,60.125,48.61411136942422,14.625,18.875,76.725,0.0,6.75,0.47143586601307186,6.25,16.125,0.3933287779994941,14.5,0.0,111.125,105.125,23.625,63.0,18.5,42.375,12.25,30.125,20.625,13.625,1.5439102564102563,7.875,23.25,34.325,31.5,62.25,50.46910398344825,18.5,23.625,78.21249999999999,0.0,6.625,0.49946581196581197,3.125,19.5,0.1505704365079365,13.625,0.0,113.0
91,101,2013-04-12,1,1,2012-13,Cleveland Cavaliers,New York Knicks,94.25,12.75,65.75,15.75,43.625,11.75,31.875,21.25,13.625,1.6156071869307165,4.25,14.625,28.625,32.875,70.75,46.67581637295474,15.75,19.875,77.3625,0.0,6.125,0.4670110220661691,5.75,21.75,0.27698626614563865,13.625,0.0,105.0,109.125,37.875,55.75,15.5,40.25,10.5,29.75,19.125,11.25,1.8866029803529805,12.625,28.875,43.662499999999994,27.875,54.0,52.0325216267813,15.5,20.125,76.5,0.0,6.25,0.5593989343989344,2.75,22.875,0.11735144363433837,11.25,0.0,119.25
109,117,2013-04-12,1,1,2012-13,Indiana Pacers,Brooklyn Nets,97.875,16.5,60.25,21.125,44.0,13.0,31.0,18.75,14.625,1.3050990675990677,5.5,18.875,29.3125,30.125,60.375,50.219154361453164,21.125,28.5,75.3375,0.0,8.25,0.5826048951048951,4.25,19.5,0.23070599292348515,14.625,0.0,107.5,102.25,19.125,64.5,18.625,45.75,14.625,31.125,20.875,14.5,1.5334802232296427,6.375,19.625,32.724999999999994,32.25,61.375,52.531110087201185,18.625,26.625,70.8375,0.0,7.125,0.5504447392992284,5.25,19.25,0.2814614033412408,14.5,0.0,116.375
107,100,2013-04-12,1,1,2012-13,Utah Jazz,Minnesota Timberwolves,100.5,24.0,65.5,11.0,38.5,10.125,28.375,26.5,12.25,2.3979025263951734,8.0,21.125,38.137499999999996,32.75,61.75,52.892401776590255,11.0,15.375,72.1125,0.0,9.5,0.854854826546003,5.625,19.25,0.29959479901800534,12.25,0.0,121.875,98.5,16.875,59.75,21.875,39.25,9.875,29.375,25.0,13.5,1.9691160555131142,5.625,16.625,34.9625,29.875,64.25,46.746583056142946,21.875,28.0,78.52499999999999,0.0,9.75,0.7607492997198879,3.625,16.625,0.22657045772854595,13.5,0.0,111.125
109,104,2013-04-12,1,1,2012-13,Atlanta Hawks,Milwaukee Bucks,100.75,22.5,60.25,18.0,39.875,8.5,31.375,25.125,13.25,2.0110649766899766,7.5,21.125,36.037499999999994,30.125,59.0,51.50538957485208,18.0,23.875,75.575,0.0,8.0,0.6274439102564102,2.625,18.25,0.1468667272400951,13.25,0.0,114.75,101.25,28.5,59.0,13.75,43.875,13.125,30.75,23.125,14.25,1.7748543123543126,9.5,25.0,37.637499999999996,29.5,64.375,45.61217043663518,13.75,18.75,73.11250000000001,0.0,9.0,0.6429535742035741,5.5,18.75,0.30581574675324674,14.25,0.0,113.125
109,101,2013-04-12,1,1,2012-13,Miami Heat,Boston Celtics,96.875,34.875,47.75,14.25,38.5,8.375,30.125,22.25,16.625,1.47258214008214,11.625,28.625,41.2,23.875,45.375,52.70320477969683,14.25,18.125,79.425,0.0,8.25,0.538144771894772,5.75,16.75,0.34714949491942526,16.625,0.0,112.625,98.625,19.875,63.0,15.75,37.375,7.125,30.25,22.25,14.5,1.5394631410256412,6.625,18.375,36.4375,31.5,60.625,52.09118793858925,15.75,21.0,74.75,0.0,6.75,0.46265789969834087,4.875,21.0,0.22927615148009883,14.5,0.0,109.25
87,91,2013-04-13,1,1,2012-13,Memphis Grizzlies,Los Angeles Clippers,92.125,11.25,63.75,17.125,40.875,9.375,31.5,20.875,10.5,2.1283482142857144,3.75,11.375,34.3875,31.875,66.375,48.125407112779236,17.125,23.0,74.33749999999999,0.0,9.125,0.9441220238095238,6.125,19.75,0.31244989842029314,10.5,0.0,110.625,104.5,25.5,62.5,16.5,40.375,11.75,28.625,26.25,12.75,2.4776552394973446,8.5,21.875,38.7875,31.25,58.625,52.925052937653746,16.5,21.5,76.6375,0.0,8.5,0.8185575389522759,4.625,22.25,0.21292691147525244,12.75,0.0,125.75
88,120,2013-04-13,1,1,2012-13,Orlando Magic,Boston Celtics,95.5,15.375,66.75,13.375,47.875,13.375,34.5,22.5,13.125,1.8757673784763569,5.125,14.625,34.65,33.375,75.25,44.503340783641356,13.375,18.0,73.1625,0.0,7.75,0.6105634088993223,6.25,19.5,0.3327455796912066,13.125,0.0,110.75,99.625,20.25,64.5,14.875,37.0,8.0,29.0,20.75,14.125,1.4727564102564104,6.75,19.5,35.2375,32.25,60.625,53.30086535794408,14.875,19.125,78.32499999999999,0.0,6.625,0.47107136123680243,4.5,21.375,0.20288726259120995,14.125,0.0,109.0
105,93,2013-04-13,1,1,2012-13,Minnesota Timberwolves,Phoenix Suns,98.375,18.0,58.75,21.625,37.375,9.375,28.0,25.125,13.5,1.9804796918767509,6.0,17.5,35.35,29.375,62.75,47.114230114966475,21.625,27.25,80.2375,0.0,9.75,0.7607492997198879,3.875,16.875,0.23959129106187926,13.5,0.0,110.5,99.375,21.375,61.75,16.25,39.0,10.125,28.875,24.625,16.375,1.6933994690380139,7.125,17.375,41.925000000000004,30.875,64.625,48.052577864232994,16.25,19.75,82.6875,0.0,7.375,0.524230473688678,5.125,20.0,0.2751123366013072,16.375,0.0,111.625
95,85,2013-04-13,1,1,2012-13,Charlotte Bobcats,Milwaukee Bucks,90.875,16.125,57.5,17.25,39.625,11.375,28.25,17.75,16.625,1.116231909430439,5.375,17.75,28.450000000000003,28.75,60.875,47.76602819364272,17.25,22.25,77.97500000000001,0.0,7.125,0.4315453745600805,4.625,18.75,0.26838235294117646,16.625,0.0,93.875,100.125,32.25,54.75,13.125,44.5,12.875,31.625,23.75,15.0,1.7409474297632193,10.75,26.75,39.474999999999994,27.375,62.5,43.64240406008915,13.125,18.0,72.625,0.0,9.25,0.6196742219768534,5.5,18.0,0.3121315362269309,15.0,0.0,112.125
93,87,2013-04-14,1,1,2012-13,Toronto Raptors,Brooklyn Nets,94.125,13.5,63.0,17.625,38.25,8.25,30.0,21.375,13.5,1.6891998626373625,4.5,14.0,29.85,31.5,63.75,49.65800293648812,17.625,22.125,79.3125,0.0,6.5,0.4946771978021978,5.75,20.5,0.30361519607843135,13.5,0.0,106.25,103.0,21.75,61.75,19.5,43.875,13.75,30.125,20.875,15.0,1.447765937515357,7.25,20.25,35.599999999999994,30.875,59.125,52.27672412228891,19.5,26.75,73.9375,0.0,7.125,0.5218733107277999,5.875,19.75,0.30646140334124083,15.0,0.0,117.25
90,80,2013-04-14,1,1,2012-13,New York Knicks,Indiana Pacers,107.875,38.25,56.0,13.625,41.125,10.375,30.75,19.25,11.375,1.8866029803529805,12.75,30.0,42.2,28.0,53.125,53.13546280325189,13.625,18.5,73.75,0.0,6.625,0.5796370296370297,2.875,22.125,0.1285948298777246,11.375,0.0,119.125,99.0,16.5,60.25,22.25,42.25,12.625,29.625,19.625,14.0,1.3932687104562105,5.5,18.375,30.225,30.125,60.375,50.219154361453164,22.25,29.875,75.4375,0.0,8.5,0.6112507284382285,4.375,20.375,0.22304667919799498,14.0,0.0,109.0
118,109,2013-04-14,1,1,2012-13,Denver Nuggets,Portland Trail Blazers,104.375,17.625,68.0,18.75,42.875,12.625,30.25,24.375,14.0,1.8664560521178168,5.875,17.375,31.425,34.0,66.125,51.46106438493915,18.75,26.5,70.5125,0.0,9.5,0.7055046260928614,5.5,20.125,0.2995657211940107,14.0,0.0,121.25,94.5,20.625,58.0,15.875,35.375,8.375,27.0,22.625,13.875,1.6932200201114673,6.875,22.0,31.9625,29.0,58.5,50.17780182709145,15.875,20.75,75.0875,0.0,5.75,0.44758161246648087,1.75,18.875,0.09752289173245055,13.875,0.0,96.625
121,100,2013-04-14,1,1,2012-13,Houston Rockets,Sacramento Kings,103.0,30.0,53.25,19.75,45.5,13.75,31.75,23.25,16.875,1.5078586618060303,10.0,29.25,34.2,26.625,53.75,48.97391776759012,19.75,26.25,75.7875,0.0,7.0,0.4363788258525101,5.75,21.625,0.2734038165781587,16.875,0.0,114.75,104.875,24.375,61.75,18.75,42.0,12.25,29.75,21.625,13.75,1.6029761904761903,8.125,22.75,36.5125,30.875,63.25,48.77927266959698,18.75,24.0,77.8,0.0,7.625,0.5674603174603174,3.25,19.625,0.1568204365079365,13.75,0.0,113.375
91,86,2013-04-14,1,1,2012-13,Los Angeles Lakers,San Antonio Spurs,102.875,22.5,58.0,22.375,41.875,10.125,31.75,23.0,14.375,1.8191603535353535,7.5,23.375,31.675000000000004,29.0,52.625,55.10475297060663,22.375,30.25,74.025,0.0,6.625,0.5172641594516595,5.875,16.625,0.35741859243697477,14.375,0.0,118.5,94.875,19.5,61.0,14.375,43.875,9.25,34.625,24.875,14.5,1.8180861928104575,6.5,20.625,31.3625,30.5,60.0,50.991160549752095,14.375,18.125,78.175,0.0,6.75,0.4714358660130719,6.75,15.75,0.44164810573058655,14.5,0.0,115.25
91,77,2013-04-14,1,1,2012-13,Philadelphia 76ers,Cleveland Cavaliers,93.625,19.5,59.5,14.625,41.75,11.5,30.25,21.5,11.5,1.9703685203685202,6.5,17.875,37.074999999999996,29.75,66.625,44.993334605570915,14.625,18.75,77.9375,0.0,7.5,0.6630383505383505,2.375,16.625,0.15843810955556314,11.5,0.0,102.875,94.75,13.5,64.5,16.75,44.375,12.375,32.0,20.375,14.125,1.4673929012164306,4.5,15.125,29.2625,32.25,69.375,46.74999077955948,16.75,21.0,78.71249999999999,0.0,6.25,0.4545110220661691,5.25,21.875,0.2426112661456386,14.125,0.0,104.875
105,93,2013-04-14,1,1,2012-13,Miami Heat,Chicago Bulls,98.375,36.75,47.0,14.625,39.25,8.25,31.0,23.875,17.125,1.5342337237925474,12.25,29.0,43.35,23.5,44.25,53.15550741127578,14.625,18.75,79.21249999999999,0.0,7.625,0.4764931881843646,4.875,16.375,0.3035570579446353,17.125,0.0,115.25,93.625,21.375,55.5,16.75,41.25,10.625,30.625,21.125,11.125,2.038223581973582,7.125,19.25,37.3375,27.75,62.25,44.5918339260677,16.75,23.125,73.2625,0.0,6.75,0.6542096792096792,4.125,20.25,0.22604166666666667,11.125,0.0,102.75
89,107,2013-04-14,1,1,2012-13,New Orleans Hornets,Dallas Mavericks,95.75,16.5,59.25,20.0,41.375,12.125,29.25,19.75,15.875,1.2860529788838613,5.5,17.25,30.6125,29.625,61.875,48.142445544073944,20.0,25.5,80.225,0.0,6.625,0.42346367190600936,4.125,21.625,0.19473134829828193,15.875,0.0,102.25,95.625,17.625,66.25,11.75,43.0,10.5,32.5,24.875,12.5,2.106302031302031,5.875,17.75,32.1375,33.125,68.625,48.26700848022061,11.75,15.625,74.1375,0.0,7.125,0.5961004273504273,7.125,19.125,0.4040246212121212,12.5,0.0,114.0
97,103,2013-04-15,1,1,2012-13,Dallas Mavericks,Memphis Grizzlies,99.25,19.5,68.25,11.5,43.875,10.75,33.125,26.0,12.25,2.2767565767565765,6.5,18.625,33.925,34.125,68.125,50.11762163518159,11.5,14.875,77.7125,0.0,6.875,0.5885246697746698,7.0,18.125,0.41444128787878787,12.25,0.0,121.25,90.125,12.0,61.75,16.375,41.0,9.25,31.75,20.25,10.125,2.129971590909091,4.0,11.625,35.612500000000004,30.875,66.625,46.50776005395571,16.375,22.875,71.15,0.0,8.875,0.9408752705627706,6.25,19.875,0.31738410894660896,10.125,0.0,106.5
80,96,2013-04-15,1,1,2012-13,Minnesota Timberwolves,Utah Jazz,100.75,18.375,61.5,20.875,37.5,9.75,27.75,25.125,13.625,1.972718253968254,6.125,17.375,36.4375,30.75,64.875,47.66570070320177,20.875,25.375,82.975,0.0,11.5,0.8567460317460317,4.375,15.875,0.28179908326967146,13.625,0.0,115.75,101.0,24.75,64.5,11.75,37.25,9.375,27.875,25.625,12.5,2.3232497486173957,8.25,20.875,40.825,32.25,60.375,53.31007732138445,11.75,15.875,74.48750000000001,0.0,9.25,0.8322853821015586,5.375,19.5,0.28179294143286604,12.5,0.0,121.125
119,112,2013-04-15,1,1,2012-13,Phoenix Suns,Houston Rockets,100.0,22.5,61.75,15.75,38.75,9.75,29.0,24.75,17.75,1.619870057273308,7.5,17.875,42.8625,30.875,63.75,48.823018115805326,15.75,19.125,82.39999999999999,0.0,7.75,0.5174027425962411,5.0,20.5,0.264380013368984,17.75,0.0,111.875,106.375,31.5,55.0,19.875,46.875,12.625,34.25,24.375,17.25,1.5440981576043495,10.5,29.25,36.05,27.5,54.0,50.32973787341023,19.875,26.625,75.0375,0.0,7.125,0.42797546450797225,6.625,20.5,0.3376006491573442,17.25,0.0,122.125
111,112,2013-04-15,1,1,2012-13,Milwaukee Bucks,Denver Nuggets,98.375,31.125,54.75,12.5,43.375,11.625,31.75,23.625,15.375,1.6471974297632193,10.375,26.75,38.175,27.375,61.125,44.50134958732553,12.5,17.625,70.125,0.0,9.125,0.5849519997546312,5.625,18.0,0.318381536226931,15.375,0.0,109.5,108.375,18.75,71.75,17.875,43.75,12.375,31.375,26.375,14.875,1.9200274806892454,6.25,18.125,32.0625,35.875,67.25,53.87631862222729,17.875,25.0,71.6875,0.0,10.375,0.7233617689500043,5.75,21.0,0.29767178180007126,14.875,0.0,129.375
84,102,2013-04-15,1,1,2012-13,Orlando Magic,Chicago Bulls,93.0,14.625,65.0,13.375,48.625,14.0,34.625,21.25,14.375,1.6070173784763568,4.875,14.0,34.5125,32.5,75.75,42.82273877695239,13.375,17.625,74.975,0.0,7.625,0.5668134088993222,6.0,18.875,0.3282812939769209,14.375,0.0,105.5,93.375,22.5,54.5,16.375,42.25,10.75,31.5,20.75,11.75,1.917191835941836,7.5,19.625,38.275,27.25,62.625,43.42101182364183,16.375,22.0,74.5,0.0,6.375,0.5778207903207903,3.75,21.75,0.20243055555555556,11.75,0.0,101.625
106,101,2013-04-15,1,1,2012-13,Brooklyn Nets,Washington Wizards,103.0,22.875,61.5,18.625,42.5,12.0,30.5,21.5,13.25,1.7513373660867857,7.625,21.5,35.8125,30.75,58.5,52.57490365775658,18.625,24.625,74.925,0.0,7.25,0.623063786918276,5.75,19.5,0.3036204942503317,13.25,0.0,119.125,95.0,20.25,57.75,17.0,42.0,10.625,31.375,20.0,13.125,1.6422660570638512,6.75,17.875,36.5875,28.875,63.875,45.07023519591778,17.0,24.75,68.3625,0.0,7.5,0.579618369783811,4.75,19.125,0.2693172160083925,13.125,0.0,102.25
104,95,2013-04-15,1,1,2012-13,Oklahoma City Thunder,Sacramento Kings,103.875,24.0,61.5,18.375,44.75,10.25,34.5,20.75,13.75,1.5244859307359309,8.0,19.375,40.087500000000006,30.75,59.75,51.54195953460117,18.375,21.875,84.925,0.0,7.25,0.5430619727494728,9.5,20.625,0.47329352793749074,13.75,0.0,128.5,104.25,23.25,62.0,19.0,42.0,12.125,29.875,21.625,13.75,1.6029761904761903,7.75,22.375,35.6,31.0,64.875,47.89755223948945,19.0,23.5,80.96249999999999,0.0,8.125,0.6007936507936508,4.375,20.5,0.20741567460317462,13.75,0.0,113.625
109,101,2013-04-15,1,1,2012-13,Detroit Pistons,Philadelphia 76ers,100.125,20.25,63.0,16.875,39.875,11.25,28.625,23.625,15.125,1.896475460813696,6.75,17.5,39.5875,31.5,61.125,51.66381329945465,16.875,24.5,69.51249999999999,0.0,6.875,0.5167841553870965,2.875,20.125,0.14510795789887862,15.125,0.0,110.25,92.875,19.875,58.25,14.75,41.25,11.25,30.0,21.625,11.875,1.8905074092574092,6.625,18.25,36.975,29.125,66.25,44.328741845389914,14.75,18.875,78.3875,0.0,8.0,0.687343906093906,2.75,16.5,0.19449580186325544,11.875,0.0,101.75
106,95,2013-04-15,1,1,2012-13,Charlotte Bobcats,New York Knicks,90.0,13.875,59.75,16.375,41.875,11.5,30.375,18.375,16.5,1.1635664682539681,4.625,15.625,29.1875,29.875,63.875,47.19290862516804,16.375,21.375,77.14999999999999,0.0,7.0,0.42694978632478636,4.875,17.75,0.28868149824032174,16.5,0.0,95.625,105.625,37.125,56.75,11.75,40.0,10.125,29.875,18.25,11.25,1.8216991341991342,12.375,30.5,40.150000000000006,28.375,53.875,53.184482411095026,11.75,16.0,74.3,0.0,7.125,0.6269126706626706,3.0,22.375,0.1333296783625731,11.25,0.0,114.875
95,96,2013-04-15,1,1,2012-13,Cleveland Cavaliers,Miami Heat,92.875,12.75,63.25,16.875,46.625,13.625,33.0,20.625,14.75,1.433558314750265,4.25,14.875,28.312499999999996,31.625,70.0,45.405448207095716,16.875,21.375,77.675,0.0,6.125,0.4338343303368458,5.375,20.5,0.2779373531021604,14.75,0.0,103.375,98.0,33.75,47.5,16.75,41.375,8.375,33.0,23.0,17.25,1.4580432476020713,11.25,27.75,41.275000000000006,23.75,45.625,51.897645776055654,16.75,21.875,79.63749999999999,0.0,7.125,0.43661223580341224,5.5,17.375,0.3208572528764092,17.25,0.0,114.25
116,106,2013-04-15,1,1,2012-13,Golden State Warriors,San Antonio Spurs,105.0,24.375,65.0,15.625,44.25,11.125,33.125,23.625,13.125,1.9161906108597284,8.125,20.25,40.9875,32.5,65.625,49.52927820532383,15.625,20.0,79.0375,0.0,8.0,0.6289350355526826,4.5,21.375,0.21258259284575073,13.125,0.0,122.625,92.625,19.5,59.5,13.625,45.625,9.75,35.875,24.375,14.5,1.762530637254902,6.5,21.0,30.525,29.75,61.5,48.75315625278384,13.625,17.875,75.4875,0.0,7.75,0.582546977124183,7.125,16.125,0.4538763666001518,14.5,0.0,112.5
0,0,2013-04-16,1,1,2012-13,Boston Celtics,Indiana Pacers,99.875,19.875,65.5,14.5,37.125,7.75,29.375,21.0,14.125,1.4919871794871795,6.625,18.625,37.075,32.75,61.25,53.52522433230307,14.5,18.875,77.4125,0.0,6.875,0.49030213046757165,3.875,20.75,0.1799705959245433,14.125,0.0,109.75,96.5,17.25,58.0,21.25,42.25,13.125,29.125,19.625,15.5,1.310851128038628,5.75,19.625,29.6375,29.0,57.5,50.93424445154326,21.25,29.625,72.41250000000001,0.0,8.125,0.5597397394272394,4.125,20.125,0.21302161654135338,15.5,0.0,104.375
93,77,2013-04-16,1,1,2012-13,Los Angeles Clippers,Portland Trail Blazers,102.75,22.875,65.0,14.875,41.625,11.75,29.875,26.25,12.625,2.5089052394973446,7.625,20.25,37.875,32.5,61.125,53.01383134674465,14.875,20.25,73.5625,0.0,8.5,0.8341825389522759,5.25,22.5,0.24209357814191912,12.625,0.0,125.125,96.25,22.875,57.75,15.625,35.625,9.125,26.5,23.125,14.75,1.6626493679375542,7.625,24.375,30.875,28.875,58.0,50.42780182709145,15.625,20.0,76.2,0.0,6.0,0.4513180255099591,1.75,19.25,0.09454670125626005,14.75,0.0,97.75
96,113,2013-04-16,1,1,2012-13,Atlanta Hawks,Toronto Raptors,101.0,21.0,62.0,18.0,40.625,8.5,32.125,25.0,14.0,1.89542326546003,7.0,21.0,33.8375,31.0,59.625,52.370774190236695,18.0,24.5,73.45,0.0,8.375,0.6053850867269985,3.25,17.25,0.1949436503170182,14.0,0.0,115.125,93.375,14.25,60.5,18.625,39.0,8.25,30.75,20.625,13.625,1.6114755036630035,4.75,14.25,31.0,30.25,63.5,48.008641050267045,18.625,23.625,78.5125,0.0,6.125,0.46022206959706957,5.125,20.875,0.2633191434468524,13.625,0.0,102.875
103,99,2013-04-17,1,1,2012-13,Brooklyn Nets,Detroit Pistons,102.875,22.5,62.0,18.375,42.75,12.625,30.125,19.875,12.875,1.674656693817878,7.5,20.5,37.3,31.0,60.875,51.091473295015874,18.375,25.625,71.075,0.0,8.25,0.7023705096073517,4.625,19.375,0.24514096208658903,12.875,0.0,115.375,103.5,21.75,64.5,17.25,41.0,11.375,29.625,23.375,15.25,1.8614479882862236,7.25,18.375,40.6125,32.25,61.125,52.95691674773052,17.25,24.375,71.58749999999999,0.0,7.25,0.5408226169255581,2.75,21.125,0.124503562294483,15.25,0.0,115.5
95,92,2013-04-17,1,1,2012-13,Chicago Bulls,Washington Wizards,95.375,24.0,55.25,16.125,41.0,10.25,30.75,22.25,12.875,1.800004335941836,8.0,18.875,42.175,27.625,61.625,44.85126260734088,16.125,21.625,74.55000000000001,0.0,6.375,0.5175529331779332,4.0,22.375,0.20993055555555556,12.875,0.0,105.75,94.0,18.375,59.0,16.625,41.5,10.25,31.25,20.0,14.5,1.4589327237305179,6.125,17.125,34.525,29.5,63.625,46.19545801231707,16.625,23.75,69.69999999999999,0.0,8.0,0.5740628142282553,4.875,18.75,0.27788745012210486,14.5,0.0,101.625
86,70,2013-04-17,1,1,2012-13,Memphis Grizzlies,Utah Jazz,90.625,12.375,61.75,16.5,42.875,10.625,32.25,20.125,11.0,1.993942179144385,4.125,13.0,32.275000000000006,30.875,66.125,46.92476301333155,16.5,22.625,72.35000000000001,0.0,9.0,0.9019046823274764,6.0,19.125,0.3121081349206349,11.0,0.0,107.375,99.875,24.375,63.0,12.5,37.125,8.125,29.0,25.125,12.5,2.2732497486173955,8.125,19.75,41.9375,31.5,60.375,52.19067433630982,12.5,16.5,75.48750000000001,0.0,9.125,0.8197853821015586,5.125,18.875,0.27394269988697234,12.5,0.0,119.375
108,112,2013-04-17,1,1,2012-13,Sacramento Kings,Los Angeles Clippers,101.5,23.25,60.5,17.75,41.375,12.0,29.375,21.375,13.375,1.6154761904761903,7.75,23.5,33.975,30.25,64.25,47.240500957438165,17.75,23.125,76.6375,0.0,8.5,0.6327380952380952,4.0,19.75,0.18955853174603174,13.375,0.0,108.25,101.625,22.5,64.25,14.875,43.25,12.0,31.25,26.75,13.25,2.447825694042799,7.5,21.25,35.85,32.125,59.875,53.572144001831504,14.875,19.5,76.42500000000001,0.0,8.75,0.821398448043185,5.25,21.125,0.26202111437380315,13.25,0.0,126.25
99,95,2013-04-17,1,1,2012-13,Los Angeles Lakers,Houston Rockets,101.375,24.0,56.25,21.125,44.125,10.75,33.375,22.875,13.875,1.847930194805195,8.0,24.25,32.712500000000006,28.125,52.75,53.48648315814444,21.125,29.25,72.475,0.0,6.5,0.5222244769119769,6.0,15.875,0.3824185924369748,13.875,0.0,118.0,108.125,32.25,56.5,19.375,46.25,12.125,34.125,24.875,16.5,1.6115697485134404,10.75,29.875,36.099999999999994,28.25,54.875,50.875372794045155,19.375,26.125,74.3875,0.0,6.875,0.42726523723524495,7.375,20.875,0.3683546174113125,16.5,0.0,124.5
88,99,2013-04-17,1,1,2012-13,Portland Trail Blazers,Golden State Warriors,93.625,22.5,57.25,13.875,35.0,8.375,26.625,22.5,15.125,1.5620000172882038,7.5,24.125,30.6875,28.625,56.625,50.99633052062015,13.875,18.25,74.1875,0.0,6.0,0.4367076358995695,1.625,19.0,0.08760225681181563,15.125,0.0,94.625,107.25,25.875,65.25,16.125,45.75,10.625,35.125,23.125,14.0,1.8030953727644905,8.625,19.75,44.0125,32.625,65.5,49.82648100252662,16.125,20.625,78.875,0.0,8.0,0.6021493212669683,4.875,21.125,0.23773739160736065,14.0,0.0,126.5
99,87,2013-04-17,1,1,2012-13,Dallas Mavericks,New Orleans Hornets,98.875,20.625,66.0,12.25,43.5,10.625,32.875,25.25,12.75,2.1540293040293044,6.875,18.75,35.6875,33.0,67.625,48.63286466077837,12.25,15.75,77.98750000000001,0.0,7.375,0.6127670940170941,6.25,18.75,0.36531027183600717,12.75,0.0,118.5,95.75,18.0,58.0,19.75,43.0,13.25,29.75,20.125,14.875,1.4110529788838613,6.0,17.75,32.25,29.0,63.0,46.28461587374428,19.75,25.5,78.8375,0.0,6.125,0.4162866384131864,4.0,20.5,0.19770753877447242,14.875,0.0,102.625
118,98,2013-04-17,1,1,2012-13,Denver Nuggets,Phoenix Suns,110.0,21.0,69.0,20.0,45.875,12.875,33.0,25.75,15.125,1.8577725787284611,7.0,18.625,37.425,34.5,66.375,52.6032958703313,20.0,28.625,69.3625,0.0,10.0,0.6934598081656905,6.0,21.0,0.30808844846673794,15.125,0.0,130.375,102.0,22.5,63.0,16.5,39.625,9.375,30.25,24.75,18.0,1.546637734040985,7.5,18.25,42.287499999999994,31.5,63.5,49.85530039808761,16.5,19.125,85.6625,0.0,7.75,0.4896249648184633,5.375,20.625,0.2819238730181068,18.0,0.0,116.125
114,90,2013-04-17,1,1,2012-13,Toronto Raptors,Boston Celtics,96.0,15.375,61.75,18.875,39.25,7.875,31.375,21.0,14.25,1.5762190934065934,5.125,15.25,31.025,30.875,62.125,50.32125964609247,18.875,23.75,79.0625,0.0,6.75,0.48960241147741146,5.625,20.125,0.29697298960069857,14.25,0.0,108.125,88.75,17.25,59.25,12.25,32.5,6.625,25.875,19.5,12.625,1.3669871794871795,5.75,15.5,38.371428571428574,29.625,55.125,47.147673311894906,12.25,16.0,77.28571428571429,0.0,6.5,0.45905213046757165,3.5,18.0,0.16292514137908876,12.625,0.0,99.125
98,92,2013-04-17,1,1,2012-13,New York Knicks,Atlanta Hawks,104.75,37.125,56.0,11.625,40.125,9.75,30.375,19.5,10.625,2.04491341991342,12.375,31.75,38.387499999999996,28.0,53.625,52.60277245438507,11.625,15.125,78.05,0.0,6.75,0.6249285436785437,2.75,21.125,0.12666301169590644,10.625,0.0,114.75,99.625,21.375,60.5,17.75,40.875,9.0,31.875,24.25,13.75,1.8761924962292609,7.125,22.0,32.849999999999994,30.25,58.625,51.905087915726895,17.75,24.375,72.7875,0.0,8.625,0.6386018699437817,3.125,17.75,0.1848559310187726,13.75,0.0,112.875
95,105,2013-04-17,1,1,2012-13,Indiana Pacers,Philadelphia 76ers,83.625,14.625,49.75,19.25,35.375,11.25,24.125,16.875,13.875,1.0993126665001665,4.875,17.75,27.2,24.875,48.875,44.95598358197804,19.25,26.375,73.97142857142858,0.0,7.125,0.48281666250416244,3.625,17.75,0.18670582706766917,13.875,0.0,88.75,93.0,20.25,58.25,14.5,42.0,12.0,30.0,21.25,12.25,1.7808920246420246,6.75,19.0,36.475,29.125,67.25,43.4380535862806,14.5,18.125,79.7125,0.0,8.375,0.6959977522477522,3.25,15.375,0.23095413519658875,12.25,0.0,101.625
105,93,2013-04-17,1,1,2012-13,Miami Heat,Orlando Magic,99.0,34.125,47.25,17.625,42.875,9.25,33.625,23.25,18.125,1.3702907223495457,11.375,27.75,41.712500000000006,23.625,45.0,52.37194198168601,17.625,23.375,79.17500000000001,0.0,6.5,0.3709556701468466,5.5,17.875,0.306822165157111,18.125,0.0,115.5,91.375,13.5,64.25,13.625,48.375,14.25,34.125,20.375,15.375,1.4052199928554419,4.5,13.375,32.85,32.125,74.875,42.85299846005098,13.625,19.0,72.325,0.0,7.75,0.5284147160888647,5.875,18.0,0.3401860558816828,15.375,0.0,101.375
95,108,2013-04-17,1,1,2012-13,San Antonio Spurs,Minnesota Timberwolves,95.125,19.875,61.75,13.5,44.375,9.375,35.0,24.875,14.25,1.8213541666666666,6.625,21.0,31.0375,30.875,63.875,48.63951988914748,13.5,17.5,76.13749999999999,0.0,8.5,0.6394097222222223,7.0,16.75,0.44159004181382694,14.25,0.0,114.25,97.0,17.25,60.25,19.5,38.375,9.625,28.75,24.0,13.875,1.816468253968254,5.75,17.25,34.4375,30.125,64.0,47.400448713811855,19.5,24.25,81.125,0.0,11.125,0.8046626984126983,4.25,16.75,0.25717787114845936,13.875,0.0,110.75
89,95,2013-04-17,1,1,2012-13,Oklahoma City Thunder,Milwaukee Bucks,105.25,24.0,63.0,18.25,45.75,11.0,34.75,21.625,13.125,1.660849567099567,8.0,20.25,38.8875,31.5,60.5,52.09406443453216,18.25,21.875,84.3,0.0,7.875,0.6176358363858364,9.0,19.375,0.4703173374613003,13.125,0.0,131.5,95.875,30.375,53.0,12.5,43.25,12.125,31.125,22.75,15.5,1.5439777327935225,10.125,27.75,35.975,26.5,60.125,43.93496391820014,12.5,18.375,67.25,0.0,9.5,0.6095732118758435,6.125,18.375,0.3377267743221691,15.5,0.0,104.875
105,98,2013-04-17,1,1,2012-13,Charlotte Bobcats,Cleveland Cavaliers,91.75,15.75,59.75,16.25,42.125,11.0,31.125,20.0,16.375,1.3321270743145743,5.25,16.875,30.925,29.875,62.375,48.6109758520588,16.25,20.25,81.15,0.0,6.875,0.4203209984459985,5.25,16.875,0.3216360436948672,16.375,0.0,101.5,93.0,13.5,62.25,17.25,45.875,14.25,31.625,19.5,13.75,1.5912964099883604,4.5,15.0,30.0,31.125,70.5,44.3433080443004,17.25,21.875,78.07499999999999,0.0,6.0,0.5201438541463697,5.875,20.25,0.3011381106779179,13.75,0.0,102.0
97,95,2013-04-20,1,1,2012-13,Denver Nuggets,Golden State Warriors,111.125,21.0,70.75,19.375,48.5,13.75,34.75,26.375,15.625,1.8369392453951279,7.0,18.875,36.974999999999994,35.375,68.5,51.99182400885944,19.375,27.25,70.9,0.0,9.5,0.6309598081656905,6.375,19.125,0.36269009681838627,15.625,0.0,133.375,104.0,25.875,63.5,14.625,45.75,11.0,34.75,23.0,14.25,1.7468453727644904,8.625,19.875,43.75,31.75,66.125,48.1188732081651,14.625,18.875,78.30000000000001,0.0,8.125,0.600065987933635,4.25,20.25,0.21812954847010577,14.25,0.0,121.0
112,91,2013-04-20,1,1,2012-13,Los Angeles Clippers,Memphis Grizzlies,105.5,24.375,66.25,14.875,44.0,12.5,31.5,28.0,12.5,2.589526098901099,8.125,21.5,38.125,33.125,60.875,54.46500114468865,14.875,20.0,74.05,0.0,8.125,0.8036858974358976,4.75,20.375,0.24711726821995703,12.5,0.0,131.625,89.875,13.125,60.75,16.0,45.0,11.75,33.25,21.0,11.125,2.056442179144385,4.375,13.75,32.55,30.375,66.0,46.30367537639884,16.0,22.125,71.72500000000001,0.0,8.75,0.868950136872931,6.375,20.375,0.3091319444444444,11.125,0.0,108.75
106,89,2013-04-20,1,1,2012-13,Brooklyn Nets,Chicago Bulls,101.625,21.75,61.5,18.375,42.0,13.0,29.0,19.5,13.5,1.6165426587301588,7.25,20.875,35.5125,30.75,61.125,50.38971890905096,18.375,25.75,70.65,0.0,9.125,0.7306051587301586,4.5,19.875,0.235765962086589,13.5,0.0,111.875,95.75,25.125,54.25,16.375,40.875,10.125,30.75,22.875,13.125,1.8147479256854255,8.375,19.75,42.487500000000004,27.125,60.25,45.115347114383134,16.375,21.625,75.86250000000001,0.0,6.375,0.5111426767676768,3.75,21.625,0.20343704906204907,13.125,0.0,106.75
85,78,2013-04-20,1,1,2012-13,New York Knicks,Boston Celtics,105.125,37.875,55.25,12.0,41.625,10.75,30.875,20.125,10.75,2.081845238095238,12.625,32.0,39.1,27.625,55.125,50.699787379758206,12.0,15.625,78.3125,0.0,6.875,0.6287164224664225,3.125,20.625,0.15010051169590644,10.75,0.0,115.625,87.5,17.25,58.0,12.25,32.625,6.875,25.75,18.75,12.125,1.3658559577677225,5.75,15.625,38.0,29.0,55.375,46.0139190064988,12.25,15.875,77.98571428571428,0.0,6.875,0.4969480580693816,3.375,18.125,0.15643163488558226,12.125,0.0,97.125
91,79,2013-04-21,1,1,2012-13,San Antonio Spurs,Los Angeles Lakers,95.75,19.5,61.25,15.0,44.375,9.0,35.375,24.75,14.5,1.7961805555555554,6.5,20.375,31.549999999999997,30.625,65.0,47.236619510837265,15.0,18.875,77.27499999999999,0.0,8.125,0.6116319444444444,6.25,16.625,0.40947541730789816,14.5,0.0,112.625,100.875,24.0,55.0,21.875,46.0,11.0,35.0,22.75,14.625,1.6075455794205795,8.0,24.5,32.4625,27.5,53.5,51.712610479099354,21.875,30.25,72.75,0.0,6.125,0.41920249888999894,5.875,16.0,0.37184873949579833,14.625,0.0,116.125
110,87,2013-04-21,1,1,2012-13,Miami Heat,Milwaukee Bucks,100.875,35.625,49.25,16.0,43.125,9.125,34.0,24.875,17.125,1.5807073890162124,11.875,28.875,41.8875,24.625,46.125,53.1500032061758,16.0,22.375,74.91250000000001,0.0,6.5,0.4001223368135133,6.625,17.75,0.3704186563851812,17.125,0.0,120.0,95.5,31.125,51.0,13.375,44.25,11.75,32.5,22.625,14.5,1.6127277327935223,10.375,28.25,36.25,25.5,58.25,43.71649438584302,13.375,19.5,67.9375,0.0,8.875,0.5991565452091767,5.375,17.875,0.2968176834130781,14.5,0.0,105.375
107,90,2013-04-21,1,1,2012-13,Indiana Pacers,Atlanta Hawks,81.5,15.375,49.0,17.125,35.0,10.5,24.5,16.75,14.125,1.0714108807858809,5.125,19.125,26.685714285714283,24.5,47.5,45.554274180268635,17.125,24.0,72.41428571428573,0.0,6.625,0.43817380536130535,3.5,17.0,0.1911701127819549,14.125,0.0,85.375,99.0,19.875,62.25,16.875,42.0,9.75,32.25,23.75,13.125,1.8858078808446455,6.625,22.0,30.4625,31.125,60.125,52.10531674867884,16.875,22.625,75.27499999999999,0.0,8.375,0.643409562251474,2.625,16.625,0.17027259768543926,13.125,0.0,112.5
120,91,2013-04-21,1,1,2012-13,Oklahoma City Thunder,Houston Rockets,102.75,23.625,62.5,16.625,45.25,11.375,33.875,20.625,12.5,1.6800803363303363,7.875,20.875,37.55,31.25,61.625,50.716945790464365,16.625,19.625,85.25,0.0,8.0,0.6753281440781441,7.75,18.625,0.4131744803184431,12.5,0.0,125.5,106.125,31.875,54.5,19.75,45.25,10.75,34.5,24.125,17.125,1.4240697485134404,10.625,30.375,35.25,27.25,52.625,51.152440142723755,19.75,26.375,75.2875,0.0,7.125,0.425281110251118,7.25,22.0,0.3512023617722147,17.125,0.0,121.0
82,90,2013-04-22,1,1,2012-13,Brooklyn Nets,Chicago Bulls,103.625,22.125,64.25,17.25,43.125,12.875,30.25,19.625,12.5,1.7649801587301588,7.375,21.0,36.0625,32.125,61.875,52.029234364355894,17.25,24.125,71.3625,0.0,8.875,0.7618551587301586,4.75,20.125,0.2457910247432306,12.5,0.0,117.25,96.0,22.875,56.5,16.625,40.625,10.125,30.5,22.375,12.875,1.804331259018759,7.625,18.25,40.6125,28.25,61.0,46.325024533737974,16.625,22.625,72.775,0.0,5.625,0.4569760101010101,3.625,22.25,0.17770175494440202,12.875,0.0,106.0
93,91,2013-04-22,1,1,2012-13,Los Angeles Clippers,Memphis Grizzlies,106.25,25.125,66.25,14.875,45.375,12.5,32.875,27.5,12.375,2.567548076923077,8.375,21.875,38.8125,33.125,59.75,55.551648871961376,14.875,20.625,72.2625,0.0,7.75,0.779647435897436,5.125,21.0,0.2595396284684042,12.375,0.0,133.75,89.5,13.5,60.25,15.75,43.25,11.375,31.875,20.375,10.5,2.168049322001528,4.5,13.75,33.599999999999994,30.125,66.5,45.41769694804753,15.75,21.75,71.9,0.0,7.875,0.818354898777693,6.0,21.75,0.28566451149425287,10.5,0.0,104.875
117,131,2013-04-23,1,1,2012-13,Denver Nuggets,Golden State Warriors,109.125,19.5,71.0,18.625,48.875,13.625,35.25,25.625,15.25,1.8223288557847381,6.5,18.625,34.4625,35.5,70.25,50.605130991731635,18.625,26.75,69.5625,0.0,9.75,0.6707325354384177,5.875,19.0,0.3378362956487957,15.25,0.0,129.0,103.625,26.25,63.75,13.625,46.75,11.25,35.5,23.25,14.875,1.6939607573798752,8.75,20.25,43.699999999999996,31.875,67.5,47.331948268697786,13.625,18.0,76.6625,0.0,8.0,0.5797668426344896,4.5,20.25,0.23003431037486763,14.875,0.0,119.75
87,71,2013-04-23,1,1,2012-13,New York Knicks,Boston Celtics,103.125,36.75,53.75,12.625,40.375,10.5,29.875,19.625,10.875,2.0297619047619047,12.25,30.625,39.4375,26.875,55.25,49.184238812322846,12.625,16.5,77.375,0.0,8.0,0.7104471916971917,3.375,21.25,0.15795075324180013,10.875,0.0,113.0,85.0,16.5,56.25,12.25,33.375,6.875,26.5,18.5,12.75,1.3167488149105797,5.5,15.625,36.57142857142857,28.125,54.625,45.017186980355014,12.25,15.5,79.92857142857143,0.0,6.625,0.47202246283128635,2.875,17.0,0.1499271099987044,12.75,0.0,93.75
98,86,2013-04-23,1,1,2012-13,Miami Heat,Milwaukee Bucks,103.5,33.375,52.5,17.625,43.75,9.125,34.625,24.375,16.875,1.570682326359571,11.125,27.625,40.7625,26.25,47.25,55.51111431728691,17.625,24.375,74.8375,0.0,6.75,0.417039630046596,6.0,18.0,0.3313319690786796,16.875,0.0,123.25,96.0,29.25,53.5,13.25,43.125,12.0,31.125,22.375,14.375,1.6047149122807018,9.75,27.75,34.612500000000004,26.75,59.5,45.12371488273743,13.25,19.75,66.4125,0.0,9.5,0.6552462887989203,5.125,18.75,0.2811926834130781,14.375,0.0,104.5
102,91,2013-04-24,1,1,2012-13,San Antonio Spurs,Los Angeles Lakers,94.875,18.375,60.0,16.5,43.125,8.5,34.625,24.0,13.625,1.8708333333333333,6.125,19.5,31.2125,30.0,65.25,46.049395987548166,16.5,20.375,79.58749999999999,0.0,8.75,0.7236111111111112,6.125,18.25,0.364832560165041,13.625,0.0,110.75,98.125,22.125,54.75,21.25,44.375,9.375,35.0,21.75,14.625,1.5519900238650237,7.375,23.375,30.800000000000004,27.375,53.625,51.39122511914775,21.25,29.125,73.13749999999999,0.0,6.125,0.4192024988899989,5.375,16.5,0.33434873949579835,14.625,0.0,111.0
113,98,2013-04-24,1,1,2012-13,Indiana Pacers,Atlanta Hawks,81.25,14.25,48.75,18.25,36.625,11.25,25.375,16.0,14.0,1.035101356976357,4.75,18.625,25.728571428571428,24.375,48.875,43.93439423676581,18.25,24.75,74.3,0.0,6.625,0.4429357101232101,3.5,16.25,0.1974859022556391,14.0,0.0,85.125,97.5,19.125,63.0,15.375,41.375,9.25,32.125,23.375,13.625,1.794662047511312,6.375,20.375,31.862499999999997,31.5,61.125,51.81036826080911,15.375,21.125,72.38749999999999,0.0,8.0,0.5991387289181407,2.625,17.75,0.16263685107910442,13.625,0.0,109.875
105,102,2013-04-24,1,1,2012-13,Oklahoma City Thunder,Houston Rockets,105.25,22.875,64.5,17.875,45.125,10.875,34.25,21.5,12.625,1.7305611055611057,7.625,20.875,36.5125,32.25,61.75,52.316887345110764,17.875,21.5,83.5375,0.0,8.25,0.688949938949939,7.25,19.5,0.36446124502432553,12.625,0.0,128.375,103.5,31.125,52.75,19.625,44.25,10.625,33.625,22.25,16.625,1.3552100993906335,10.375,31.125,33.8625,26.375,52.5,49.691401181684796,19.625,26.75,73.425,0.0,7.0,0.4292284786721706,6.875,21.75,0.33815291122276414,16.625,0.0,113.25
94,82,2013-04-25,1,1,2012-13,Memphis Grizzlies,Los Angeles Clippers,90.375,13.125,59.25,18.0,43.5,11.375,32.125,19.375,11.125,1.9468954758476817,4.375,13.375,33.2,29.625,65.25,45.59130805915864,18.0,25.125,71.42500000000001,0.0,7.375,0.7077779757007698,6.125,22.375,0.28417641625615764,11.125,0.0,103.875,102.125,22.5,64.25,15.375,45.75,12.0,33.75,25.0,13.25,1.9377403846153847,7.5,21.125,35.112500000000004,32.125,58.625,55.03081553862804,15.375,21.125,72.9,0.0,6.625,0.5360576923076923,5.75,21.5,0.2786620117212223,13.25,0.0,126.125
91,104,2013-04-25,1,1,2012-13,Milwaukee Bucks,Miami Heat,94.25,28.5,54.0,11.75,42.25,11.375,30.875,21.875,14.625,1.5488325593395253,9.5,27.625,33.4375,27.0,59.125,45.952174921723795,11.75,18.25,64.275,0.0,9.25,0.6297560927204889,3.875,18.625,0.22491562713602187,14.625,0.0,100.125,102.5,30.375,53.25,18.875,43.125,9.25,33.875,23.375,17.25,1.438377131554376,10.125,26.875,37.7125,26.625,47.375,56.05173383803501,18.875,25.875,74.7,0.0,7.375,0.4495071625141285,6.0,18.125,0.32995329260809136,17.25,0.0,120.625
79,76,2013-04-25,1,1,2012-13,Chicago Bulls,Brooklyn Nets,96.625,22.875,57.5,16.25,42.0,10.25,31.75,22.5,13.25,1.7645585317460317,7.625,17.875,41.2375,28.75,61.875,46.397968830820204,16.25,22.375,71.8375,0.0,5.5,0.4310019841269841,3.875,23.125,0.17797953272217978,13.25,0.0,107.75,100.75,21.75,62.0,17.0,43.0,12.875,30.125,20.25,12.875,1.7580357142857141,7.25,21.0,35.4625,31.0,62.125,49.94879535351955,17.0,23.25,73.075,0.0,8.875,0.734077380952381,4.5,20.375,0.22721517335004177,12.875,0.0,113.375
110,108,2013-04-26,1,1,2012-13,Golden State Warriors,Denver Nuggets,106.125,28.125,64.25,13.75,47.5,10.5,37.0,23.25,15.25,1.6529943708252532,9.375,21.375,43.662499999999994,32.125,65.5,49.646763083512596,13.75,18.5,75.1,0.0,7.0,0.4973088594412124,4.875,21.625,0.2397069294224867,15.25,0.0,123.375,111.875,20.625,71.5,19.75,45.875,12.125,33.75,26.25,16.0,1.7417733002291826,6.875,19.75,34.375,35.75,68.0,52.74633469543534,19.75,27.625,71.1125,0.0,9.625,0.6235103132161955,5.25,19.875,0.2935181138306138,16.0,0.0,129.875
89,120,2013-04-26,1,1,2012-13,Los Angeles Lakers,San Antonio Spurs,98.75,23.25,54.75,20.75,44.0,9.875,34.125,21.25,14.0,1.5722891691641692,7.75,23.625,32.225,27.375,54.375,50.71992882285145,20.75,28.5,72.7625,0.0,6.125,0.43255719974469975,6.25,16.875,0.37589285714285714,14.0,0.0,111.75,96.625,18.0,62.5,16.125,42.25,8.25,34.0,24.0,13.5,1.9,6.0,18.625,32.7,31.25,66.0,47.44289693631477,16.125,20.0,79.1125,0.0,8.75,0.7333333333333334,6.375,19.125,0.3538031484003351,13.5,0.0,113.25
76,90,2013-04-26,1,1,2012-13,Boston Celtics,New York Knicks,82.5,16.125,54.0,12.375,32.75,6.0,26.75,17.375,12.75,1.2229988149105795,5.375,15.25,36.42857142857143,27.0,52.625,44.56723087851129,12.375,15.0,82.6,0.0,6.125,0.4303557961646197,2.5,16.5,0.13846877666537108,12.75,0.0,90.375,98.375,33.75,52.25,12.375,40.5,9.0,31.5,18.625,11.5,1.7305194805194803,11.25,28.75,38.525,26.125,55.0,48.09889834250423,12.375,16.25,77.0875,0.0,8.0,0.6630987068487068,3.625,21.0,0.17575261082693946,11.5,0.0,107.375
104,83,2013-04-27,1,1,2012-13,Memphis Grizzlies,Los Angeles Clippers,91.0,13.5,58.75,18.75,43.5,12.5,31.0,19.5,10.375,2.039082975847682,4.5,14.5,30.9625,29.375,65.0,45.3723213167344,18.75,26.25,71.15,0.0,7.625,0.7749654757007699,5.0,22.0,0.24122187080161217,10.375,0.0,103.125,98.75,22.875,60.0,15.875,43.625,10.625,33.0,23.5,14.25,1.7099626068376068,7.625,21.375,35.2375,30.0,56.25,53.11432924714175,15.875,21.375,74.1875,0.0,6.5,0.49577991452991454,6.875,22.375,0.31608364181526616,14.25,0.0,119.5
142,134,2013-04-27,1,1,2012-13,Chicago Bulls,Brooklyn Nets,94.25,20.25,57.75,16.25,43.0,9.75,33.25,21.625,13.875,1.6062251984126985,6.75,17.625,36.3875,28.875,61.125,47.062220038549675,16.25,22.5,71.425,0.0,5.875,0.4435019841269841,4.0,22.375,0.1910747708174179,13.875,0.0,105.5,97.25,21.75,58.5,17.0,39.875,10.75,29.125,20.125,13.0,1.7284902597402598,7.25,21.125,35.3125,29.25,60.5,48.40484558183005,17.0,22.5,75.95,0.0,8.625,0.7033955627705627,5.0,20.75,0.24489609440267335,13.0,0.0,107.25
90,69,2013-04-27,1,1,2012-13,Atlanta Hawks,Indiana Pacers,99.5,19.125,64.75,15.625,42.125,9.75,32.375,23.75,13.375,1.8460013332255978,6.375,20.0,32.425,32.375,63.125,51.31929683223768,15.625,21.25,73.33749999999999,0.0,8.0,0.6069512289181407,2.875,19.5,0.15847018441243774,13.375,0.0,112.875,86.0,17.25,50.25,18.5,38.625,12.0,26.625,17.125,13.875,1.1623740842490844,5.75,19.125,30.085714285714285,25.125,50.25,44.05694325637366,18.5,25.375,73.32857142857142,0.0,7.125,0.4997538919413919,3.75,16.25,0.2106437969924812,13.875,0.0,93.375
101,104,2013-04-27,1,1,2012-13,Houston Rockets,Oklahoma City Thunder,101.75,30.375,52.5,18.875,45.875,11.625,34.25,21.25,16.875,1.2659243851049191,10.125,32.0,32.074999999999996,26.25,53.5,48.46372261025622,18.875,25.5,74.1375,0.0,6.5,0.3890499072435992,6.75,22.375,0.3266794812710733,16.875,0.0,109.5,106.25,25.5,62.75,18.0,43.5,10.25,33.25,21.75,12.5,1.7658175158175158,8.5,23.75,36.275,31.375,59.75,52.566887345110764,18.0,21.625,83.625,0.0,8.75,0.7338217338217338,7.875,19.625,0.39178808485116534,12.5,0.0,128.375
82,103,2013-04-28,1,1,2012-13,Los Angeles Lakers,San Antonio Spurs,98.0,22.125,56.0,19.875,43.875,9.75,34.125,20.5,14.25,1.4708905677655677,7.375,23.125,31.075000000000003,28.0,55.5,50.82238783924489,19.875,27.875,71.1,0.0,6.375,0.4412984584859585,6.0,17.0,0.35625,14.25,0.0,109.25,99.25,18.75,66.0,14.5,42.25,8.125,34.125,24.75,13.375,1.967857142857143,6.25,18.75,34.1125,33.0,66.5,49.611235843784115,14.5,18.25,77.92500000000001,0.0,9.25,0.7720238095238094,5.75,19.0,0.32612457697176367,13.375,0.0,118.125
77,88,2013-04-28,1,1,2012-13,Milwaukee Bucks,Miami Heat,95.25,27.75,54.5,13.0,42.375,11.875,30.5,22.375,14.625,1.5738325593395255,9.25,27.75,32.300000000000004,27.25,58.625,47.01739231302814,13.0,20.125,64.89999999999999,0.0,9.375,0.636006092720489,3.875,19.375,0.22015372237411712,14.625,0.0,101.625,103.75,30.375,54.0,19.375,42.375,9.0,33.375,24.5,17.375,1.489546722197651,10.125,24.875,40.112500000000004,27.0,48.25,55.85126213992181,19.375,27.75,69.2,0.0,7.25,0.43854225023342674,6.0,19.5,0.3167321387619375,17.375,0.0,122.125
97,90,2013-04-28,1,1,2012-13,Boston Celtics,New York Knicks,78.625,16.875,49.75,12.0,33.125,6.625,26.5,15.875,12.875,1.1290445665445665,5.625,16.25,35.74285714285715,24.875,50.75,42.57302410489275,12.0,14.625,82.14285714285714,0.0,5.5,0.3911401098901099,2.375,15.875,0.13423945335710039,12.875,0.0,83.5,94.625,30.375,52.75,11.5,40.25,9.125,31.125,18.125,11.25,1.7305194805194803,10.125,27.625,36.6625,26.375,55.625,47.884380717272315,11.5,15.5,72.85000000000001,0.0,8.875,0.7548819236319235,3.75,20.375,0.18644340030062367,11.25,0.0,103.625
115,101,2013-04-28,1,1,2012-13,Golden State Warriors,Denver Nuggets,108.625,28.5,65.75,14.375,47.625,11.0,36.625,23.875,16.0,1.6398869539454577,9.5,21.75,43.512499999999996,32.875,65.875,50.58974553965295,14.375,19.125,75.8625,0.0,7.25,0.498587631819729,5.5,22.25,0.26679026275582,16.0,0.0,126.875,108.875,19.125,69.0,20.75,44.375,11.875,32.5,24.5,16.875,1.4677834012392836,6.375,18.875,33.7375,34.5,67.25,51.54899765251007,20.75,28.375,73.1,0.0,9.5,0.5635355657414481,4.875,19.75,0.2792873445998446,16.875,0.0,122.375
105,103,2013-04-29,1,1,2012-13,Houston Rockets,Oklahoma City Thunder,100.125,29.625,52.25,18.25,45.875,10.875,35.0,20.375,15.875,1.329919600415924,9.875,32.375,30.975,26.125,53.125,48.60791072028284,18.25,24.625,74.03750000000001,0.0,6.625,0.42433698858331215,7.0,22.75,0.3298612994528915,15.875,0.0,108.25,104.25,25.875,59.5,18.875,45.0,10.625,34.375,20.625,12.25,1.703754578754579,8.625,24.875,34.474999999999994,29.75,59.75,49.90295291888126,18.875,22.25,84.7875,0.0,9.0,0.7652902652902653,7.25,19.875,0.36053808485116534,12.25,0.0,124.25
102,91,2013-04-29,1,1,2012-13,Atlanta Hawks,Indiana Pacers,99.5,18.75,65.25,15.5,43.0,10.625,32.375,23.0,13.5,1.776633201357466,6.25,19.75,32.0875,32.625,64.5,50.62966463607564,15.5,21.375,72.6,0.0,8.75,0.6570885915555034,3.125,20.5,0.15993217271653132,13.5,0.0,112.625,84.0,17.625,46.75,19.625,39.25,12.875,26.375,16.25,14.75,1.0775255994005994,5.875,19.75,30.228571428571428,23.375,49.0,42.01419433862473,19.625,27.0,72.61428571428571,0.0,7.625,0.5171781343656343,4.25,17.0,0.22783956418824838,14.75,0.0,89.75
110,91,2013-04-29,1,1,2012-13,Brooklyn Nets,Chicago Bulls,101.375,22.125,61.75,17.5,40.875,11.125,29.75,20.625,13.75,1.7025974025974024,7.375,21.75,34.7375,30.875,62.75,49.17383686451996,17.5,24.625,72.8375,0.0,8.5,0.6757169913419914,5.875,21.5,0.2733352478418268,13.75,0.0,110.125,97.25,18.75,63.5,15.0,42.125,9.625,32.5,23.0,14.625,1.5701140873015873,6.25,16.625,35.712500000000006,31.75,64.875,48.242775594105225,15.0,21.5,69.9125,0.0,6.0,0.4129464285714285,3.75,24.125,0.16250334224598934,14.625,0.0,107.5
107,100,2013-04-30,1,1,2012-13,Denver Nuggets,Golden State Warriors,109.5,19.125,67.5,22.875,42.375,11.375,31.0,23.0,17.625,1.3526938871727874,6.375,19.5,32.4875,33.75,64.75,52.35678555640402,22.875,30.5,75.5,0.0,9.25,0.5373207319818573,4.0,21.125,0.21823410385910386,17.625,0.0,118.75,109.875,28.875,66.75,14.25,43.75,10.375,33.375,24.25,16.375,1.620055223176227,9.625,22.0,43.5875,33.375,64.125,52.96231664638346,14.25,19.25,74.89999999999999,0.0,8.0,0.5328424395120367,5.375,23.125,0.25135504008375525,16.375,0.0,126.75
93,103,2013-04-30,1,1,2012-13,Los Angeles Clippers,Memphis Grizzlies,95.25,20.25,58.75,16.25,41.125,10.0,31.125,21.375,13.0,1.7099626068376068,6.75,21.375,31.062500000000004,29.375,56.375,51.888608695763295,16.25,21.5,75.8375,0.0,6.5,0.5457799145299146,6.125,23.375,0.2668633689107827,13.0,0.0,110.5,92.25,13.875,58.5,19.875,43.125,12.625,30.5,20.5,11.125,1.9758961626608684,4.625,14.375,32.2375,29.25,64.5,45.58135141706885,19.875,27.375,72.5125,0.0,7.25,0.6966687724040667,4.875,22.5,0.22403437080161218,11.125,0.0,104.375
86,92,2013-05-01,1,1,2012-13,New York Knicks,Boston Celtics,92.0,29.25,50.75,12.0,40.5,9.625,30.875,17.125,12.375,1.4872159090909092,9.75,27.625,35.4125,25.375,53.875,47.47897531186691,12.0,16.25,72.5625,0.0,9.875,0.7972926379176379,3.5,20.25,0.178010860618084,12.375,0.0,100.0,79.125,17.625,48.5,13.0,33.5,5.75,27.75,16.125,13.25,1.1086118742368742,5.875,17.0,35.58571428571428,24.25,49.375,42.630004161872805,13.0,15.5,83.71428571428571,0.0,5.875,0.40736607142857145,2.625,16.5,0.14156546068310774,13.25,0.0,85.25
106,83,2013-05-01,1,1,2012-13,Indiana Pacers,Atlanta Hawks,83.0,18.75,46.0,18.25,39.25,12.5,26.75,17.375,14.75,1.1578827422577422,6.25,20.625,31.0,23.0,48.75,41.58158960274132,18.25,24.375,74.41428571428571,0.0,6.875,0.46360670579420576,4.0,18.75,0.19212527847396266,14.75,0.0,89.5,100.125,21.0,63.25,15.875,44.0,10.875,33.125,23.125,13.5,1.7862485859728507,7.0,21.25,32.6,31.625,61.875,50.847974495230574,15.875,23.0,69.82499999999999,0.0,8.75,0.6570885915555034,3.375,20.75,0.16906260749914,13.5,0.0,114.25
100,107,2013-05-01,1,1,2012-13,Oklahoma City Thunder,Houston Rockets,105.875,26.625,59.75,19.5,43.75,10.5,33.25,20.625,13.625,1.6014818514818516,8.875,25.375,34.6125,29.875,58.125,51.49426497561885,19.5,23.125,83.9875,0.0,8.625,0.6800629925629926,7.0,20.75,0.3385239148106795,13.625,0.0,123.875,100.625,31.875,50.75,18.0,45.25,10.75,34.5,20.625,16.375,1.3172933377896614,10.625,32.0,34.025,25.375,52.25,48.06581888354815,18.0,24.625,73.0,0.0,6.5,0.404766281512605,7.25,24.0,0.3244526456067377,16.375,0.0,109.0
92,88,2013-05-02,1,1,2012-13,Golden State Warriors,Denver Nuggets,110.25,30.375,65.25,14.625,44.125,10.625,33.5,24.75,16.5,1.6421140467056388,10.125,23.5,43.025,32.625,62.25,53.10798812252108,14.625,19.125,76.7125,0.0,7.375,0.4914821453943896,6.125,23.625,0.28053124145675296,16.5,0.0,128.625,109.75,19.875,66.25,23.625,42.375,11.625,30.75,23.5,16.75,1.4651938871727874,6.625,19.875,32.95,33.125,63.875,52.02368597716138,23.625,31.25,76.3,0.0,9.0,0.5652053473664727,4.25,22.0,0.22045632608132607,16.75,0.0,120.5
92,95,2013-05-02,1,1,2012-13,Chicago Bulls,Brooklyn Nets,97.625,16.875,65.5,15.25,41.375,9.75,31.625,22.75,14.0,1.6096440018315017,5.625,15.875,33.625,32.75,65.375,49.49378447223275,15.25,22.0,69.1125,0.0,6.25,0.4482028388278388,4.125,23.625,0.182295008912656,14.0,0.0,108.5,100.5,19.875,63.25,17.375,41.5,11.75,29.75,20.0,13.375,1.7042207792207793,6.625,20.75,33.15,31.625,64.0,49.311307406546675,17.375,24.25,73.6125,0.0,8.375,0.6838338744588743,5.375,20.875,0.25524314257866887,13.375,0.0,109.0
94,103,2013-05-03,1,1,2012-13,Houston Rockets,Oklahoma City Thunder,104.25,33.0,52.75,18.5,44.125,9.625,34.5,20.25,15.75,1.3297933377896614,11.0,32.375,34.725,26.375,51.625,51.251147068876335,18.5,25.75,72.075,0.0,6.5,0.4130996148459384,7.0,23.5,0.31920789036198244,15.75,0.0,112.5,103.875,25.125,59.25,19.5,43.375,10.75,32.625,19.375,12.5,1.6709262959262958,8.375,26.125,32.0875,29.625,57.75,51.40160998909594,19.5,23.75,82.0375,0.0,8.0,0.6800629925629926,7.0,21.625,0.3236429624297271,12.5,0.0,119.0
73,81,2013-05-03,1,1,2012-13,Atlanta Hawks,Indiana Pacers,95.0,19.125,58.5,17.375,42.0,10.5,31.5,20.625,13.0,1.6529152526395174,6.375,20.25,30.725,29.25,60.875,47.92863498465799,17.375,25.25,68.125,0.0,8.5,0.6820885915555033,3.375,21.625,0.16477339181286552,13.0,0.0,103.125,82.625,18.375,45.0,19.25,41.25,12.0,29.25,17.25,14.875,1.1390408304930364,6.125,20.625,30.24285714285714,22.5,47.375,42.024212553560986,19.25,25.5,74.71428571428571,0.0,6.0,0.40800008814714694,3.375,19.5,0.16400027847396267,14.875,0.0,90.0
80,88,2013-05-03,1,1,2012-13,Boston Celtics,New York Knicks,78.0,19.5,45.0,13.5,34.375,5.25,29.125,16.75,13.75,1.1114399285355168,6.5,16.875,39.0,22.5,47.625,41.04230254896959,13.5,16.0,83.71428571428571,0.0,5.125,0.34288643341952163,2.875,16.25,0.1580585162386633,13.75,0.0,85.375,90.125,27.375,50.0,12.75,39.875,9.375,30.5,16.875,11.625,1.5427714646464645,9.125,26.875,33.7875,25.0,54.875,45.846373118447175,12.75,16.625,75.10000000000001,0.0,9.5,0.8167370823620823,3.0,20.0,0.15482790322460027,11.625,0.0,96.25
118,105,2013-05-03,1,1,2012-13,Memphis Grizzlies,Los Angeles Clippers,94.875,13.125,61.0,20.75,42.875,12.875,30.0,20.625,11.125,1.9937533055180114,4.375,13.5,32.3125,30.5,65.625,46.70256353828097,20.75,28.0,73.875,0.0,6.875,0.6430973438326381,4.75,22.875,0.21357982534706674,11.125,0.0,107.375,94.875,19.875,58.75,16.25,41.0,10.25,30.75,20.25,13.0,1.6234241452991454,6.625,20.25,32.112500000000004,29.375,57.375,50.991172798327405,16.25,21.125,76.85000000000001,0.0,6.5,0.5457799145299146,6.125,23.25,0.2679956152875943,13.0,0.0,109.25
93,99,2013-05-04,1,1,2012-13,Brooklyn Nets,Chicago Bulls,101.5,18.75,64.0,18.75,41.875,11.75,30.125,19.75,13.75,1.5560064935064934,6.25,18.75,34.275,32.0,65.375,48.869711964951236,18.75,26.0,74.7125,0.0,8.0,0.6034767316017315,5.0,20.625,0.23788203146755776,13.75,0.0,109.25,97.5,15.375,68.25,13.875,41.5,10.25,31.25,23.625,14.25,1.646474358974359,5.125,14.875,33.2,34.125,67.25,50.581561132192505,13.875,20.375,68.4625,0.0,5.875,0.4169528388278388,4.875,23.125,0.21178218839983548,14.25,0.0,109.75
95,102,2013-05-05,1,1,2012-13,New York Knicks,Indiana Pacers,89.875,26.625,50.0,13.25,41.125,10.25,30.875,17.25,12.25,1.518874405822935,8.875,25.625,34.7125,25.0,55.75,45.13643397037415,13.25,17.25,75.0375,0.0,9.375,0.7756831607934549,3.75,19.875,0.18788949742749883,12.25,0.0,97.625,82.75,16.5,47.25,19.0,42.25,11.25,31.0,16.875,13.625,1.1756994843391901,5.5,19.0,29.014285714285712,23.625,50.375,41.210078747623896,19.0,24.875,75.45714285714287,0.0,6.125,0.4338414343009931,4.125,19.625,0.2005134363686995,13.625,0.0,92.375
93,91,2013-05-05,1,1,2012-13,Oklahoma City Thunder,Memphis Grizzlies,103.5,25.875,58.25,19.375,43.5,11.0,32.5,20.0,12.0,1.790569153069153,8.625,26.75,32.0625,29.125,57.875,50.38294115792711,19.375,23.125,84.4125,0.0,8.125,0.721134421134421,6.5,22.5,0.2835081585081585,12.0,0.0,119.0,98.75,13.875,61.0,23.875,41.75,12.125,29.625,21.625,11.25,2.059094214608921,4.625,14.25,31.8,30.5,63.375,48.433332769050196,23.875,31.375,75.86250000000001,0.0,7.0,0.6478321923174865,4.5,23.625,0.19675290227014366,11.25,0.0,112.375
86,93,2013-05-06,1,1,2012-13,Miami Heat,Chicago Bulls,101.875,26.625,56.75,18.5,41.75,8.5,33.25,25.125,16.25,1.582046722197651,8.875,23.0,38.287499999999994,28.375,49.875,57.14976026257512,18.5,27.25,66.875,0.0,7.375,0.4660422502334267,6.25,19.875,0.32268451971431844,16.25,0.0,121.75,97.125,14.625,68.25,14.25,42.125,10.875,31.25,22.0,13.375,1.6664396367521368,4.875,15.375,30.75,34.125,67.625,50.23178724864248,14.25,20.375,71.35,0.0,5.875,0.4534111721611721,5.25,21.75,0.25428218839983546,13.375,0.0,108.875
129,127,2013-05-06,1,1,2012-13,San Antonio Spurs,Golden State Warriors,101.375,19.125,66.75,15.5,41.875,7.875,34.0,24.75,12.5,2.142857142857143,6.375,18.125,35.65,33.375,66.75,49.99002372257199,15.5,19.0,79.97500000000001,0.0,9.625,0.8918154761904762,5.375,18.625,0.3087926441986544,12.5,0.0,121.875,107.25,28.875,62.5,15.875,45.5,10.375,35.125,23.75,18.125,1.352679522896115,9.625,23.375,41.2375,31.25,59.875,52.715247060765925,15.875,20.125,78.52499999999999,0.0,6.875,0.3999642882515325,6.25,21.875,0.29827446314734307,18.125,0.0,124.875
105,79,2013-05-07,1,1,2012-13,New York Knicks,Indiana Pacers,89.875,24.0,52.0,13.875,41.75,10.625,31.125,15.75,12.375,1.331374405822935,8.0,23.375,34.5875,26.0,58.25,44.82921430831578,13.875,18.5,72.32499999999999,0.0,9.25,0.7562387163490104,4.125,20.625,0.2033656879036893,12.375,0.0,96.125,95.5,19.5,54.5,21.5,47.75,12.625,35.125,19.5,15.625,1.3397619843391901,6.5,21.875,29.7375,27.25,57.0,48.04970138913333,21.5,28.125,75.6375,0.0,6.5,0.4572789343009931,5.125,22.25,0.24813248398774712,15.625,0.0,107.0
93,99,2013-05-07,1,1,2012-13,Oklahoma City Thunder,Memphis Grizzlies,102.125,25.875,56.0,20.25,42.75,9.75,33.0,18.75,11.875,1.6917055167055168,8.625,25.75,33.5125,28.0,57.375,49.064657991817846,20.25,23.75,86.0375,0.0,7.125,0.6324980574980574,6.5,23.0,0.2759324009324009,11.875,0.0,115.375,97.25,13.875,60.25,23.125,40.625,11.125,29.5,20.25,10.625,2.018040293040293,4.625,14.0,32.2375,30.125,63.875,47.42109171443626,23.125,31.25,73.15,0.0,6.375,0.626386113886114,4.375,23.625,0.19107108408832546,10.625,0.0,107.0
91,100,2013-05-08,1,1,2012-13,San Antonio Spurs,Golden State Warriors,104.0,21.75,66.0,16.25,42.375,9.0,33.375,24.5,12.0,2.180555555555556,7.25,19.25,37.487500000000004,33.0,69.125,47.711542709913765,16.25,19.875,79.975,0.0,9.875,0.9235615079365079,4.25,19.5,0.21950692991294013,12.0,0.0,121.25,108.625,29.625,63.25,15.75,45.75,10.75,35.0,23.375,18.125,1.334822380038972,9.875,24.625,40.199999999999996,31.625,60.5,52.74271958823846,15.75,20.875,75.4,0.0,6.75,0.3940119072991516,6.0,23.375,0.26835559904997996,18.125,0.0,123.625
115,78,2013-05-08,1,1,2012-13,Miami Heat,Chicago Bulls,99.0,24.75,56.0,18.25,41.125,8.75,32.375,24.125,15.25,1.6539421470342521,8.25,23.125,35.4125,28.0,50.625,55.67406581813068,18.25,26.875,66.8875,0.0,7.625,0.5330357142857143,6.625,21.125,0.31970832923812803,15.25,0.0,117.125,96.875,14.625,66.75,15.5,42.25,10.5,31.75,21.25,13.5,1.60602297008547,4.875,15.375,30.75,33.375,66.75,49.64216460713305,15.5,21.625,72.4875,0.0,5.875,0.4508070054945055,5.375,21.5,0.2616685520361991,13.5,0.0,108.125
94,104,2013-05-10,1,1,2012-13,Chicago Bulls,Miami Heat,95.5,17.25,62.75,15.5,41.375,10.875,30.5,21.5,14.625,1.530365075348628,5.75,17.25,32.5125,31.375,64.875,47.63744762600097,15.5,21.5,72.8875,0.0,6.375,0.4534385844418739,4.75,22.75,0.22490384615384615,14.625,0.0,103.875,100.25,25.875,56.75,17.625,40.75,9.25,31.5,24.875,15.5,1.6755107744852327,8.625,23.25,37.25,28.375,50.5,56.53128642770978,17.625,25.375,68.1375,0.0,7.875,0.5408788515406162,6.25,20.75,0.3087129588677576,15.5,0.0,120.0
92,102,2013-05-10,1,1,2012-13,Golden State Warriors,San Antonio Spurs,108.75,30.375,62.25,16.125,45.5,10.625,34.875,23.125,17.875,1.353572380038972,10.125,24.875,40.8125,31.125,59.125,52.89356202903991,16.125,21.75,73.9125,0.0,6.625,0.39609524063248486,6.125,23.75,0.2712967755205682,17.875,0.0,123.875,104.625,21.375,66.75,16.5,42.625,9.875,32.75,23.125,12.125,2.0083333333333333,7.125,19.625,36.3,33.375,68.75,48.472727465506146,16.5,20.5,79.10000000000001,0.0,9.375,0.8582837301587302,3.875,19.0,0.2089234058854802,12.125,0.0,119.625
82,71,2013-05-11,1,1,2012-13,Indiana Pacers,New York Knicks,93.5,20.25,52.5,20.75,46.875,11.875,35.0,19.75,16.25,1.3200447224344283,6.75,21.75,30.85,26.25,55.375,47.812574017859625,20.75,27.0,75.4,0.0,6.0,0.4185884581105169,5.25,22.75,0.24714042049568366,16.25,0.0,104.75,90.75,24.375,53.0,13.375,40.125,10.25,29.875,15.625,11.75,1.4697672629657923,8.125,24.125,34.0625,26.5,57.25,46.43558921345112,13.375,17.75,72.475,0.0,9.625,0.8693339544442485,4.25,21.125,0.20492818790368933,11.75,0.0,97.5
87,81,2013-05-11,1,1,2012-13,Memphis Grizzlies,Oklahoma City Thunder,98.875,13.875,60.75,24.25,38.875,10.75,28.125,20.25,10.625,2.018040293040293,4.625,14.25,31.724999999999998,30.375,63.875,47.773204390492594,24.25,32.75,73.3875,0.0,7.125,0.6945679320679321,3.625,23.5,0.1602739826390501,10.625,0.0,106.5,102.625,28.125,52.75,21.75,41.625,9.125,32.5,18.875,13.5,1.542895992895993,9.375,26.125,36.4125,26.375,54.625,48.52117973094828,21.75,25.375,86.4375,0.0,6.5,0.5253552003552003,7.125,24.5,0.2917291042291042,13.5,0.0,114.625
97,87,2013-05-12,1,1,2012-13,Golden State Warriors,San Antonio Spurs,108.375,29.625,62.0,16.75,44.625,11.0,33.625,22.25,17.0,1.3933451073116994,9.875,24.5,40.212500000000006,31.0,59.125,52.71499060046848,16.75,22.375,74.75,0.0,6.5,0.4024083719456162,5.0,24.125,0.21698129933009205,17.0,0.0,121.375,104.125,20.625,66.0,17.5,42.875,9.625,33.25,22.0,11.625,1.996969696969697,6.875,19.125,35.887499999999996,33.0,66.875,49.426117296014624,17.5,21.75,80.11250000000001,0.0,8.25,0.7954049422799423,4.125,19.125,0.22171580354629888,11.625,0.0,119.375
65,88,2013-05-13,1,1,2012-13,Chicago Bulls,Miami Heat,96.0,18.75,61.25,16.0,40.5,11.125,29.375,21.5,14.25,1.5815014389849917,6.25,18.5,33.3625,30.625,63.625,47.4626224511758,16.0,21.75,74.325,0.0,6.5,0.4794126104158999,4.375,23.375,0.2065705128205128,14.25,0.0,103.625,101.25,24.0,58.5,18.75,40.0,9.125,30.875,24.375,14.75,1.7206496633741217,8.0,22.25,36.45,29.25,52.0,56.702339059288725,18.75,25.75,71.1,0.0,8.125,0.5686566293183941,5.75,20.875,0.2810813799203892,14.75,0.0,120.75
103,97,2013-05-13,1,1,2012-13,Memphis Grizzlies,Oklahoma City Thunder,98.375,13.5,60.25,24.625,41.5,10.875,30.625,19.5,11.25,1.791849816849817,4.5,14.5,30.0875,30.125,64.0,47.25766766732876,24.625,33.125,73.65,0.0,7.375,0.693079836829837,4.25,22.25,0.1954373220219902,11.25,0.0,107.375,97.75,26.25,51.0,20.5,42.25,10.25,32.0,16.625,13.625,1.362950937950938,8.75,25.375,34.675,25.5,56.0,46.13921847186838,20.5,24.25,84.5125,0.0,6.25,0.5013167388167388,6.5,24.375,0.26659323466388685,13.625,0.0,104.875
93,82,2013-05-14,1,1,2012-13,Indiana Pacers,New York Knicks,90.375,21.375,50.0,19.0,47.5,12.25,35.25,18.625,16.625,1.2176287560478738,7.125,23.5,30.037499999999998,25.0,53.875,46.6676046705823,19.0,25.625,73.07499999999999,0.0,5.875,0.39863047491723963,4.875,23.25,0.2262594136306951,16.625,0.0,98.75,89.0,22.125,52.75,14.125,40.25,10.375,29.875,15.375,12.0,1.436433929632459,7.375,22.375,32.975,26.375,58.0,45.694848472710376,14.125,19.0,71.475,0.0,8.625,0.7834365185468126,4.125,21.125,0.19949340529499368,12.0,0.0,93.875
109,91,2013-05-14,1,1,2012-13,San Antonio Spurs,Golden State Warriors,103.125,20.625,66.0,16.5,44.25,11.0,33.25,21.625,10.875,2.0351641414141417,6.875,20.25,34.2625,33.0,67.5,49.02249086779803,16.5,22.125,74.61250000000001,0.0,9.0,0.8752660533910535,4.75,19.5,0.24535216718266253,10.875,0.0,118.375,104.125,27.0,59.75,17.375,48.25,12.625,35.625,21.375,17.125,1.3341130811679085,9.0,23.625,38.075,29.875,61.625,48.8799055153834,17.375,23.0,75.375,0.0,6.375,0.3926044503769887,4.625,23.375,0.20616399163778434,17.125,0.0,115.625
84,88,2013-05-15,1,1,2012-13,Oklahoma City Thunder,Memphis Grizzlies,96.75,25.5,50.75,20.5,42.75,10.0,32.75,16.5,14.0,1.312950937950938,8.5,23.5,36.375,25.375,57.125,44.93582864135991,20.5,24.0,85.4625,0.0,5.75,0.45131673881673884,6.625,25.375,0.25712353769418983,14.0,0.0,104.125,99.875,15.0,60.0,24.875,41.875,11.5,30.375,19.75,10.5,1.9594322344322346,5.0,15.25,32.225,30.0,65.25,46.21600100066209,24.875,32.5,75.975,0.0,7.375,0.7590139027639028,4.5,22.5,0.203718895520955,10.5,0.0,109.75
94,91,2013-05-15,1,1,2012-13,Miami Heat,Chicago Bulls,99.125,21.75,57.75,19.625,40.25,9.25,31.0,23.5,15.375,1.5742035849427491,7.25,20.875,35.4375,28.875,52.125,55.79927783479893,19.625,26.0,74.7,0.0,8.375,0.5619164332399627,5.375,21.5,0.24666109006531672,15.375,0.0,118.0,94.25,18.375,58.5,17.375,40.25,12.375,27.875,20.875,14.5,1.528070066435972,6.125,18.75,32.3375,29.25,62.875,45.635137071058836,17.375,23.125,75.75,0.0,7.0,0.5029420221806057,4.375,23.875,0.20130735492577598,14.5,0.0,100.25
85,75,2013-05-16,1,1,2012-13,New York Knicks,Indiana Pacers,88.375,22.5,52.25,13.625,39.5,10.875,28.625,15.375,11.875,1.4523430205415502,7.5,23.5,31.95,26.125,58.25,45.0852736882917,13.625,18.0,73.1,0.0,8.875,0.8141183367286309,4.5,22.625,0.194168861684446,11.875,0.0,92.25,87.875,20.625,48.0,19.25,48.375,12.375,36.0,18.0,17.375,1.0754412560478737,6.875,23.5,29.0375,24.0,52.5,46.054859572543094,19.25,25.75,73.6125,0.0,5.125,0.3048804749172396,5.25,23.125,0.24892023234414537,17.375,0.0,95.625
82,94,2013-05-16,1,1,2012-13,Golden State Warriors,San Antonio Spurs,101.75,26.25,58.5,17.0,47.5,12.0,35.5,20.375,16.0,1.3535230190561074,8.75,23.125,37.7625,29.25,61.5,47.940639978660236,17.0,23.0,73.7375,0.0,6.5,0.4259895435446906,4.375,23.375,0.19366399163778436,16.0,0.0,111.875,105.375,21.75,67.25,16.375,43.625,11.0,32.625,22.875,11.0,2.1323863636363636,7.25,20.125,36.2375,33.625,66.625,50.75860197890914,16.375,22.125,74.11250000000001,0.0,9.0,0.8585993867243866,4.75,19.375,0.24624502432551967,11.0,0.0,123.0
106,99,2013-05-18,1,1,2012-13,Indiana Pacers,New York Knicks,88.625,21.375,48.25,19.0,47.25,11.75,35.5,18.25,17.0,1.0975704426507444,7.125,22.75,30.9875,24.125,51.75,46.78700242968595,19.0,26.375,71.4375,0.0,5.125,0.31026325003685684,5.0,22.0,0.24660541752933057,17.0,0.0,96.625,87.75,21.0,51.75,15.0,39.875,11.375,28.5,14.125,11.875,1.3387066569051864,7.0,22.375,31.724999999999998,25.875,59.625,43.40585191958422,15.0,19.125,78.71249999999999,0.0,8.625,0.7913910640013581,4.625,24.0,0.18868640554409513,11.875,0.0,89.875
105,83,2013-05-19,1,1,2012-13,San Antonio Spurs,Memphis Grizzlies,104.375,21.75,65.0,17.625,44.75,10.625,34.125,23.625,11.625,2.0817911255411254,7.25,20.75,34.5875,32.5,64.875,50.34329696801589,17.625,23.5,74.78750000000001,0.0,8.875,0.814948593073593,4.375,19.75,0.21977443609022557,11.625,0.0,122.625,99.125,14.625,60.0,24.5,42.0,10.375,31.625,19.75,10.5,1.9594322344322344,4.875,15.0,31.775000000000002,30.0,65.625,45.97987693349791,24.5,31.375,77.5375,0.0,7.0,0.7215139027639028,4.625,21.875,0.21608520568138284,10.5,0.0,109.375
93,89,2013-05-21,1,1,2012-13,San Antonio Spurs,Memphis Grizzlies,102.5,25.125,59.75,17.625,42.75,10.5,32.25,23.375,11.25,2.132115800865801,8.375,22.375,36.7125,29.875,62.125,48.74369783141398,17.625,23.375,75.45,0.0,8.375,0.7914096320346321,4.0,19.5,0.20380221386800332,11.25,0.0,117.75,96.5,15.0,58.0,23.5,40.75,10.0,30.75,19.125,10.375,1.9273809523809526,5.0,15.0,32.825,29.0,65.25,44.692656089825455,23.5,30.25,76.8,0.0,7.25,0.7447510822510823,4.625,21.5,0.22270285274020635,10.375,0.0,104.875
103,102,2013-05-22,1,1,2012-13,Miami Heat,Indiana Pacers,97.125,21.375,56.5,19.25,38.5,8.625,29.875,23.25,14.25,1.6794667428374859,7.125,20.625,35.212500000000006,28.25,52.625,53.82081978491232,19.25,26.0,73.5625,0.0,8.625,0.6342848542925943,5.625,22.125,0.25296591462672025,14.25,0.0,114.25,90.5,20.25,49.5,20.75,47.0,11.25,35.75,17.625,16.375,1.1372529823332842,6.75,21.75,30.525,24.75,50.625,48.875590071552274,20.75,29.0,70.675,0.0,4.625,0.2943902341638409,5.375,20.5,0.2834357746721877,16.375,0.0,99.625
93,97,2013-05-24,1,1,2012-13,Miami Heat,Indiana Pacers,97.75,21.0,58.25,18.5,37.875,9.125,28.75,24.125,15.125,1.6705381714089145,7.0,20.5,34.7375,29.125,53.75,54.29439904712567,18.5,25.875,70.98750000000001,0.0,8.5,0.5985705685783085,6.375,23.5,0.2710856625258799,15.125,0.0,114.0,90.0,19.125,50.75,20.125,46.0,12.375,33.625,16.875,16.75,1.07328239409799,6.375,21.125,29.5,25.375,53.0,47.85385094111749,20.125,28.625,69.6875,0.0,5.625,0.3421843518108998,5.375,20.5,0.28343577467218767,16.75,0.0,96.25
93,104,2013-05-25,1,1,2012-13,Memphis Grizzlies,San Antonio Spurs,94.75,15.75,56.5,22.5,43.0,10.625,32.375,19.125,11.0,1.7860119047619047,5.25,15.875,32.75,28.25,65.875,43.40098942315879,22.5,29.375,75.60000000000001,0.0,7.5,0.7135010822510823,4.5,21.125,0.22179376183111543,11.0,0.0,102.75,101.25,26.625,58.0,16.625,43.5,9.75,33.75,24.0,11.875,2.0359619547119547,8.875,23.5,37.3,29.0,60.875,48.31266334865536,16.625,22.625,73.39999999999999,0.0,7.375,0.6363615551115551,5.125,20.625,0.24223389088663688,11.875,0.0,116.875
96,114,2013-05-26,1,1,2012-13,Indiana Pacers,Miami Heat,92.0,19.875,50.5,21.625,44.25,12.875,31.375,17.0,16.875,1.0728228352744607,6.625,20.75,32.2125,25.25,52.125,48.392709471779305,21.625,30.0,71.5125,0.0,5.5,0.3316144988697233,4.625,20.875,0.24349012249827467,16.875,0.0,97.125,96.375,20.625,56.75,19.0,36.5,8.875,27.625,22.0,14.625,1.5832574696545285,6.875,20.875,33.45,28.375,52.625,54.0370461059492,19.0,26.0,72.6375,0.0,7.625,0.5595354808590103,6.5,23.875,0.27397918104439845,14.625,0.0,109.125
86,93,2013-05-27,1,1,2012-13,Memphis Grizzlies,San Antonio Spurs,91.625,15.375,57.25,19.0,44.75,12.25,32.5,18.0,10.75,1.7297619047619048,5.125,16.0,31.8625,28.625,69.0,41.7026877248571,19.0,25.75,72.4375,0.0,7.875,0.7655844155844156,4.875,20.875,0.2386206849080385,10.75,0.0,98.375,98.125,24.0,58.5,15.625,44.125,9.75,34.375,23.25,12.25,1.9508779210985092,8.0,22.5,35.2125,29.25,59.0,49.92708186131358,15.625,21.875,71.775,0.0,7.0,0.6001220593132358,5.625,20.625,0.2660434146961607,12.25,0.0,115.375
99,92,2013-05-28,1,1,2012-13,Indiana Pacers,Miami Heat,91.25,19.875,48.5,22.875,44.375,13.75,30.625,16.375,16.25,1.0905785170926423,6.625,19.625,35.0,24.25,52.875,46.00223937264275,22.875,32.25,70.425,0.0,5.25,0.3195406352333597,4.0,21.375,0.21087107487922707,16.25,0.0,94.0,99.625,20.25,59.0,20.375,35.75,8.625,27.125,21.625,13.25,1.9207574696545286,6.75,19.375,35.45,29.5,54.625,53.999052184976556,20.375,27.125,74.8,0.0,7.375,0.6470354808590102,6.125,25.0,0.24719346675868414,13.25,0.0,112.75
90,79,2013-05-30,1,1,2012-13,Miami Heat,Indiana Pacers,100.375,20.625,58.5,21.25,35.5,9.25,26.25,21.0,12.875,1.955479691876751,6.875,19.25,36.15,29.25,54.625,53.536089222013594,21.25,27.375,77.4125,0.0,7.25,0.6817577030812325,5.75,25.75,0.22636013342535083,12.875,0.0,113.125,93.75,18.0,51.0,24.75,46.125,14.75,31.375,16.25,15.25,1.1505602020743275,6.0,18.25,33.675,25.5,54.75,46.43777944232916,24.75,34.125,72.6375,0.0,5.125,0.3245772652699897,4.0,22.25,0.20114885265700483,15.25,0.0,99.125
91,77,2013-06-01,1,1,2012-13,Indiana Pacers,Miami Heat,93.375,16.125,53.0,24.25,43.625,13.25,30.375,15.875,15.375,1.124007914492628,5.375,15.75,34.7,26.5,55.875,47.454116828347395,24.25,33.125,73.9375,0.0,5.0,0.31477334370136223,4.5,21.75,0.22860880689041443,15.375,0.0,98.375,97.25,19.875,58.0,19.375,34.375,9.0,25.375,19.75,12.0,1.9797443977591036,6.625,19.25,34.7625,29.0,55.25,52.401642528356376,19.375,25.25,75.2125,0.0,6.875,0.6905812324929972,6.0,24.125,0.2798639213041387,12.0,0.0,107.5
99,76,2013-06-03,1,1,2012-13,Miami Heat,Indiana Pacers,93.875,20.625,55.25,18.0,33.625,9.0,24.625,18.375,12.25,1.850280112044818,6.875,19.0,36.712500000000006,27.625,55.75,49.35534623206008,18.0,23.875,74.2375,0.0,7.625,0.7382002801120447,6.25,24.25,0.2905782070184244,12.25,0.0,101.375,93.125,15.375,55.0,22.75,43.5,13.125,30.375,16.125,16.0,1.1042906525878662,5.125,14.0,37.5125,27.5,57.375,47.96765557718026,22.75,31.625,71.98750000000001,0.0,5.125,0.313285248463267,3.875,21.875,0.19279009344012205,16.0,0.0,98.125
88,92,2013-06-06,1,1,2012-13,Miami Heat,San Antonio Spurs,95.25,20.625,54.5,20.125,34.5,10.0,24.5,17.125,11.5,1.8329004329004328,6.875,18.75,37.2375,27.25,57.125,47.52337901894532,20.125,26.0,75.5625,0.0,7.875,0.7970238095238095,5.75,24.125,0.2700742544492544,11.5,0.0,101.375,98.375,23.25,60.0,15.125,42.375,8.125,34.25,24.375,13.0,1.9555654210985094,7.75,21.5,35.125,30.0,58.375,51.555233121817786,15.125,20.5,74.975,0.0,7.375,0.5907470593132358,6.0,21.375,0.27314867785405544,13.0,0.0,118.0
103,84,2013-06-09,1,1,2012-13,Miami Heat,San Antonio Spurs,94.5,21.375,54.5,18.625,36.25,10.375,25.875,17.125,11.375,1.8606782106782107,7.125,19.25,37.662499999999994,27.25,57.625,47.02280142941895,18.625,24.0,75.3,0.0,7.125,0.727579365079365,5.375,22.625,0.2648659211159211,11.375,0.0,101.125,97.125,23.625,58.5,15.0,41.875,7.875,34.0,23.75,12.125,2.2169290574621456,7.875,21.875,35.175,29.25,58.625,50.0895482093421,15.0,19.875,76.6875,0.0,7.625,0.7327925138586904,6.25,20.5,0.3054951690821256,12.125,0.0,116.25
113,77,2013-06-11,1,1,2012-13,San Antonio Spurs,Miami Heat,96.75,24.75,57.5,14.5,41.0,7.875,33.125,23.625,12.75,2.1574927829523416,8.25,21.0,38.1875,28.75,57.625,49.9066850954445,14.5,18.5,78.6125,0.0,6.625,0.6402680040547687,5.875,19.125,0.3062094547964113,12.75,0.0,115.5,94.5,23.25,53.25,18.0,36.0,9.5,26.5,16.875,9.5,2.176154401154401,7.75,19.375,40.7625,26.625,57.125,46.45984187059541,18.0,22.625,77.125,0.0,7.125,0.8615079365079366,5.0,21.25,0.2688049967461732,9.5,0.0,103.25
93,109,2013-06-13,1,1,2012-13,San Antonio Spurs,Miami Heat,97.25,27.0,56.75,13.5,42.75,9.25,33.5,23.5,13.125,2.061338936798496,9.0,22.375,38.487500000000004,28.375,57.625,49.23704223830165,13.5,17.75,76.35,0.0,6.375,0.5864218502086149,6.0,18.25,0.32592099325794976,13.125,0.0,115.875,92.5,23.625,52.25,16.625,36.5,9.375,27.125,17.75,9.625,2.2235502344877345,7.875,18.875,42.337500000000006,26.125,58.0,44.79909136349602,16.625,20.625,77.225,0.0,7.75,0.8984871031746031,5.5,20.5,0.2979055258467023,9.625,0.0,103.5
114,104,2013-06-16,1,1,2012-13,San Antonio Spurs,Miami Heat,97.125,27.375,56.0,13.75,41.5,9.125,32.375,22.75,13.75,1.9584254029639092,9.125,22.0,40.1375,28.0,57.625,48.5425977938572,13.75,18.5,75.125,0.0,6.25,0.5657451584792915,6.0,18.0,0.3286987710357276,13.75,0.0,112.625,91.875,22.875,53.5,15.5,37.125,9.5,27.625,18.0,10.125,2.0179946789321788,7.625,18.625,41.137499999999996,26.75,59.25,44.676782165844365,15.5,19.25,77.53750000000001,0.0,8.625,0.9290426587301588,5.75,20.0,0.3107260386672151,10.125,0.0,104.0
103,100,2013-06-18,1,1,2012-13,Miami Heat,San Antonio Spurs,93.375,24.0,54.5,14.875,37.625,9.5,28.125,19.25,11.25,1.9138280122655122,8.0,18.625,42.7625,27.25,60.375,44.74291973198193,14.875,18.75,76.75,0.0,8.75,0.8498759920634921,5.5,19.25,0.3055177053338818,11.25,0.0,105.625,98.25,25.5,57.75,15.0,41.875,8.875,33.0,21.875,14.75,1.7784014795189331,8.5,21.125,39.2125,28.875,57.75,50.22145417683592,15.0,20.0,75.39999999999999,0.0,6.25,0.5418217135032151,6.5,18.375,0.3485400408769974,14.75,0.0,113.5
95,88,2013-06-20,1,1,2012-13,Miami Heat,San Antonio Spurs,95.0,25.5,53.5,16.0,38.875,10.25,28.625,19.75,11.875,1.8679946789321789,8.5,18.75,45.1375,26.75,61.0,43.38822250504361,16.0,19.875,78.9875,0.0,9.25,0.8582093253968255,5.375,21.125,0.2548184046345811,11.875,0.0,108.0,99.125,24.0,59.0,16.125,41.75,9.875,31.875,19.875,15.0,1.6078886590061128,8.0,20.25,38.1875,29.5,58.875,50.37263791332589,16.125,21.375,75.95,0.0,6.625,0.5604114570929587,5.25,18.125,0.2952274114774115,15.0,0.0,110.75
