placar_casa,placar_visitante,data,round,stage,ano,equipe_casa,equipe_visitante,resultado,Pts_casa,3P_casa,2P_casa,LL_casa,RT_casa,RO_casa,RD_casa,AS_casa,ER_casa,IA%_casa,3PC_casa,3PT_casa,3P%_casa,2PC_casa,2PT_casa,2P%_casa,LLC_casa,LLT_casa,LL%_casa,EN_casa,BR_casa,B/E_casa,TO_casa,FC_casa,T/FC_casa,ET_casa,VI_casa,EF_casa,Pts_visitante,3P_visitante,2P_visitante,LL_visitante,RT_visitante,RO_visitante,RD_visitante,AS_visitante,ER_visitante,IA%_visitante,3PC_visitante,3PT_visitante,3P%_visitante,2PC_visitante,2PT_visitante,2P%_visitante,LLC_visitante,LLT_visitante,LL%_visitante,EN_visitante,BR_visitante,B/E_visitante,TO_visitante,FC_visitante,T/FC_visitante,ET_visitante,VI_visitante,EF_visitante
77,95,2000-11-01,1,1,2000-01,Charlotte Hornets,Washington Wizards,0,0.0,0.0,0.0,0.0,0.0,0.0,0.0,0.0,0.0,0.0,0.0,0.0,0.0,0.0,0.0,0.0,0.0,0.0,0.0,0.0,0.0,0.0,0.0,0.0,0.0,0.0,0.0,0.0,0.0,0.0,0.0,0.0,0.0,0.0,0.0,0.0,0.0,0.0,0.0,0.0,0.0,0.0,0.0,0.0,0.0,0.0,0.0,0.0,0.0,0.0,0.0,0.0,0.0,0.0,0.0,0.0
92,97,2000-11-01,1,1,2000-01,Los Angeles Lakers,Utah Jazz,0,0.0,0.0,0.0,0.0,0.0,0.0,0.0,0.0,0.0,0.0,0.0,0.0,0.0,0.0,0.0,0.0,0.0,0.0,0.0,0.0,0.0,0.0,0.0,0.0,0.0,0.0,0.0,0.0,0.0,0.0,0.0,0.0,0.0,0.0,0.0,0.0,0.0,0.0,0.0,0.0,0.0,0.0,0.0,0.0,0.0,0.0,0.0,0.0,0.0,0.0,0.0,0.0,0.0,0.0,0.0,0.0
104,98,2000-11-01,1,1,2000-01,Philadelphia 76ers,Toronto Raptors,1,0.0,0.0,0.0,0.0,0.0,0.0,0.0,0.0,0.0,0.0,0.0,0.0,0.0,0.0,0.0,0.0,0.0,0.0,0.0,0.0,0.0,0.0,0.0,0.0,0.0,0.0,0.0,0.0,0.0,0.0,0.0,0.0,0.0,0.0,0.0,0.0,0.0,0.0,0.0,0.0,0.0,0.0,0.0,0.0,0.0,0.0,0.0,0.0,0.0,0.0,0.0,0.0,0.0,0.0,0.0,0.0
102,100,2000-11-01,1,1,2000-01,Cleveland Cavaliers,Sacramento Kings,1,0.0,0.0,0.0,0.0,0.0,0.0,0.0,0.0,0.0,0.0,0.0,0.0,0.0,0.0,0.0,0.0,0.0,0.0,0.0,0.0,0.0,0.0,0.0,0.0,0.0,0.0,0.0,0.0,0.0,0.0,0.0,0.0,0.0,0.0,0.0,0.0,0.0,0.0,0.0,0.0,0.0,0.0,0.0,0.0,0.0,0.0,0.0,0.0,0.0,0.0,0.0,0.0,0.0,0.0,0.0,0.0
115,93,2000-11-02,1,1,2000-01,Houston Rockets,Milwaukee Bucks,1,0.0,0.0,0.0,0.0,0.0,0.0,0.0,0.0,0.0,0.0,0.0,0.0,0.0,0.0,0.0,0.0,0.0,0.0,0.0,0.0,0.0,0.0,0.0,0.0,0.0,0.0,0.0,0.0,0.0,0.0,0.0,0.0,0.0,0.0,0.0,0.0,0.0,0.0,0.0,0.0,0.0,0.0,0.0,0.0,0.0,0.0,0.0,0.0,0.0,0.0,0.0,0.0,0.0,0.0,0.0,0.0
103,91,2000-11-02,1,1,2000-01,San Antonio Spurs,Minnesota Timberwolves,1,0.0,0.0,0.0,0.0,0.0,0.0,0.0,0.0,0.0,0.0,0.0,0.0,0.0,0.0,0.0,0.0,0.0,0.0,0.0,0.0,0.0,0.0,0.0,0.0,0.0,0.0,0.0,0.0,0.0,0.0,0.0,0.0,0.0,0.0,0.0,0.0,0.0,0.0,0.0,0.0,0.0,0.0,0.0,0.0,0.0,0.0,0.0,0.0,0.0,0.0,0.0,0.0,0.0,0.0,0.0,0.0
94,88,2000-11-02,1,1,2000-01,Dallas Mavericks,Indiana Pacers,1,0.0,0.0,0.0,0.0,0.0,0.0,0.0,0.0,0.0,0.0,0.0,0.0,0.0,0.0,0.0,0.0,0.0,0.0,0.0,0.0,0.0,0.0,0.0,0.0,0.0,0.0,0.0,0.0,0.0,0.0,0.0,0.0,0.0,0.0,0.0,0.0,0.0,0.0,0.0,0.0,0.0,0.0,0.0,0.0,0.0,0.0,0.0,0.0,0.0,0.0,0.0,0.0,0.0,0.0,0.0,0.0
108,82,2000-11-02,1,1,2000-01,Phoenix Suns,Portland Trail Blazers,1,0.0,0.0,0.0,0.0,0.0,0.0,0.0,0.0,0.0,0.0,0.0,0.0,0.0,0.0,0.0,0.0,0.0,0.0,0.0,0.0,0.0,0.0,0.0,0.0,0.0,0.0,0.0,0.0,0.0,0.0,0.0,0.0,0.0,0.0,0.0,0.0,0.0,0.0,0.0,0.0,0.0,0.0,0.0,0.0,0.0,0.0,0.0,0.0,0.0,0.0,0.0,0.0,0.0,0.0,0.0,0.0
94,69,2000-11-02,1,1,2000-01,New York Knicks,Atlanta Hawks,1,0.0,0.0,0.0,0.0,0.0,0.0,0.0,0.0,0.0,0.0,0.0,0.0,0.0,0.0,0.0,0.0,0.0,0.0,0.0,0.0,0.0,0.0,0.0,0.0,0.0,0.0,0.0,0.0,0.0,0.0,0.0,0.0,0.0,0.0,0.0,0.0,0.0,0.0,0.0,0.0,0.0,0.0,0.0,0.0,0.0,0.0,0.0,0.0,0.0,0.0,0.0,0.0,0.0,0.0,0.0,0.0
101,97,2000-11-02,1,1,2000-01,Denver Nuggets,Golden State Warriors,1,0.0,0.0,0.0,0.0,0.0,0.0,0.0,0.0,0.0,0.0,0.0,0.0,0.0,0.0,0.0,0.0,0.0,0.0,0.0,0.0,0.0,0.0,0.0,0.0,0.0,0.0,0.0,0.0,0.0,0.0,0.0,0.0,0.0,0.0,0.0,0.0,0.0,0.0,0.0,0.0,0.0,0.0,0.0,0.0,0.0,0.0,0.0,0.0,0.0,0.0,0.0,0.0,0.0,0.0,0.0,0.0
91,99,2000-11-02,1,1,2000-01,Los Angeles Clippers,Vancouver Grizzlies,0,0.0,0.0,0.0,0.0,0.0,0.0,0.0,0.0,0.0,0.0,0.0,0.0,0.0,0.0,0.0,0.0,0.0,0.0,0.0,0.0,0.0,0.0,0.0,0.0,0.0,0.0,0.0,0.0,0.0,0.0,0.0,0.0,0.0,0.0,0.0,0.0,0.0,0.0,0.0,0.0,0.0,0.0,0.0,0.0,0.0,0.0,0.0,0.0,0.0,0.0,0.0,0.0,0.0,0.0,0.0,0.0
93,91,2000-11-03,1,1,2000-01,Boston Celtics,Toronto Raptors,1,0.0,0.0,0.0,0.0,0.0,0.0,0.0,0.0,0.0,0.0,0.0,0.0,0.0,0.0,0.0,0.0,0.0,0.0,0.0,0.0,0.0,0.0,0.0,0.0,0.0,0.0,0.0,0.0,0.475,0.075,0.3,0.1,0.24,0.1,0.14,0.135,0.075,1.8,0.025,0.085,29.4,0.15,0.38,39.47,0.1,0.155,64.5,0.0,0.035,0.47,0.035,0.105,0.33,0.075,0.0,0.5
93,100,2000-11-03,1,1,2000-01,Detroit Pistons,Sacramento Kings,0,0.0,0.0,0.0,0.0,0.0,0.0,0.0,0.0,0.0,0.0,0.0,0.0,0.0,0.0,0.0,0.0,0.0,0.0,0.0,0.0,0.0,0.0,0.0,0.0,0.0,0.0,0.0,0.0,0.5,0.075,0.35,0.075,0.185,0.025,0.16,0.145,0.09,1.61,0.025,0.065,38.5,0.175,0.3,58.33,0.075,0.095,78.9,0.0,0.06,0.67,0.03,0.115,0.26,0.09,0.0,0.645
80,87,2000-11-03,1,1,2000-01,Orlando Magic,Philadelphia 76ers,0,0.0,0.0,0.0,0.0,0.0,0.0,0.0,0.0,0.0,0.0,0.0,0.0,0.0,0.0,0.0,0.0,0.0,0.0,0.0,0.0,0.0,0.0,0.0,0.0,0.0,0.0,0.0,0.0,0.505,0.045,0.35,0.11,0.185,0.04,0.145,0.135,0.07,1.93,0.015,0.04,37.5,0.175,0.29,60.34,0.11,0.15,73.3,0.0,0.05,0.71,0.025,0.12,0.21,0.07,0.0,0.65
82,92,2000-11-03,1,1,2000-01,Chicago Bulls,New Jersey Nets,0,0.0,0.0,0.0,0.0,0.0,0.0,0.0,0.0,0.0,0.0,0.0,0.0,0.0,0.0,0.0,0.0,0.0,0.0,0.0,0.0,0.0,0.0,0.0,0.0,0.0,0.0,0.0,0.0,0.0,0.0,0.0,0.0,0.0,0.0,0.0,0.0,0.0,0.0,0.0,0.0,0.0,0.0,0.0,0.0,0.0,0.0,0.0,0.0,0.0,0.0,0.0,0.0,0.0,0.0,0.0,0.0
83,79,2000-11-03,1,1,2000-01,Charlotte Hornets,Miami Heat,1,0.53,0.075,0.3,0.155,0.22,0.035,0.185,0.08,0.085,0.94,0.025,0.045,55.6,0.15,0.265,56.6,0.155,0.2,77.5,0.0,0.035,0.41,0.03,0.115,0.26,0.085,0.0,0.63,0.0,0.0,0.0,0.0,0.0,0.0,0.0,0.0,0.0,0.0,0.0,0.0,0.0,0.0,0.0,0.0,0.0,0.0,0.0,0.0,0.0,0.0,0.0,0.0,0.0,0.0,0.0,0.0
76,80,2000-11-03,1,1,2000-01,Washington Wizards,New York Knicks,0,0.43,0.06,0.29,0.08,0.22,0.045,0.175,0.1,0.135,0.74,0.02,0.035,57.1,0.145,0.325,44.62,0.08,0.12,66.7,0.0,0.03,0.22,0.005,0.14,0.04,0.135,0.0,0.415,0.36,0.045,0.22,0.095,0.185,0.07,0.115,0.07,0.11,0.64,0.015,0.055,27.3,0.11,0.295,37.29,0.095,0.12,79.2,0.0,0.03,0.27,0.02,0.15,0.13,0.11,0.0,0.305
94,81,2000-11-04,1,1,2000-01,Indiana Pacers,Chicago Bulls,1,0.425,0.06,0.32,0.045,0.175,0.045,0.13,0.095,0.085,1.12,0.02,0.085,23.5,0.16,0.315,50.79,0.045,0.065,69.2,0.0,0.025,0.29,0.02,0.16,0.12,0.085,0.0,0.415,0.405,0.09,0.2,0.115,0.145,0.035,0.11,0.095,0.1,0.95,0.03,0.04,75.0,0.1,0.295,33.9,0.115,0.145,79.3,0.0,0.04,0.4,0.02,0.1,0.2,0.1,0.0,0.37
87,98,2000-11-04,1,1,2000-01,New Jersey Nets,Charlotte Hornets,0,0.41,0.045,0.28,0.085,0.235,0.06,0.175,0.12,0.075,1.6,0.015,0.05,30.0,0.14,0.375,37.33,0.085,0.13,65.4,0.0,0.045,0.6,0.04,0.155,0.26,0.075,0.0,0.46,0.49375,0.056249999999999994,0.2925,0.14500000000000002,0.20625,0.04,0.16625,0.08625,0.08375,1.035,0.018750000000000003,0.045,41.7,0.14625,0.28,52.835,0.14500000000000002,0.19,76.1,0.0,0.037500000000000006,0.44999999999999996,0.03,0.1175,0.255,0.08375,0.0,0.565
97,88,2000-11-04,1,1,2000-01,Milwaukee Bucks,Detroit Pistons,1,0.465,0.09,0.27,0.105,0.255,0.085,0.17,0.08,0.1,0.8,0.03,0.095,31.6,0.135,0.32,42.19,0.105,0.13,80.8,0.0,0.03,0.3,0.035,0.135,0.26,0.1,0.0,0.49,0.4675,0.075,0.335,0.0575,0.2375,0.07,0.1675,0.0975,0.0875,1.27,0.025,0.0825,29.15,0.1675,0.38,43.62,0.0575,0.08,71.8,0.0,0.0275,0.38,0.0225,0.1375,0.16,0.0875,0.0,0.4725
103,96,2000-11-04,1,1,2000-01,Toronto Raptors,Washington Wizards,1,0.47875,0.075,0.31,0.09375,0.22999999999999998,0.095,0.135,0.13,0.07625,1.71,0.025,0.08,31.675,0.155,0.37625,41.245000000000005,0.09375,0.13874999999999998,69.2,0.0,0.03875000000000001,0.51,0.0325,0.11124999999999999,0.29500000000000004,0.07625,0.0,0.5125,0.44125000000000003,0.06,0.29,0.09125,0.21000000000000002,0.03875,0.17125,0.10500000000000001,0.1275,0.84,0.02,0.036250000000000004,55.325,0.145,0.315,46.185,0.09125,0.125,72.35,0.0,0.028749999999999998,0.225,0.01,0.14,0.075,0.1275,0.0,0.4475
106,112,2000-11-04,1,1,2000-01,Dallas Mavericks,Utah Jazz,0,0.485,0.135,0.26,0.09,0.26,0.1,0.16,0.11,0.09,1.22,0.045,0.125,36.0,0.13,0.315,41.27,0.09,0.135,66.7,0.0,0.045,0.5,0.045,0.13,0.35,0.09,0.0,0.545,0.535,0.075,0.38,0.08,0.165,0.055,0.11,0.165,0.06,2.75,0.025,0.05,50.0,0.19,0.375,50.67,0.08,0.155,51.6,0.0,0.055,0.92,0.02,0.15,0.13,0.06,0.0,0.595
77,74,2000-11-04,1,1,2000-01,Los Angeles Clippers,Houston Rockets,1,0.47,0.06,0.3,0.11,0.22,0.06,0.16,0.09,0.12,0.75,0.02,0.065,30.8,0.15,0.28,53.57,0.11,0.17,64.7,0.0,0.015,0.12,0.03,0.16,0.19,0.12,0.0,0.47,0.49,0.03,0.32,0.14,0.19,0.055,0.135,0.09,0.09,1.0,0.01,0.045,22.2,0.16,0.325,49.23,0.14,0.2,70.0,0.0,0.045,0.5,0.035,0.085,0.41,0.09,0.0,0.5
91,89,2000-11-04,1,1,2000-01,Cleveland Cavaliers,Boston Celtics,1,0.43,0.03,0.3,0.1,0.26,0.055,0.205,0.08,0.095,0.84,0.01,0.035,28.6,0.15,0.355,42.25,0.1,0.16,62.5,0.0,0.025,0.26,0.04,0.135,0.3,0.095,0.0,0.45,0.515,0.105,0.25,0.16,0.215,0.05,0.165,0.11,0.07,1.57,0.035,0.075,46.7,0.125,0.31,40.32,0.16,0.19,84.2,0.0,0.065,0.93,0.035,0.11,0.32,0.07,0.0,0.615
99,102,2000-11-04,1,1,2000-01,Denver Nuggets,Phoenix Suns,0,0.495,0.105,0.32,0.07,0.165,0.055,0.11,0.1,0.065,1.54,0.035,0.125,28.0,0.16,0.315,50.79,0.07,0.13,53.8,0.0,0.055,0.85,0.025,0.13,0.19,0.065,0.0,0.47,0.47,0.09,0.3,0.08,0.22,0.055,0.165,0.125,0.08,1.56,0.03,0.105,28.6,0.15,0.35,42.86,0.08,0.1,80.0,0.0,0.06,0.75,0.015,0.14,0.11,0.08,0.0,0.515
99,91,2000-11-04,1,1,2000-01,Minnesota Timberwolves,Sacramento Kings,1,0.53,0.09,0.37,0.07,0.22,0.065,0.155,0.145,0.08,1.81,0.03,0.055,54.5,0.185,0.385,48.05,0.07,0.08,87.5,0.0,0.035,0.44,0.005,0.125,0.04,0.08,0.0,0.62,0.5,0.07875,0.3225,0.09875,0.18625,0.036250000000000004,0.15000000000000002,0.13124999999999998,0.095,1.4100000000000001,0.026250000000000002,0.06875,38.25,0.16125,0.30874999999999997,52.705,0.09875,0.12125,80.42500000000001,0.0,0.055,0.595,0.03,0.1125,0.265,0.095,0.0,0.595
90,97,2000-11-04,1,1,2000-01,Seattle SuperSonics,Portland Trail Blazers,0,0.0,0.0,0.0,0.0,0.0,0.0,0.0,0.0,0.0,0.0,0.0,0.0,0.0,0.0,0.0,0.0,0.0,0.0,0.0,0.0,0.0,0.0,0.0,0.0,0.0,0.0,0.0,0.0,0.43,0.06,0.3,0.07,0.16,0.065,0.095,0.09,0.05,1.8,0.02,0.055,36.4,0.15,0.37,40.54,0.07,0.08,87.5,0.0,0.065,1.3,0.005,0.14,0.04,0.05,0.0,0.435
82,84,2000-11-04,1,1,2000-01,Miami Heat,Philadelphia 76ers,0,0.525,0.12,0.3,0.105,0.19,0.03,0.16,0.11,0.105,1.05,0.04,0.085,47.1,0.15,0.295,50.85,0.105,0.13,80.8,0.0,0.06,0.57,0.03,0.155,0.19,0.105,0.0,0.595,0.50875,0.045,0.3575,0.10625,0.1925,0.051250000000000004,0.14125,0.125,0.07,1.785,0.015,0.04375,34.95,0.17875,0.31,58.095,0.10625,0.1475,71.94999999999999,0.0,0.051250000000000004,0.73,0.03125,0.11875,0.265,0.07,0.0,0.6375
104,107,2000-11-04,1,1,2000-01,Atlanta Hawks,Orlando Magic,0,0.41,0.09,0.24,0.08,0.145,0.055,0.09,0.07,0.065,1.08,0.03,0.075,40.0,0.12,0.33,36.36,0.08,0.105,76.2,0.0,0.045,0.69,0.01,0.155,0.06,0.065,0.0,0.335,0.44,0.0525,0.29,0.0975,0.2075,0.0575,0.15,0.07,0.11,0.8,0.0175,0.0675,23.3,0.145,0.3275,44.28,0.0975,0.1525,63.4,0.0,0.0425,0.45,0.0325,0.1275,0.26,0.11,0.0,0.395
89,98,2000-11-04,1,1,2000-01,Vancouver Grizzlies,Los Angeles Lakers,0,0.47,0.06,0.35,0.06,0.255,0.07,0.185,0.14,0.055,2.55,0.02,0.07,28.6,0.175,0.38,46.05,0.06,0.13,46.2,0.0,0.06,1.09,0.03,0.105,0.29,0.055,0.0,0.575,0.48,0.075,0.31,0.095,0.195,0.04,0.155,0.14,0.1,1.4,0.025,0.055,45.5,0.155,0.26,59.62,0.095,0.15,63.3,0.0,0.025,0.25,0.04,0.09,0.44,0.1,0.0,0.59
105,117,2000-11-04,1,1,2000-01,Golden State Warriors,San Antonio Spurs,0,0.48,0.06,0.28,0.14,0.275,0.07,0.205,0.09,0.105,0.86,0.02,0.04,50.0,0.14,0.355,39.44,0.14,0.19,73.7,0.0,0.055,0.52,0.025,0.11,0.23,0.105,0.0,0.535,0.49,0.06,0.29,0.14,0.185,0.025,0.16,0.085,0.09,0.94,0.02,0.04,50.0,0.145,0.28,51.79,0.14,0.175,80.0,0.0,0.03,0.33,0.02,0.11,0.18,0.09,0.0,0.53
104,99,2000-11-05,1,1,2000-01,Phoenix Suns,Houston Rockets,1,0.4875,0.0975,0.3075,0.0825,0.21000000000000002,0.05625,0.15375,0.12875,0.08125,1.58,0.0325,0.10250000000000001,31.975,0.15375,0.34125,45.239999999999995,0.0825,0.10375000000000001,79.575,0.0,0.0625,0.77,0.0175,0.135,0.135,0.08125,0.0,0.54625,0.51125,0.0675,0.305,0.13875,0.1875,0.052500000000000005,0.135,0.09375,0.08625,1.1,0.022500000000000003,0.0675,27.75,0.1525,0.30374999999999996,50.465,0.13875,0.19,73.6,0.0,0.04,0.45999999999999996,0.03375,0.10125,0.36,0.08625,0.0,0.5325
108,103,2000-11-05,1,1,2000-01,Los Angeles Lakers,Los Angeles Clippers,1,0.475,0.0675,0.31,0.0975,0.195,0.0475,0.14750000000000002,0.12625,0.09125,1.375,0.0225,0.057499999999999996,39.9,0.155,0.27749999999999997,56.455,0.0975,0.155,62.925,0.0,0.025,0.28500000000000003,0.037500000000000006,0.10375,0.385,0.09125,0.0,0.5525,0.46625,0.0525,0.315,0.09875,0.22,0.06375,0.15625,0.09375,0.11499999999999999,0.825,0.0175,0.0675,26.425,0.1575,0.29000000000000004,54.239999999999995,0.09875,0.15250000000000002,64.775,0.0,0.02,0.18,0.028749999999999998,0.14500000000000002,0.20500000000000002,0.11499999999999999,0.0,0.4775
98,92,2000-11-06,1,1,2000-01,Utah Jazz,Minnesota Timberwolves,1,0.5225,0.07125000000000001,0.35750000000000004,0.09375,0.17125,0.05,0.12125,0.15125,0.065,2.4050000000000002,0.02375,0.04875,48.6,0.17875000000000002,0.35250000000000004,50.72,0.09375,0.16375,56.475,0.0,0.0475,0.765,0.021249999999999998,0.15125,0.14,0.065,0.0,0.58,0.51125,0.07125,0.375,0.065,0.21125,0.06625,0.14500000000000002,0.135,0.0775,1.7349999999999999,0.02375,0.04625,47.125,0.1875,0.3925,47.785,0.065,0.07875,82.3,0.0,0.035,0.45499999999999996,0.0125,0.12625,0.095,0.0775,0.0,0.5862499999999999
79,75,2000-11-06,1,1,2000-01,Sacramento Kings,Portland Trail Blazers,1,0.5,0.08416666666666667,0.30945,0.10638333333333333,0.19194999999999998,0.04750000000000001,0.14445,0.12638333333333332,0.09500000000000001,1.36,0.028050000000000002,0.06916666666666667,40.776666666666664,0.15471666666666667,0.3202833333333333,49.25666666666666,0.10638333333333333,0.12971666666666667,81.02666666666669,0.0,0.056666666666666664,0.6166666666666667,0.028883333333333334,0.11388333333333334,0.25333333333333335,0.09500000000000001,0.0,0.5788833333333333,0.425,0.06,0.2875,0.07750000000000001,0.165,0.06125,0.10375000000000001,0.0975,0.07,1.58,0.02,0.055,36.4,0.14375,0.34625,41.769999999999996,0.07750000000000001,0.09125,85.625,0.0,0.055,1.025,0.011250000000000001,0.14125,0.08,0.07,0.0,0.4325
97,87,2000-11-06,1,1,2000-01,Vancouver Grizzlies,Atlanta Hawks,1,0.47624999999999995,0.06375,0.33999999999999997,0.07250000000000001,0.24125000000000002,0.07500000000000001,0.16625,0.13375,0.06,2.295,0.021249999999999998,0.06875,31.075,0.16999999999999998,0.3775,45.01,0.07250000000000001,0.12875,56.65,0.0,0.06,1.02,0.025,0.1075,0.24,0.06,0.0,0.565,0.39375,0.08249999999999999,0.235,0.07625,0.15875,0.05875,0.1,0.07750000000000001,0.07,1.105,0.0275,0.075,36.675,0.1175,0.32625000000000004,36.0,0.07625,0.0975,78.825,0.0,0.041249999999999995,0.605,0.00875,0.14250000000000002,0.06,0.07,0.0,0.3325
96,108,2000-11-06,1,1,2000-01,Denver Nuggets,Dallas Mavericks,0,0.4975,0.105,0.3025,0.09,0.17625000000000002,0.052500000000000005,0.12375,0.10375000000000001,0.06625,1.565,0.035,0.1125,32.675,0.15125,0.31625000000000003,47.86,0.09,0.14500000000000002,60.074999999999996,0.0,0.04625,0.71,0.030000000000000002,0.1275,0.23500000000000001,0.06625,0.0,0.49,0.48124999999999996,0.12375,0.2675,0.09,0.235,0.085,0.15000000000000002,0.10500000000000001,0.08499999999999999,1.2349999999999999,0.041249999999999995,0.1125,37.0,0.13375,0.31125,43.035,0.09,0.1275,71.45,0.0,0.04375,0.52,0.042499999999999996,0.1275,0.33499999999999996,0.08499999999999999,0.0,0.53625
110,99,2000-11-06,1,1,2000-01,Orlando Magic,Seattle SuperSonics,1,0.43332499999999996,0.051250000000000004,0.286675,0.09542500000000001,0.21125,0.057925000000000004,0.153325,0.07250000000000001,0.108325,0.81,0.017075,0.070425,22.35,0.14332499999999998,0.330425,43.42,0.09542500000000001,0.152075,62.285,0.0,0.042925000000000005,0.45,0.035425,0.130425,0.275,0.108325,0.0,0.39,0.5,0.0975,0.315,0.0875,0.2475,0.06,0.1875,0.1175,0.11,1.07,0.0325,0.0875,38.25,0.1575,0.32,48.78,0.0875,0.115,75.95,0.0,0.03,0.27,0.0325,0.12,0.27,0.11,0.0,0.5725
83,88,2000-11-07,1,1,2000-01,Chicago Bulls,Washington Wizards,0,0.40625,0.07875,0.21500000000000002,0.1125,0.15999999999999998,0.037500000000000006,0.1225,0.0975,0.1,0.975,0.02625,0.04375,63.075,0.10750000000000001,0.29625,36.26,0.1125,0.15,75.375,0.0,0.037500000000000006,0.375,0.02375,0.11125,0.21000000000000002,0.1,0.0,0.38125,0.43695,0.056666666666666664,0.2888833333333333,0.09138333333333333,0.20833333333333334,0.03805,0.17028333333333334,0.10554999999999999,0.11945,0.9266666666666667,0.018883333333333335,0.03805,51.00666666666667,0.14445,0.315,46.04333333333333,0.09138333333333333,0.12278333333333334,73.75666666666666,0.0,0.028050000000000002,0.24,0.013883333333333333,0.1361166666666667,0.10999999999999999,0.11945,0.0,0.4522166666666667
105,75,2000-11-07,1,1,2000-01,Toronto Raptors,Boston Celtics,1,0.47695,0.07333333333333333,0.31111666666666665,0.09249999999999999,0.22445,0.08833333333333333,0.13611666666666666,0.12666666666666668,0.07861666666666667,1.63,0.02445,0.07833333333333332,31.626666666666665,0.15555,0.36916666666666664,42.26666666666667,0.09249999999999999,0.13194999999999998,72.15666666666667,0.0,0.039166666666666676,0.5033333333333333,0.03166666666666667,0.11528333333333333,0.28,0.07861666666666667,0.0,0.5133333333333333,0.5025,0.10875,0.2525,0.14125,0.21375,0.053750000000000006,0.16,0.10125,0.07125000000000001,1.4300000000000002,0.036250000000000004,0.075,48.35,0.12625,0.31625000000000003,39.94,0.14125,0.17375000000000002,80.15,0.0,0.065,0.915,0.02875,0.11499999999999999,0.26,0.07125000000000001,0.0,0.57875
97,88,2000-11-07,1,1,2000-01,Portland Trail Blazers,Atlanta Hawks,1,0.43055,0.056666666666666664,0.29611666666666664,0.07778333333333334,0.17778333333333332,0.06638333333333334,0.11138333333333333,0.10388333333333333,0.07888333333333333,1.4966666666666668,0.018883333333333335,0.05388333333333334,34.82333333333333,0.14805,0.3475,42.75,0.07778333333333334,0.09305000000000001,84.19333333333333,0.0,0.05278333333333333,0.9033333333333333,0.014716666666666668,0.14138333333333333,0.10333333333333333,0.07888333333333333,0.0,0.45111666666666667,0.4041666666666666,0.08166666666666667,0.24444999999999997,0.07805,0.16805,0.06583333333333334,0.10221666666666666,0.08445000000000001,0.07388333333333334,1.1333333333333333,0.027216666666666667,0.07554999999999999,36.026666666666664,0.12221666666666665,0.32916666666666666,37.01333333333333,0.07805,0.10111666666666667,78.31666666666666,0.0,0.04416666666666667,0.6066666666666666,0.00805,0.13778333333333334,0.056666666666666664,0.07388333333333334,0.0,0.3566666666666667
89,103,2000-11-07,1,1,2000-01,Milwaukee Bucks,New York Knicks,0,0.465,0.07875,0.28,0.10625,0.2375,0.07750000000000001,0.16,0.07875,0.095,0.835,0.02625,0.0825,32.025000000000006,0.14,0.3225,43.385,0.10625,0.13,81.75,0.0,0.02625,0.27,0.03375,0.1325,0.255,0.095,0.0,0.48375,0.38749999999999996,0.06,0.23249999999999998,0.095,0.18375,0.05500000000000001,0.12875,0.08,0.09875,0.8999999999999999,0.02,0.057499999999999996,33.925,0.11624999999999999,0.29,40.239999999999995,0.095,0.11624999999999999,82.025,0.0,0.0275,0.28,0.021249999999999998,0.13874999999999998,0.16,0.09875,0.0,0.36875
84,74,2000-11-07,1,1,2000-01,Houston Rockets,Los Angeles Lakers,1,0.5002833333333333,0.07666666666666667,0.29445,0.12916666666666668,0.18833333333333332,0.05221666666666667,0.13611666666666666,0.09416666666666666,0.08361666666666667,1.1433333333333333,0.02555,0.07445,29.166666666666668,0.14721666666666666,0.3025,49.11333333333334,0.12916666666666668,0.17500000000000002,74.36666666666666,0.0,0.04111666666666667,0.49333333333333335,0.03138333333333334,0.10583333333333333,0.3233333333333333,0.08361666666666667,0.0,0.5216666666666666,0.47555,0.06333333333333334,0.31445,0.09778333333333333,0.19833333333333333,0.051666666666666666,0.1466666666666667,0.12138333333333333,0.08971666666666667,1.3466666666666667,0.021116666666666662,0.05778333333333333,37.25666666666667,0.15721666666666667,0.28778333333333334,55.28333333333333,0.09778333333333333,0.15666666666666665,62.449999999999996,0.0,0.029450000000000004,0.33666666666666667,0.03721666666666667,0.10638333333333333,0.37333333333333335,0.08971666666666667,0.0,0.5461166666666667
100,81,2000-11-07,1,1,2000-01,Phoenix Suns,San Antonio Spurs,1,0.4938833333333334,0.09333333333333334,0.31278333333333336,0.08778333333333334,0.2061166666666667,0.056383333333333334,0.14971666666666666,0.1275,0.08638333333333333,1.5066666666666668,0.031116666666666667,0.09945,31.26,0.15638333333333332,0.33416666666666667,47.14666666666667,0.08778333333333334,0.11028333333333334,79.59333333333333,0.0,0.06055,0.7233333333333333,0.02,0.13445,0.15333333333333335,0.08638333333333333,0.0,0.5530499999999999,0.49624999999999997,0.06,0.2975,0.13875,0.19125,0.0325,0.15875,0.08625,0.08875,0.97,0.02,0.042499999999999996,47.5,0.14875,0.29375,50.78,0.13875,0.16875,82.5,0.0,0.0275,0.30500000000000005,0.02,0.10875,0.185,0.08875,0.0,0.535
90,96,2000-11-08,1,1,2000-01,Orlando Magic,Charlotte Hornets,0,0.44013333333333327,0.051666666666666666,0.28945,0.09903333333333335,0.21125000000000002,0.05945,0.1518,0.07291666666666667,0.10805,0.7966666666666667,0.01721666666666667,0.07111666666666666,22.633333333333336,0.14471666666666663,0.3282,44.25,0.09903333333333335,0.15388333333333334,63.72333333333333,0.0,0.04153333333333334,0.43333333333333335,0.0357,0.12986666666666669,0.27666666666666667,0.10805,0.0,0.40125000000000005,0.47695,0.050833333333333335,0.28833333333333333,0.13778333333333334,0.20304999999999998,0.043333333333333335,0.15971666666666667,0.08805,0.08583333333333333,1.0366666666666666,0.016950000000000003,0.04611666666666667,37.01,0.14416666666666667,0.285,51.21333333333333,0.13778333333333334,0.18055,76.22333333333333,0.0,0.039450000000000006,0.45999999999999996,0.032216666666666664,0.12,0.26666666666666666,0.08583333333333333,0.0,0.5411166666666666
103,94,2000-11-08,1,1,2000-01,Philadelphia 76ers,Detroit Pistons,1,0.5013833333333334,0.045000000000000005,0.34833333333333333,0.10805,0.20388333333333333,0.05638333333333334,0.1475,0.12054999999999999,0.07721666666666667,1.64,0.015,0.04638333333333333,33.27666666666667,0.17416666666666666,0.31721666666666665,55.45333333333334,0.10805,0.14721666666666666,73.28999999999999,0.0,0.051383333333333336,0.6933333333333334,0.0325,0.12028333333333334,0.2733333333333334,0.07721666666666667,0.0,0.6188833333333333,0.467075,0.07,0.329175,0.067925,0.235425,0.07,0.165425,0.09625,0.09375,1.175,0.023325,0.07875,28.46,0.164575,0.368325,44.415,0.067925,0.09082499999999999,73.63499999999999,0.0,0.03125,0.385,0.025425,0.13625,0.185,0.09375,0.0,0.479575
74,101,2000-11-08,1,1,2000-01,Dallas Mavericks,Vancouver Grizzlies,0,0.48583333333333334,0.12583333333333332,0.2661166666666667,0.09388333333333332,0.22388333333333332,0.07888333333333335,0.14500000000000002,0.10388333333333333,0.08388333333333332,1.24,0.041949999999999994,0.10945,38.666666666666664,0.13305,0.30583333333333335,43.583333333333336,0.09388333333333332,0.12778333333333333,74.14333333333333,0.0,0.039716666666666664,0.48,0.03944999999999999,0.12944999999999998,0.31,0.08388333333333332,0.0,0.5347166666666666,0.4741666666666666,0.0675,0.3277833333333333,0.07888333333333335,0.23083333333333333,0.07111666666666668,0.15971666666666667,0.13028333333333333,0.065,2.1166666666666667,0.022500000000000003,0.07028333333333334,32.093333333333334,0.1638833333333333,0.36778333333333335,44.48666666666666,0.07888333333333335,0.12805,62.01,0.0,0.056666666666666664,0.9266666666666667,0.022216666666666666,0.11111666666666668,0.21,0.065,0.0,0.5483333333333333
87,93,2000-11-08,1,1,2000-01,Los Angeles Clippers,Utah Jazz,0,0.4563833333333333,0.05333333333333334,0.31111666666666665,0.09195000000000002,0.22055,0.061950000000000005,0.15861666666666666,0.09528333333333333,0.11278333333333333,0.8566666666666666,0.017783333333333335,0.06833333333333334,26.483333333333334,0.15555,0.29000000000000004,53.50666666666666,0.09195000000000002,0.1466666666666667,62.52666666666667,0.0,0.022783333333333333,0.21,0.026949999999999998,0.13445000000000001,0.20666666666666667,0.11278333333333333,0.0,0.46945,0.5238833333333334,0.06916666666666667,0.34945000000000004,0.10528333333333334,0.17416666666666666,0.048883333333333334,0.12528333333333333,0.14638333333333334,0.06666666666666667,2.276666666666667,0.02305,0.04695,49.23333333333333,0.17471666666666666,0.34221666666666667,51.10666666666666,0.10528333333333334,0.17361666666666667,59.31666666666666,0.0,0.045000000000000005,0.71,0.019716666666666664,0.15138333333333331,0.13,0.06666666666666667,0.0,0.5827833333333333
87,81,2000-11-08,1,1,2000-01,Miami Heat,Seattle SuperSonics,1,0.49250000000000005,0.105,0.28,0.1075,0.19375,0.041249999999999995,0.1525,0.0975,0.10250000000000001,0.9450000000000001,0.035,0.07750000000000001,44.425,0.14,0.3,46.865,0.1075,0.13125,81.9,0.0,0.057499999999999996,0.56,0.0275,0.14625,0.185,0.10250000000000001,0.0,0.54,0.491675,0.08625,0.310825,0.09457499999999999,0.23457499999999998,0.059175,0.175425,0.11457499999999998,0.10500000000000001,1.1,0.02875,0.08625,33.96,0.155425,0.315825,48.84,0.09457499999999999,0.12332499999999999,76.42500000000001,0.0,0.036675,0.37,0.03125,0.11499999999999999,0.27,0.10500000000000001,0.0,0.557075
115,84,2000-11-08,1,1,2000-01,Sacramento Kings,Golden State Warriors,1,0.4971875,0.081875,0.3070875,0.108225,0.19615,0.053125000000000006,0.143025,0.12166249999999998,0.09312500000000001,1.3325,0.0272875,0.0675,39.957499999999996,0.1535375,0.329275,47.652499999999996,0.108225,0.13322499999999998,80.35750000000002,0.0,0.055624999999999994,0.615,0.0272875,0.1126,0.24,0.09312500000000001,0.0,0.56385,0.48124999999999996,0.06,0.29500000000000004,0.12625,0.27,0.07250000000000001,0.1975,0.09375,0.0975,0.9949999999999999,0.02,0.045,45.825,0.14750000000000002,0.37,39.82,0.12625,0.1775,70.45,0.0,0.05,0.51,0.036250000000000004,0.11875,0.295,0.0975,0.0,0.535
86,102,2000-11-08,1,1,2000-01,Washington Wizards,New Jersey Nets,0,0.438025,0.0546875,0.29291249999999996,0.0904125,0.20625,0.0385375,0.16771250000000001,0.10635,0.1124,1.0325000000000002,0.018225,0.0385375,48.88,0.1464625,0.3203125,45.925,0.0904125,0.1227125,73.14999999999999,0.0,0.0279125,0.265,0.0160375,0.13615000000000002,0.1275,0.1124,0.0,0.45572500000000005,0.4225,0.0375,0.29000000000000004,0.095,0.23249999999999998,0.0625,0.16999999999999998,0.11249999999999999,0.07375,1.52,0.0125,0.0425,28.75,0.14500000000000002,0.375,38.665,0.095,0.14500000000000002,65.5,0.0,0.04875,0.665,0.036250000000000004,0.15125,0.24,0.07375,0.0,0.46875
109,107,2000-11-08,1,1,2000-01,Denver Nuggets,Minnesota Timberwolves,1,0.4977833333333333,0.10166666666666667,0.29611666666666664,0.09999999999999999,0.1791666666666667,0.05388333333333334,0.12528333333333333,0.10638333333333333,0.07028333333333334,1.53,0.033883333333333335,0.10666666666666667,33.35,0.14805,0.31750000000000006,46.67666666666667,0.09999999999999999,0.15055,64.21666666666665,0.0,0.04695,0.6766666666666666,0.030550000000000004,0.12888333333333332,0.24,0.07028333333333334,0.0,0.4977833333333333,0.5052833333333333,0.06583333333333333,0.37555,0.06388333333333333,0.20971666666666666,0.06528333333333335,0.14445,0.1311166666666667,0.07611666666666667,1.7166666666666666,0.021949999999999997,0.04416666666666667,45.18333333333334,0.18778333333333333,0.3927833333333333,47.82666666666666,0.06388333333333333,0.07971666666666666,80.02333333333333,0.0,0.035,0.4633333333333333,0.016116666666666668,0.1275,0.12333333333333334,0.07611666666666667,0.0,0.57805
108,97,2000-11-08,1,1,2000-01,Indiana Pacers,Milwaukee Bucks,1,0.42874999999999996,0.06375,0.3075,0.0575,0.18125,0.04875,0.1325,0.09375,0.08875,1.065,0.021249999999999998,0.08375,25.45,0.15375,0.30374999999999996,50.595,0.0575,0.08499999999999999,68.275,0.0,0.0275,0.305,0.018750000000000003,0.155,0.12,0.08875,0.0,0.42125,0.46721666666666667,0.07083333333333333,0.29000000000000004,0.10638333333333333,0.23111666666666666,0.07333333333333335,0.15778333333333336,0.08416666666666667,0.09111666666666667,0.9566666666666667,0.023616666666666664,0.07833333333333334,30.150000000000006,0.14500000000000002,0.325,44.550000000000004,0.10638333333333333,0.13221666666666668,80.65666666666667,0.0,0.027499999999999997,0.3066666666666667,0.030833333333333334,0.13388333333333333,0.2333333333333333,0.09111666666666667,0.0,0.4891666666666667
91,81,2000-11-08,1,1,2000-01,San Antonio Spurs,Los Angeles Lakers,1,0.5075,0.065,0.30388333333333334,0.1386166666666667,0.20083333333333334,0.03888333333333333,0.16195,0.09028333333333333,0.08805,1.0266666666666666,0.021666666666666667,0.044449999999999996,48.73333333333333,0.15195,0.3036166666666667,50.23333333333333,0.1386166666666667,0.16971666666666665,82.07666666666667,0.0,0.02555,0.2866666666666667,0.021666666666666667,0.10695,0.20666666666666667,0.08805,0.0,0.5522166666666667,0.4797875,0.0615625,0.3183375,0.0999,0.20156249999999998,0.0553125,0.14625000000000002,0.120725,0.0866625,1.4275,0.020524999999999998,0.0589625,35.605,0.1591625,0.298025,54.192499999999995,0.0999,0.15875,62.879999999999995,0.0,0.029587500000000003,0.33999999999999997,0.036975,0.1076,0.36500000000000005,0.0866625,0.0,0.5458375
97,99,2000-11-08,1,1,2000-01,New York Knicks,Cleveland Cavaliers,0,0.39499999999999996,0.06333333333333334,0.23721666666666663,0.09444999999999999,0.18638333333333335,0.04945,0.13695000000000002,0.08111666666666667,0.09195000000000002,0.9899999999999999,0.02111666666666667,0.06054999999999999,34.406666666666666,0.11861666666666666,0.28945,41.13333333333333,0.09444999999999999,0.11416666666666665,83.06,0.0,0.027783333333333337,0.3166666666666667,0.023049999999999998,0.13304999999999997,0.18333333333333335,0.09195000000000002,0.0,0.39138333333333336,0.44999999999999996,0.0225,0.32499999999999996,0.10250000000000001,0.25875000000000004,0.0625,0.19624999999999998,0.09375,0.10125,0.9099999999999999,0.0075,0.03125,21.450000000000003,0.16249999999999998,0.36875,43.885000000000005,0.10250000000000001,0.15625,65.85,0.0,0.02875,0.28,0.04125,0.14125,0.295,0.10125,0.0,0.48750000000000004
94,102,2000-11-09,1,1,2000-01,Charlotte Hornets,Seattle SuperSonics,0,0.4714625,0.049375,0.28812499999999996,0.1339625,0.2029125,0.04625,0.1566625,0.0910375,0.0859375,1.075,0.0164625,0.046462500000000004,35.715,0.14406249999999998,0.29,50.294999999999995,0.1339625,0.176975,75.675,0.0,0.038962500000000004,0.45249999999999996,0.0335375,0.1196875,0.28,0.0859375,0.0,0.533025,0.4898666666666667,0.085,0.31138333333333335,0.09346666666666666,0.2313833333333333,0.06111666666666667,0.17028333333333334,0.11638333333333332,0.10541666666666667,1.1133333333333333,0.028333333333333335,0.08875,32.49,0.1557,0.31555,49.01666666666667,0.09346666666666666,0.12263333333333333,75.73333333333333,0.0,0.03945,0.39666666666666667,0.030833333333333334,0.11416666666666665,0.27,0.10541666666666667,0.0,0.5530499999999999
94,108,2000-11-09,1,1,2000-01,New Jersey Nets,Detroit Pistons,0,0.4266666666666667,0.03333333333333333,0.29445000000000005,0.09888333333333332,0.22445,0.06055,0.1638833333333333,0.10999999999999999,0.07195,1.53,0.011116666666666669,0.04111666666666667,26.51,0.14721666666666666,0.3727833333333333,39.516666666666666,0.09888333333333332,0.14721666666666666,67.3,0.0,0.04805,0.67,0.03416666666666667,0.14916666666666667,0.22999999999999998,0.07195,0.0,0.4675,0.46471666666666667,0.06416666666666666,0.32611666666666667,0.07445,0.23111666666666666,0.06875,0.16236666666666666,0.09625,0.09500000000000001,1.1466666666666667,0.021383333333333334,0.07416666666666667,27.106666666666666,0.16305,0.36555,44.403333333333336,0.07445,0.09763333333333334,74.79666666666667,0.0,0.03208333333333333,0.38000000000000006,0.024866666666666665,0.1375,0.18333333333333335,0.09500000000000001,0.0,0.47555
107,91,2000-11-09,1,1,2000-01,Portland Trail Blazers,Denver Nuggets,1,0.4291625,0.0546875,0.2989625,0.07552500000000001,0.1864625,0.0679125,0.1185375,0.10603749999999999,0.0810375,1.4775,0.018225,0.0541625,33.4975,0.14947499999999997,0.349375,42.894999999999996,0.07552500000000001,0.09135,82.9375,0.0,0.0499,0.8225,0.018225,0.13853749999999998,0.14,0.0810375,0.0,0.4570875,0.49677499999999997,0.09875,0.2952125,0.1028125,0.18093750000000003,0.0547875,0.12615,0.1079125,0.073025,1.5,0.0329125,0.103125,33.3575,0.1476,0.3175,46.542500000000004,0.1028125,0.15134999999999998,65.845,0.0,0.045525,0.635,0.031037500000000003,0.13135,0.24,0.073025,0.0,0.500525
85,78,2000-11-09,1,1,2000-01,Houston Rockets,Vancouver Grizzlies,1,0.4958375,0.0809375,0.2889625,0.1259375,0.1890625,0.05385,0.1352125,0.0946875,0.08208750000000001,1.17,0.026975,0.0764625,30.7625,0.144475,0.3021875,48.3025,0.1259375,0.17,74.5675,0.0,0.0408375,0.5,0.0297875,0.1075,0.3,0.08208750000000001,0.0,0.516875,0.47406249999999994,0.065625,0.3214625,0.08697500000000001,0.2271875,0.06958750000000001,0.15760000000000002,0.12708750000000002,0.0675,2.0025,0.021875000000000002,0.0683375,31.5125,0.16072499999999998,0.3639625,44.07749999999999,0.08697500000000001,0.134475,64.6625,0.0,0.055312499999999994,0.8800000000000001,0.0210375,0.11240000000000001,0.1975,0.0675,0.0,0.54
82,84,2000-11-09,1,1,2000-01,Minnesota Timberwolves,Philadelphia 76ers,0,0.5002125,0.06437499999999999,0.37103749999999996,0.0647875,0.2051,0.0633375,0.141775,0.128025,0.0752125,1.6949999999999998,0.0214625,0.045,43.862500000000004,0.185525,0.3889625,47.692499999999995,0.0647875,0.08134999999999999,79.47999999999999,0.0,0.036562500000000005,0.49,0.018025,0.128125,0.1375,0.0752125,0.0,0.5691625,0.4935375,0.045,0.339375,0.1091625,0.208225,0.057912500000000006,0.15031250000000002,0.1154125,0.078225,1.565,0.015,0.049475,31.745000000000005,0.1696875,0.3179125,53.847500000000004,0.1091625,0.148225,73.5675,0.0,0.0504125,0.68,0.0328125,0.1189625,0.28,0.078225,0.0,0.6004125
95,90,2000-11-09,1,1,2000-01,Chicago Bulls,Orlando Magic,1,0.4063833333333333,0.0725,0.2222166666666667,0.11166666666666668,0.1683333333333333,0.04055,0.12778333333333333,0.09500000000000001,0.10111666666666667,0.9433333333333334,0.024166666666666666,0.04305,58.973333333333336,0.11111666666666668,0.29916666666666664,37.093333333333334,0.11166666666666668,0.14778333333333335,76.31666666666666,0.0,0.035,0.3466666666666667,0.024716666666666665,0.11695,0.21,0.10111666666666667,0.0,0.38528333333333337,0.4483499999999999,0.0545,0.2935875,0.100275,0.2119375,0.061837500000000004,0.15009999999999998,0.0746875,0.1065375,0.8175,0.0181625,0.0723375,23.560000000000002,0.1467875,0.3299,44.6725,0.100275,0.1534125,64.7675,0.0,0.04215000000000001,0.445,0.035775,0.12815000000000001,0.28250000000000003,0.1065375,0.0,0.4159375
88,79,2000-11-09,1,1,2000-01,Phoenix Suns,Atlanta Hawks,1,0.49791250000000004,0.0915625,0.3145875,0.09177500000000001,0.203025,0.0566625,0.14635,0.12625,0.08635,1.5175,0.030525,0.0974,31.245,0.1572875,0.32968749999999997,48.09,0.09177500000000001,0.11458750000000001,79.9825,0.0,0.058225,0.7,0.02125,0.1349,0.16,0.08635,0.0,0.558225,0.41,0.08,0.2502125,0.0797875,0.17478749999999998,0.068125,0.1066625,0.08708750000000001,0.0776,1.1225,0.0266625,0.07385,36.3075,0.1251,0.33187500000000003,37.545,0.0797875,0.10365,78.1825,0.0,0.0459375,0.6,0.010100000000000001,0.13865,0.0675,0.0776,0.0,0.3725
80,87,2000-11-10,1,1,2000-01,Utah Jazz,Miami Heat,0,0.5222875,0.066875,0.34521250000000003,0.1102125,0.1771875,0.0479125,0.129275,0.1426,0.0696875,2.1550000000000002,0.022287500000000002,0.045525,49.074999999999996,0.1726,0.33666250000000003,51.332499999999996,0.1102125,0.17552500000000001,61.629999999999995,0.0,0.041875,0.6499999999999999,0.0197875,0.15041249999999998,0.1325,0.0696875,0.0,0.5814625,0.4761166666666667,0.10666666666666667,0.26888333333333336,0.10054999999999999,0.19804999999999998,0.045283333333333335,0.15278333333333335,0.09611666666666667,0.10000000000000002,0.96,0.035550000000000005,0.07778333333333334,44.74,0.13445000000000001,0.29888333333333333,45.13666666666666,0.10054999999999999,0.12361666666666667,80.45666666666666,0.0,0.05333333333333332,0.5266666666666667,0.027783333333333337,0.14195,0.19333333333333333,0.10000000000000002,0.0,0.5216666666666666
101,103,2000-11-10,1,1,2000-01,Boston Celtics,New York Knicks,0,0.49333333333333335,0.10416666666666667,0.25055,0.13861666666666664,0.21138333333333334,0.05528333333333333,0.15611666666666668,0.09861666666666667,0.07528333333333334,1.34,0.034716666666666667,0.07333333333333333,47.04333333333333,0.12528333333333333,0.31695,39.54,0.13861666666666664,0.17361666666666667,78.74333333333334,0.0,0.06388333333333333,0.8666666666666667,0.0275,0.11833333333333333,0.24333333333333332,0.07528333333333334,0.0,0.5541666666666667,0.40531249999999996,0.0671875,0.24666249999999998,0.0914625,0.189475,0.046775000000000004,0.14271250000000002,0.0849,0.08833750000000001,1.0725,0.0224,0.0641625,34.6225,0.1233375,0.290525,42.525,0.0914625,0.110625,82.72,0.0,0.028025,0.335,0.023537499999999996,0.12822499999999998,0.195,0.08833750000000001,0.0,0.4147875
74,86,2000-11-10,1,1,2000-01,Washington Wizards,Indiana Pacers,0,0.43861999999999995,0.052149999999999995,0.29313,0.09333,0.20800000000000002,0.04163,0.16637000000000002,0.10547999999999999,0.10632,1.108,0.01738,0.03883,46.404,0.14657,0.32504999999999995,45.364,0.09333,0.12817,72.624,0.0,0.02853,0.306,0.01843,0.13632000000000002,0.144,0.10632,0.0,0.45798000000000005,0.43416666666666665,0.06916666666666667,0.29611666666666664,0.06888333333333334,0.18083333333333332,0.04861666666666667,0.13221666666666668,0.09305000000000001,0.08638333333333333,1.0999999999999999,0.023049999999999998,0.0825,28.24333333333333,0.14805,0.29971666666666663,49.336666666666666,0.06888333333333334,0.09778333333333333,69.86,0.0,0.02945,0.35000000000000003,0.01916666666666667,0.14945,0.13,0.08638333333333333,0.0,0.43028333333333335
107,114,2000-11-10,1,1,2000-01,Golden State Warriors,Sacramento Kings,0,0.48638333333333333,0.065,0.30555000000000004,0.11583333333333334,0.26445,0.07666666666666667,0.18778333333333333,0.09638333333333333,0.08888333333333333,1.2633333333333334,0.021666666666666667,0.049999999999999996,44.67333333333334,0.15278333333333335,0.38166666666666665,39.973333333333336,0.11583333333333334,0.16721666666666665,67.95666666666666,0.0,0.04833333333333334,0.5933333333333334,0.03861666666666667,0.11971666666666665,0.31,0.08888333333333333,0.0,0.5366666666666667,0.49175,0.07930000000000001,0.30487000000000003,0.10758000000000001,0.19951999999999998,0.056100000000000004,0.14342000000000002,0.11852999999999998,0.09030000000000002,1.356,0.02643,0.06720000000000001,38.717999999999996,0.15243,0.33382,46.647999999999996,0.10758000000000001,0.13338,79.77000000000001,0.0,0.05389999999999999,0.612,0.026629999999999997,0.11088,0.238,0.09030000000000002,0.0,0.5520799999999999
79,77,2000-11-10,1,1,2000-01,Dallas Mavericks,San Antonio Spurs,1,0.4909375,0.12625,0.2677125,0.09697499999999999,0.21635,0.0735375,0.1428125,0.1051,0.08259999999999999,1.2799999999999998,0.0420875,0.10740000000000001,39.505,0.13385,0.3028125,44.2975,0.09697499999999999,0.1289625,75.695,0.0,0.0372875,0.4575,0.037087499999999995,0.1302125,0.29,0.08259999999999999,0.0,0.5379125,0.5053125,0.06375,0.3054125,0.13615000000000002,0.20375000000000001,0.0422875,0.1614625,0.091775,0.0891625,1.0350000000000001,0.02125,0.044899999999999995,46.93,0.1527125,0.3102125,49.48,0.13615000000000002,0.1676,81.595,0.0,0.024475,0.2725,0.023125,0.10521250000000001,0.225,0.0891625,0.0,0.5466625
115,106,2000-11-10,1,1,2000-01,Los Angeles Clippers,Atlanta Hawks,1,0.45635,0.0559375,0.3114625,0.08896250000000001,0.2197875,0.0599,0.1599,0.0964625,0.108025,0.945,0.01865,0.069375,27.192500000000003,0.155725,0.29250000000000004,53.107499999999995,0.08896250000000001,0.14468750000000002,61.32000000000001,0.0,0.023649999999999997,0.23249999999999998,0.027399999999999997,0.13208750000000002,0.2125,0.108025,0.0,0.4724,0.414,0.07780000000000001,0.25417,0.08203,0.18022999999999997,0.06970000000000001,0.11052999999999999,0.08867,0.07948,1.12,0.025929999999999998,0.07248,35.989999999999995,0.12708,0.3343,37.854,0.08203,0.10672000000000001,78.058,0.0,0.04655,0.594,0.01088,0.13712,0.072,0.07948,0.0,0.38239999999999996
115,88,2000-11-10,1,1,2000-01,Toronto Raptors,Cleveland Cavaliers,1,0.47865,0.0728125,0.3108375,0.09499999999999999,0.2227125,0.08375,0.1389625,0.125,0.0799,1.585,0.024274999999999998,0.07718749999999999,31.865,0.1554125,0.363125,42.985,0.09499999999999999,0.131775,73.905,0.0,0.037500000000000006,0.475,0.0328125,0.11802499999999999,0.28250000000000003,0.0799,0.0,0.519375,0.455,0.02,0.3277833333333333,0.10721666666666667,0.25195000000000006,0.06278333333333334,0.18916666666666662,0.09861666666666667,0.10528333333333334,0.9233333333333332,0.006666666666666667,0.03195,18.710000000000004,0.1638833333333333,0.36305000000000004,45.120000000000005,0.10721666666666667,0.15861666666666666,67.69,0.0,0.03138333333333334,0.2933333333333334,0.043616666666666665,0.14471666666666663,0.3033333333333333,0.10528333333333334,0.0,0.49945
81,67,2000-11-11,1,1,2000-01,New York Knicks,Charlotte Hornets,1,0.41345,0.06875,0.25372999999999996,0.09097000000000001,0.19058000000000003,0.04642,0.14417000000000002,0.08612,0.08667000000000001,1.1,0.022920000000000003,0.06553,34.798,0.12686999999999998,0.29222,43.42999999999999,0.09097000000000001,0.10969999999999999,82.788,0.0,0.028220000000000002,0.34400000000000003,0.024029999999999996,0.12417999999999998,0.20600000000000002,0.08667000000000001,0.0,0.42903,0.46917,0.0503,0.28569999999999995,0.13317,0.20353,0.0482,0.15533000000000002,0.09262999999999999,0.08614999999999999,1.0939999999999999,0.01677,0.04777,35.264,0.14284999999999998,0.2924,49.42999999999999,0.13317,0.17758,75.10799999999999,0.0,0.039970000000000006,0.4619999999999999,0.03383,0.11895,0.28400000000000003,0.08614999999999999,0.0,0.5280199999999999
86,73,2000-11-11,1,1,2000-01,Cleveland Cavaliers,Washington Wizards,1,0.459375,0.0234375,0.3302125,0.105725,0.24240000000000003,0.061775000000000004,0.18062499999999998,0.1020875,0.10615000000000001,0.9524999999999999,0.0078125,0.0324,21.870000000000005,0.16509999999999997,0.3585375,46.127500000000005,0.105725,0.15615,67.4225,0.0,0.034162500000000005,0.32000000000000006,0.0427125,0.14416249999999997,0.295,0.10615000000000001,0.0,0.50615,0.4387083333333333,0.05095833333333333,0.2926083333333333,0.09513333333333333,0.208475,0.04344166666666666,0.16503333333333334,0.10456666666666665,0.103325,1.1400000000000001,0.016983333333333333,0.0393,44.85,0.14630833333333335,0.32712499999999994,45.02166666666667,0.09513333333333333,0.13208333333333333,72.05,0.0,0.02946666666666667,0.33166666666666667,0.019941666666666667,0.13595833333333335,0.155,0.103325,0.0,0.4577583333333333
91,78,2000-11-11,1,1,2000-01,San Antonio Spurs,Vancouver Grizzlies,1,0.5022500000000001,0.0624,0.30633,0.13352000000000003,0.20460000000000003,0.04443,0.16017,0.09322,0.08853,1.07,0.020800000000000003,0.04551999999999999,45.28,0.15317,0.31437,48.989999999999995,0.13352000000000003,0.16468,81.43199999999999,0.0,0.024780000000000003,0.28600000000000003,0.023899999999999998,0.10357000000000001,0.23600000000000004,0.08853,0.0,0.54313,0.47524999999999995,0.0633,0.31997,0.09198,0.22694999999999999,0.06847,0.15848,0.12447000000000001,0.07020000000000001,1.906,0.0211,0.06667,30.774,0.15997999999999998,0.36097,44.267999999999994,0.09198,0.13798000000000002,66.52199999999999,0.0,0.05405,0.8360000000000001,0.020630000000000003,0.11392000000000002,0.19,0.07020000000000001,0.0,0.5386
75,98,2000-11-11,1,1,2000-01,Chicago Bulls,Toronto Raptors,0,0.406975,0.0703125,0.22478750000000003,0.111875,0.17687499999999998,0.04385,0.133025,0.09312500000000001,0.10021250000000001,0.935,0.0234375,0.045412499999999995,55.58500000000001,0.11240000000000001,0.301875,37.205,0.111875,0.1489625,76.07,0.0,0.033125,0.33,0.026037499999999998,0.1214625,0.2125,0.10021250000000001,0.0,0.3874,0.48132,0.07205,0.31147,0.09779999999999998,0.22317,0.07980000000000001,0.14337,0.1244,0.08072,1.5619999999999998,0.024019999999999996,0.07615,31.936,0.15573,0.35829999999999995,43.70399999999999,0.09779999999999998,0.13282,75.164,0.0,0.03660000000000001,0.45999999999999996,0.03425,0.11842,0.296,0.08072,0.0,0.5293
94,84,2000-11-11,1,1,2000-01,Indiana Pacers,Detroit Pistons,1,0.4428125,0.074375,0.2927125,0.075725,0.18375,0.0499,0.13385,0.0954125,0.0841625,1.1749999999999998,0.024787499999999997,0.0825,30.302499999999995,0.14634999999999998,0.2991625,48.855,0.075725,0.1049,71.1825,0.0,0.0299,0.3675,0.019687500000000004,0.1449,0.14,0.0841625,0.0,0.4477125,0.4640375,0.060875,0.32558750000000003,0.0775875,0.2290875,0.0698125,0.159275,0.09593750000000001,0.09625,1.12,0.0202875,0.071125,26.709999999999997,0.1627875,0.3659125,44.33,0.0775875,0.100475,75.7725,0.0,0.0335625,0.385,0.02465,0.139125,0.18000000000000002,0.09625,0.0,0.4741625
111,88,2000-11-11,1,1,2000-01,Portland Trail Blazers,Houston Rockets,1,0.43072999999999995,0.05635,0.30117000000000005,0.07322000000000001,0.19177,0.06793,0.12383,0.10823,0.08243,1.468,0.01878,0.05593,33.206,0.15058,0.34909999999999997,43.25,0.07322000000000001,0.08908,82.28999999999999,0.0,0.04772,0.764,0.02218,0.13662999999999997,0.17600000000000002,0.08243,0.0,0.46667,0.49067,0.08214999999999999,0.28477,0.12375,0.19045,0.054880000000000005,0.13557000000000002,0.09475,0.08227000000000001,1.172,0.027379999999999998,0.07737000000000001,31.365999999999996,0.14238,0.30115,47.766000000000005,0.12375,0.16540000000000002,75.50999999999999,0.0,0.041269999999999994,0.504,0.02803,0.10800000000000001,0.27999999999999997,0.08227000000000001,0.0,0.5125
85,83,2000-11-11,1,1,2000-01,Philadelphia 76ers,Boston Celtics,1,0.49063,0.0462,0.3335,0.11093,0.20937999999999998,0.05813,0.15125000000000002,0.11293,0.07938,1.514,0.0154,0.05158,31.28000000000001,0.16675,0.31793,52.858000000000004,0.11093,0.14918,74.258,0.0,0.049929999999999995,0.668,0.03245,0.11777,0.28,0.07938,0.0,0.59033,0.4825,0.10062499999999999,0.2497875,0.1320875,0.209475,0.0570875,0.1524,0.0974,0.0777125,1.2875,0.0335375,0.073125,45.57,0.12490000000000001,0.3208375,39.0025,0.1320875,0.1674,77.4625,0.0,0.0616625,0.8200000000000001,0.0284375,0.119375,0.2475,0.0777125,0.0,0.5309375000000001
92,103,2000-11-11,1,1,2000-01,Milwaukee Bucks,Minnesota Timberwolves,0,0.46666250000000004,0.0728125,0.290625,0.103225,0.2249,0.069375,0.15552500000000002,0.0878125,0.08802499999999999,1.0475,0.024274999999999998,0.07906250000000001,30.282500000000006,0.1453125,0.3225,44.980000000000004,0.103225,0.1285375,80.9375,0.0,0.027499999999999997,0.32,0.029062499999999998,0.130725,0.22749999999999998,0.08802499999999999,0.0,0.490625,0.49917,0.06409999999999999,0.36963,0.06543,0.20407999999999998,0.06347,0.14062000000000002,0.12702,0.07437,1.704,0.02137,0.045399999999999996,43.698,0.18481999999999998,0.38837,47.577999999999996,0.06543,0.08327999999999999,78.58399999999999,0.0,0.03665,0.496,0.02062,0.1283,0.158,0.07437,0.0,0.5677300000000001
126,91,2000-11-11,1,1,2000-01,New Jersey Nets,Seattle SuperSonics,1,0.43343750000000003,0.034375,0.29833750000000003,0.100725,0.21865,0.056975,0.1616625,0.1096875,0.0720875,1.525,0.0114625,0.04177500000000001,26.62,0.1491625,0.36865,40.59,0.100725,0.1472875,68.63,0.0,0.0485375,0.675,0.0325,0.1471875,0.21999999999999997,0.0720875,0.0,0.474375,0.4849,0.08475,0.3090375,0.0911,0.22878749999999998,0.0610875,0.16771250000000001,0.11503749999999999,0.1058125,1.095,0.02825,0.08931249999999999,32.1525,0.154525,0.3134125,49.0,0.0911,0.120725,74.72500000000001,0.0,0.0398375,0.39999999999999997,0.030625,0.112625,0.2725,0.1058125,0.0,0.5437875
84,82,2000-11-11,1,1,2000-01,Phoenix Suns,Miami Heat,1,0.49993,0.08825000000000001,0.31927000000000005,0.09242000000000002,0.20122,0.056330000000000005,0.14488,0.1264,0.08608,1.534,0.02942,0.09512000000000001,30.604000000000003,0.15963,0.32835,48.962,0.09242000000000002,0.11547,79.79400000000001,0.0,0.05778,0.698,0.022200000000000004,0.13491999999999998,0.166,0.08608,0.0,0.56398,0.4674,0.104375,0.26603750000000004,0.09697499999999999,0.200725,0.0483375,0.1524,0.0949,0.09687500000000002,0.9875,0.0347875,0.07740000000000001,43.8475,0.133025,0.300725,44.3725,0.09697499999999999,0.1202125,79.505,0.0,0.0521875,0.54,0.0283375,0.1389625,0.20249999999999999,0.09687500000000002,0.0,0.5131249999999999
101,92,2000-11-12,1,1,2000-01,Detroit Pistons,Seattle SuperSonics,1,0.46623000000000003,0.0612,0.32547000000000004,0.07957,0.2286,0.06985,0.15875,0.09675,0.096,1.1280000000000001,0.0204,0.06989999999999999,27.288,0.16272999999999999,0.36523,44.434,0.07957,0.10255,76.234,0.0,0.03452,0.394,0.02422,0.13913,0.17600000000000002,0.096,0.0,0.47933000000000003,0.48324999999999996,0.08480000000000001,0.3079,0.09054999999999999,0.22603,0.0612,0.16484000000000001,0.11469999999999998,0.10415,1.134,0.02827,0.08895,32.342,0.15394999999999998,0.3129,48.924,0.09054999999999999,0.11991,74.66400000000002,0.0,0.0397,0.40800000000000003,0.029830000000000002,0.11227000000000001,0.268,0.10415,0.0,0.54036
95,79,2000-11-12,1,1,2000-01,Denver Nuggets,Los Angeles Clippers,1,0.49822,0.0952,0.29857,0.10445,0.18415,0.05643,0.12772,0.10973,0.07342000000000001,1.534,0.031729999999999994,0.10049999999999999,32.778000000000006,0.14928000000000002,0.32,46.668000000000006,0.10445,0.15167999999999998,66.924,0.0,0.04462000000000001,0.622,0.031830000000000004,0.13128,0.248,0.07342000000000001,0.0,0.50842,0.45548,0.05675,0.30757,0.09117000000000001,0.21863000000000002,0.059519999999999997,0.15911999999999998,0.09557,0.10462,0.9800000000000001,0.01892,0.06970000000000001,27.370000000000005,0.15378,0.29560000000000003,52.025999999999996,0.09117000000000001,0.14595000000000002,61.88800000000001,0.0,0.02472,0.254,0.02692,0.13227000000000003,0.20800000000000002,0.10462,0.0,0.46932
99,105,2000-11-12,1,1,2000-01,Golden State Warriors,Orlando Magic,0,0.4841625,0.06375,0.31041250000000004,0.11000000000000001,0.2602125,0.07625000000000001,0.1839625,0.0976,0.08978749999999999,1.325,0.02125,0.05,43.010000000000005,0.1552125,0.385625,40.2,0.11000000000000001,0.16072499999999998,67.02250000000001,0.0,0.046250000000000006,0.5975,0.038025,0.118225,0.3075,0.08978749999999999,0.0,0.5265625,0.4525099999999999,0.0586,0.2932,0.10072,0.21288,0.06314,0.14975,0.07625000000000001,0.10540000000000001,0.834,0.019530000000000002,0.0737,24.818,0.1466,0.33025000000000004,44.558,0.10072,0.1529,65.314,0.0,0.04272,0.454,0.03529,0.12785000000000002,0.28,0.10540000000000001,0.0,0.42424999999999996
109,84,2000-11-12,1,1,2000-01,Sacramento Kings,Dallas Mavericks,1,0.49104166666666665,0.079,0.30628333333333335,0.10575833333333334,0.20195833333333332,0.05730833333333334,0.14465833333333336,0.11821666666666665,0.08830833333333334,1.3933333333333333,0.02633333333333333,0.06794166666666666,38.065,0.15313333333333332,0.337625,46.25666666666666,0.10575833333333334,0.13225833333333334,78.92500000000001,0.0,0.053391666666666664,0.6183333333333333,0.02635833333333333,0.10975833333333333,0.2383333333333333,0.08830833333333334,0.0,0.5500666666666666,0.48855000000000004,0.122,0.26977,0.09678,0.21128,0.07023,0.14105,0.10347999999999999,0.08208,1.2719999999999998,0.04067,0.10372,38.828,0.13488,0.30445,44.448,0.09678,0.12777,76.0,0.0,0.03603,0.44400000000000006,0.03627,0.13037,0.284,0.08208,0.0,0.52993
105,99,2000-11-12,1,1,2000-01,Los Angeles Lakers,Houston Rockets,1,0.47743,0.06065,0.31707,0.09972,0.20164999999999997,0.05625,0.14540000000000003,0.11857999999999999,0.08553000000000001,1.44,0.02022,0.06017,34.455999999999996,0.15853,0.30141999999999997,53.348,0.09972,0.158,63.007999999999996,0.0,0.030270000000000002,0.348,0.03678,0.10788,0.36000000000000004,0.08553000000000001,0.0,0.53807,0.485975,0.08262499999999999,0.28175,0.1216,0.1907916666666667,0.055316666666666674,0.135475,0.09535,0.083,1.17,0.02754166666666667,0.07753333333333334,31.899999999999995,0.140875,0.29985,47.455000000000005,0.1216,0.16158333333333333,76.02,0.0,0.041333333333333326,0.5016666666666666,0.02655,0.10777500000000001,0.2633333333333333,0.083,0.0,0.5080583333333334
82,94,2000-11-13,1,1,2000-01,New Jersey Nets,Portland Trail Blazers,0,0.43815,0.0383,0.30027000000000004,0.09958,0.21452,0.05517999999999999,0.15933,0.11034999999999999,0.07187,1.542,0.01277,0.04422,27.292,0.15013,0.36612,41.172000000000004,0.09958,0.14483,68.876,0.0,0.04763,0.662,0.0308,0.14475,0.20999999999999996,0.07187,0.0,0.4769,0.43449999999999994,0.057791666666666665,0.30375,0.07295833333333333,0.19439166666666666,0.0673,0.12708333333333333,0.11075000000000002,0.08244166666666668,1.5,0.019258333333333336,0.056883333333333334,33.385,0.15187499999999998,0.3485583333333333,43.696666666666665,0.07295833333333333,0.08895833333333335,81.99499999999999,0.0,0.046575,0.735,0.024733333333333333,0.13496666666666665,0.19833333333333336,0.08244166666666668,0.0,0.47819999999999996
76,90,2000-11-13,1,1,2000-01,Los Angeles Clippers,Dallas Mavericks,0,0.4583166666666667,0.059375000000000004,0.30630833333333335,0.09264166666666668,0.21608333333333332,0.05890833333333333,0.1571833333333333,0.09533333333333333,0.10274166666666668,1.0,0.01979166666666667,0.07016666666666667,28.271666666666672,0.15315,0.29702500000000004,51.63666666666666,0.09264166666666668,0.14606666666666668,62.70666666666668,0.0,0.026016666666666664,0.27166666666666667,0.02729166666666667,0.13216666666666668,0.21166666666666667,0.10274166666666668,0.0,0.472625,0.48462500000000003,0.11708333333333333,0.2723083333333333,0.09523333333333334,0.2094,0.06838333333333334,0.14101666666666668,0.10220833333333333,0.081175,1.2733333333333332,0.03903333333333333,0.10060000000000001,37.80166666666667,0.13615,0.30704166666666666,44.51500000000001,0.09523333333333334,0.125225,76.14166666666667,0.0,0.035025,0.4366666666666667,0.03689166666666666,0.13045,0.28833333333333333,0.081175,0.0,0.524525
96,75,2000-11-14,1,1,2000-01,Seattle SuperSonics,New York Knicks,1,0.4816333333333333,0.08495000000000001,0.3058666666666667,0.09081666666666666,0.2222833333333333,0.060524999999999995,0.161775,0.11391666666666665,0.10440833333333334,1.1433333333333333,0.028316666666666667,0.088175,32.78,0.15293333333333334,0.3111083333333333,48.906666666666666,0.09081666666666666,0.12064166666666666,74.46000000000001,0.0,0.03963333333333333,0.4083333333333334,0.0295,0.11213333333333335,0.265,0.10440833333333334,0.0,0.5347083333333333,0.4207916666666667,0.07104166666666667,0.2595,0.09025,0.19215000000000002,0.046325000000000005,0.14583333333333334,0.08745833333333332,0.08555833333333335,1.1233333333333333,0.023683333333333334,0.06669166666666666,35.318333333333335,0.12975,0.29434999999999995,44.053333333333335,0.09025,0.10891666666666666,82.61,0.0,0.027958333333333335,0.34500000000000003,0.024466666666666664,0.12181666666666664,0.21333333333333335,0.08555833333333335,0.0,0.441
96,82,2000-11-14,1,1,2000-01,Sacramento Kings,Orlando Magic,1,0.49222142857142853,0.07873571428571428,0.3076285714285714,0.10585714285714287,0.20320714285714286,0.05790000000000001,0.1453214285714286,0.11857142857142856,0.08691428571428572,1.4257142857142857,0.02624285714285714,0.06885,37.455714285714286,0.15380714285714284,0.3398,46.09285714285714,0.10585714285714287,0.13367142857142858,78.23000000000002,0.0,0.05269999999999999,0.6185714285714285,0.026264285714285712,0.10948571428571428,0.23857142857142857,0.08691428571428572,0.0,0.54965,0.45483333333333326,0.06025833333333333,0.29480833333333334,0.09976666666666667,0.21323333333333336,0.06428333333333333,0.14895833333333333,0.07865833333333334,0.10366666666666667,0.88,0.02008333333333334,0.07463333333333333,25.243333333333336,0.14740833333333334,0.33211666666666667,44.53333333333333,0.09976666666666667,0.15050833333333336,65.90166666666666,0.0,0.04285833333333333,0.46166666666666667,0.03488333333333333,0.12845,0.27666666666666667,0.10366666666666667,0.0,0.4308
99,97,2000-11-14,1,1,2000-01,Atlanta Hawks,Portland Trail Blazers,1,0.4156916666666666,0.07525,0.2579166666666667,0.082525,0.18435833333333332,0.07030833333333335,0.11404999999999998,0.08958333333333333,0.08123333333333332,1.11,0.025083333333333332,0.070675,35.60833333333333,0.1289583333333333,0.3366416666666667,38.138333333333335,0.082525,0.10768333333333335,77.73166666666667,0.0,0.04685,0.585,0.012400000000000001,0.1351,0.08666666666666667,0.08123333333333332,0.0,0.389225,0.43926428571428566,0.059635714285714285,0.30647857142857143,0.07315,0.19600714285714285,0.06584999999999999,0.13015,0.11319285714285716,0.08230000000000001,1.5314285714285716,0.01987142857142857,0.05722857142857143,34.401428571428575,0.1532428571428571,0.34743571428571424,44.26285714285715,0.07315,0.08992142857142858,81.45285714285714,0.0,0.04563571428571428,0.7128571428571429,0.026407142857142858,0.13313571428571427,0.21428571428571433,0.08230000000000001,0.0,0.48988571428571426
110,83,2000-11-14,1,1,2000-01,Houston Rockets,Chicago Bulls,1,0.48216428571428566,0.08184285714285713,0.2812928571428572,0.11902142857142858,0.18965714285714289,0.05496428571428572,0.13469285714285714,0.09560714285714286,0.0831857142857143,1.1714285714285713,0.02727857142857143,0.07717142857142857,31.947142857142854,0.14065,0.2997714285714285,47.362857142857145,0.11902142857142858,0.15737857142857142,76.52999999999999,0.0,0.04154999999999999,0.5042857142857142,0.025307142857142858,0.10778571428571429,0.24999999999999997,0.0831857142857143,0.0,0.5037428571428572,0.40998,0.06945,0.22703,0.1135,0.18549999999999997,0.04808,0.13742000000000001,0.09290000000000001,0.09957,0.9400000000000001,0.02315,0.046529999999999995,53.96,0.11352000000000002,0.3043,37.284,0.1135,0.15197,75.764,0.0,0.032100000000000004,0.322,0.027229999999999997,0.12337000000000001,0.22000000000000003,0.09957,0.0,0.39552
119,103,2000-11-14,1,1,2000-01,Los Angeles Lakers,Denver Nuggets,1,0.47410833333333335,0.06054166666666667,0.31616666666666665,0.09740833333333333,0.2012333333333333,0.05673333333333333,0.14450000000000002,0.11700833333333333,0.085025,1.4400000000000002,0.020183333333333334,0.06125,33.785,0.15808333333333335,0.30340833333333334,52.80833333333334,0.09740833333333333,0.154725,62.339999999999996,0.0,0.030641666666666668,0.3516666666666666,0.03648333333333333,0.107675,0.3566666666666667,0.085025,0.0,0.5307499999999999,0.49782499999999996,0.09391666666666666,0.2985333333333333,0.105375,0.18665,0.058,0.12865833333333335,0.11060833333333332,0.07451666666666668,1.5383333333333333,0.0313,0.09833333333333333,33.02666666666667,0.14925833333333335,0.32083333333333336,46.50666666666667,0.105375,0.15125833333333333,67.90833333333333,0.0,0.04315833333333333,0.6,0.0318,0.13120833333333334,0.24833333333333332,0.07451666666666668,0.0,0.5110416666666667
96,86,2000-11-14,1,1,2000-01,Cleveland Cavaliers,Golden State Warriors,1,0.4607,0.02475,0.33377,0.10218,0.23492000000000002,0.061020000000000005,0.1739,0.10346999999999999,0.10472000000000001,0.9919999999999998,0.00825,0.03332,22.912000000000003,0.16687999999999997,0.35783,46.74,0.10218,0.15092,67.142,0.0,0.03613000000000001,0.35200000000000004,0.04197,0.14172999999999997,0.294,0.10472000000000001,0.0,0.50772,0.48513,0.063,0.31433000000000005,0.1078,0.25877,0.07660000000000002,0.18217,0.09848,0.09142999999999998,1.3359999999999999,0.021,0.0504,41.824,0.15717,0.3879,40.472,0.1078,0.15838,66.67,0.0,0.044800000000000006,0.5880000000000001,0.03642,0.11918,0.296,0.09142999999999998,0.0,0.52145
86,79,2000-11-14,1,1,2000-01,San Antonio Spurs,Utah Jazz,1,0.49729166666666674,0.06116666666666667,0.3061083333333333,0.1300166666666667,0.2068916666666667,0.04646666666666666,0.16041666666666668,0.09351666666666665,0.08794166666666665,1.0866666666666667,0.02039166666666667,0.045575,44.296666666666674,0.15305833333333332,0.3185,48.379999999999995,0.1300166666666667,0.16098333333333334,80.93166666666666,0.0,0.024958333333333332,0.2933333333333334,0.023941666666666667,0.10255833333333335,0.23833333333333337,0.08794166666666665,0.0,0.53705,0.5192300000000001,0.0643,0.34097000000000005,0.11396999999999999,0.17934999999999998,0.04792999999999999,0.13142,0.13968,0.07215,2.0580000000000003,0.02143,0.044820000000000006,47.92399999999999,0.17048000000000002,0.33373,51.14399999999999,0.11396999999999999,0.17702,63.327999999999996,0.0,0.0391,0.5999999999999999,0.020429999999999997,0.15012999999999999,0.138,0.07215,0.0,0.57597
89,86,2000-11-14,1,1,2000-01,Miami Heat,Charlotte Hornets,1,0.46192,0.1021,0.26443000000000005,0.09537999999999999,0.20098,0.049269999999999994,0.15172000000000002,0.09392,0.09450000000000001,1.006,0.03403,0.07712000000000001,42.998,0.13222,0.29958,44.312,0.09537999999999999,0.11896999999999999,78.94399999999999,0.0,0.050749999999999997,0.54,0.02827,0.13616999999999999,0.20600000000000002,0.09450000000000001,0.0,0.5073,0.4679166666666667,0.051083333333333335,0.284475,0.13236666666666666,0.20363333333333333,0.04989166666666667,0.15375000000000003,0.09399999999999999,0.08581666666666665,1.1166666666666665,0.017033333333333334,0.04939166666666667,34.72833333333333,0.14223333333333332,0.29435833333333333,48.855,0.13236666666666666,0.17687499999999998,75.08666666666666,0.0,0.039975000000000004,0.4616666666666666,0.033466666666666665,0.11801666666666666,0.2833333333333334,0.08581666666666665,0.0,0.5241833333333333
116,109,2000-11-15,1,1,2000-01,Boston Celtics,Washington Wizards,1,0.4782,0.0991,0.24983,0.12927,0.20817999999999998,0.05687,0.15132,0.09632,0.07837000000000001,1.264,0.03303,0.0739,44.512,0.12492,0.32147000000000003,38.977999999999994,0.12927,0.16512,76.778,0.0,0.06013,0.796,0.027950000000000003,0.1193,0.242,0.07837000000000001,0.0,0.51915,0.4373642857142857,0.04918571428571428,0.2918285714285714,0.09633571428571429,0.20828571428571427,0.04417142857142857,0.16410714285714287,0.10350714285714284,0.10162857142857143,1.1514285714285715,0.016392857142857143,0.0394,42.98428571428572,0.14591428571428572,0.32774285714285717,44.82714285714285,0.09633571428571429,0.13464285714285715,71.68571428571428,0.0,0.02995,0.3457142857142857,0.021685714285714284,0.13551428571428573,0.16857142857142857,0.10162857142857143,0.0,0.45603571428571427
99,78,2000-11-15,1,1,2000-01,Phoenix Suns,Dallas Mavericks,1,0.4993833333333333,0.085625,0.3218916666666667,0.091875,0.20157499999999998,0.056799999999999996,0.14475833333333335,0.12589166666666665,0.08589999999999999,1.5350000000000001,0.02854166666666667,0.09329166666666666,30.14,0.16094166666666665,0.328625,49.305,0.091875,0.11566666666666668,79.05833333333334,0.0,0.057875,0.7016666666666667,0.023500000000000004,0.133825,0.18000000000000002,0.08589999999999999,0.0,0.5660916666666667,0.4809,0.11199285714285714,0.27545000000000003,0.09346428571428571,0.20775000000000002,0.06687857142857143,0.1408714285714286,0.10107857142857142,0.07998571428571428,1.282857142857143,0.037335714285714285,0.09755714285714287,36.628571428571426,0.13772142857142858,0.31052857142857143,44.540000000000006,0.09346428571428571,0.1224357142857143,76.40142857142858,0.0,0.03440714285714286,0.43714285714285717,0.03672142857142857,0.12997857142857144,0.2871428571428571,0.07998571428571428,0.0,0.5188785714285714
92,90,2000-11-15,1,1,2000-01,Minnesota Timberwolves,Golden State Warriors,1,0.4961166666666667,0.06424999999999999,0.3666333333333333,0.06521666666666666,0.20270833333333335,0.06358333333333334,0.13912500000000003,0.12585,0.07308333333333333,1.7266666666666666,0.021416666666666667,0.04644166666666666,43.318333333333335,0.183325,0.38725000000000004,47.31166666666667,0.06521666666666666,0.08481666666666667,77.15333333333332,0.0,0.03665000000000001,0.5066666666666667,0.022324999999999998,0.129,0.17,0.07308333333333333,0.0,0.562,0.4859416666666667,0.06166666666666667,0.31833333333333336,0.10594166666666667,0.25758333333333333,0.07647500000000002,0.18111666666666668,0.09998333333333333,0.09424999999999999,1.3283333333333334,0.020558333333333335,0.05102500000000001,40.431666666666665,0.15916666666666668,0.3876916666666667,41.075,0.10594166666666667,0.15629166666666666,66.43833333333333,0.0,0.04385833333333334,0.5733333333333334,0.035208333333333335,0.120425,0.285,0.09424999999999999,0.0,0.5189833333333334
107,98,2000-11-15,1,1,2000-01,Philadelphia 76ers,Cleveland Cavaliers,1,0.48705,0.04558333333333333,0.32875,0.11271666666666667,0.21198333333333333,0.05871666666666667,0.1532666666666667,0.11021666666666667,0.08073333333333334,1.4616666666666667,0.015191666666666666,0.051875000000000004,30.15333333333334,0.164375,0.318,52.05500000000001,0.11271666666666667,0.15154166666666666,74.38666666666666,0.0,0.04883333333333333,0.6483333333333334,0.031625,0.11758333333333333,0.2733333333333334,0.08073333333333334,0.0,0.5798583333333333,0.46058333333333334,0.026458333333333334,0.33370000000000005,0.100425,0.22993333333333335,0.06029166666666667,0.16964166666666666,0.104,0.10379166666666667,1.0133333333333332,0.008816666666666667,0.034291666666666665,23.965000000000003,0.16684166666666664,0.35625,46.928333333333335,0.100425,0.14799166666666666,67.15666666666667,0.0,0.037750000000000006,0.3766666666666667,0.04108333333333333,0.1406083333333333,0.29,0.10379166666666667,0.0,0.5071249999999999
88,92,2000-11-15,1,1,2000-01,Detroit Pistons,Indiana Pacers,0,0.46638333333333337,0.061,0.32455833333333334,0.08083333333333334,0.22847499999999998,0.06975833333333332,0.15871666666666664,0.09729166666666667,0.09559166666666667,1.1333333333333335,0.020333333333333335,0.068725,27.683333333333334,0.162275,0.36519166666666664,44.343333333333334,0.08083333333333334,0.10426666666666667,76.30166666666666,0.0,0.03555,0.405,0.02363333333333333,0.1388,0.17166666666666666,0.09559166666666667,0.0,0.4809916666666667,0.44645,0.0745,0.29137,0.08058000000000001,0.1862,0.050519999999999995,0.13568,0.09633,0.08253,1.2159999999999997,0.024829999999999998,0.081,30.522,0.14567999999999998,0.30053,48.434,0.08058000000000001,0.11012,72.038,0.0,0.03172,0.40199999999999997,0.019750000000000004,0.14112,0.14400000000000002,0.08253,0.0,0.45737000000000005
78,74,2000-11-15,1,1,2000-01,Los Angeles Clippers,New York Knicks,1,0.4587642857142858,0.060078571428571426,0.305,0.09369285714285715,0.21582857142857143,0.05896428571428571,0.15687142857142855,0.09528571428571428,0.10122857142857143,1.0157142857142858,0.02002857142857143,0.07106428571428572,28.348571428571432,0.15249285714285715,0.2985714285714286,51.21142857142858,0.09369285714285715,0.14581428571428573,63.49714285714287,0.0,0.026685714285714285,0.28285714285714286,0.02737142857142857,0.13145,0.21285714285714286,0.10122857142857143,0.0,0.47347142857142854,0.42496428571428574,0.0713,0.26426428571428573,0.08940000000000001,0.19337142857142858,0.04613571428571429,0.14724285714285718,0.08782142857142856,0.08415000000000002,1.1414285714285715,0.023771428571428572,0.06675714285714286,35.20714285714286,0.13213571428571427,0.2965857142857143,44.49571428571428,0.08940000000000001,0.10805,82.40285714285713,0.0,0.027842857142857145,0.35000000000000003,0.02464285714285714,0.1200285714285714,0.21714285714285714,0.08415000000000002,0.0,0.44840714285714284
93,91,2000-11-15,1,1,2000-01,New Jersey Nets,Miami Heat,1,0.4461,0.04108333333333333,0.30689166666666673,0.098125,0.21154166666666666,0.05445833333333333,0.15708333333333332,0.11112499999999999,0.07225,1.5466666666666666,0.013699999999999999,0.045741666666666674,28.018333333333334,0.15344166666666667,0.36565833333333336,42.086666666666666,0.098125,0.1426333333333333,68.79166666666667,0.0,0.0483,0.665,0.029275,0.14381666666666668,0.19999999999999996,0.07225,0.0,0.48533333333333334,0.45743333333333336,0.10008333333333332,0.26258333333333334,0.09475833333333333,0.20025833333333332,0.04911666666666666,0.15115833333333334,0.09299166666666668,0.09319166666666667,1.0116666666666667,0.03335833333333333,0.07676666666666668,42.32333333333333,0.13129166666666667,0.2988166666666667,44.129999999999995,0.09475833333333333,0.119,78.45,0.0,0.05035,0.545,0.028283333333333337,0.13403333333333334,0.21,0.09319166666666667,0.0,0.5009416666666666
84,74,2000-11-15,1,1,2000-01,Milwaukee Bucks,Atlanta Hawks,1,0.46713000000000005,0.07445,0.29250000000000004,0.10018,0.22172,0.06810000000000001,0.15362000000000003,0.09065,0.08481999999999999,1.1520000000000001,0.02482,0.08145,30.058000000000003,0.14625000000000002,0.3216,45.386,0.10018,0.12483,81.086,0.0,0.027599999999999996,0.33999999999999997,0.027849999999999996,0.12918000000000002,0.22199999999999998,0.08481999999999999,0.0,0.49349999999999994,0.41906428571428567,0.07399285714285715,0.2612785714285714,0.0838,0.18537142857142858,0.06975714285714286,0.1156142857142857,0.09035714285714284,0.08238571428571428,1.1057142857142856,0.024664285714285715,0.06945714285714286,35.59142857142857,0.13063571428571427,0.3370214285714286,38.642857142857146,0.0838,0.10893571428571429,77.84142857142857,0.0,0.047200000000000006,0.5814285714285715,0.013485714285714287,0.13345,0.09857142857142857,0.08238571428571428,0.0,0.39678571428571424
110,112,2000-11-16,1,1,2000-01,Sacramento Kings,Los Angeles Lakers,0,0.49381875,0.07896875,0.30870625,0.10613750000000001,0.20444375,0.057850000000000006,0.14660625000000002,0.11945,0.08573750000000001,1.46,0.026324999999999998,0.069775,37.07875,0.15434375,0.34021250000000003,46.175,0.10613750000000001,0.134775,77.84500000000001,0.0,0.051893749999999995,0.61625,0.025949999999999997,0.10908124999999999,0.23625,0.08573750000000001,0.0,0.55188125,0.47311428571428576,0.061385714285714287,0.3156928571428571,0.09604285714285714,0.20156428571428567,0.057507142857142854,0.14406428571428573,0.1155,0.08471428571428571,1.4314285714285713,0.020464285714285713,0.06199285714285714,33.78285714285714,0.15785000000000002,0.3057785714285714,52.307142857142864,0.09604285714285714,0.15252142857142856,62.067142857142855,0.0,0.03075714285714286,0.3528571428571428,0.03637142857142857,0.10872142857142857,0.35285714285714287,0.08471428571428571,0.0,0.5266642857142857
99,84,2000-11-16,1,1,2000-01,Utah Jazz,Orlando Magic,1,0.5142166666666667,0.06316666666666666,0.3363666666666667,0.11469999999999998,0.18043333333333333,0.04785833333333333,0.132575,0.137375,0.07345833333333333,1.9933333333333334,0.021050000000000003,0.045408333333333335,46.82333333333333,0.168175,0.33060833333333334,50.90833333333333,0.11469999999999998,0.175575,64.41166666666666,0.0,0.03730833333333333,0.5666666666666665,0.02105,0.1491333333333333,0.14333333333333334,0.07345833333333333,0.0,0.5692833333333333,0.4575357142857142,0.06156428571428572,0.2969785714285714,0.099,0.21312857142857142,0.06501428571428572,0.14812142857142854,0.08135,0.10225,0.9228571428571428,0.020514285714285718,0.07495714285714285,25.802857142857142,0.14849285714285715,0.3346714285714286,44.505714285714284,0.099,0.1482071428571429,66.62285714285714,0.0,0.0437,0.4757142857142857,0.0349,0.12867142857142858,0.2771428571428572,0.10225,0.0,0.4385428571428571
80,86,2000-11-16,1,1,2000-01,Toronto Raptors,Portland Trail Blazers,0,0.4854083333333334,0.07295833333333333,0.31345,0.09899999999999999,0.22403333333333333,0.07733333333333334,0.1467,0.12505833333333335,0.08101666666666667,1.5650000000000002,0.024324999999999996,0.07526666666666666,32.79666666666667,0.15671666666666667,0.3555249999999999,44.33833333333333,0.09899999999999999,0.13276666666666667,75.92333333333333,0.0,0.036475,0.4566666666666666,0.03493333333333334,0.11770833333333332,0.305,0.08101666666666667,0.0,0.5413583333333333,0.44286875,0.06061875,0.3086375,0.07361875,0.19744375,0.06473124999999999,0.13270625,0.11474375000000002,0.082875,1.5425,0.0202,0.0572625,35.05125,0.15432499999999996,0.34619374999999997,44.761250000000004,0.07361875,0.09094375,81.115,0.0,0.04531874999999999,0.6950000000000001,0.027793750000000002,0.13141874999999997,0.22875000000000004,0.082875,0.0,0.49903749999999997
95,99,2000-11-16,1,1,2000-01,Washington Wizards,San Antonio Spurs,0,0.43535,0.047487499999999995,0.29066249999999993,0.09718125,0.2081125,0.044899999999999995,0.16320625000000002,0.10228749999999999,0.100875,1.1500000000000001,0.01583125,0.039162499999999996,41.478750000000005,0.14533125000000002,0.3277875,44.63999999999999,0.09718125,0.1364875,71.405,0.0,0.03019375,0.3525,0.02288125,0.13513750000000002,0.1775,0.100875,0.0,0.45285625,0.4933928571428572,0.06038571428571428,0.30502857142857137,0.1279714285714286,0.20886428571428572,0.047178571428571424,0.1616857142857143,0.09382857142857141,0.08752142857142856,1.0985714285714285,0.020128571428571433,0.0457,43.607142857142854,0.15252142857142856,0.3202428571428571,47.96714285714285,0.1279714285714286,0.15920714285714285,80.46428571428571,0.0,0.025064285714285713,0.2985714285714286,0.024192857142857144,0.10178571428571428,0.24285714285714288,0.08752142857142856,0.0,0.5332857142857143
89,85,2000-11-16,1,1,2000-01,Denver Nuggets,Chicago Bulls,1,0.4971142857142857,0.09274285714285714,0.29914999999999997,0.10522142857142858,0.18876428571428572,0.05859285714285715,0.13017857142857142,0.11184999999999999,0.07489285714285716,1.5585714285714285,0.030907142857142855,0.09652857142857142,33.184285714285714,0.1495714285714286,0.32224285714285716,46.38142857142857,0.10522142857142858,0.1502642857142857,68.36857142857143,0.0,0.0424,0.5914285714285714,0.03215714285714286,0.13062857142857143,0.2542857142857143,0.07489285714285716,0.0,0.5140571428571429,0.41067500000000007,0.06829166666666667,0.22919166666666668,0.11319166666666668,0.19014166666666665,0.05006666666666667,0.140075,0.09297500000000002,0.09866666666666667,0.9516666666666667,0.022766666666666668,0.04696666666666666,52.6,0.11460000000000002,0.3065,37.37,0.11319166666666668,0.15178333333333333,75.77833333333332,0.0,0.032025,0.32666666666666666,0.02755,0.12391666666666667,0.22166666666666668,0.09866666666666667,0.0,0.4000166666666667
72,76,2000-11-16,1,1,2000-01,Vancouver Grizzlies,Los Angeles Clippers,0,0.4735416666666666,0.06191666666666667,0.31775,0.093875,0.22495833333333334,0.06691666666666667,0.1580416666666667,0.12150000000000001,0.072525,1.8183333333333334,0.02064166666666667,0.06499999999999999,30.898333333333337,0.158875,0.357475,44.41499999999999,0.093875,0.13804166666666667,68.08833333333332,0.0,0.05254166666666666,0.7966666666666667,0.019966666666666667,0.11493333333333335,0.18166666666666667,0.072525,0.0,0.5328583333333333,0.45782500000000004,0.059831249999999996,0.30406249999999996,0.09393125000000001,0.21619375,0.05940625,0.15679374999999998,0.09478124999999998,0.1002125,1.02,0.019950000000000002,0.07116875,28.151250000000005,0.152025,0.30007500000000004,50.8425,0.09393125000000001,0.14595000000000002,63.64000000000001,0.0,0.027174999999999998,0.29,0.0273125,0.13056875,0.21375,0.1002125,0.0,0.47178749999999997
84,80,2000-11-16,1,1,2000-01,Houston Rockets,Charlotte Hornets,1,0.47986249999999997,0.08098749999999999,0.28081875,0.11805,0.1887625,0.05481250000000001,0.13395,0.09521875,0.083175,1.1662499999999998,0.02699375,0.076825,31.924999999999997,0.1404125,0.29964375,47.276250000000005,0.11805,0.15536250000000001,76.92625,0.0,0.04159374999999999,0.50625,0.0244875,0.10798750000000001,0.23999999999999996,0.083175,0.0,0.5003875,0.46443571428571434,0.05174285714285714,0.28219999999999995,0.1305,0.2043357142857143,0.051435714285714286,0.15290714285714288,0.09444999999999999,0.08529285714285713,1.13,0.01725,0.0506,34.371428571428574,0.14109999999999998,0.2960857142857143,48.175714285714285,0.1305,0.17497142857142856,74.80428571428571,0.0,0.039771428571428576,0.46142857142857135,0.03307142857142857,0.11727857142857143,0.2814285714285715,0.08529285714285713,0.0,0.5179714285714285
89,96,2000-11-17,1,1,2000-01,Charlotte Hornets,Detroit Pistons,0,0.46161875,0.05230625,0.28036249999999996,0.12895,0.20543125,0.0526625,0.15278125,0.09420624999999999,0.08501874999999998,1.1312499999999999,0.0174375,0.0515375,34.12,0.14018124999999998,0.2982125,47.541250000000005,0.12895,0.17333749999999998,74.59625,0.0,0.03956250000000001,0.45999999999999996,0.032612499999999996,0.11691874999999999,0.27875000000000005,0.08501874999999998,0.0,0.5119,0.46717142857142857,0.061657142857142855,0.3242642857142857,0.08125000000000002,0.22833571428571428,0.06961428571428571,0.15872142857142854,0.0980357142857143,0.09523571428571428,1.1400000000000001,0.020557142857142857,0.06827857142857142,28.17142857142857,0.16212857142857143,0.3645357142857143,44.41428571428571,0.08125000000000002,0.10490714285714287,76.32142857142857,0.0,0.0361,0.41000000000000003,0.023828571428571425,0.13807857142857144,0.1757142857142857,0.09523571428571428,0.0,0.4844214285714286
90,92,2000-11-17,1,1,2000-01,Indiana Pacers,Golden State Warriors,0,0.449125,0.075,0.29058333333333336,0.08354166666666668,0.190025,0.051408333333333334,0.138625,0.09750000000000002,0.08169166666666668,1.2433333333333332,0.024999999999999994,0.08014166666666667,30.838333333333328,0.14529166666666665,0.3016916666666667,48.13333333333333,0.08354166666666668,0.11385,72.29833333333333,0.0,0.03295833333333333,0.42333333333333334,0.020483333333333336,0.13829166666666667,0.15333333333333335,0.08169166666666668,0.0,0.4665583333333334,0.48530000000000006,0.06112142857142857,0.31877857142857147,0.10540000000000001,0.2557857142857142,0.07616428571428573,0.17962857142857144,0.1008,0.09537857142857141,1.327142857142857,0.02037857142857143,0.05159285714285715,39.604285714285716,0.1593857142857143,0.38669285714285717,41.25714285714286,0.10540000000000001,0.1558,66.35285714285715,0.0,0.043614285714285723,0.5714285714285714,0.034364285714285715,0.12097857142857142,0.2785714285714286,0.09537857142857141,0.0,0.5155571428571429
95,99,2000-11-17,1,1,2000-01,Seattle SuperSonics,Dallas Mavericks,0,0.48024285714285714,0.08460000000000001,0.3044928571428572,0.09114285714285712,0.22025714285714285,0.06072142857142857,0.15955714285714287,0.11299999999999999,0.10386428571428573,1.1528571428571428,0.0282,0.08763571428571429,32.88857142857143,0.15224285714285715,0.31095,48.75571428571429,0.09114285714285712,0.12117857142857143,74.43142857142858,0.0,0.03977142857142857,0.41571428571428576,0.02877142857142857,0.11200714285714286,0.25857142857142856,0.10386428571428573,0.0,0.5300214285714285,0.477975,0.10830625,0.2771125,0.09256249999999999,0.206625,0.06578125,0.1408375,0.09993124999999999,0.07873749999999999,1.2925,0.03610625,0.09512500000000002,35.95625,0.13855625,0.31296250000000003,44.471250000000005,0.09256249999999999,0.12080625,76.65125,0.0,0.0340125,0.44125000000000003,0.036506250000000004,0.12966875,0.285,0.07873749999999999,0.0,0.5146437500000001
89,76,2000-11-17,1,1,2000-01,Milwaukee Bucks,Cleveland Cavaliers,1,0.4671916666666667,0.07495833333333334,0.29402500000000004,0.09820833333333334,0.21824166666666667,0.067025,0.15120833333333336,0.09193333333333333,0.08290833333333332,1.205,0.024991666666666662,0.08218333333333333,30.023333333333337,0.14701666666666668,0.3209166666666667,45.718333333333334,0.09820833333333334,0.1225,81.09166666666667,0.0,0.028416666666666663,0.36166666666666664,0.02695833333333333,0.12765,0.2183333333333333,0.08290833333333332,0.0,0.4944416666666666,0.46090714285714285,0.027271428571428575,0.3343928571428572,0.09924285714285715,0.22780000000000003,0.059942857142857145,0.16785714285714284,0.10475714285714285,0.10325,1.0299999999999998,0.009085714285714286,0.0349,24.412857142857145,0.16719285714285712,0.3552571428571429,47.15,0.09924285714285715,0.14582857142857142,67.28714285714285,0.0,0.03868571428571429,0.39000000000000007,0.04031428571428571,0.1401142857142857,0.2857142857142857,0.10325,0.0,0.5087571428571428
94,73,2000-11-17,1,1,2000-01,Philadelphia 76ers,Miami Heat,1,0.4835928571428571,0.04457857142857142,0.3246428571428571,0.11437142857142857,0.21435,0.059207142857142854,0.15515000000000004,0.10814285714285714,0.08175,1.42,0.014857142857142857,0.05222142857142858,29.01714285714286,0.16232142857142856,0.3182857142857142,51.33571428571429,0.11437142857142857,0.15367142857142854,74.49285714285713,0.0,0.04777857142857143,0.63,0.030885714285714287,0.11742142857142857,0.2671428571428572,0.08175,0.0,0.5703857142857143,0.4544357142857143,0.09833571428571428,0.2620071428571429,0.09407857142857143,0.1997142857142857,0.04852857142857142,0.1512,0.09246428571428573,0.09202142857142857,1.02,0.03277857142857143,0.07641428571428573,41.77571428571429,0.13100714285714285,0.29877857142857145,44.04285714285714,0.09407857142857143,0.11873571428571428,78.10142857142857,0.0,0.04979285714285714,0.5457142857142857,0.02842857142857143,0.1324357142857143,0.21428571428571427,0.09202142857142857,0.0,0.49672857142857135
99,94,2000-11-17,1,1,2000-01,Minnesota Timberwolves,San Antonio Spurs,1,0.4946285714285715,0.06517142857142856,0.36384999999999995,0.06559285714285715,0.20262857142857144,0.0645,0.13812857142857143,0.12480714285714287,0.07264285714285713,1.73,0.021721428571428576,0.047871428571428565,43.042857142857144,0.18192857142857144,0.38560000000000005,47.142857142857146,0.06559285714285715,0.08606428571428572,76.53999999999999,0.0,0.03651428571428572,0.51,0.02332142857142857,0.12924285714285716,0.17714285714285713,0.07264285714285713,0.0,0.5589571428571428,0.48984375,0.060099999999999994,0.30408749999999996,0.12565,0.2101,0.04784375,0.16225625000000002,0.0942875,0.08681874999999999,1.1175000000000002,0.020037500000000003,0.04608125,43.075,0.15205,0.321775,47.6025,0.12565,0.15704374999999998,79.96875,0.0,0.02575625,0.31375000000000003,0.02460625,0.10086250000000001,0.25,0.08681874999999999,0.0,0.5306125
85,90,2000-11-17,1,1,2000-01,Phoenix Suns,New York Knicks,0,0.4974285714285714,0.0831857142857143,0.32305,0.09120000000000002,0.20247142857142858,0.057257142857142854,0.1452,0.12545714285714285,0.08627857142857143,1.525714285714286,0.027728571428571432,0.09200714285714286,29.599999999999998,0.16152142857142857,0.3285142857142857,49.480000000000004,0.09120000000000002,0.11567142857142858,78.38714285714286,0.0,0.05777142857142857,0.6985714285714285,0.024735714285714288,0.13277142857142857,0.19285714285714287,0.08627857142857143,0.0,0.5658357142857142,0.42691875,0.07129375,0.26716875,0.0884625,0.19475000000000003,0.04661875,0.14813750000000003,0.08801874999999999,0.08347500000000001,1.14875,0.023768749999999998,0.06731875,34.8975,0.1335875,0.2985,44.692499999999995,0.0884625,0.10704375,82.24874999999999,0.0,0.028268750000000002,0.35750000000000004,0.0246125,0.11908749999999999,0.21875,0.08347500000000001,0.0,0.45204374999999997
106,99,2000-11-17,1,1,2000-01,Boston Celtics,Atlanta Hawks,1,0.4740583333333333,0.09758333333333334,0.2501333333333333,0.12633333333333333,0.20765,0.05655833333333333,0.1511,0.09526666666666667,0.07878333333333333,1.2433333333333334,0.032525,0.07464166666666666,43.504999999999995,0.12507500000000002,0.32178333333333337,39.01,0.12633333333333333,0.16301666666666667,75.91166666666668,0.0,0.05885833333333334,0.775,0.027733333333333336,0.120525,0.23666666666666666,0.07878333333333333,0.0,0.5092916666666667,0.42246249999999996,0.07341875,0.26424375,0.0848125,0.1856375,0.06900625,0.11663124999999999,0.0903875,0.0833375,1.095,0.02446875,0.068825,35.61,0.13211875,0.3366125,39.19125,0.0848125,0.11039375000000001,77.68625,0.0,0.047393750000000005,0.5775,0.014143750000000002,0.13239375,0.10500000000000001,0.0833375,0.0,0.40226249999999997
109,89,2000-11-18,1,1,2000-01,Washington Wizards,Boston Celtics,1,0.4353777777777778,0.046794444444444444,0.2903111111111111,0.0982611111111111,0.20742222222222223,0.04546666666666666,0.16195,0.10154444444444444,0.0993888888888889,1.1611111111111112,0.015600000000000003,0.039466666666666664,40.20888888888889,0.1451555555555556,0.3277555555555556,44.591111111111104,0.0982611111111111,0.13868333333333335,71.13333333333334,0.0,0.030516666666666668,0.3622222222222222,0.024016666666666665,0.13463333333333335,0.18666666666666665,0.0993888888888889,0.0,0.4526055555555556,0.47368571428571427,0.09772142857142858,0.25195,0.124,0.20777857142857142,0.056742857142857143,0.15104285714285717,0.09492142857142857,0.07905714285714285,1.2328571428571427,0.03257142857142857,0.07530714285714286,43.199999999999996,0.12598571428571428,0.32224285714285716,39.23857142857143,0.124,0.1615642857142857,75.14857142857143,0.0,0.05759285714285715,0.7557142857142857,0.027442857142857147,0.12167142857142856,0.2314285714285714,0.07905714285714285,0.0,0.5058214285714285
83,86,2000-11-18,1,1,2000-01,Los Angeles Clippers,Seattle SuperSonics,0,0.4559833333333334,0.05963888888888888,0.3030555555555555,0.09328333333333333,0.2166833333333333,0.06002777777777778,0.15666111111111108,0.09438888888888888,0.09873333333333333,1.0311111111111113,0.01988888888888889,0.07152777777777779,27.896666666666672,0.15152222222222222,0.3020777777777778,50.38333333333333,0.09328333333333333,0.1446666666666667,63.843333333333334,0.0,0.027699999999999995,0.29888888888888887,0.027333333333333334,0.12890555555555555,0.21666666666666667,0.09873333333333333,0.0,0.4697833333333333,0.479825,0.08503750000000002,0.30330625,0.09146874999999999,0.21819374999999996,0.06063125,0.15758125,0.11278124999999999,0.10361875000000001,1.1625,0.02835,0.08706875,33.245,0.15165,0.30996875,48.74625,0.09146874999999999,0.12196874999999999,74.25875,0.0,0.040112499999999995,0.4225,0.0283,0.11151875,0.25625,0.10361875000000001,0.0,0.52806875
88,91,2000-11-18,1,1,2000-01,Vancouver Grizzlies,Dallas Mavericks,0,0.47079285714285707,0.061335714285714285,0.31521428571428567,0.09424285714285716,0.22343571428571427,0.06562142857142858,0.15781428571428574,0.11914285714285715,0.07359285714285714,1.762857142857143,0.02045,0.06377857142857142,31.271428571428572,0.15760714285714283,0.3556928571428571,44.305714285714274,0.09424285714285716,0.1371,68.9042857142857,0.0,0.051771428571428565,0.7785714285714286,0.019564285714285718,0.11555714285714287,0.17714285714285713,0.07359285714285714,0.0,0.5268357142857143,0.4743777777777778,0.1041888888888889,0.2784055555555555,0.09178888888888888,0.20443333333333336,0.06409444444444444,0.14032777777777777,0.0987611111111111,0.07811111111111109,1.2944444444444445,0.03473333333333333,0.09240000000000001,35.25444444444444,0.13920555555555555,0.31478888888888895,44.42666666666667,0.09178888888888888,0.11911666666666666,77.04444444444445,0.0,0.03370555555555556,0.44333333333333336,0.03585000000000001,0.12908333333333333,0.27999999999999997,0.07811111111111109,0.0,0.5084333333333334
109,64,2000-11-18,1,1,2000-01,Utah Jazz,Chicago Bulls,1,0.5087142857142857,0.06271428571428571,0.3317857142857143,0.11423571428571429,0.18220714285714285,0.04795714285714285,0.13425,0.13499285714285716,0.0746,1.932857142857143,0.020900000000000002,0.04596428571428572,46.121428571428574,0.16588571428571428,0.3286857142857143,50.49857142857143,0.11423571428571429,0.17325,65.12285714285714,0.0,0.03585714285714286,0.5399999999999999,0.02182142857142857,0.14762142857142857,0.15142857142857144,0.0746,0.0,0.562142857142857,0.4111928571428572,0.0668,0.23277857142857145,0.11161428571428571,0.19297857142857142,0.0521,0.14087857142857144,0.09255000000000001,0.09783571428571428,0.9557142857142856,0.02227142857142857,0.047192857142857134,51.14714285714286,0.11639285714285716,0.30965,37.53857142857142,0.11161428571428571,0.14989285714285713,75.65285714285713,0.0,0.03235,0.33428571428571424,0.027392857142857142,0.12447857142857144,0.22,0.09783571428571428,0.0,0.4021571428571429
86,80,2000-11-18,1,1,2000-01,Miami Heat,Portland Trail Blazers,1,0.45247499999999996,0.09753124999999999,0.26144375000000003,0.09349375,0.19998749999999998,0.04902499999999999,0.150975,0.09223125000000001,0.09106875,1.03,0.03250625,0.07670625,41.3325,0.13072499999999998,0.29900625000000003,43.9175,0.09349375,0.11858125,77.75875,0.0,0.049118749999999996,0.5437500000000001,0.0283125,0.13111875,0.21625,0.09106875,0.0,0.49346249999999997,0.4464388888888889,0.060761111111111106,0.31115,0.07453888888888888,0.1987,0.06386111111111109,0.13483888888888887,0.11567222222222225,0.08394444444444445,1.5355555555555556,0.020244444444444443,0.056944444444444436,35.28333333333333,0.15557777777777773,0.3447388888888889,45.33222222222222,0.07453888888888888,0.09292222222222223,80.56333333333333,0.0,0.04486666666666666,0.67,0.02921666666666667,0.12959444444444443,0.24333333333333337,0.08394444444444445,0.0,0.5067111111111111
87,86,2000-11-18,1,1,2000-01,Denver Nuggets,Los Angeles Lakers,1,0.49692499999999995,0.0924,0.29972499999999996,0.10480625,0.19016875,0.0592375,0.1309375,0.11279374999999998,0.07475000000000001,1.585,0.030793749999999998,0.0956375,33.3125,0.1498625,0.32345,46.28625,0.10480625,0.14929375,68.62375,0.0,0.041862500000000004,0.58875,0.03235625,0.12945625,0.26,0.07475000000000001,0.0,0.5164375,0.4743625,0.06261875,0.31685625,0.0949,0.20230624999999997,0.05828749999999999,0.14402500000000001,0.1148875,0.08451249999999999,1.43,0.020874999999999998,0.06268125,33.98375,0.15843125000000002,0.30810624999999997,52.063750000000006,0.0949,0.150175,62.23374999999999,0.0,0.030587500000000004,0.35124999999999995,0.036125,0.1096625,0.34750000000000003,0.08451249999999999,0.0,0.52700625
97,92,2000-11-18,1,1,2000-01,New Jersey Nets,Indiana Pacers,1,0.4502285714285715,0.04286428571428571,0.3101928571428572,0.09717142857142858,0.20938571428571429,0.05432857142857143,0.15505,0.11137142857142857,0.07254285714285715,1.5457142857142858,0.014292857142857144,0.046657142857142855,28.571428571428573,0.15509285714285714,0.36546428571428574,42.53285714285715,0.09717142857142858,0.14082857142857141,68.95142857142856,0.0,0.04864285714285715,0.6642857142857144,0.028764285714285714,0.14204999999999998,0.20285714285714282,0.07254285714285715,0.0,0.48947142857142856,0.4509857142857143,0.07561428571428572,0.28988571428571425,0.08548571428571429,0.19297857142857142,0.05212857142857143,0.14086428571428572,0.09857142857142857,0.08124285714285714,1.262857142857143,0.02520714285714285,0.08032857142857143,30.93428571428571,0.14494285714285712,0.3025714285714286,47.88857142857143,0.08548571428571429,0.11646428571428571,72.39428571428572,0.0,0.034064285714285714,0.44,0.02122857142857143,0.13639285714285715,0.16142857142857145,0.08124285714285714,0.0,0.4728642857142858
84,94,2000-11-18,1,1,2000-01,Atlanta Hawks,Minnesota Timberwolves,0,0.42455,0.07276111111111111,0.2662722222222222,0.08552777777777777,0.1868166666666667,0.06862777777777779,0.11818333333333333,0.09062222222222222,0.08484444444444444,1.0822222222222222,0.02425,0.06833333333333333,35.53111111111111,0.13313333333333333,0.3354611111111111,39.678888888888885,0.08552777777777777,0.11167222222222223,77.41222222222223,0.0,0.04747222222222222,0.5688888888888889,0.014655555555555557,0.13101666666666667,0.1111111111111111,0.08484444444444444,0.0,0.4067333333333333,0.4931125,0.06593125,0.3613375,0.06583125000000001,0.2033125,0.064875,0.13843750000000002,0.12389375,0.0730125,1.72,0.021975,0.04914999999999999,42.74625,0.180675,0.383575,47.065,0.06583125000000001,0.08679375,76.21124999999999,0.0,0.036562500000000005,0.51,0.02439375,0.12895,0.1875,0.0730125,0.0,0.5572125
111,102,2000-11-18,1,1,2000-01,Toronto Raptors,Milwaukee Bucks,1,0.48800000000000004,0.07355714285714286,0.3152,0.09924285714285715,0.22447857142857144,0.07516428571428571,0.1493142857142857,0.12617142857142857,0.08097142857142858,1.5814285714285714,0.024521428571428566,0.07441428571428572,33.505714285714284,0.15759285714285715,0.3529,44.94,0.09924285714285715,0.1321642857142857,76.29571428571428,0.0,0.03605714285714286,0.4514285714285714,0.03515,0.11650714285714284,0.31,0.08097142857142858,0.0,0.5507571428571428,0.4662642857142858,0.07649285714285714,0.2938571428571429,0.09591428571428572,0.21542857142857144,0.06602142857142858,0.1494,0.09287857142857144,0.08137142857142855,1.2442857142857144,0.025499999999999995,0.08289285714285713,30.357142857142858,0.1469357142857143,0.31925714285714285,45.93,0.09591428571428572,0.1206142857142857,80.35857142857142,0.0,0.029257142857142853,0.3814285714285714,0.02637142857142857,0.12645714285714285,0.2157142857142857,0.08137142857142855,0.0,0.4944214285714285
94,89,2000-11-18,1,1,2000-01,Houston Rockets,Phoenix Suns,1,0.4789055555555556,0.08157222222222221,0.2803111111111111,0.11701666666666667,0.1884111111111111,0.054694444444444455,0.13372222222222221,0.09526111111111112,0.08310000000000001,1.1677777777777776,0.027188888888888887,0.07724444444444445,32.18444444444444,0.14015555555555556,0.2986388888888889,47.35333333333334,0.11701666666666667,0.1532388888888889,77.30444444444444,0.0,0.04162777777777777,0.5077777777777778,0.023572222222222224,0.10814444444444445,0.22888888888888884,0.08310000000000001,0.0,0.49992777777777775,0.49611249999999996,0.08075625,0.32516875,0.0901875,0.2034125,0.0576,0.14579999999999999,0.125325,0.0869,1.5150000000000001,0.02691875,0.09058125,29.0675,0.16258124999999998,0.3289375,49.71125,0.0901875,0.11527500000000002,77.67625000000001,0.0,0.057893749999999994,0.695,0.025706250000000003,0.13195625,0.2025,0.0869,0.0,0.5664312499999999
102,110,2000-11-19,1,1,2000-01,Orlando Magic,Portland Trail Blazers,0,0.45839374999999993,0.06206875,0.29891875,0.09740625,0.21320624999999999,0.06610625,0.14710625,0.08305625,0.10173125,0.94625,0.020687500000000004,0.0750375,26.083750000000002,0.1494625,0.33713750000000003,44.46124999999999,0.09740625,0.14491875,67.27624999999999,0.0,0.0444125,0.48375,0.0342875,0.1287625,0.2725,0.10173125,0.0,0.44208749999999997,0.449545,0.060495,0.31416,0.074895,0.20051999999999998,0.06309999999999999,0.137415,0.11635500000000003,0.083925,1.543,0.02016,0.056440000000000004,35.371,0.15707999999999997,0.34445499999999996,45.819,0.074895,0.09419000000000001,79.99699999999999,0.0,0.04437999999999999,0.651,0.030420000000000003,0.127635,0.257,0.083925,0.0,0.51435
104,96,2000-11-19,1,1,2000-01,Los Angeles Lakers,Chicago Bulls,1,0.47644444444444445,0.06378333333333333,0.3183166666666667,0.09435555555555555,0.20337222222222218,0.05903333333333332,0.14434444444444447,0.114,0.08401111111111109,1.4288888888888889,0.021266666666666666,0.06377222222222222,33.946666666666665,0.15916111111111114,0.31074999999999997,51.805555555555564,0.09435555555555555,0.1487,62.43666666666666,0.0,0.030383333333333335,0.3499999999999999,0.035722222222222225,0.11074444444444444,0.3400000000000001,0.08401111111111109,0.0,0.5274777777777778,0.41174375,0.06571250000000001,0.23555625000000002,0.110475,0.19432499999999997,0.0534,0.14092500000000002,0.09254375000000001,0.09630625,0.9924999999999999,0.021912499999999998,0.04761874999999999,49.876250000000006,0.11778125,0.31234999999999996,37.64375,0.110475,0.14896875,75.35374999999999,0.0,0.03275625,0.35375,0.02740625,0.12493125000000001,0.21875,0.09630625,0.0,0.40368750000000003
88,71,2000-11-19,1,1,2000-01,New York Knicks,Golden State Warriors,1,0.4285833333333333,0.07108333333333333,0.27040000000000003,0.08710555555555556,0.19623333333333337,0.04671666666666666,0.14952222222222225,0.0879611111111111,0.08246666666666667,1.1555555555555554,0.023694444444444445,0.06768333333333333,34.55444444444444,0.13520000000000001,0.30075,44.902222222222214,0.08710555555555556,0.10542777777777777,82.18666666666665,0.0,0.028394444444444444,0.3622222222222222,0.024794444444444442,0.11773333333333331,0.2222222222222222,0.08246666666666667,0.0,0.45563888888888887,0.48432500000000006,0.06098125,0.31861875,0.104725,0.25373749999999995,0.07578125000000002,0.17795625,0.10148125,0.09548749999999998,1.33625,0.02033125,0.052175000000000006,39.04375,0.15930625,0.38601250000000004,41.32,0.104725,0.1547625,66.46875,0.0,0.044175000000000006,0.5862499999999999,0.03350625,0.12085625,0.2725,0.09548749999999998,0.0,0.51314375
96,105,2000-11-19,1,1,2000-01,Detroit Pistons,Charlotte Hornets,0,0.4665125,0.0623875,0.3217,0.08241875000000001,0.22815625,0.06927499999999999,0.15888124999999997,0.09851875,0.095675,1.1325,0.0208,0.06810625,28.59375,0.16085,0.36209375,44.402499999999996,0.08241875000000001,0.10640625000000001,76.4175,0.0,0.036587499999999995,0.41125,0.023818749999999996,0.13761875,0.1775,0.095675,0.0,0.48535625000000004,0.45761666666666667,0.05232777777777778,0.27935,0.12594444444444447,0.20615,0.05424444444444445,0.15191666666666667,0.0943611111111111,0.08452777777777776,1.1422222222222222,0.017444444444444446,0.05226666666666666,33.614444444444445,0.1396722222222222,0.30125555555555555,46.88888888888889,0.12594444444444447,0.16997777777777776,74.05222222222223,0.0,0.03926666666666667,0.4588888888888889,0.03211111111111111,0.11587222222222221,0.27666666666666667,0.08452777777777776,0.0,0.5045333333333333
85,86,2000-11-20,1,1,2000-01,Los Angeles Clippers,New Jersey Nets,0,0.453575,0.06004999999999999,0.30087499999999995,0.092645,0.21670499999999998,0.060465000000000005,0.156245,0.09382499999999999,0.096985,1.046,0.020025,0.071565,28.096000000000004,0.15043,0.30374500000000004,49.793,0.092645,0.14339000000000002,64.054,0.0,0.027869999999999995,0.305,0.027350000000000003,0.127515,0.22000000000000003,0.096985,0.0,0.46674499999999997,0.45316875,0.04500625,0.31173125,0.09643125,0.20774375,0.054174999999999994,0.15355625,0.11158749999999999,0.072925,1.5425,0.01500625,0.0474625,29.39875,0.15586250000000001,0.36415625,42.88875,0.09643125,0.13963124999999998,68.98375,0.0,0.048968750000000005,0.6637500000000001,0.02853125,0.14078125,0.20499999999999996,0.072925,0.0,0.49313125
90,114,2000-11-20,1,1,2000-01,Boston Celtics,Philadelphia 76ers,0,0.47431875,0.09863125,0.25311249999999996,0.1225625,0.20766875,0.05730625,0.1503625,0.09493125,0.0789375,1.2362499999999998,0.032875,0.07620625,43.068749999999994,0.1265625,0.3220375,39.448750000000004,0.1225625,0.16074375,74.66874999999999,0.0,0.05664375,0.74375,0.026981250000000002,0.12193124999999999,0.22624999999999998,0.0789375,0.0,0.504625,0.48213125,0.04393124999999999,0.32265625,0.11554375,0.21498125,0.05954375,0.15544375000000002,0.1068125,0.08223125,1.395,0.0146375,0.05241250000000001,28.287500000000005,0.16133124999999998,0.3188875,50.900000000000006,0.11554375,0.15524374999999999,74.535,0.0,0.0469625,0.61625,0.0303875,0.11735625,0.26375000000000004,0.08223125,0.0,0.5640124999999999
98,107,2000-11-20,1,1,2000-01,Utah Jazz,Dallas Mavericks,0,0.5048875,0.0621375,0.32828125,0.11448749999999999,0.18380625,0.04797499999999999,0.13583125,0.13343125,0.07605624999999999,1.88125,0.020712500000000002,0.04623125,45.526250000000005,0.1641375,0.3269,50.235,0.11448749999999999,0.172375,65.6625,0.0,0.03528125,0.5212499999999999,0.02253125,0.14698125,0.1575,0.07605624999999999,0.0,0.5577375,0.471815,0.10052000000000001,0.28043999999999997,0.09086,0.20361500000000002,0.06305999999999999,0.140545,0.09794499999999999,0.07773999999999999,1.2950000000000002,0.03351,0.08991000000000002,34.693,0.140225,0.31706,44.42,0.09086,0.11757999999999999,77.19000000000001,0.0,0.033585,0.445,0.035455,0.128365,0.2779999999999999,0.07773999999999999,0.0,0.5047150000000001
92,95,2000-11-20,1,1,2000-01,Vancouver Grizzlies,Denver Nuggets,0,0.46725624999999993,0.06046875,0.31253125,0.09426250000000001,0.22230624999999998,0.0647625,0.15753750000000002,0.11721875000000001,0.07408125,1.72375,0.02015625,0.06268125,31.375,0.15626874999999998,0.35380625,44.17249999999999,0.09426250000000001,0.135975,69.55375,0.0,0.05099999999999999,0.76375,0.019231250000000002,0.1160375,0.1725,0.07408125,0.0,0.5211375,0.4960888888888888,0.09151111111111111,0.29947777777777773,0.10510555555555556,0.19223333333333334,0.05987777777777777,0.13236111111111112,0.11373333333333331,0.0749888888888889,1.6022222222222222,0.030494444444444442,0.09396666666666667,33.528888888888886,0.1497388888888889,0.32424444444444445,46.12222222222223,0.10510555555555556,0.14895555555555556,69.07333333333332,0.0,0.04075555555555556,0.5755555555555555,0.032650000000000005,0.12889444444444445,0.2644444444444444,0.0749888888888889,0.0,0.5186388888888889
64,100,2000-11-20,1,1,2000-01,Toronto Raptors,Charlotte Hornets,0,0.48832500000000006,0.073975,0.3154875,0.09886875,0.2247,0.07358125,0.15111875,0.12649375000000002,0.08030000000000001,1.60625,0.024656249999999998,0.07401875000000001,33.90625,0.1577375,0.3512875,45.1975,0.09886875,0.13119375,76.41624999999999,0.0,0.0355375,0.44875,0.03489375,0.11553749999999999,0.31,0.08030000000000001,0.0,0.5544125,0.45516500000000004,0.053095,0.27891499999999997,0.12316000000000002,0.207035,0.055380000000000006,0.151665,0.09461499999999999,0.08407499999999998,1.153,0.0177,0.0531,33.596,0.13945499999999997,0.30407,46.376000000000005,0.12316000000000002,0.16679,73.603,0.0,0.03903,0.458,0.031525,0.11522499999999998,0.274,0.08407499999999998,0.0,0.49964
110,116,2000-11-21,1,1,2000-01,Dallas Mavericks,Seattle SuperSonics,0,0.4688681818181818,0.09683636363636365,0.2823318181818182,0.08969999999999999,0.2033409090909091,0.062045454545454536,0.1412909090909091,0.09699545454545454,0.07737727272727271,1.2927272727272727,0.03228181818181818,0.0875318181818182,34.16272727272727,0.14116818181818183,0.3190909090909091,44.42818181818182,0.08969999999999999,0.11609545454545454,77.14727272727274,0.0,0.03371363636363636,0.45,0.035240909090909094,0.12714999999999999,0.27818181818181814,0.07737727272727271,0.0,0.5012181818181819,0.47831666666666667,0.08600555555555557,0.30043888888888887,0.0918611111111111,0.21658888888888883,0.06118333333333333,0.15541666666666668,0.11219444444444443,0.1028,1.1733333333333333,0.028672222222222224,0.08760555555555555,33.371111111111105,0.15021666666666667,0.3089277777777778,48.48222222222223,0.0918611111111111,0.12265,74.19111111111111,0.0,0.04058888888888888,0.43333333333333335,0.027866666666666665,0.11072777777777779,0.2544444444444445,0.1028,0.0,0.5243277777777777
89,101,2000-11-21,1,1,2000-01,Indiana Pacers,Houston Rockets,0,0.4521875,0.076475,0.289275,0.0864375,0.19541874999999997,0.0531125,0.14231875,0.09953125,0.0807,1.28375,0.025493749999999996,0.080525,31.158749999999994,0.1446375,0.3042,47.571250000000006,0.0864375,0.11753125,72.68125,0.0,0.03504375,0.45625,0.021937500000000002,0.1345,0.17,0.0807,0.0,0.47774375,0.47620500000000004,0.08016499999999999,0.28078000000000003,0.115255,0.188195,0.05447500000000001,0.133725,0.09517500000000001,0.08279,1.1729999999999998,0.02672,0.076645,32.046,0.14039000000000001,0.29871499999999995,47.40400000000001,0.115255,0.15041500000000002,77.623,0.0,0.04177499999999999,0.5130000000000001,0.02284,0.10714000000000001,0.22399999999999998,0.08279,0.0,0.49799499999999997
117,98,2000-11-21,1,1,2000-01,Cleveland Cavaliers,Detroit Pistons,1,0.461575,0.02785,0.33556250000000004,0.0981625,0.22581250000000003,0.05995,0.16586249999999997,0.1053375,0.10300000000000001,1.0399999999999998,0.009275,0.035381249999999996,24.716250000000002,0.16778124999999997,0.35428750000000003,47.445,0.0981625,0.143925,67.40875,0.0,0.039400000000000004,0.39875000000000005,0.0394125,0.14002499999999998,0.28,0.10300000000000001,0.0,0.5101625,0.4669,0.06253888888888888,0.3201222222222222,0.08423333333333334,0.22787222222222223,0.0686611111111111,0.15921666666666665,0.09910000000000001,0.09559999999999999,1.1333333333333335,0.020849999999999997,0.06748333333333333,28.95555555555556,0.1600611111111111,0.3595722222222222,44.53444444444444,0.08423333333333334,0.10881666666666667,76.49888888888889,0.0,0.03703333333333333,0.41333333333333333,0.023949999999999996,0.1367722222222222,0.18,0.09559999999999999,0.0,0.4885111111111111
94,104,2000-11-21,1,1,2000-01,Washington Wizards,Portland Trail Blazers,0,0.4354,0.046615,0.29015499999999994,0.09862499999999999,0.20724,0.046294999999999996,0.160945,0.10064,0.09782500000000001,1.1720000000000002,0.015540000000000003,0.03976999999999999,39.402,0.14508000000000004,0.32879,44.42199999999999,0.09862499999999999,0.13987500000000003,70.91900000000001,0.0,0.030905,0.37299999999999994,0.02499,0.13411,0.194,0.09782500000000001,0.0,0.45215500000000003,0.45112272727272723,0.06045,0.3153727272727273,0.07530454545454546,0.20138181818181816,0.061627272727272725,0.13975,0.11611818181818184,0.08368181818181819,1.5436363636363637,0.020145454545454546,0.05630909090909091,35.43363636363637,0.15768636363636362,0.3426863636363636,46.25909090909091,0.07530454545454546,0.09534545454545454,79.56090909090909,0.0,0.04369999999999999,0.6336363636363637,0.03123636363636364,0.12563181818181815,0.26727272727272733,0.08368181818181819,0.0,0.5186727272727272
89,77,2000-11-21,1,1,2000-01,Golden State Warriors,Chicago Bulls,1,0.48328888888888893,0.06025,0.3191888888888889,0.10385555555555555,0.2515166666666666,0.07555555555555557,0.17596111111111112,0.10215,0.09515555555555553,1.3499999999999999,0.02008333333333333,0.05255555555555556,38.11222222222223,0.15959444444444446,0.3855555555555556,41.45777777777778,0.10385555555555555,0.15305555555555556,66.81222222222222,0.0,0.04426666666666667,0.5966666666666666,0.03311666666666667,0.12062222222222221,0.27111111111111114,0.09515555555555553,0.0,0.5115444444444445,0.41099444444444444,0.06382777777777777,0.2378555555555556,0.10931111111111111,0.19551111111111108,0.05482777777777778,0.14068333333333335,0.09226111111111111,0.09442777777777778,1.028888888888889,0.021283333333333335,0.047949999999999986,48.018888888888895,0.11892777777777777,0.31542222222222216,37.653333333333336,0.10931111111111111,0.14790555555555557,75.11999999999999,0.0,0.03328333333333333,0.3788888888888889,0.02762777777777778,0.12556111111111112,0.22,0.09442777777777778,0.0,0.4034888888888889
84,85,2000-11-21,1,1,2000-01,Orlando Magic,New York Knicks,0,0.4594055555555555,0.06288333333333333,0.29987222222222226,0.09665,0.2127111111111111,0.06667777777777778,0.14603888888888888,0.08521666666666666,0.10091666666666667,0.9722222222222222,0.02095555555555556,0.0751,26.554444444444446,0.1499388888888889,0.33863333333333334,44.395555555555546,0.09665,0.1429166666666667,67.87888888888888,0.0,0.045377777777777774,0.49444444444444446,0.03387777777777778,0.1291111111111111,0.2688888888888889,0.10091666666666667,0.0,0.44657777777777774,0.42966499999999996,0.06978500000000001,0.27348500000000003,0.086395,0.19723500000000002,0.047045,0.15019500000000002,0.087605,0.08172,1.1549999999999998,0.023265,0.067975,33.704,0.13674000000000003,0.30323500000000003,45.044,0.086395,0.10476,82.01299999999999,0.0,0.029245,0.37700000000000006,0.024625,0.11721,0.22200000000000003,0.08172,0.0,0.45707499999999995
101,100,2000-11-22,1,1,2000-01,Minnesota Timberwolves,Vancouver Grizzlies,1,0.49144444444444446,0.06589444444444444,0.3592444444444445,0.06629444444444446,0.2036388888888889,0.06461111111111112,0.1390277777777778,0.12325000000000001,0.07357777777777777,1.7077777777777776,0.02196666666666667,0.0500111111111111,42.221111111111114,0.17962777777777778,0.3814444444444444,47.062222222222225,0.06629444444444446,0.08798333333333334,75.74,0.0,0.036944444444444446,0.5122222222222222,0.025505555555555552,0.12906666666666666,0.19666666666666666,0.07357777777777777,0.0,0.5556444444444444,0.4640888888888888,0.05979444444444445,0.3100277777777778,0.0942777777777778,0.22038333333333332,0.06374444444444444,0.15663333333333335,0.11572222222222223,0.07473888888888888,1.6833333333333331,0.01992777777777778,0.06161666666666667,31.564444444444444,0.15501666666666666,0.3517166666666667,44.09222222222221,0.0942777777777778,0.13454444444444447,70.34333333333332,0.0,0.050399999999999986,0.7477777777777779,0.01876111111111111,0.11626666666666667,0.16777777777777775,0.07473888888888888,0.0,0.5159444444444445
112,85,2000-11-22,1,1,2000-01,San Antonio Spurs,Seattle SuperSonics,1,0.48715,0.05987777777777777,0.3039111111111111,0.12335555555555557,0.21133888888888888,0.04870555555555555,0.1626277777777778,0.09498888888888889,0.08599444444444443,1.1411111111111112,0.01996666666666667,0.04630555555555555,42.760000000000005,0.1519611111111111,0.32386666666666664,47.26444444444444,0.12335555555555557,0.15508333333333332,79.41222222222223,0.0,0.026505555555555557,0.33,0.025066666666666668,0.1,0.2577777777777778,0.08599444444444443,0.0,0.5290888888888889,0.47686,0.08696500000000001,0.298145,0.09173499999999998,0.21617999999999996,0.062064999999999995,0.154125,0.11122499999999999,0.101895,1.179,0.028995,0.08796999999999999,33.565,0.14906999999999998,0.30928500000000003,48.121,0.09173499999999998,0.12301,73.94300000000001,0.0,0.040905,0.44399999999999995,0.027389999999999998,0.11046500000000001,0.251,0.101895,0.0,0.520205
96,81,2000-11-22,1,1,2000-01,Boston Celtics,Houston Rockets,1,0.47383888888888887,0.10017222222222223,0.25332222222222217,0.12033333333333333,0.2074388888888889,0.057949999999999995,0.1494888888888889,0.09459444444444444,0.07905555555555555,1.2299999999999998,0.033388888888888885,0.07787777777777778,42.84444444444444,0.12666666666666665,0.3212555555555555,39.576666666666675,0.12033333333333333,0.15899444444444444,74.13666666666666,0.0,0.055349999999999996,0.7255555555555556,0.026344444444444445,0.12192777777777776,0.21999999999999997,0.07905555555555555,0.0,0.5007777777777778,0.47513181818181827,0.07867272727272726,0.2820727272727273,0.11437727272727272,0.18818636363636365,0.054409090909090914,0.13378636363636365,0.09498636363636365,0.08287727272727273,1.1718181818181816,0.026222727272727273,0.07586818181818183,31.88272727272727,0.14103636363636365,0.29877727272727267,47.5809090909091,0.11437727272727272,0.1486727272727273,78.00454545454545,0.0,0.041727272727272724,0.5127272727272728,0.0223,0.10666363636363639,0.22,0.08287727272727273,0.0,0.49777727272727273
116,78,2000-11-22,1,1,2000-01,Utah Jazz,Denver Nuggets,1,0.5020555555555556,0.06168888888888889,0.3255555555555556,0.11482222222222221,0.18637222222222224,0.04798888888888888,0.13837777777777777,0.13221666666666668,0.07767222222222221,1.8266666666666669,0.020566666666666667,0.046372222222222224,45.141111111111115,0.16277777777777777,0.32453333333333334,50.19111111111111,0.11482222222222221,0.1714888888888889,66.25777777777778,0.0,0.03441666666666667,0.49777777777777765,0.023705555555555553,0.1462055555555556,0.16777777777777778,0.07767222222222221,0.0,0.5568777777777778,0.4945399999999999,0.09042,0.29965499999999995,0.10447000000000002,0.1947,0.06089,0.13381500000000002,0.11435999999999998,0.0753,1.612,0.030134999999999995,0.09282,33.465999999999994,0.149825,0.324695,46.076,0.10447000000000002,0.14787,69.247,0.0,0.03968000000000001,0.563,0.03282500000000001,0.128445,0.26799999999999996,0.0753,0.0,0.5198349999999999
100,71,2000-11-22,1,1,2000-01,Sacramento Kings,Chicago Bulls,1,0.49478333333333324,0.07894444444444444,0.3091277777777778,0.10670555555555555,0.20540555555555556,0.05795000000000001,0.14747222222222225,0.11985555555555555,0.08503333333333335,1.481111111111111,0.026316666666666665,0.07070000000000001,36.59777777777778,0.15455555555555556,0.3402555555555556,46.22222222222222,0.10670555555555555,0.13605,77.56111111111112,0.0,0.051338888888888885,0.6133333333333333,0.0255,0.1082111111111111,0.23444444444444443,0.08503333333333335,0.0,0.5524388888888888,0.41127,0.06232,0.24132000000000003,0.10763,0.19651999999999997,0.056405000000000004,0.14011500000000002,0.091975,0.092485,1.064,0.02078,0.04821499999999999,46.533,0.12065999999999999,0.3190049999999999,37.745,0.10763,0.14574,75.07499999999999,0.0,0.033644999999999994,0.4,0.027674999999999998,0.125695,0.22000000000000003,0.092485,0.0,0.40470000000000006
111,91,2000-11-22,1,1,2000-01,Los Angeles Lakers,Golden State Warriors,1,0.47774,0.06509499999999999,0.31911,0.09354499999999999,0.20434499999999994,0.059689999999999986,0.14466,0.11366000000000001,0.08317,1.46,0.0217,0.06502,33.957,0.15955500000000003,0.31298499999999996,51.52700000000001,0.09354499999999999,0.146455,62.928999999999995,0.0,0.030405000000000005,0.36099999999999993,0.035210000000000005,0.11111,0.3330000000000001,0.08317,0.0,0.52854,0.48083500000000007,0.059475,0.31864499999999996,0.10271999999999999,0.24911499999999998,0.07519,0.173925,0.10243500000000001,0.09469999999999998,1.361,0.019825,0.05299,37.218,0.159325,0.384375,41.519999999999996,0.10271999999999999,0.151125,66.98599999999999,0.0,0.044215000000000004,0.6039999999999999,0.032115000000000005,0.11949999999999998,0.26600000000000007,0.09469999999999998,0.0,0.50739
84,93,2000-11-22,1,1,2000-01,Milwaukee Bucks,Portland Trail Blazers,0,0.4653250000000001,0.07771249999999999,0.2936875,0.093925,0.213425,0.06503125,0.14838125000000002,0.09400625,0.07995,1.2862500000000001,0.025906249999999995,0.08378124999999999,30.52875,0.14685,0.3181,46.07125,0.093925,0.1187375,79.89125,0.0,0.03013125,0.40249999999999997,0.025887499999999997,0.12518125,0.21374999999999997,0.07995,0.0,0.49488124999999994,0.4542583333333334,0.06087916666666666,0.31659166666666666,0.0767875,0.20189166666666666,0.06060833333333333,0.14127916666666665,0.11612916666666669,0.08363333333333334,1.5433333333333332,0.020291666666666666,0.05640833333333334,35.61333333333334,0.15829583333333333,0.3410041666666666,46.67916666666667,0.0767875,0.09765833333333333,79.285,0.0,0.04355,0.6241666666666666,0.031966666666666664,0.12427916666666665,0.275,0.08363333333333334,0.0,0.5244583333333332
88,73,2000-11-22,1,1,2000-01,Charlotte Hornets,Philadelphia 76ers,1,0.4544136363636364,0.05406363636363636,0.2787863636363636,0.12156363636363637,0.20809999999999998,0.056654545454545464,0.1514590909090909,0.09493181818181817,0.08342272727272725,1.1663636363636363,0.018022727272727274,0.0538409090909091,33.74454545454545,0.13939090909090907,0.3068272727272727,45.92818181818182,0.12156363636363637,0.16537727272727273,73.11727272727272,0.0,0.03900454545454546,0.46090909090909093,0.030649999999999997,0.11469545454545452,0.2690909090909091,0.08342272727272725,0.0,0.49660454545454535,0.4805055555555556,0.04342777777777777,0.32111111111111107,0.11597222222222221,0.21532777777777778,0.05973333333333333,0.15560555555555558,0.1055,0.08281666666666668,1.3677777777777778,0.014466666666666664,0.05248888888888889,27.794444444444448,0.16056111111111107,0.3199111111111111,50.45888888888889,0.11597222222222221,0.1555611111111111,74.77444444444444,0.0,0.046188888888888883,0.6022222222222222,0.03006666666666667,0.11695555555555555,0.26222222222222225,0.08281666666666668,0.0,0.5577999999999999
78,74,2000-11-22,1,1,2000-01,Atlanta Hawks,New York Knicks,1,0.428095,0.072985,0.26876999999999995,0.08635,0.18732500000000002,0.06789,0.119425,0.09068499999999999,0.08604999999999999,1.0699999999999998,0.024325,0.06806,35.723,0.13438,0.334105,40.279999999999994,0.08635,0.113005,77.172,0.0,0.047665,0.5640000000000001,0.015250000000000003,0.13010499999999997,0.11699999999999999,0.08604999999999999,0.0,0.41286999999999996,0.4310045454545454,0.06906818181818182,0.27635000000000004,0.08558636363636364,0.19805454545454548,0.047368181818181816,0.15068636363636367,0.0877090909090909,0.08110909090909091,1.1618181818181819,0.02302272727272727,0.0681590909090909,33.17818181818182,0.1381727272727273,0.3052681818181818,45.21727272727272,0.08558636363636364,0.10398636363636364,81.83363636363634,0.0,0.03010909090909091,0.39181818181818184,0.02443181818181818,0.1166090909090909,0.22181818181818186,0.08110909090909091,0.0,0.45955909090909086
97,85,2000-11-22,1,1,2000-01,Phoenix Suns,New Jersey Nets,1,0.4944611111111111,0.07886666666666667,0.32584444444444444,0.08975,0.2044222222222222,0.0578,0.1466111111111111,0.12487222222222222,0.08828888888888889,1.4944444444444445,0.02628888888888889,0.08947222222222223,28.653333333333332,0.16291666666666665,0.3276,49.989999999999995,0.08975,0.11580000000000003,76.92333333333335,0.0,0.05750555555555555,0.6844444444444444,0.02652777777777778,0.1314611111111111,0.21000000000000002,0.08828888888888889,0.0,0.5655777777777777,0.4564944444444445,0.04688333333333333,0.31320555555555557,0.0964111111111111,0.20604999999999998,0.054333333333333324,0.15170555555555557,0.11168888888888888,0.07301666666666667,1.5433333333333334,0.01562777777777778,0.04816111111111111,30.13111111111111,0.15660000000000002,0.3627222222222222,43.25111111111111,0.0964111111111111,0.13918333333333333,69.15333333333334,0.0,0.04936111111111111,0.6677777777777778,0.028277777777777777,0.13923888888888888,0.20777777777777773,0.07301666666666667,0.0,0.49743888888888893
67,86,2000-11-22,1,1,2000-01,Miami Heat,Cleveland Cavaliers,0,0.4487277777777778,0.09607222222222221,0.26031111111111116,0.0923388888888889,0.2002,0.049827777777777776,0.15037777777777778,0.0916388888888889,0.08983888888888888,1.0388888888888888,0.032016666666666665,0.07665555555555556,40.76111111111111,0.13015555555555552,0.2995333333333334,43.656666666666666,0.0923388888888889,0.11776666666666667,77.32555555555557,0.0,0.04838333333333333,0.5433333333333334,0.028083333333333335,0.1291888888888889,0.21777777777777776,0.08983888888888888,0.0,0.4877333333333333,0.46140000000000003,0.028505555555555555,0.33605555555555555,0.09683888888888889,0.22384444444444446,0.059744444444444454,0.16409999999999997,0.10606666666666667,0.10294444444444445,1.0488888888888885,0.009494444444444444,0.035755555555555554,25.150000000000002,0.16802777777777775,0.3531166666666667,47.66444444444445,0.09683888888888889,0.14147777777777776,67.63777777777779,0.0,0.04008888888888889,0.4066666666666667,0.038366666666666674,0.13967777777777776,0.2733333333333334,0.10294444444444445,0.0,0.5108388888888888
91,111,2000-11-23,1,1,2000-01,Indiana Pacers,Toronto Raptors,0,0.4536111111111112,0.07797777777777777,0.28810555555555556,0.08752777777777777,0.19828888888888885,0.054433333333333334,0.14386666666666667,0.10020555555555556,0.0806222222222222,1.2955555555555556,0.02599444444444444,0.08081111111111111,31.591111111111104,0.14405555555555555,0.3052611111111111,47.24444444444445,0.08752777777777777,0.11891666666666668,72.86888888888889,0.0,0.03587222222222222,0.4677777777777778,0.022622222222222224,0.13261111111111112,0.17777777777777778,0.0806222222222222,0.0,0.4825777777777778,0.48968888888888895,0.07450555555555555,0.3151555555555555,0.10003888888888889,0.22473333333333334,0.07186111111111111,0.15287222222222221,0.1266722222222222,0.07943333333333334,1.6366666666666667,0.024833333333333332,0.07363888888888889,34.33111111111111,0.15757222222222222,0.3489222222222222,45.45111111111111,0.10003888888888889,0.13168333333333332,76.77666666666666,0.0,0.03513333333333333,0.44999999999999996,0.03462777777777778,0.1147833333333333,0.31,0.07943333333333334,0.0,0.5596166666666667
98,81,2000-11-24,1,1,2000-01,Seattle SuperSonics,Los Angeles Clippers,1,0.4766363636363637,0.0872409090909091,0.29695,0.09243181818181817,0.21601818181818178,0.0629,0.1531227272727273,0.10975,0.10058636363636363,1.1836363636363638,0.029086363636363632,0.08764545454545454,33.74181818181818,0.14847272727272728,0.31025909090909093,47.82454545454546,0.09243181818181817,0.12392727272727272,74.0018181818182,0.0,0.04087727272727273,0.4518181818181818,0.026890909090909087,0.11014090909090911,0.24727272727272728,0.10058636363636363,0.0,0.5177409090909091,0.4519409090909091,0.060045454545454534,0.29931818181818176,0.09257727272727273,0.21717727272727272,0.060931818181818184,0.15624545454545455,0.09290909090909091,0.09606818181818183,1.0518181818181818,0.020022727272727272,0.07136818181818182,28.19363636363637,0.14965454545454546,0.3052772727272728,49.32272727272727,0.09257727272727273,0.1425727272727273,64.45454545454547,0.0,0.027949999999999996,0.30818181818181817,0.02741818181818182,0.12694545454545456,0.22181818181818186,0.09606818181818183,0.0,0.4643681818181818
90,106,2000-11-24,1,1,2000-01,Milwaukee Bucks,Charlotte Hornets,0,0.46522222222222237,0.07907777777777776,0.2946666666666667,0.09147777777777777,0.21103333333333332,0.06405555555555556,0.14696111111111113,0.09495,0.07822222222222222,1.328888888888889,0.026361111111111106,0.08412777777777776,31.015555555555554,0.14733888888888888,0.31817222222222225,46.217777777777776,0.09147777777777777,0.11637777777777776,79.26,0.0,0.030672222222222226,0.42,0.025577777777777776,0.12502222222222223,0.21111111111111108,0.07822222222222222,0.0,0.49572777777777766,0.45388750000000005,0.05471666666666666,0.2795125,0.1196625,0.2089875,0.05740000000000001,0.15159583333333335,0.09545833333333333,0.08287916666666664,1.1816666666666666,0.0182375,0.05472083333333334,33.62833333333334,0.13975416666666665,0.30912500000000004,45.68000000000001,0.1196625,0.16315833333333332,72.865,0.0,0.039245833333333334,0.46666666666666673,0.029812499999999995,0.1140458333333333,0.2641666666666667,0.08287916666666664,0.0,0.4951708333333333
99,87,2000-11-24,1,1,2000-01,Indiana Pacers,Washington Wizards,1,0.45481000000000005,0.07937,0.287545,0.0879,0.20051999999999998,0.05549,0.14504,0.10106,0.08018499999999999,1.314,0.026454999999999996,0.08085500000000001,32.12299999999999,0.143775,0.306485,46.983000000000004,0.0879,0.11933500000000001,72.965,0.0,0.036344999999999995,0.476,0.0233,0.13054000000000002,0.186,0.08018499999999999,0.0,0.4873200000000001,0.43729545454545454,0.04697727272727272,0.2910499999999999,0.09925909090909091,0.20686363636363636,0.04674545454545454,0.16012272727272728,0.10024090909090909,0.09660454545454546,1.1836363636363638,0.015663636363636366,0.04007272727272727,39.03181818181818,0.14552727272727276,0.3295818181818182,44.44636363636363,0.09925909090909091,0.14107727272727275,70.89454545454545,0.0,0.03173181818181818,0.38909090909090904,0.0259,0.13373636363636365,0.2009090909090909,0.09660454545454546,0.0,0.45514090909090915
118,96,2000-11-24,1,1,2000-01,Detroit Pistons,Vancouver Grizzlies,1,0.4673999999999999,0.062845,0.31898499999999996,0.08556000000000001,0.22789500000000001,0.06848499999999999,0.15941999999999998,0.099815,0.09534999999999999,1.1380000000000001,0.020954999999999998,0.067295,29.226000000000006,0.159495,0.35774,44.63099999999999,0.08556000000000001,0.110935,76.389,0.0,0.03738999999999999,0.41600000000000004,0.024054999999999997,0.13653500000000002,0.181,0.09534999999999999,0.0,0.49122000000000005,0.4611199999999999,0.058875,0.30815000000000003,0.09410000000000002,0.219405,0.062745,0.15666000000000002,0.11446,0.075325,1.6489999999999998,0.019625,0.060895,31.483999999999998,0.154075,0.349735,44.08399999999999,0.09410000000000002,0.13340000000000002,70.82499999999999,0.0,0.04960999999999999,0.7300000000000001,0.018445,0.116515,0.16399999999999998,0.075325,0.0,0.5114750000000001
102,92,2000-11-24,1,1,2000-01,Denver Nuggets,San Antonio Spurs,1,0.4930454545454545,0.08952727272727273,0.3002545454545454,0.10326818181818184,0.19705454545454548,0.06154545454545455,0.1355136363636364,0.11487272727272725,0.07521818181818184,1.6254545454545457,0.029840909090909085,0.09176818181818182,33.459090909090904,0.15012272727272727,0.32489545454545454,46.13545454545454,0.10326818181818184,0.14681363636363634,69.03181818181818,0.0,0.038459090909090915,0.5509090909090909,0.03313636363636364,0.12767727272727275,0.2727272727272727,0.07521818181818184,0.0,0.5210999999999999,0.48443500000000006,0.059699999999999996,0.30427,0.12046000000000001,0.212265,0.049394999999999994,0.162865,0.09598999999999999,0.08545499999999999,1.163,0.019910000000000004,0.046424999999999994,42.563,0.15214,0.32604,46.997,0.12046000000000001,0.15301499999999998,78.411,0.0,0.027295000000000003,0.34500000000000003,0.025500000000000002,0.09931,0.26399999999999996,0.08545499999999999,0.0,0.527055
80,74,2000-11-24,1,1,2000-01,Phoenix Suns,Golden State Warriors,1,0.49195500000000003,0.07622999999999999,0.32576,0.08996499999999999,0.20547999999999997,0.05808,0.14739,0.123945,0.0894,1.472,0.02541,0.0879,28.107999999999997,0.162875,0.32677999999999996,50.080999999999996,0.08996499999999999,0.11666000000000003,76.46700000000001,0.0,0.056755,0.6709999999999999,0.027250000000000003,0.13100499999999998,0.217,0.0894,0.0,0.5628949999999999,0.4779181818181819,0.05781818181818182,0.3179727272727273,0.10213181818181817,0.24754999999999996,0.07471818181818182,0.17283181818181817,0.10255454545454547,0.09478181818181816,1.3499999999999999,0.01927272727272727,0.052718181818181824,36.21636363636364,0.15898636363636365,0.38278636363636365,41.60636363636363,0.10213181818181817,0.14977272727272728,67.29545454545453,0.0,0.04394545454545455,0.599090909090909,0.03135454545454546,0.11818181818181817,0.2645454545454546,0.09478181818181816,0.0,0.5036499999999999
103,98,2000-11-24,1,1,2000-01,Boston Celtics,Orlando Magic,1,0.47326499999999994,0.100845,0.25373999999999997,0.118675,0.20782000000000003,0.05878,0.14904,0.09432499999999999,0.079775,1.22,0.03361,0.07984000000000001,42.248999999999995,0.126875,0.31994,39.819,0.118675,0.15790500000000002,73.65199999999999,0.0,0.053815,0.7030000000000001,0.02596,0.12198499999999998,0.21599999999999997,0.079775,0.0,0.49688999999999994,0.46159,0.06409499999999999,0.30126,0.096235,0.21212999999999999,0.06751,0.14462499999999998,0.087005,0.100325,0.993,0.021360000000000004,0.07496499999999999,27.248,0.15063500000000002,0.33983,44.43399999999999,0.096235,0.14125000000000001,68.515,0.0,0.045965,0.501,0.0333,0.12913999999999998,0.264,0.100325,0.0,0.45185999999999993
97,85,2000-11-24,1,1,2000-01,Utah Jazz,New Jersey Nets,1,0.49985,0.06152,0.323625,0.11471499999999998,0.188735,0.04849999999999999,0.14023,0.131245,0.078655,1.791,0.02051,0.046794999999999996,44.72500000000001,0.16180999999999998,0.32377,50.037,0.11471499999999998,0.17028000000000001,66.72099999999999,0.0,0.033915,0.4839999999999999,0.024644999999999997,0.14502500000000002,0.177,0.078655,0.0,0.55594,0.45878500000000005,0.049505,0.31376000000000004,0.09552,0.204195,0.054339999999999986,0.149845,0.11170999999999998,0.072905,1.548,0.016505,0.049155,31.199,0.15688000000000002,0.36113999999999996,43.504,0.09552,0.137955,69.039,0.0,0.049235,0.6660000000000001,0.02851,0.137505,0.21499999999999994,0.072905,0.0,0.5001950000000001
115,108,2000-11-24,1,1,2000-01,Los Angeles Lakers,Minnesota Timberwolves,1,0.47913636363636364,0.06684999999999999,0.31964545454545457,0.09265454545454545,0.20485909090909085,0.06017272727272727,0.1446909090909091,0.11355454545454546,0.08208636363636362,1.4963636363636363,0.02228181818181818,0.06609999999999999,34.31727272727273,0.1598227272727273,0.31481363636363635,51.281818181818196,0.09265454545454545,0.1443909090909091,63.26636363636363,0.0,0.029913636363636368,0.3654545454545454,0.03450909090909091,0.11106363636363636,0.3254545454545455,0.08208636363636362,0.0,0.5293545454545454,0.49030000000000007,0.06643,0.35582,0.06804000000000002,0.203835,0.06384000000000001,0.14,0.122175,0.07421999999999998,1.688,0.022145,0.05106999999999999,41.989,0.177915,0.37779999999999997,47.073,0.06804000000000002,0.09012500000000001,75.70599999999999,0.0,0.037309999999999996,0.514,0.026144999999999995,0.12922,0.202,0.07421999999999998,0.0,0.55464
85,80,2000-11-24,1,1,2000-01,Cleveland Cavaliers,Miami Heat,1,0.46220000000000006,0.030715,0.33645,0.09503,0.22196000000000002,0.05933000000000001,0.16262999999999997,0.107335,0.10259,1.0669999999999997,0.010235,0.036555,26.435000000000002,0.16822499999999996,0.351495,47.934000000000005,0.09503,0.13863999999999999,67.70700000000001,0.0,0.04052,0.413,0.03765500000000001,0.13889999999999997,0.27,0.10259,0.0,0.51388,0.446165,0.094525,0.26078000000000007,0.090855,0.20042999999999997,0.050344999999999994,0.15009,0.091535,0.08823,1.063,0.031505,0.07655,40.099000000000004,0.13038999999999998,0.30058,43.576,0.090855,0.11655,76.88700000000001,0.0,0.04792,0.553,0.027775000000000005,0.12746,0.21800000000000003,0.08823,0.0,0.48464999999999997
67,76,2000-11-24,1,1,2000-01,Atlanta Hawks,Philadelphia 76ers,0,0.42985909090909086,0.07265909090909091,0.27013181818181814,0.08708181818181818,0.18711363636363637,0.06643636363636364,0.12066818181818183,0.08999545454545453,0.08691818181818181,1.0536363636363637,0.02421363636363636,0.06772727272727273,35.697272727272725,0.13506363636363636,0.3321954545454545,40.779999999999994,0.08708181818181818,0.11398181818181818,77.07545454545455,0.0,0.047368181818181816,0.5554545454545455,0.01590909090909091,0.1294681818181818,0.12363636363636363,0.08691818181818181,0.0,0.41579090909090904,0.47983000000000003,0.04358499999999999,0.31975,0.1165,0.21566999999999997,0.059634999999999994,0.15604500000000002,0.10501,0.08322500000000001,1.356,0.01452,0.052680000000000005,27.636000000000003,0.15987999999999997,0.32073,50.089000000000006,0.1165,0.15600499999999998,75.00399999999999,0.0,0.04581999999999999,0.596,0.0295,0.1167,0.25800000000000006,0.08322500000000001,0.0,0.5540799999999999
114,92,2000-11-25,1,1,2000-01,Orlando Magic,Atlanta Hawks,1,0.46207272727272725,0.06525909090909089,0.30160000000000003,0.09521363636363636,0.21188181818181817,0.0681909090909091,0.14369545454545454,0.08858636363636364,0.09966818181818181,1.0127272727272727,0.02174545454545455,0.07468636363636362,28.00727272727273,0.15080454545454547,0.34120909090909096,44.27727272727272,0.09521363636363636,0.13920454545454544,68.93272727272728,0.0,0.04650454545454545,0.5072727272727273,0.03265909090909091,0.12893636363636363,0.2590909090909091,0.09966818181818181,0.0,0.45469999999999994,0.4308624999999999,0.07254166666666667,0.2706416666666666,0.08769166666666667,0.18683333333333332,0.06537916666666667,0.12144583333333332,0.08932083333333334,0.0874875,1.04,0.024175,0.06775833333333332,35.559999999999995,0.13531666666666664,0.3296708333333333,41.21833333333333,0.08769166666666667,0.11469166666666668,77.07000000000001,0.0,0.0469125,0.5466666666666667,0.016354166666666666,0.12789583333333332,0.13083333333333333,0.0874875,0.0,0.4178583333333333
75,79,2000-11-25,1,1,2000-01,New York Knicks,Toronto Raptors,0,0.4311791666666666,0.06815416666666667,0.2775916666666667,0.08543333333333335,0.19858333333333336,0.047795833333333336,0.15078750000000002,0.087225,0.08059999999999999,1.1591666666666667,0.02272083333333333,0.06820833333333333,32.665,0.13879166666666667,0.3068625,45.19166666666666,0.08543333333333335,0.10381250000000002,81.84666666666665,0.0,0.031245833333333334,0.4091666666666667,0.0241125,0.116425,0.22000000000000006,0.08059999999999999,0.0,0.4598041666666666,0.48866000000000004,0.074555,0.313265,0.100845,0.22501000000000002,0.07055,0.15446,0.126195,0.07893000000000001,1.652,0.024849999999999997,0.0734,34.45700000000001,0.15662500000000001,0.347155,45.422000000000004,0.100845,0.132265,76.79799999999999,0.0,0.03462,0.44799999999999995,0.034475,0.11367999999999998,0.311,0.07893000000000001,0.0,0.55953
125,101,2000-11-25,1,1,2000-01,Sacramento Kings,Seattle SuperSonics,1,0.49617999999999995,0.07986,0.31009000000000003,0.10622500000000001,0.206555,0.057845000000000014,0.14872500000000002,0.12037,0.08378000000000001,1.511,0.026625,0.07200500000000001,36.294,0.15504,0.34023000000000003,46.361000000000004,0.10622500000000001,0.135945,77.35100000000001,0.0,0.051015,0.618,0.024949999999999996,0.10764,0.231,0.08378000000000001,0.0,0.555005,0.47665833333333335,0.08700416666666667,0.2962666666666666,0.09337499999999999,0.2161416666666666,0.06374999999999999,0.15239583333333337,0.10847083333333334,0.09928749999999999,1.1883333333333335,0.029004166666666664,0.08742499999999999,33.681666666666665,0.14813333333333334,0.31164583333333334,47.5425,0.09337499999999999,0.12500833333333333,74.19500000000001,0.0,0.0409625,0.45999999999999996,0.026629166666666662,0.11059583333333334,0.24416666666666667,0.09928749999999999,0.0,0.5160041666666667
80,91,2000-11-25,1,1,2000-01,Miami Heat,Houston Rockets,0,0.4432181818181818,0.09224090909090908,0.26105000000000006,0.08992272727272728,0.2002772727272727,0.050768181818181816,0.14951363636363635,0.09122272727272729,0.08674545454545454,1.0827272727272725,0.030740909090909093,0.07612727272727272,39.30909090909091,0.13052727272727271,0.3017772727272728,43.449090909090906,0.08992272727272728,0.1157818181818182,76.69363636363637,0.0,0.047768181818181814,0.5645454545454546,0.027240909090909093,0.12592727272727272,0.2163636363636364,0.08674545454545454,0.0,0.4804772727272727,0.4743375000000001,0.07805416666666666,0.2834625,0.11281249999999998,0.1880791666666667,0.054041666666666675,0.13404583333333334,0.0950375,0.0826875,1.1816666666666666,0.026016666666666664,0.07542916666666667,31.87833333333333,0.14173333333333335,0.29887916666666664,47.77083333333334,0.11281249999999998,0.14597083333333336,78.44333333333333,0.0,0.041687499999999995,0.5141666666666668,0.021741666666666663,0.10600416666666668,0.21666666666666667,0.0826875,0.0,0.49848333333333333
108,84,2000-11-25,1,1,2000-01,Dallas Mavericks,Denver Nuggets,1,0.46635833333333326,0.09392500000000002,0.28380416666666664,0.08863333333333333,0.203375,0.061091666666666655,0.142275,0.09604583333333332,0.07717916666666665,1.2866666666666668,0.031308333333333334,0.08549583333333334,33.803333333333335,0.14190416666666666,0.32052083333333337,44.465833333333336,0.08863333333333333,0.11464999999999999,77.16666666666667,0.0,0.033870833333333336,0.45416666666666666,0.035325,0.12587916666666665,0.2816666666666666,0.07717916666666665,0.0,0.4989833333333334,0.4908666666666666,0.08862916666666666,0.2998166666666666,0.10242083333333335,0.19880833333333336,0.06199166666666667,0.136825,0.11477916666666665,0.07499166666666668,1.6325000000000003,0.02954166666666666,0.09078750000000001,33.425,0.14990416666666667,0.32485416666666667,46.06,0.10242083333333335,0.14614166666666664,68.86583333333333,0.0,0.03744166666666667,0.5416666666666666,0.0331875,0.12657083333333335,0.2758333333333333,0.07499166666666668,0.0,0.5201749999999999
109,98,2000-11-25,1,1,2000-01,Charlotte Hornets,Cleveland Cavaliers,1,0.4530576923076924,0.055123076923076914,0.28041538461538457,0.11752692307692308,0.2105076923076923,0.05836923076923078,0.15214615384615385,0.09623846153846152,0.08251153846153844,1.1969230769230768,0.018373076923076923,0.05531923076923077,33.54615384615385,0.14020384615384612,0.31154615384615386,45.45615384615385,0.11752692307692308,0.16031923076923077,72.74461538461539,0.0,0.03891923076923077,0.4661538461538462,0.029488461538461536,0.11363846153846151,0.2630769230769231,0.08251153846153844,0.0,0.494626923076923,0.4625681818181819,0.03337727272727273,0.33654545454545454,0.0926409090909091,0.2207,0.058822727272727277,0.16188181818181813,0.10814545454545454,0.10184545454545456,1.0845454545454543,0.011122727272727272,0.03726818181818182,28.041818181818186,0.16827272727272724,0.3501090909090909,48.125454545454545,0.0926409090909091,0.13535454545454545,67.58454545454546,0.0,0.04092727272727273,0.4209090909090909,0.036786363636363645,0.13752272727272727,0.26727272727272733,0.10184545454545456,0.0,0.5165954545454545
89,95,2000-11-25,1,1,2000-01,Los Angeles Clippers,Phoenix Suns,0,0.44964583333333336,0.05988333333333332,0.2973958333333333,0.09236250000000001,0.21824583333333333,0.062,0.15624583333333333,0.091675,0.095875,1.0408333333333333,0.019970833333333333,0.07104583333333334,28.28583333333334,0.14869166666666667,0.30687083333333337,48.79916666666666,0.09236250000000001,0.141525,64.83250000000001,0.0,0.027912499999999996,0.30749999999999994,0.027320833333333336,0.12579166666666666,0.2241666666666667,0.095875,0.0,0.46051249999999994,0.4896181818181818,0.07407272727272728,0.3262590909090909,0.08928636363636364,0.2064590909090909,0.058254545454545455,0.14819545454545455,0.12375909090909089,0.08968181818181818,1.469090909090909,0.024690909090909093,0.08615909090909091,27.874545454545455,0.16312272727272725,0.3270181818181818,50.091818181818184,0.08928636363636364,0.11679090909090913,75.71909090909092,0.0,0.05625454545454545,0.6645454545454544,0.027672727272727272,0.1300590909090909,0.22272727272727275,0.08968181818181818,0.0,0.5612136363636363
96,76,2000-11-25,1,1,2000-01,San Antonio Spurs,Philadelphia 76ers,1,0.48193181818181824,0.05904545454545454,0.30456363636363637,0.11831818181818182,0.21296818181818186,0.049959090909090904,0.16300454545454549,0.09686363636363636,0.0845590909090909,1.1963636363636363,0.019690909090909092,0.046522727272727264,42.092727272727274,0.15228636363636364,0.32799090909090906,46.75636363636364,0.11831818181818182,0.15143181818181817,77.66363636363636,0.0,0.028168181818181818,0.36363636363636365,0.025909090909090913,0.09874545454545455,0.26999999999999996,0.0845590909090909,0.0,0.5256181818181819,0.4784818181818182,0.04354090909090908,0.3186363636363636,0.11630909090909092,0.21498181818181816,0.059386363636363626,0.15560909090909092,0.10438181818181819,0.0825909090909091,1.3563636363636364,0.014509090909090909,0.052550000000000006,27.54727272727273,0.15932272727272725,0.32185454545454545,49.74000000000001,0.11630909090909092,0.1560272727272727,74.91727272727272,0.0,0.04529090909090908,0.5936363636363636,0.028809090909090906,0.11626363636363637,0.2527272727272728,0.0825909090909091,0.0,0.5490499999999999
86,84,2000-11-25,1,1,2000-01,Portland Trail Blazers,New Jersey Nets,1,0.45724615384615386,0.060957692307692296,0.31771923076923075,0.07857307692307693,0.2023230769230769,0.05998461538461538,0.1423346153846154,0.11589615384615387,0.0835,1.5415384615384615,0.020315384615384617,0.055961538461538465,36.081538461538464,0.1588576923076923,0.3398692307692307,47.00692307692307,0.07857307692307693,0.10043461538461539,78.95153846153845,0.0,0.04361538461538461,0.6184615384615385,0.03224615384615385,0.12303461538461537,0.2792307692307693,0.0835,0.0,0.5293076923076923,0.46054090909090917,0.05199545454545454,0.3139863636363637,0.09456363636363636,0.2029590909090909,0.05434545454545454,0.1486090909090909,0.1116090909090909,0.07332272727272728,1.541818181818182,0.017331818181818184,0.050027272727272726,32.28727272727273,0.1569909090909091,0.3595590909090909,43.71363636363636,0.09456363636363636,0.13660454545454545,68.99363636363636,0.0,0.04896363636363636,0.66,0.02864545454545455,0.1358590909090909,0.2209090909090909,0.07332272727272728,0.0,0.502109090909091
114,93,2000-11-25,1,1,2000-01,Golden State Warriors,Minnesota Timberwolves,1,0.4758500000000001,0.05690833333333334,0.31730833333333336,0.10164166666666664,0.2459833333333333,0.07479166666666667,0.17118749999999996,0.10260000000000001,0.09433333333333331,1.3433333333333335,0.018966666666666666,0.05280416666666667,35.5375,0.15865416666666668,0.3818791666666667,41.62333333333333,0.10164166666666664,0.14833333333333334,67.77749999999999,0.0,0.04398333333333334,0.5983333333333333,0.03056666666666667,0.11744999999999998,0.2616666666666667,0.09433333333333331,0.0,0.5008958333333333,0.48947727272727276,0.0667,0.3532454545454546,0.06952727272727274,0.20411363636363636,0.06354545454545456,0.14056818181818184,0.12140909090909092,0.07463181818181817,1.6772727272727272,0.022231818181818182,0.05193636363636363,41.67272727272727,0.17662727272727274,0.3750454545454545,47.08272727272727,0.06952727272727274,0.09181818181818181,75.79363636363635,0.0,0.03778181818181818,0.5190909090909092,0.026722727272727266,0.12883636363636364,0.20909090909090908,0.07463181818181817,0.0,0.5544454545454546
107,100,2000-11-25,1,1,2000-01,Washington Wizards,Milwaukee Bucks,1,0.43877083333333333,0.04712499999999999,0.29148333333333326,0.10015416666666667,0.20634166666666667,0.047175,0.15917499999999998,0.0993875,0.09574166666666667,1.1816666666666669,0.015712500000000004,0.04037916666666667,38.53666666666667,0.14574166666666669,0.3297208333333333,44.489166666666655,0.10015416666666667,0.14202916666666668,71.17666666666666,0.0,0.032525,0.4024999999999999,0.02665833333333333,0.13316666666666668,0.20750000000000002,0.09574166666666667,0.0,0.4574208333333334,0.4645750000000001,0.08091999999999999,0.294825,0.08882999999999999,0.20893,0.063275,0.14564000000000002,0.096015,0.07665,1.371,0.026974999999999992,0.085155,31.404999999999994,0.147415,0.317665,46.318,0.08882999999999999,0.11404999999999998,78.422,0.0,0.03148,0.43999999999999995,0.02521,0.124645,0.209,0.07665,0.0,0.4959049999999999
101,89,2000-11-26,1,1,2000-01,Toronto Raptors,Chicago Bulls,1,0.48895454545454553,0.0747681818181818,0.31217272727272727,0.10201818181818183,0.22557727272727277,0.06976363636363636,0.15581818181818183,0.12563181818181815,0.0782318181818182,1.6663636363636363,0.024918181818181815,0.07326363636363636,34.61181818181819,0.15607727272727276,0.34570909090909085,45.46909090909091,0.10201818181818183,0.13359545454545455,76.69363636363636,0.0,0.0342,0.44727272727272727,0.03424090909090909,0.11238181818181815,0.31181818181818177,0.0782318181818182,0.0,0.5608227272727273,0.4112681818181818,0.06108636363636363,0.24426818181818186,0.10591363636363636,0.19740454545454542,0.05769545454545455,0.13970454545454547,0.09247727272727273,0.09055454545454546,1.1045454545454545,0.020368181818181817,0.0487181818181818,45.05909090909091,0.12213636363636363,0.3222227272727272,37.804545454545455,0.10591363636363636,0.14374090909090909,74.90545454545453,0.0,0.03433636363636364,0.4227272727272728,0.027713636363636364,0.12540454545454546,0.22090909090909092,0.09055454545454546,0.0,0.40637272727272733
79,94,2000-11-26,1,1,2000-01,Detroit Pistons,Utah Jazz,0,0.4683727272727273,0.0636090909090909,0.3180545454545454,0.08670000000000001,0.22797272727272724,0.06884999999999998,0.15913181818181818,0.10056818181818182,0.09474999999999999,1.1527272727272728,0.021209090909090907,0.06776818181818181,29.53727272727273,0.15903181818181816,0.3561272727272727,44.72363636363636,0.08670000000000001,0.11300909090909092,76.16818181818182,0.0,0.0379090909090909,0.42454545454545456,0.024254545454545452,0.13543181818181818,0.18454545454545454,0.09474999999999999,0.0,0.4943454545454546,0.49827272727272726,0.06120909090909091,0.32329545454545455,0.11377727272727273,0.19123636363636365,0.04891818181818181,0.1423090909090909,0.13085000000000002,0.07928636363636364,1.7745454545454544,0.020409090909090908,0.04731363636363636,44.07636363636364,0.16164545454545454,0.32370909090909095,50.0,0.11377727272727273,0.16815454545454547,67.0781818181818,0.0,0.033504545454545454,0.47454545454545444,0.02564090909090909,0.1438318181818182,0.18636363636363634,0.07928636363636364,0.0,0.5568772727272727
87,98,2000-11-26,1,1,2000-01,Boston Celtics,Vancouver Grizzlies,0,0.47319545454545453,0.10122272727272728,0.25510454545454536,0.11686363636363635,0.2090409090909091,0.0594,0.14963636363636365,0.09421363636363635,0.08019545454545454,1.2154545454545453,0.033736363636363634,0.08127272727272729,41.76181818181818,0.1275590909090909,0.31926363636363636,40.122727272727275,0.11686363636363635,0.15633181818181818,73.29727272727271,0.0,0.05238636363636364,0.6836363636363637,0.0257,0.12197727272727271,0.2136363636363636,0.08019545454545454,0.0,0.49563636363636365,0.4593136363636363,0.05778636363636364,0.3079772727272727,0.09355454545454546,0.21860454545454544,0.061868181818181815,0.15673636363636365,0.11377272727272728,0.07580454545454546,1.6245454545454543,0.01925909090909091,0.059677272727272725,31.775454545454544,0.15398636363636362,0.3486772727272727,44.205454545454536,0.09355454545454546,0.1320681818181818,71.1490909090909,0.0,0.04879090909090908,0.7136363636363637,0.018245454545454544,0.11643181818181816,0.1618181818181818,0.07580454545454546,0.0,0.5092954545454546
97,72,2000-11-27,1,1,2000-01,New York Knicks,Vancouver Grizzlies,1,0.4302230769230769,0.06781538461538462,0.2777769230769231,0.08463076923076923,0.19873846153846159,0.04786923076923077,0.15087307692307694,0.0869076923076923,0.07997692307692307,1.1607692307692308,0.022607692307692304,0.06844230769230769,32.33,0.1388846153846154,0.3078269230769231,45.08153846153846,0.08463076923076923,0.10294230769230771,81.79307692307692,0.0,0.0324,0.4276923076923077,0.023749999999999997,0.11660384615384614,0.21692307692307697,0.07997692307692307,0.0,0.45895384615384616,0.45775416666666663,0.05781250000000001,0.3075208333333333,0.09242500000000002,0.21736666666666662,0.061191666666666665,0.156175,0.11345833333333334,0.07646666666666667,1.6033333333333333,0.019270833333333334,0.05918333333333333,32.30083333333333,0.15375833333333333,0.3475875,44.28583333333333,0.09242500000000002,0.130125,71.37083333333332,0.0,0.04795416666666665,0.6966666666666668,0.017925,0.11652083333333331,0.15833333333333333,0.07646666666666667,0.0,0.5065416666666668
95,104,2000-11-27,1,1,2000-01,Orlando Magic,Milwaukee Bucks,0,0.4618499999999999,0.06575833333333332,0.3019875,0.09410416666666667,0.21146666666666666,0.06813333333333334,0.14333749999999998,0.09021250000000001,0.09932916666666665,1.0291666666666668,0.021912500000000005,0.07413749999999998,28.581666666666667,0.15099583333333336,0.3421,44.19499999999999,0.09410416666666667,0.13734583333333333,69.15416666666667,0.0,0.0465375,0.5066666666666667,0.0324375,0.12939166666666665,0.25583333333333336,0.09932916666666665,0.0,0.45659999999999995,0.4636500000000001,0.08293636363636363,0.2941590909090909,0.08654999999999999,0.20698181818181818,0.06320454545454546,0.14376363636363637,0.09643181818181819,0.07513636363636364,1.4045454545454545,0.027649999999999994,0.08616363636363636,31.89545454545454,0.14708181818181817,0.3173681818181818,46.269999999999996,0.08654999999999999,0.1119181818181818,77.77090909090909,0.0,0.032081818181818184,0.4581818181818181,0.024963636363636365,0.12382272727272726,0.2081818181818182,0.07513636363636364,0.0,0.49479999999999985
83,98,2000-11-27,1,1,2000-01,Los Angeles Clippers,Los Angeles Lakers,0,0.4474115384615385,0.059746153846153845,0.29682692307692304,0.0908346153846154,0.21953461538461536,0.06285384615384615,0.1566807692307692,0.09101538461538462,0.09576153846153847,1.0361538461538462,0.019926923076923078,0.07081923076923077,28.34769230769231,0.1484076923076923,0.3085538461538462,48.46923076923076,0.0908346153846154,0.13938846153846154,64.83615384615385,0.0,0.027688461538461537,0.30461538461538457,0.027430769230769234,0.1241923076923077,0.22846153846153852,0.09576153846153847,0.0,0.45773461538461535,0.4804583333333334,0.06909166666666666,0.3200916666666667,0.09128749999999998,0.20528749999999996,0.06020833333333333,0.14508333333333334,0.11336250000000002,0.08191249999999999,1.5083333333333335,0.023029166666666667,0.06705,34.92583333333334,0.16004583333333336,0.31550416666666664,51.198333333333345,0.09128749999999998,0.14199166666666665,63.42916666666667,0.0,0.03007916666666667,0.3733333333333333,0.03413333333333334,0.110925,0.3216666666666667,0.08191249999999999,0.0,0.5312333333333333
101,102,2000-11-28,1,1,2000-01,Miami Heat,Milwaukee Bucks,0,0.44039999999999996,0.09017916666666666,0.26096250000000004,0.08925416666666668,0.19957916666666664,0.051070833333333336,0.1485125,0.09117083333333335,0.08571666666666666,1.0983333333333332,0.03005416666666667,0.075825,38.56166666666667,0.1304833333333333,0.30235833333333334,43.350833333333334,0.08925416666666668,0.11509166666666666,76.66333333333334,0.0,0.0475875,0.5716666666666667,0.026795833333333335,0.1246,0.21500000000000005,0.08571666666666666,0.0,0.4763208333333333,0.4634500000000001,0.08399166666666665,0.29391666666666666,0.08553749999999999,0.20567083333333336,0.06340416666666666,0.14225000000000002,0.09647083333333334,0.07403333333333333,1.4258333333333333,0.02800416666666666,0.08685,32.163333333333334,0.14695833333333333,0.31758749999999997,46.21333333333333,0.08553749999999999,0.11118333333333331,77.185,0.0,0.03295,0.47749999999999987,0.024808333333333335,0.12417916666666666,0.20583333333333334,0.07403333333333333,0.0,0.49419166666666653
76,96,2000-11-28,1,1,2000-01,Chicago Bulls,Minnesota Timberwolves,0,0.4106416666666666,0.05943333333333333,0.24735000000000004,0.10385833333333333,0.19767083333333332,0.058562499999999997,0.13910416666666667,0.09273749999999999,0.08925833333333333,1.1341666666666665,0.019816666666666666,0.048774999999999985,43.62916666666667,0.123675,0.3253208333333333,37.90083333333333,0.10385833333333333,0.14124166666666668,74.695,0.0,0.035175,0.44333333333333336,0.02764583333333333,0.12469583333333334,0.22166666666666668,0.08925833333333333,0.0,0.406625,0.48962500000000003,0.06723333333333333,0.3515166666666667,0.07086666666666668,0.20486249999999998,0.06350833333333333,0.14135416666666667,0.12071666666666668,0.07497499999999999,1.6674999999999998,0.022412500000000002,0.05265833333333333,41.55833333333333,0.17576250000000002,0.37337499999999996,47.071666666666665,0.07086666666666668,0.09328333333333333,75.92416666666666,0.0,0.038125,0.5225000000000001,0.027045833333333328,0.12825833333333334,0.2133333333333333,0.07497499999999999,0.0,0.5551166666666667
124,107,2000-11-28,1,1,2000-01,Los Angeles Lakers,Indiana Pacers,1,0.48354615384615385,0.07156538461538461,0.3218153846153846,0.09018076923076922,0.20637307692307688,0.06053076923076923,0.14584615384615385,0.11377692307692308,0.0817653846153846,1.5246153846153847,0.023853846153846153,0.06795,35.63769230769231,0.16090769230769236,0.3170038461538462,51.19846153846155,0.09018076923076922,0.13996153846153844,63.60846153846153,0.0,0.030073076923076925,0.37846153846153846,0.033769230769230774,0.1108076923076923,0.3176923076923078,0.0817653846153846,0.0,0.5357999999999999,0.45562272727272735,0.07999545454545455,0.2881090909090909,0.08752272727272727,0.20246363636363637,0.056299999999999996,0.14617272727272726,0.10192727272727273,0.07999545454545455,1.3281818181818184,0.026663636363636358,0.08055000000000001,32.531818181818174,0.1440590909090909,0.30816818181818184,46.83727272727273,0.08752272727272727,0.11871363636363638,73.2209090909091,0.0,0.03667727272727272,0.4809090909090909,0.023854545454545458,0.12918181818181818,0.19272727272727275,0.07999545454545455,0.0,0.49137272727272735
81,88,2000-11-28,1,1,2000-01,Houston Rockets,Sacramento Kings,0,0.473523076923077,0.07767307692307691,0.2844461538461539,0.11139615384615384,0.18808076923076925,0.05392307692307693,0.13416538461538463,0.09503461538461538,0.08228846153846153,1.1923076923076923,0.02589230769230769,0.07515769230769231,31.899999999999995,0.14222307692307692,0.2996884615384615,47.813846153846164,0.11139615384615384,0.1437346153846154,78.69538461538461,0.0,0.04160384615384615,0.5161538461538462,0.02146153846153846,0.10554230769230771,0.2153846153846154,0.08228846153846153,0.0,0.49836153846153847,0.4973227272727272,0.0797590909090909,0.3120136363636364,0.10554545454545455,0.2078909090909091,0.057186363636363646,0.15071363636363638,0.12090454545454545,0.08275454545454547,1.5372727272727273,0.02659090909090909,0.07295909090909092,35.657272727272726,0.156,0.33970000000000006,46.68545454545454,0.10554545454545455,0.13597272727272727,76.93454545454546,0.0,0.05052272727272727,0.619090909090909,0.02455454545454545,0.10671818181818181,0.2290909090909091,0.08275454545454547,0.0,0.5579590909090909
75,102,2000-11-28,1,1,2000-01,Washington Wizards,Atlanta Hawks,0,0.4399730769230769,0.047392307692307685,0.2922346153846153,0.1003346153846154,0.20527692307692308,0.047053846153846154,0.15823076923076923,0.09881153846153846,0.09530000000000001,1.1753846153846155,0.015803846153846158,0.04107307692307693,38.110769230769236,0.14611538461538465,0.3293576923076923,44.63384615384614,0.1003346153846154,0.14187307692307696,71.45923076923077,0.0,0.03319615384615385,0.4099999999999999,0.026869230769230763,0.13244230769230772,0.21000000000000002,0.09530000000000001,0.0,0.45877307692307695,0.4306999999999999,0.07287692307692308,0.2704,0.08743846153846155,0.18611538461538463,0.06400384615384616,0.12210384615384615,0.08860384615384616,0.08787307692307691,1.0276923076923077,0.024284615384615384,0.06812307692307693,35.5076923076923,0.13519615384615383,0.32685769230769224,41.56307692307692,0.08743846153846155,0.11428461538461539,77.07615384615384,0.0,0.04666923076923077,0.5423076923076924,0.016973076923076924,0.12699999999999997,0.13846153846153844,0.08787307692307691,0.0,0.4188384615384615
72,87,2000-11-28,1,1,2000-01,Cleveland Cavaliers,Boston Celtics,0,0.4621458333333333,0.03497083333333333,0.336,0.09117083333333333,0.22053750000000003,0.058554166666666664,0.16198333333333328,0.1086125,0.10111666666666667,1.0983333333333332,0.011654166666666667,0.037704166666666664,29.00916666666667,0.16799999999999995,0.3489541666666667,48.189166666666665,0.09117083333333333,0.13292916666666665,67.7475,0.0,0.041216666666666665,0.4275,0.03637916666666667,0.136375,0.26833333333333337,0.10111666666666667,0.0,0.5190125,0.47459583333333333,0.1015375,0.2565541666666666,0.11649999999999999,0.210475,0.059658333333333334,0.15081250000000002,0.09402083333333333,0.0803875,1.2125,0.033841666666666666,0.08231250000000001,41.43083333333333,0.12828333333333333,0.3182833333333333,40.46333333333333,0.11649999999999999,0.1564791666666667,73.08166666666666,0.0,0.051562500000000004,0.6733333333333333,0.025120833333333332,0.12207083333333331,0.2083333333333333,0.0803875,0.0,0.49693750000000003
93,105,2000-11-28,1,1,2000-01,Portland Trail Blazers,Seattle SuperSonics,0,0.4591857142857143,0.06115714285714285,0.31806071428571425,0.07996785714285715,0.20287142857142856,0.059449999999999996,0.14341785714285712,0.11520714285714287,0.08365,1.5257142857142856,0.020382142857142856,0.05580357142857143,36.41142857142857,0.15902857142857144,0.3382714285714285,47.29285714285714,0.07996785714285715,0.10254642857142857,78.75857142857141,0.0,0.043492857142857146,0.6085714285714287,0.03235357142857143,0.12188214285714284,0.2814285714285715,0.08365,0.0,0.5322142857142856,0.4764846153846154,0.08665769230769232,0.29607307692307694,0.09373846153846153,0.21624615384615378,0.06408461538461538,0.15216538461538465,0.10733846153846154,0.09814230769230768,1.193846153846154,0.028888461538461536,0.08714230769230769,33.62,0.14803846153846154,0.31296153846153846,47.339999999999996,0.09373846153846153,0.12548846153846155,74.2946153846154,0.0,0.04131923076923077,0.4746153846153846,0.026696153846153845,0.11069615384615385,0.24461538461538462,0.09814230769230768,0.0,0.5150115384615385
107,93,2000-11-28,1,1,2000-01,Dallas Mavericks,Toronto Raptors,1,0.46596538461538456,0.09304615384615386,0.28476153846153845,0.08816153846153846,0.2032615384615385,0.06023846153846153,0.1430153846153846,0.0957730769230769,0.0769653846153846,1.2884615384615385,0.03101538461538462,0.08464230769230771,33.823076923076925,0.14238076923076923,0.3205769230769231,44.61769230769231,0.08816153846153846,0.11405384615384614,77.20153846153848,0.0,0.033911538461538465,0.45692307692307693,0.035253846153846156,0.12489615384615384,0.283076923076923,0.0769653846153846,0.0,0.4994923076923078,0.48795000000000005,0.07478749999999999,0.31095,0.10221666666666668,0.22578750000000003,0.06910833333333333,0.1566875,0.12490416666666665,0.07749583333333335,1.678333333333333,0.024925,0.07315,34.666666666666664,0.15546666666666667,0.3445041666666666,45.458333333333336,0.10221666666666668,0.13407916666666667,76.36416666666666,0.0,0.034216666666666666,0.45249999999999996,0.03352083333333333,0.11056666666666665,0.30916666666666665,0.07749583333333335,0.0,0.5597625
92,98,2000-11-28,1,1,2000-01,New Jersey Nets,Utah Jazz,0,0.4611208333333334,0.05375416666666666,0.3133416666666667,0.09402500000000001,0.20208749999999998,0.05471249999999999,0.14737083333333334,0.11095416666666665,0.073775,1.5291666666666668,0.017920833333333334,0.0507,33.045,0.15666666666666668,0.35803333333333326,43.785,0.09402500000000001,0.13574166666666665,68.99166666666666,0.0,0.048633333333333334,0.6533333333333334,0.02891666666666667,0.13437916666666666,0.22749999999999995,0.073775,0.0,0.5020916666666667,0.4969083333333333,0.06110833333333334,0.3230208333333333,0.1127875,0.19305833333333333,0.04926666666666666,0.14378333333333332,0.13077916666666667,0.07965833333333333,1.7658333333333331,0.020375,0.04800416666666666,43.435833333333335,0.1615083333333333,0.3235041666666667,49.99666666666667,0.1127875,0.16617500000000002,67.34166666666665,0.0,0.03373333333333333,0.4733333333333332,0.026679166666666667,0.14278333333333335,0.1958333333333333,0.07965833333333333,0.0,0.5584916666666667
93,87,2000-11-29,1,1,2000-01,Philadelphia 76ers,Washington Wizards,1,0.47694166666666665,0.04334999999999999,0.3177083333333333,0.11588750000000002,0.2150875,0.05933333333333332,0.15576666666666666,0.10375833333333334,0.08242500000000001,1.3499999999999999,0.014445833333333333,0.052079166666666676,27.50916666666667,0.15885833333333332,0.3232625,49.38416666666668,0.11588750000000002,0.15599166666666664,74.70583333333333,0.0,0.044954166666666656,0.59,0.028333333333333332,0.11579166666666668,0.25000000000000006,0.08242500000000001,0.0,0.5444958333333333,0.4419392857142857,0.0474892857142857,0.29332499999999995,0.10111428571428573,0.20472142857142858,0.04726428571428572,0.1574642857142857,0.09849642857142858,0.0947,1.1735714285714285,0.01583571428571429,0.04171071428571429,37.63214285714286,0.1466607142857143,0.32949285714285714,44.76499999999999,0.10111428571428573,0.1420964285714286,71.90214285714286,0.0,0.03359285714285714,0.41571428571428565,0.027135714285714284,0.13186785714285718,0.21285714285714288,0.0947,0.0,0.4614964285714286
86,88,2000-11-29,1,1,2000-01,Orlando Magic,Utah Jazz,0,0.4628153846153846,0.06603846153846153,0.30346923076923077,0.09330769230769231,0.2115,0.06861538461538462,0.14288846153846152,0.09192692307692309,0.09909230769230767,1.0461538461538462,0.02200384615384616,0.07367307692307691,29.016923076923078,0.1517346153846154,0.3433807692307692,44.23153846153845,0.09330769230769231,0.1357730769230769,69.44153846153846,0.0,0.04646538461538462,0.5053846153846154,0.03220384615384615,0.12972692307692307,0.2530769230769231,0.09909230769230767,0.0,0.4600346153846153,0.49579999999999996,0.06174615384615385,0.3229807692307692,0.11108076923076923,0.19479230769230768,0.04936923076923076,0.1454153846153846,0.13105769230769232,0.07983076923076923,1.7646153846153845,0.020584615384615385,0.04888076923076923,43.12923076923077,0.16148846153846153,0.3233807692307693,50.01615384615385,0.11108076923076923,0.1635846153846154,67.3876923076923,0.0,0.03431153846153846,0.47769230769230764,0.027415384615384616,0.14146153846153847,0.20307692307692304,0.07983076923076923,0.0,0.5608692307692308
103,79,2000-11-29,1,1,2000-01,Charlotte Hornets,Toronto Raptors,1,0.4528821428571429,0.05640714285714284,0.2812785714285714,0.11520357142857143,0.21212142857142857,0.059200000000000016,0.15292857142857144,0.09713214285714285,0.08242142857142855,1.2085714285714284,0.018803571428571426,0.056146428571428576,33.67928571428571,0.14063571428571425,0.3131321428571429,45.368571428571435,0.11520357142857143,0.15748214285714288,72.48714285714286,0.0,0.03855000000000001,0.4635714285714286,0.02938928571428571,0.11333571428571425,0.2635714285714286,0.08242142857142855,0.0,0.49554642857142855,0.4869076923076924,0.07480384615384614,0.30953076923076916,0.1025769230769231,0.22582307692307693,0.06883846153846153,0.15698846153846152,0.12409615384615383,0.07658076923076924,1.692307692307692,0.024930769230769232,0.07300384615384616,34.73769230769231,0.1547576923076923,0.3435807692307692,45.37461538461538,0.1025769230769231,0.1349653846153846,75.98307692307691,0.0,0.03418076923076923,0.4584615384615385,0.03281923076923077,0.10913076923076923,0.30538461538461537,0.07658076923076924,0.0,0.5579538461538461
106,83,2000-11-29,1,1,2000-01,Los Angeles Clippers,Golden State Warriors,1,0.44433928571428577,0.05882857142857143,0.2958928571428571,0.08961428571428573,0.2218892857142857,0.0639892857142857,0.15789999999999998,0.09031785714285714,0.09602142857142858,1.0285714285714287,0.019617857142857142,0.07062500000000001,28.065714285714286,0.14794285714285715,0.3104428571428572,48.04071428571428,0.08961428571428573,0.1376464285714286,64.85214285714287,0.0,0.027274999999999997,0.29928571428571427,0.027478571428571432,0.12282142857142857,0.23142857142857148,0.09602142857142858,0.0,0.4537464285714286,0.4725153846153847,0.05613846153846155,0.31607307692307696,0.1003153846153846,0.2444153846153846,0.07456923076923078,0.1698461538461538,0.10240000000000002,0.09351923076923074,1.34,0.018707692307692307,0.052780769230769235,35.02769230769231,0.15803461538461538,0.38096538461538465,41.566153846153846,0.1003153846153846,0.14596153846153845,67.99846153846153,0.0,0.043965384615384615,0.5984615384615384,0.030330769230769234,0.11639615384615383,0.26307692307692315,0.09351923076923074,0.0,0.49746153846153846
97,76,2000-11-29,1,1,2000-01,Detroit Pistons,New Jersey Nets,1,0.4704333333333333,0.06455833333333333,0.31811249999999996,0.08775833333333334,0.22777499999999998,0.06868749999999998,0.1591,0.1015625,0.09414583333333332,1.1691666666666667,0.021525,0.0681625,30.005,0.15906249999999997,0.3543166666666666,44.97749999999999,0.08775833333333334,0.115,75.89083333333333,0.0,0.03844999999999999,0.43333333333333335,0.024474999999999997,0.13440416666666669,0.18833333333333332,0.09414583333333332,0.0,0.4994,0.4611307692307693,0.05438076923076922,0.31270000000000003,0.09405384615384617,0.20130384615384614,0.05507307692307691,0.1462269230769231,0.1098230769230769,0.07454230769230769,1.5053846153846153,0.01812692307692308,0.05088461538461539,33.456153846153846,0.15634615384615386,0.35621538461538454,43.90384615384615,0.09405384615384617,0.13529999999999998,69.26153846153846,0.0,0.0485,0.6476923076923077,0.02904615384615385,0.13308076923076922,0.23153846153846153,0.07454230769230769,0.0,0.5014000000000001
82,79,2000-11-29,1,1,2000-01,San Antonio Spurs,Sacramento Kings,1,0.4804166666666667,0.05896666666666667,0.30480833333333335,0.11663333333333335,0.21339583333333337,0.05053749999999999,0.16285833333333335,0.0978,0.08318749999999998,1.2391666666666667,0.01966666666666667,0.04712499999999999,41.80166666666667,0.15240833333333334,0.3293041666666667,46.59583333333334,0.11663333333333335,0.15016666666666664,77.08833333333332,0.0,0.02920416666666667,0.3875,0.026300000000000004,0.09817500000000001,0.2758333333333333,0.08318749999999998,0.0,0.5260333333333334,0.5000458333333333,0.08045416666666666,0.3145541666666667,0.10503333333333333,0.20931666666666668,0.056795833333333344,0.1525291666666667,0.1222875,0.08200416666666667,1.57,0.026824999999999998,0.07422083333333335,35.36416666666667,0.15727083333333333,0.3392583333333334,47.07416666666666,0.10503333333333333,0.13589166666666666,76.685,0.0,0.050583333333333334,0.6258333333333334,0.024487499999999995,0.1062625,0.22999999999999998,0.08200416666666667,0.0,0.5644833333333333
109,106,2000-11-29,1,1,2000-01,Vancouver Grizzlies,Phoenix Suns,1,0.4562923076923076,0.057834615384615394,0.3071346153846154,0.09132307692307694,0.21636923076923076,0.06076153846153846,0.15560384615384615,0.1133846153846154,0.07707692307692307,1.5869230769230769,0.019280769230769233,0.058623076923076924,32.8276923076923,0.15356538461538463,0.34705,44.29923076923077,0.09132307692307694,0.12833846153846154,71.5353846153846,0.0,0.04729615384615383,0.6830769230769231,0.017603846153846154,0.11678846153846151,0.1553846153846154,0.07707692307692307,0.0,0.5040192307692308,0.4864208333333333,0.07149166666666666,0.3265708333333333,0.08835416666666666,0.2082625,0.05865833333333333,0.14959583333333334,0.12344583333333332,0.08991666666666666,1.4641666666666666,0.023833333333333335,0.08434583333333333,27.416666666666668,0.16327916666666667,0.32835833333333336,49.9475,0.08835416666666666,0.1166916666666667,74.94083333333334,0.0,0.055837500000000005,0.6591666666666666,0.028075,0.12849166666666667,0.23,0.08991666666666666,0.0,0.5581958333333333
81,84,2000-11-29,1,1,2000-01,New York Knicks,Miami Heat,0,0.4281535714285714,0.06698928571428572,0.2776678571428572,0.08349642857142858,0.19865000000000002,0.047664285714285715,0.15098928571428574,0.08627857142857143,0.07953214285714284,1.1564285714285716,0.022332142857142852,0.06851071428571429,31.871428571428574,0.13882857142857147,0.30833928571428576,44.99214285714286,0.08349642857142858,0.10161785714285716,81.715,0.0,0.03347857142857143,0.44428571428571434,0.02334642857142857,0.11675714285714285,0.2135714285714286,0.07953214285714284,0.0,0.4565714285714286,0.4376769230769231,0.08828846153846152,0.2602153846153846,0.08916538461538462,0.19884230769230765,0.051419230769230766,0.14742692307692307,0.0907923076923077,0.08474615384615383,1.1076923076923075,0.029426923076923076,0.07547307692307693,37.90461538461538,0.13010769230769229,0.3029923076923077,43.112307692307695,0.08916538461538462,0.1148923076923077,76.74615384615386,0.0,0.047534615384615383,0.58,0.026226923076923075,0.12362307692307692,0.21153846153846156,0.08474615384615383,0.0,0.47165
100,107,2000-11-29,1,1,2000-01,Minnesota Timberwolves,Denver Nuggets,0,0.48907692307692313,0.06768461538461537,0.34909230769230776,0.07229230769230771,0.20521153846153845,0.06343076923076924,0.14178076923076924,0.11989230769230771,0.0754076923076923,1.652307692307692,0.022565384615384616,0.053799999999999994,41.167692307692306,0.17455,0.3711923076923076,47.026153846153846,0.07229230769230771,0.09461538461538462,76.22384615384614,0.0,0.038507692307692305,0.5261538461538463,0.026934615384615383,0.12824615384615384,0.21384615384615382,0.0754076923076923,0.0,0.554,0.4886846153846154,0.08902307692307693,0.29867692307692306,0.1009846153846154,0.19976538461538465,0.061884615384615385,0.1378846153846154,0.11494230769230768,0.07494615384615386,1.6361538461538463,0.029673076923076917,0.09000384615384616,33.83769230769231,0.1493346153846154,0.32405,46.0,0.1009846153846154,0.14461153846153846,68.69307692307692,0.0,0.036484615384615386,0.53,0.03323076923076924,0.1256346153846154,0.2784615384615384,0.07494615384615386,0.0,0.5194884615384615
95,84,2000-11-30,1,1,2000-01,Portland Trail Blazers,Dallas Mavericks,1,0.45982333333333336,0.06120666666666665,0.31752333333333327,0.08109666666666666,0.2032633333333333,0.059359999999999996,0.14389666666666664,0.11423333333333335,0.08411333333333333,1.5026666666666666,0.020396666666666667,0.05595666666666667,36.36133333333333,0.15875999999999998,0.33647,47.474,0.08109666666666666,0.10412666666666666,78.66133333333332,0.0,0.04334333333333333,0.5986666666666668,0.03228,0.12104999999999998,0.2813333333333334,0.08411333333333333,0.0,0.5325266666666667,0.4669249999999999,0.09350000000000001,0.285225,0.08820357142857141,0.20302857142857147,0.05937142857142857,0.14365,0.09589642857142855,0.07660357142857142,1.3057142857142858,0.03116428571428572,0.08417500000000001,34.22,0.14261071428571429,0.3201357142857143,44.76,0.08820357142857141,0.11412142857142857,77.24071428571429,0.0,0.033989285714285715,0.4621428571428572,0.03483571428571429,0.12387499999999999,0.2821428571428571,0.07660357142857142,0.0,0.5016285714285715
105,109,2000-11-30,1,1,2000-01,Denver Nuggets,Houston Rockets,0,0.4865,0.088825,0.29814642857142853,0.09952857142857144,0.20094285714285717,0.06179285714285714,0.13915000000000002,0.11503571428571427,0.07455,1.6442857142857146,0.029607142857142853,0.08924642857142857,33.99071428571428,0.14906785714285717,0.32367142857142855,45.979285714285716,0.09952857142857144,0.14334642857142854,68.35357142857143,0.0,0.03575357142857143,0.5221428571428571,0.03326785714285715,0.12456071428571432,0.2807142857142857,0.07455,0.0,0.5189,0.47309285714285726,0.07748214285714285,0.28528928571428575,0.1103142857142857,0.18839642857142858,0.05377857142857144,0.13462500000000002,0.09463214285714285,0.08167857142857142,1.2,0.025828571428571426,0.074925,31.987142857142853,0.14264285714285713,0.3002892857142857,47.867142857142866,0.1103142857142857,0.14177142857142858,79.05714285714285,0.0,0.04157857142857142,0.5200000000000001,0.02126785714285714,0.10536785714285715,0.21428571428571433,0.08167857142857142,0.0,0.4991035714285714
82,91,2000-11-30,1,1,2000-01,Atlanta Hawks,Chicago Bulls,0,0.43114285714285705,0.07316428571428571,0.2702821428571428,0.0877107142857143,0.18523214285714287,0.06286785714285716,0.12235357142857141,0.08807857142857144,0.08816071428571429,1.0185714285714287,0.024378571428571427,0.06861428571428571,35.37,0.1351392857142857,0.32413571428571425,41.91142857142857,0.0877107142857143,0.11465,77.08142857142857,0.0,0.04650714285714286,0.5392857142857144,0.017410714285714286,0.12694642857142854,0.14214285714285713,0.08816071428571429,0.0,0.42003571428571423,0.40982307692307696,0.05789230769230769,0.25063076923076927,0.1013,0.19698461538461537,0.05881923076923076,0.13816538461538463,0.09257307692307691,0.08787307692307691,1.1584615384615384,0.0193,0.048965384615384605,42.204615384615394,0.1253153846153846,0.328226923076923,38.045384615384606,0.1013,0.13792307692307693,74.5653846153846,0.0,0.03583461538461538,0.46153846153846156,0.027488461538461538,0.12452692307692309,0.22076923076923077,0.08787307692307691,0.0,0.40563461538461537
121,88,2000-11-30,1,1,2000-01,Seattle SuperSonics,Los Angeles Lakers,1,0.47677857142857144,0.0859607142857143,0.29635357142857144,0.09445357142857143,0.21682857142857137,0.06468571428571428,0.1521464285714286,0.10618928571428572,0.09662499999999999,1.2,0.028653571428571428,0.08681071428571428,33.39785714285714,0.14817857142857144,0.31502857142857144,47.09714285714285,0.09445357142857143,0.12603214285714287,74.54857142857144,0.0,0.041671428571428575,0.48857142857142855,0.026485714285714283,0.11068928571428571,0.24285714285714288,0.09662499999999999,0.0,0.5147428571428572,0.48695357142857143,0.07381785714285714,0.32329285714285716,0.08985357142857141,0.20792499999999994,0.06093928571428571,0.14699285714285715,0.11413214285714286,0.08137142857142855,1.5435714285714286,0.024607142857142855,0.06881071428571428,36.265,0.1616464285714286,0.3185107142857143,51.164285714285725,0.08985357142857141,0.13880357142857142,64.10714285714286,0.0,0.02997857142857143,0.3828571428571429,0.03363571428571429,0.11079285714285714,0.3157142857142858,0.08137142857142855,0.0,0.5412357142857143
99,95,2000-11-30,1,1,2000-01,Golden State Warriors,Indiana Pacers,1,0.47032857142857154,0.05547857142857144,0.31528214285714284,0.09957857142857142,0.24293928571428566,0.07433214285714286,0.16860714285714282,0.10254285714285716,0.09197499999999999,1.352857142857143,0.018485714285714282,0.05253928571428572,34.67642857142858,0.1576392857142857,0.3801821428571429,41.55714285714286,0.09957857142857142,0.14477857142857142,68.11999999999999,0.0,0.044082142857142854,0.6042857142857142,0.030217857142857147,0.11526785714285713,0.26571428571428574,0.09197499999999999,0.0,0.49635,0.45582916666666673,0.07957916666666666,0.28930833333333333,0.08694583333333333,0.203875,0.05655833333333333,0.14732499999999998,0.10270416666666667,0.08015416666666667,1.3333333333333333,0.026524999999999996,0.0800875,32.55916666666666,0.14465833333333333,0.30962083333333335,46.821666666666665,0.08694583333333333,0.11814583333333335,73.26583333333333,0.0,0.03721249999999999,0.48666666666666664,0.024316666666666667,0.12836666666666666,0.1975,0.08015416666666667,0.0,0.4940708333333334
108,97,2000-11-30,1,1,2000-01,Milwaukee Bucks,Boston Celtics,1,0.4636153846153847,0.08531923076923076,0.29323076923076924,0.0850653846153846,0.20461153846153848,0.06314230769230769,0.14145384615384615,0.09655,0.07348461538461538,1.4323076923076923,0.02844615384615384,0.08718846153846155,32.58076923076923,0.14661538461538462,0.3173423076923077,46.15692307692307,0.0850653846153846,0.11118846153846153,76.60307692307693,0.0,0.033923076923076924,0.49307692307692297,0.02491923076923077,0.12481923076923077,0.20538461538461542,0.07348461538461538,0.0,0.49454230769230756,0.47510769230769234,0.10093846153846155,0.2581653846153845,0.116,0.21149615384615383,0.05987692307692308,0.15161538461538462,0.09380769230769231,0.08078846153846155,1.2053846153846153,0.033642307692307694,0.08275769230769232,40.89307692307692,0.1290884615384615,0.31788461538461543,40.75153846153846,0.116,0.15651153846153848,72.83153846153846,0.0,0.05101153846153846,0.6638461538461539,0.02487307692307692,0.12224999999999998,0.20538461538461533,0.08078846153846155,0.0,0.49707692307692314
98,102,2000-12-01,1,1,2000-01,Boston Celtics,Minnesota Timberwolves,0,0.475725,0.10096071428571429,0.25927857142857136,0.11548214285714285,0.21214642857142857,0.060021428571428566,0.152125,0.09380357142857143,0.08104642857142859,1.2035714285714285,0.03365,0.08331785714285715,40.55214285714285,0.12964642857142855,0.3171,41.01571428571429,0.11548214285714285,0.156225,72.71214285714285,0.0,0.05053928571428572,0.6564285714285715,0.024524999999999998,0.12159642857142856,0.20357142857142854,0.08104642857142859,0.0,0.49782142857142864,0.4892321428571429,0.06820714285714284,0.34755,0.07346785714285715,0.20613214285714285,0.06358571428571429,0.14254642857142857,0.11940714285714286,0.07609285714285714,1.6328571428571426,0.022739285714285715,0.05464285714285714,40.98142857142857,0.17377857142857142,0.36936428571428565,47.055,0.07346785714285715,0.09553571428571428,76.55499999999998,0.0,0.03888214285714285,0.5271428571428572,0.026753571428571425,0.12779285714285712,0.21428571428571427,0.07609285714285714,0.0,0.5547428571428571
83,80,2000-12-01,1,1,2000-01,Orlando Magic,New Jersey Nets,1,0.4638642857142857,0.06707857142857142,0.30313214285714285,0.09365000000000001,0.2116142857142857,0.06880357142857144,0.14281785714285714,0.09303928571428573,0.0991142857142857,1.05,0.022353571428571434,0.0735892857142857,29.58857142857143,0.15156785714285717,0.34349642857142854,44.14214285714285,0.09365000000000001,0.13571785714285714,69.70285714285714,0.0,0.04649642857142857,0.5035714285714287,0.03200357142857142,0.12974642857142857,0.2507142857142858,0.0991142857142857,0.0,0.46266785714285713,0.4596214285714287,0.05491785714285713,0.31036428571428576,0.09434285714285716,0.20071785714285711,0.05528928571428571,0.145425,0.10894285714285712,0.074975,1.4914285714285713,0.01830357142857143,0.05122142857142858,33.70642857142857,0.15517857142857144,0.3540749999999999,43.847857142857144,0.09434285714285716,0.13505714285714282,69.63571428571429,0.0,0.04807142857142858,0.6414285714285715,0.029428571428571432,0.13165357142857143,0.23785714285714282,0.074975,0.0,0.4992928571428572
86,91,2000-12-01,1,1,2000-01,Chicago Bulls,New York Knicks,0,0.4091642857142857,0.056299999999999996,0.25388928571428576,0.09897500000000001,0.19662142857142856,0.059260714285714285,0.1373607142857143,0.092525,0.08681785714285714,1.1785714285714286,0.018771428571428574,0.04903928571428571,40.79785714285715,0.12694285714285716,0.3309428571428571,38.20714285714285,0.09897500000000001,0.13494642857142858,74.42071428571428,0.0,0.036132142857142856,0.4735714285714286,0.02731071428571429,0.12429285714285716,0.22,0.08681785714285714,0.0,0.40469642857142857,0.4270266666666666,0.06739666666666667,0.27682333333333337,0.08280333333333334,0.19903333333333337,0.047613333333333334,0.15142333333333335,0.08619333333333333,0.07935666666666666,1.1553333333333335,0.022469999999999993,0.06894333333333333,31.876,0.13840666666666668,0.3084100000000001,44.84733333333334,0.08280333333333334,0.10063666666666668,81.79466666666667,0.0,0.03433,0.45600000000000007,0.023123333333333333,0.11697333333333333,0.2113333333333334,0.07935666666666666,0.0,0.45605
76,86,2000-12-01,1,1,2000-01,Vancouver Grizzlies,Indiana Pacers,0,0.4547714285714285,0.05772142857142858,0.306625,0.09042500000000002,0.21573571428571428,0.060528571428571425,0.1552035714285714,0.11345714285714288,0.07728571428571429,1.5785714285714285,0.019242857142857145,0.05822857142857143,33.10071428571428,0.15331071428571427,0.3470821428571429,44.22071428571429,0.09042500000000002,0.12698571428571429,71.55642857142855,0.0,0.04668571428571427,0.6714285714285715,0.017417857142857145,0.11666071428571426,0.15357142857142855,0.07728571428571429,0.0,0.5014535714285715,0.4570153846153847,0.08009230769230768,0.29032307692307696,0.08660384615384616,0.20526153846153847,0.05691923076923077,0.14834615384615385,0.10326538461538462,0.08048076923076922,1.333846153846154,0.026696153846153845,0.0801269230769231,32.849999999999994,0.1451653846153846,0.31090000000000007,46.8023076923077,0.08660384615384616,0.11780769230769234,73.32384615384616,0.0,0.03713846153846153,0.48307692307692307,0.024800000000000003,0.12762692307692308,0.2030769230769231,0.08048076923076922,0.0,0.4966423076923077
105,98,2000-12-01,1,1,2000-01,Sacramento Kings,Phoenix Suns,1,0.5027807692307692,0.08161923076923075,0.3168961538461538,0.10426153846153846,0.2101846153846154,0.056419230769230784,0.1537769230769231,0.12326538461538461,0.08161153846153847,1.5869230769230769,0.02721538461538461,0.0752423076923077,35.38384615384616,0.15844230769230766,0.3389769230769231,47.41923076923077,0.10426153846153846,0.13534230769230768,76.51307692307692,0.0,0.050876923076923077,0.6330769230769231,0.024480769230769226,0.10616538461538462,0.22999999999999998,0.08161153846153847,0.0,0.5703384615384615,0.4834730769230769,0.06974230769230769,0.3257769230769231,0.08794999999999999,0.20964615384615382,0.058857692307692305,0.15078076923076925,0.12298846153846153,0.09001923076923077,1.46,0.02325,0.08276153846153846,27.281538461538464,0.16288076923076922,0.32968461538461535,49.652307692307694,0.08794999999999999,0.11694615384615387,74.40384615384616,0.0,0.05562692307692308,0.6576923076923076,0.028369230769230765,0.12721538461538462,0.2353846153846154,0.09001923076923077,0.0,0.5547769230769231
109,100,2000-12-01,1,1,2000-01,Los Angeles Lakers,San Antonio Spurs,1,0.49069666666666667,0.07677,0.32449,0.08944666666666665,0.20952333333333328,0.06141666666666666,0.14811,0.11489666666666666,0.08077999999999999,1.5733333333333333,0.025593333333333333,0.07014,36.824,0.16224333333333338,0.3199033333333334,51.113333333333344,0.08944666666666665,0.13759,64.554,0.0,0.03014666666666667,0.3926666666666667,0.03368666666666667,0.11061333333333333,0.31533333333333335,0.08077999999999999,0.0,0.54782,0.4793769230769231,0.05947692307692308,0.304823076923077,0.11506538461538462,0.21385769230769233,0.05083461538461538,0.16302307692307696,0.09878461538461539,0.08198076923076923,1.28,0.01983846153846154,0.047776923076923064,41.77384615384616,0.15241538461538462,0.3304153846153846,46.43153846153847,0.11506538461538462,0.14914615384615384,76.45461538461538,0.0,0.03022692307692308,0.4115384615384616,0.02673076923076923,0.09797692307692309,0.2815384615384615,0.08198076923076923,0.0,0.5269615384615385
103,93,2000-12-01,1,1,2000-01,Detroit Pistons,Cleveland Cavaliers,1,0.47078461538461536,0.06449615384615384,0.31806538461538464,0.08821923076923079,0.22722307692307692,0.06859615384615383,0.1586384615384615,0.10197307692307692,0.0938730769230769,1.1746153846153846,0.02150384615384615,0.0684,30.057692307692307,0.15903846153846152,0.35259230769230765,45.20615384615384,0.08821923076923079,0.1164923076923077,75.36769230769231,0.0,0.039049999999999994,0.4407692307692308,0.02475384615384615,0.13358461538461538,0.19153846153846152,0.0938730769230769,0.0,0.5011769230769231,0.46226923076923077,0.03689615384615384,0.3346730769230769,0.09069615384615384,0.22030384615384616,0.05828076923076923,0.16202307692307688,0.1090076923076923,0.10055,1.1084615384615384,0.012296153846153846,0.038026923076923076,30.26615384615385,0.16733846153846152,0.34740000000000004,48.19846153846153,0.09069615384615384,0.13159615384615383,68.12461538461538,0.0,0.041219230769230765,0.42923076923076925,0.03579230769230769,0.13578846153846152,0.26615384615384624,0.10055,0.0,0.5213500000000001
104,95,2000-12-01,1,1,2000-01,Toronto Raptors,Los Angeles Clippers,1,0.4850285714285715,0.0740142857142857,0.30795714285714276,0.10306428571428572,0.22594285714285717,0.06865357142857142,0.15729285714285712,0.12295357142857143,0.07584285714285714,1.6978571428571425,0.02466785714285714,0.07287857142857143,34.386428571428574,0.15397142857142856,0.34261071428571427,45.277857142857144,0.10306428571428572,0.13586071428571428,75.71642857142855,0.0,0.03383928571428571,0.45928571428571424,0.03208214285714286,0.10807857142857143,0.3,0.07584285714285714,0.0,0.55435,0.4418433333333334,0.05790666666666667,0.2956666666666667,0.08826666666666667,0.22346999999999997,0.06501666666666667,0.15845666666666666,0.08942333333333334,0.09591333333333334,1.024,0.01931,0.06995666666666667,27.780000000000005,0.14783000000000002,0.3127866666666667,47.66666666666666,0.08826666666666667,0.13580333333333336,64.82666666666667,0.0,0.026956666666666667,0.2973333333333333,0.027480000000000004,0.12171666666666667,0.2333333333333334,0.09591333333333334,0.0,0.4501233333333333
92,94,2000-12-01,1,1,2000-01,Miami Heat,Utah Jazz,0,0.43619285714285716,0.08747499999999998,0.259575,0.08913571428571429,0.19834642857142853,0.05189642857142857,0.14645,0.09060000000000001,0.08355714285714286,1.1235714285714284,0.029153571428571428,0.07561785714285715,37.43214285714286,0.12978571428571425,0.3032714285714286,42.94785714285714,0.08913571428571429,0.11454285714285715,76.95642857142857,0.0,0.04735357142857143,0.5885714285714286,0.02587142857142857,0.12265000000000001,0.21071428571428577,0.08355714285714286,0.0,0.46943214285714285,0.4956535714285714,0.06175714285714286,0.32428571428571423,0.10961785714285714,0.19659285714285715,0.04945714285714285,0.14712857142857144,0.13169642857142858,0.08015714285714286,1.765,0.020585714285714287,0.04909642857142856,42.81,0.16213928571428568,0.32421071428571435,50.09428571428572,0.10961785714285714,0.16127500000000003,67.49928571428572,0.0,0.03485357142857143,0.4807142857142856,0.027957142857142854,0.14006428571428572,0.20928571428571427,0.08015714285714286,0.0,0.5643785714285714
95,74,2000-12-01,1,1,2000-01,Philadelphia 76ers,Charlotte Hornets,1,0.47433846153846154,0.04261153846153846,0.31653846153846155,0.11519615384615386,0.21580384615384615,0.059530769230769214,0.15628461538461538,0.10265384615384615,0.08243076923076924,1.3376923076923077,0.0142,0.051534615384615394,27.20230769230769,0.15827307692307693,0.32469615384615386,48.99076923076924,0.11519615384615386,0.15576923076923072,74.40615384615384,0.0,0.04438076923076922,0.583076923076923,0.02812307692307692,0.1154423076923077,0.25000000000000006,0.08243076923076924,0.0,0.538526923076923,0.45448333333333335,0.05739666666666666,0.2830266666666666,0.11406333333333335,0.21323,0.05988000000000002,0.15336,0.09844999999999998,0.08217666666666665,1.2326666666666666,0.019133333333333332,0.056863333333333335,33.726,0.14150999999999997,0.3146300000000001,45.42933333333334,0.11406333333333335,0.1559,72.42266666666666,0.0,0.03827333333333334,0.464,0.029346666666666667,0.11302999999999996,0.2646666666666667,0.08217666666666665,0.0,0.49892666666666663
85,96,2000-12-02,1,1,2000-01,Houston Rockets,Portland Trail Blazers,0,0.4724266666666667,0.07781666666666666,0.28502000000000005,0.10958666666666665,0.18958666666666665,0.05398666666666667,0.13561000000000004,0.09411666666666665,0.08148333333333334,1.2006666666666668,0.02594,0.07484666666666667,32.26866666666666,0.14250666666666667,0.30056333333333335,47.79200000000001,0.10958666666666665,0.14032,79.36466666666666,0.0,0.041306666666666665,0.5186666666666667,0.021266666666666663,0.10488333333333336,0.21600000000000003,0.08148333333333334,0.0,0.4995366666666667,0.46236333333333335,0.06195666666666667,0.3172733333333333,0.08313666666666666,0.20634666666666668,0.059026666666666665,0.14731333333333332,0.11477333333333334,0.08628000000000001,1.466,0.020646666666666667,0.056663333333333336,36.35199999999999,0.15863333333333332,0.3322633333333333,47.995999999999995,0.08313666666666666,0.10750000000000001,77.98733333333334,0.0,0.041593333333333336,0.5446666666666666,0.034030000000000005,0.11892333333333333,0.29800000000000004,0.08628000000000001,0.0,0.53882
